{
"type": "FeatureCollection",
"name": "11200_성동구",
"crs": { "type": "name", "properties": { "name": "urn:ogc:def:crs:OGC:1.3:CRS84" } },
"features": [
{ "type": "Feature", "properties": { "display_grid_id": "11200_00001", "gu_code": 11200, "gu_name": "성동구", "source_cell_count": 2, "area_m2": 1183.46, "mean_actual_lst": 26.9991, "mean_actual_anomaly": -11.5634, "seoul_anomaly": -11.2704, "pred_anomaly": -11.1153, "pred_anomaly_std": 0.5021, "green_delta_c": 1.2906, "building_ratio": 0.0, "green_ratio": 0.1677, "ndvi": -0.2393, "impervious_ratio": 0.0252, "built_surface_ratio": 0.0252, "avg_ground_floor_count": 0.0, "elevation_m": 8.0, "albedo": 0.024, "nearest_park_distance_m": 492.03, "park_area_within_500m": 874.47, "nearest_stream_distance_m": 0.0, "est_population_density": 0.0, "dong_elderly_ratio": 0.2019, "dong_avg_age": 46.1, "dong_pop_density": 13074.5, "nearest_shelter_distance_m": 532.62, "shelter_count_within_500m": 0.0, "est_population": 0.0, "est_elderly": 0.0, "shelter_capacity_within_500m": 0.0, "building_form_group": "no_building", "dong_name": "성수2가1동", "top1_feature": "built_surface_ratio", "top1_shap": -3.1286, "top2_feature": "impervious_ratio", "top2_shap": -2.8198, "top3_feature": "albedo", "top3_shap": -1.3388, "priority_score": 24.4444, "priority_rank": 296 }, "geometry": { "type": "Polygon", "coordinates": [ [ [ 127.052936733272091, 37.530464308568646 ], [ 127.05293909237875, 37.530069055810053 ], [ 127.05283208, 37.53013754 ], [ 127.05257164, 37.530304330000014 ], [ 127.0523619, 37.53043929 ], [ 127.052326670792851, 37.530461997568942 ], [ 127.052936733272091, 37.530464308568646 ] ] ] } },
{ "type": "Feature", "properties": { "display_grid_id": "11200_00002", "gu_code": 11200, "gu_name": "성동구", "source_cell_count": 10, "area_m2": 35657.58, "mean_actual_lst": 27.7357, "mean_actual_anomaly": -11.3171, "seoul_anomaly": -11.0241, "pred_anomaly": -10.8587, "pred_anomaly_std": 0.4257, "green_delta_c": 1.0162, "building_ratio": 0.0, "green_ratio": 0.1684, "ndvi": -0.2198, "impervious_ratio": 0.0266, "built_surface_ratio": 0.0266, "avg_ground_floor_count": 0.0, "elevation_m": 8.0, "albedo": 0.0234, "nearest_park_distance_m": 491.8632, "park_area_within_500m": 3207.16, "nearest_stream_distance_m": 0.0, "est_population_density": 0.0, "dong_elderly_ratio": 0.2019, "dong_avg_age": 46.1, "dong_pop_density": 13074.5, "nearest_shelter_distance_m": 607.9163, "shelter_count_within_500m": 0.0, "est_population": 0.0, "est_elderly": 0.0, "shelter_capacity_within_500m": 0.0, "building_form_group": "no_building", "dong_name": "성수2가1동", "top1_feature": "built_surface_ratio", "top1_shap": -3.0533, "top2_feature": "impervious_ratio", "top2_shap": -2.7493, "top3_feature": "albedo", "top3_shap": -1.3091, "priority_score": 25.746, "priority_rank": 287 }, "geometry": { "type": "Polygon", "coordinates": [ [ [ 127.052936733272091, 37.530464308568646 ], [ 127.055766169480293, 37.530474985654358 ], [ 127.055778104436655, 37.528462545920256 ], [ 127.05537455, 37.52858952 ], [ 127.05512677, 37.52866762 ], [ 127.05507818, 37.52869805000001 ], [ 127.054817929999984, 37.52886541 ], [ 127.054331860000019, 37.52917788 ], [ 127.05394402, 37.52942667 ], [ 127.053801609999979, 37.52951683 ], [ 127.05355264, 37.52967631 ], [ 127.05339662, 37.52977633 ], [ 127.05329679, 37.52984001 ], [ 127.05312222, 37.52995186 ], [ 127.05293909237875, 37.530069055810053 ], [ 127.052936733272091, 37.530464308568646 ] ] ] } },
{ "type": "Feature", "properties": { "display_grid_id": "11200_00003", "gu_code": 11200, "gu_name": "성동구", "source_cell_count": 8, "area_m2": 21681.46, "mean_actual_lst": 28.9929, "mean_actual_anomaly": -10.2585, "seoul_anomaly": -9.9655, "pred_anomaly": -9.1664, "pred_anomaly_std": 0.5996, "green_delta_c": -0.5348, "building_ratio": 0.0, "green_ratio": 0.1792, "ndvi": -0.1463, "impervious_ratio": 0.0345, "built_surface_ratio": 0.0345, "avg_ground_floor_count": 0.0, "elevation_m": 8.0, "albedo": 0.0292, "nearest_park_distance_m": 468.3701, "park_area_within_500m": 5342.6911, "nearest_stream_distance_m": 0.0, "est_population_density": 0.0, "dong_elderly_ratio": 0.2019, "dong_avg_age": 46.1, "dong_pop_density": 13074.5, "nearest_shelter_distance_m": 614.3018, "shelter_count_within_500m": 0.0, "est_population": 0.0, "est_elderly": 0.0, "shelter_capacity_within_500m": 0.0, "building_form_group": "no_building", "dong_name": "성수2가1동", "top1_feature": "built_surface_ratio", "top1_shap": -2.6217, "top2_feature": "impervious_ratio", "top2_shap": -2.3258, "top3_feature": "albedo", "top3_shap": -1.0033, "priority_score": 40.5238, "priority_rank": 244 }, "geometry": { "type": "Polygon", "coordinates": [ [ [ 127.055766169480293, 37.530474985654358 ], [ 127.057409790661765, 37.530481156852098 ], [ 127.05621877999998, 37.52832389 ], [ 127.055778104436655, 37.528462545920256 ], [ 127.055766169480293, 37.530474985654358 ] ] ] } },
{ "type": "Feature", "properties": { "display_grid_id": "11200_00004", "gu_code": 11200, "gu_name": "성동구", "source_cell_count": 4, "area_m2": 6001.57, "mean_actual_lst": 26.9486, "mean_actual_anomaly": -11.6981, "seoul_anomaly": -11.4051, "pred_anomaly": -11.1644, "pred_anomaly_std": 0.319, "green_delta_c": 1.392, "building_ratio": 0.0, "green_ratio": 0.1666, "ndvi": -0.238, "impervious_ratio": 0.0252, "built_surface_ratio": 0.0252, "avg_ground_floor_count": 0.0, "elevation_m": 8.0, "albedo": 0.023, "nearest_park_distance_m": 345.97, "park_area_within_500m": 79728.3509, "nearest_stream_distance_m": 0.0, "est_population_density": 0.0, "dong_elderly_ratio": 0.2019, "dong_avg_age": 46.1, "dong_pop_density": 13074.5, "nearest_shelter_distance_m": 407.9099, "shelter_count_within_500m": 3.995, "est_population": 0.0, "est_elderly": 0.0, "shelter_capacity_within_500m": 99.2, "building_form_group": "no_building", "dong_name": "성수2가1동", "top1_feature": "built_surface_ratio", "top1_shap": -3.144, "top2_feature": "impervious_ratio", "top2_shap": -2.8334, "top3_feature": "albedo", "top3_shap": -1.3629, "priority_score": 23.2064, "priority_rank": 308 }, "geometry": { "type": "Polygon", "coordinates": [ [ [ 127.050093763294043, 37.532706898645927 ], [ 127.050098955372846, 37.531842557427012 ], [ 127.050038810000018, 37.53187933000001 ], [ 127.04949507, 37.53221517 ], [ 127.048972189999986, 37.53251722 ], [ 127.04892871, 37.53254257 ], [ 127.048657452683486, 37.532701417990289 ], [ 127.050093763294043, 37.532706898645927 ] ] ] } },
{ "type": "Feature", "properties": { "display_grid_id": "11200_00005", "gu_code": 11200, "gu_name": "성동구", "source_cell_count": 13, "area_m2": 47270.68, "mean_actual_lst": 26.9783, "mean_actual_anomaly": -11.4261, "seoul_anomaly": -11.1331, "pred_anomaly": -11.2071, "pred_anomaly_std": 0.3427, "green_delta_c": 1.4389, "building_ratio": 0.0, "green_ratio": 0.1664, "ndvi": -0.2381, "impervious_ratio": 0.0253, "built_surface_ratio": 0.0253, "avg_ground_floor_count": 0.0, "elevation_m": 8.0, "albedo": 0.0243, "nearest_park_distance_m": 364.9102, "park_area_within_500m": 67441.8187, "nearest_stream_distance_m": 0.0, "est_population_density": 0.0, "dong_elderly_ratio": 0.2019, "dong_avg_age": 46.1, "dong_pop_density": 13074.5, "nearest_shelter_distance_m": 389.8085, "shelter_count_within_500m": 3.7859, "est_population": 0.0, "est_elderly": 0.0, "shelter_capacity_within_500m": 354.1, "building_form_group": "no_building", "dong_name": "성수2가1동", "top1_feature": "built_surface_ratio", "top1_shap": -3.1473, "top2_feature": "impervious_ratio", "top2_shap": -2.8348, "top3_feature": "albedo", "top3_shap": -1.3656, "priority_score": 23.5873, "priority_rank": 307 }, "geometry": { "type": "Polygon", "coordinates": [ [ [ 127.050093763294043, 37.532706898645927 ], [ 127.05292328312261, 37.532717644386068 ], [ 127.052936733272091, 37.530464308568646 ], [ 127.052326670792851, 37.530461997568942 ], [ 127.05207777, 37.53062243 ], [ 127.05161694, 37.53091094 ], [ 127.0514724, 37.53099997 ], [ 127.051401900000016, 37.53104308 ], [ 127.051313369999988, 37.53109775 ], [ 127.051177670000015, 37.53118142 ], [ 127.050559549999988, 37.53156095 ], [ 127.050098955372846, 37.531842557427012 ], [ 127.050093763294043, 37.532706898645927 ] ] ] } },
{ "type": "Feature", "properties": { "display_grid_id": "11200_00006", "gu_code": 11200, "gu_name": "성동구", "source_cell_count": 11, "area_m2": 62500.0, "mean_actual_lst": 26.6424, "mean_actual_anomaly": -11.9172, "seoul_anomaly": -11.6242, "pred_anomaly": -11.2373, "pred_anomaly_std": 0.3659, "green_delta_c": 1.5345, "building_ratio": 0.0, "green_ratio": 0.1659, "ndvi": -0.2291, "impervious_ratio": 0.0255, "built_surface_ratio": 0.0255, "avg_ground_floor_count": 0.0, "elevation_m": 8.0, "albedo": 0.0265, "nearest_park_distance_m": 303.4524, "park_area_within_500m": 85888.1428, "nearest_stream_distance_m": 0.0, "est_population_density": 0.0, "dong_elderly_ratio": 0.2019, "dong_avg_age": 46.1, "dong_pop_density": 13074.5, "nearest_shelter_distance_m": 397.4532, "shelter_count_within_500m": 3.96, "est_population": 0.0, "est_elderly": 0.0, "shelter_capacity_within_500m": 479.5, "building_form_group": "no_building", "dong_name": "성수2가1동", "top1_feature": "built_surface_ratio", "top1_shap": -3.1485, "top2_feature": "impervious_ratio", "top2_shap": -2.8375, "top3_feature": "albedo", "top3_shap": -1.3731, "priority_score": 22.619, "priority_rank": 310 }, "geometry": { "type": "Polygon", "coordinates": [ [ [ 127.052936733272091, 37.530464308568646 ], [ 127.05292328312261, 37.532717644386068 ], [ 127.055752804449128, 37.532728322335558 ], [ 127.055766169480293, 37.530474985654358 ], [ 127.052936733272091, 37.530464308568646 ] ] ] } },
{ "type": "Feature", "properties": { "display_grid_id": "11200_00007", "gu_code": 11200, "gu_name": "성동구", "source_cell_count": 10, "area_m2": 50200.56, "mean_actual_lst": 28.6028, "mean_actual_anomaly": -10.3716, "seoul_anomaly": -10.0787, "pred_anomaly": -9.0934, "pred_anomaly_std": 0.6497, "green_delta_c": 0.0878, "building_ratio": 0.0, "green_ratio": 0.1801, "ndvi": -0.1466, "impervious_ratio": 0.0402, "built_surface_ratio": 0.0402, "avg_ground_floor_count": 0.0, "elevation_m": 7.9887, "albedo": 0.0347, "nearest_park_distance_m": 234.489, "park_area_within_500m": 94474.1024, "nearest_stream_distance_m": 0.0, "est_population_density": 0.0, "dong_elderly_ratio": 0.2019, "dong_avg_age": 46.1, "dong_pop_density": 13074.5, "nearest_shelter_distance_m": 381.1539, "shelter_count_within_500m": 3.1244, "est_population": 0.0, "est_elderly": 0.0, "shelter_capacity_within_500m": 404.0, "building_form_group": "no_building", "dong_name": "성수2가1동", "top1_feature": "built_surface_ratio", "top1_shap": -2.6233, "top2_feature": "impervious_ratio", "top2_shap": -2.3273, "top3_feature": "albedo", "top3_shap": -1.0425, "priority_score": 24.9365, "priority_rank": 291 }, "geometry": { "type": "Polygon", "coordinates": [ [ [ 127.055766169480293, 37.530474985654358 ], [ 127.055752804449128, 37.532728322335558 ], [ 127.058582327264148, 37.532738932494297 ], [ 127.058583193339288, 37.532591984410999 ], [ 127.05821192, 37.531933970000011 ], [ 127.057409790661765, 37.530481156852098 ], [ 127.055766169480293, 37.530474985654358 ] ] ] } },
{ "type": "Feature", "properties": { "display_grid_id": "11200_00008", "gu_code": 11200, "gu_name": "성동구", "source_cell_count": 2, "area_m2": 60.47, "mean_actual_lst": 36.3372, "mean_actual_anomaly": -2.9255, "seoul_anomaly": -2.6326, "pred_anomaly": -0.4275, "pred_anomaly_std": 1.0268, "green_delta_c": -0.2593, "building_ratio": 0.0, "green_ratio": 0.3012, "ndvi": 0.1108, "impervious_ratio": 0.346, "built_surface_ratio": 0.346, "avg_ground_floor_count": 0.0, "elevation_m": 12.16, "albedo": 0.109, "nearest_park_distance_m": 172.37, "park_area_within_500m": 159889.6, "nearest_stream_distance_m": 53.06, "est_population_density": 0.0, "dong_elderly_ratio": 0.2019, "dong_avg_age": 46.1, "dong_pop_density": 13074.5, "nearest_shelter_distance_m": 282.97, "shelter_count_within_500m": 3.0, "est_population": 0.0, "est_elderly": 0.0, "shelter_capacity_within_500m": 4.3, "building_form_group": "no_building", "dong_name": "성수2가1동", "top1_feature": "building_ratio", "top1_shap": -0.8141, "top2_feature": "impervious_ratio", "top2_shap": 0.7978, "top3_feature": "built_surface_ratio", "top3_shap": 0.6838, "priority_score": 28.4762, "priority_rank": 284 }, "geometry": { "type": "Polygon", "coordinates": [ [ [ 127.058582327264148, 37.532738932494297 ], [ 127.058666284302049, 37.532739246281153 ], [ 127.058583193339288, 37.532591984410999 ], [ 127.058582327264148, 37.532738932494297 ] ] ] } },
{ "type": "Feature", "properties": { "display_grid_id": "11200_00009", "gu_code": 11200, "gu_name": "성동구", "source_cell_count": 4, "area_m2": 5731.23, "mean_actual_lst": 26.2099, "mean_actual_anomaly": -11.487, "seoul_anomaly": -11.194, "pred_anomaly": -11.3651, "pred_anomaly_std": 0.6867, "green_delta_c": 1.6803, "building_ratio": 0.0, "green_ratio": 0.1649, "ndvi": -0.2621, "impervious_ratio": 0.0246, "built_surface_ratio": 0.0246, "avg_ground_floor_count": 0.0, "elevation_m": 6.7371, "albedo": 0.0231, "nearest_park_distance_m": 599.5254, "park_area_within_500m": 0.0, "nearest_stream_distance_m": 0.0, "est_population_density": 0.0, "dong_elderly_ratio": 0.1942, "dong_avg_age": 43.0, "dong_pop_density": 12701.3, "nearest_shelter_distance_m": 594.9287, "shelter_count_within_500m": 0.0, "est_population": 0.0, "est_elderly": 0.0, "shelter_capacity_within_500m": 0.0, "building_form_group": "no_building", "dong_name": "옥수동", "top1_feature": "built_surface_ratio", "top1_shap": -3.2518, "top2_feature": "impervious_ratio", "top2_shap": -2.9147, "top3_feature": "albedo", "top3_shap": -1.3572, "priority_score": 24.6984, "priority_rank": 293 }, "geometry": { "type": "Polygon", "coordinates": [ [ [ 127.018954673588226, 37.534837545511948 ], [ 127.018954902891338, 37.534801847325703 ], [ 127.018687810000017, 37.53467935 ], [ 127.018056470000019, 37.5343898 ], [ 127.0179266, 37.53433049 ], [ 127.01774707, 37.5342485 ], [ 127.01743941, 37.53399288 ], [ 127.017460248536707, 37.534831448550342 ], [ 127.018954673588226, 37.534837545511948 ] ] ] } },
{ "type": "Feature", "properties": { "display_grid_id": "11200_00010", "gu_code": 11200, "gu_name": "성동구", "source_cell_count": 4, "area_m2": 13.78, "mean_actual_lst": 26.0263, "mean_actual_anomaly": -11.6706, "seoul_anomaly": -11.3776, "pred_anomaly": -11.8716, "pred_anomaly_std": 0.4042, "green_delta_c": 2.0047, "building_ratio": 0.0, "green_ratio": 0.1648, "ndvi": -0.2613, "impervious_ratio": 0.0245, "built_surface_ratio": 0.0245, "avg_ground_floor_count": 0.0, "elevation_m": 7.0, "albedo": 0.0219, "nearest_park_distance_m": 599.66, "park_area_within_500m": 0.0, "nearest_stream_distance_m": 0.0, "est_population_density": 0.0, "dong_elderly_ratio": 0.1942, "dong_avg_age": 43.0, "dong_pop_density": 12701.3, "nearest_shelter_distance_m": 584.54, "shelter_count_within_500m": 0.0, "est_population": 0.0, "est_elderly": 0.0, "shelter_capacity_within_500m": 0.0, "building_form_group": "no_building", "dong_name": "옥수동", "top1_feature": "built_surface_ratio", "top1_shap": -3.257, "top2_feature": "impervious_ratio", "top2_shap": -2.948, "top3_feature": "albedo", "top3_shap": -1.4083, "priority_score": 23.7936, "priority_rank": 304 }, "geometry": { "type": "Polygon", "coordinates": [ [ [ 127.018954673588226, 37.534837545511948 ], [ 127.01903343907388, 37.534837866335053 ], [ 127.018954902891338, 37.534801847325703 ], [ 127.018954673588226, 37.534837545511948 ] ] ] } },
{ "type": "Feature", "properties": { "display_grid_id": "11200_00011", "gu_code": 11200, "gu_name": "성동구", "source_cell_count": 4, "area_m2": 1382.81, "mean_actual_lst": 27.2128, "mean_actual_anomaly": -11.6879, "seoul_anomaly": -11.3949, "pred_anomaly": -10.8121, "pred_anomaly_std": 0.4721, "green_delta_c": 1.1809, "building_ratio": 0.0, "green_ratio": 0.1682, "ndvi": -0.2481, "impervious_ratio": 0.0255, "built_surface_ratio": 0.0255, "avg_ground_floor_count": 0.0, "elevation_m": 8.0, "albedo": 0.0248, "nearest_park_distance_m": 275.32, "park_area_within_500m": 108426.6433, "nearest_stream_distance_m": 0.0, "est_population_density": 0.0, "dong_elderly_ratio": 0.1789, "dong_avg_age": 43.7236, "dong_pop_density": 8723.95, "nearest_shelter_distance_m": 563.0976, "shelter_count_within_500m": 0.0, "est_population": 0.0, "est_elderly": 0.0, "shelter_capacity_within_500m": 0.0, "building_form_group": "no_building", "dong_name": "성수1가1동", "top1_feature": "built_surface_ratio", "top1_shap": -3.1214, "top2_feature": "impervious_ratio", "top2_shap": -2.8046, "top3_feature": "albedo", "top3_shap": -1.3444, "priority_score": 24.5397, "priority_rank": 294 }, "geometry": { "type": "Polygon", "coordinates": [ [ [ 127.044421021138817, 37.534938536121139 ], [ 127.044422644189538, 37.534671731966739 ], [ 127.04391608, 37.53479545 ], [ 127.04389023, 37.53480175 ], [ 127.04382591, 37.53481848 ], [ 127.043379610941713, 37.534934513953345 ], [ 127.044421021138817, 37.534938536121139 ] ] ] } },
{ "type": "Feature", "properties": { "display_grid_id": "11200_00012", "gu_code": 11200, "gu_name": "성동구", "source_cell_count": 7, "area_m2": 20312.03, "mean_actual_lst": 27.5708, "mean_actual_anomaly": -11.5604, "seoul_anomaly": -11.2674, "pred_anomaly": -11.0263, "pred_anomaly_std": 0.3605, "green_delta_c": 1.4023, "building_ratio": 0.0, "green_ratio": 0.167, "ndvi": -0.2369, "impervious_ratio": 0.0255, "built_surface_ratio": 0.0255, "avg_ground_floor_count": 0.0, "elevation_m": 8.0, "albedo": 0.0243, "nearest_park_distance_m": 253.8507, "park_area_within_500m": 145332.1496, "nearest_stream_distance_m": 0.0, "est_population_density": 0.0, "dong_elderly_ratio": 0.1597, "dong_avg_age": 43.3, "dong_pop_density": 8378.1, "nearest_shelter_distance_m": 456.2524, "shelter_count_within_500m": 1.5082, "est_population": 0.0, "est_elderly": 0.0, "shelter_capacity_within_500m": 66.0, "building_form_group": "no_building", "dong_name": "성수1가1동", "top1_feature": "built_surface_ratio", "top1_shap": -3.1336, "top2_feature": "impervious_ratio", "top2_shap": -2.818, "top3_feature": "albedo", "top3_shap": -1.3601, "priority_score": 24.0, "priority_rank": 301 }, "geometry": { "type": "Polygon", "coordinates": [ [ [ 127.044421021138817, 37.534938536121139 ], [ 127.047250623070354, 37.534949418322498 ], [ 127.047259294361595, 37.533515043669098 ], [ 127.04708751, 37.5336152 ], [ 127.04652396, 37.53394202 ], [ 127.046517940000015, 37.53394591 ], [ 127.04639195, 37.534025419999985 ], [ 127.046362230000014, 37.5340439 ], [ 127.046116110000014, 37.53419699 ], [ 127.046047370000011, 37.53424009 ], [ 127.04601928, 37.53425558 ], [ 127.046010079999988, 37.53426066 ], [ 127.045984270000019, 37.53426771 ], [ 127.044938590000015, 37.53454572 ], [ 127.044422644189538, 37.534671731966739 ], [ 127.044421021138817, 37.534938536121139 ] ] ] } },
{ "type": "Feature", "properties": { "display_grid_id": "11200_00013", "gu_code": 11200, "gu_name": "성동구", "source_cell_count": 13, "area_m2": 56897.55, "mean_actual_lst": 26.9006, "mean_actual_anomaly": -11.7017, "seoul_anomaly": -11.4087, "pred_anomaly": -10.9788, "pred_anomaly_std": 0.4423, "green_delta_c": 1.4393, "building_ratio": 0.0, "green_ratio": 0.1673, "ndvi": -0.2295, "impervious_ratio": 0.0256, "built_surface_ratio": 0.0256, "avg_ground_floor_count": 0.0, "elevation_m": 8.0, "albedo": 0.0249, "nearest_park_distance_m": 237.8954, "park_area_within_500m": 166722.0393, "nearest_stream_distance_m": 0.0, "est_population_density": 0.0, "dong_elderly_ratio": 0.1725, "dong_avg_age": 44.1514, "dong_pop_density": 9806.2221, "nearest_shelter_distance_m": 343.5317, "shelter_count_within_500m": 4.9538, "est_population": 0.0, "est_elderly": 0.0, "shelter_capacity_within_500m": 538.4, "building_form_group": "no_building", "dong_name": "성수1가1동", "top1_feature": "built_surface_ratio", "top1_shap": -3.1225, "top2_feature": "impervious_ratio", "top2_shap": -2.8092, "top3_feature": "albedo", "top3_shap": -1.3721, "priority_score": 21.9365, "priority_rank": 314 }, "geometry": { "type": "Polygon", "coordinates": [ [ [ 127.047250623070354, 37.534949418322498 ], [ 127.050080226518944, 37.534960232727961 ], [ 127.050093763294043, 37.532706898645927 ], [ 127.048657452683486, 37.532701417990289 ], [ 127.048161780000015, 37.53299168 ], [ 127.04755122, 37.53334528 ], [ 127.047336860000016, 37.53346982 ], [ 127.047259294361595, 37.533515043669098 ], [ 127.047250623070354, 37.534949418322498 ] ] ] } },
{ "type": "Feature", "properties": { "display_grid_id": "11200_00014", "gu_code": 11200, "gu_name": "성동구", "source_cell_count": 13, "area_m2": 62500.0, "mean_actual_lst": 28.0611, "mean_actual_anomaly": -10.5114, "seoul_anomaly": -10.2185, "pred_anomaly": -9.7331, "pred_anomaly_std": 0.845, "green_delta_c": 1.1615, "building_ratio": 0.0069, "green_ratio": 0.1711, "ndvi": -0.1912, "impervious_ratio": 0.038, "built_surface_ratio": 0.038, "avg_ground_floor_count": 0.32, "elevation_m": 8.8091, "albedo": 0.0341, "nearest_park_distance_m": 170.5756, "park_area_within_500m": 225277.2532, "nearest_stream_distance_m": 0.0, "est_population_density": 0.0, "dong_elderly_ratio": 0.2019, "dong_avg_age": 46.1, "dong_pop_density": 13074.5, "nearest_shelter_distance_m": 215.9628, "shelter_count_within_500m": 6.4, "est_population": 0.0, "est_elderly": 0.0, "shelter_capacity_within_500m": 738.3, "building_form_group": "no_building", "dong_name": "성수2가1동", "top1_feature": "built_surface_ratio", "top1_shap": -2.8647, "top2_feature": "impervious_ratio", "top2_shap": -2.5344, "top3_feature": "albedo", "top3_shap": -1.2527, "priority_score": 21.9365, "priority_rank": 315 }, "geometry": { "type": "Polygon", "coordinates": [ [ [ 127.050093763294043, 37.532706898645927 ], [ 127.050080226518944, 37.534960232727961 ], [ 127.052909831475176, 37.534970979337409 ], [ 127.05292328312261, 37.532717644386068 ], [ 127.050093763294043, 37.532706898645927 ] ] ] } },
{ "type": "Feature", "properties": { "display_grid_id": "11200_00015", "gu_code": 11200, "gu_name": "성동구", "source_cell_count": 14, "area_m2": 62500.0, "mean_actual_lst": 31.0182, "mean_actual_anomaly": -7.3437, "seoul_anomaly": -7.0508, "pred_anomaly": -5.6077, "pred_anomaly_std": 1.1163, "green_delta_c": 0.2587, "building_ratio": 0.0102, "green_ratio": 0.1941, "ndvi": -0.0761, "impervious_ratio": 0.1352, "built_surface_ratio": 0.1352, "avg_ground_floor_count": 0.2183, "elevation_m": 14.16, "albedo": 0.0655, "nearest_park_distance_m": 83.3092, "park_area_within_500m": 265799.5636, "nearest_stream_distance_m": 13.7896, "est_population_density": 484.0, "dong_elderly_ratio": 0.2019, "dong_avg_age": 46.1, "dong_pop_density": 13074.5, "nearest_shelter_distance_m": 163.258, "shelter_count_within_500m": 6.36, "est_population": 30.3, "est_elderly": 6.1, "shelter_capacity_within_500m": 778.5, "building_form_group": "no_building", "dong_name": "성수2가1동", "top1_feature": "built_surface_ratio", "top1_shap": -1.5164, "top2_feature": "impervious_ratio", "top2_shap": -1.3156, "top3_feature": "albedo", "top3_shap": -0.771, "priority_score": 26.8175, "priority_rank": 286 }, "geometry": { "type": "Polygon", "coordinates": [ [ [ 127.05292328312261, 37.532717644386068 ], [ 127.052909831475176, 37.534970979337409 ], [ 127.055739437929518, 37.534981658150727 ], [ 127.055752804449128, 37.532728322335558 ], [ 127.05292328312261, 37.532717644386068 ] ] ] } },
{ "type": "Feature", "properties": { "display_grid_id": "11200_00016", "gu_code": 11200, "gu_name": "성동구", "source_cell_count": 14, "area_m2": 62500.0, "mean_actual_lst": 35.8087, "mean_actual_anomaly": -2.9277, "seoul_anomaly": -2.6347, "pred_anomaly": -1.0602, "pred_anomaly_std": 0.9194, "green_delta_c": -0.2313, "building_ratio": 0.0685, "green_ratio": 0.2556, "ndvi": 0.1133, "impervious_ratio": 0.312, "built_surface_ratio": 0.312, "avg_ground_floor_count": 1.3143, "elevation_m": 14.9046, "albedo": 0.1044, "nearest_park_distance_m": 51.2836, "park_area_within_500m": 238420.1812, "nearest_stream_distance_m": 66.1736, "est_population_density": 4618.4, "dong_elderly_ratio": 0.2019, "dong_avg_age": 46.1, "dong_pop_density": 13074.5, "nearest_shelter_distance_m": 166.8556, "shelter_count_within_500m": 6.52, "est_population": 288.7, "est_elderly": 58.3, "shelter_capacity_within_500m": 937.0, "building_form_group": "no_building", "dong_name": "성수2가1동", "top1_feature": "impervious_ratio", "top1_shap": 0.0006, "top2_feature": "built_surface_ratio", "top2_shap": -0.1774, "top3_feature": "building_ratio", "top3_shap": -0.3373, "priority_score": 34.5556, "priority_rank": 272 }, "geometry": { "type": "Polygon", "coordinates": [ [ [ 127.055752804449128, 37.532728322335558 ], [ 127.055739437929518, 37.534981658150727 ], [ 127.058569045872503, 37.534992269167802 ], [ 127.058582327264148, 37.532738932494297 ], [ 127.055752804449128, 37.532728322335558 ] ] ] } },
{ "type": "Feature", "properties": { "display_grid_id": "11200_00017", "gu_code": 11200, "gu_name": "성동구", "source_cell_count": 10, "area_m2": 16073.06, "mean_actual_lst": 38.5346, "mean_actual_anomaly": -0.2284, "seoul_anomaly": 0.0646, "pred_anomaly": 1.431, "pred_anomaly_std": 0.8369, "green_delta_c": -0.3602, "building_ratio": 0.0493, "green_ratio": 0.2768, "ndvi": 0.2072, "impervious_ratio": 0.5161, "built_surface_ratio": 0.5161, "avg_ground_floor_count": 1.6995, "elevation_m": 18.1931, "albedo": 0.1194, "nearest_park_distance_m": 90.031, "park_area_within_500m": 220023.2209, "nearest_stream_distance_m": 175.1049, "est_population_density": 2246.0119, "dong_elderly_ratio": 0.2019, "dong_avg_age": 46.1, "dong_pop_density": 13074.5, "nearest_shelter_distance_m": 212.9965, "shelter_count_within_500m": 5.4954, "est_population": 36.1, "est_elderly": 7.2, "shelter_capacity_within_500m": 497.7, "building_form_group": "low_floor_low_density", "dong_name": "성수2가1동", "top1_feature": "built_surface_ratio", "top1_shap": 0.7096, "top2_feature": "impervious_ratio", "top2_shap": 0.7028, "top3_feature": "ndvi", "top3_shap": -0.304, "priority_score": 44.7937, "priority_rank": 215 }, "geometry": { "type": "Polygon", "coordinates": [ [ [ 127.058582327264148, 37.532738932494297 ], [ 127.058569045872503, 37.534992269167802 ], [ 127.059940461677314, 37.534997387576901 ], [ 127.058666284302049, 37.532739246281153 ], [ 127.058582327264148, 37.532738932494297 ] ] ] } },
{ "type": "Feature", "properties": { "display_grid_id": "11200_00018", "gu_code": 11200, "gu_name": "성동구", "source_cell_count": 6, "area_m2": 32230.06, "mean_actual_lst": 26.6694, "mean_actual_anomaly": -11.1113, "seoul_anomaly": -10.8184, "pred_anomaly": -11.6374, "pred_anomaly_std": 0.455, "green_delta_c": 1.8142, "building_ratio": 0.0, "green_ratio": 0.1653, "ndvi": -0.2483, "impervious_ratio": 0.0249, "built_surface_ratio": 0.0249, "avg_ground_floor_count": 0.0, "elevation_m": 7.0, "albedo": 0.0246, "nearest_park_distance_m": 577.3627, "park_area_within_500m": 1.2414, "nearest_stream_distance_m": 0.0, "est_population_density": 0.0, "dong_elderly_ratio": 0.1942, "dong_avg_age": 43.0, "dong_pop_density": 12701.3, "nearest_shelter_distance_m": 443.4703, "shelter_count_within_500m": 1.2704, "est_population": 0.0, "est_elderly": 0.0, "shelter_capacity_within_500m": 130.0, "building_form_group": "no_building", "dong_name": "옥수동", "top1_feature": "built_surface_ratio", "top1_shap": -3.2251, "top2_feature": "impervious_ratio", "top2_shap": -2.9113, "top3_feature": "albedo", "top3_shap": -1.3725, "priority_score": 23.7143, "priority_rank": 305 }, "geometry": { "type": "Polygon", "coordinates": [ [ [ 127.018940198809247, 37.537090868802878 ], [ 127.018954673588226, 37.534837545511948 ], [ 127.017460248536707, 37.534831448550342 ], [ 127.017516252877371, 37.537085059512322 ], [ 127.018940198809247, 37.537090868802878 ] ] ] } },
{ "type": "Feature", "properties": { "display_grid_id": "11200_00019", "gu_code": 11200, "gu_name": "성동구", "source_cell_count": 12, "area_m2": 46474.48, "mean_actual_lst": 27.8983, "mean_actual_anomaly": -10.7851, "seoul_anomaly": -10.4921, "pred_anomaly": -10.3044, "pred_anomaly_std": 0.4831, "green_delta_c": 0.6359, "building_ratio": 0.0, "green_ratio": 0.1721, "ndvi": -0.203, "impervious_ratio": 0.0297, "built_surface_ratio": 0.0297, "avg_ground_floor_count": 0.0, "elevation_m": 7.0, "albedo": 0.0324, "nearest_park_distance_m": 596.5696, "park_area_within_500m": 11.6362, "nearest_stream_distance_m": 0.0, "est_population_density": 0.0, "dong_elderly_ratio": 0.1942, "dong_avg_age": 43.0, "dong_pop_density": 12701.3, "nearest_shelter_distance_m": 489.0192, "shelter_count_within_500m": 0.5379, "est_population": 0.0, "est_elderly": 0.0, "shelter_capacity_within_500m": 30.5, "building_form_group": "no_building", "dong_name": "옥수동", "top1_feature": "built_surface_ratio", "top1_shap": -2.9012, "top2_feature": "impervious_ratio", "top2_shap": -2.5996, "top3_feature": "albedo", "top3_shap": -0.897, "priority_score": 25.2222, "priority_rank": 289 }, "geometry": { "type": "Polygon", "coordinates": [ [ [ 127.018954673588226, 37.534837545511948 ], [ 127.018940198809247, 37.537090868802878 ], [ 127.021769871795499, 37.537102362091908 ], [ 127.021778065758781, 37.535819271844083 ], [ 127.021444, 37.53582073 ], [ 127.02117286, 37.53582007 ], [ 127.02057898, 37.53554928 ], [ 127.02037134, 37.53545459 ], [ 127.02026149, 37.53540385 ], [ 127.01944594, 37.53502705 ], [ 127.01903343907388, 37.534837866335053 ], [ 127.018954673588226, 37.534837545511948 ] ] ] } },
{ "type": "Feature", "properties": { "display_grid_id": "11200_00020", "gu_code": 11200, "gu_name": "성동구", "source_cell_count": 7, "area_m2": 35811.34, "mean_actual_lst": 26.077, "mean_actual_anomaly": -12.3191, "seoul_anomaly": -12.0262, "pred_anomaly": -11.4058, "pred_anomaly_std": 0.4567, "green_delta_c": 1.6096, "building_ratio": 0.0, "green_ratio": 0.1674, "ndvi": -0.2442, "impervious_ratio": 0.0253, "built_surface_ratio": 0.0253, "avg_ground_floor_count": 0.0, "elevation_m": 7.0, "albedo": 0.0237, "nearest_park_distance_m": 450.3903, "park_area_within_500m": 14721.6951, "nearest_stream_distance_m": 0.0, "est_population_density": 0.0, "dong_elderly_ratio": 0.1942, "dong_avg_age": 43.0, "dong_pop_density": 12701.3, "nearest_shelter_distance_m": 645.8507, "shelter_count_within_500m": 0.0, "est_population": 0.0, "est_elderly": 0.0, "shelter_capacity_within_500m": 0.0, "building_form_group": "no_building", "dong_name": "옥수동", "top1_feature": "built_surface_ratio", "top1_shap": -3.174, "top2_feature": "impervious_ratio", "top2_shap": -2.8695, "top3_feature": "albedo", "top3_shap": -1.3535, "priority_score": 23.6349, "priority_rank": 306 }, "geometry": { "type": "Polygon", "coordinates": [ [ [ 127.021769871795499, 37.537102362091908 ], [ 127.024599546384309, 37.537113787580601 ], [ 127.024607771643673, 37.535818130097724 ], [ 127.023643400000012, 37.53581681 ], [ 127.022651079999989, 37.53581545 ], [ 127.02214709, 37.53581766 ], [ 127.021778065758781, 37.535819271844083 ], [ 127.021769871795499, 37.537102362091908 ] ] ] } },
{ "type": "Feature", "properties": { "display_grid_id": "11200_00021", "gu_code": 11200, "gu_name": "성동구", "source_cell_count": 8, "area_m2": 35940.7, "mean_actual_lst": 25.5016, "mean_actual_anomaly": -11.9263, "seoul_anomaly": -11.6333, "pred_anomaly": -11.639, "pred_anomaly_std": 0.4474, "green_delta_c": 1.8894, "building_ratio": 0.0, "green_ratio": 0.1651, "ndvi": -0.2543, "impervious_ratio": 0.0247, "built_surface_ratio": 0.0247, "avg_ground_floor_count": 0.0, "elevation_m": 7.0, "albedo": 0.0222, "nearest_park_distance_m": 332.5807, "park_area_within_500m": 62247.1849, "nearest_stream_distance_m": 0.0, "est_population_density": 0.0, "dong_elderly_ratio": 0.1942, "dong_avg_age": 43.0, "dong_pop_density": 12701.3, "nearest_shelter_distance_m": 792.7833, "shelter_count_within_500m": 0.0, "est_population": 0.0, "est_elderly": 0.0, "shelter_capacity_within_500m": 0.0, "building_form_group": "no_building", "dong_name": "옥수동", "top1_feature": "built_surface_ratio", "top1_shap": -3.2325, "top2_feature": "impervious_ratio", "top2_shap": -2.922, "top3_feature": "albedo", "top3_shap": -1.4086, "priority_score": 24.246, "priority_rank": 298 }, "geometry": { "type": "Polygon", "coordinates": [ [ [ 127.024599546384309, 37.537113787580601 ], [ 127.027429222566283, 37.537125145268824 ], [ 127.027437400007912, 37.535829307208573 ], [ 127.026850449999984, 37.53582701 ], [ 127.02464434, 37.53581818 ], [ 127.024607771643673, 37.535818130097724 ], [ 127.024599546384309, 37.537113787580601 ] ] ] } },
{ "type": "Feature", "properties": { "display_grid_id": "11200_00022", "gu_code": 11200, "gu_name": "성동구", "source_cell_count": 8, "area_m2": 35961.88, "mean_actual_lst": 26.0748, "mean_actual_anomaly": -12.0444, "seoul_anomaly": -11.7515, "pred_anomaly": -11.5311, "pred_anomaly_std": 0.3963, "green_delta_c": 1.8466, "building_ratio": 0.0, "green_ratio": 0.1657, "ndvi": -0.2652, "impervious_ratio": 0.0248, "built_surface_ratio": 0.0248, "avg_ground_floor_count": 0.0, "elevation_m": 7.0, "albedo": 0.025, "nearest_park_distance_m": 290.4864, "park_area_within_500m": 87788.1822, "nearest_stream_distance_m": 0.0, "est_population_density": 0.0, "dong_elderly_ratio": 0.1942, "dong_avg_age": 43.0, "dong_pop_density": 12701.3, "nearest_shelter_distance_m": 777.6436, "shelter_count_within_500m": 0.0, "est_population": 0.0, "est_elderly": 0.0, "shelter_capacity_within_500m": 0.0, "building_form_group": "no_building", "dong_name": "옥수동", "top1_feature": "built_surface_ratio", "top1_shap": -3.2217, "top2_feature": "impervious_ratio", "top2_shap": -2.908, "top3_feature": "albedo", "top3_shap": -1.4078, "priority_score": 24.0317, "priority_rank": 300 }, "geometry": { "type": "Polygon", "coordinates": [ [ [ 127.027429222566283, 37.537125145268824 ], [ 127.030258900331873, 37.537136435156469 ], [ 127.030267048273132, 37.535837494096398 ], [ 127.03016713, 37.53583752 ], [ 127.02937884, 37.535836299999985 ], [ 127.02883098, 37.53583473 ], [ 127.02783457, 37.53583086 ], [ 127.027437400007912, 37.535829307208573 ], [ 127.027429222566283, 37.537125145268824 ] ] ] } },
{ "type": "Feature", "properties": { "display_grid_id": "11200_00023", "gu_code": 11200, "gu_name": "성동구", "source_cell_count": 6, "area_m2": 36162.51, "mean_actual_lst": 26.2441, "mean_actual_anomaly": -12.1811, "seoul_anomaly": -11.8882, "pred_anomaly": -11.4569, "pred_anomaly_std": 0.3562, "green_delta_c": 1.7472, "building_ratio": 0.0, "green_ratio": 0.1666, "ndvi": -0.2752, "impervious_ratio": 0.0248, "built_surface_ratio": 0.0248, "avg_ground_floor_count": 0.0, "elevation_m": 7.0, "albedo": 0.0274, "nearest_park_distance_m": 327.4447, "park_area_within_500m": 74533.4747, "nearest_stream_distance_m": 0.0, "est_population_density": 0.0, "dong_elderly_ratio": 0.1942, "dong_avg_age": 43.0, "dong_pop_density": 12701.3, "nearest_shelter_distance_m": 774.1958, "shelter_count_within_500m": 0.0, "est_population": 0.0, "est_elderly": 0.0, "shelter_capacity_within_500m": 0.0, "building_form_group": "no_building", "dong_name": "옥수동", "top1_feature": "built_surface_ratio", "top1_shap": -3.2069, "top2_feature": "impervious_ratio", "top2_shap": -2.8984, "top3_feature": "albedo", "top3_shap": -1.4002, "priority_score": 23.9365, "priority_rank": 303 }, "geometry": { "type": "Polygon", "coordinates": [ [ [ 127.030258900331873, 37.537136435156469 ], [ 127.033088579671599, 37.537147657243402 ], [ 127.033096736057445, 37.535839489544259 ], [ 127.032899880000016, 37.53583936 ], [ 127.0320734, 37.53583873 ], [ 127.03168587, 37.53583822 ], [ 127.03117887, 37.53583755 ], [ 127.03098741, 37.5358375 ], [ 127.03062730000002, 37.5358374 ], [ 127.030267048273132, 37.535837494096398 ], [ 127.030258900331873, 37.537136435156469 ] ] ] } },
{ "type": "Feature", "properties": { "display_grid_id": "11200_00024", "gu_code": 11200, "gu_name": "성동구", "source_cell_count": 8, "area_m2": 36414.29, "mean_actual_lst": 29.7501, "mean_actual_anomaly": -9.5704, "seoul_anomaly": -9.2775, "pred_anomaly": -9.3305, "pred_anomaly_std": 0.4665, "green_delta_c": -0.1826, "building_ratio": 0.0, "green_ratio": 0.1742, "ndvi": -0.187, "impervious_ratio": 0.0316, "built_surface_ratio": 0.0316, "avg_ground_floor_count": 0.0, "elevation_m": 7.0, "albedo": 0.0373, "nearest_park_distance_m": 414.2359, "park_area_within_500m": 37011.4121, "nearest_stream_distance_m": 0.0, "est_population_density": 0.0, "dong_elderly_ratio": 0.1942, "dong_avg_age": 43.0, "dong_pop_density": 12701.3, "nearest_shelter_distance_m": 832.9188, "shelter_count_within_500m": 0.0, "est_population": 0.0, "est_elderly": 0.0, "shelter_capacity_within_500m": 0.0, "building_form_group": "no_building", "dong_name": "옥수동", "top1_feature": "built_surface_ratio", "top1_shap": -2.7121, "top2_feature": "impervious_ratio", "top2_shap": -2.4212, "top3_feature": "albedo", "top3_shap": -0.7153, "priority_score": 30.4603, "priority_rank": 279 }, "geometry": { "type": "Polygon", "coordinates": [ [ [ 127.033088579671599, 37.537147657243402 ], [ 127.035918260575997, 37.53715881152953 ], [ 127.035926425313448, 37.535841319671064 ], [ 127.035870059999979, 37.53584135 ], [ 127.03583758, 37.53584121 ], [ 127.03580677, 37.53584109 ], [ 127.03503387, 37.53584074 ], [ 127.03496087, 37.5358407 ], [ 127.033096736057445, 37.535839489544259 ], [ 127.033088579671599, 37.537147657243402 ] ] ] } },
{ "type": "Feature", "properties": { "display_grid_id": "11200_00025", "gu_code": 11200, "gu_name": "성동구", "source_cell_count": 7, "area_m2": 36713.03, "mean_actual_lst": 26.5623, "mean_actual_anomaly": -11.9551, "seoul_anomaly": -11.6622, "pred_anomaly": -11.4218, "pred_anomaly_std": 0.3724, "green_delta_c": 1.6149, "building_ratio": 0.0, "green_ratio": 0.1666, "ndvi": -0.2506, "impervious_ratio": 0.0253, "built_surface_ratio": 0.0253, "avg_ground_floor_count": 0.0, "elevation_m": 7.0, "albedo": 0.0264, "nearest_park_distance_m": 472.7969, "park_area_within_500m": 7585.1284, "nearest_stream_distance_m": 0.0, "est_population_density": 0.0, "dong_elderly_ratio": 0.1597, "dong_avg_age": 43.3, "dong_pop_density": 8378.1, "nearest_shelter_distance_m": 782.731, "shelter_count_within_500m": 0.0, "est_population": 0.0, "est_elderly": 0.0, "shelter_capacity_within_500m": 0.0, "building_form_group": "no_building", "dong_name": "성수1가1동", "top1_feature": "built_surface_ratio", "top1_shap": -3.163, "top2_feature": "impervious_ratio", "top2_shap": -2.8549, "top3_feature": "albedo", "top3_shap": -1.3725, "priority_score": 24.4603, "priority_rank": 295 }, "geometry": { "type": "Polygon", "coordinates": [ [ [ 127.035918260575997, 37.53715881152953 ], [ 127.038747943035631, 37.53716989801471 ], [ 127.03875613208406, 37.535840376425355 ], [ 127.037052050000014, 37.53584072 ], [ 127.03664622, 37.53584093 ], [ 127.035926425313448, 37.535841319671064 ], [ 127.035918260575997, 37.53715881152953 ] ] ] } },
{ "type": "Feature", "properties": { "display_grid_id": "11200_00026", "gu_code": 11200, "gu_name": "성동구", "source_cell_count": 10, "area_m2": 40676.21, "mean_actual_lst": 26.9407, "mean_actual_anomaly": -11.6691, "seoul_anomaly": -11.3761, "pred_anomaly": -11.0096, "pred_anomaly_std": 0.4069, "green_delta_c": 1.261, "building_ratio": 0.0, "green_ratio": 0.1675, "ndvi": -0.2448, "impervious_ratio": 0.0258, "built_surface_ratio": 0.0258, "avg_ground_floor_count": 0.0, "elevation_m": 7.0, "albedo": 0.0274, "nearest_park_distance_m": 321.4571, "park_area_within_500m": 37939.5754, "nearest_stream_distance_m": 0.0, "est_population_density": 0.0, "dong_elderly_ratio": 0.1604, "dong_avg_age": 43.3152, "dong_pop_density": 8390.504, "nearest_shelter_distance_m": 594.8131, "shelter_count_within_500m": 0.1229, "est_population": 0.0, "est_elderly": 0.0, "shelter_capacity_within_500m": 9.0, "building_form_group": "no_building", "dong_name": "성수1가1동", "top1_feature": "built_surface_ratio", "top1_shap": -3.1048, "top2_feature": "impervious_ratio", "top2_shap": -2.7988, "top3_feature": "albedo", "top3_shap": -1.3385, "priority_score": 25.0, "priority_rank": 290 }, "geometry": { "type": "Polygon", "coordinates": [ [ [ 127.038747943035631, 37.53716989801471 ], [ 127.041577627040922, 37.537180916698851 ], [ 127.041588528017812, 37.535400159598325 ], [ 127.04122029, 37.53549589 ], [ 127.04019261000002, 37.53577441 ], [ 127.03979752, 37.535824370000014 ], [ 127.039679430000021, 37.53584018 ], [ 127.03875613208406, 37.535840376425355 ], [ 127.038747943035631, 37.53716989801471 ] ] ] } },
{ "type": "Feature", "properties": { "display_grid_id": "11200_00027", "gu_code": 11200, "gu_name": "성동구", "source_cell_count": 12, "area_m2": 58358.26, "mean_actual_lst": 28.0781, "mean_actual_anomaly": -10.527, "seoul_anomaly": -10.2341, "pred_anomaly": -9.2132, "pred_anomaly_std": 0.6407, "green_delta_c": 0.5629, "building_ratio": 0.0, "green_ratio": 0.1782, "ndvi": -0.1893, "impervious_ratio": 0.0485, "built_surface_ratio": 0.0485, "avg_ground_floor_count": 0.0, "elevation_m": 7.6445, "albedo": 0.035, "nearest_park_distance_m": 168.0518, "park_area_within_500m": 133219.4054, "nearest_stream_distance_m": 1.5161, "est_population_density": 0.0, "dong_elderly_ratio": 0.1597, "dong_avg_age": 43.3, "dong_pop_density": 8378.1, "nearest_shelter_distance_m": 486.3365, "shelter_count_within_500m": 0.7711, "est_population": 0.0, "est_elderly": 0.0, "shelter_capacity_within_500m": 76.5, "building_form_group": "no_building", "dong_name": "성수1가1동", "top1_feature": "built_surface_ratio", "top1_shap": -2.5734, "top2_feature": "impervious_ratio", "top2_shap": -2.2926, "top3_feature": "albedo", "top3_shap": -1.2109, "priority_score": 25.2698, "priority_rank": 288 }, "geometry": { "type": "Polygon", "coordinates": [ [ [ 127.041577627040922, 37.537180916698851 ], [ 127.04440731258245, 37.537191867581832 ], [ 127.044421021138817, 37.534938536121139 ], [ 127.043379610941713, 37.534934513953345 ], [ 127.041588528017812, 37.535400159598325 ], [ 127.041577627040922, 37.537180916698851 ] ] ] } },
{ "type": "Feature", "properties": { "display_grid_id": "11200_00028", "gu_code": 11200, "gu_name": "성동구", "source_cell_count": 9, "area_m2": 62500.0, "mean_actual_lst": 30.2079, "mean_actual_anomaly": -8.3973, "seoul_anomaly": -8.1044, "pred_anomaly": -6.8733, "pred_anomaly_std": 0.9251, "green_delta_c": 0.4044, "building_ratio": 0.0137, "green_ratio": 0.1956, "ndvi": -0.0988, "impervious_ratio": 0.094, "built_surface_ratio": 0.094, "avg_ground_floor_count": 0.8395, "elevation_m": 12.2641, "albedo": 0.0488, "nearest_park_distance_m": 101.4744, "park_area_within_500m": 247625.8884, "nearest_stream_distance_m": 13.9228, "est_population_density": 1840.8, "dong_elderly_ratio": 0.1597, "dong_avg_age": 43.3, "dong_pop_density": 8378.1, "nearest_shelter_distance_m": 382.166, "shelter_count_within_500m": 3.2, "est_population": 115.0, "est_elderly": 18.3, "shelter_capacity_within_500m": 358.0, "building_form_group": "no_building", "dong_name": "성수1가1동", "top1_feature": "built_surface_ratio", "top1_shap": -1.9568, "top2_feature": "impervious_ratio", "top2_shap": -1.7189, "top3_feature": "albedo", "top3_shap": -0.8579, "priority_score": 31.3333, "priority_rank": 276 }, "geometry": { "type": "Polygon", "coordinates": [ [ [ 127.044421021138817, 37.534938536121139 ], [ 127.04440731258245, 37.537191867581832 ], [ 127.047236999650721, 37.537202750663532 ], [ 127.047250623070354, 37.534949418322498 ], [ 127.044421021138817, 37.534938536121139 ] ] ] } },
{ "type": "Feature", "properties": { "display_grid_id": "11200_00029", "gu_code": 11200, "gu_name": "성동구", "source_cell_count": 15, "area_m2": 62500.0, "mean_actual_lst": 34.9483, "mean_actual_anomaly": -3.6616, "seoul_anomaly": -3.3686, "pred_anomaly": -1.969, "pred_anomaly_std": 1.0678, "green_delta_c": -0.3085, "building_ratio": 0.1252, "green_ratio": 0.221, "ndvi": 0.0268, "impervious_ratio": 0.2438, "built_surface_ratio": 0.2438, "avg_ground_floor_count": 1.1348, "elevation_m": 15.0657, "albedo": 0.0847, "nearest_park_distance_m": 36.532, "park_area_within_500m": 360612.7988, "nearest_stream_distance_m": 51.4624, "est_population_density": 7947.2, "dong_elderly_ratio": 0.1597, "dong_avg_age": 43.3, "dong_pop_density": 8378.1, "nearest_shelter_distance_m": 177.7624, "shelter_count_within_500m": 6.28, "est_population": 496.7, "est_elderly": 79.4, "shelter_capacity_within_500m": 733.2, "building_form_group": "no_building", "dong_name": "성수1가1동", "top1_feature": "built_surface_ratio", "top1_shap": -0.6421, "top2_feature": "impervious_ratio", "top2_shap": -0.4346, "top3_feature": "building_ratio", "top3_shap": -0.0319, "priority_score": 38.5714, "priority_rank": 256 }, "geometry": { "type": "Polygon", "coordinates": [ [ [ 127.047250623070354, 37.534949418322498 ], [ 127.047236999650721, 37.537202750663532 ], [ 127.050066688236271, 37.537213565943851 ], [ 127.050080226518944, 37.534960232727961 ], [ 127.047250623070354, 37.534949418322498 ] ] ] } },
{ "type": "Feature", "properties": { "display_grid_id": "11200_00030", "gu_code": 11200, "gu_name": "성동구", "source_cell_count": 14, "area_m2": 62500.0, "mean_actual_lst": 38.7945, "mean_actual_anomaly": 0.0625, "seoul_anomaly": 0.3555, "pred_anomaly": 1.735, "pred_anomaly_std": 0.8835, "green_delta_c": -0.2138, "building_ratio": 0.2473, "green_ratio": 0.2414, "ndvi": 0.1212, "impervious_ratio": 0.3837, "built_surface_ratio": 0.3837, "avg_ground_floor_count": 5.8917, "elevation_m": 19.5716, "albedo": 0.1123, "nearest_park_distance_m": 4.4536, "park_area_within_500m": 424911.39, "nearest_stream_distance_m": 110.964, "est_population_density": 27736.0, "dong_elderly_ratio": 0.1935, "dong_avg_age": 45.54, "dong_pop_density": 12135.22, "nearest_shelter_distance_m": 75.4392, "shelter_count_within_500m": 8.28, "est_population": 1733.5, "est_elderly": 343.6, "shelter_capacity_within_500m": 974.3, "building_form_group": "high_floor_high_density", "dong_name": "성수2가1동", "top1_feature": "built_surface_ratio", "top1_shap": 0.3368, "top2_feature": "impervious_ratio", "top2_shap": 0.3585, "top3_feature": "building_ratio", "top3_shap": 0.1157, "priority_score": 42.2698, "priority_rank": 231 }, "geometry": { "type": "Polygon", "coordinates": [ [ [ 127.050080226518944, 37.534960232727961 ], [ 127.050066688236271, 37.537213565943851 ], [ 127.052896378329606, 37.537224313422655 ], [ 127.052909831475176, 37.534970979337409 ], [ 127.050080226518944, 37.534960232727961 ] ] ] } },
{ "type": "Feature", "properties": { "display_grid_id": "11200_00031", "gu_code": 11200, "gu_name": "성동구", "source_cell_count": 13, "area_m2": 62500.0, "mean_actual_lst": 41.5962, "mean_actual_anomaly": 3.2664, "seoul_anomaly": 3.5594, "pred_anomaly": 3.4525, "pred_anomaly_std": 0.7064, "green_delta_c": -0.2471, "building_ratio": 0.3755, "green_ratio": 0.2295, "ndvi": 0.1438, "impervious_ratio": 0.4982, "built_surface_ratio": 0.4982, "avg_ground_floor_count": 4.4394, "elevation_m": 20.1797, "albedo": 0.1224, "nearest_park_distance_m": 0.0, "park_area_within_500m": 419264.6916, "nearest_stream_distance_m": 200.5772, "est_population_density": 37434.4, "dong_elderly_ratio": 0.2019, "dong_avg_age": 46.1, "dong_pop_density": 13074.5, "nearest_shelter_distance_m": 95.9872, "shelter_count_within_500m": 10.48, "est_population": 2339.6, "est_elderly": 472.3, "shelter_capacity_within_500m": 1195.2, "building_form_group": "low_floor_high_density", "dong_name": "성수2가1동", "top1_feature": "built_surface_ratio", "top1_shap": 0.6244, "top2_feature": "impervious_ratio", "top2_shap": 0.6125, "top3_feature": "building_ratio", "top3_shap": 0.5042, "priority_score": 61.6667, "priority_rank": 67 }, "geometry": { "type": "Polygon", "coordinates": [ [ [ 127.052909831475176, 37.534970979337409 ], [ 127.052896378329606, 37.537224313422655 ], [ 127.055726069921249, 37.537234993099844 ], [ 127.055739437929518, 37.534981658150727 ], [ 127.052909831475176, 37.534970979337409 ] ] ] } },
{ "type": "Feature", "properties": { "display_grid_id": "11200_00032", "gu_code": 11200, "gu_name": "성동구", "source_cell_count": 12, "area_m2": 62500.0, "mean_actual_lst": 41.8834, "mean_actual_anomaly": 3.3284, "seoul_anomaly": 3.6214, "pred_anomaly": 3.7413, "pred_anomaly_std": 0.6292, "green_delta_c": -0.2236, "building_ratio": 0.4084, "green_ratio": 0.202, "ndvi": 0.1348, "impervious_ratio": 0.5812, "built_surface_ratio": 0.5812, "avg_ground_floor_count": 3.9366, "elevation_m": 19.9652, "albedo": 0.1351, "nearest_park_distance_m": 0.0, "park_area_within_500m": 334685.4604, "nearest_stream_distance_m": 292.7828, "est_population_density": 42756.0, "dong_elderly_ratio": 0.2019, "dong_avg_age": 46.1, "dong_pop_density": 13074.5, "nearest_shelter_distance_m": 100.4296, "shelter_count_within_500m": 9.68, "est_population": 2672.2, "est_elderly": 539.6, "shelter_capacity_within_500m": 1141.2, "building_form_group": "low_floor_high_density", "dong_name": "성수2가1동", "top1_feature": "built_surface_ratio", "top1_shap": 0.6844, "top2_feature": "impervious_ratio", "top2_shap": 0.6569, "top3_feature": "building_ratio", "top3_shap": 0.6497, "priority_score": 65.4762, "priority_rank": 45 }, "geometry": { "type": "Polygon", "coordinates": [ [ [ 127.055739437929518, 37.534981658150727 ], [ 127.055726069921249, 37.537234993099844 ], [ 127.058555763001678, 37.537245604975332 ], [ 127.058569045872503, 37.534992269167802 ], [ 127.055739437929518, 37.534981658150727 ] ] ] } },
{ "type": "Feature", "properties": { "display_grid_id": "11200_00033", "gu_code": 11200, "gu_name": "성동구", "source_cell_count": 11, "area_m2": 44510.21, "mean_actual_lst": 41.6402, "mean_actual_anomaly": 3.0537, "seoul_anomaly": 3.3467, "pred_anomaly": 3.4778, "pred_anomaly_std": 0.6339, "green_delta_c": -0.3209, "building_ratio": 0.344, "green_ratio": 0.2108, "ndvi": 0.1367, "impervious_ratio": 0.5328, "built_surface_ratio": 0.5328, "avg_ground_floor_count": 3.8993, "elevation_m": 19.3279, "albedo": 0.1275, "nearest_park_distance_m": 0.8996, "park_area_within_500m": 269576.4293, "nearest_stream_distance_m": 397.3293, "est_population_density": 33415.9304, "dong_elderly_ratio": 0.2019, "dong_avg_age": 46.1, "dong_pop_density": 13074.5, "nearest_shelter_distance_m": 155.4294, "shelter_count_within_500m": 7.8602, "est_population": 1487.3, "est_elderly": 300.3, "shelter_capacity_within_500m": 1144.7, "building_form_group": "low_floor_high_density", "dong_name": "성수2가1동", "top1_feature": "built_surface_ratio", "top1_shap": 0.6727, "top2_feature": "impervious_ratio", "top2_shap": 0.6522, "top3_feature": "building_ratio", "top3_shap": 0.3231, "priority_score": 66.5873, "priority_rank": 36 }, "geometry": { "type": "Polygon", "coordinates": [ [ [ 127.058569045872503, 37.534992269167802 ], [ 127.058555763001678, 37.537245604975332 ], [ 127.061214715578316, 37.537255514748516 ], [ 127.06118512, 37.53720307 ], [ 127.059940461677314, 37.534997387576901 ], [ 127.058569045872503, 37.534992269167802 ] ] ] } },
{ "type": "Feature", "properties": { "display_grid_id": "11200_00034", "gu_code": 11200, "gu_name": "성동구", "source_cell_count": 7, "area_m2": 4074.17, "mean_actual_lst": 38.0027, "mean_actual_anomaly": -0.4101, "seoul_anomaly": -0.1171, "pred_anomaly": 0.9601, "pred_anomaly_std": 0.8674, "green_delta_c": -0.5729, "building_ratio": 0.0057, "green_ratio": 0.3006, "ndvi": 0.3871, "impervious_ratio": 0.501, "built_surface_ratio": 0.501, "avg_ground_floor_count": 0.3576, "elevation_m": 83.6176, "albedo": 0.123, "nearest_park_distance_m": 67.2792, "park_area_within_500m": 121931.9454, "nearest_stream_distance_m": 492.8758, "est_population_density": 147.2678, "dong_elderly_ratio": 0.1942, "dong_avg_age": 43.0, "dong_pop_density": 12701.3, "nearest_shelter_distance_m": 163.8547, "shelter_count_within_500m": 9.0102, "est_population": 0.6, "est_elderly": 0.1, "shelter_capacity_within_500m": 536.0, "building_form_group": "no_building", "dong_name": "옥수동", "top1_feature": "impervious_ratio", "top1_shap": 0.921, "top2_feature": "built_surface_ratio", "top2_shap": 0.8381, "top3_feature": "ndvi", "top3_shap": -0.7466, "priority_score": 45.2143, "priority_rank": 211 }, "geometry": { "type": "MultiPolygon", "coordinates": [ [ [ [ 127.013269008605874, 37.53889062117544 ], [ 127.0132174, 37.53888464 ], [ 127.01281755, 37.53926535 ], [ 127.012676013002022, 37.539318565208411 ], [ 127.013266211002787, 37.539320999372428 ], [ 127.013269008605874, 37.53889062117544 ] ] ], [ [ [ 127.01251595, 37.53931184 ], [ 127.01226507, 37.53923218 ], [ 127.01225764, 37.53922993 ], [ 127.0122442, 37.53922571 ], [ 127.01223466, 37.539222610000017 ], [ 127.01222511, 37.53921951 ], [ 127.01218126, 37.53920572 ], [ 127.01212345, 37.53918742 ], [ 127.01211372, 37.53919108 ], [ 127.01175323, 37.53909313 ], [ 127.0114829, 37.53900897 ], [ 127.010715300000015, 37.53928299 ], [ 127.01048264, 37.53930919 ], [ 127.010480844212822, 37.539309485745193 ], [ 127.01253524573788, 37.539317984203812 ], [ 127.01251595, 37.53931184 ] ] ] ] } },
{ "type": "Feature", "properties": { "display_grid_id": "11200_00035", "gu_code": 11200, "gu_name": "성동구", "source_cell_count": 9, "area_m2": 19655.71, "mean_actual_lst": 37.1306, "mean_actual_anomaly": -1.4011, "seoul_anomaly": -1.1081, "pred_anomaly": -0.4117, "pred_anomaly_std": 0.7852, "green_delta_c": -0.3318, "building_ratio": 0.105, "green_ratio": 0.3612, "ndvi": 0.3359, "impervious_ratio": 0.3619, "built_surface_ratio": 0.3619, "avg_ground_floor_count": 11.3216, "elevation_m": 54.6171, "albedo": 0.131, "nearest_park_distance_m": 274.2011, "park_area_within_500m": 46582.0005, "nearest_stream_distance_m": 234.7649, "est_population_density": 28740.6128, "dong_elderly_ratio": 0.1941, "dong_avg_age": 43.0296, "dong_pop_density": 12500.4461, "nearest_shelter_distance_m": 154.6416, "shelter_count_within_500m": 9.9671, "est_population": 564.9, "est_elderly": 109.7, "shelter_capacity_within_500m": 809.1, "building_form_group": "high_floor_low_density", "dong_name": "옥수동", "top1_feature": "ndvi", "top1_shap": -0.5957, "top2_feature": "built_surface_ratio", "top2_shap": 0.5087, "top3_feature": "impervious_ratio", "top3_shap": 0.5051, "priority_score": 40.0635, "priority_rank": 247 }, "geometry": { "type": "Polygon", "coordinates": [ [ [ 127.013266211002787, 37.539320999372428 ], [ 127.016095965899609, 37.539332629202526 ], [ 127.016104083744594, 37.538076466189423 ], [ 127.015843520000018, 37.538166939999989 ], [ 127.01579951, 37.5381982 ], [ 127.01567328, 37.53826917 ], [ 127.015642699999987, 37.53825284 ], [ 127.01562308, 37.53824242 ], [ 127.01561654, 37.53824130000001 ], [ 127.01551489, 37.53824441 ], [ 127.01551311, 37.53823597 ], [ 127.01550921, 37.53822977 ], [ 127.015479159999984, 37.5382323 ], [ 127.0154836, 37.53827876 ], [ 127.01544912, 37.53830185 ], [ 127.0153335, 37.53832186 ], [ 127.015294610000012, 37.53831877 ], [ 127.01522884, 37.53832976 ], [ 127.01521912, 37.53832891 ], [ 127.015146990000019, 37.53832301 ], [ 127.015098199999983, 37.53827824 ], [ 127.01507042999998, 37.53828275 ], [ 127.015031710000017, 37.53827093000001 ], [ 127.015011560000019, 37.5383019 ], [ 127.015023260000021, 37.53844719 ], [ 127.01501725, 37.53846916 ], [ 127.01499959, 37.53853982 ], [ 127.014916340000013, 37.53866091 ], [ 127.014861010000018, 37.53869526 ], [ 127.014810109999985, 37.53875383 ], [ 127.01479667, 37.53878255 ], [ 127.014785890000013, 37.53879748 ], [ 127.014093050000014, 37.53881275 ], [ 127.014027279999979, 37.53882965 ], [ 127.013985399999981, 37.53896678000001 ], [ 127.0138735, 37.539069 ], [ 127.01385954, 37.53906084 ], [ 127.013627220000018, 37.53895527 ], [ 127.013471990000014, 37.53891165 ], [ 127.0133728, 37.53890265 ], [ 127.013269008605874, 37.53889062117544 ], [ 127.013266211002787, 37.539320999372428 ] ] ] } },
{ "type": "Feature", "properties": { "display_grid_id": "11200_00036", "gu_code": 11200, "gu_name": "성동구", "source_cell_count": 13, "area_m2": 51856.13, "mean_actual_lst": 32.1339, "mean_actual_anomaly": -6.2271, "seoul_anomaly": -5.9341, "pred_anomaly": -4.9764, "pred_anomaly_std": 1.1422, "green_delta_c": -0.3277, "building_ratio": 0.0214, "green_ratio": 0.2302, "ndvi": -0.0308, "impervious_ratio": 0.159, "built_surface_ratio": 0.159, "avg_ground_floor_count": 1.5709, "elevation_m": 16.5647, "albedo": 0.0679, "nearest_park_distance_m": 484.7651, "park_area_within_500m": 3330.218, "nearest_stream_distance_m": 38.4012, "est_population_density": 3114.0586, "dong_elderly_ratio": 0.1942, "dong_avg_age": 43.0, "dong_pop_density": 12701.3, "nearest_shelter_distance_m": 191.8162, "shelter_count_within_500m": 7.4643, "est_population": 161.5, "est_elderly": 31.3, "shelter_capacity_within_500m": 985.9, "building_form_group": "no_building", "dong_name": "옥수동", "top1_feature": "built_surface_ratio", "top1_shap": -1.3969, "top2_feature": "impervious_ratio", "top2_shap": -1.0609, "top3_feature": "albedo", "top3_shap": -0.5391, "priority_score": 35.9603, "priority_rank": 267 }, "geometry": { "type": "Polygon", "coordinates": [ [ [ 127.016095965899609, 37.539332629202526 ], [ 127.018925722418174, 37.539344191227023 ], [ 127.018940198809247, 37.537090868802878 ], [ 127.017516252877371, 37.537085059512322 ], [ 127.017530350000015, 37.53765231 ], [ 127.01729241, 37.53774075 ], [ 127.01675905, 37.5378512 ], [ 127.016449159999979, 37.53789628 ], [ 127.016403379999986, 37.5379709 ], [ 127.01634239, 37.53799372 ], [ 127.016104083744594, 37.538076466189423 ], [ 127.016095965899609, 37.539332629202526 ] ] ] } },
{ "type": "Feature", "properties": { "display_grid_id": "11200_00037", "gu_code": 11200, "gu_name": "성동구", "source_cell_count": 15, "area_m2": 62500.0, "mean_actual_lst": 28.506, "mean_actual_anomaly": -10.4447, "seoul_anomaly": -10.1517, "pred_anomaly": -9.7152, "pred_anomaly_std": 0.5543, "green_delta_c": 0.1981, "building_ratio": 0.0, "green_ratio": 0.1773, "ndvi": -0.1859, "impervious_ratio": 0.0339, "built_surface_ratio": 0.0339, "avg_ground_floor_count": 0.0, "elevation_m": 7.0, "albedo": 0.0393, "nearest_park_distance_m": 677.0284, "park_area_within_500m": 0.0, "nearest_stream_distance_m": 0.0, "est_population_density": 0.0, "dong_elderly_ratio": 0.1942, "dong_avg_age": 43.0, "dong_pop_density": 12701.3, "nearest_shelter_distance_m": 349.2772, "shelter_count_within_500m": 3.76, "est_population": 0.0, "est_elderly": 0.0, "shelter_capacity_within_500m": 500.5, "building_form_group": "no_building", "dong_name": "옥수동", "top1_feature": "built_surface_ratio", "top1_shap": -2.7722, "top2_feature": "impervious_ratio", "top2_shap": -2.4847, "top3_feature": "albedo", "top3_shap": -0.7701, "priority_score": 24.3016, "priority_rank": 297 }, "geometry": { "type": "Polygon", "coordinates": [ [ [ 127.018940198809247, 37.537090868802878 ], [ 127.018925722418174, 37.539344191227023 ], [ 127.02175548054899, 37.53935568544582 ], [ 127.021769871795499, 37.537102362091908 ], [ 127.018940198809247, 37.537090868802878 ] ] ] } },
{ "type": "Feature", "properties": { "display_grid_id": "11200_00038", "gu_code": 11200, "gu_name": "성동구", "source_cell_count": 13, "area_m2": 62500.0, "mean_actual_lst": 26.1347, "mean_actual_anomaly": -12.3489, "seoul_anomaly": -12.0559, "pred_anomaly": -11.8857, "pred_anomaly_std": 0.3706, "green_delta_c": 2.027, "building_ratio": 0.0, "green_ratio": 0.1652, "ndvi": -0.257, "impervious_ratio": 0.0243, "built_surface_ratio": 0.0243, "avg_ground_floor_count": 0.0, "elevation_m": 7.0, "albedo": 0.024, "nearest_park_distance_m": 606.0372, "park_area_within_500m": 569.7608, "nearest_stream_distance_m": 0.0, "est_population_density": 0.0, "dong_elderly_ratio": 0.1942, "dong_avg_age": 43.0, "dong_pop_density": 12701.3, "nearest_shelter_distance_m": 541.3044, "shelter_count_within_500m": 0.48, "est_population": 0.0, "est_elderly": 0.0, "shelter_capacity_within_500m": 42.0, "building_form_group": "no_building", "dong_name": "옥수동", "top1_feature": "built_surface_ratio", "top1_shap": -3.2601, "top2_feature": "impervious_ratio", "top2_shap": -2.9516, "top3_feature": "albedo", "top3_shap": -1.4061, "priority_score": 22.1826, "priority_rank": 313 }, "geometry": { "type": "Polygon", "coordinates": [ [ [ 127.021769871795499, 37.537102362091908 ], [ 127.02175548054899, 37.53935568544582 ], [ 127.024585240282605, 37.539367111858759 ], [ 127.024599546384309, 37.537113787580601 ], [ 127.021769871795499, 37.537102362091908 ] ] ] } },
{ "type": "Feature", "properties": { "display_grid_id": "11200_00039", "gu_code": 11200, "gu_name": "성동구", "source_cell_count": 14, "area_m2": 62500.0, "mean_actual_lst": 25.2704, "mean_actual_anomaly": -12.7171, "seoul_anomaly": -12.4241, "pred_anomaly": -11.8647, "pred_anomaly_std": 0.4094, "green_delta_c": 2.0291, "building_ratio": 0.0, "green_ratio": 0.1651, "ndvi": -0.2509, "impervious_ratio": 0.0245, "built_surface_ratio": 0.0245, "avg_ground_floor_count": 0.0, "elevation_m": 7.0, "albedo": 0.0227, "nearest_park_distance_m": 507.9392, "park_area_within_500m": 7383.4308, "nearest_stream_distance_m": 0.0, "est_population_density": 0.0, "dong_elderly_ratio": 0.1942, "dong_avg_age": 43.0, "dong_pop_density": 12701.3, "nearest_shelter_distance_m": 631.9564, "shelter_count_within_500m": 0.0, "est_population": 0.0, "est_elderly": 0.0, "shelter_capacity_within_500m": 0.0, "building_form_group": "no_building", "dong_name": "옥수동", "top1_feature": "built_surface_ratio", "top1_shap": -3.2545, "top2_feature": "impervious_ratio", "top2_shap": -2.9454, "top3_feature": "albedo", "top3_shap": -1.4066, "priority_score": 22.5476, "priority_rank": 311 }, "geometry": { "type": "Polygon", "coordinates": [ [ [ 127.024599546384309, 37.537113787580601 ], [ 127.024585240282605, 37.539367111858759 ], [ 127.027415001609526, 37.53937847046577 ], [ 127.027429222566283, 37.537125145268824 ], [ 127.024599546384309, 37.537113787580601 ] ] ] } },
{ "type": "Feature", "properties": { "display_grid_id": "11200_00040", "gu_code": 11200, "gu_name": "성동구", "source_cell_count": 15, "area_m2": 62500.0, "mean_actual_lst": 25.6381, "mean_actual_anomaly": -12.5761, "seoul_anomaly": -12.2831, "pred_anomaly": -11.8356, "pred_anomaly_std": 0.3555, "green_delta_c": 2.0221, "building_ratio": 0.0, "green_ratio": 0.1652, "ndvi": -0.2594, "impervious_ratio": 0.0247, "built_surface_ratio": 0.0247, "avg_ground_floor_count": 0.0, "elevation_m": 7.0, "albedo": 0.0263, "nearest_park_distance_m": 472.6184, "park_area_within_500m": 13797.5348, "nearest_stream_distance_m": 0.0, "est_population_density": 0.0, "dong_elderly_ratio": 0.1942, "dong_avg_age": 43.0, "dong_pop_density": 12701.3, "nearest_shelter_distance_m": 722.91, "shelter_count_within_500m": 0.0, "est_population": 0.0, "est_elderly": 0.0, "shelter_capacity_within_500m": 0.0, "building_form_group": "no_building", "dong_name": "옥수동", "top1_feature": "built_surface_ratio", "top1_shap": -3.2499, "top2_feature": "impervious_ratio", "top2_shap": -2.9426, "top3_feature": "albedo", "top3_shap": -1.409, "priority_score": 23.1667, "priority_rank": 309 }, "geometry": { "type": "Polygon", "coordinates": [ [ [ 127.027429222566283, 37.537125145268824 ], [ 127.027415001609526, 37.53937847046577 ], [ 127.030244764520262, 37.539389761266698 ], [ 127.030258900331873, 37.537136435156469 ], [ 127.027429222566283, 37.537125145268824 ] ] ] } },
{ "type": "Feature", "properties": { "display_grid_id": "11200_00041", "gu_code": 11200, "gu_name": "성동구", "source_cell_count": 14, "area_m2": 62500.0, "mean_actual_lst": 26.0162, "mean_actual_anomaly": -12.2083, "seoul_anomaly": -11.9153, "pred_anomaly": -11.6784, "pred_anomaly_std": 0.3609, "green_delta_c": 1.8641, "building_ratio": 0.0, "green_ratio": 0.1655, "ndvi": -0.2523, "impervious_ratio": 0.025, "built_surface_ratio": 0.025, "avg_ground_floor_count": 0.0, "elevation_m": 7.0, "albedo": 0.0286, "nearest_park_distance_m": 503.5156, "park_area_within_500m": 8566.0872, "nearest_stream_distance_m": 0.0, "est_population_density": 0.0, "dong_elderly_ratio": 0.1942, "dong_avg_age": 43.0, "dong_pop_density": 12701.3, "nearest_shelter_distance_m": 859.83, "shelter_count_within_500m": 0.0, "est_population": 0.0, "est_elderly": 0.0, "shelter_capacity_within_500m": 0.0, "building_form_group": "no_building", "dong_name": "옥수동", "top1_feature": "built_surface_ratio", "top1_shap": -3.2165, "top2_feature": "impervious_ratio", "top2_shap": -2.9109, "top3_feature": "albedo", "top3_shap": -1.3878, "priority_score": 24.0635, "priority_rank": 299 }, "geometry": { "type": "Polygon", "coordinates": [ [ [ 127.030258900331873, 37.537136435156469 ], [ 127.030244764520262, 37.539389761266698 ], [ 127.033074529005333, 37.539400984261441 ], [ 127.033088579671599, 37.537147657243402 ], [ 127.030258900331873, 37.537136435156469 ] ] ] } },
{ "type": "Feature", "properties": { "display_grid_id": "11200_00042", "gu_code": 11200, "gu_name": "성동구", "source_cell_count": 12, "area_m2": 62500.0, "mean_actual_lst": 29.5225, "mean_actual_anomaly": -9.6164, "seoul_anomaly": -9.3234, "pred_anomaly": -9.2996, "pred_anomaly_std": 0.5765, "green_delta_c": -0.1806, "building_ratio": 0.0, "green_ratio": 0.1781, "ndvi": -0.1778, "impervious_ratio": 0.0381, "built_surface_ratio": 0.0381, "avg_ground_floor_count": 0.0, "elevation_m": 7.0054, "albedo": 0.0414, "nearest_park_distance_m": 584.5172, "park_area_within_500m": 1515.2064, "nearest_stream_distance_m": 0.0, "est_population_density": 0.0, "dong_elderly_ratio": 0.1887, "dong_avg_age": 43.048, "dong_pop_density": 12009.588, "nearest_shelter_distance_m": 916.1668, "shelter_count_within_500m": 0.0, "est_population": 0.0, "est_elderly": 0.0, "shelter_capacity_within_500m": 0.0, "building_form_group": "no_building", "dong_name": "옥수동", "top1_feature": "built_surface_ratio", "top1_shap": -2.6524, "top2_feature": "impervious_ratio", "top2_shap": -2.3609, "top3_feature": "albedo", "top3_shap": -0.753, "priority_score": 30.3175, "priority_rank": 280 }, "geometry": { "type": "Polygon", "coordinates": [ [ [ 127.033088579671599, 37.537147657243402 ], [ 127.033074529005333, 37.539400984261441 ], [ 127.035904295055246, 37.539412139449894 ], [ 127.035918260575997, 37.53715881152953 ], [ 127.033088579671599, 37.537147657243402 ] ] ] } },
{ "type": "Feature", "properties": { "display_grid_id": "11200_00043", "gu_code": 11200, "gu_name": "성동구", "source_cell_count": 14, "area_m2": 62500.0, "mean_actual_lst": 28.2768, "mean_actual_anomaly": -9.8083, "seoul_anomaly": -9.5153, "pred_anomaly": -8.6503, "pred_anomaly_std": 0.6835, "green_delta_c": 0.3767, "building_ratio": 0.0, "green_ratio": 0.185, "ndvi": -0.1319, "impervious_ratio": 0.0626, "built_surface_ratio": 0.0626, "avg_ground_floor_count": 0.0, "elevation_m": 8.4782, "albedo": 0.0475, "nearest_park_distance_m": 540.9996, "park_area_within_500m": 2790.4668, "nearest_stream_distance_m": 2.596, "est_population_density": 0.0, "dong_elderly_ratio": 0.1597, "dong_avg_age": 43.3, "dong_pop_density": 8378.1, "nearest_shelter_distance_m": 706.5232, "shelter_count_within_500m": 0.0, "est_population": 0.0, "est_elderly": 0.0, "shelter_capacity_within_500m": 0.0, "building_form_group": "no_building", "dong_name": "성수1가1동", "top1_feature": "built_surface_ratio", "top1_shap": -2.3845, "top2_feature": "impervious_ratio", "top2_shap": -2.0737, "top3_feature": "albedo", "top3_shap": -0.7712, "priority_score": 27.3968, "priority_rank": 285 }, "geometry": { "type": "Polygon", "coordinates": [ [ [ 127.035918260575997, 37.53715881152953 ], [ 127.035904295055246, 37.539412139449894 ], [ 127.038734062660552, 37.539423226831914 ], [ 127.038747943035631, 37.53716989801471 ], [ 127.035918260575997, 37.53715881152953 ] ] ] } },
{ "type": "Feature", "properties": { "display_grid_id": "11200_00044", "gu_code": 11200, "gu_name": "성동구", "source_cell_count": 12, "area_m2": 62500.0, "mean_actual_lst": 31.9503, "mean_actual_anomaly": -6.3562, "seoul_anomaly": -6.0632, "pred_anomaly": -4.5949, "pred_anomaly_std": 0.7765, "green_delta_c": -0.3183, "building_ratio": 0.0072, "green_ratio": 0.2733, "ndvi": 0.0708, "impervious_ratio": 0.1622, "built_surface_ratio": 0.1622, "avg_ground_floor_count": 0.16, "elevation_m": 12.2638, "albedo": 0.086, "nearest_park_distance_m": 310.4564, "park_area_within_500m": 67772.1684, "nearest_stream_distance_m": 33.4696, "est_population_density": 0.0, "dong_elderly_ratio": 0.1597, "dong_avg_age": 43.3, "dong_pop_density": 8378.1, "nearest_shelter_distance_m": 486.464, "shelter_count_within_500m": 0.72, "est_population": 0.0, "est_elderly": 0.0, "shelter_capacity_within_500m": 78.0, "building_form_group": "no_building", "dong_name": "성수1가1동", "top1_feature": "built_surface_ratio", "top1_shap": -0.9815, "top2_feature": "impervious_ratio", "top2_shap": -0.8769, "top3_feature": "building_ratio", "top3_shap": -0.4153, "priority_score": 31.0635, "priority_rank": 277 }, "geometry": { "type": "Polygon", "coordinates": [ [ [ 127.038747943035631, 37.53716989801471 ], [ 127.038734062660552, 37.539423226831914 ], [ 127.041563831811743, 37.53943424640741 ], [ 127.041577627040922, 37.537180916698851 ], [ 127.038747943035631, 37.53716989801471 ] ] ] } },
{ "type": "Feature", "properties": { "display_grid_id": "11200_00045", "gu_code": 11200, "gu_name": "성동구", "source_cell_count": 16, "area_m2": 62500.0, "mean_actual_lst": 35.8652, "mean_actual_anomaly": -2.5101, "seoul_anomaly": -2.2172, "pred_anomaly": -0.4916, "pred_anomaly_std": 0.9315, "green_delta_c": -0.4363, "building_ratio": 0.0262, "green_ratio": 0.2672, "ndvi": 0.2005, "impervious_ratio": 0.3831, "built_surface_ratio": 0.3831, "avg_ground_floor_count": 7.5581, "elevation_m": 16.4638, "albedo": 0.1052, "nearest_park_distance_m": 70.1456, "park_area_within_500m": 204025.2652, "nearest_stream_distance_m": 105.3172, "est_population_density": 16929.6, "dong_elderly_ratio": 0.1597, "dong_avg_age": 43.3, "dong_pop_density": 8378.1, "nearest_shelter_distance_m": 287.4652, "shelter_count_within_500m": 3.68, "est_population": 1058.1, "est_elderly": 169.0, "shelter_capacity_within_500m": 358.5, "building_form_group": "no_building", "dong_name": "성수1가1동", "top1_feature": "impervious_ratio", "top1_shap": 0.4943, "top2_feature": "built_surface_ratio", "top2_shap": 0.4247, "top3_feature": "building_ratio", "top3_shap": -0.3371, "priority_score": 49.0, "priority_rank": 174 }, "geometry": { "type": "Polygon", "coordinates": [ [ [ 127.041577627040922, 37.537180916698851 ], [ 127.041563831811743, 37.53943424640741 ], [ 127.044393602499341, 37.53944519817626 ], [ 127.04440731258245, 37.537191867581832 ], [ 127.041577627040922, 37.537180916698851 ] ] ] } },
{ "type": "Feature", "properties": { "display_grid_id": "11200_00046", "gu_code": 11200, "gu_name": "성동구", "source_cell_count": 12, "area_m2": 62500.0, "mean_actual_lst": 38.7412, "mean_actual_anomaly": 0.3914, "seoul_anomaly": 0.6844, "pred_anomaly": 1.5504, "pred_anomaly_std": 0.7861, "green_delta_c": -0.144, "building_ratio": 0.1899, "green_ratio": 0.2386, "ndvi": 0.1844, "impervious_ratio": 0.4656, "built_surface_ratio": 0.4656, "avg_ground_floor_count": 21.7627, "elevation_m": 19.956, "albedo": 0.1182, "nearest_park_distance_m": 0.8728, "park_area_within_500m": 317387.7684, "nearest_stream_distance_m": 184.3988, "est_population_density": 55148.0, "dong_elderly_ratio": 0.1597, "dong_avg_age": 43.3, "dong_pop_density": 8378.1, "nearest_shelter_distance_m": 238.7692, "shelter_count_within_500m": 8.72, "est_population": 3446.8, "est_elderly": 550.5, "shelter_capacity_within_500m": 896.0, "building_form_group": "high_floor_low_density", "dong_name": "성수1가1동", "top1_feature": "built_surface_ratio", "top1_shap": 0.5593, "top2_feature": "impervious_ratio", "top2_shap": 0.5446, "top3_feature": "avg_ground_floor_count", "top3_shap": -0.3961, "priority_score": 54.5079, "priority_rank": 121 }, "geometry": { "type": "Polygon", "coordinates": [ [ [ 127.04440731258245, 37.537191867581832 ], [ 127.044393602499341, 37.53944519817626 ], [ 127.047223374713866, 37.539456082138351 ], [ 127.047236999650721, 37.537202750663532 ], [ 127.04440731258245, 37.537191867581832 ] ] ] } },
{ "type": "Feature", "properties": { "display_grid_id": "11200_00047", "gu_code": 11200, "gu_name": "성동구", "source_cell_count": 15, "area_m2": 62500.0, "mean_actual_lst": 41.7501, "mean_actual_anomaly": 3.573, "seoul_anomaly": 3.866, "pred_anomaly": 4.2166, "pred_anomaly_std": 0.6231, "green_delta_c": -0.1787, "building_ratio": 0.5057, "green_ratio": 0.212, "ndvi": 0.1171, "impervious_ratio": 0.5276, "built_surface_ratio": 0.5276, "avg_ground_floor_count": 2.501, "elevation_m": 20.39, "albedo": 0.1258, "nearest_park_distance_m": 0.0, "park_area_within_500m": 447210.2236, "nearest_stream_distance_m": 262.7824, "est_population_density": 33475.2, "dong_elderly_ratio": 0.1597, "dong_avg_age": 43.3, "dong_pop_density": 8378.1, "nearest_shelter_distance_m": 127.6688, "shelter_count_within_500m": 12.2, "est_population": 2092.2, "est_elderly": 334.2, "shelter_capacity_within_500m": 1225.3, "building_form_group": "low_floor_high_density", "dong_name": "성수1가1동", "top1_feature": "building_ratio", "top1_shap": 0.8063, "top2_feature": "built_surface_ratio", "top2_shap": 0.6769, "top3_feature": "impervious_ratio", "top3_shap": 0.6461, "priority_score": 62.5873, "priority_rank": 61 }, "geometry": { "type": "Polygon", "coordinates": [ [ [ 127.047236999650721, 37.537202750663532 ], [ 127.047223374713866, 37.539456082138351 ], [ 127.050053148445812, 37.539466898293561 ], [ 127.050066688236271, 37.537213565943851 ], [ 127.047236999650721, 37.537202750663532 ] ] ] } },
{ "type": "Feature", "properties": { "display_grid_id": "11200_00048", "gu_code": 11200, "gu_name": "성동구", "source_cell_count": 14, "area_m2": 62500.0, "mean_actual_lst": 42.1571, "mean_actual_anomaly": 3.7918, "seoul_anomaly": 4.0848, "pred_anomaly": 4.1252, "pred_anomaly_std": 0.5608, "green_delta_c": -0.2271, "building_ratio": 0.4362, "green_ratio": 0.2091, "ndvi": 0.1107, "impervious_ratio": 0.5131, "built_surface_ratio": 0.5131, "avg_ground_floor_count": 2.6068, "elevation_m": 18.7898, "albedo": 0.1328, "nearest_park_distance_m": 0.0, "park_area_within_500m": 481785.2852, "nearest_stream_distance_m": 338.5112, "est_population_density": 30428.8, "dong_elderly_ratio": 0.18, "dong_avg_age": 44.644, "dong_pop_density": 10632.372, "nearest_shelter_distance_m": 128.4112, "shelter_count_within_500m": 11.96, "est_population": 1901.8, "est_elderly": 341.5, "shelter_capacity_within_500m": 1283.3, "building_form_group": "low_floor_high_density", "dong_name": "성수1가1동", "top1_feature": "built_surface_ratio", "top1_shap": 0.6494, "top2_feature": "impervious_ratio", "top2_shap": 0.6339, "top3_feature": "building_ratio", "top3_shap": 0.6014, "priority_score": 65.5238, "priority_rank": 44 }, "geometry": { "type": "Polygon", "coordinates": [ [ [ 127.050066688236271, 37.537213565943851 ], [ 127.050053148445812, 37.539466898293561 ], [ 127.052882923685758, 37.539477646641792 ], [ 127.052896378329606, 37.537224313422655 ], [ 127.050066688236271, 37.537213565943851 ] ] ] } },
{ "type": "Feature", "properties": { "display_grid_id": "11200_00049", "gu_code": 11200, "gu_name": "성동구", "source_cell_count": 16, "area_m2": 62500.0, "mean_actual_lst": 43.0699, "mean_actual_anomaly": 4.4827, "seoul_anomaly": 4.7757, "pred_anomaly": 4.2155, "pred_anomaly_std": 0.6438, "green_delta_c": -0.2888, "building_ratio": 0.4293, "green_ratio": 0.2024, "ndvi": 0.111, "impervious_ratio": 0.5526, "built_surface_ratio": 0.5526, "avg_ground_floor_count": 2.7691, "elevation_m": 18.6671, "albedo": 0.1297, "nearest_park_distance_m": 5.2936, "park_area_within_500m": 466416.3724, "nearest_stream_distance_m": 423.6268, "est_population_density": 25912.8, "dong_elderly_ratio": 0.2019, "dong_avg_age": 46.1, "dong_pop_density": 13074.5, "nearest_shelter_distance_m": 142.068, "shelter_count_within_500m": 11.84, "est_population": 1619.5, "est_elderly": 327.0, "shelter_capacity_within_500m": 1303.3, "building_form_group": "low_floor_high_density", "dong_name": "성수2가1동", "top1_feature": "built_surface_ratio", "top1_shap": 0.6999, "top2_feature": "impervious_ratio", "top2_shap": 0.6698, "top3_feature": "building_ratio", "top3_shap": 0.4961, "priority_score": 69.9682, "priority_rank": 28 }, "geometry": { "type": "Polygon", "coordinates": [ [ [ 127.052896378329606, 37.537224313422655 ], [ 127.052882923685758, 37.539477646641792 ], [ 127.055712700424138, 37.539488327182923 ], [ 127.055726069921249, 37.537234993099844 ], [ 127.052896378329606, 37.537224313422655 ] ] ] } },
{ "type": "Feature", "properties": { "display_grid_id": "11200_00050", "gu_code": 11200, "gu_name": "성동구", "source_cell_count": 15, "area_m2": 62500.0, "mean_actual_lst": 42.1956, "mean_actual_anomaly": 3.7693, "seoul_anomaly": 4.0623, "pred_anomaly": 3.5688, "pred_anomaly_std": 0.647, "green_delta_c": -0.3332, "building_ratio": 0.3628, "green_ratio": 0.19, "ndvi": 0.1267, "impervious_ratio": 0.6024, "built_surface_ratio": 0.6024, "avg_ground_floor_count": 4.2754, "elevation_m": 17.9488, "albedo": 0.1269, "nearest_park_distance_m": 34.1128, "park_area_within_500m": 409684.5524, "nearest_stream_distance_m": 514.418, "est_population_density": 18104.8, "dong_elderly_ratio": 0.2019, "dong_avg_age": 46.1, "dong_pop_density": 13074.5, "nearest_shelter_distance_m": 98.5872, "shelter_count_within_500m": 8.32, "est_population": 1131.6, "est_elderly": 228.4, "shelter_capacity_within_500m": 939.3, "building_form_group": "low_floor_high_density", "dong_name": "성수2가1동", "top1_feature": "built_surface_ratio", "top1_shap": 0.7716, "top2_feature": "impervious_ratio", "top2_shap": 0.714, "top3_feature": "building_ratio", "top3_shap": 0.4864, "priority_score": 65.4444, "priority_rank": 46 }, "geometry": { "type": "Polygon", "coordinates": [ [ [ 127.055726069921249, 37.537234993099844 ], [ 127.055712700424138, 37.539488327182923 ], [ 127.058542478651546, 37.539498939916854 ], [ 127.058555763001678, 37.537245604975332 ], [ 127.055726069921249, 37.537234993099844 ] ] ] } },
{ "type": "Feature", "properties": { "display_grid_id": "11200_00051", "gu_code": 11200, "gu_name": "성동구", "source_cell_count": 11, "area_m2": 62249.94, "mean_actual_lst": 42.0633, "mean_actual_anomaly": 3.5524, "seoul_anomaly": 3.8454, "pred_anomaly": 4.0578, "pred_anomaly_std": 0.8637, "green_delta_c": -0.3633, "building_ratio": 0.3772, "green_ratio": 0.1727, "ndvi": 0.1025, "impervious_ratio": 0.6414, "built_surface_ratio": 0.6414, "avg_ground_floor_count": 3.7673, "elevation_m": 17.9069, "albedo": 0.1361, "nearest_park_distance_m": 79.1983, "park_area_within_500m": 323906.3609, "nearest_stream_distance_m": 616.6284, "est_population_density": 8998.5868, "dong_elderly_ratio": 0.2019, "dong_avg_age": 46.1, "dong_pop_density": 13074.5, "nearest_shelter_distance_m": 92.3746, "shelter_count_within_500m": 7.3574, "est_population": 560.2, "est_elderly": 113.1, "shelter_capacity_within_500m": 1081.4, "building_form_group": "low_floor_high_density", "dong_name": "성수2가1동", "top1_feature": "built_surface_ratio", "top1_shap": 0.8602, "top2_feature": "impervious_ratio", "top2_shap": 0.7876, "top3_feature": "building_ratio", "top3_shap": 0.3497, "priority_score": 63.4127, "priority_rank": 53 }, "geometry": { "type": "Polygon", "coordinates": [ [ [ 127.058555763001678, 37.537245604975332 ], [ 127.058542478651546, 37.539498939916854 ], [ 127.06137225835846, 37.539509484843457 ], [ 127.06138370723896, 37.537554974328991 ], [ 127.061214715578316, 37.537255514748516 ], [ 127.058555763001678, 37.537245604975332 ] ] ] } },
{ "type": "Feature", "properties": { "display_grid_id": "11200_00052", "gu_code": 11200, "gu_name": "성동구", "source_cell_count": 7, "area_m2": 10697.53, "mean_actual_lst": 41.7184, "mean_actual_anomaly": 3.4554, "seoul_anomaly": 3.7484, "pred_anomaly": 3.8069, "pred_anomaly_std": 0.6988, "green_delta_c": -0.2455, "building_ratio": 0.3893, "green_ratio": 0.1822, "ndvi": 0.0618, "impervious_ratio": 0.5585, "built_surface_ratio": 0.5585, "avg_ground_floor_count": 3.7356, "elevation_m": 19.3097, "albedo": 0.124, "nearest_park_distance_m": 61.8126, "park_area_within_500m": 302896.3314, "nearest_stream_distance_m": 723.8324, "est_population_density": 45.7014, "dong_elderly_ratio": 0.2019, "dong_avg_age": 46.1, "dong_pop_density": 13074.5, "nearest_shelter_distance_m": 122.2348, "shelter_count_within_500m": 6.5397, "est_population": 0.5, "est_elderly": 0.1, "shelter_capacity_within_500m": 436.8, "building_form_group": "high_floor_high_density", "dong_name": "성수2가1동", "top1_feature": "built_surface_ratio", "top1_shap": 0.7711, "top2_feature": "impervious_ratio", "top2_shap": 0.7076, "top3_feature": "building_ratio", "top3_shap": 0.5625, "priority_score": 53.6746, "priority_rank": 125 }, "geometry": { "type": "Polygon", "coordinates": [ [ [ 127.06137225835846, 37.539509484843457 ], [ 127.06248905525932, 37.539513627826864 ], [ 127.06138370723896, 37.537554974328991 ], [ 127.06137225835846, 37.539509484843457 ] ] ] } },
{ "type": "Feature", "properties": { "display_grid_id": "11200_00053", "gu_code": 11200, "gu_name": "성동구", "source_cell_count": 6, "area_m2": 22482.44, "mean_actual_lst": 37.8795, "mean_actual_anomaly": -0.6829, "seoul_anomaly": -0.39, "pred_anomaly": 0.1095, "pred_anomaly_std": 0.8156, "green_delta_c": -0.4144, "building_ratio": 0.2344, "green_ratio": 0.3854, "ndvi": 0.3271, "impervious_ratio": 0.4227, "built_surface_ratio": 0.4227, "avg_ground_floor_count": 5.3734, "elevation_m": 93.1263, "albedo": 0.1236, "nearest_park_distance_m": 159.1146, "park_area_within_500m": 92676.2508, "nearest_stream_distance_m": 722.6255, "est_population_density": 32226.5227, "dong_elderly_ratio": 0.1942, "dong_avg_age": 43.0, "dong_pop_density": 12701.3, "nearest_shelter_distance_m": 129.1188, "shelter_count_within_500m": 7.4151, "est_population": 724.5, "est_elderly": 140.8, "shelter_capacity_within_500m": 457.6, "building_form_group": "high_floor_low_density", "dong_name": "옥수동", "top1_feature": "green_ratio", "top1_shap": -0.5916, "top2_feature": "ndvi", "top2_shap": -0.5767, "top3_feature": "impervious_ratio", "top3_shap": 0.3825, "priority_score": 44.8095, "priority_rank": 214 }, "geometry": { "type": "Polygon", "coordinates": [ [ [ 127.010421724272803, 37.541562620471929 ], [ 127.010436408687568, 37.539316803748257 ], [ 127.01016106, 37.53936215 ], [ 127.0099452, 37.53938835 ], [ 127.009923630000017, 37.5393954 ], [ 127.00983135, 37.53945396 ], [ 127.009760480000011, 37.53962291 ], [ 127.00949822, 37.53992918 ], [ 127.0094087, 37.54003372 ], [ 127.009292050000013, 37.54043271 ], [ 127.00925158, 37.5405732 ], [ 127.00925955, 37.54064838 ], [ 127.0092785, 37.5410482 ], [ 127.00920905, 37.54127485 ], [ 127.009020384926586, 37.541556802213364 ], [ 127.010421724272803, 37.541562620471929 ] ] ] } },
{ "type": "Feature", "properties": { "display_grid_id": "11200_00054", "gu_code": 11200, "gu_name": "성동구", "source_cell_count": 14, "area_m2": 62481.66, "mean_actual_lst": 39.0153, "mean_actual_anomaly": 0.5806, "seoul_anomaly": 0.8735, "pred_anomaly": 1.5288, "pred_anomaly_std": 0.8007, "green_delta_c": -0.4345, "building_ratio": 0.2355, "green_ratio": 0.2692, "ndvi": 0.2318, "impervious_ratio": 0.4654, "built_surface_ratio": 0.4654, "avg_ground_floor_count": 6.2283, "elevation_m": 69.5664, "albedo": 0.1172, "nearest_park_distance_m": 175.5044, "park_area_within_500m": 81584.5048, "nearest_stream_distance_m": 578.4042, "est_population_density": 35550.9541, "dong_elderly_ratio": 0.1942, "dong_avg_age": 43.0, "dong_pop_density": 12701.3, "nearest_shelter_distance_m": 102.9818, "shelter_count_within_500m": 10.9201, "est_population": 2221.3, "est_elderly": 431.4, "shelter_capacity_within_500m": 1436.5, "building_form_group": "high_floor_low_density", "dong_name": "옥수동", "top1_feature": "impervious_ratio", "top1_shap": 0.5807, "top2_feature": "built_surface_ratio", "top2_shap": 0.5511, "top3_feature": "ndvi", "top3_shap": -0.1828, "priority_score": 55.619, "priority_rank": 117 }, "geometry": { "type": "Polygon", "coordinates": [ [ [ 127.010421724272803, 37.541562620471929 ], [ 127.013251562691892, 37.541574319053765 ], [ 127.013266211002787, 37.539320999372428 ], [ 127.012676013002022, 37.539318565208411 ], [ 127.0126123, 37.53934252 ], [ 127.01253524573788, 37.539317984203812 ], [ 127.010480844212822, 37.539309485745193 ], [ 127.010436408687568, 37.539316803748257 ], [ 127.010421724272803, 37.541562620471929 ] ] ] } },
{ "type": "Feature", "properties": { "display_grid_id": "11200_00055", "gu_code": 11200, "gu_name": "성동구", "source_cell_count": 10, "area_m2": 62500.0, "mean_actual_lst": 38.2217, "mean_actual_anomaly": -0.2768, "seoul_anomaly": 0.0161, "pred_anomaly": 0.8743, "pred_anomaly_std": 0.7814, "green_delta_c": -0.4159, "building_ratio": 0.1856, "green_ratio": 0.2727, "ndvi": 0.2301, "impervious_ratio": 0.3903, "built_surface_ratio": 0.3903, "avg_ground_floor_count": 11.7658, "elevation_m": 46.5434, "albedo": 0.119, "nearest_park_distance_m": 339.6736, "park_area_within_500m": 28559.9576, "nearest_stream_distance_m": 356.5344, "est_population_density": 53993.6, "dong_elderly_ratio": 0.1942, "dong_avg_age": 43.0, "dong_pop_density": 12701.3, "nearest_shelter_distance_m": 72.4992, "shelter_count_within_500m": 13.04, "est_population": 3374.6, "est_elderly": 655.3, "shelter_capacity_within_500m": 1771.0, "building_form_group": "high_floor_low_density", "dong_name": "옥수동", "top1_feature": "built_surface_ratio", "top1_shap": 0.5267, "top2_feature": "impervious_ratio", "top2_shap": 0.5181, "top3_feature": "avg_ground_floor_count", "top3_shap": -0.2984, "priority_score": 50.6508, "priority_rank": 152 }, "geometry": { "type": "Polygon", "coordinates": [ [ [ 127.013266211002787, 37.539320999372428 ], [ 127.013251562691892, 37.541574319053765 ], [ 127.016081402742401, 37.541585949824629 ], [ 127.016095965899609, 37.539332629202526 ], [ 127.013266211002787, 37.539320999372428 ] ] ] } },
{ "type": "Feature", "properties": { "display_grid_id": "11200_00056", "gu_code": 11200, "gu_name": "성동구", "source_cell_count": 12, "area_m2": 62500.0, "mean_actual_lst": 38.7809, "mean_actual_anomaly": -0.0556, "seoul_anomaly": 0.2374, "pred_anomaly": 2.0556, "pred_anomaly_std": 0.9794, "green_delta_c": -0.4171, "building_ratio": 0.1671, "green_ratio": 0.1992, "ndvi": 0.1315, "impervious_ratio": 0.5437, "built_surface_ratio": 0.5437, "avg_ground_floor_count": 6.2831, "elevation_m": 24.3362, "albedo": 0.1175, "nearest_park_distance_m": 533.7336, "park_area_within_500m": 1065.344, "nearest_stream_distance_m": 168.8688, "est_population_density": 30248.8, "dong_elderly_ratio": 0.1942, "dong_avg_age": 43.0, "dong_pop_density": 12701.3, "nearest_shelter_distance_m": 70.8432, "shelter_count_within_500m": 11.6, "est_population": 1890.5, "est_elderly": 367.1, "shelter_capacity_within_500m": 1584.5, "building_form_group": "high_floor_low_density", "dong_name": "옥수동", "top1_feature": "built_surface_ratio", "top1_shap": 0.7699, "top2_feature": "impervious_ratio", "top2_shap": 0.7555, "top3_feature": "ndvi", "top3_shap": 0.2936, "priority_score": 52.9683, "priority_rank": 133 }, "geometry": { "type": "Polygon", "coordinates": [ [ [ 127.016095965899609, 37.539332629202526 ], [ 127.016081402742401, 37.541585949824629 ], [ 127.018911244414852, 37.541597512784413 ], [ 127.018925722418174, 37.539344191227023 ], [ 127.016095965899609, 37.539332629202526 ] ] ] } },
{ "type": "Feature", "properties": { "display_grid_id": "11200_00057", "gu_code": 11200, "gu_name": "성동구", "source_cell_count": 13, "area_m2": 62500.0, "mean_actual_lst": 32.6613, "mean_actual_anomaly": -5.9925, "seoul_anomaly": -5.6995, "pred_anomaly": -4.5922, "pred_anomaly_std": 1.0602, "green_delta_c": -0.2754, "building_ratio": 0.0246, "green_ratio": 0.2039, "ndvi": -0.063, "impervious_ratio": 0.1851, "built_surface_ratio": 0.1851, "avg_ground_floor_count": 0.7284, "elevation_m": 11.3302, "albedo": 0.0741, "nearest_park_distance_m": 702.2256, "park_area_within_500m": 0.0, "nearest_stream_distance_m": 31.972, "est_population_density": 1812.0, "dong_elderly_ratio": 0.1945, "dong_avg_age": 43.02, "dong_pop_density": 12849.464, "nearest_shelter_distance_m": 208.7792, "shelter_count_within_500m": 8.12, "est_population": 113.3, "est_elderly": 22.0, "shelter_capacity_within_500m": 1144.0, "building_form_group": "no_building", "dong_name": "옥수동", "top1_feature": "built_surface_ratio", "top1_shap": -1.1875, "top2_feature": "impervious_ratio", "top2_shap": -1.002, "top3_feature": "building_ratio", "top3_shap": -0.388, "priority_score": 35.0476, "priority_rank": 269 }, "geometry": { "type": "Polygon", "coordinates": [ [ [ 127.018925722418174, 37.539344191227023 ], [ 127.018911244414852, 37.541597512784413 ], [ 127.021741087699723, 37.541609007933005 ], [ 127.02175548054899, 37.53935568544582 ], [ 127.018925722418174, 37.539344191227023 ] ] ] } },
{ "type": "Feature", "properties": { "display_grid_id": "11200_00058", "gu_code": 11200, "gu_name": "성동구", "source_cell_count": 15, "area_m2": 62500.0, "mean_actual_lst": 28.6312, "mean_actual_anomaly": -9.9313, "seoul_anomaly": -9.6383, "pred_anomaly": -10.3713, "pred_anomaly_std": 0.5033, "green_delta_c": 0.9201, "building_ratio": 0.0, "green_ratio": 0.1832, "ndvi": -0.1968, "impervious_ratio": 0.0299, "built_surface_ratio": 0.0299, "avg_ground_floor_count": 0.0, "elevation_m": 7.391, "albedo": 0.0354, "nearest_park_distance_m": 695.632, "park_area_within_500m": 0.0, "nearest_stream_distance_m": 1.2608, "est_population_density": 0.0, "dong_elderly_ratio": 0.1959, "dong_avg_age": 43.1, "dong_pop_density": 13442.12, "nearest_shelter_distance_m": 346.82, "shelter_count_within_500m": 3.64, "est_population": 0.0, "est_elderly": 0.0, "shelter_capacity_within_500m": 439.0, "building_form_group": "no_building", "dong_name": "옥수동", "top1_feature": "built_surface_ratio", "top1_shap": -2.9897, "top2_feature": "impervious_ratio", "top2_shap": -2.7017, "top3_feature": "albedo", "top3_shap": -1.056, "priority_score": 23.9444, "priority_rank": 302 }, "geometry": { "type": "Polygon", "coordinates": [ [ [ 127.02175548054899, 37.53935568544582 ], [ 127.021741087699723, 37.541609007933005 ], [ 127.024570932587608, 37.541620435270275 ], [ 127.024585240282605, 37.539367111858759 ], [ 127.02175548054899, 37.53935568544582 ] ] ] } },
{ "type": "Feature", "properties": { "display_grid_id": "11200_00059", "gu_code": 11200, "gu_name": "성동구", "source_cell_count": 12, "area_m2": 62500.0, "mean_actual_lst": 26.2794, "mean_actual_anomaly": -11.8597, "seoul_anomaly": -11.5667, "pred_anomaly": -11.3674, "pred_anomaly_std": 0.4427, "green_delta_c": 1.5443, "building_ratio": 0.0, "green_ratio": 0.1698, "ndvi": -0.2317, "impervious_ratio": 0.0262, "built_surface_ratio": 0.0262, "avg_ground_floor_count": 0.0, "elevation_m": 7.0, "albedo": 0.0276, "nearest_park_distance_m": 692.0012, "park_area_within_500m": 0.0, "nearest_stream_distance_m": 0.0, "est_population_density": 0.0, "dong_elderly_ratio": 0.1942, "dong_avg_age": 43.0, "dong_pop_density": 12701.3, "nearest_shelter_distance_m": 386.5084, "shelter_count_within_500m": 1.64, "est_population": 0.0, "est_elderly": 0.0, "shelter_capacity_within_500m": 182.0, "building_form_group": "no_building", "dong_name": "옥수동", "top1_feature": "built_surface_ratio", "top1_shap": -3.1639, "top2_feature": "impervious_ratio", "top2_shap": -2.8581, "top3_feature": "albedo", "top3_shap": -1.3118, "priority_score": 22.4127, "priority_rank": 312 }, "geometry": { "type": "Polygon", "coordinates": [ [ [ 127.024585240282605, 37.539367111858759 ], [ 127.024570932587608, 37.541620435270275 ], [ 127.027400779068969, 37.541631794796096 ], [ 127.027415001609526, 37.53937847046577 ], [ 127.024585240282605, 37.539367111858759 ] ] ] } },
{ "type": "Feature", "properties": { "display_grid_id": "11200_00060", "gu_code": 11200, "gu_name": "성동구", "source_cell_count": 13, "area_m2": 62500.0, "mean_actual_lst": 28.1312, "mean_actual_anomaly": -10.3127, "seoul_anomaly": -10.0197, "pred_anomaly": -8.5167, "pred_anomaly_std": 0.7876, "green_delta_c": 0.4039, "building_ratio": 0.0, "green_ratio": 0.2208, "ndvi": -0.086, "impervious_ratio": 0.0658, "built_surface_ratio": 0.0658, "avg_ground_floor_count": 0.0, "elevation_m": 9.2079, "albedo": 0.0572, "nearest_park_distance_m": 714.87, "park_area_within_500m": 0.0, "nearest_stream_distance_m": 11.9536, "est_population_density": 0.0, "dong_elderly_ratio": 0.1942, "dong_avg_age": 43.0, "dong_pop_density": 12701.3, "nearest_shelter_distance_m": 525.606, "shelter_count_within_500m": 0.44, "est_population": 0.0, "est_elderly": 0.0, "shelter_capacity_within_500m": 27.5, "building_form_group": "no_building", "dong_name": "옥수동", "top1_feature": "built_surface_ratio", "top1_shap": -2.3399, "top2_feature": "impervious_ratio", "top2_shap": -2.0504, "top3_feature": "albedo", "top3_shap": -0.7929, "priority_score": 24.7778, "priority_rank": 292 }, "geometry": { "type": "Polygon", "coordinates": [ [ [ 127.027415001609526, 37.53937847046577 ], [ 127.027400779068969, 37.541631794796096 ], [ 127.030230627134316, 37.541643086510391 ], [ 127.030244764520262, 37.539389761266698 ], [ 127.027415001609526, 37.53937847046577 ] ] ] } },
{ "type": "Feature", "properties": { "display_grid_id": "11200_00061", "gu_code": 11200, "gu_name": "성동구", "source_cell_count": 11, "area_m2": 62500.0, "mean_actual_lst": 30.3321, "mean_actual_anomaly": -8.1856, "seoul_anomaly": -7.8926, "pred_anomaly": -6.2613, "pred_anomaly_std": 0.9516, "green_delta_c": -0.3395, "building_ratio": 0.0, "green_ratio": 0.2743, "ndvi": 0.0491, "impervious_ratio": 0.1064, "built_surface_ratio": 0.1064, "avg_ground_floor_count": 0.0, "elevation_m": 10.0612, "albedo": 0.0822, "nearest_park_distance_m": 752.2252, "park_area_within_500m": 0.0, "nearest_stream_distance_m": 32.9144, "est_population_density": 0.0, "dong_elderly_ratio": 0.1928, "dong_avg_age": 43.012, "dong_pop_density": 12528.372, "nearest_shelter_distance_m": 737.1276, "shelter_count_within_500m": 0.0, "est_population": 0.0, "est_elderly": 0.0, "shelter_capacity_within_500m": 0.0, "building_form_group": "no_building", "dong_name": "옥수동", "top1_feature": "built_surface_ratio", "top1_shap": -1.6916, "top2_feature": "impervious_ratio", "top2_shap": -1.4069, "top3_feature": "albedo", "top3_shap": -0.478, "priority_score": 33.254, "priority_rank": 273 }, "geometry": { "type": "Polygon", "coordinates": [ [ [ 127.030244764520262, 37.539389761266698 ], [ 127.030230627134316, 37.541643086510391 ], [ 127.03306047677421, 37.541654310412994 ], [ 127.033074529005333, 37.539400984261441 ], [ 127.030244764520262, 37.539389761266698 ] ] ] } },
{ "type": "Feature", "properties": { "display_grid_id": "11200_00062", "gu_code": 11200, "gu_name": "성동구", "source_cell_count": 14, "area_m2": 62500.0, "mean_actual_lst": 34.5163, "mean_actual_anomaly": -4.155, "seoul_anomaly": -3.862, "pred_anomaly": -2.5367, "pred_anomaly_std": 1.1581, "green_delta_c": -0.5677, "building_ratio": 0.0, "green_ratio": 0.3109, "ndvi": 0.1545, "impervious_ratio": 0.2486, "built_surface_ratio": 0.2486, "avg_ground_floor_count": 0.0, "elevation_m": 14.4461, "albedo": 0.1039, "nearest_park_distance_m": 699.1476, "park_area_within_500m": 0.0, "nearest_stream_distance_m": 73.2184, "est_population_density": 0.0, "dong_elderly_ratio": 0.1707, "dong_avg_age": 43.204, "dong_pop_density": 9761.524, "nearest_shelter_distance_m": 880.186, "shelter_count_within_500m": 0.0, "est_population": 0.0, "est_elderly": 0.0, "shelter_capacity_within_500m": 0.0, "building_form_group": "no_building", "dong_name": "성수1가1동", "top1_feature": "impervious_ratio", "top1_shap": 0.007, "top2_feature": "built_surface_ratio", "top2_shap": -0.3176, "top3_feature": "building_ratio", "top3_shap": -0.4919, "priority_score": 40.5952, "priority_rank": 243 }, "geometry": { "type": "Polygon", "coordinates": [ [ [ 127.033074529005333, 37.539400984261441 ], [ 127.03306047677421, 37.541654310412994 ], [ 127.035890327979118, 37.541665466503822 ], [ 127.035904295055246, 37.539412139449894 ], [ 127.033074529005333, 37.539400984261441 ] ] ] } },
{ "type": "Feature", "properties": { "display_grid_id": "11200_00063", "gu_code": 11200, "gu_name": "성동구", "source_cell_count": 12, "area_m2": 62500.0, "mean_actual_lst": 35.9131, "mean_actual_anomaly": -2.0721, "seoul_anomaly": -1.7791, "pred_anomaly": -0.5155, "pred_anomaly_std": 0.9501, "green_delta_c": -0.214, "building_ratio": 0.0005, "green_ratio": 0.4112, "ndvi": 0.3431, "impervious_ratio": 0.3497, "built_surface_ratio": 0.3497, "avg_ground_floor_count": 0.08, "elevation_m": 19.1704, "albedo": 0.1318, "nearest_park_distance_m": 474.0384, "park_area_within_500m": 6719.5124, "nearest_stream_distance_m": 154.0132, "est_population_density": 0.0, "dong_elderly_ratio": 0.1597, "dong_avg_age": 43.3, "dong_pop_density": 8378.1, "nearest_shelter_distance_m": 672.0, "shelter_count_within_500m": 0.0, "est_population": 0.0, "est_elderly": 0.0, "shelter_capacity_within_500m": 0.0, "building_form_group": "no_building", "dong_name": "성수1가1동", "top1_feature": "impervious_ratio", "top1_shap": 0.6568, "top2_feature": "ndvi", "top2_shap": -0.5326, "top3_feature": "built_surface_ratio", "top3_shap": 0.4701, "priority_score": 31.0635, "priority_rank": 278 }, "geometry": { "type": "Polygon", "coordinates": [ [ [ 127.035904295055246, 37.539412139449894 ], [ 127.035890327979118, 37.541665466503822 ], [ 127.038720180739617, 37.541676554782732 ], [ 127.038734062660552, 37.539423226831914 ], [ 127.035904295055246, 37.539412139449894 ] ] ] } },
{ "type": "Feature", "properties": { "display_grid_id": "11200_00064", "gu_code": 11200, "gu_name": "성동구", "source_cell_count": 11, "area_m2": 62500.0, "mean_actual_lst": 35.9419, "mean_actual_anomaly": -2.0522, "seoul_anomaly": -1.7593, "pred_anomaly": 0.1804, "pred_anomaly_std": 0.817, "green_delta_c": -0.1862, "building_ratio": 0.0, "green_ratio": 0.3835, "ndvi": 0.3648, "impervious_ratio": 0.4275, "built_surface_ratio": 0.4275, "avg_ground_floor_count": 0.0, "elevation_m": 19.3914, "albedo": 0.1356, "nearest_park_distance_m": 275.276, "park_area_within_500m": 97824.522, "nearest_stream_distance_m": 244.3876, "est_population_density": 0.0, "dong_elderly_ratio": 0.1597, "dong_avg_age": 43.3, "dong_pop_density": 8378.1, "nearest_shelter_distance_m": 434.992, "shelter_count_within_500m": 1.92, "est_population": 0.0, "est_elderly": 0.0, "shelter_capacity_within_500m": 195.0, "building_form_group": "no_building", "dong_name": "성수1가1동", "top1_feature": "impervious_ratio", "top1_shap": 0.8474, "top2_feature": "built_surface_ratio", "top2_shap": 0.6581, "top3_feature": "ndvi", "top3_shap": -0.6373, "priority_score": 29.3175, "priority_rank": 282 }, "geometry": { "type": "Polygon", "coordinates": [ [ [ 127.038734062660552, 37.539423226831914 ], [ 127.038720180739617, 37.541676554782732 ], [ 127.041550035046157, 37.54168757524964 ], [ 127.041563831811743, 37.53943424640741 ], [ 127.038734062660552, 37.539423226831914 ] ] ] } },
{ "type": "Feature", "properties": { "display_grid_id": "11200_00065", "gu_code": 11200, "gu_name": "성동구", "source_cell_count": 12, "area_m2": 62500.0, "mean_actual_lst": 37.1702, "mean_actual_anomaly": -0.8844, "seoul_anomaly": -0.5915, "pred_anomaly": 1.0071, "pred_anomaly_std": 0.9069, "green_delta_c": -0.2222, "building_ratio": 0.0242, "green_ratio": 0.2903, "ndvi": 0.249, "impervious_ratio": 0.4615, "built_surface_ratio": 0.4615, "avg_ground_floor_count": 3.0973, "elevation_m": 17.429, "albedo": 0.1202, "nearest_park_distance_m": 76.916, "park_area_within_500m": 232236.7276, "nearest_stream_distance_m": 342.3812, "est_population_density": 6995.2, "dong_elderly_ratio": 0.1597, "dong_avg_age": 43.3, "dong_pop_density": 8378.1, "nearest_shelter_distance_m": 187.3324, "shelter_count_within_500m": 6.08, "est_population": 437.2, "est_elderly": 69.8, "shelter_capacity_within_500m": 599.0, "building_form_group": "no_building", "dong_name": "성수1가1동", "top1_feature": "impervious_ratio", "top1_shap": 0.8782, "top2_feature": "built_surface_ratio", "top2_shap": 0.8118, "top3_feature": "building_ratio", "top3_shap": -0.287, "priority_score": 39.7619, "priority_rank": 249 }, "geometry": { "type": "Polygon", "coordinates": [ [ [ 127.041563831811743, 37.53943424640741 ], [ 127.041550035046157, 37.54168757524964 ], [ 127.044379890889289, 37.541698527904401 ], [ 127.044393602499341, 37.53944519817626 ], [ 127.041563831811743, 37.53943424640741 ] ] ] } },
{ "type": "Feature", "properties": { "display_grid_id": "11200_00066", "gu_code": 11200, "gu_name": "성동구", "source_cell_count": 13, "area_m2": 62500.0, "mean_actual_lst": 39.3413, "mean_actual_anomaly": 1.3044, "seoul_anomaly": 1.5974, "pred_anomaly": 2.0943, "pred_anomaly_std": 0.7002, "green_delta_c": -0.2236, "building_ratio": 0.2556, "green_ratio": 0.2081, "ndvi": 0.1543, "impervious_ratio": 0.5546, "built_surface_ratio": 0.5546, "avg_ground_floor_count": 10.7224, "elevation_m": 19.4109, "albedo": 0.1176, "nearest_park_distance_m": 7.2584, "park_area_within_500m": 323180.05, "nearest_stream_distance_m": 431.202, "est_population_density": 49429.6, "dong_elderly_ratio": 0.1597, "dong_avg_age": 43.3, "dong_pop_density": 8378.1, "nearest_shelter_distance_m": 75.754, "shelter_count_within_500m": 11.44, "est_population": 3089.3, "est_elderly": 493.2, "shelter_capacity_within_500m": 1207.0, "building_form_group": "high_floor_low_density", "dong_name": "성수1가1동", "top1_feature": "built_surface_ratio", "top1_shap": 0.6653, "top2_feature": "impervious_ratio", "top2_shap": 0.6374, "top3_feature": "avg_ground_floor_count", "top3_shap": -0.3098, "priority_score": 53.1667, "priority_rank": 131 }, "geometry": { "type": "Polygon", "coordinates": [ [ [ 127.044393602499341, 37.53944519817626 ], [ 127.044379890889289, 37.541698527904401 ], [ 127.047209748259519, 37.541709412746926 ], [ 127.047223374713866, 37.539456082138351 ], [ 127.044393602499341, 37.53944519817626 ] ] ] } },
{ "type": "Feature", "properties": { "display_grid_id": "11200_00067", "gu_code": 11200, "gu_name": "성동구", "source_cell_count": 12, "area_m2": 62500.0, "mean_actual_lst": 41.3047, "mean_actual_anomaly": 3.3851, "seoul_anomaly": 3.6781, "pred_anomaly": 3.7186, "pred_anomaly_std": 0.7685, "green_delta_c": -0.359, "building_ratio": 0.3784, "green_ratio": 0.1735, "ndvi": 0.1147, "impervious_ratio": 0.6474, "built_surface_ratio": 0.6474, "avg_ground_floor_count": 4.628, "elevation_m": 19.9781, "albedo": 0.1304, "nearest_park_distance_m": 37.8404, "park_area_within_500m": 406285.356, "nearest_stream_distance_m": 509.6084, "est_population_density": 14412.8, "dong_elderly_ratio": 0.1597, "dong_avg_age": 43.3, "dong_pop_density": 8378.1, "nearest_shelter_distance_m": 106.5036, "shelter_count_within_500m": 14.6, "est_population": 900.8, "est_elderly": 143.9, "shelter_capacity_within_500m": 1465.2, "building_form_group": "high_floor_high_density", "dong_name": "성수1가1동", "top1_feature": "built_surface_ratio", "top1_shap": 0.8283, "top2_feature": "impervious_ratio", "top2_shap": 0.7584, "top3_feature": "building_ratio", "top3_shap": 0.4286, "priority_score": 64.8413, "priority_rank": 48 }, "geometry": { "type": "Polygon", "coordinates": [ [ [ 127.047223374713866, 37.539456082138351 ], [ 127.047209748259519, 37.541709412746926 ], [ 127.050039607147397, 37.541720229777084 ], [ 127.050053148445812, 37.539466898293561 ], [ 127.047223374713866, 37.539456082138351 ] ] ] } },
{ "type": "Feature", "properties": { "display_grid_id": "11200_00068", "gu_code": 11200, "gu_name": "성동구", "source_cell_count": 13, "area_m2": 62500.0, "mean_actual_lst": 39.8644, "mean_actual_anomaly": 1.6232, "seoul_anomaly": 1.9161, "pred_anomaly": 2.055, "pred_anomaly_std": 0.8239, "green_delta_c": -0.2986, "building_ratio": 0.203, "green_ratio": 0.2126, "ndvi": 0.1889, "impervious_ratio": 0.5715, "built_surface_ratio": 0.5715, "avg_ground_floor_count": 8.5153, "elevation_m": 18.8081, "albedo": 0.1261, "nearest_park_distance_m": 16.106, "park_area_within_500m": 365637.844, "nearest_stream_distance_m": 585.3924, "est_population_density": 2835.2, "dong_elderly_ratio": 0.1935, "dong_avg_age": 45.54, "dong_pop_density": 12135.22, "nearest_shelter_distance_m": 143.2156, "shelter_count_within_500m": 13.24, "est_population": 177.2, "est_elderly": 30.4, "shelter_capacity_within_500m": 1281.7, "building_form_group": "low_floor_low_density", "dong_name": "성수2가1동", "top1_feature": "built_surface_ratio", "top1_shap": 0.6586, "top2_feature": "impervious_ratio", "top2_shap": 0.6377, "top3_feature": "avg_ground_floor_count", "top3_shap": -0.242, "priority_score": 50.6349, "priority_rank": 153 }, "geometry": { "type": "Polygon", "coordinates": [ [ [ 127.050053148445812, 37.539466898293561 ], [ 127.050039607147397, 37.541720229777084 ], [ 127.052869467543402, 37.541730978994792 ], [ 127.052882923685758, 37.539477646641792 ], [ 127.050053148445812, 37.539466898293561 ] ] ] } },
{ "type": "Feature", "properties": { "display_grid_id": "11200_00069", "gu_code": 11200, "gu_name": "성동구", "source_cell_count": 11, "area_m2": 62500.0, "mean_actual_lst": 41.3533, "mean_actual_anomaly": 2.6817, "seoul_anomaly": 2.9747, "pred_anomaly": 3.1925, "pred_anomaly_std": 0.7963, "green_delta_c": -0.2378, "building_ratio": 0.3155, "green_ratio": 0.1847, "ndvi": 0.1073, "impervious_ratio": 0.5875, "built_surface_ratio": 0.5875, "avg_ground_floor_count": 5.4369, "elevation_m": 17.6242, "albedo": 0.1235, "nearest_park_distance_m": 48.4308, "park_area_within_500m": 346059.7064, "nearest_stream_distance_m": 667.8344, "est_population_density": 0.0, "dong_elderly_ratio": 0.2019, "dong_avg_age": 46.1, "dong_pop_density": 13074.5, "nearest_shelter_distance_m": 149.398, "shelter_count_within_500m": 8.92, "est_population": 0.0, "est_elderly": 0.0, "shelter_capacity_within_500m": 898.7, "building_form_group": "high_floor_high_density", "dong_name": "성수2가1동", "top1_feature": "built_surface_ratio", "top1_shap": 0.7609, "top2_feature": "impervious_ratio", "top2_shap": 0.6582, "top3_feature": "building_ratio", "top3_shap": 0.3305, "priority_score": 48.3175, "priority_rank": 189 }, "geometry": { "type": "Polygon", "coordinates": [ [ [ 127.052882923685758, 37.539477646641792 ], [ 127.052869467543402, 37.541730978994792 ], [ 127.05569932943807, 37.541741660399907 ], [ 127.055712700424138, 37.539488327182923 ], [ 127.052882923685758, 37.539477646641792 ] ] ] } },
{ "type": "Feature", "properties": { "display_grid_id": "11200_00070", "gu_code": 11200, "gu_name": "성동구", "source_cell_count": 14, "area_m2": 62500.0, "mean_actual_lst": 42.5689, "mean_actual_anomaly": 4.0774, "seoul_anomaly": 4.3704, "pred_anomaly": 3.525, "pred_anomaly_std": 0.7147, "green_delta_c": -0.4656, "building_ratio": 0.375, "green_ratio": 0.1901, "ndvi": 0.1281, "impervious_ratio": 0.6041, "built_surface_ratio": 0.6041, "avg_ground_floor_count": 4.5771, "elevation_m": 18.5586, "albedo": 0.1241, "nearest_park_distance_m": 119.2116, "park_area_within_500m": 381176.3664, "nearest_stream_distance_m": 754.1632, "est_population_density": 0.0, "dong_elderly_ratio": 0.2013, "dong_avg_age": 45.956, "dong_pop_density": 12829.076, "nearest_shelter_distance_m": 172.9252, "shelter_count_within_500m": 4.84, "est_population": 0.0, "est_elderly": 0.0, "shelter_capacity_within_500m": 426.7, "building_form_group": "low_floor_high_density", "dong_name": "성수2가1동", "top1_feature": "built_surface_ratio", "top1_shap": 0.7718, "top2_feature": "impervious_ratio", "top2_shap": 0.716, "top3_feature": "building_ratio", "top3_shap": 0.48, "priority_score": 63.2381, "priority_rank": 55 }, "geometry": { "type": "Polygon", "coordinates": [ [ [ 127.055712700424138, 37.539488327182923 ], [ 127.05569932943807, 37.541741660399907 ], [ 127.058529192821879, 37.541752273992323 ], [ 127.058542478651546, 37.539498939916854 ], [ 127.055712700424138, 37.539488327182923 ] ] ] } },
{ "type": "Feature", "properties": { "display_grid_id": "11200_00071", "gu_code": 11200, "gu_name": "성동구", "source_cell_count": 14, "area_m2": 62500.0, "mean_actual_lst": 43.297, "mean_actual_anomaly": 5.1194, "seoul_anomaly": 5.4123, "pred_anomaly": 4.4512, "pred_anomaly_std": 0.789, "green_delta_c": -0.6899, "building_ratio": 0.3971, "green_ratio": 0.1706, "ndvi": 0.0956, "impervious_ratio": 0.6484, "built_surface_ratio": 0.6484, "avg_ground_floor_count": 3.5502, "elevation_m": 18.511, "albedo": 0.1337, "nearest_park_distance_m": 58.2568, "park_area_within_500m": 395129.3604, "nearest_stream_distance_m": 833.5312, "est_population_density": 0.0, "dong_elderly_ratio": 0.1997, "dong_avg_age": 45.596, "dong_pop_density": 12215.516, "nearest_shelter_distance_m": 232.6384, "shelter_count_within_500m": 5.36, "est_population": 0.0, "est_elderly": 0.0, "shelter_capacity_within_500m": 583.5, "building_form_group": "low_floor_high_density", "dong_name": "성수2가1동", "top1_feature": "built_surface_ratio", "top1_shap": 0.8818, "top2_feature": "impervious_ratio", "top2_shap": 0.7996, "top3_feature": "building_ratio", "top3_shap": 0.4642, "priority_score": 70.8571, "priority_rank": 27 }, "geometry": { "type": "Polygon", "coordinates": [ [ [ 127.058542478651546, 37.539498939916854 ], [ 127.058529192821879, 37.541752273992323 ], [ 127.061359057685408, 37.541762819771954 ], [ 127.06137225835846, 37.539509484843457 ], [ 127.058542478651546, 37.539498939916854 ] ] ] } },
{ "type": "Feature", "properties": { "display_grid_id": "11200_00072", "gu_code": 11200, "gu_name": "성동구", "source_cell_count": 8, "area_m2": 38884.86, "mean_actual_lst": 43.4412, "mean_actual_anomaly": 5.1897, "seoul_anomaly": 5.4827, "pred_anomaly": 4.4707, "pred_anomaly_std": 0.7182, "green_delta_c": -0.6018, "building_ratio": 0.4166, "green_ratio": 0.1739, "ndvi": 0.0833, "impervious_ratio": 0.607, "built_surface_ratio": 0.607, "avg_ground_floor_count": 3.3472, "elevation_m": 20.6583, "albedo": 0.1304, "nearest_park_distance_m": 16.677, "park_area_within_500m": 397939.4141, "nearest_stream_distance_m": 891.4932, "est_population_density": 150.3221, "dong_elderly_ratio": 0.1966, "dong_avg_age": 44.862, "dong_pop_density": 10964.5932, "nearest_shelter_distance_m": 195.4983, "shelter_count_within_500m": 5.6993, "est_population": 5.8, "est_elderly": 1.0, "shelter_capacity_within_500m": 454.2, "building_form_group": "low_floor_high_density", "dong_name": "성수2가3동", "top1_feature": "built_surface_ratio", "top1_shap": 0.8395, "top2_feature": "impervious_ratio", "top2_shap": 0.7635, "top3_feature": "building_ratio", "top3_shap": 0.4637, "priority_score": 73.0476, "priority_rank": 13 }, "geometry": { "type": "Polygon", "coordinates": [ [ [ 127.06137225835846, 37.539509484843457 ], [ 127.061359057685408, 37.541762819771954 ], [ 127.063763474719437, 37.541771726786052 ], [ 127.06283961, 37.54013478 ], [ 127.06248905525932, 37.539513627826864 ], [ 127.06137225835846, 37.539509484843457 ] ] ] } },
{ "type": "Feature", "properties": { "display_grid_id": "11200_00073", "gu_code": 11200, "gu_name": "성동구", "source_cell_count": 7, "area_m2": 31922.11, "mean_actual_lst": 35.7836, "mean_actual_anomaly": -2.7538, "seoul_anomaly": -2.4609, "pred_anomaly": -2.2018, "pred_anomaly_std": 0.7622, "green_delta_c": -0.4717, "building_ratio": 0.1046, "green_ratio": 0.5141, "ndvi": 0.4024, "impervious_ratio": 0.2799, "built_surface_ratio": 0.2799, "avg_ground_floor_count": 12.0337, "elevation_m": 101.2651, "albedo": 0.1289, "nearest_park_distance_m": 376.4155, "park_area_within_500m": 22882.9617, "nearest_stream_distance_m": 848.3003, "est_population_density": 41687.7717, "dong_elderly_ratio": 0.1942, "dong_avg_age": 43.0, "dong_pop_density": 12701.3, "nearest_shelter_distance_m": 111.9802, "shelter_count_within_500m": 8.7748, "est_population": 1330.8, "est_elderly": 258.5, "shelter_capacity_within_500m": 610.7, "building_form_group": "high_floor_low_density", "dong_name": "옥수동", "top1_feature": "green_ratio", "top1_shap": -0.7, "top2_feature": "impervious_ratio", "top2_shap": -0.0851, "top3_feature": "built_surface_ratio", "top3_shap": -0.1883, "priority_score": 42.7778, "priority_rank": 228 }, "geometry": { "type": "Polygon", "coordinates": [ [ [ 127.010406989167535, 37.543815938340053 ], [ 127.010421724272803, 37.541562620471929 ], [ 127.009020384926586, 37.541556802213364 ], [ 127.008991619999989, 37.54159979 ], [ 127.008757050000014, 37.54200018 ], [ 127.00877774, 37.54210802 ], [ 127.00897135000001, 37.54229947 ], [ 127.009032930000018, 37.54273475 ], [ 127.009020119999988, 37.54377512 ], [ 127.009022350528696, 37.543810189227742 ], [ 127.010406989167535, 37.543815938340053 ] ] ] } },
{ "type": "Feature", "properties": { "display_grid_id": "11200_00074", "gu_code": 11200, "gu_name": "성동구", "source_cell_count": 12, "area_m2": 62500.0, "mean_actual_lst": 38.4098, "mean_actual_anomaly": -0.0121, "seoul_anomaly": 0.2809, "pred_anomaly": 0.5438, "pred_anomaly_std": 0.7972, "green_delta_c": -0.4054, "building_ratio": 0.1894, "green_ratio": 0.2894, "ndvi": 0.2391, "impervious_ratio": 0.382, "built_surface_ratio": 0.382, "avg_ground_floor_count": 11.5261, "elevation_m": 67.2962, "albedo": 0.1116, "nearest_park_distance_m": 393.69, "park_area_within_500m": 16151.8408, "nearest_stream_distance_m": 706.5928, "est_population_density": 57888.4, "dong_elderly_ratio": 0.1942, "dong_avg_age": 43.0, "dong_pop_density": 12701.3, "nearest_shelter_distance_m": 110.0132, "shelter_count_within_500m": 13.24, "est_population": 3618.0, "est_elderly": 702.7, "shelter_capacity_within_500m": 1881.2, "building_form_group": "high_floor_low_density", "dong_name": "옥수동", "top1_feature": "built_surface_ratio", "top1_shap": 0.4934, "top2_feature": "impervious_ratio", "top2_shap": 0.4841, "top3_feature": "avg_ground_floor_count", "top3_shap": -0.2564, "priority_score": 55.2064, "priority_rank": 120 }, "geometry": { "type": "Polygon", "coordinates": [ [ [ 127.010421724272803, 37.541562620471929 ], [ 127.010406989167535, 37.543815938340053 ], [ 127.013236912749591, 37.543827637868191 ], [ 127.013251562691892, 37.541574319053765 ], [ 127.010421724272803, 37.541562620471929 ] ] ] } },
{ "type": "Feature", "properties": { "display_grid_id": "11200_00075", "gu_code": 11200, "gu_name": "성동구", "source_cell_count": 11, "area_m2": 62500.0, "mean_actual_lst": 39.9258, "mean_actual_anomaly": 1.4911, "seoul_anomaly": 1.7841, "pred_anomaly": 1.928, "pred_anomaly_std": 0.7279, "green_delta_c": -0.2489, "building_ratio": 0.2493, "green_ratio": 0.2156, "ndvi": 0.1618, "impervious_ratio": 0.5342, "built_surface_ratio": 0.5342, "avg_ground_floor_count": 9.9028, "elevation_m": 34.8782, "albedo": 0.1134, "nearest_park_distance_m": 467.7312, "park_area_within_500m": 3333.4168, "nearest_stream_distance_m": 506.428, "est_population_density": 55268.0, "dong_elderly_ratio": 0.1942, "dong_avg_age": 43.0, "dong_pop_density": 12701.3, "nearest_shelter_distance_m": 74.8576, "shelter_count_within_500m": 17.92, "est_population": 3454.3, "est_elderly": 670.7, "shelter_capacity_within_500m": 2610.5, "building_form_group": "high_floor_low_density", "dong_name": "옥수동", "top1_feature": "built_surface_ratio", "top1_shap": 0.6266, "top2_feature": "impervious_ratio", "top2_shap": 0.6127, "top3_feature": "avg_ground_floor_count", "top3_shap": -0.258, "priority_score": 55.6667, "priority_rank": 115 }, "geometry": { "type": "Polygon", "coordinates": [ [ [ 127.013251562691892, 37.541574319053765 ], [ 127.013236912749591, 37.543827637868191 ], [ 127.016066837963265, 37.543839269579877 ], [ 127.016081402742401, 37.541585949824629 ], [ 127.013251562691892, 37.541574319053765 ] ] ] } },
{ "type": "Feature", "properties": { "display_grid_id": "11200_00076", "gu_code": 11200, "gu_name": "성동구", "source_cell_count": 11, "area_m2": 62500.0, "mean_actual_lst": 39.8443, "mean_actual_anomaly": 1.3202, "seoul_anomaly": 1.6132, "pred_anomaly": 2.2041, "pred_anomaly_std": 0.7581, "green_delta_c": -0.2121, "building_ratio": 0.2103, "green_ratio": 0.2115, "ndvi": 0.1427, "impervious_ratio": 0.5019, "built_surface_ratio": 0.5019, "avg_ground_floor_count": 7.7944, "elevation_m": 27.2135, "albedo": 0.1134, "nearest_park_distance_m": 504.7336, "park_area_within_500m": 2322.9136, "nearest_stream_distance_m": 350.356, "est_population_density": 42240.0, "dong_elderly_ratio": 0.1942, "dong_avg_age": 43.0, "dong_pop_density": 12701.3, "nearest_shelter_distance_m": 118.2816, "shelter_count_within_500m": 17.12, "est_population": 2640.0, "est_elderly": 512.6, "shelter_capacity_within_500m": 2682.0, "building_form_group": "high_floor_low_density", "dong_name": "옥수동", "top1_feature": "built_surface_ratio", "top1_shap": 0.6458, "top2_feature": "impervious_ratio", "top2_shap": 0.6288, "top3_feature": "avg_ground_floor_count", "top3_shap": -0.2157, "priority_score": 56.0635, "priority_rank": 111 }, "geometry": { "type": "Polygon", "coordinates": [ [ [ 127.016081402742401, 37.541585949824629 ], [ 127.016066837963265, 37.543839269579877 ], [ 127.018896764799052, 37.543850833475013 ], [ 127.018911244414852, 37.541597512784413 ], [ 127.016081402742401, 37.541585949824629 ] ] ] } },
{ "type": "Feature", "properties": { "display_grid_id": "11200_00077", "gu_code": 11200, "gu_name": "성동구", "source_cell_count": 12, "area_m2": 62500.0, "mean_actual_lst": 36.2352, "mean_actual_anomaly": -2.3272, "seoul_anomaly": -2.0342, "pred_anomaly": -1.1848, "pred_anomaly_std": 0.8024, "green_delta_c": -0.3932, "building_ratio": 0.0641, "green_ratio": 0.4658, "ndvi": 0.3505, "impervious_ratio": 0.2824, "built_surface_ratio": 0.2824, "avg_ground_floor_count": 4.9169, "elevation_m": 38.2401, "albedo": 0.13, "nearest_park_distance_m": 523.3088, "park_area_within_500m": 1811.5856, "nearest_stream_distance_m": 196.4584, "est_population_density": 20066.4, "dong_elderly_ratio": 0.1986, "dong_avg_age": 43.26, "dong_pop_density": 14627.432, "nearest_shelter_distance_m": 139.832, "shelter_count_within_500m": 13.16, "est_population": 1254.1, "est_elderly": 243.6, "shelter_capacity_within_500m": 2124.5, "building_form_group": "no_building", "dong_name": "금호4가동", "top1_feature": "green_ratio", "top1_shap": -0.651, "top2_feature": "ndvi", "top2_shap": -0.58, "top3_feature": "building_ratio", "top3_shap": -0.3481, "priority_score": 42.4603, "priority_rank": 229 }, "geometry": { "type": "Polygon", "coordinates": [ [ [ 127.018911244414852, 37.541597512784413 ], [ 127.018896764799052, 37.543850833475013 ], [ 127.021726693247501, 37.543862329553448 ], [ 127.021741087699723, 37.541609007933005 ], [ 127.018911244414852, 37.541597512784413 ] ] ] } },
{ "type": "Feature", "properties": { "display_grid_id": "11200_00078", "gu_code": 11200, "gu_name": "성동구", "source_cell_count": 12, "area_m2": 62500.0, "mean_actual_lst": 34.8428, "mean_actual_anomaly": -3.7196, "seoul_anomaly": -3.4267, "pred_anomaly": -3.2217, "pred_anomaly_std": 0.8799, "green_delta_c": -0.7233, "building_ratio": 0.0087, "green_ratio": 0.3123, "ndvi": 0.124, "impervious_ratio": 0.2087, "built_surface_ratio": 0.2087, "avg_ground_floor_count": 2.88, "elevation_m": 16.588, "albedo": 0.0948, "nearest_park_distance_m": 468.0736, "park_area_within_500m": 3685.8736, "nearest_stream_distance_m": 54.8, "est_population_density": 2299.2, "dong_elderly_ratio": 0.2026, "dong_avg_age": 43.5, "dong_pop_density": 16405.4, "nearest_shelter_distance_m": 166.7224, "shelter_count_within_500m": 9.16, "est_population": 143.7, "est_elderly": 29.1, "shelter_capacity_within_500m": 1428.5, "building_form_group": "no_building", "dong_name": "금호4가동", "top1_feature": "built_surface_ratio", "top1_shap": -0.5553, "top2_feature": "impervious_ratio", "top2_shap": -0.3989, "top3_feature": "building_ratio", "top3_shap": -0.592, "priority_score": 43.3174, "priority_rank": 226 }, "geometry": { "type": "Polygon", "coordinates": [ [ [ 127.021741087699723, 37.541609007933005 ], [ 127.021726693247501, 37.543862329553448 ], [ 127.024556623299119, 37.543873757815099 ], [ 127.024570932587608, 37.541620435270275 ], [ 127.021741087699723, 37.541609007933005 ] ] ] } },
{ "type": "Feature", "properties": { "display_grid_id": "11200_00079", "gu_code": 11200, "gu_name": "성동구", "source_cell_count": 12, "area_m2": 62500.0, "mean_actual_lst": 30.2299, "mean_actual_anomaly": -8.2156, "seoul_anomaly": -7.9226, "pred_anomaly": -7.1196, "pred_anomaly_std": 0.7654, "green_delta_c": -0.5898, "building_ratio": 0.0, "green_ratio": 0.2211, "ndvi": -0.0922, "impervious_ratio": 0.0834, "built_surface_ratio": 0.0834, "avg_ground_floor_count": 0.0, "elevation_m": 7.112, "albedo": 0.0539, "nearest_park_distance_m": 533.77, "park_area_within_500m": 887.8192, "nearest_stream_distance_m": 5.3616, "est_population_density": 0.0, "dong_elderly_ratio": 0.2009, "dong_avg_age": 43.4, "dong_pop_density": 15664.58, "nearest_shelter_distance_m": 195.542, "shelter_count_within_500m": 5.8, "est_population": 0.0, "est_elderly": 0.0, "shelter_capacity_within_500m": 964.0, "building_form_group": "no_building", "dong_name": "금호4가동", "top1_feature": "built_surface_ratio", "top1_shap": -1.9077, "top2_feature": "impervious_ratio", "top2_shap": -1.6721, "top3_feature": "albedo", "top3_shap": -0.5843, "priority_score": 36.2063, "priority_rank": 265 }, "geometry": { "type": "Polygon", "coordinates": [ [ [ 127.024570932587608, 37.541620435270275 ], [ 127.024556623299119, 37.543873757815099 ], [ 127.027386554944385, 37.543885118259816 ], [ 127.027400779068969, 37.541631794796096 ], [ 127.024570932587608, 37.541620435270275 ] ] ] } },
{ "type": "Feature", "properties": { "display_grid_id": "11200_00080", "gu_code": 11200, "gu_name": "성동구", "source_cell_count": 12, "area_m2": 62500.0, "mean_actual_lst": 32.9681, "mean_actual_anomaly": -5.579, "seoul_anomaly": -5.286, "pred_anomaly": -3.0846, "pred_anomaly_std": 1.1411, "green_delta_c": -0.8856, "building_ratio": 0.0, "green_ratio": 0.3264, "ndvi": 0.1401, "impervious_ratio": 0.1632, "built_surface_ratio": 0.1632, "avg_ground_floor_count": 0.0, "elevation_m": 12.5793, "albedo": 0.1065, "nearest_park_distance_m": 669.2148, "park_area_within_500m": 0.0, "nearest_stream_distance_m": 33.9296, "est_population_density": 0.0, "dong_elderly_ratio": 0.2009, "dong_avg_age": 43.4, "dong_pop_density": 15664.58, "nearest_shelter_distance_m": 406.4316, "shelter_count_within_500m": 3.0, "est_population": 0.0, "est_elderly": 0.0, "shelter_capacity_within_500m": 451.5, "building_form_group": "no_building", "dong_name": "금호4가동", "top1_feature": "built_surface_ratio", "top1_shap": -0.6108, "top2_feature": "impervious_ratio", "top2_shap": -0.3556, "top3_feature": "building_ratio", "top3_shap": -0.6461, "priority_score": 40.2064, "priority_rank": 246 }, "geometry": { "type": "Polygon", "coordinates": [ [ [ 127.027400779068969, 37.541631794796096 ], [ 127.027386554944385, 37.543885118259816 ], [ 127.030216488173849, 37.543896410887498 ], [ 127.030230627134316, 37.541643086510391 ], [ 127.027400779068969, 37.541631794796096 ] ] ] } },
{ "type": "Feature", "properties": { "display_grid_id": "11200_00081", "gu_code": 11200, "gu_name": "성동구", "source_cell_count": 9, "area_m2": 62500.0, "mean_actual_lst": 33.9203, "mean_actual_anomaly": -4.3342, "seoul_anomaly": -4.0412, "pred_anomaly": -2.0982, "pred_anomaly_std": 1.0428, "green_delta_c": -0.8841, "building_ratio": 0.0, "green_ratio": 0.5957, "ndvi": 0.429, "impervious_ratio": 0.1738, "built_surface_ratio": 0.1738, "avg_ground_floor_count": 0.0, "elevation_m": 20.0381, "albedo": 0.1318, "nearest_park_distance_m": 780.1404, "park_area_within_500m": 0.0, "nearest_stream_distance_m": 150.0344, "est_population_density": 0.0, "dong_elderly_ratio": 0.1789, "dong_avg_age": 43.316, "dong_pop_density": 11638.548, "nearest_shelter_distance_m": 644.7092, "shelter_count_within_500m": 0.0, "est_population": 0.0, "est_elderly": 0.0, "shelter_capacity_within_500m": 0.0, "building_form_group": "no_building", "dong_name": "성수1가1동", "top1_feature": "green_ratio", "top1_shap": -0.6602, "top2_feature": "impervious_ratio", "top2_shap": -0.0955, "top3_feature": "built_surface_ratio", "top3_shap": -0.4093, "priority_score": 41.4762, "priority_rank": 238 }, "geometry": { "type": "Polygon", "coordinates": [ [ [ 127.030230627134316, 37.541643086510391 ], [ 127.030216488173849, 37.543896410887498 ], [ 127.033046422978046, 37.543907635698019 ], [ 127.03306047677421, 37.541654310412994 ], [ 127.030230627134316, 37.541643086510391 ] ] ] } },
{ "type": "Feature", "properties": { "display_grid_id": "11200_00082", "gu_code": 11200, "gu_name": "성동구", "source_cell_count": 11, "area_m2": 62500.0, "mean_actual_lst": 34.0426, "mean_actual_anomaly": -4.3201, "seoul_anomaly": -4.0271, "pred_anomaly": -2.1681, "pred_anomaly_std": 0.7926, "green_delta_c": -0.5421, "building_ratio": 0.0, "green_ratio": 0.6108, "ndvi": 0.4763, "impervious_ratio": 0.2238, "built_surface_ratio": 0.2238, "avg_ground_floor_count": 0.0, "elevation_m": 18.9974, "albedo": 0.1376, "nearest_park_distance_m": 641.1892, "park_area_within_500m": 0.0, "nearest_stream_distance_m": 259.3448, "est_population_density": 0.0, "dong_elderly_ratio": 0.1597, "dong_avg_age": 43.3, "dong_pop_density": 8378.1, "nearest_shelter_distance_m": 795.1196, "shelter_count_within_500m": 0.0, "est_population": 0.0, "est_elderly": 0.0, "shelter_capacity_within_500m": 0.0, "building_form_group": "no_building", "dong_name": "성수1가1동", "top1_feature": "green_ratio", "top1_shap": -1.05, "top2_feature": "ndvi", "top2_shap": -0.9066, "top3_feature": "impervious_ratio", "top3_shap": 0.13, "priority_score": 38.9524, "priority_rank": 255 }, "geometry": { "type": "Polygon", "coordinates": [ [ [ 127.03306047677421, 37.541654310412994 ], [ 127.033046422978046, 37.543907635698019 ], [ 127.035876359347427, 37.543918792691272 ], [ 127.035890327979118, 37.541665466503822 ], [ 127.03306047677421, 37.541654310412994 ] ] ] } },
{ "type": "Feature", "properties": { "display_grid_id": "11200_00083", "gu_code": 11200, "gu_name": "성동구", "source_cell_count": 11, "area_m2": 62500.0, "mean_actual_lst": 35.7124, "mean_actual_anomaly": -2.6247, "seoul_anomaly": -2.3318, "pred_anomaly": -0.3273, "pred_anomaly_std": 0.7964, "green_delta_c": -0.3777, "building_ratio": 0.0005, "green_ratio": 0.4389, "ndvi": 0.3788, "impervious_ratio": 0.3684, "built_surface_ratio": 0.3684, "avg_ground_floor_count": 0.08, "elevation_m": 17.7216, "albedo": 0.1328, "nearest_park_distance_m": 420.8888, "park_area_within_500m": 21079.9788, "nearest_stream_distance_m": 374.8092, "est_population_density": 0.0, "dong_elderly_ratio": 0.1597, "dong_avg_age": 43.3, "dong_pop_density": 8378.1, "nearest_shelter_distance_m": 698.9104, "shelter_count_within_500m": 0.0, "est_population": 0.0, "est_elderly": 0.0, "shelter_capacity_within_500m": 0.0, "building_form_group": "no_building", "dong_name": "성수1가1동", "top1_feature": "impervious_ratio", "top1_shap": 0.7368, "top2_feature": "ndvi", "top2_shap": -0.6456, "top3_feature": "built_surface_ratio", "top3_shap": 0.4877, "priority_score": 36.0635, "priority_rank": 266 }, "geometry": { "type": "Polygon", "coordinates": [ [ [ 127.035890327979118, 37.541665466503822 ], [ 127.035876359347427, 37.543918792691272 ], [ 127.038706297272583, 37.543929881867136 ], [ 127.038720180739617, 37.541676554782732 ], [ 127.035890327979118, 37.541665466503822 ] ] ] } },
{ "type": "Feature", "properties": { "display_grid_id": "11200_00084", "gu_code": 11200, "gu_name": "성동구", "source_cell_count": 11, "area_m2": 62500.0, "mean_actual_lst": 35.0319, "mean_actual_anomaly": -2.9564, "seoul_anomaly": -2.6635, "pred_anomaly": -0.3538, "pred_anomaly_std": 0.8188, "green_delta_c": -0.2466, "building_ratio": 0.0, "green_ratio": 0.441, "ndvi": 0.4308, "impervious_ratio": 0.4166, "built_surface_ratio": 0.4166, "avg_ground_floor_count": 0.0, "elevation_m": 16.2208, "albedo": 0.1484, "nearest_park_distance_m": 193.9648, "park_area_within_500m": 127609.5772, "nearest_stream_distance_m": 466.7212, "est_population_density": 0.0, "dong_elderly_ratio": 0.1597, "dong_avg_age": 43.3, "dong_pop_density": 8378.1, "nearest_shelter_distance_m": 480.2352, "shelter_count_within_500m": 2.56, "est_population": 0.0, "est_elderly": 0.0, "shelter_capacity_within_500m": 320.0, "building_form_group": "no_building", "dong_name": "성수1가1동", "top1_feature": "ndvi", "top1_shap": -0.8748, "top2_feature": "impervious_ratio", "top2_shap": 0.7456, "top3_feature": "built_surface_ratio", "top3_shap": 0.5186, "priority_score": 29.3175, "priority_rank": 283 }, "geometry": { "type": "Polygon", "coordinates": [ [ [ 127.038720180739617, 37.541676554782732 ], [ 127.038706297272583, 37.543929881867136 ], [ 127.04153623674398, 37.543940903225497 ], [ 127.041550035046157, 37.54168757524964 ], [ 127.038720180739617, 37.541676554782732 ] ] ] } },
{ "type": "Feature", "properties": { "display_grid_id": "11200_00085", "gu_code": 11200, "gu_name": "성동구", "source_cell_count": 12, "area_m2": 62500.0, "mean_actual_lst": 38.4538, "mean_actual_anomaly": 0.6864, "seoul_anomaly": 0.9794, "pred_anomaly": 1.9709, "pred_anomaly_std": 0.8359, "green_delta_c": -0.3946, "building_ratio": 0.1002, "green_ratio": 0.2554, "ndvi": 0.2372, "impervious_ratio": 0.5441, "built_surface_ratio": 0.5441, "avg_ground_floor_count": 1.8669, "elevation_m": 16.9875, "albedo": 0.1477, "nearest_park_distance_m": 18.2328, "park_area_within_500m": 219614.8868, "nearest_stream_distance_m": 564.618, "est_population_density": 630.4, "dong_elderly_ratio": 0.1597, "dong_avg_age": 43.3, "dong_pop_density": 8378.1, "nearest_shelter_distance_m": 257.6628, "shelter_count_within_500m": 11.2, "est_population": 39.4, "est_elderly": 6.3, "shelter_capacity_within_500m": 1334.0, "building_form_group": "low_floor_low_density", "dong_name": "성수1가1동", "top1_feature": "impervious_ratio", "top1_shap": 0.7497, "top2_feature": "built_surface_ratio", "top2_shap": 0.7437, "top3_feature": "ndvi", "top3_shap": -0.2036, "priority_score": 50.8413, "priority_rank": 150 }, "geometry": { "type": "Polygon", "coordinates": [ [ [ 127.041550035046157, 37.54168757524964 ], [ 127.04153623674398, 37.543940903225497 ], [ 127.044366177752138, 37.543951856766242 ], [ 127.044379890889289, 37.541698527904401 ], [ 127.041550035046157, 37.54168757524964 ] ] ] } },
{ "type": "Feature", "properties": { "display_grid_id": "11200_00086", "gu_code": 11200, "gu_name": "성동구", "source_cell_count": 12, "area_m2": 62500.0, "mean_actual_lst": 39.2383, "mean_actual_anomaly": 1.5361, "seoul_anomaly": 1.829, "pred_anomaly": 2.5344, "pred_anomaly_std": 0.7414, "green_delta_c": -0.2772, "building_ratio": 0.2684, "green_ratio": 0.1936, "ndvi": 0.1161, "impervious_ratio": 0.5652, "built_surface_ratio": 0.5652, "avg_ground_floor_count": 7.9669, "elevation_m": 18.4501, "albedo": 0.1276, "nearest_park_distance_m": 19.292, "park_area_within_500m": 256069.9756, "nearest_stream_distance_m": 655.562, "est_population_density": 2700.0, "dong_elderly_ratio": 0.1597, "dong_avg_age": 43.3, "dong_pop_density": 8378.1, "nearest_shelter_distance_m": 124.3804, "shelter_count_within_500m": 17.52, "est_population": 168.8, "est_elderly": 27.0, "shelter_capacity_within_500m": 1957.0, "building_form_group": "high_floor_high_density", "dong_name": "성수1가1동", "top1_feature": "built_surface_ratio", "top1_shap": 0.6882, "top2_feature": "impervious_ratio", "top2_shap": 0.659, "top3_feature": "ndvi", "top3_shap": 0.2536, "priority_score": 48.9842, "priority_rank": 175 }, "geometry": { "type": "Polygon", "coordinates": [ [ [ 127.044379890889289, 37.541698527904401 ], [ 127.044366177752138, 37.543951856766242 ], [ 127.04719612028758, 37.543962742489263 ], [ 127.047209748259519, 37.541709412746926 ], [ 127.044379890889289, 37.541698527904401 ] ] ] } },
{ "type": "Feature", "properties": { "display_grid_id": "11200_00087", "gu_code": 11200, "gu_name": "성동구", "source_cell_count": 10, "area_m2": 62500.0, "mean_actual_lst": 41.0739, "mean_actual_anomaly": 3.0632, "seoul_anomaly": 3.3562, "pred_anomaly": 4.0275, "pred_anomaly_std": 0.9175, "green_delta_c": -0.4673, "building_ratio": 0.3601, "green_ratio": 0.171, "ndvi": 0.1189, "impervious_ratio": 0.6619, "built_surface_ratio": 0.6619, "avg_ground_floor_count": 3.3606, "elevation_m": 17.6875, "albedo": 0.1415, "nearest_park_distance_m": 151.3364, "park_area_within_500m": 251180.9112, "nearest_stream_distance_m": 738.5668, "est_population_density": 0.0, "dong_elderly_ratio": 0.1597, "dong_avg_age": 43.3, "dong_pop_density": 8378.1, "nearest_shelter_distance_m": 113.4772, "shelter_count_within_500m": 18.28, "est_population": 0.0, "est_elderly": 0.0, "shelter_capacity_within_500m": 1987.7, "building_form_group": "low_floor_high_density", "dong_name": "성수1가1동", "top1_feature": "built_surface_ratio", "top1_shap": 0.8589, "top2_feature": "impervious_ratio", "top2_shap": 0.7807, "top3_feature": "building_ratio", "top3_shap": 0.3418, "priority_score": 56.6032, "priority_rank": 105 }, "geometry": { "type": "Polygon", "coordinates": [ [ [ 127.047209748259519, 37.541709412746926 ], [ 127.04719612028758, 37.543962742489263 ], [ 127.050026064340827, 37.543973560394441 ], [ 127.050039607147397, 37.541720229777084 ], [ 127.047209748259519, 37.541709412746926 ] ] ] } },
{ "type": "Feature", "properties": { "display_grid_id": "11200_00088", "gu_code": 11200, "gu_name": "성동구", "source_cell_count": 13, "area_m2": 62500.0, "mean_actual_lst": 40.542, "mean_actual_anomaly": 2.2826, "seoul_anomaly": 2.5756, "pred_anomaly": 2.4211, "pred_anomaly_std": 0.7863, "green_delta_c": -0.3263, "building_ratio": 0.3859, "green_ratio": 0.2163, "ndvi": 0.1561, "impervious_ratio": 0.5132, "built_surface_ratio": 0.5132, "avg_ground_floor_count": 9.2369, "elevation_m": 18.4592, "albedo": 0.1228, "nearest_park_distance_m": 97.2788, "park_area_within_500m": 177512.0216, "nearest_stream_distance_m": 807.1524, "est_population_density": 0.0, "dong_elderly_ratio": 0.1787, "dong_avg_age": 44.356, "dong_pop_density": 10141.524, "nearest_shelter_distance_m": 103.9492, "shelter_count_within_500m": 13.56, "est_population": 0.0, "est_elderly": 0.0, "shelter_capacity_within_500m": 1357.3, "building_form_group": "low_floor_high_density", "dong_name": "성수1가1동", "top1_feature": "built_surface_ratio", "top1_shap": 0.6113, "top2_feature": "building_ratio", "top2_shap": 0.446, "top3_feature": "impervious_ratio", "top3_shap": 0.4225, "priority_score": 43.9365, "priority_rank": 220 }, "geometry": { "type": "Polygon", "coordinates": [ [ [ 127.050039607147397, 37.541720229777084 ], [ 127.050026064340827, 37.543973560394441 ], [ 127.052856009902399, 37.543984310481655 ], [ 127.052869467543402, 37.541730978994792 ], [ 127.050039607147397, 37.541720229777084 ] ] ] } },
{ "type": "Feature", "properties": { "display_grid_id": "11200_00089", "gu_code": 11200, "gu_name": "성동구", "source_cell_count": 11, "area_m2": 62500.0, "mean_actual_lst": 42.1291, "mean_actual_anomaly": 3.5581, "seoul_anomaly": 3.851, "pred_anomaly": 3.4797, "pred_anomaly_std": 0.6766, "green_delta_c": -0.3196, "building_ratio": 0.4688, "green_ratio": 0.2013, "ndvi": 0.095, "impervious_ratio": 0.4799, "built_surface_ratio": 0.4799, "avg_ground_floor_count": 5.454, "elevation_m": 18.3291, "albedo": 0.1174, "nearest_park_distance_m": 98.5428, "park_area_within_500m": 218545.4096, "nearest_stream_distance_m": 827.42, "est_population_density": 0.0, "dong_elderly_ratio": 0.1982, "dong_avg_age": 45.236, "dong_pop_density": 11601.956, "nearest_shelter_distance_m": 162.0076, "shelter_count_within_500m": 8.44, "est_population": 0.0, "est_elderly": 0.0, "shelter_capacity_within_500m": 786.8, "building_form_group": "high_floor_high_density", "dong_name": "성수2가1동", "top1_feature": "building_ratio", "top1_shap": 0.7418, "top2_feature": "built_surface_ratio", "top2_shap": 0.5628, "top3_feature": "impervious_ratio", "top3_shap": 0.3485, "priority_score": 54.4445, "priority_rank": 122 }, "geometry": { "type": "Polygon", "coordinates": [ [ [ 127.052869467543402, 37.541730978994792 ], [ 127.052856009902399, 37.543984310481655 ], [ 127.05568595696279, 37.543994992750797 ], [ 127.05569932943807, 37.541741660399907 ], [ 127.052869467543402, 37.541730978994792 ] ] ] } },
{ "type": "Feature", "properties": { "display_grid_id": "11200_00090", "gu_code": 11200, "gu_name": "성동구", "source_cell_count": 14, "area_m2": 62500.0, "mean_actual_lst": 42.3034, "mean_actual_anomaly": 3.9085, "seoul_anomaly": 4.2014, "pred_anomaly": 3.3265, "pred_anomaly_std": 0.687, "green_delta_c": -0.4061, "building_ratio": 0.4336, "green_ratio": 0.1888, "ndvi": 0.0805, "impervious_ratio": 0.5196, "built_surface_ratio": 0.5196, "avg_ground_floor_count": 6.7297, "elevation_m": 19.1011, "albedo": 0.1115, "nearest_park_distance_m": 21.5076, "park_area_within_500m": 327940.9832, "nearest_stream_distance_m": 793.488, "est_population_density": 0.0, "dong_elderly_ratio": 0.1951, "dong_avg_age": 44.516, "dong_pop_density": 10374.836, "nearest_shelter_distance_m": 309.154, "shelter_count_within_500m": 5.16, "est_population": 0.0, "est_elderly": 0.0, "shelter_capacity_within_500m": 547.8, "building_form_group": "high_floor_high_density", "dong_name": "성수2가3동", "top1_feature": "built_surface_ratio", "top1_shap": 0.6624, "top2_feature": "impervious_ratio", "top2_shap": 0.6494, "top3_feature": "building_ratio", "top3_shap": 0.5154, "priority_score": 62.6508, "priority_rank": 60 }, "geometry": { "type": "Polygon", "coordinates": [ [ [ 127.05569932943807, 37.541741660399907 ], [ 127.05568595696279, 37.543994992750797 ], [ 127.058515905512564, 37.544005607201775 ], [ 127.058529192821879, 37.541752273992323 ], [ 127.05569932943807, 37.541741660399907 ] ] ] } },
{ "type": "Feature", "properties": { "display_grid_id": "11200_00091", "gu_code": 11200, "gu_name": "성동구", "source_cell_count": 10, "area_m2": 62500.0, "mean_actual_lst": 43.6202, "mean_actual_anomaly": 5.3444, "seoul_anomaly": 5.6374, "pred_anomaly": 4.1443, "pred_anomaly_std": 0.8019, "green_delta_c": -0.6744, "building_ratio": 0.3626, "green_ratio": 0.1771, "ndvi": 0.0938, "impervious_ratio": 0.6081, "built_surface_ratio": 0.6081, "avg_ground_floor_count": 3.9569, "elevation_m": 18.6103, "albedo": 0.1244, "nearest_park_distance_m": 0.0, "park_area_within_500m": 456209.8572, "nearest_stream_distance_m": 741.952, "est_population_density": 0.0, "dong_elderly_ratio": 0.1942, "dong_avg_age": 44.3, "dong_pop_density": 10006.7, "nearest_shelter_distance_m": 372.1704, "shelter_count_within_500m": 4.0, "est_population": 0.0, "est_elderly": 0.0, "shelter_capacity_within_500m": 424.0, "building_form_group": "low_floor_high_density", "dong_name": "성수2가3동", "top1_feature": "built_surface_ratio", "top1_shap": 0.8355, "top2_feature": "impervious_ratio", "top2_shap": 0.7641, "top3_feature": "ndvi", "top3_shap": 0.3602, "priority_score": 72.4444, "priority_rank": 20 }, "geometry": { "type": "Polygon", "coordinates": [ [ [ 127.058529192821879, 37.541752273992323 ], [ 127.058515905512564, 37.544005607201775 ], [ 127.061345855542143, 37.544016153834448 ], [ 127.061359057685408, 37.541762819771954 ], [ 127.058529192821879, 37.541752273992323 ] ] ] } },
{ "type": "Feature", "properties": { "display_grid_id": "11200_00092", "gu_code": 11200, "gu_name": "성동구", "source_cell_count": 11, "area_m2": 60947.61, "mean_actual_lst": 43.061, "mean_actual_anomaly": 4.7209, "seoul_anomaly": 5.0139, "pred_anomaly": 3.819, "pred_anomaly_std": 0.8178, "green_delta_c": -0.6006, "building_ratio": 0.3991, "green_ratio": 0.1831, "ndvi": 0.1024, "impervious_ratio": 0.6055, "built_surface_ratio": 0.6055, "avg_ground_floor_count": 5.2547, "elevation_m": 19.0192, "albedo": 0.118, "nearest_park_distance_m": 0.0, "park_area_within_500m": 512410.8449, "nearest_stream_distance_m": 735.0234, "est_population_density": 30.4259, "dong_elderly_ratio": 0.1942, "dong_avg_age": 44.3, "dong_pop_density": 10006.7, "nearest_shelter_distance_m": 301.5101, "shelter_count_within_500m": 5.4297, "est_population": 1.9, "est_elderly": 0.4, "shelter_capacity_within_500m": 634.3, "building_form_group": "high_floor_high_density", "dong_name": "성수2가3동", "top1_feature": "built_surface_ratio", "top1_shap": 0.7812, "top2_feature": "impervious_ratio", "top2_shap": 0.7291, "top3_feature": "building_ratio", "top3_shap": 0.4076, "priority_score": 73.8333, "priority_rank": 11 }, "geometry": { "type": "Polygon", "coordinates": [ [ [ 127.061359057685408, 37.541762819771954 ], [ 127.061345855542143, 37.544016153834448 ], [ 127.064175807042147, 37.544026632648738 ], [ 127.064184590046779, 37.54251784860574 ], [ 127.0639738, 37.54214438 ], [ 127.063763474719437, 37.541771726786052 ], [ 127.061359057685408, 37.541762819771954 ] ] ] } },
{ "type": "Feature", "properties": { "display_grid_id": "11200_00093", "gu_code": 11200, "gu_name": "성동구", "source_cell_count": 6, "area_m2": 6374.83, "mean_actual_lst": 42.2566, "mean_actual_anomaly": 3.9165, "seoul_anomaly": 4.2095, "pred_anomaly": 3.4689, "pred_anomaly_std": 0.7313, "green_delta_c": -0.5406, "building_ratio": 0.291, "green_ratio": 0.1885, "ndvi": 0.118, "impervious_ratio": 0.5267, "built_surface_ratio": 0.5267, "avg_ground_floor_count": 5.1449, "elevation_m": 19.5076, "albedo": 0.1219, "nearest_park_distance_m": 0.0, "park_area_within_500m": 500047.1788, "nearest_stream_distance_m": 691.9307, "est_population_density": 203.9556, "dong_elderly_ratio": 0.1942, "dong_avg_age": 44.3, "dong_pop_density": 10006.7, "nearest_shelter_distance_m": 164.1896, "shelter_count_within_500m": 4.1621, "est_population": 1.3, "est_elderly": 0.3, "shelter_capacity_within_500m": 167.0, "building_form_group": "high_floor_high_density", "dong_name": "성수2가3동", "top1_feature": "built_surface_ratio", "top1_shap": 0.7405, "top2_feature": "impervious_ratio", "top2_shap": 0.6869, "top3_feature": "ndvi", "top3_shap": 0.5442, "priority_score": 67.2936, "priority_rank": 34 }, "geometry": { "type": "Polygon", "coordinates": [ [ [ 127.064175807042147, 37.544026632648738 ], [ 127.06503798323871, 37.544029811656742 ], [ 127.064184590046779, 37.54251784860574 ], [ 127.064175807042147, 37.544026632648738 ] ] ] } },
{ "type": "Feature", "properties": { "display_grid_id": "11200_00094", "gu_code": 11200, "gu_name": "성동구", "source_cell_count": 9, "area_m2": 39792.11, "mean_actual_lst": 33.5449, "mean_actual_anomaly": -4.9774, "seoul_anomaly": -4.6845, "pred_anomaly": -4.5438, "pred_anomaly_std": 0.9535, "green_delta_c": -0.8329, "building_ratio": 0.0086, "green_ratio": 0.7289, "ndvi": 0.5438, "impervious_ratio": 0.0904, "built_surface_ratio": 0.0904, "avg_ground_floor_count": 0.5281, "elevation_m": 139.6893, "albedo": 0.1431, "nearest_park_distance_m": 609.0501, "park_area_within_500m": 0.0, "nearest_stream_distance_m": 1020.8898, "est_population_density": 501.7223, "dong_elderly_ratio": 0.1942, "dong_avg_age": 43.0, "dong_pop_density": 12701.3, "nearest_shelter_distance_m": 152.4284, "shelter_count_within_500m": 7.2459, "est_population": 20.0, "est_elderly": 3.9, "shelter_capacity_within_500m": 1043.9, "building_form_group": "no_building", "dong_name": "옥수동", "top1_feature": "built_surface_ratio", "top1_shap": -1.0402, "top2_feature": "green_ratio", "top2_shap": -0.9107, "top3_feature": "impervious_ratio", "top3_shap": -0.8931, "priority_score": 39.0, "priority_rank": 254 }, "geometry": { "type": "Polygon", "coordinates": [ [ [ 127.010392252421141, 37.546069255341202 ], [ 127.010406989167535, 37.543815938340053 ], [ 127.009022350528696, 37.543810189227742 ], [ 127.00903305, 37.54397841 ], [ 127.008998940000012, 37.54413693 ], [ 127.008987800000014, 37.54413496 ], [ 127.00896711999998, 37.54421464 ], [ 127.00892082999998, 37.54445650000001 ], [ 127.00891694, 37.54447621 ], [ 127.008888299999981, 37.5444841 ], [ 127.00854017, 37.54457956 ], [ 127.008259260000017, 37.54492506 ], [ 127.008197030000019, 37.54498052 ], [ 127.00815302, 37.54505993 ], [ 127.008194210000013, 37.54512976 ], [ 127.00863253, 37.54587263 ], [ 127.00867114, 37.54594568 ], [ 127.00871181, 37.54601523 ], [ 127.00872896, 37.54602846 ], [ 127.008772688630785, 37.546062528851529 ], [ 127.010392252421141, 37.546069255341202 ] ] ] } },
{ "type": "Feature", "properties": { "display_grid_id": "11200_00095", "gu_code": 11200, "gu_name": "성동구", "source_cell_count": 14, "area_m2": 62500.0, "mean_actual_lst": 36.3976, "mean_actual_anomaly": -2.0115, "seoul_anomaly": -1.7186, "pred_anomaly": -1.8633, "pred_anomaly_std": 0.8554, "green_delta_c": -0.4262, "building_ratio": 0.0986, "green_ratio": 0.4823, "ndvi": 0.3965, "impervious_ratio": 0.2594, "built_surface_ratio": 0.2594, "avg_ground_floor_count": 10.8273, "elevation_m": 90.6734, "albedo": 0.1256, "nearest_park_distance_m": 491.6444, "park_area_within_500m": 2582.2344, "nearest_stream_distance_m": 873.0192, "est_population_density": 35142.0, "dong_elderly_ratio": 0.1942, "dong_avg_age": 43.0, "dong_pop_density": 12701.3, "nearest_shelter_distance_m": 85.2876, "shelter_count_within_500m": 13.44, "est_population": 2196.4, "est_elderly": 426.6, "shelter_capacity_within_500m": 2224.3, "building_form_group": "high_floor_low_density", "dong_name": "옥수동", "top1_feature": "green_ratio", "top1_shap": -0.5534, "top2_feature": "ndvi", "top2_shap": -0.4455, "top3_feature": "built_surface_ratio", "top3_shap": 0.046, "priority_score": 43.6667, "priority_rank": 222 }, "geometry": { "type": "Polygon", "coordinates": [ [ [ 127.010406989167535, 37.543815938340053 ], [ 127.010392252421141, 37.546069255341202 ], [ 127.013222261175656, 37.546080955815704 ], [ 127.013236912749591, 37.543827637868191 ], [ 127.010406989167535, 37.543815938340053 ] ] ] } },
{ "type": "Feature", "properties": { "display_grid_id": "11200_00096", "gu_code": 11200, "gu_name": "성동구", "source_cell_count": 14, "area_m2": 62500.0, "mean_actual_lst": 39.38, "mean_actual_anomaly": 1.2893, "seoul_anomaly": 1.5823, "pred_anomaly": 1.1832, "pred_anomaly_std": 0.7513, "green_delta_c": -0.384, "building_ratio": 0.2291, "green_ratio": 0.2255, "ndvi": 0.1827, "impervious_ratio": 0.5023, "built_surface_ratio": 0.5023, "avg_ground_floor_count": 12.4698, "elevation_m": 63.9755, "albedo": 0.0987, "nearest_park_distance_m": 314.7152, "park_area_within_500m": 12175.7912, "nearest_stream_distance_m": 701.8672, "est_population_density": 69961.6, "dong_elderly_ratio": 0.1945, "dong_avg_age": 43.02, "dong_pop_density": 12849.464, "nearest_shelter_distance_m": 84.2976, "shelter_count_within_500m": 18.28, "est_population": 4372.6, "est_elderly": 849.7, "shelter_capacity_within_500m": 3045.3, "building_form_group": "high_floor_low_density", "dong_name": "옥수동", "top1_feature": "built_surface_ratio", "top1_shap": 0.6256, "top2_feature": "impervious_ratio", "top2_shap": 0.6033, "top3_feature": "avg_ground_floor_count", "top3_shap": -0.4016, "priority_score": 61.2381, "priority_rank": 72 }, "geometry": { "type": "Polygon", "coordinates": [ [ [ 127.013236912749591, 37.543827637868191 ], [ 127.013222261175656, 37.546080955815704 ], [ 127.016052271561989, 37.546092588468277 ], [ 127.016066837963265, 37.543839269579877 ], [ 127.013236912749591, 37.543827637868191 ] ] ] } },
{ "type": "Feature", "properties": { "display_grid_id": "11200_00097", "gu_code": 11200, "gu_name": "성동구", "source_cell_count": 14, "area_m2": 62500.0, "mean_actual_lst": 39.1187, "mean_actual_anomaly": 0.6648, "seoul_anomaly": 0.9578, "pred_anomaly": 1.7635, "pred_anomaly_std": 0.7824, "green_delta_c": -0.3629, "building_ratio": 0.19, "green_ratio": 0.2316, "ndvi": 0.2175, "impervious_ratio": 0.5493, "built_surface_ratio": 0.5493, "avg_ground_floor_count": 6.3565, "elevation_m": 51.4313, "albedo": 0.1189, "nearest_park_distance_m": 261.6752, "park_area_within_500m": 19847.836, "nearest_stream_distance_m": 560.3344, "est_population_density": 27587.2, "dong_elderly_ratio": 0.1959, "dong_avg_age": 43.1, "dong_pop_density": 13442.12, "nearest_shelter_distance_m": 113.0904, "shelter_count_within_500m": 19.32, "est_population": 1724.2, "est_elderly": 338.5, "shelter_capacity_within_500m": 3285.8, "building_form_group": "high_floor_low_density", "dong_name": "옥수동", "top1_feature": "built_surface_ratio", "top1_shap": 0.6778, "top2_feature": "impervious_ratio", "top2_shap": 0.5617, "top3_feature": "ndvi", "top3_shap": -0.1272, "priority_score": 55.7302, "priority_rank": 113 }, "geometry": { "type": "Polygon", "coordinates": [ [ [ 127.016066837963265, 37.543839269579877 ], [ 127.016052271561989, 37.546092588468277 ], [ 127.018882283570619, 37.546104153298792 ], [ 127.018896764799052, 37.543850833475013 ], [ 127.016066837963265, 37.543839269579877 ] ] ] } },
{ "type": "Feature", "properties": { "display_grid_id": "11200_00098", "gu_code": 11200, "gu_name": "성동구", "source_cell_count": 9, "area_m2": 62500.0, "mean_actual_lst": 36.4099, "mean_actual_anomaly": -2.221, "seoul_anomaly": -1.9281, "pred_anomaly": -0.6484, "pred_anomaly_std": 0.7722, "green_delta_c": -0.2798, "building_ratio": 0.1159, "green_ratio": 0.3822, "ndvi": 0.3843, "impervious_ratio": 0.4213, "built_surface_ratio": 0.4213, "avg_ground_floor_count": 11.6636, "elevation_m": 65.003, "albedo": 0.1221, "nearest_park_distance_m": 294.8912, "park_area_within_500m": 49026.8216, "nearest_stream_distance_m": 391.0024, "est_population_density": 44064.8, "dong_elderly_ratio": 0.2013, "dong_avg_age": 43.42, "dong_pop_density": 15812.744, "nearest_shelter_distance_m": 87.9912, "shelter_count_within_500m": 17.4, "est_population": 2754.1, "est_elderly": 553.9, "shelter_capacity_within_500m": 2980.3, "building_form_group": "high_floor_low_density", "dong_name": "금호4가동", "top1_feature": "ndvi", "top1_shap": -0.6542, "top2_feature": "impervious_ratio", "top2_shap": 0.4534, "top3_feature": "avg_ground_floor_count", "top3_shap": -0.3304, "priority_score": 40.873, "priority_rank": 240 }, "geometry": { "type": "Polygon", "coordinates": [ [ [ 127.018896764799052, 37.543850833475013 ], [ 127.018882283570619, 37.546104153298792 ], [ 127.02171229719211, 37.546115650307158 ], [ 127.021726693247501, 37.543862329553448 ], [ 127.018896764799052, 37.543850833475013 ] ] ] } },
{ "type": "Feature", "properties": { "display_grid_id": "11200_00099", "gu_code": 11200, "gu_name": "성동구", "source_cell_count": 12, "area_m2": 62500.0, "mean_actual_lst": 38.3914, "mean_actual_anomaly": -0.1939, "seoul_anomaly": 0.0991, "pred_anomaly": 0.9781, "pred_anomaly_std": 0.8089, "green_delta_c": -0.3431, "building_ratio": 0.1791, "green_ratio": 0.2515, "ndvi": 0.2516, "impervious_ratio": 0.5455, "built_surface_ratio": 0.5455, "avg_ground_floor_count": 12.101, "elevation_m": 33.8858, "albedo": 0.1245, "nearest_park_distance_m": 216.084, "park_area_within_500m": 63971.2648, "nearest_stream_distance_m": 228.7744, "est_population_density": 55537.6, "dong_elderly_ratio": 0.2026, "dong_avg_age": 43.5, "dong_pop_density": 16405.4, "nearest_shelter_distance_m": 82.5968, "shelter_count_within_500m": 14.28, "est_population": 3471.1, "est_elderly": 703.3, "shelter_capacity_within_500m": 2298.7, "building_form_group": "high_floor_low_density", "dong_name": "금호4가동", "top1_feature": "impervious_ratio", "top1_shap": 0.5961, "top2_feature": "built_surface_ratio", "top2_shap": 0.5691, "top3_feature": "avg_ground_floor_count", "top3_shap": -0.3146, "priority_score": 52.5714, "priority_rank": 137 }, "geometry": { "type": "Polygon", "coordinates": [ [ [ 127.021726693247501, 37.543862329553448 ], [ 127.02171229719211, 37.546115650307158 ], [ 127.024542312416941, 37.546127079493225 ], [ 127.024556623299119, 37.543873757815099 ], [ 127.021726693247501, 37.543862329553448 ] ] ] } },
{ "type": "Feature", "properties": { "display_grid_id": "11200_00100", "gu_code": 11200, "gu_name": "성동구", "source_cell_count": 11, "area_m2": 62500.0, "mean_actual_lst": 37.2762, "mean_actual_anomaly": -1.2516, "seoul_anomaly": -0.9586, "pred_anomaly": -0.6843, "pred_anomaly_std": 0.8987, "green_delta_c": -0.8547, "building_ratio": 0.0481, "green_ratio": 0.4385, "ndvi": 0.2813, "impervious_ratio": 0.2867, "built_surface_ratio": 0.2867, "avg_ground_floor_count": 2.0072, "elevation_m": 20.2448, "albedo": 0.1363, "nearest_park_distance_m": 323.0388, "park_area_within_500m": 48292.1564, "nearest_stream_distance_m": 148.568, "est_population_density": 7341.2, "dong_elderly_ratio": 0.2026, "dong_avg_age": 43.5, "dong_pop_density": 16405.4, "nearest_shelter_distance_m": 120.2148, "shelter_count_within_500m": 10.44, "est_population": 458.8, "est_elderly": 92.9, "shelter_capacity_within_500m": 1600.7, "building_form_group": "no_building", "dong_name": "금호4가동", "top1_feature": "impervious_ratio", "top1_shap": 0.1227, "top2_feature": "built_surface_ratio", "top2_shap": -0.0318, "top3_feature": "green_ratio", "top3_shap": -0.2663, "priority_score": 46.8571, "priority_rank": 198 }, "geometry": { "type": "Polygon", "coordinates": [ [ [ 127.024556623299119, 37.543873757815099 ], [ 127.024542312416941, 37.546127079493225 ], [ 127.027372329235632, 37.546138440856886 ], [ 127.027386554944385, 37.543885118259816 ], [ 127.024556623299119, 37.543873757815099 ] ] ] } },
{ "type": "Feature", "properties": { "display_grid_id": "11200_00101", "gu_code": 11200, "gu_name": "성동구", "source_cell_count": 14, "area_m2": 62500.0, "mean_actual_lst": 33.2391, "mean_actual_anomaly": -5.2773, "seoul_anomaly": -4.9844, "pred_anomaly": -5.3298, "pred_anomaly_std": 0.9912, "green_delta_c": -1.4116, "building_ratio": 0.0005, "green_ratio": 0.4119, "ndvi": 0.1481, "impervious_ratio": 0.068, "built_surface_ratio": 0.068, "avg_ground_floor_count": 0.4607, "elevation_m": 14.8583, "albedo": 0.1018, "nearest_park_distance_m": 456.7972, "park_area_within_500m": 9760.3492, "nearest_stream_distance_m": 38.5952, "est_population_density": 157.2, "dong_elderly_ratio": 0.2026, "dong_avg_age": 43.5, "dong_pop_density": 16405.4, "nearest_shelter_distance_m": 300.174, "shelter_count_within_500m": 7.24, "est_population": 9.8, "est_elderly": 2.0, "shelter_capacity_within_500m": 1127.3, "building_form_group": "no_building", "dong_name": "금호4가동", "top1_feature": "built_surface_ratio", "top1_shap": -1.69, "top2_feature": "impervious_ratio", "top2_shap": -1.4867, "top3_feature": "albedo", "top3_shap": -0.2663, "priority_score": 43.5397, "priority_rank": 224 }, "geometry": { "type": "Polygon", "coordinates": [ [ [ 127.027386554944385, 37.543885118259816 ], [ 127.027372329235632, 37.546138440856886 ], [ 127.030202347638692, 37.546149734398021 ], [ 127.030216488173849, 37.543896410887498 ], [ 127.027386554944385, 37.543885118259816 ] ] ] } },
{ "type": "Feature", "properties": { "display_grid_id": "11200_00102", "gu_code": 11200, "gu_name": "성동구", "source_cell_count": 13, "area_m2": 62500.0, "mean_actual_lst": 34.0752, "mean_actual_anomaly": -4.347, "seoul_anomaly": -4.054, "pred_anomaly": -4.2953, "pred_anomaly_std": 1.1487, "green_delta_c": -1.768, "building_ratio": 0.0008, "green_ratio": 0.3553, "ndvi": 0.1311, "impervious_ratio": 0.1047, "built_surface_ratio": 0.1047, "avg_ground_floor_count": 0.08, "elevation_m": 10.2586, "albedo": 0.0989, "nearest_park_distance_m": 615.6252, "park_area_within_500m": 0.0, "nearest_stream_distance_m": 25.5136, "est_population_density": 1.6, "dong_elderly_ratio": 0.1795, "dong_avg_age": 43.32, "dong_pop_density": 12524.18, "nearest_shelter_distance_m": 493.3824, "shelter_count_within_500m": 1.32, "est_population": 0.1, "est_elderly": 0.0, "shelter_capacity_within_500m": 206.0, "building_form_group": "no_building", "dong_name": "금호4가동", "top1_feature": "built_surface_ratio", "top1_shap": -1.2298, "top2_feature": "impervious_ratio", "top2_shap": -0.9591, "top3_feature": "building_ratio", "top3_shap": -0.5977, "priority_score": 41.7937, "priority_rank": 235 }, "geometry": { "type": "Polygon", "coordinates": [ [ [ 127.030216488173849, 37.543896410887498 ], [ 127.030202347638692, 37.546149734398021 ], [ 127.033032367616642, 37.546160960116524 ], [ 127.033046422978046, 37.543907635698019 ], [ 127.030216488173849, 37.543896410887498 ] ] ] } },
{ "type": "Feature", "properties": { "display_grid_id": "11200_00103", "gu_code": 11200, "gu_name": "성동구", "source_cell_count": 12, "area_m2": 62500.0, "mean_actual_lst": 37.534, "mean_actual_anomaly": -0.7191, "seoul_anomaly": -0.4261, "pred_anomaly": -0.071, "pred_anomaly_std": 0.9668, "green_delta_c": -0.484, "building_ratio": 0.0, "green_ratio": 0.383, "ndvi": 0.2456, "impervious_ratio": 0.334, "built_surface_ratio": 0.334, "avg_ground_floor_count": 0.0, "elevation_m": 18.7222, "albedo": 0.1424, "nearest_park_distance_m": 497.286, "park_area_within_500m": 2785.3992, "nearest_stream_distance_m": 154.4896, "est_population_density": 0.0, "dong_elderly_ratio": 0.1634, "dong_avg_age": 43.216, "dong_pop_density": 9687.324, "nearest_shelter_distance_m": 560.696, "shelter_count_within_500m": 0.28, "est_population": 0.0, "est_elderly": 0.0, "shelter_capacity_within_500m": 19.0, "building_form_group": "no_building", "dong_name": "성수1가1동", "top1_feature": "impervious_ratio", "top1_shap": 0.5796, "top2_feature": "built_surface_ratio", "top2_shap": 0.3408, "top3_feature": "building_ratio", "top3_shap": -0.3378, "priority_score": 42.4286, "priority_rank": 230 }, "geometry": { "type": "Polygon", "coordinates": [ [ [ 127.033046422978046, 37.543907635698019 ], [ 127.033032367616642, 37.546160960116524 ], [ 127.035862389160016, 37.546172118012251 ], [ 127.035876359347427, 37.543918792691272 ], [ 127.033046422978046, 37.543907635698019 ] ] ] } },
{ "type": "Feature", "properties": { "display_grid_id": "11200_00104", "gu_code": 11200, "gu_name": "성동구", "source_cell_count": 13, "area_m2": 62500.0, "mean_actual_lst": 36.0088, "mean_actual_anomaly": -2.3283, "seoul_anomaly": -2.0353, "pred_anomaly": -0.6037, "pred_anomaly_std": 0.7819, "green_delta_c": -0.3103, "building_ratio": 0.0057, "green_ratio": 0.4669, "ndvi": 0.384, "impervious_ratio": 0.3479, "built_surface_ratio": 0.3479, "avg_ground_floor_count": 0.36, "elevation_m": 18.4369, "albedo": 0.1422, "nearest_park_distance_m": 293.8664, "park_area_within_500m": 65027.1252, "nearest_stream_distance_m": 343.934, "est_population_density": 0.0, "dong_elderly_ratio": 0.1597, "dong_avg_age": 43.3, "dong_pop_density": 8378.1, "nearest_shelter_distance_m": 588.7168, "shelter_count_within_500m": 0.16, "est_population": 0.0, "est_elderly": 0.0, "shelter_capacity_within_500m": 19.0, "building_form_group": "no_building", "dong_name": "성수1가1동", "top1_feature": "green_ratio", "top1_shap": -0.7245, "top2_feature": "ndvi", "top2_shap": -0.6143, "top3_feature": "impervious_ratio", "top3_shap": 0.4561, "priority_score": 33.0159, "priority_rank": 274 }, "geometry": { "type": "Polygon", "coordinates": [ [ [ 127.035876359347427, 37.543918792691272 ], [ 127.035862389160016, 37.546172118012251 ], [ 127.038692412259309, 37.546183208085118 ], [ 127.038706297272583, 37.543929881867136 ], [ 127.035876359347427, 37.543918792691272 ] ] ] } },
{ "type": "Feature", "properties": { "display_grid_id": "11200_00105", "gu_code": 11200, "gu_name": "성동구", "source_cell_count": 11, "area_m2": 62500.0, "mean_actual_lst": 34.197, "mean_actual_anomaly": -3.6749, "seoul_anomaly": -3.3819, "pred_anomaly": -1.6463, "pred_anomaly_std": 0.8392, "green_delta_c": -0.3256, "building_ratio": 0.004, "green_ratio": 0.6123, "ndvi": 0.4182, "impervious_ratio": 0.2178, "built_surface_ratio": 0.2178, "avg_ground_floor_count": 0.2, "elevation_m": 13.9161, "albedo": 0.152, "nearest_park_distance_m": 137.7072, "park_area_within_500m": 180331.0708, "nearest_stream_distance_m": 527.682, "est_population_density": 0.8, "dong_elderly_ratio": 0.1597, "dong_avg_age": 43.3, "dong_pop_density": 8378.1, "nearest_shelter_distance_m": 404.5528, "shelter_count_within_500m": 3.2, "est_population": 0.1, "est_elderly": 0.0, "shelter_capacity_within_500m": 505.0, "building_form_group": "no_building", "dong_name": "성수1가1동", "top1_feature": "green_ratio", "top1_shap": -1.0544, "top2_feature": "ndvi", "top2_shap": -0.8238, "top3_feature": "building_ratio", "top3_shap": -0.3127, "priority_score": 30.1587, "priority_rank": 281 }, "geometry": { "type": "Polygon", "coordinates": [ [ [ 127.038706297272583, 37.543929881867136 ], [ 127.038692412259309, 37.546183208085118 ], [ 127.041522436905041, 37.54619423033499 ], [ 127.04153623674398, 37.543940903225497 ], [ 127.038706297272583, 37.543929881867136 ] ] ] } },
{ "type": "Feature", "properties": { "display_grid_id": "11200_00106", "gu_code": 11200, "gu_name": "성동구", "source_cell_count": 13, "area_m2": 62500.0, "mean_actual_lst": 36.3517, "mean_actual_anomaly": -1.2692, "seoul_anomaly": -0.9762, "pred_anomaly": 0.9634, "pred_anomaly_std": 0.8479, "green_delta_c": -0.2942, "building_ratio": 0.1471, "green_ratio": 0.2558, "ndvi": 0.2188, "impervious_ratio": 0.5075, "built_surface_ratio": 0.5075, "avg_ground_floor_count": 19.0974, "elevation_m": 18.9533, "albedo": 0.112, "nearest_park_distance_m": 12.8208, "park_area_within_500m": 231791.812, "nearest_stream_distance_m": 699.1048, "est_population_density": 5566.0, "dong_elderly_ratio": 0.1597, "dong_avg_age": 43.3, "dong_pop_density": 8378.1, "nearest_shelter_distance_m": 169.7384, "shelter_count_within_500m": 10.4, "est_population": 347.9, "est_elderly": 55.6, "shelter_capacity_within_500m": 1386.8, "building_form_group": "high_floor_low_density", "dong_name": "성수1가1동", "top1_feature": "impervious_ratio", "top1_shap": 0.6699, "top2_feature": "built_surface_ratio", "top2_shap": 0.656, "top3_feature": "avg_ground_floor_count", "top3_shap": -0.363, "priority_score": 41.2222, "priority_rank": 239 }, "geometry": { "type": "Polygon", "coordinates": [ [ [ 127.04153623674398, 37.543940903225497 ], [ 127.041522436905041, 37.54619423033499 ], [ 127.044352463087705, 37.54620518476176 ], [ 127.044366177752138, 37.543951856766242 ], [ 127.04153623674398, 37.543940903225497 ] ] ] } },
{ "type": "Feature", "properties": { "display_grid_id": "11200_00107", "gu_code": 11200, "gu_name": "성동구", "source_cell_count": 15, "area_m2": 62500.0, "mean_actual_lst": 40.2881, "mean_actual_anomaly": 2.6347, "seoul_anomaly": 2.9277, "pred_anomaly": 2.9722, "pred_anomaly_std": 0.6817, "green_delta_c": -0.3151, "building_ratio": 0.3378, "green_ratio": 0.1968, "ndvi": 0.1083, "impervious_ratio": 0.5403, "built_surface_ratio": 0.5403, "avg_ground_floor_count": 7.4281, "elevation_m": 18.8474, "albedo": 0.1278, "nearest_park_distance_m": 84.7752, "park_area_within_500m": 220640.8448, "nearest_stream_distance_m": 790.8864, "est_population_density": 651.6, "dong_elderly_ratio": 0.1618, "dong_avg_age": 43.252, "dong_pop_density": 9126.228, "nearest_shelter_distance_m": 71.5304, "shelter_count_within_500m": 16.64, "est_population": 40.7, "est_elderly": 6.5, "shelter_capacity_within_500m": 1966.3, "building_form_group": "high_floor_high_density", "dong_name": "성수1가1동", "top1_feature": "built_surface_ratio", "top1_shap": 0.6485, "top2_feature": "impervious_ratio", "top2_shap": 0.5844, "top3_feature": "building_ratio", "top3_shap": 0.3543, "priority_score": 48.9206, "priority_rank": 179 }, "geometry": { "type": "Polygon", "coordinates": [ [ [ 127.044366177752138, 37.543951856766242 ], [ 127.044352463087705, 37.54620518476176 ], [ 127.047182490797837, 37.546216071365308 ], [ 127.04719612028758, 37.543962742489263 ], [ 127.044366177752138, 37.543951856766242 ] ] ] } },
{ "type": "Feature", "properties": { "display_grid_id": "11200_00108", "gu_code": 11200, "gu_name": "성동구", "source_cell_count": 11, "area_m2": 62500.0, "mean_actual_lst": 41.0245, "mean_actual_anomaly": 2.8026, "seoul_anomaly": 3.0955, "pred_anomaly": 3.09, "pred_anomaly_std": 0.7279, "green_delta_c": -0.3651, "building_ratio": 0.3659, "green_ratio": 0.1832, "ndvi": 0.117, "impervious_ratio": 0.6033, "built_surface_ratio": 0.6033, "avg_ground_floor_count": 6.2784, "elevation_m": 20.4155, "albedo": 0.1249, "nearest_park_distance_m": 206.7764, "park_area_within_500m": 117067.2356, "nearest_stream_distance_m": 805.0464, "est_population_density": 0.0, "dong_elderly_ratio": 0.1683, "dong_avg_age": 43.248, "dong_pop_density": 10565.74, "nearest_shelter_distance_m": 90.3024, "shelter_count_within_500m": 19.44, "est_population": 0.0, "est_elderly": 0.0, "shelter_capacity_within_500m": 2295.2, "building_form_group": "high_floor_high_density", "dong_name": "성수1가1동", "top1_feature": "built_surface_ratio", "top1_shap": 0.7602, "top2_feature": "impervious_ratio", "top2_shap": 0.7046, "top3_feature": "ndvi", "top3_shap": 0.2711, "priority_score": 49.1191, "priority_rank": 171 }, "geometry": { "type": "Polygon", "coordinates": [ [ [ 127.04719612028758, 37.543962742489263 ], [ 127.047182490797837, 37.546216071365308 ], [ 127.050012520025959, 37.546226890145547 ], [ 127.050026064340827, 37.543973560394441 ], [ 127.04719612028758, 37.543962742489263 ] ] ] } },
{ "type": "Feature", "properties": { "display_grid_id": "11200_00109", "gu_code": 11200, "gu_name": "성동구", "source_cell_count": 13, "area_m2": 62500.0, "mean_actual_lst": 41.3497, "mean_actual_anomaly": 3.0502, "seoul_anomaly": 3.3431, "pred_anomaly": 3.214, "pred_anomaly_std": 0.6986, "green_delta_c": -0.2564, "building_ratio": 0.3582, "green_ratio": 0.2128, "ndvi": 0.1213, "impervious_ratio": 0.4992, "built_surface_ratio": 0.4992, "avg_ground_floor_count": 4.5981, "elevation_m": 19.3431, "albedo": 0.1178, "nearest_park_distance_m": 291.8292, "park_area_within_500m": 53983.5252, "nearest_stream_distance_m": 736.2432, "est_population_density": 0.0, "dong_elderly_ratio": 0.1916, "dong_avg_age": 44.144, "dong_pop_density": 10372.364, "nearest_shelter_distance_m": 109.7584, "shelter_count_within_500m": 16.88, "est_population": 0.0, "est_elderly": 0.0, "shelter_capacity_within_500m": 2017.7, "building_form_group": "high_floor_high_density", "dong_name": "성수2가3동", "top1_feature": "built_surface_ratio", "top1_shap": 0.6407, "top2_feature": "impervious_ratio", "top2_shap": 0.6212, "top3_feature": "building_ratio", "top3_shap": 0.3553, "priority_score": 45.9048, "priority_rank": 208 }, "geometry": { "type": "Polygon", "coordinates": [ [ [ 127.050026064340827, 37.543973560394441 ], [ 127.050012520025959, 37.546226890145547 ], [ 127.052842550762591, 37.54623764110233 ], [ 127.052856009902399, 37.543984310481655 ], [ 127.050026064340827, 37.543973560394441 ] ] ] } },
{ "type": "Feature", "properties": { "display_grid_id": "11200_00110", "gu_code": 11200, "gu_name": "성동구", "source_cell_count": 11, "area_m2": 62500.0, "mean_actual_lst": 41.0148, "mean_actual_anomaly": 2.6141, "seoul_anomaly": 2.9071, "pred_anomaly": 2.7696, "pred_anomaly_std": 0.6687, "green_delta_c": -0.0871, "building_ratio": 0.4041, "green_ratio": 0.2161, "ndvi": 0.0854, "impervious_ratio": 0.4556, "built_surface_ratio": 0.4556, "avg_ground_floor_count": 7.215, "elevation_m": 20.6142, "albedo": 0.1073, "nearest_park_distance_m": 258.9272, "park_area_within_500m": 156931.6748, "nearest_stream_distance_m": 644.4236, "est_population_density": 0.0, "dong_elderly_ratio": 0.1942, "dong_avg_age": 44.3, "dong_pop_density": 10006.7, "nearest_shelter_distance_m": 146.9152, "shelter_count_within_500m": 10.56, "est_population": 0.0, "est_elderly": 0.0, "shelter_capacity_within_500m": 1348.7, "building_form_group": "high_floor_high_density", "dong_name": "성수2가3동", "top1_feature": "built_surface_ratio", "top1_shap": 0.579, "top2_feature": "impervious_ratio", "top2_shap": 0.5259, "top3_feature": "building_ratio", "top3_shap": 0.3954, "priority_score": 41.7619, "priority_rank": 236 }, "geometry": { "type": "Polygon", "coordinates": [ [ [ 127.052856009902399, 37.543984310481655 ], [ 127.052842550762591, 37.54623764110233 ], [ 127.055672582998184, 37.54624832423557 ], [ 127.05568595696279, 37.543994992750797 ], [ 127.052856009902399, 37.543984310481655 ] ] ] } },
{ "type": "Feature", "properties": { "display_grid_id": "11200_00111", "gu_code": 11200, "gu_name": "성동구", "source_cell_count": 11, "area_m2": 62500.0, "mean_actual_lst": 41.3564, "mean_actual_anomaly": 2.9602, "seoul_anomaly": 3.2532, "pred_anomaly": 2.7401, "pred_anomaly_std": 0.6687, "green_delta_c": -0.2198, "building_ratio": 0.3968, "green_ratio": 0.2051, "ndvi": 0.1291, "impervious_ratio": 0.5385, "built_surface_ratio": 0.5385, "avg_ground_floor_count": 8.3078, "elevation_m": 21.614, "albedo": 0.1134, "nearest_park_distance_m": 53.5336, "park_area_within_500m": 319685.654, "nearest_stream_distance_m": 558.8452, "est_population_density": 0.0, "dong_elderly_ratio": 0.1942, "dong_avg_age": 44.3, "dong_pop_density": 10006.7, "nearest_shelter_distance_m": 155.396, "shelter_count_within_500m": 7.36, "est_population": 0.0, "est_elderly": 0.0, "shelter_capacity_within_500m": 1008.7, "building_form_group": "high_floor_high_density", "dong_name": "성수2가3동", "top1_feature": "built_surface_ratio", "top1_shap": 0.6371, "top2_feature": "impervious_ratio", "top2_shap": 0.6184, "top3_feature": "building_ratio", "top3_shap": 0.4215, "priority_score": 48.2857, "priority_rank": 190 }, "geometry": { "type": "Polygon", "coordinates": [ [ [ 127.05568595696279, 37.543994992750797 ], [ 127.055672582998184, 37.54624832423557 ], [ 127.058502616723331, 37.546258939545147 ], [ 127.058515905512564, 37.544005607201775 ], [ 127.05568595696279, 37.543994992750797 ] ] ] } },
{ "type": "Feature", "properties": { "display_grid_id": "11200_00112", "gu_code": 11200, "gu_name": "성동구", "source_cell_count": 14, "area_m2": 62500.0, "mean_actual_lst": 41.9072, "mean_actual_anomaly": 3.5868, "seoul_anomaly": 3.8797, "pred_anomaly": 3.6503, "pred_anomaly_std": 0.7685, "green_delta_c": -0.34, "building_ratio": 0.4667, "green_ratio": 0.1941, "ndvi": 0.1137, "impervious_ratio": 0.5453, "built_surface_ratio": 0.5453, "avg_ground_floor_count": 5.2736, "elevation_m": 22.8449, "albedo": 0.1227, "nearest_park_distance_m": 0.0, "park_area_within_500m": 510908.4448, "nearest_stream_distance_m": 486.3588, "est_population_density": 0.0, "dong_elderly_ratio": 0.1942, "dong_avg_age": 44.3, "dong_pop_density": 10006.7, "nearest_shelter_distance_m": 180.168, "shelter_count_within_500m": 4.6, "est_population": 0.0, "est_elderly": 0.0, "shelter_capacity_within_500m": 639.0, "building_form_group": "high_floor_high_density", "dong_name": "성수2가3동", "top1_feature": "built_surface_ratio", "top1_shap": 0.696, "top2_feature": "building_ratio", "top2_shap": 0.6761, "top3_feature": "impervious_ratio", "top3_shap": 0.6103, "priority_score": 57.5, "priority_rank": 99 }, "geometry": { "type": "Polygon", "coordinates": [ [ [ 127.058515905512564, 37.544005607201775 ], [ 127.058502616723331, 37.546258939545147 ], [ 127.061332651928538, 37.546269487030941 ], [ 127.061345855542143, 37.544016153834448 ], [ 127.058515905512564, 37.544005607201775 ] ] ] } },
{ "type": "Feature", "properties": { "display_grid_id": "11200_00113", "gu_code": 11200, "gu_name": "성동구", "source_cell_count": 14, "area_m2": 62500.0, "mean_actual_lst": 42.138, "mean_actual_anomaly": 3.9468, "seoul_anomaly": 4.2398, "pred_anomaly": 3.4551, "pred_anomaly_std": 0.7566, "green_delta_c": -0.3488, "building_ratio": 0.4343, "green_ratio": 0.1939, "ndvi": 0.1103, "impervious_ratio": 0.5593, "built_surface_ratio": 0.5593, "avg_ground_floor_count": 5.5927, "elevation_m": 18.9616, "albedo": 0.1303, "nearest_park_distance_m": 0.0, "park_area_within_500m": 575177.9456, "nearest_stream_distance_m": 481.5564, "est_population_density": 0.0, "dong_elderly_ratio": 0.1942, "dong_avg_age": 44.3, "dong_pop_density": 10006.7, "nearest_shelter_distance_m": 205.5904, "shelter_count_within_500m": 3.4, "est_population": 0.0, "est_elderly": 0.0, "shelter_capacity_within_500m": 415.0, "building_form_group": "high_floor_high_density", "dong_name": "성수2가3동", "top1_feature": "built_surface_ratio", "top1_shap": 0.6911, "top2_feature": "building_ratio", "top2_shap": 0.6428, "top3_feature": "impervious_ratio", "top3_shap": 0.6122, "priority_score": 59.6349, "priority_rank": 85 }, "geometry": { "type": "Polygon", "coordinates": [ [ [ 127.061345855542143, 37.544016153834448 ], [ 127.061332651928538, 37.546269487030941 ], [ 127.064162688604242, 37.546279966692857 ], [ 127.064175807042147, 37.544026632648738 ], [ 127.061345855542143, 37.544016153834448 ] ] ] } },
{ "type": "Feature", "properties": { "display_grid_id": "11200_00114", "gu_code": 11200, "gu_name": "성동구", "source_cell_count": 7, "area_m2": 33260.2, "mean_actual_lst": 41.2089, "mean_actual_anomaly": 2.9989, "seoul_anomaly": 3.2919, "pred_anomaly": 2.5596, "pred_anomaly_std": 0.7025, "green_delta_c": -0.2889, "building_ratio": 0.4033, "green_ratio": 0.2024, "ndvi": 0.1116, "impervious_ratio": 0.5164, "built_surface_ratio": 0.5164, "avg_ground_floor_count": 9.0675, "elevation_m": 19.328, "albedo": 0.1151, "nearest_park_distance_m": 0.0, "park_area_within_500m": 486163.7755, "nearest_stream_distance_m": 511.5941, "est_population_density": 424.6231, "dong_elderly_ratio": 0.1942, "dong_avg_age": 44.3, "dong_pop_density": 10006.7, "nearest_shelter_distance_m": 73.5374, "shelter_count_within_500m": 3.9355, "est_population": 14.1, "est_elderly": 2.8, "shelter_capacity_within_500m": 364.3, "building_form_group": "high_floor_high_density", "dong_name": "성수2가3동", "top1_feature": "impervious_ratio", "top1_shap": 0.6169, "top2_feature": "built_surface_ratio", "top2_shap": 0.5801, "top3_feature": "building_ratio", "top3_shap": 0.3957, "priority_score": 48.6032, "priority_rank": 183 }, "geometry": { "type": "Polygon", "coordinates": [ [ [ 127.064175807042147, 37.544026632648738 ], [ 127.064162688604242, 37.546279966692857 ], [ 127.066312570363607, 37.54628788239674 ], [ 127.06503798323871, 37.544029811656742 ], [ 127.064175807042147, 37.544026632648738 ] ] ] } },
{ "type": "Feature", "properties": { "display_grid_id": "11200_00115", "gu_code": 11200, "gu_name": "성동구", "source_cell_count": 6, "area_m2": 21404.0, "mean_actual_lst": 36.3648, "mean_actual_anomaly": -2.1976, "seoul_anomaly": -1.9046, "pred_anomaly": -1.784, "pred_anomaly_std": 1.0088, "green_delta_c": -0.4491, "building_ratio": 0.1141, "green_ratio": 0.5022, "ndvi": 0.4456, "impervious_ratio": 0.2837, "built_surface_ratio": 0.2837, "avg_ground_floor_count": 1.6738, "elevation_m": 118.7293, "albedo": 0.1464, "nearest_park_distance_m": 528.2765, "park_area_within_500m": 1517.3943, "nearest_stream_distance_m": 1133.3718, "est_population_density": 4598.0241, "dong_elderly_ratio": 0.1942, "dong_avg_age": 43.0, "dong_pop_density": 12701.3, "nearest_shelter_distance_m": 155.7714, "shelter_count_within_500m": 7.1827, "est_population": 98.4, "est_elderly": 19.1, "shelter_capacity_within_500m": 708.2, "building_form_group": "no_building", "dong_name": "옥수동", "top1_feature": "green_ratio", "top1_shap": -1.0124, "top2_feature": "ndvi", "top2_shap": -0.9011, "top3_feature": "built_surface_ratio", "top3_shap": 0.2321, "priority_score": 39.3016, "priority_rank": 253 }, "geometry": { "type": "Polygon", "coordinates": [ [ [ 127.010392252421141, 37.546069255341202 ], [ 127.008772688630785, 37.546062528851529 ], [ 127.00896096, 37.54620921 ], [ 127.009211690000015, 37.54638348 ], [ 127.009182, 37.5465451 ], [ 127.00914505999998, 37.54673036 ], [ 127.00909859, 37.54701334 ], [ 127.00909842999998, 37.54705163 ], [ 127.00925387, 37.54734416 ], [ 127.0093232, 37.54747536 ], [ 127.00946307, 37.54763528 ], [ 127.00958739, 37.54778056 ], [ 127.00967988, 37.54788867 ], [ 127.00969261, 37.54789063 ], [ 127.0098238, 37.54789823 ], [ 127.00990762, 37.54790076 ], [ 127.01001688, 37.54790413 ], [ 127.010022009999986, 37.54790695 ], [ 127.010378739698325, 37.548135192164821 ], [ 127.010392252421141, 37.546069255341202 ] ] ] } },
{ "type": "Feature", "properties": { "display_grid_id": "11200_00116", "gu_code": 11200, "gu_name": "성동구", "source_cell_count": 11, "area_m2": 61701.61, "mean_actual_lst": 36.8462, "mean_actual_anomaly": -1.6903, "seoul_anomaly": -1.3974, "pred_anomaly": -1.0545, "pred_anomaly_std": 0.8209, "green_delta_c": -0.3305, "building_ratio": 0.1331, "green_ratio": 0.3829, "ndvi": 0.3407, "impervious_ratio": 0.3603, "built_surface_ratio": 0.3603, "avg_ground_floor_count": 10.9444, "elevation_m": 93.7759, "albedo": 0.1229, "nearest_park_distance_m": 399.561, "park_area_within_500m": 11628.5994, "nearest_stream_distance_m": 1048.22, "est_population_density": 39494.0197, "dong_elderly_ratio": 0.1942, "dong_avg_age": 43.0, "dong_pop_density": 12701.3, "nearest_shelter_distance_m": 92.2364, "shelter_count_within_500m": 11.543, "est_population": 2436.8, "est_elderly": 473.2, "shelter_capacity_within_500m": 2056.7, "building_form_group": "high_floor_low_density", "dong_name": "옥수동", "top1_feature": "ndvi", "top1_shap": -0.4688, "top2_feature": "impervious_ratio", "top2_shap": 0.4528, "top3_feature": "avg_ground_floor_count", "top3_shap": -0.373, "priority_score": 41.9841, "priority_rank": 234 }, "geometry": { "type": "Polygon", "coordinates": [ [ [ 127.013207607969946, 37.54833427289627 ], [ 127.013222261175656, 37.546080955815704 ], [ 127.010392252421141, 37.546069255341202 ], [ 127.010378739698325, 37.548135192164821 ], [ 127.01058786, 37.54826899 ], [ 127.01072578, 37.5482335 ], [ 127.01074169, 37.54822956 ], [ 127.01078394, 37.54821858 ], [ 127.01079526, 37.54821576 ], [ 127.010813110000015, 37.54821097 ], [ 127.010827259999985, 37.54820759 ], [ 127.01083574, 37.54820534 ], [ 127.0108612, 37.54819858 ], [ 127.01087146, 37.54819605 ], [ 127.010927329999987, 37.54818168 ], [ 127.01096093000001, 37.54819716 ], [ 127.01110947, 37.54826529000001 ], [ 127.01112538000001, 37.54827261 ], [ 127.011141650000013, 37.54827992 ], [ 127.01115597, 37.54828668 ], [ 127.01124207423652, 37.548326153316964 ], [ 127.013207607969946, 37.54833427289627 ] ] ] } },
{ "type": "Feature", "properties": { "display_grid_id": "11200_00117", "gu_code": 11200, "gu_name": "성동구", "source_cell_count": 11, "area_m2": 62500.0, "mean_actual_lst": 38.9908, "mean_actual_anomaly": 0.6249, "seoul_anomaly": 0.9178, "pred_anomaly": 1.171, "pred_anomaly_std": 0.7617, "green_delta_c": -0.3908, "building_ratio": 0.1851, "green_ratio": 0.2203, "ndvi": 0.1876, "impervious_ratio": 0.5276, "built_surface_ratio": 0.5276, "avg_ground_floor_count": 10.2258, "elevation_m": 63.4251, "albedo": 0.1026, "nearest_park_distance_m": 161.6024, "park_area_within_500m": 20547.628, "nearest_stream_distance_m": 895.4816, "est_population_density": 45610.4, "dong_elderly_ratio": 0.1959, "dong_avg_age": 43.1, "dong_pop_density": 13442.12, "nearest_shelter_distance_m": 80.148, "shelter_count_within_500m": 15.96, "est_population": 2850.7, "est_elderly": 557.4, "shelter_capacity_within_500m": 2884.8, "building_form_group": "high_floor_low_density", "dong_name": "옥수동", "top1_feature": "built_surface_ratio", "top1_shap": 0.628, "top2_feature": "impervious_ratio", "top2_shap": 0.6102, "top3_feature": "green_ratio", "top3_shap": 0.2987, "priority_score": 57.0635, "priority_rank": 102 }, "geometry": { "type": "Polygon", "coordinates": [ [ [ 127.013222261175656, 37.546080955815704 ], [ 127.013207607969946, 37.54833427289627 ], [ 127.016037703538387, 37.548345906489779 ], [ 127.016052271561989, 37.546092588468277 ], [ 127.013222261175656, 37.546080955815704 ] ] ] } },
{ "type": "Feature", "properties": { "display_grid_id": "11200_00118", "gu_code": 11200, "gu_name": "성동구", "source_cell_count": 12, "area_m2": 62500.0, "mean_actual_lst": 40.463, "mean_actual_anomaly": 2.0603, "seoul_anomaly": 2.3532, "pred_anomaly": 2.6136, "pred_anomaly_std": 0.736, "green_delta_c": -0.5762, "building_ratio": 0.3348, "green_ratio": 0.2466, "ndvi": 0.1691, "impervious_ratio": 0.4402, "built_surface_ratio": 0.4402, "avg_ground_floor_count": 5.6893, "elevation_m": 43.1404, "albedo": 0.1102, "nearest_park_distance_m": 60.1544, "park_area_within_500m": 55850.0568, "nearest_stream_distance_m": 742.1968, "est_population_density": 40319.2, "dong_elderly_ratio": 0.2026, "dong_avg_age": 43.5, "dong_pop_density": 16405.4, "nearest_shelter_distance_m": 89.2288, "shelter_count_within_500m": 15.72, "est_population": 2519.9, "est_elderly": 510.6, "shelter_capacity_within_500m": 2837.2, "building_form_group": "low_floor_high_density", "dong_name": "금호4가동", "top1_feature": "built_surface_ratio", "top1_shap": 0.5852, "top2_feature": "impervious_ratio", "top2_shap": 0.5743, "top3_feature": "building_ratio", "top3_shap": 0.4135, "priority_score": 64.6826, "priority_rank": 50 }, "geometry": { "type": "Polygon", "coordinates": [ [ [ 127.016052271561989, 37.546092588468277 ], [ 127.016037703538387, 37.548345906489779 ], [ 127.018867800729353, 37.548357472255759 ], [ 127.018882283570619, 37.546104153298792 ], [ 127.016052271561989, 37.546092588468277 ] ] ] } },
{ "type": "Feature", "properties": { "display_grid_id": "11200_00119", "gu_code": 11200, "gu_name": "성동구", "source_cell_count": 13, "area_m2": 62500.0, "mean_actual_lst": 40.9779, "mean_actual_anomaly": 2.2756, "seoul_anomaly": 2.5686, "pred_anomaly": 2.8643, "pred_anomaly_std": 0.7985, "green_delta_c": -0.17, "building_ratio": 0.341, "green_ratio": 0.2464, "ndvi": 0.127, "impervious_ratio": 0.4032, "built_surface_ratio": 0.4032, "avg_ground_floor_count": 5.9378, "elevation_m": 43.5624, "albedo": 0.1015, "nearest_park_distance_m": 120.1048, "park_area_within_500m": 121916.7664, "nearest_stream_distance_m": 560.2344, "est_population_density": 41439.2, "dong_elderly_ratio": 0.2026, "dong_avg_age": 43.5, "dong_pop_density": 16405.4, "nearest_shelter_distance_m": 76.4664, "shelter_count_within_500m": 19.0, "est_population": 2590.0, "est_elderly": 524.8, "shelter_capacity_within_500m": 3232.8, "building_form_group": "low_floor_high_density", "dong_name": "금호4가동", "top1_feature": "built_surface_ratio", "top1_shap": 0.5885, "top2_feature": "ndvi", "top2_shap": 0.4541, "top3_feature": "building_ratio", "top3_shap": 0.3504, "priority_score": 51.7143, "priority_rank": 144 }, "geometry": { "type": "Polygon", "coordinates": [ [ [ 127.018882283570619, 37.546104153298792 ], [ 127.018867800729353, 37.548357472255759 ], [ 127.021697899533365, 37.54836897019409 ], [ 127.02171229719211, 37.546115650307158 ], [ 127.018882283570619, 37.546104153298792 ] ] ] } },
{ "type": "Feature", "properties": { "display_grid_id": "11200_00120", "gu_code": 11200, "gu_name": "성동구", "source_cell_count": 11, "area_m2": 62500.0, "mean_actual_lst": 40.2634, "mean_actual_anomaly": 1.6639, "seoul_anomaly": 1.9568, "pred_anomaly": 2.3257, "pred_anomaly_std": 0.766, "green_delta_c": -0.1795, "building_ratio": 0.2636, "green_ratio": 0.2276, "ndvi": 0.1546, "impervious_ratio": 0.4732, "built_surface_ratio": 0.4732, "avg_ground_floor_count": 7.3522, "elevation_m": 33.1163, "albedo": 0.1196, "nearest_park_distance_m": 42.9904, "park_area_within_500m": 138558.3456, "nearest_stream_distance_m": 442.6144, "est_population_density": 43694.4, "dong_elderly_ratio": 0.2026, "dong_avg_age": 43.5, "dong_pop_density": 16405.4, "nearest_shelter_distance_m": 70.648, "shelter_count_within_500m": 19.08, "est_population": 2730.9, "est_elderly": 553.3, "shelter_capacity_within_500m": 3130.2, "building_form_group": "high_floor_low_density", "dong_name": "금호4가동", "top1_feature": "built_surface_ratio", "top1_shap": 0.6088, "top2_feature": "impervious_ratio", "top2_shap": 0.5024, "top3_feature": "ndvi", "top3_shap": 0.2376, "priority_score": 51.2539, "priority_rank": 147 }, "geometry": { "type": "Polygon", "coordinates": [ [ [ 127.02171229719211, 37.546115650307158 ], [ 127.021697899533365, 37.54836897019409 ], [ 127.024527999940901, 37.54838040030463 ], [ 127.024542312416941, 37.546127079493225 ], [ 127.02171229719211, 37.546115650307158 ] ] ] } },
{ "type": "Feature", "properties": { "display_grid_id": "11200_00121", "gu_code": 11200, "gu_name": "성동구", "source_cell_count": 12, "area_m2": 62500.0, "mean_actual_lst": 38.4447, "mean_actual_anomaly": -0.0138, "seoul_anomaly": 0.2791, "pred_anomaly": 1.9424, "pred_anomaly_std": 0.703, "green_delta_c": -0.2922, "building_ratio": 0.2202, "green_ratio": 0.258, "ndvi": 0.171, "impervious_ratio": 0.4309, "built_surface_ratio": 0.4309, "avg_ground_floor_count": 7.9019, "elevation_m": 28.3888, "albedo": 0.1119, "nearest_park_distance_m": 133.7876, "park_area_within_500m": 125051.1964, "nearest_stream_distance_m": 344.7064, "est_population_density": 38956.4, "dong_elderly_ratio": 0.2026, "dong_avg_age": 43.5, "dong_pop_density": 16405.4, "nearest_shelter_distance_m": 70.2572, "shelter_count_within_500m": 13.88, "est_population": 2434.8, "est_elderly": 493.3, "shelter_capacity_within_500m": 2195.8, "building_form_group": "high_floor_low_density", "dong_name": "금호4가동", "top1_feature": "built_surface_ratio", "top1_shap": 0.5631, "top2_feature": "impervious_ratio", "top2_shap": 0.5572, "top3_feature": "ndvi", "top3_shap": 0.15, "priority_score": 45.6032, "priority_rank": 210 }, "geometry": { "type": "Polygon", "coordinates": [ [ [ 127.024542312416941, 37.546127079493225 ], [ 127.024527999940901, 37.54838040030463 ], [ 127.027358101942468, 37.548391762587279 ], [ 127.027372329235632, 37.546138440856886 ], [ 127.024542312416941, 37.546127079493225 ] ] ] } },
{ "type": "Feature", "properties": { "display_grid_id": "11200_00122", "gu_code": 11200, "gu_name": "성동구", "source_cell_count": 11, "area_m2": 62500.0, "mean_actual_lst": 35.4173, "mean_actual_anomaly": -2.8336, "seoul_anomaly": -2.5406, "pred_anomaly": -1.9098, "pred_anomaly_std": 0.9675, "green_delta_c": -0.9372, "building_ratio": 0.0208, "green_ratio": 0.6222, "ndvi": 0.4591, "impervious_ratio": 0.168, "built_surface_ratio": 0.168, "avg_ground_floor_count": 2.1812, "elevation_m": 50.2348, "albedo": 0.1431, "nearest_park_distance_m": 300.1284, "park_area_within_500m": 54464.5172, "nearest_stream_distance_m": 220.5784, "est_population_density": 5238.0, "dong_elderly_ratio": 0.2026, "dong_avg_age": 43.5, "dong_pop_density": 16405.4, "nearest_shelter_distance_m": 184.0148, "shelter_count_within_500m": 10.52, "est_population": 327.4, "est_elderly": 66.3, "shelter_capacity_within_500m": 1658.2, "building_form_group": "no_building", "dong_name": "금호4가동", "top1_feature": "built_surface_ratio", "top1_shap": -0.4474, "top2_feature": "green_ratio", "top2_shap": -0.5804, "top3_feature": "ndvi", "top3_shap": -0.4439, "priority_score": 46.127, "priority_rank": 206 }, "geometry": { "type": "Polygon", "coordinates": [ [ [ 127.027372329235632, 37.546138440856886 ], [ 127.027358101942468, 37.548391762587279 ], [ 127.030188205528631, 37.548403057041924 ], [ 127.030202347638692, 37.546149734398021 ], [ 127.027372329235632, 37.546138440856886 ] ] ] } },
{ "type": "Feature", "properties": { "display_grid_id": "11200_00123", "gu_code": 11200, "gu_name": "성동구", "source_cell_count": 11, "area_m2": 62500.0, "mean_actual_lst": 35.8681, "mean_actual_anomaly": -2.6242, "seoul_anomaly": -2.3312, "pred_anomaly": -2.3156, "pred_anomaly_std": 1.1945, "green_delta_c": -0.9932, "building_ratio": 0.003, "green_ratio": 0.5181, "ndvi": 0.3166, "impervious_ratio": 0.1431, "built_surface_ratio": 0.1431, "avg_ground_floor_count": 0.4722, "elevation_m": 27.471, "albedo": 0.149, "nearest_park_distance_m": 520.9772, "park_area_within_500m": 2107.2272, "nearest_stream_distance_m": 77.4848, "est_population_density": 88.0, "dong_elderly_ratio": 0.194, "dong_avg_age": 43.184, "dong_pop_density": 22063.636, "nearest_shelter_distance_m": 321.8952, "shelter_count_within_500m": 5.56, "est_population": 5.5, "est_elderly": 1.1, "shelter_capacity_within_500m": 706.5, "building_form_group": "no_building", "dong_name": "응봉동", "top1_feature": "built_surface_ratio", "top1_shap": -0.6449, "top2_feature": "green_ratio", "top2_shap": -0.5571, "top3_feature": "albedo", "top3_shap": 0.5189, "priority_score": 44.6349, "priority_rank": 216 }, "geometry": { "type": "Polygon", "coordinates": [ [ [ 127.030202347638692, 37.546149734398021 ], [ 127.030188205528631, 37.548403057041924 ], [ 127.033018310689855, 37.548414283668443 ], [ 127.033032367616642, 37.546160960116524 ], [ 127.030202347638692, 37.546149734398021 ] ] ] } },
{ "type": "Feature", "properties": { "display_grid_id": "11200_00124", "gu_code": 11200, "gu_name": "성동구", "source_cell_count": 10, "area_m2": 62500.0, "mean_actual_lst": 35.0878, "mean_actual_anomaly": -3.0087, "seoul_anomaly": -2.7158, "pred_anomaly": -2.8544, "pred_anomaly_std": 0.9507, "green_delta_c": -1.3418, "building_ratio": 0.0006, "green_ratio": 0.3047, "ndvi": 0.1474, "impervious_ratio": 0.1787, "built_surface_ratio": 0.1787, "avg_ground_floor_count": 0.1608, "elevation_m": 13.0055, "albedo": 0.1023, "nearest_park_distance_m": 439.8556, "park_area_within_500m": 8892.6616, "nearest_stream_distance_m": 28.128, "est_population_density": 24.0, "dong_elderly_ratio": 0.1834, "dong_avg_age": 43.048, "dong_pop_density": 19207.932, "nearest_shelter_distance_m": 332.9624, "shelter_count_within_500m": 2.44, "est_population": 1.5, "est_elderly": 0.3, "shelter_capacity_within_500m": 195.5, "building_form_group": "no_building", "dong_name": "성수1가2동", "top1_feature": "built_surface_ratio", "top1_shap": -0.4956, "top2_feature": "impervious_ratio", "top2_shap": -0.3401, "top3_feature": "building_ratio", "top3_shap": -0.661, "priority_score": 45.0396, "priority_rank": 212 }, "geometry": { "type": "Polygon", "coordinates": [ [ [ 127.033032367616642, 37.546160960116524 ], [ 127.033018310689855, 37.548414283668443 ], [ 127.035848417416659, 37.548425442466723 ], [ 127.035862389160016, 37.546172118012251 ], [ 127.033032367616642, 37.546160960116524 ] ] ] } },
{ "type": "Feature", "properties": { "display_grid_id": "11200_00125", "gu_code": 11200, "gu_name": "성동구", "source_cell_count": 12, "area_m2": 62500.0, "mean_actual_lst": 37.9348, "mean_actual_anomaly": -0.5152, "seoul_anomaly": -0.2223, "pred_anomaly": 0.703, "pred_anomaly_std": 0.8038, "green_delta_c": -0.3195, "building_ratio": 0.0695, "green_ratio": 0.3374, "ndvi": 0.3037, "impervious_ratio": 0.4616, "built_surface_ratio": 0.4616, "avg_ground_floor_count": 2.1018, "elevation_m": 17.1485, "albedo": 0.1372, "nearest_park_distance_m": 184.288, "park_area_within_500m": 78616.102, "nearest_stream_distance_m": 189.3932, "est_population_density": 2493.6, "dong_elderly_ratio": 0.165, "dong_avg_age": 43.18, "dong_pop_density": 10248.42, "nearest_shelter_distance_m": 405.0888, "shelter_count_within_500m": 1.6, "est_population": 155.8, "est_elderly": 26.7, "shelter_capacity_within_500m": 137.5, "building_form_group": "no_building", "dong_name": "성수1가1동", "top1_feature": "built_surface_ratio", "top1_shap": 0.7234, "top2_feature": "impervious_ratio", "top2_shap": 0.6447, "top3_feature": "ndvi", "top3_shap": -0.5084, "priority_score": 44.0, "priority_rank": 219 }, "geometry": { "type": "Polygon", "coordinates": [ [ [ 127.035862389160016, 37.546172118012251 ], [ 127.035848417416659, 37.548425442466723 ], [ 127.038678525699581, 37.548436533436629 ], [ 127.038692412259309, 37.546183208085118 ], [ 127.035862389160016, 37.546172118012251 ] ] ] } },
{ "type": "Feature", "properties": { "display_grid_id": "11200_00126", "gu_code": 11200, "gu_name": "성동구", "source_cell_count": 12, "area_m2": 62500.0, "mean_actual_lst": 38.3554, "mean_actual_anomaly": -0.0302, "seoul_anomaly": 0.2628, "pred_anomaly": 1.3478, "pred_anomaly_std": 0.8571, "green_delta_c": -0.299, "building_ratio": 0.2472, "green_ratio": 0.3427, "ndvi": 0.2495, "impervious_ratio": 0.384, "built_surface_ratio": 0.384, "avg_ground_floor_count": 4.1418, "elevation_m": 16.9077, "albedo": 0.1269, "nearest_park_distance_m": 24.9432, "park_area_within_500m": 187591.6556, "nearest_stream_distance_m": 364.9668, "est_population_density": 23128.0, "dong_elderly_ratio": 0.1692, "dong_avg_age": 43.084, "dong_pop_density": 11744.676, "nearest_shelter_distance_m": 375.8944, "shelter_count_within_500m": 4.16, "est_population": 1445.5, "est_elderly": 249.7, "shelter_capacity_within_500m": 693.5, "building_form_group": "low_floor_high_density", "dong_name": "성수1가2동", "top1_feature": "built_surface_ratio", "top1_shap": 0.5, "top2_feature": "ndvi", "top2_shap": -0.2945, "top3_feature": "impervious_ratio", "top3_shap": 0.4019, "priority_score": 49.7619, "priority_rank": 162 }, "geometry": { "type": "Polygon", "coordinates": [ [ [ 127.038692412259309, 37.546183208085118 ], [ 127.038678525699581, 37.548436533436629 ], [ 127.041508635529112, 37.548447556578083 ], [ 127.041522436905041, 37.54619423033499 ], [ 127.038692412259309, 37.546183208085118 ] ] ] } },
{ "type": "Feature", "properties": { "display_grid_id": "11200_00127", "gu_code": 11200, "gu_name": "성동구", "source_cell_count": 13, "area_m2": 62500.0, "mean_actual_lst": 39.6599, "mean_actual_anomaly": 1.811, "seoul_anomaly": 2.104, "pred_anomaly": 3.3498, "pred_anomaly_std": 0.732, "green_delta_c": -0.1799, "building_ratio": 0.367, "green_ratio": 0.2362, "ndvi": 0.1111, "impervious_ratio": 0.3974, "built_surface_ratio": 0.3974, "avg_ground_floor_count": 3.9908, "elevation_m": 18.1096, "albedo": 0.1161, "nearest_park_distance_m": 0.0, "park_area_within_500m": 240755.4168, "nearest_stream_distance_m": 525.4112, "est_population_density": 32053.2, "dong_elderly_ratio": 0.1703, "dong_avg_age": 43.06, "dong_pop_density": 12118.74, "nearest_shelter_distance_m": 157.212, "shelter_count_within_500m": 10.0, "est_population": 2003.3, "est_elderly": 341.8, "shelter_capacity_within_500m": 1611.8, "building_form_group": "low_floor_high_density", "dong_name": "성수1가2동", "top1_feature": "ndvi", "top1_shap": 0.4999, "top2_feature": "built_surface_ratio", "top2_shap": 0.4852, "top3_feature": "building_ratio", "top3_shap": 0.4201, "priority_score": 53.7619, "priority_rank": 124 }, "geometry": { "type": "Polygon", "coordinates": [ [ [ 127.041522436905041, 37.54619423033499 ], [ 127.041508635529112, 37.548447556578083 ], [ 127.044338746895804, 37.548458511890935 ], [ 127.044352463087705, 37.54620518476176 ], [ 127.041522436905041, 37.54619423033499 ] ] ] } },
{ "type": "Feature", "properties": { "display_grid_id": "11200_00128", "gu_code": 11200, "gu_name": "성동구", "source_cell_count": 14, "area_m2": 62500.0, "mean_actual_lst": 40.8251, "mean_actual_anomaly": 2.9436, "seoul_anomaly": 3.2366, "pred_anomaly": 3.229, "pred_anomaly_std": 0.6202, "green_delta_c": -0.1994, "building_ratio": 0.3739, "green_ratio": 0.2028, "ndvi": 0.0934, "impervious_ratio": 0.4838, "built_surface_ratio": 0.4838, "avg_ground_floor_count": 5.6981, "elevation_m": 19.2021, "albedo": 0.1262, "nearest_park_distance_m": 59.7672, "park_area_within_500m": 225120.4368, "nearest_stream_distance_m": 585.7672, "est_population_density": 4530.8, "dong_elderly_ratio": 0.1724, "dong_avg_age": 43.012, "dong_pop_density": 12866.868, "nearest_shelter_distance_m": 124.116, "shelter_count_within_500m": 14.96, "est_population": 283.2, "est_elderly": 48.5, "shelter_capacity_within_500m": 2185.2, "building_form_group": "high_floor_high_density", "dong_name": "성수1가2동", "top1_feature": "built_surface_ratio", "top1_shap": 0.6283, "top2_feature": "impervious_ratio", "top2_shap": 0.4786, "top3_feature": "ndvi", "top3_shap": 0.4139, "priority_score": 52.4683, "priority_rank": 139 }, "geometry": { "type": "Polygon", "coordinates": [ [ [ 127.044352463087705, 37.54620518476176 ], [ 127.044338746895804, 37.548458511890935 ], [ 127.047168859790119, 37.548469399375087 ], [ 127.047182490797837, 37.546216071365308 ], [ 127.044352463087705, 37.54620518476176 ] ] ] } },
{ "type": "Feature", "properties": { "display_grid_id": "11200_00129", "gu_code": 11200, "gu_name": "성동구", "source_cell_count": 13, "area_m2": 62500.0, "mean_actual_lst": 40.2952, "mean_actual_anomaly": 2.0826, "seoul_anomaly": 2.3756, "pred_anomaly": 2.3414, "pred_anomaly_std": 0.6683, "green_delta_c": -0.181, "building_ratio": 0.3482, "green_ratio": 0.2103, "ndvi": 0.1156, "impervious_ratio": 0.4624, "built_surface_ratio": 0.4624, "avg_ground_floor_count": 8.9425, "elevation_m": 20.9537, "albedo": 0.1126, "nearest_park_distance_m": 65.1804, "park_area_within_500m": 93216.1636, "nearest_stream_distance_m": 573.5648, "est_population_density": 0.0, "dong_elderly_ratio": 0.1729, "dong_avg_age": 43.0, "dong_pop_density": 13053.9, "nearest_shelter_distance_m": 84.0872, "shelter_count_within_500m": 17.84, "est_population": 0.0, "est_elderly": 0.0, "shelter_capacity_within_500m": 2325.8, "building_form_group": "high_floor_high_density", "dong_name": "성수1가2동", "top1_feature": "impervious_ratio", "top1_shap": 0.5598, "top2_feature": "built_surface_ratio", "top2_shap": 0.53, "top3_feature": "building_ratio", "top3_shap": 0.3241, "priority_score": 35.9206, "priority_rank": 268 }, "geometry": { "type": "Polygon", "coordinates": [ [ [ 127.047182490797837, 37.546216071365308 ], [ 127.047168859790119, 37.548469399375087 ], [ 127.049998974202609, 37.548480219030417 ], [ 127.050012520025959, 37.546226890145547 ], [ 127.047182490797837, 37.546216071365308 ] ] ] } },
{ "type": "Feature", "properties": { "display_grid_id": "11200_00130", "gu_code": 11200, "gu_name": "성동구", "source_cell_count": 12, "area_m2": 62500.0, "mean_actual_lst": 40.3809, "mean_actual_anomaly": 2.0748, "seoul_anomaly": 2.3677, "pred_anomaly": 2.4342, "pred_anomaly_std": 0.6317, "green_delta_c": -0.1895, "building_ratio": 0.3563, "green_ratio": 0.2031, "ndvi": 0.1221, "impervious_ratio": 0.5333, "built_surface_ratio": 0.5333, "avg_ground_floor_count": 8.6185, "elevation_m": 19.7397, "albedo": 0.1194, "nearest_park_distance_m": 261.8396, "park_area_within_500m": 18560.1268, "nearest_stream_distance_m": 509.8016, "est_population_density": 0.0, "dong_elderly_ratio": 0.1899, "dong_avg_age": 44.04, "dong_pop_density": 10616.14, "nearest_shelter_distance_m": 121.1128, "shelter_count_within_500m": 16.4, "est_population": 0.0, "est_elderly": 0.0, "shelter_capacity_within_500m": 2032.3, "building_form_group": "high_floor_high_density", "dong_name": "성수2가3동", "top1_feature": "impervious_ratio", "top1_shap": 0.6034, "top2_feature": "built_surface_ratio", "top2_shap": 0.5685, "top3_feature": "building_ratio", "top3_shap": 0.3519, "priority_score": 40.6191, "priority_rank": 242 }, "geometry": { "type": "Polygon", "coordinates": [ [ [ 127.050012520025959, 37.546226890145547 ], [ 127.049998974202609, 37.548480219030417 ], [ 127.052829090123737, 37.548490970856825 ], [ 127.052842550762591, 37.54623764110233 ], [ 127.050012520025959, 37.546226890145547 ] ] ] } },
{ "type": "Feature", "properties": { "display_grid_id": "11200_00131", "gu_code": 11200, "gu_name": "성동구", "source_cell_count": 14, "area_m2": 62500.0, "mean_actual_lst": 40.9861, "mean_actual_anomaly": 2.6065, "seoul_anomaly": 2.8994, "pred_anomaly": 3.0139, "pred_anomaly_std": 0.6939, "green_delta_c": -0.0979, "building_ratio": 0.4465, "green_ratio": 0.2398, "ndvi": 0.1164, "impervious_ratio": 0.4008, "built_surface_ratio": 0.4008, "avg_ground_floor_count": 6.0758, "elevation_m": 19.0453, "albedo": 0.1125, "nearest_park_distance_m": 322.444, "park_area_within_500m": 89011.7564, "nearest_stream_distance_m": 420.4564, "est_population_density": 0.0, "dong_elderly_ratio": 0.1942, "dong_avg_age": 44.3, "dong_pop_density": 10006.7, "nearest_shelter_distance_m": 118.7656, "shelter_count_within_500m": 11.36, "est_population": 0.0, "est_elderly": 0.0, "shelter_capacity_within_500m": 1449.2, "building_form_group": "high_floor_high_density", "dong_name": "성수2가3동", "top1_feature": "building_ratio", "top1_shap": 0.7025, "top2_feature": "built_surface_ratio", "top2_shap": 0.5556, "top3_feature": "impervious_ratio", "top3_shap": 0.3267, "priority_score": 38.0476, "priority_rank": 259 }, "geometry": { "type": "Polygon", "coordinates": [ [ [ 127.052842550762591, 37.54623764110233 ], [ 127.052829090123737, 37.548490970856825 ], [ 127.055659207544068, 37.548501654854199 ], [ 127.055672582998184, 37.54624832423557 ], [ 127.052842550762591, 37.54623764110233 ] ] ] } },
{ "type": "Feature", "properties": { "display_grid_id": "11200_00132", "gu_code": 11200, "gu_name": "성동구", "source_cell_count": 11, "area_m2": 62500.0, "mean_actual_lst": 40.4039, "mean_actual_anomaly": 1.966, "seoul_anomaly": 2.259, "pred_anomaly": 2.0329, "pred_anomaly_std": 0.7418, "green_delta_c": -0.2644, "building_ratio": 0.2974, "green_ratio": 0.2357, "ndvi": 0.1687, "impervious_ratio": 0.4568, "built_surface_ratio": 0.4568, "avg_ground_floor_count": 10.5428, "elevation_m": 19.1418, "albedo": 0.0975, "nearest_park_distance_m": 88.7912, "park_area_within_500m": 228139.9324, "nearest_stream_distance_m": 334.086, "est_population_density": 0.0, "dong_elderly_ratio": 0.1942, "dong_avg_age": 44.3, "dong_pop_density": 10006.7, "nearest_shelter_distance_m": 98.96, "shelter_count_within_500m": 7.04, "est_population": 0.0, "est_elderly": 0.0, "shelter_capacity_within_500m": 1009.2, "building_form_group": "high_floor_high_density", "dong_name": "성수2가3동", "top1_feature": "built_surface_ratio", "top1_shap": 0.5771, "top2_feature": "impervious_ratio", "top2_shap": 0.5663, "top3_feature": "building_ratio", "top3_shap": 0.2196, "priority_score": 37.8016, "priority_rank": 261 }, "geometry": { "type": "Polygon", "coordinates": [ [ [ 127.055672582998184, 37.54624832423557 ], [ 127.055659207544068, 37.548501654854199 ], [ 127.058489326454108, 37.548512271022425 ], [ 127.058502616723331, 37.546258939545147 ], [ 127.055672582998184, 37.54624832423557 ] ] ] } },
{ "type": "Feature", "properties": { "display_grid_id": "11200_00133", "gu_code": 11200, "gu_name": "성동구", "source_cell_count": 12, "area_m2": 62500.0, "mean_actual_lst": 41.087, "mean_actual_anomaly": 2.5992, "seoul_anomaly": 2.8921, "pred_anomaly": 3.2582, "pred_anomaly_std": 0.7469, "green_delta_c": -0.2447, "building_ratio": 0.3242, "green_ratio": 0.2047, "ndvi": 0.1005, "impervious_ratio": 0.5157, "built_surface_ratio": 0.5157, "avg_ground_floor_count": 5.5984, "elevation_m": 23.5226, "albedo": 0.1266, "nearest_park_distance_m": 0.0, "park_area_within_500m": 374503.7976, "nearest_stream_distance_m": 252.614, "est_population_density": 4826.4, "dong_elderly_ratio": 0.1942, "dong_avg_age": 44.3, "dong_pop_density": 10006.7, "nearest_shelter_distance_m": 123.4632, "shelter_count_within_500m": 6.04, "est_population": 301.6, "est_elderly": 58.5, "shelter_capacity_within_500m": 839.5, "building_form_group": "high_floor_high_density", "dong_name": "성수2가3동", "top1_feature": "built_surface_ratio", "top1_shap": 0.6426, "top2_feature": "impervious_ratio", "top2_shap": 0.5785, "top3_feature": "building_ratio", "top3_shap": 0.3881, "priority_score": 53.2381, "priority_rank": 129 }, "geometry": { "type": "Polygon", "coordinates": [ [ [ 127.058502616723331, 37.546258939545147 ], [ 127.058489326454108, 37.548512271022425 ], [ 127.061319446844323, 37.548522819361395 ], [ 127.061332651928538, 37.546269487030941 ], [ 127.058502616723331, 37.546258939545147 ] ] ] } },
{ "type": "Feature", "properties": { "display_grid_id": "11200_00134", "gu_code": 11200, "gu_name": "성동구", "source_cell_count": 11, "area_m2": 62500.0, "mean_actual_lst": 41.048, "mean_actual_anomaly": 2.6886, "seoul_anomaly": 2.9816, "pred_anomaly": 3.2627, "pred_anomaly_std": 0.7711, "green_delta_c": -0.1961, "building_ratio": 0.3956, "green_ratio": 0.2239, "ndvi": 0.1305, "impervious_ratio": 0.4755, "built_surface_ratio": 0.4755, "avg_ground_floor_count": 5.5447, "elevation_m": 19.8238, "albedo": 0.12, "nearest_park_distance_m": 0.0, "park_area_within_500m": 440227.2552, "nearest_stream_distance_m": 246.2404, "est_population_density": 12016.8, "dong_elderly_ratio": 0.1942, "dong_avg_age": 44.3, "dong_pop_density": 10006.7, "nearest_shelter_distance_m": 239.7112, "shelter_count_within_500m": 4.04, "est_population": 751.0, "est_elderly": 145.7, "shelter_capacity_within_500m": 564.5, "building_form_group": "high_floor_high_density", "dong_name": "성수2가3동", "top1_feature": "building_ratio", "top1_shap": 0.5844, "top2_feature": "built_surface_ratio", "top2_shap": 0.5822, "top3_feature": "impervious_ratio", "top3_shap": 0.5331, "priority_score": 58.2698, "priority_rank": 93 }, "geometry": { "type": "Polygon", "coordinates": [ [ [ 127.061332651928538, 37.546269487030941 ], [ 127.061319446844323, 37.548522819361395 ], [ 127.06414956870529, 37.548533299870982 ], [ 127.064162688604242, 37.546279966692857 ], [ 127.061332651928538, 37.546269487030941 ] ] ] } },
{ "type": "Feature", "properties": { "display_grid_id": "11200_00135", "gu_code": 11200, "gu_name": "성동구", "source_cell_count": 14, "area_m2": 58532.95, "mean_actual_lst": 40.4231, "mean_actual_anomaly": 2.3219, "seoul_anomaly": 2.6148, "pred_anomaly": 2.4046, "pred_anomaly_std": 0.7344, "green_delta_c": -0.2162, "building_ratio": 0.3939, "green_ratio": 0.2445, "ndvi": 0.1221, "impervious_ratio": 0.335, "built_surface_ratio": 0.335, "avg_ground_floor_count": 9.6082, "elevation_m": 19.6504, "albedo": 0.101, "nearest_park_distance_m": 0.0, "park_area_within_500m": 382484.6652, "nearest_stream_distance_m": 333.1526, "est_population_density": 11689.563, "dong_elderly_ratio": 0.1942, "dong_avg_age": 44.3, "dong_pop_density": 10006.7, "nearest_shelter_distance_m": 215.7044, "shelter_count_within_500m": 4.8895, "est_population": 684.2, "est_elderly": 132.9, "shelter_capacity_within_500m": 1037.8, "building_form_group": "high_floor_high_density", "dong_name": "성수2가3동", "top1_feature": "building_ratio", "top1_shap": 0.4503, "top2_feature": "avg_ground_floor_count", "top2_shap": -0.3644, "top3_feature": "impervious_ratio", "top3_shap": 0.3398, "priority_score": 52.9444, "priority_rank": 134 }, "geometry": { "type": "Polygon", "coordinates": [ [ [ 127.064162688604242, 37.546279966692857 ], [ 127.06414956870529, 37.548533299870982 ], [ 127.066979692027502, 37.548543712551101 ], [ 127.066985841946916, 37.547480596465405 ], [ 127.066312570363607, 37.54628788239674 ], [ 127.064162688604242, 37.546279966692857 ] ] ] } },
{ "type": "Feature", "properties": { "display_grid_id": "11200_00136", "gu_code": 11200, "gu_name": "성동구", "source_cell_count": 3, "area_m2": 3165.96, "mean_actual_lst": 40.8764, "mean_actual_anomaly": 2.958, "seoul_anomaly": 3.2509, "pred_anomaly": 3.0145, "pred_anomaly_std": 0.7883, "green_delta_c": -0.2345, "building_ratio": 0.2697, "green_ratio": 0.2366, "ndvi": 0.1178, "impervious_ratio": 0.3732, "built_surface_ratio": 0.3732, "avg_ground_floor_count": 4.1319, "elevation_m": 19.2077, "albedo": 0.0955, "nearest_park_distance_m": 0.0042, "park_area_within_500m": 322365.3614, "nearest_stream_distance_m": 347.7196, "est_population_density": 13756.3409, "dong_elderly_ratio": 0.1942, "dong_avg_age": 44.3029, "dong_pop_density": 10032.4215, "nearest_shelter_distance_m": 250.2049, "shelter_count_within_500m": 6.9914, "est_population": 43.6, "est_elderly": 8.5, "shelter_capacity_within_500m": 819.8, "building_form_group": "low_floor_high_density", "dong_name": "성수2가3동", "top1_feature": "built_surface_ratio", "top1_shap": 0.5869, "top2_feature": "impervious_ratio", "top2_shap": 0.5838, "top3_feature": "ndvi", "top3_shap": 0.5343, "priority_score": 53.2381, "priority_rank": 130 }, "geometry": { "type": "Polygon", "coordinates": [ [ [ 127.066979692027502, 37.548543712551101 ], [ 127.067588122500041, 37.54854594224863 ], [ 127.067465040000016, 37.54832948 ], [ 127.066985841946916, 37.547480596465405 ], [ 127.066979692027502, 37.548543712551101 ] ] ] } },
{ "type": "Feature", "properties": { "display_grid_id": "11200_00137", "gu_code": 11200, "gu_name": "성동구", "source_cell_count": 5, "area_m2": 17412.13, "mean_actual_lst": 35.9694, "mean_actual_anomaly": -2.593, "seoul_anomaly": -2.3001, "pred_anomaly": -1.1411, "pred_anomaly_std": 0.8408, "green_delta_c": -0.3645, "building_ratio": 0.0895, "green_ratio": 0.395, "ndvi": 0.3524, "impervious_ratio": 0.3664, "built_surface_ratio": 0.3664, "avg_ground_floor_count": 9.0259, "elevation_m": 91.822, "albedo": 0.1192, "nearest_park_distance_m": 301.8787, "park_area_within_500m": 48461.1225, "nearest_stream_distance_m": 1166.5053, "est_population_density": 21416.0777, "dong_elderly_ratio": 0.1942, "dong_avg_age": 43.0, "dong_pop_density": 12701.3, "nearest_shelter_distance_m": 102.9925, "shelter_count_within_500m": 14.7068, "est_population": 372.9, "est_elderly": 72.4, "shelter_capacity_within_500m": 1357.0, "building_form_group": "high_floor_low_density", "dong_name": "옥수동", "top1_feature": "ndvi", "top1_shap": -0.633, "top2_feature": "built_surface_ratio", "top2_shap": 0.4402, "top3_feature": "impervious_ratio", "top3_shap": 0.438, "priority_score": 35.0317, "priority_rank": 270 }, "geometry": { "type": "Polygon", "coordinates": [ [ [ 127.013207607969946, 37.54833427289627 ], [ 127.01124207423652, 37.548326153316964 ], [ 127.01159503, 37.54848796000001 ], [ 127.011693530000016, 37.54859804 ], [ 127.011832699999985, 37.54875373 ], [ 127.0118702, 37.54882806 ], [ 127.01188099, 37.54884946 ], [ 127.0118847, 37.54885678 ], [ 127.011889300000021, 37.54886579 ], [ 127.01189319, 37.54887368 ], [ 127.01190009, 37.54888718 ], [ 127.011904860000016, 37.54889648 ], [ 127.01190716, 37.54890126 ], [ 127.01191477, 37.54891646 ], [ 127.01191707, 37.54892098 ], [ 127.01192644, 37.54893955 ], [ 127.01192998, 37.54894631 ], [ 127.01193476, 37.54895617 ], [ 127.011963230000021, 37.54901248 ], [ 127.01198428, 37.549054150000011 ], [ 127.01200727, 37.549099750000011 ], [ 127.01201205000001, 37.54910905 ], [ 127.01202301, 37.54913101 ], [ 127.012032029999986, 37.54914875 ], [ 127.01203910000001, 37.54916282 ], [ 127.01204424, 37.54917324 ], [ 127.012048489999984, 37.54918141 ], [ 127.01205591, 37.54919633 ], [ 127.012062450000016, 37.54920927 ], [ 127.01206829, 37.54922082 ], [ 127.01208438, 37.54925263 ], [ 127.012129659999985, 37.54934245 ], [ 127.01214735, 37.54937764 ], [ 127.01215407, 37.54939116 ], [ 127.01216663, 37.54941593 ], [ 127.01217335, 37.5494179 ], [ 127.01218643, 37.54942184 ], [ 127.01221243, 37.54942944 ], [ 127.012223210000016, 37.54943254 ], [ 127.01224160000001, 37.54943789 ], [ 127.012259640000011, 37.54944323 ], [ 127.012301550000018, 37.54945562 ], [ 127.012369100000015, 37.5494756 ], [ 127.012379, 37.54947842 ], [ 127.01238501, 37.54948011 ], [ 127.01239862, 37.54948433 ], [ 127.01241135, 37.54948799 ], [ 127.01242249000002, 37.54949137 ], [ 127.01251799, 37.54955725 ], [ 127.0125224, 37.54956034 ], [ 127.012546449999988, 37.54957751 ], [ 127.01255989000002, 37.5495868 ], [ 127.012571210000019, 37.54959469 ], [ 127.01257758, 37.54959975 ], [ 127.01263399, 37.54964677000001 ], [ 127.012932850000013, 37.54989198 ], [ 127.01313144, 37.55005414 ], [ 127.013196078651376, 37.550107032887801 ], [ 127.013207607969946, 37.54833427289627 ] ] ] } },
{ "type": "Feature", "properties": { "display_grid_id": "11200_00138", "gu_code": 11200, "gu_name": "성동구", "source_cell_count": 10, "area_m2": 61018.03, "mean_actual_lst": 37.5796, "mean_actual_anomaly": -0.9828, "seoul_anomaly": -0.6899, "pred_anomaly": -0.6697, "pred_anomaly_std": 0.7505, "green_delta_c": -0.3542, "building_ratio": 0.1484, "green_ratio": 0.349, "ndvi": 0.302, "impervious_ratio": 0.4003, "built_surface_ratio": 0.4003, "avg_ground_floor_count": 13.712, "elevation_m": 73.3388, "albedo": 0.1159, "nearest_park_distance_m": 188.8836, "park_area_within_500m": 63316.3177, "nearest_stream_distance_m": 1089.5628, "est_population_density": 55611.418, "dong_elderly_ratio": 0.1965, "dong_avg_age": 43.4576, "dong_pop_density": 23628.2066, "nearest_shelter_distance_m": 99.6216, "shelter_count_within_500m": 15.6892, "est_population": 3393.3, "est_elderly": 664.8, "shelter_capacity_within_500m": 2975.2, "building_form_group": "high_floor_low_density", "dong_name": "금호2·3가동", "top1_feature": "avg_ground_floor_count", "top1_shap": -0.4733, "top2_feature": "impervious_ratio", "top2_shap": 0.4072, "top3_feature": "built_surface_ratio", "top3_shap": 0.3759, "priority_score": 48.619, "priority_rank": 181 }, "geometry": { "type": "Polygon", "coordinates": [ [ [ 127.016023133892276, 37.55059922364439 ], [ 127.016037703538387, 37.548345906489779 ], [ 127.013207607969946, 37.54833427289627 ], [ 127.013196078651376, 37.550107032887801 ], [ 127.01321916, 37.55012592 ], [ 127.01345187, 37.55030329 ], [ 127.013636150000011, 37.55044349 ], [ 127.01370229, 37.55049669 ], [ 127.01376719, 37.55055272 ], [ 127.013809724530262, 37.550590130364419 ], [ 127.016023133892276, 37.55059922364439 ] ] ] } },
{ "type": "Feature", "properties": { "display_grid_id": "11200_00139", "gu_code": 11200, "gu_name": "성동구", "source_cell_count": 10, "area_m2": 62500.0, "mean_actual_lst": 39.5949, "mean_actual_anomaly": 1.0836, "seoul_anomaly": 1.3766, "pred_anomaly": 1.2031, "pred_anomaly_std": 0.7105, "green_delta_c": -0.4134, "building_ratio": 0.2584, "green_ratio": 0.2571, "ndvi": 0.2386, "impervious_ratio": 0.4801, "built_surface_ratio": 0.4801, "avg_ground_floor_count": 8.8064, "elevation_m": 56.7173, "albedo": 0.1213, "nearest_park_distance_m": 72.4944, "park_area_within_500m": 92469.874, "nearest_stream_distance_m": 925.26, "est_population_density": 52299.2, "dong_elderly_ratio": 0.1987, "dong_avg_age": 43.9, "dong_pop_density": 34192.7, "nearest_shelter_distance_m": 120.2248, "shelter_count_within_500m": 16.44, "est_population": 3268.7, "est_elderly": 649.5, "shelter_capacity_within_500m": 2871.8, "building_form_group": "high_floor_low_density", "dong_name": "금호2·3가동", "top1_feature": "built_surface_ratio", "top1_shap": 0.576, "top2_feature": "impervious_ratio", "top2_shap": 0.568, "top3_feature": "building_ratio", "top3_shap": 0.197, "priority_score": 61.5238, "priority_rank": 68 }, "geometry": { "type": "Polygon", "coordinates": [ [ [ 127.016037703538387, 37.548345906489779 ], [ 127.016023133892276, 37.55059922364439 ], [ 127.01885331627507, 37.550610790345878 ], [ 127.018867800729353, 37.548357472255759 ], [ 127.016037703538387, 37.548345906489779 ] ] ] } },
{ "type": "Feature", "properties": { "display_grid_id": "11200_00140", "gu_code": 11200, "gu_name": "성동구", "source_cell_count": 14, "area_m2": 62500.0, "mean_actual_lst": 40.3943, "mean_actual_anomaly": 1.9916, "seoul_anomaly": 2.2845, "pred_anomaly": 2.1065, "pred_anomaly_std": 0.8097, "green_delta_c": -0.5354, "building_ratio": 0.3014, "green_ratio": 0.2656, "ndvi": 0.2086, "impervious_ratio": 0.4737, "built_surface_ratio": 0.4737, "avg_ground_floor_count": 5.5034, "elevation_m": 43.765, "albedo": 0.118, "nearest_park_distance_m": 87.1484, "park_area_within_500m": 195227.8556, "nearest_stream_distance_m": 773.6896, "est_population_density": 39817.2, "dong_elderly_ratio": 0.1987, "dong_avg_age": 43.9, "dong_pop_density": 34192.7, "nearest_shelter_distance_m": 80.3044, "shelter_count_within_500m": 18.92, "est_population": 2488.6, "est_elderly": 494.4, "shelter_capacity_within_500m": 2980.3, "building_form_group": "low_floor_high_density", "dong_name": "금호2·3가동", "top1_feature": "built_surface_ratio", "top1_shap": 0.6027, "top2_feature": "impervious_ratio", "top2_shap": 0.5923, "top3_feature": "building_ratio", "top3_shap": 0.2524, "priority_score": 62.3651, "priority_rank": 64 }, "geometry": { "type": "Polygon", "coordinates": [ [ [ 127.018867800729353, 37.548357472255759 ], [ 127.01885331627507, 37.550610790345878 ], [ 127.021683500271081, 37.550622289214225 ], [ 127.021697899533365, 37.54836897019409 ], [ 127.018867800729353, 37.548357472255759 ] ] ] } },
{ "type": "Feature", "properties": { "display_grid_id": "11200_00141", "gu_code": 11200, "gu_name": "성동구", "source_cell_count": 14, "area_m2": 62500.0, "mean_actual_lst": 41.6644, "mean_actual_anomaly": 3.2361, "seoul_anomaly": 3.5291, "pred_anomaly": 3.3633, "pred_anomaly_std": 0.8166, "green_delta_c": -0.6491, "building_ratio": 0.4591, "green_ratio": 0.2677, "ndvi": 0.1529, "impervious_ratio": 0.404, "built_surface_ratio": 0.404, "avg_ground_floor_count": 3.9433, "elevation_m": 43.5175, "albedo": 0.1355, "nearest_park_distance_m": 6.2148, "park_area_within_500m": 183372.3812, "nearest_stream_distance_m": 684.7608, "est_population_density": 36300.4, "dong_elderly_ratio": 0.1987, "dong_avg_age": 43.9, "dong_pop_density": 34192.7, "nearest_shelter_distance_m": 130.4068, "shelter_count_within_500m": 22.2, "est_population": 2268.8, "est_elderly": 450.8, "shelter_capacity_within_500m": 3576.3, "building_form_group": "low_floor_high_density", "dong_name": "금호2·3가동", "top1_feature": "building_ratio", "top1_shap": 0.8016, "top2_feature": "built_surface_ratio", "top2_shap": 0.5712, "top3_feature": "impervious_ratio", "top3_shap": 0.3691, "priority_score": 72.9524, "priority_rank": 14 }, "geometry": { "type": "Polygon", "coordinates": [ [ [ 127.021697899533365, 37.54836897019409 ], [ 127.021683500271081, 37.550622289214225 ], [ 127.024513685870815, 37.550633720249309 ], [ 127.024527999940901, 37.54838040030463 ], [ 127.021697899533365, 37.54836897019409 ] ] ] } },
{ "type": "Feature", "properties": { "display_grid_id": "11200_00142", "gu_code": 11200, "gu_name": "성동구", "source_cell_count": 13, "area_m2": 62500.0, "mean_actual_lst": 39.8986, "mean_actual_anomaly": 1.3681, "seoul_anomaly": 1.661, "pred_anomaly": 2.1881, "pred_anomaly_std": 0.7549, "green_delta_c": -0.4066, "building_ratio": 0.2881, "green_ratio": 0.248, "ndvi": 0.1975, "impervious_ratio": 0.4566, "built_surface_ratio": 0.4566, "avg_ground_floor_count": 6.7145, "elevation_m": 34.4492, "albedo": 0.1133, "nearest_park_distance_m": 36.6276, "park_area_within_500m": 152244.7328, "nearest_stream_distance_m": 561.2828, "est_population_density": 40206.8, "dong_elderly_ratio": 0.2029, "dong_avg_age": 43.9, "dong_pop_density": 33089.9, "nearest_shelter_distance_m": 101.33, "shelter_count_within_500m": 19.04, "est_population": 2512.9, "est_elderly": 509.8, "shelter_capacity_within_500m": 3144.7, "building_form_group": "low_floor_high_density", "dong_name": "금호1가동", "top1_feature": "built_surface_ratio", "top1_shap": 0.5909, "top2_feature": "impervious_ratio", "top2_shap": 0.4905, "top3_feature": "building_ratio", "top3_shap": 0.2539, "priority_score": 59.6984, "priority_rank": 84 }, "geometry": { "type": "Polygon", "coordinates": [ [ [ 127.024527999940901, 37.54838040030463 ], [ 127.024513685870815, 37.550633720249309 ], [ 127.027343873064765, 37.550645083451002 ], [ 127.027358101942468, 37.548391762587279 ], [ 127.024527999940901, 37.54838040030463 ] ] ] } },
{ "type": "Feature", "properties": { "display_grid_id": "11200_00143", "gu_code": 11200, "gu_name": "성동구", "source_cell_count": 15, "area_m2": 62500.0, "mean_actual_lst": 37.3518, "mean_actual_anomaly": -1.1532, "seoul_anomaly": -0.8602, "pred_anomaly": -0.3164, "pred_anomaly_std": 0.774, "green_delta_c": -0.3578, "building_ratio": 0.1056, "green_ratio": 0.3647, "ndvi": 0.3014, "impervious_ratio": 0.3748, "built_surface_ratio": 0.3748, "avg_ground_floor_count": 12.1588, "elevation_m": 52.5992, "albedo": 0.1122, "nearest_park_distance_m": 244.914, "park_area_within_500m": 92219.5424, "nearest_stream_distance_m": 433.1684, "est_population_density": 40287.6, "dong_elderly_ratio": 0.2013, "dong_avg_age": 43.58, "dong_pop_density": 29762.74, "nearest_shelter_distance_m": 101.9292, "shelter_count_within_500m": 14.0, "est_population": 2518.0, "est_elderly": 508.8, "shelter_capacity_within_500m": 2341.8, "building_form_group": "high_floor_low_density", "dong_name": "금호1가동", "top1_feature": "impervious_ratio", "top1_shap": 0.4347, "top2_feature": "built_surface_ratio", "top2_shap": 0.4012, "top3_feature": "ndvi", "top3_shap": -0.2943, "priority_score": 46.7143, "priority_rank": 202 }, "geometry": { "type": "Polygon", "coordinates": [ [ [ 127.027358101942468, 37.548391762587279 ], [ 127.027343873064765, 37.550645083451002 ], [ 127.030174061843482, 37.550656378819212 ], [ 127.030188205528631, 37.548403057041924 ], [ 127.027358101942468, 37.548391762587279 ] ] ] } },
{ "type": "Feature", "properties": { "display_grid_id": "11200_00144", "gu_code": 11200, "gu_name": "성동구", "source_cell_count": 15, "area_m2": 62500.0, "mean_actual_lst": 39.7757, "mean_actual_anomaly": 1.2133, "seoul_anomaly": 1.5062, "pred_anomaly": 2.2808, "pred_anomaly_std": 0.8598, "green_delta_c": -0.5759, "building_ratio": 0.2891, "green_ratio": 0.276, "ndvi": 0.2072, "impervious_ratio": 0.4395, "built_surface_ratio": 0.4395, "avg_ground_floor_count": 4.4012, "elevation_m": 39.3523, "albedo": 0.1207, "nearest_park_distance_m": 483.7692, "park_area_within_500m": 6857.7472, "nearest_stream_distance_m": 246.5316, "est_population_density": 31088.4, "dong_elderly_ratio": 0.1948, "dong_avg_age": 43.1, "dong_pop_density": 25874.8, "nearest_shelter_distance_m": 127.3316, "shelter_count_within_500m": 12.08, "est_population": 1943.0, "est_elderly": 378.4, "shelter_capacity_within_500m": 1738.5, "building_form_group": "low_floor_high_density", "dong_name": "응봉동", "top1_feature": "built_surface_ratio", "top1_shap": 0.5893, "top2_feature": "impervious_ratio", "top2_shap": 0.501, "top3_feature": "green_ratio", "top3_shap": 0.0476, "priority_score": 61.7619, "priority_rank": 66 }, "geometry": { "type": "Polygon", "coordinates": [ [ [ 127.030188205528631, 37.548403057041924 ], [ 127.030174061843482, 37.550656378819212 ], [ 127.033004252197458, 37.550667606353812 ], [ 127.033018310689855, 37.548414283668443 ], [ 127.030188205528631, 37.548403057041924 ] ] ] } },
{ "type": "Feature", "properties": { "display_grid_id": "11200_00145", "gu_code": 11200, "gu_name": "성동구", "source_cell_count": 14, "area_m2": 62500.0, "mean_actual_lst": 37.9879, "mean_actual_anomaly": -0.4366, "seoul_anomaly": -0.1437, "pred_anomaly": 0.6881, "pred_anomaly_std": 0.9051, "green_delta_c": -0.9497, "building_ratio": 0.1333, "green_ratio": 0.2346, "ndvi": 0.1746, "impervious_ratio": 0.4657, "built_surface_ratio": 0.4657, "avg_ground_floor_count": 1.2054, "elevation_m": 15.8096, "albedo": 0.1275, "nearest_park_distance_m": 422.6044, "park_area_within_500m": 6899.8024, "nearest_stream_distance_m": 85.37, "est_population_density": 6696.4, "dong_elderly_ratio": 0.1948, "dong_avg_age": 43.1, "dong_pop_density": 25874.8, "nearest_shelter_distance_m": 114.4108, "shelter_count_within_500m": 9.76, "est_population": 418.5, "est_elderly": 81.5, "shelter_capacity_within_500m": 1302.0, "building_form_group": "no_building", "dong_name": "응봉동", "top1_feature": "built_surface_ratio", "top1_shap": 0.3912, "top2_feature": "impervious_ratio", "top2_shap": 0.4404, "top3_feature": "green_ratio", "top3_shap": 0.2288, "priority_score": 52.6984, "priority_rank": 136 }, "geometry": { "type": "Polygon", "coordinates": [ [ [ 127.033018310689855, 37.548414283668443 ], [ 127.033004252197458, 37.550667606353812 ], [ 127.035834444117214, 37.550678766054673 ], [ 127.035848417416659, 37.548425442466723 ], [ 127.033018310689855, 37.548414283668443 ] ] ] } },
{ "type": "Feature", "properties": { "display_grid_id": "11200_00146", "gu_code": 11200, "gu_name": "성동구", "source_cell_count": 14, "area_m2": 62500.0, "mean_actual_lst": 35.7836, "mean_actual_anomaly": -2.4715, "seoul_anomaly": -2.1786, "pred_anomaly": -2.1892, "pred_anomaly_std": 0.9498, "green_delta_c": -0.8981, "building_ratio": 0.0004, "green_ratio": 0.3104, "ndvi": 0.1277, "impervious_ratio": 0.2114, "built_surface_ratio": 0.2114, "avg_ground_floor_count": 0.08, "elevation_m": 13.4656, "albedo": 0.1048, "nearest_park_distance_m": 224.0652, "park_area_within_500m": 78385.2756, "nearest_stream_distance_m": 40.8664, "est_population_density": 0.0, "dong_elderly_ratio": 0.1799, "dong_avg_age": 43.032, "dong_pop_density": 17156.588, "nearest_shelter_distance_m": 202.7532, "shelter_count_within_500m": 5.4, "est_population": 0.0, "est_elderly": 0.0, "shelter_capacity_within_500m": 725.2, "building_form_group": "no_building", "dong_name": "성수1가2동", "top1_feature": "impervious_ratio", "top1_shap": -0.1346, "top2_feature": "built_surface_ratio", "top2_shap": -0.405, "top3_feature": "building_ratio", "top3_shap": -0.6226, "priority_score": 39.5873, "priority_rank": 251 }, "geometry": { "type": "Polygon", "coordinates": [ [ [ 127.035848417416659, 37.548425442466723 ], [ 127.035834444117214, 37.550678766054673 ], [ 127.038664637593243, 37.550689857921697 ], [ 127.038678525699581, 37.548436533436629 ], [ 127.035848417416659, 37.548425442466723 ] ] ] } },
{ "type": "Feature", "properties": { "display_grid_id": "11200_00147", "gu_code": 11200, "gu_name": "성동구", "source_cell_count": 14, "area_m2": 62500.0, "mean_actual_lst": 36.9352, "mean_actual_anomaly": -1.25, "seoul_anomaly": -0.9571, "pred_anomaly": 0.2203, "pred_anomaly_std": 0.8602, "green_delta_c": -0.3443, "building_ratio": 0.0279, "green_ratio": 0.3645, "ndvi": 0.2979, "impervious_ratio": 0.3974, "built_surface_ratio": 0.3974, "avg_ground_floor_count": 1.04, "elevation_m": 13.9584, "albedo": 0.1298, "nearest_park_distance_m": 116.4324, "park_area_within_500m": 178645.9836, "nearest_stream_distance_m": 170.7048, "est_population_density": 0.0, "dong_elderly_ratio": 0.1729, "dong_avg_age": 43.0, "dong_pop_density": 13053.9, "nearest_shelter_distance_m": 277.4364, "shelter_count_within_500m": 5.08, "est_population": 0.0, "est_elderly": 0.0, "shelter_capacity_within_500m": 840.7, "building_form_group": "no_building", "dong_name": "성수1가2동", "top1_feature": "impervious_ratio", "top1_shap": 0.6723, "top2_feature": "built_surface_ratio", "top2_shap": 0.5216, "top3_feature": "ndvi", "top3_shap": -0.4217, "priority_score": 34.7619, "priority_rank": 271 }, "geometry": { "type": "Polygon", "coordinates": [ [ [ 127.038678525699581, 37.548436533436629 ], [ 127.038664637593243, 37.550689857921697 ], [ 127.04149483261611, 37.550700881954754 ], [ 127.041508635529112, 37.548447556578083 ], [ 127.038678525699581, 37.548436533436629 ] ] ] } },
{ "type": "Feature", "properties": { "display_grid_id": "11200_00148", "gu_code": 11200, "gu_name": "성동구", "source_cell_count": 13, "area_m2": 62500.0, "mean_actual_lst": 38.6819, "mean_actual_anomaly": 0.6389, "seoul_anomaly": 0.9318, "pred_anomaly": 1.3821, "pred_anomaly_std": 0.849, "green_delta_c": -0.1018, "building_ratio": 0.1987, "green_ratio": 0.1951, "ndvi": 0.0758, "impervious_ratio": 0.524, "built_surface_ratio": 0.524, "avg_ground_floor_count": 22.4209, "elevation_m": 17.6022, "albedo": 0.135, "nearest_park_distance_m": 14.1308, "park_area_within_500m": 204999.2088, "nearest_stream_distance_m": 287.2972, "est_population_density": 101265.2, "dong_elderly_ratio": 0.1729, "dong_avg_age": 43.0, "dong_pop_density": 13053.9, "nearest_shelter_distance_m": 126.9116, "shelter_count_within_500m": 7.2, "est_population": 6329.1, "est_elderly": 1094.3, "shelter_capacity_within_500m": 1238.5, "building_form_group": "high_floor_low_density", "dong_name": "성수1가2동", "top1_feature": "avg_ground_floor_count", "top1_shap": -0.7637, "top2_feature": "built_surface_ratio", "top2_shap": 0.6658, "top3_feature": "impervious_ratio", "top3_shap": 0.6292, "priority_score": 56.2698, "priority_rank": 110 }, "geometry": { "type": "Polygon", "coordinates": [ [ [ 127.041508635529112, 37.548447556578083 ], [ 127.04149483261611, 37.550700881954754 ], [ 127.044325029176264, 37.550711838153738 ], [ 127.044338746895804, 37.548458511890935 ], [ 127.041508635529112, 37.548447556578083 ] ] ] } },
{ "type": "Feature", "properties": { "display_grid_id": "11200_00149", "gu_code": 11200, "gu_name": "성동구", "source_cell_count": 10, "area_m2": 62500.0, "mean_actual_lst": 40.5959, "mean_actual_anomaly": 2.5528, "seoul_anomaly": 2.8458, "pred_anomaly": 2.9416, "pred_anomaly_std": 0.7577, "green_delta_c": -0.1812, "building_ratio": 0.3371, "green_ratio": 0.1972, "ndvi": 0.1105, "impervious_ratio": 0.5385, "built_surface_ratio": 0.5385, "avg_ground_floor_count": 7.9107, "elevation_m": 19.397, "albedo": 0.1216, "nearest_park_distance_m": 32.5188, "park_area_within_500m": 169364.2608, "nearest_stream_distance_m": 330.6148, "est_population_density": 11636.4, "dong_elderly_ratio": 0.1729, "dong_avg_age": 43.0, "dong_pop_density": 13053.9, "nearest_shelter_distance_m": 95.33, "shelter_count_within_500m": 12.32, "est_population": 727.3, "est_elderly": 125.8, "shelter_capacity_within_500m": 1881.0, "building_form_group": "high_floor_high_density", "dong_name": "성수1가2동", "top1_feature": "built_surface_ratio", "top1_shap": 0.6611, "top2_feature": "impervious_ratio", "top2_shap": 0.6351, "top3_feature": "building_ratio", "top3_shap": 0.2684, "priority_score": 50.8413, "priority_rank": 151 }, "geometry": { "type": "Polygon", "coordinates": [ [ [ 127.044338746895804, 37.548458511890935 ], [ 127.044325029176264, 37.550711838153738 ], [ 127.047155227264227, 37.550722726518536 ], [ 127.047168859790119, 37.548469399375087 ], [ 127.044338746895804, 37.548458511890935 ] ] ] } },
{ "type": "Feature", "properties": { "display_grid_id": "11200_00150", "gu_code": 11200, "gu_name": "성동구", "source_cell_count": 14, "area_m2": 62500.0, "mean_actual_lst": 40.3365, "mean_actual_anomaly": 1.9884, "seoul_anomaly": 2.2814, "pred_anomaly": 2.7433, "pred_anomaly_std": 0.6812, "green_delta_c": -0.0588, "building_ratio": 0.4094, "green_ratio": 0.2306, "ndvi": 0.1184, "impervious_ratio": 0.4717, "built_surface_ratio": 0.4717, "avg_ground_floor_count": 6.9801, "elevation_m": 20.714, "albedo": 0.119, "nearest_park_distance_m": 135.4752, "park_area_within_500m": 72729.562, "nearest_stream_distance_m": 318.3848, "est_population_density": 132.8, "dong_elderly_ratio": 0.1729, "dong_avg_age": 43.0, "dong_pop_density": 13053.9, "nearest_shelter_distance_m": 93.9984, "shelter_count_within_500m": 13.24, "est_population": 8.3, "est_elderly": 1.4, "shelter_capacity_within_500m": 1810.8, "building_form_group": "high_floor_high_density", "dong_name": "성수1가2동", "top1_feature": "built_surface_ratio", "top1_shap": 0.5725, "top2_feature": "building_ratio", "top2_shap": 0.5647, "top3_feature": "impervious_ratio", "top3_shap": 0.4738, "priority_score": 37.9207, "priority_rank": 260 }, "geometry": { "type": "Polygon", "coordinates": [ [ [ 127.047168859790119, 37.548469399375087 ], [ 127.047155227264227, 37.550722726518536 ], [ 127.049985426870535, 37.550733547049035 ], [ 127.049998974202609, 37.548480219030417 ], [ 127.047168859790119, 37.548469399375087 ] ] ] } },
{ "type": "Feature", "properties": { "display_grid_id": "11200_00151", "gu_code": 11200, "gu_name": "성동구", "source_cell_count": 14, "area_m2": 62500.0, "mean_actual_lst": 40.5731, "mean_actual_anomaly": 2.2249, "seoul_anomaly": 2.5179, "pred_anomaly": 2.6079, "pred_anomaly_std": 0.7011, "green_delta_c": -0.1968, "building_ratio": 0.356, "green_ratio": 0.2175, "ndvi": 0.1378, "impervious_ratio": 0.5476, "built_surface_ratio": 0.5476, "avg_ground_floor_count": 6.9613, "elevation_m": 17.0215, "albedo": 0.1305, "nearest_park_distance_m": 320.7784, "park_area_within_500m": 18914.2852, "nearest_stream_distance_m": 262.5192, "est_population_density": 3439.2, "dong_elderly_ratio": 0.1814, "dong_avg_age": 43.52, "dong_pop_density": 11835.02, "nearest_shelter_distance_m": 72.0048, "shelter_count_within_500m": 12.04, "est_population": 215.0, "est_elderly": 38.5, "shelter_capacity_within_500m": 1557.8, "building_form_group": "high_floor_high_density", "dong_name": "성수1가2동", "top1_feature": "built_surface_ratio", "top1_shap": 0.666, "top2_feature": "impervious_ratio", "top2_shap": 0.6374, "top3_feature": "building_ratio", "top3_shap": 0.437, "priority_score": 43.6508, "priority_rank": 223 }, "geometry": { "type": "Polygon", "coordinates": [ [ [ 127.049998974202609, 37.548480219030417 ], [ 127.049985426870535, 37.550733547049035 ], [ 127.052815627985709, 37.550744299745119 ], [ 127.052829090123737, 37.548490970856825 ], [ 127.049998974202609, 37.548480219030417 ] ] ] } },
{ "type": "Feature", "properties": { "display_grid_id": "11200_00152", "gu_code": 11200, "gu_name": "성동구", "source_cell_count": 13, "area_m2": 62500.0, "mean_actual_lst": 40.6434, "mean_actual_anomaly": 2.4704, "seoul_anomaly": 2.7633, "pred_anomaly": 2.6756, "pred_anomaly_std": 0.722, "green_delta_c": -0.2061, "building_ratio": 0.3747, "green_ratio": 0.2422, "ndvi": 0.1369, "impervious_ratio": 0.4407, "built_surface_ratio": 0.4407, "avg_ground_floor_count": 3.4187, "elevation_m": 18.5173, "albedo": 0.1193, "nearest_park_distance_m": 381.0476, "park_area_within_500m": 29696.1872, "nearest_stream_distance_m": 177.3904, "est_population_density": 4800.0, "dong_elderly_ratio": 0.1925, "dong_avg_age": 44.468, "dong_pop_density": 11496.076, "nearest_shelter_distance_m": 151.0748, "shelter_count_within_500m": 9.0, "est_population": 300.0, "est_elderly": 57.5, "shelter_capacity_within_500m": 1206.5, "building_form_group": "high_floor_high_density", "dong_name": "성수2가3동", "top1_feature": "built_surface_ratio", "top1_shap": 0.587, "top2_feature": "building_ratio", "top2_shap": 0.5188, "top3_feature": "impervious_ratio", "top3_shap": 0.442, "priority_score": 49.508, "priority_rank": 165 }, "geometry": { "type": "Polygon", "coordinates": [ [ [ 127.052829090123737, 37.548490970856825 ], [ 127.052815627985709, 37.550744299745119 ], [ 127.055645830600241, 37.550754984606684 ], [ 127.055659207544068, 37.548501654854199 ], [ 127.052829090123737, 37.548490970856825 ] ] ] } },
{ "type": "Feature", "properties": { "display_grid_id": "11200_00153", "gu_code": 11200, "gu_name": "성동구", "source_cell_count": 12, "area_m2": 62500.0, "mean_actual_lst": 38.9918, "mean_actual_anomaly": 0.8602, "seoul_anomaly": 1.1531, "pred_anomaly": 0.5951, "pred_anomaly_std": 0.8567, "green_delta_c": -0.9267, "building_ratio": 0.1916, "green_ratio": 0.3152, "ndvi": 0.1655, "impervious_ratio": 0.2318, "built_surface_ratio": 0.2318, "avg_ground_floor_count": 5.4394, "elevation_m": 16.981, "albedo": 0.1081, "nearest_park_distance_m": 170.162, "park_area_within_500m": 103529.1784, "nearest_stream_distance_m": 96.4536, "est_population_density": 11228.0, "dong_elderly_ratio": 0.1904, "dong_avg_age": 44.748, "dong_pop_density": 13250.308, "nearest_shelter_distance_m": 141.446, "shelter_count_within_500m": 7.0, "est_population": 701.7, "est_elderly": 132.9, "shelter_capacity_within_500m": 947.5, "building_form_group": "no_building", "dong_name": "송정동", "top1_feature": "built_surface_ratio", "top1_shap": 0.0753, "top2_feature": "impervious_ratio", "top2_shap": -0.0759, "top3_feature": "building_ratio", "top3_shap": 0.0303, "priority_score": 57.0873, "priority_rank": 101 }, "geometry": { "type": "Polygon", "coordinates": [ [ [ 127.055659207544068, 37.548501654854199 ], [ 127.055645830600241, 37.550754984606684 ], [ 127.058476034704654, 37.550765601633607 ], [ 127.058489326454108, 37.548512271022425 ], [ 127.055659207544068, 37.548501654854199 ] ] ] } },
{ "type": "Feature", "properties": { "display_grid_id": "11200_00154", "gu_code": 11200, "gu_name": "성동구", "source_cell_count": 14, "area_m2": 62500.0, "mean_actual_lst": 36.8685, "mean_actual_anomaly": -1.2774, "seoul_anomaly": -0.9844, "pred_anomaly": -0.9484, "pred_anomaly_std": 0.8584, "green_delta_c": -0.8096, "building_ratio": 0.0316, "green_ratio": 0.3284, "ndvi": 0.1865, "impervious_ratio": 0.2497, "built_surface_ratio": 0.2497, "avg_ground_floor_count": 1.1577, "elevation_m": 15.3842, "albedo": 0.115, "nearest_park_distance_m": 123.7152, "park_area_within_500m": 187332.9024, "nearest_stream_distance_m": 38.7644, "est_population_density": 1808.4, "dong_elderly_ratio": 0.1907, "dong_avg_age": 44.872, "dong_pop_density": 12529.456, "nearest_shelter_distance_m": 313.9052, "shelter_count_within_500m": 4.92, "est_population": 113.0, "est_elderly": 21.3, "shelter_capacity_within_500m": 704.3, "building_form_group": "no_building", "dong_name": "송정동", "top1_feature": "built_surface_ratio", "top1_shap": -0.1392, "top2_feature": "impervious_ratio", "top2_shap": -0.0365, "top3_feature": "building_ratio", "top3_shap": -0.489, "priority_score": 49.5397, "priority_rank": 164 }, "geometry": { "type": "Polygon", "coordinates": [ [ [ 127.058489326454108, 37.548512271022425 ], [ 127.058476034704654, 37.550765601633607 ], [ 127.06130624028944, 37.550776150825783 ], [ 127.061319446844323, 37.548522819361395 ], [ 127.058489326454108, 37.548512271022425 ] ] ] } },
{ "type": "Feature", "properties": { "display_grid_id": "11200_00155", "gu_code": 11200, "gu_name": "성동구", "source_cell_count": 14, "area_m2": 62500.0, "mean_actual_lst": 35.9587, "mean_actual_anomaly": -2.3767, "seoul_anomaly": -2.0837, "pred_anomaly": -1.9413, "pred_anomaly_std": 0.8484, "green_delta_c": -1.0482, "building_ratio": 0.0419, "green_ratio": 0.3444, "ndvi": 0.1723, "impervious_ratio": 0.1744, "built_surface_ratio": 0.1744, "avg_ground_floor_count": 1.8737, "elevation_m": 15.3246, "albedo": 0.1051, "nearest_park_distance_m": 158.0472, "park_area_within_500m": 241808.3664, "nearest_stream_distance_m": 33.9964, "est_population_density": 3752.4, "dong_elderly_ratio": 0.192, "dong_avg_age": 44.856, "dong_pop_density": 10931.488, "nearest_shelter_distance_m": 323.082, "shelter_count_within_500m": 2.68, "est_population": 234.5, "est_elderly": 44.2, "shelter_capacity_within_500m": 403.8, "building_form_group": "no_building", "dong_name": "송정동", "top1_feature": "built_surface_ratio", "top1_shap": -0.5963, "top2_feature": "impervious_ratio", "top2_shap": -0.542, "top3_feature": "building_ratio", "top3_shap": -0.4245, "priority_score": 49.127, "priority_rank": 170 }, "geometry": { "type": "Polygon", "coordinates": [ [ [ 127.061319446844323, 37.548522819361395 ], [ 127.06130624028944, 37.550776150825783 ], [ 127.06413644734512, 37.550786632183112 ], [ 127.06414956870529, 37.548533299870982 ], [ 127.061319446844323, 37.548522819361395 ] ] ] } },
{ "type": "Feature", "properties": { "display_grid_id": "11200_00156", "gu_code": 11200, "gu_name": "성동구", "source_cell_count": 13, "area_m2": 62500.0, "mean_actual_lst": 40.127, "mean_actual_anomaly": 2.0029, "seoul_anomaly": 2.2959, "pred_anomaly": 3.0223, "pred_anomaly_std": 0.6968, "green_delta_c": -0.1625, "building_ratio": 0.398, "green_ratio": 0.263, "ndvi": 0.1348, "impervious_ratio": 0.3495, "built_surface_ratio": 0.3495, "avg_ground_floor_count": 2.3298, "elevation_m": 18.0556, "albedo": 0.1236, "nearest_park_distance_m": 141.7664, "park_area_within_500m": 231692.5152, "nearest_stream_distance_m": 150.7092, "est_population_density": 25330.8, "dong_elderly_ratio": 0.1883, "dong_avg_age": 44.9, "dong_pop_density": 15325.9, "nearest_shelter_distance_m": 137.6472, "shelter_count_within_500m": 6.04, "est_population": 1583.2, "est_elderly": 298.1, "shelter_capacity_within_500m": 1568.3, "building_form_group": "low_floor_high_density", "dong_name": "송정동", "top1_feature": "building_ratio", "top1_shap": 0.5405, "top2_feature": "built_surface_ratio", "top2_shap": 0.4631, "top3_feature": "ndvi", "top3_shap": 0.2212, "priority_score": 50.3175, "priority_rank": 156 }, "geometry": { "type": "Polygon", "coordinates": [ [ [ 127.06414956870529, 37.548533299870982 ], [ 127.06413644734512, 37.550786632183112 ], [ 127.066966655862203, 37.55079704570548 ], [ 127.066979692027502, 37.548543712551101 ], [ 127.06414956870529, 37.548533299870982 ] ] ] } },
{ "type": "Feature", "properties": { "display_grid_id": "11200_00157", "gu_code": 11200, "gu_name": "성동구", "source_cell_count": 9, "area_m2": 27757.72, "mean_actual_lst": 41.245, "mean_actual_anomaly": 3.3363, "seoul_anomaly": 3.6292, "pred_anomaly": 4.2069, "pred_anomaly_std": 0.6037, "green_delta_c": 0.0212, "building_ratio": 0.4404, "green_ratio": 0.2008, "ndvi": 0.0685, "impervious_ratio": 0.4177, "built_surface_ratio": 0.4177, "avg_ground_floor_count": 2.5323, "elevation_m": 19.8424, "albedo": 0.123, "nearest_park_distance_m": 83.7931, "park_area_within_500m": 201801.5224, "nearest_stream_distance_m": 271.3984, "est_population_density": 29469.8845, "dong_elderly_ratio": 0.1883, "dong_avg_age": 44.9, "dong_pop_density": 15325.9, "nearest_shelter_distance_m": 131.6911, "shelter_count_within_500m": 11.6426, "est_population": 818.0, "est_elderly": 154.1, "shelter_capacity_within_500m": 3186.3, "building_form_group": "low_floor_high_density", "dong_name": "송정동", "top1_feature": "built_surface_ratio", "top1_shap": 0.679, "top2_feature": "building_ratio", "top2_shap": 0.6742, "top3_feature": "impervious_ratio", "top3_shap": 0.4231, "priority_score": 55.2857, "priority_rank": 119 }, "geometry": { "type": "Polygon", "coordinates": [ [ [ 127.066979692027502, 37.548543712551101 ], [ 127.066966655862203, 37.55079704570548 ], [ 127.068872132852945, 37.550804018540589 ], [ 127.067588122500041, 37.54854594224863 ], [ 127.066979692027502, 37.548543712551101 ] ] ] } },
{ "type": "Feature", "properties": { "display_grid_id": "11200_00158", "gu_code": 11200, "gu_name": "성동구", "source_cell_count": 7, "area_m2": 21714.34, "mean_actual_lst": 36.297, "mean_actual_anomaly": -2.2654, "seoul_anomaly": -1.9724, "pred_anomaly": -1.8102, "pred_anomaly_std": 0.8112, "green_delta_c": -0.3046, "building_ratio": 0.0658, "green_ratio": 0.4837, "ndvi": 0.4147, "impervious_ratio": 0.3111, "built_surface_ratio": 0.3111, "avg_ground_floor_count": 8.8991, "elevation_m": 102.5457, "albedo": 0.1386, "nearest_park_distance_m": 132.2826, "park_area_within_500m": 105760.9676, "nearest_stream_distance_m": 1178.7152, "est_population_density": 25973.6177, "dong_elderly_ratio": 0.1987, "dong_avg_age": 43.9, "dong_pop_density": 34192.7, "nearest_shelter_distance_m": 159.4199, "shelter_count_within_500m": 14.0327, "est_population": 564.0, "est_elderly": 112.1, "shelter_capacity_within_500m": 1434.5, "building_form_group": "high_floor_low_density", "dong_name": "금호2·3가동", "top1_feature": "ndvi", "top1_shap": -0.8047, "top2_feature": "green_ratio", "top2_shap": -0.6972, "top3_feature": "impervious_ratio", "top3_shap": 0.2836, "priority_score": 37.0635, "priority_rank": 263 }, "geometry": { "type": "Polygon", "coordinates": [ [ [ 127.016023133892276, 37.55059922364439 ], [ 127.013809724530262, 37.550590130364419 ], [ 127.01393395, 37.55069939 ], [ 127.01416846, 37.5509111 ], [ 127.0143446, 37.55107326000001 ], [ 127.014464849999982, 37.5511839 ], [ 127.01454373, 37.55125372 ], [ 127.01460068, 37.55130354 ], [ 127.01464383, 37.55134183 ], [ 127.014662750000014, 37.55135872 ], [ 127.01467354, 37.5513683 ], [ 127.014682030000017, 37.5513759 ], [ 127.01469016, 37.55138294 ], [ 127.014697420000019, 37.55138941 ], [ 127.014705010000014, 37.55139645 ], [ 127.01471174000001, 37.55140236 ], [ 127.014721460000018, 37.5514108 ], [ 127.01477858, 37.5514612 ], [ 127.01481201, 37.55149075 ], [ 127.014864, 37.55153524 ], [ 127.0149167, 37.5515921 ], [ 127.014948010000012, 37.55162561 ], [ 127.01497701, 37.55165658 ], [ 127.01500496, 37.55168614 ], [ 127.01506333, 37.55174892 ], [ 127.0151284, 37.55182099000001 ], [ 127.0151903, 37.55187448 ], [ 127.015531270000011, 37.55216304 ], [ 127.0156503, 37.55226805 ], [ 127.01585775, 37.55247103 ], [ 127.01591063, 37.55252339 ], [ 127.015937699999981, 37.55254985 ], [ 127.01598260999998, 37.55258899 ], [ 127.016010245984972, 37.552592236012046 ], [ 127.016023133892276, 37.55059922364439 ] ] ] } },
{ "type": "Feature", "properties": { "display_grid_id": "11200_00159", "gu_code": 11200, "gu_name": "성동구", "source_cell_count": 12, "area_m2": 62019.85, "mean_actual_lst": 38.5105, "mean_actual_anomaly": 0.0164, "seoul_anomaly": 0.3093, "pred_anomaly": 0.1464, "pred_anomaly_std": 0.9913, "green_delta_c": -0.4198, "building_ratio": 0.1996, "green_ratio": 0.3226, "ndvi": 0.3432, "impervious_ratio": 0.4691, "built_surface_ratio": 0.4691, "avg_ground_floor_count": 4.1544, "elevation_m": 99.6409, "albedo": 0.1422, "nearest_park_distance_m": 36.3222, "park_area_within_500m": 109830.1049, "nearest_stream_distance_m": 1111.0012, "est_population_density": 24988.7745, "dong_elderly_ratio": 0.1987, "dong_avg_age": 43.9, "dong_pop_density": 34192.7, "nearest_shelter_distance_m": 224.6522, "shelter_count_within_500m": 16.8542, "est_population": 1549.8, "est_elderly": 307.9, "shelter_capacity_within_500m": 2653.6, "building_form_group": "low_floor_low_density", "dong_name": "금호2·3가동", "top1_feature": "ndvi", "top1_shap": -0.6996, "top2_feature": "built_surface_ratio", "top2_shap": 0.6329, "top3_feature": "impervious_ratio", "top3_shap": 0.5567, "priority_score": 56.4127, "priority_rank": 108 }, "geometry": { "type": "Polygon", "coordinates": [ [ [ 127.018838830207571, 37.552864107569135 ], [ 127.01885331627507, 37.550610790345878 ], [ 127.016023133892276, 37.55059922364439 ], [ 127.016010245984972, 37.552592236012046 ], [ 127.01612692, 37.55260594 ], [ 127.01616209, 37.55261008 ], [ 127.01622986, 37.55280153 ], [ 127.016251462698193, 37.552853535354771 ], [ 127.018838830207571, 37.552864107569135 ] ] ] } },
{ "type": "Feature", "properties": { "display_grid_id": "11200_00160", "gu_code": 11200, "gu_name": "성동구", "source_cell_count": 12, "area_m2": 62500.0, "mean_actual_lst": 40.7684, "mean_actual_anomaly": 2.4727, "seoul_anomaly": 2.7657, "pred_anomaly": 3.0036, "pred_anomaly_std": 0.7999, "green_delta_c": -0.7994, "building_ratio": 0.3818, "green_ratio": 0.2611, "ndvi": 0.1536, "impervious_ratio": 0.394, "built_surface_ratio": 0.394, "avg_ground_floor_count": 3.5159, "elevation_m": 76.4982, "albedo": 0.1251, "nearest_park_distance_m": 61.5756, "park_area_within_500m": 192445.658, "nearest_stream_distance_m": 990.7344, "est_population_density": 31407.6, "dong_elderly_ratio": 0.1987, "dong_avg_age": 43.9, "dong_pop_density": 34192.7, "nearest_shelter_distance_m": 102.8932, "shelter_count_within_500m": 18.92, "est_population": 1963.0, "est_elderly": 390.0, "shelter_capacity_within_500m": 2817.3, "building_form_group": "low_floor_high_density", "dong_name": "금호2·3가동", "top1_feature": "built_surface_ratio", "top1_shap": 0.5784, "top2_feature": "impervious_ratio", "top2_shap": 0.5632, "top3_feature": "building_ratio", "top3_shap": 0.541, "priority_score": 66.746, "priority_rank": 35 }, "geometry": { "type": "Polygon", "coordinates": [ [ [ 127.01885331627507, 37.550610790345878 ], [ 127.018838830207571, 37.552864107569135 ], [ 127.021669099405045, 37.552875607367554 ], [ 127.021683500271081, 37.550622289214225 ], [ 127.01885331627507, 37.550610790345878 ] ] ] } },
{ "type": "Feature", "properties": { "display_grid_id": "11200_00161", "gu_code": 11200, "gu_name": "성동구", "source_cell_count": 11, "area_m2": 62500.0, "mean_actual_lst": 39.464, "mean_actual_anomaly": 0.9462, "seoul_anomaly": 1.2392, "pred_anomaly": 1.3952, "pred_anomaly_std": 0.7681, "green_delta_c": -0.5808, "building_ratio": 0.289, "green_ratio": 0.2645, "ndvi": 0.1858, "impervious_ratio": 0.339, "built_surface_ratio": 0.339, "avg_ground_floor_count": 10.296, "elevation_m": 66.1017, "albedo": 0.1025, "nearest_park_distance_m": 22.1572, "park_area_within_500m": 206279.214, "nearest_stream_distance_m": 896.4472, "est_population_density": 63969.2, "dong_elderly_ratio": 0.1987, "dong_avg_age": 43.9, "dong_pop_density": 34192.7, "nearest_shelter_distance_m": 64.5444, "shelter_count_within_500m": 21.4, "est_population": 3998.1, "est_elderly": 794.4, "shelter_capacity_within_500m": 3120.2, "building_form_group": "high_floor_high_density", "dong_name": "금호2·3가동", "top1_feature": "built_surface_ratio", "top1_shap": 0.4891, "top2_feature": "impervious_ratio", "top2_shap": 0.474, "top3_feature": "building_ratio", "top3_shap": 0.39, "priority_score": 59.5873, "priority_rank": 87 }, "geometry": { "type": "Polygon", "coordinates": [ [ [ 127.021683500271081, 37.550622289214225 ], [ 127.021669099405045, 37.552875607367554 ], [ 127.024499370206485, 37.552887039327231 ], [ 127.024513685870815, 37.550633720249309 ], [ 127.021683500271081, 37.550622289214225 ] ] ] } },
{ "type": "Feature", "properties": { "display_grid_id": "11200_00162", "gu_code": 11200, "gu_name": "성동구", "source_cell_count": 12, "area_m2": 62500.0, "mean_actual_lst": 38.0969, "mean_actual_anomaly": -0.4081, "seoul_anomaly": -0.1151, "pred_anomaly": 0.6929, "pred_anomaly_std": 0.7069, "green_delta_c": -0.2085, "building_ratio": 0.1736, "green_ratio": 0.2449, "ndvi": 0.2265, "impervious_ratio": 0.4926, "built_surface_ratio": 0.4926, "avg_ground_floor_count": 14.1178, "elevation_m": 51.886, "albedo": 0.1073, "nearest_park_distance_m": 66.882, "park_area_within_500m": 139226.492, "nearest_stream_distance_m": 765.5172, "est_population_density": 58883.6, "dong_elderly_ratio": 0.204, "dong_avg_age": 43.9, "dong_pop_density": 32795.82, "nearest_shelter_distance_m": 88.1916, "shelter_count_within_500m": 21.2, "est_population": 3680.2, "est_elderly": 750.9, "shelter_capacity_within_500m": 3380.8, "building_form_group": "high_floor_low_density", "dong_name": "금호1가동", "top1_feature": "built_surface_ratio", "top1_shap": 0.591, "top2_feature": "impervious_ratio", "top2_shap": 0.5778, "top3_feature": "avg_ground_floor_count", "top3_shap": -0.4251, "priority_score": 47.2699, "priority_rank": 196 }, "geometry": { "type": "Polygon", "coordinates": [ [ [ 127.024513685870815, 37.550633720249309 ], [ 127.024499370206485, 37.552887039327231 ], [ 127.027329642602311, 37.55289840344804 ], [ 127.027343873064765, 37.550645083451002 ], [ 127.024513685870815, 37.550633720249309 ] ] ] } },
{ "type": "Feature", "properties": { "display_grid_id": "11200_00163", "gu_code": 11200, "gu_name": "성동구", "source_cell_count": 14, "area_m2": 62500.0, "mean_actual_lst": 36.9233, "mean_actual_anomaly": -1.4717, "seoul_anomaly": -1.1788, "pred_anomaly": -0.5025, "pred_anomaly_std": 0.8583, "green_delta_c": -0.3601, "building_ratio": 0.1668, "green_ratio": 0.4116, "ndvi": 0.3207, "impervious_ratio": 0.3494, "built_surface_ratio": 0.3494, "avg_ground_floor_count": 12.325, "elevation_m": 79.2459, "albedo": 0.117, "nearest_park_distance_m": 284.7156, "park_area_within_500m": 78467.0168, "nearest_stream_distance_m": 599.438, "est_population_density": 43774.0, "dong_elderly_ratio": 0.2013, "dong_avg_age": 43.58, "dong_pop_density": 29762.74, "nearest_shelter_distance_m": 85.7988, "shelter_count_within_500m": 17.44, "est_population": 2735.9, "est_elderly": 553.2, "shelter_capacity_within_500m": 2954.7, "building_form_group": "high_floor_low_density", "dong_name": "금호1가동", "top1_feature": "green_ratio", "top1_shap": -0.5607, "top2_feature": "ndvi", "top2_shap": -0.4844, "top3_feature": "built_surface_ratio", "top3_shap": 0.3581, "priority_score": 44.6032, "priority_rank": 217 }, "geometry": { "type": "Polygon", "coordinates": [ [ [ 127.027343873064765, 37.550645083451002 ], [ 127.027329642602311, 37.55289840344804 ], [ 127.030159916583059, 37.552909699729859 ], [ 127.030174061843482, 37.550656378819212 ], [ 127.027343873064765, 37.550645083451002 ] ] ] } },
{ "type": "Feature", "properties": { "display_grid_id": "11200_00164", "gu_code": 11200, "gu_name": "성동구", "source_cell_count": 12, "area_m2": 62500.0, "mean_actual_lst": 39.2054, "mean_actual_anomaly": 0.8462, "seoul_anomaly": 1.1392, "pred_anomaly": 1.6562, "pred_anomaly_std": 0.8918, "green_delta_c": -0.4184, "building_ratio": 0.2462, "green_ratio": 0.2528, "ndvi": 0.183, "impervious_ratio": 0.413, "built_surface_ratio": 0.413, "avg_ground_floor_count": 9.8247, "elevation_m": 61.2905, "albedo": 0.1166, "nearest_park_distance_m": 480.4756, "park_area_within_500m": 3915.8232, "nearest_stream_distance_m": 416.846, "est_population_density": 54050.8, "dong_elderly_ratio": 0.1948, "dong_avg_age": 43.1, "dong_pop_density": 25874.8, "nearest_shelter_distance_m": 71.8156, "shelter_count_within_500m": 15.52, "est_population": 3378.2, "est_elderly": 658.1, "shelter_capacity_within_500m": 2511.5, "building_form_group": "high_floor_low_density", "dong_name": "응봉동", "top1_feature": "built_surface_ratio", "top1_shap": 0.5736, "top2_feature": "impervious_ratio", "top2_shap": 0.5636, "top3_feature": "avg_ground_floor_count", "top3_shap": -0.1367, "priority_score": 56.5238, "priority_rank": 106 }, "geometry": { "type": "Polygon", "coordinates": [ [ [ 127.030174061843482, 37.550656378819212 ], [ 127.030159916583059, 37.552909699729859 ], [ 127.032990192139295, 37.552920928172583 ], [ 127.033004252197458, 37.550667606353812 ], [ 127.030174061843482, 37.550656378819212 ] ] ] } },
{ "type": "Feature", "properties": { "display_grid_id": "11200_00165", "gu_code": 11200, "gu_name": "성동구", "source_cell_count": 11, "area_m2": 62500.0, "mean_actual_lst": 40.4572, "mean_actual_anomaly": 1.8948, "seoul_anomaly": 2.1878, "pred_anomaly": 1.8836, "pred_anomaly_std": 0.8157, "green_delta_c": -0.4219, "building_ratio": 0.1535, "green_ratio": 0.2272, "ndvi": 0.1877, "impervious_ratio": 0.5443, "built_surface_ratio": 0.5443, "avg_ground_floor_count": 8.7947, "elevation_m": 26.6515, "albedo": 0.1211, "nearest_park_distance_m": 321.0932, "park_area_within_500m": 11360.8144, "nearest_stream_distance_m": 265.0828, "est_population_density": 31494.0, "dong_elderly_ratio": 0.1948, "dong_avg_age": 43.1, "dong_pop_density": 25874.8, "nearest_shelter_distance_m": 97.6628, "shelter_count_within_500m": 14.8, "est_population": 1968.4, "est_elderly": 383.4, "shelter_capacity_within_500m": 2272.0, "building_form_group": "high_floor_low_density", "dong_name": "응봉동", "top1_feature": "built_surface_ratio", "top1_shap": 0.668, "top2_feature": "impervious_ratio", "top2_shap": 0.6531, "top3_feature": "avg_ground_floor_count", "top3_shap": -0.32, "priority_score": 61.5238, "priority_rank": 69 }, "geometry": { "type": "Polygon", "coordinates": [ [ [ 127.033004252197458, 37.550667606353812 ], [ 127.032990192139295, 37.552920928172583 ], [ 127.035820469261481, 37.552932088776089 ], [ 127.035834444117214, 37.550678766054673 ], [ 127.033004252197458, 37.550667606353812 ] ] ] } },
{ "type": "Feature", "properties": { "display_grid_id": "11200_00166", "gu_code": 11200, "gu_name": "성동구", "source_cell_count": 12, "area_m2": 62500.0, "mean_actual_lst": 38.5394, "mean_actual_anomaly": 0.4003, "seoul_anomaly": 0.6933, "pred_anomaly": -0.2168, "pred_anomaly_std": 0.8796, "green_delta_c": -0.6468, "building_ratio": 0.0432, "green_ratio": 0.2984, "ndvi": 0.2104, "impervious_ratio": 0.3639, "built_surface_ratio": 0.3639, "avg_ground_floor_count": 5.9014, "elevation_m": 18.7979, "albedo": 0.1336, "nearest_park_distance_m": 116.7908, "park_area_within_500m": 64750.0356, "nearest_stream_distance_m": 107.2224, "est_population_density": 11007.2, "dong_elderly_ratio": 0.1939, "dong_avg_age": 43.096, "dong_pop_density": 25361.964, "nearest_shelter_distance_m": 126.7196, "shelter_count_within_500m": 9.72, "est_population": 688.0, "est_elderly": 134.1, "shelter_capacity_within_500m": 1372.8, "building_form_group": "no_building", "dong_name": "응봉동", "top1_feature": "built_surface_ratio", "top1_shap": 0.3027, "top2_feature": "impervious_ratio", "top2_shap": 0.3278, "top3_feature": "building_ratio", "top3_shap": -0.325, "priority_score": 53.3968, "priority_rank": 127 }, "geometry": { "type": "Polygon", "coordinates": [ [ [ 127.035834444117214, 37.550678766054673 ], [ 127.035820469261481, 37.552932088776089 ], [ 127.038650747940125, 37.552943181540272 ], [ 127.038664637593243, 37.550689857921697 ], [ 127.035834444117214, 37.550678766054673 ] ] ] } },
{ "type": "Feature", "properties": { "display_grid_id": "11200_00167", "gu_code": 11200, "gu_name": "성동구", "source_cell_count": 15, "area_m2": 62500.0, "mean_actual_lst": 36.2903, "mean_actual_anomaly": -1.8399, "seoul_anomaly": -1.5469, "pred_anomaly": -0.9992, "pred_anomaly_std": 0.8853, "green_delta_c": -0.4, "building_ratio": 0.0006, "green_ratio": 0.2787, "ndvi": 0.1723, "impervious_ratio": 0.2985, "built_surface_ratio": 0.2985, "avg_ground_floor_count": 0.08, "elevation_m": 13.1412, "albedo": 0.1198, "nearest_park_distance_m": 113.7276, "park_area_within_500m": 138830.7388, "nearest_stream_distance_m": 42.2048, "est_population_density": 4.0, "dong_elderly_ratio": 0.1515, "dong_avg_age": 40.136, "dong_pop_density": 15448.444, "nearest_shelter_distance_m": 230.982, "shelter_count_within_500m": 6.04, "est_population": 0.3, "est_elderly": 0.1, "shelter_capacity_within_500m": 1037.3, "building_form_group": "no_building", "dong_name": "성수1가2동", "top1_feature": "building_ratio", "top1_shap": -0.7639, "top2_feature": "impervious_ratio", "top2_shap": 0.4449, "top3_feature": "built_surface_ratio", "top3_shap": 0.2542, "priority_score": 38.373, "priority_rank": 257 }, "geometry": { "type": "Polygon", "coordinates": [ [ [ 127.038664637593243, 37.550689857921697 ], [ 127.038650747940125, 37.552943181540272 ], [ 127.041481028165762, 37.55295420646501 ], [ 127.04149483261611, 37.550700881954754 ], [ 127.038664637593243, 37.550689857921697 ] ] ] } },
{ "type": "Feature", "properties": { "display_grid_id": "11200_00168", "gu_code": 11200, "gu_name": "성동구", "source_cell_count": 14, "area_m2": 62500.0, "mean_actual_lst": 36.8991, "mean_actual_anomaly": -1.2572, "seoul_anomaly": -0.9642, "pred_anomaly": -0.8134, "pred_anomaly_std": 0.8567, "green_delta_c": -0.4885, "building_ratio": 0.0308, "green_ratio": 0.2653, "ndvi": 0.0896, "impervious_ratio": 0.3016, "built_surface_ratio": 0.3016, "avg_ground_floor_count": 12.2842, "elevation_m": 15.1716, "albedo": 0.097, "nearest_park_distance_m": 64.7772, "park_area_within_500m": 154627.1488, "nearest_stream_distance_m": 63.5444, "est_population_density": 15087.6, "dong_elderly_ratio": 0.1729, "dong_avg_age": 43.0, "dong_pop_density": 13053.9, "nearest_shelter_distance_m": 154.7036, "shelter_count_within_500m": 4.48, "est_population": 943.0, "est_elderly": 163.0, "shelter_capacity_within_500m": 862.0, "building_form_group": "no_building", "dong_name": "성수1가2동", "top1_feature": "built_surface_ratio", "top1_shap": 0.0373, "top2_feature": "impervious_ratio", "top2_shap": 0.14, "top3_feature": "building_ratio", "top3_shap": -0.4553, "priority_score": 48.619, "priority_rank": 182 }, "geometry": { "type": "Polygon", "coordinates": [ [ [ 127.04149483261611, 37.550700881954754 ], [ 127.041481028165762, 37.55295420646501 ], [ 127.044311309928887, 37.552965163550176 ], [ 127.044325029176264, 37.550711838153738 ], [ 127.04149483261611, 37.550700881954754 ] ] ] } },
{ "type": "Feature", "properties": { "display_grid_id": "11200_00169", "gu_code": 11200, "gu_name": "성동구", "source_cell_count": 14, "area_m2": 62500.0, "mean_actual_lst": 38.605, "mean_actual_anomaly": 0.2622, "seoul_anomaly": 0.5551, "pred_anomaly": 0.186, "pred_anomaly_std": 0.7821, "green_delta_c": -0.6353, "building_ratio": 0.1047, "green_ratio": 0.2928, "ndvi": 0.1447, "impervious_ratio": 0.3123, "built_surface_ratio": 0.3123, "avg_ground_floor_count": 4.8588, "elevation_m": 15.0262, "albedo": 0.1042, "nearest_park_distance_m": 108.394, "park_area_within_500m": 100854.0808, "nearest_stream_distance_m": 95.8412, "est_population_density": 4247.6, "dong_elderly_ratio": 0.1729, "dong_avg_age": 43.0, "dong_pop_density": 13053.9, "nearest_shelter_distance_m": 173.4148, "shelter_count_within_500m": 6.72, "est_population": 265.5, "est_elderly": 45.9, "shelter_capacity_within_500m": 1032.5, "building_form_group": "no_building", "dong_name": "성수1가2동", "top1_feature": "built_surface_ratio", "top1_shap": 0.1962, "top2_feature": "impervious_ratio", "top2_shap": 0.2427, "top3_feature": "building_ratio", "top3_shap": -0.2755, "priority_score": 52.1587, "priority_rank": 141 }, "geometry": { "type": "Polygon", "coordinates": [ [ [ 127.044325029176264, 37.550711838153738 ], [ 127.044311309928887, 37.552965163550176 ], [ 127.047141593220019, 37.552976052795671 ], [ 127.047155227264227, 37.550722726518536 ], [ 127.044325029176264, 37.550711838153738 ] ] ] } },
{ "type": "Feature", "properties": { "display_grid_id": "11200_00170", "gu_code": 11200, "gu_name": "성동구", "source_cell_count": 14, "area_m2": 62500.0, "mean_actual_lst": 38.3393, "mean_actual_anomaly": -0.0115, "seoul_anomaly": 0.2815, "pred_anomaly": -0.5084, "pred_anomaly_std": 0.8676, "green_delta_c": -1.04, "building_ratio": 0.1054, "green_ratio": 0.3106, "ndvi": 0.1761, "impervious_ratio": 0.2777, "built_surface_ratio": 0.2777, "avg_ground_floor_count": 4.1007, "elevation_m": 15.3158, "albedo": 0.0994, "nearest_park_distance_m": 232.2984, "park_area_within_500m": 42113.9396, "nearest_stream_distance_m": 83.9736, "est_population_density": 1694.4, "dong_elderly_ratio": 0.1834, "dong_avg_age": 44.208, "dong_pop_density": 13708.996, "nearest_shelter_distance_m": 120.848, "shelter_count_within_500m": 8.2, "est_population": 105.9, "est_elderly": 18.7, "shelter_capacity_within_500m": 1048.8, "building_form_group": "no_building", "dong_name": "송정동", "top1_feature": "built_surface_ratio", "top1_shap": -0.0121, "top2_feature": "impervious_ratio", "top2_shap": 0.0421, "top3_feature": "building_ratio", "top3_shap": -0.2606, "priority_score": 48.3492, "priority_rank": 188 }, "geometry": { "type": "Polygon", "coordinates": [ [ [ 127.047155227264227, 37.550722726518536 ], [ 127.047141593220019, 37.552976052795671 ], [ 127.04997187802968, 37.552986874201387 ], [ 127.049985426870535, 37.550733547049035 ], [ 127.047155227264227, 37.550722726518536 ] ] ] } },
{ "type": "Feature", "properties": { "display_grid_id": "11200_00171", "gu_code": 11200, "gu_name": "성동구", "source_cell_count": 12, "area_m2": 62500.0, "mean_actual_lst": 36.4209, "mean_actual_anomaly": -1.6614, "seoul_anomaly": -1.3685, "pred_anomaly": -2.0488, "pred_anomaly_std": 1.0864, "green_delta_c": -1.5376, "building_ratio": 0.0517, "green_ratio": 0.3351, "ndvi": 0.1369, "impervious_ratio": 0.1801, "built_surface_ratio": 0.1801, "avg_ground_floor_count": 2.5388, "elevation_m": 13.6356, "albedo": 0.0913, "nearest_park_distance_m": 442.3168, "park_area_within_500m": 7715.306, "nearest_stream_distance_m": 50.3496, "est_population_density": 3456.8, "dong_elderly_ratio": 0.1903, "dong_avg_age": 44.584, "dong_pop_density": 10632.804, "nearest_shelter_distance_m": 164.8976, "shelter_count_within_500m": 8.12, "est_population": 216.0, "est_elderly": 38.7, "shelter_capacity_within_500m": 967.7, "building_form_group": "no_building", "dong_name": "송정동", "top1_feature": "built_surface_ratio", "top1_shap": -0.5245, "top2_feature": "impervious_ratio", "top2_shap": -0.3614, "top3_feature": "building_ratio", "top3_shap": -0.4848, "priority_score": 47.5714, "priority_rank": 194 }, "geometry": { "type": "Polygon", "coordinates": [ [ [ 127.049985426870535, 37.550733547049035 ], [ 127.04997187802968, 37.552986874201387 ], [ 127.052802164348336, 37.552997627767198 ], [ 127.052815627985709, 37.550744299745119 ], [ 127.049985426870535, 37.550733547049035 ] ] ] } },
{ "type": "Feature", "properties": { "display_grid_id": "11200_00172", "gu_code": 11200, "gu_name": "성동구", "source_cell_count": 12, "area_m2": 62500.0, "mean_actual_lst": 36.6327, "mean_actual_anomaly": -1.5584, "seoul_anomaly": -1.2654, "pred_anomaly": -0.9146, "pred_anomaly_std": 1.2409, "green_delta_c": -0.6168, "building_ratio": 0.0152, "green_ratio": 0.2804, "ndvi": 0.1505, "impervious_ratio": 0.2891, "built_surface_ratio": 0.2891, "avg_ground_floor_count": 0.4765, "elevation_m": 14.1906, "albedo": 0.1054, "nearest_park_distance_m": 498.3476, "park_area_within_500m": 2989.3688, "nearest_stream_distance_m": 22.8992, "est_population_density": 356.0, "dong_elderly_ratio": 0.1924, "dong_avg_age": 44.852, "dong_pop_density": 10531.996, "nearest_shelter_distance_m": 295.698, "shelter_count_within_500m": 7.0, "est_population": 22.2, "est_elderly": 4.2, "shelter_capacity_within_500m": 817.0, "building_form_group": "no_building", "dong_name": "송정동", "top1_feature": "building_ratio", "top1_shap": -0.6098, "top2_feature": "built_surface_ratio", "top2_shap": 0.199, "top3_feature": "impervious_ratio", "top3_shap": 0.2762, "priority_score": 46.3016, "priority_rank": 204 }, "geometry": { "type": "Polygon", "coordinates": [ [ [ 127.052815627985709, 37.550744299745119 ], [ 127.052802164348336, 37.552997627767198 ], [ 127.055632452166549, 37.553008313492988 ], [ 127.055645830600241, 37.550754984606684 ], [ 127.052815627985709, 37.550744299745119 ] ] ] } },
{ "type": "Feature", "properties": { "display_grid_id": "11200_00173", "gu_code": 11200, "gu_name": "성동구", "source_cell_count": 12, "area_m2": 62500.0, "mean_actual_lst": 39.2038, "mean_actual_anomaly": 0.925, "seoul_anomaly": 1.218, "pred_anomaly": 0.6451, "pred_anomaly_std": 0.9672, "green_delta_c": -1.0515, "building_ratio": 0.0609, "green_ratio": 0.2938, "ndvi": 0.2048, "impervious_ratio": 0.4034, "built_surface_ratio": 0.4034, "avg_ground_floor_count": 0.4, "elevation_m": 15.3415, "albedo": 0.1287, "nearest_park_distance_m": 361.6492, "park_area_within_500m": 22432.3648, "nearest_stream_distance_m": 65.8168, "est_population_density": 712.0, "dong_elderly_ratio": 0.1958, "dong_avg_age": 44.812, "dong_pop_density": 6537.076, "nearest_shelter_distance_m": 346.9188, "shelter_count_within_500m": 3.72, "est_population": 44.5, "est_elderly": 8.8, "shelter_capacity_within_500m": 472.0, "building_form_group": "no_building", "dong_name": "용답동", "top1_feature": "impervious_ratio", "top1_shap": 0.4717, "top2_feature": "built_surface_ratio", "top2_shap": 0.328, "top3_feature": "building_ratio", "top3_shap": -0.3894, "priority_score": 58.5238, "priority_rank": 92 }, "geometry": { "type": "Polygon", "coordinates": [ [ [ 127.055645830600241, 37.550754984606684 ], [ 127.055632452166549, 37.553008313492988 ], [ 127.058462741474813, 37.553018931378674 ], [ 127.058476034704654, 37.550765601633607 ], [ 127.055645830600241, 37.550754984606684 ] ] ] } },
{ "type": "Feature", "properties": { "display_grid_id": "11200_00174", "gu_code": 11200, "gu_name": "성동구", "source_cell_count": 10, "area_m2": 62500.0, "mean_actual_lst": 38.7376, "mean_actual_anomaly": 0.7626, "seoul_anomaly": 1.0556, "pred_anomaly": 1.1881, "pred_anomaly_std": 0.898, "green_delta_c": -0.5979, "building_ratio": 0.0001, "green_ratio": 0.3283, "ndvi": 0.268, "impervious_ratio": 0.4414, "built_surface_ratio": 0.4414, "avg_ground_floor_count": 0.04, "elevation_m": 16.8311, "albedo": 0.1386, "nearest_park_distance_m": 356.4792, "park_area_within_500m": 47589.2696, "nearest_stream_distance_m": 140.714, "est_population_density": 0.4, "dong_elderly_ratio": 0.1968, "dong_avg_age": 44.8, "dong_pop_density": 5338.6, "nearest_shelter_distance_m": 457.738, "shelter_count_within_500m": 1.48, "est_population": 0.0, "est_elderly": 0.0, "shelter_capacity_within_500m": 203.2, "building_form_group": "no_building", "dong_name": "용답동", "top1_feature": "impervious_ratio", "top1_shap": 0.8833, "top2_feature": "built_surface_ratio", "top2_shap": 0.7129, "top3_feature": "building_ratio", "top3_shap": -0.3016, "priority_score": 50.5238, "priority_rank": 154 }, "geometry": { "type": "Polygon", "coordinates": [ [ [ 127.058476034704654, 37.550765601633607 ], [ 127.058462741474813, 37.553018931378674 ], [ 127.061293032263634, 37.553029481424119 ], [ 127.06130624028944, 37.550776150825783 ], [ 127.058476034704654, 37.550765601633607 ] ] ] } },
{ "type": "Feature", "properties": { "display_grid_id": "11200_00175", "gu_code": 11200, "gu_name": "성동구", "source_cell_count": 12, "area_m2": 62500.0, "mean_actual_lst": 36.796, "mean_actual_anomaly": -1.445, "seoul_anomaly": -1.152, "pred_anomaly": 0.6689, "pred_anomaly_std": 1.0082, "green_delta_c": -0.6811, "building_ratio": 0.0227, "green_ratio": 0.3144, "ndvi": 0.2163, "impervious_ratio": 0.3953, "built_surface_ratio": 0.3953, "avg_ground_floor_count": 0.52, "elevation_m": 15.9728, "albedo": 0.1386, "nearest_park_distance_m": 396.7824, "park_area_within_500m": 55286.196, "nearest_stream_distance_m": 99.2404, "est_population_density": 542.8, "dong_elderly_ratio": 0.1968, "dong_avg_age": 44.8, "dong_pop_density": 5338.6, "nearest_shelter_distance_m": 380.5308, "shelter_count_within_500m": 2.6, "est_population": 33.9, "est_elderly": 6.6, "shelter_capacity_within_500m": 414.7, "building_form_group": "no_building", "dong_name": "용답동", "top1_feature": "impervious_ratio", "top1_shap": 0.5016, "top2_feature": "built_surface_ratio", "top2_shap": 0.4468, "top3_feature": "building_ratio", "top3_shap": -0.2494, "priority_score": 48.9683, "priority_rank": 176 }, "geometry": { "type": "Polygon", "coordinates": [ [ [ 127.06130624028944, 37.550776150825783 ], [ 127.061293032263634, 37.553029481424119 ], [ 127.064123324523521, 37.553039963629224 ], [ 127.06413644734512, 37.550786632183112 ], [ 127.06130624028944, 37.550776150825783 ] ] ] } },
{ "type": "Feature", "properties": { "display_grid_id": "11200_00176", "gu_code": 11200, "gu_name": "성동구", "source_cell_count": 11, "area_m2": 62500.0, "mean_actual_lst": 35.8487, "mean_actual_anomaly": -2.3269, "seoul_anomaly": -2.0339, "pred_anomaly": -1.3142, "pred_anomaly_std": 0.9914, "green_delta_c": -0.7036, "building_ratio": 0.0835, "green_ratio": 0.2709, "ndvi": 0.1348, "impervious_ratio": 0.2602, "built_surface_ratio": 0.2602, "avg_ground_floor_count": 1.174, "elevation_m": 14.9737, "albedo": 0.1042, "nearest_park_distance_m": 341.336, "park_area_within_500m": 67527.2408, "nearest_stream_distance_m": 38.7652, "est_population_density": 4850.8, "dong_elderly_ratio": 0.191, "dong_avg_age": 44.868, "dong_pop_density": 12129.964, "nearest_shelter_distance_m": 170.384, "shelter_count_within_500m": 7.56, "est_population": 303.2, "est_elderly": 57.1, "shelter_capacity_within_500m": 1877.2, "building_form_group": "no_building", "dong_name": "송정동", "top1_feature": "built_surface_ratio", "top1_shap": -0.2945, "top2_feature": "impervious_ratio", "top2_shap": -0.1171, "top3_feature": "building_ratio", "top3_shap": -0.3828, "priority_score": 47.1905, "priority_rank": 197 }, "geometry": { "type": "Polygon", "coordinates": [ [ [ 127.06413644734512, 37.550786632183112 ], [ 127.064123324523521, 37.553039963629224 ], [ 127.066953618244995, 37.553050377993877 ], [ 127.066966655862203, 37.55079704570548 ], [ 127.06413644734512, 37.550786632183112 ] ] ] } },
{ "type": "Feature", "properties": { "display_grid_id": "11200_00177", "gu_code": 11200, "gu_name": "성동구", "source_cell_count": 11, "area_m2": 55172.78, "mean_actual_lst": 39.5957, "mean_actual_anomaly": 1.5403, "seoul_anomaly": 1.8332, "pred_anomaly": 2.9612, "pred_anomaly_std": 0.7215, "green_delta_c": -0.1915, "building_ratio": 0.357, "green_ratio": 0.232, "ndvi": 0.1644, "impervious_ratio": 0.4732, "built_surface_ratio": 0.4732, "avg_ground_floor_count": 4.4597, "elevation_m": 21.8328, "albedo": 0.1164, "nearest_park_distance_m": 269.0261, "park_area_within_500m": 73337.5386, "nearest_stream_distance_m": 200.0236, "est_population_density": 37743.8528, "dong_elderly_ratio": 0.1883, "dong_avg_age": 44.9, "dong_pop_density": 15325.9, "nearest_shelter_distance_m": 91.874, "shelter_count_within_500m": 11.9762, "est_population": 2082.4, "est_elderly": 392.1, "shelter_capacity_within_500m": 5265.2, "building_form_group": "low_floor_high_density", "dong_name": "송정동", "top1_feature": "built_surface_ratio", "top1_shap": 0.6158, "top2_feature": "building_ratio", "top2_shap": 0.4881, "top3_feature": "impervious_ratio", "top3_shap": 0.4862, "priority_score": 50.1905, "priority_rank": 157 }, "geometry": { "type": "Polygon", "coordinates": [ [ [ 127.066966655862203, 37.55079704570548 ], [ 127.066953618244995, 37.553050377993877 ], [ 127.069783913418547, 37.553060724517977 ], [ 127.069787568981411, 37.552424791215159 ], [ 127.06890358, 37.55085932 ], [ 127.068872132852945, 37.550804018540589 ], [ 127.066966655862203, 37.55079704570548 ] ] ] } },
{ "type": "Feature", "properties": { "display_grid_id": "11200_00178", "gu_code": 11200, "gu_name": "성동구", "source_cell_count": 4, "area_m2": 1132.72, "mean_actual_lst": 39.3953, "mean_actual_anomaly": 1.1506, "seoul_anomaly": 1.4435, "pred_anomaly": 1.844, "pred_anomaly_std": 0.8578, "green_delta_c": -0.3058, "building_ratio": 0.0, "green_ratio": 0.2584, "ndvi": 0.1983, "impervious_ratio": 0.4541, "built_surface_ratio": 0.4541, "avg_ground_floor_count": 0.0, "elevation_m": 23.925, "albedo": 0.1176, "nearest_park_distance_m": 387.1, "park_area_within_500m": 29238.06, "nearest_stream_distance_m": 273.25, "est_population_density": 0.0, "dong_elderly_ratio": 0.1883, "dong_avg_age": 44.9, "dong_pop_density": 15325.9, "nearest_shelter_distance_m": 33.67, "shelter_count_within_500m": 15.0, "est_population": 0.0, "est_elderly": 0.0, "shelter_capacity_within_500m": 882.0, "building_form_group": "no_building", "dong_name": "송정동", "top1_feature": "impervious_ratio", "top1_shap": 1.0451, "top2_feature": "built_surface_ratio", "top2_shap": 0.8935, "top3_feature": "building_ratio", "top3_shap": -0.6565, "priority_score": 32.0635, "priority_rank": 275 }, "geometry": { "type": "Polygon", "coordinates": [ [ [ 127.069783913418547, 37.553060724517977 ], [ 127.070147426496789, 37.55306204847232 ], [ 127.069787568981411, 37.552424791215159 ], [ 127.069783913418547, 37.553060724517977 ] ] ] } },
{ "type": "Feature", "properties": { "display_grid_id": "11200_00179", "gu_code": 11200, "gu_name": "성동구", "source_cell_count": 12, "area_m2": 43714.18, "mean_actual_lst": 37.0924, "mean_actual_anomaly": -1.1791, "seoul_anomaly": -0.8862, "pred_anomaly": -0.2182, "pred_anomaly_std": 0.8565, "green_delta_c": -0.3598, "building_ratio": 0.1685, "green_ratio": 0.324, "ndvi": 0.3434, "impervious_ratio": 0.4694, "built_surface_ratio": 0.4694, "avg_ground_floor_count": 5.6408, "elevation_m": 93.8116, "albedo": 0.1269, "nearest_park_distance_m": 96.8849, "park_area_within_500m": 115546.6367, "nearest_stream_distance_m": 1307.5381, "est_population_density": 33407.6073, "dong_elderly_ratio": 0.1987, "dong_avg_age": 43.9, "dong_pop_density": 34192.7, "nearest_shelter_distance_m": 183.6369, "shelter_count_within_500m": 17.9629, "est_population": 1460.4, "est_elderly": 290.2, "shelter_capacity_within_500m": 2566.0, "building_form_group": "low_floor_high_density", "dong_name": "금호2·3가동", "top1_feature": "ndvi", "top1_shap": -0.7303, "top2_feature": "impervious_ratio", "top2_shap": 0.601, "top3_feature": "built_surface_ratio", "top3_shap": 0.4905, "priority_score": 49.0952, "priority_rank": 172 }, "geometry": { "type": "Polygon", "coordinates": [ [ [ 127.018824342526671, 37.555117423925509 ], [ 127.018838830207571, 37.552864107569135 ], [ 127.016251462698193, 37.552853535354771 ], [ 127.01633547, 37.55305577 ], [ 127.01637456, 37.55311405 ], [ 127.01663578, 37.55335896 ], [ 127.01680256, 37.55347804 ], [ 127.01687437, 37.5535625 ], [ 127.01688374, 37.55357095 ], [ 127.016952, 37.55361683 ], [ 127.01695554, 37.55362444 ], [ 127.01698561, 37.55365569 ], [ 127.01694355, 37.55380266 ], [ 127.01698035, 37.55389473 ], [ 127.01701982, 37.55408112 ], [ 127.01698485, 37.554254 ], [ 127.0168581, 37.55447166 ], [ 127.0169752, 37.55463749 ], [ 127.01702526, 37.55471209 ], [ 127.017038, 37.55473574 ], [ 127.01706135, 37.55478839 ], [ 127.01710753, 37.55489566 ], [ 127.01719295, 37.55494801 ], [ 127.01722266, 37.55496632 ], [ 127.0172322, 37.55497223 ], [ 127.017241580000018, 37.55501418 ], [ 127.017253100000019, 37.55509133000001 ], [ 127.017256055404914, 37.555111022207882 ], [ 127.018824342526671, 37.555117423925509 ] ] ] } },
{ "type": "Feature", "properties": { "display_grid_id": "11200_00180", "gu_code": 11200, "gu_name": "성동구", "source_cell_count": 15, "area_m2": 62500.0, "mean_actual_lst": 39.3723, "mean_actual_anomaly": 1.2332, "seoul_anomaly": 1.5261, "pred_anomaly": 2.3474, "pred_anomaly_std": 0.7231, "green_delta_c": -0.3587, "building_ratio": 0.3101, "green_ratio": 0.2383, "ndvi": 0.1579, "impervious_ratio": 0.4405, "built_surface_ratio": 0.4405, "avg_ground_floor_count": 5.2726, "elevation_m": 71.8556, "albedo": 0.1188, "nearest_park_distance_m": 10.5512, "park_area_within_500m": 119960.1072, "nearest_stream_distance_m": 1230.6936, "est_population_density": 36180.4, "dong_elderly_ratio": 0.1995, "dong_avg_age": 43.9, "dong_pop_density": 33972.14, "nearest_shelter_distance_m": 69.0792, "shelter_count_within_500m": 18.64, "est_population": 2261.3, "est_elderly": 452.3, "shelter_capacity_within_500m": 2757.5, "building_form_group": "low_floor_high_density", "dong_name": "금호2·3가동", "top1_feature": "built_surface_ratio", "top1_shap": 0.5946, "top2_feature": "ndvi", "top2_shap": 0.2897, "top3_feature": "building_ratio", "top3_shap": 0.3262, "priority_score": 53.254, "priority_rank": 128 }, "geometry": { "type": "Polygon", "coordinates": [ [ [ 127.018838830207571, 37.552864107569135 ], [ 127.018824342526671, 37.555117423925509 ], [ 127.021654696935144, 37.555128924654056 ], [ 127.021669099405045, 37.552875607367554 ], [ 127.018838830207571, 37.552864107569135 ] ] ] } },
{ "type": "Feature", "properties": { "display_grid_id": "11200_00181", "gu_code": 11200, "gu_name": "성동구", "source_cell_count": 14, "area_m2": 62500.0, "mean_actual_lst": 37.7049, "mean_actual_anomaly": -0.4342, "seoul_anomaly": -0.1412, "pred_anomaly": 0.692, "pred_anomaly_std": 0.7192, "green_delta_c": -0.2154, "building_ratio": 0.202, "green_ratio": 0.2253, "ndvi": 0.204, "impervious_ratio": 0.5175, "built_surface_ratio": 0.5175, "avg_ground_floor_count": 12.9756, "elevation_m": 61.6553, "albedo": 0.1154, "nearest_park_distance_m": 107.8256, "park_area_within_500m": 129520.0864, "nearest_stream_distance_m": 1121.2656, "est_population_density": 71254.8, "dong_elderly_ratio": 0.2051, "dong_avg_age": 43.9, "dong_pop_density": 32501.74, "nearest_shelter_distance_m": 56.3088, "shelter_count_within_500m": 20.64, "est_population": 4453.4, "est_elderly": 912.6, "shelter_capacity_within_500m": 3229.5, "building_form_group": "high_floor_low_density", "dong_name": "금호1가동", "top1_feature": "built_surface_ratio", "top1_shap": 0.5802, "top2_feature": "impervious_ratio", "top2_shap": 0.5763, "top3_feature": "avg_ground_floor_count", "top3_shap": -0.4847, "priority_score": 46.746, "priority_rank": 200 }, "geometry": { "type": "Polygon", "coordinates": [ [ [ 127.021669099405045, 37.552875607367554 ], [ 127.021654696935144, 37.555128924654056 ], [ 127.024485052947725, 37.555140357538377 ], [ 127.024499370206485, 37.552887039327231 ], [ 127.021669099405045, 37.552875607367554 ] ] ] } },
{ "type": "Feature", "properties": { "display_grid_id": "11200_00182", "gu_code": 11200, "gu_name": "성동구", "source_cell_count": 15, "area_m2": 62500.0, "mean_actual_lst": 37.5598, "mean_actual_anomaly": -0.6132, "seoul_anomaly": -0.3202, "pred_anomaly": 0.0331, "pred_anomaly_std": 0.7297, "green_delta_c": -0.2645, "building_ratio": 0.1352, "green_ratio": 0.2435, "ndvi": 0.2469, "impervious_ratio": 0.5266, "built_surface_ratio": 0.5266, "avg_ground_floor_count": 14.8923, "elevation_m": 72.2987, "albedo": 0.11, "nearest_park_distance_m": 215.444, "park_area_within_500m": 83132.2144, "nearest_stream_distance_m": 951.9264, "est_population_density": 55159.2, "dong_elderly_ratio": 0.2046, "dong_avg_age": 43.864, "dong_pop_density": 34273.476, "nearest_shelter_distance_m": 64.1152, "shelter_count_within_500m": 21.16, "est_population": 3447.5, "est_elderly": 703.9, "shelter_capacity_within_500m": 3686.5, "building_form_group": "high_floor_low_density", "dong_name": "금호1가동", "top1_feature": "impervious_ratio", "top1_shap": 0.5894, "top2_feature": "built_surface_ratio", "top2_shap": 0.5588, "top3_feature": "avg_ground_floor_count", "top3_shap": -0.4901, "priority_score": 46.3651, "priority_rank": 203 }, "geometry": { "type": "Polygon", "coordinates": [ [ [ 127.024499370206485, 37.552887039327231 ], [ 127.024485052947725, 37.555140357538377 ], [ 127.027315410554905, 37.555151722578337 ], [ 127.027329642602311, 37.55289840344804 ], [ 127.024499370206485, 37.552887039327231 ] ] ] } },
{ "type": "Feature", "properties": { "display_grid_id": "11200_00183", "gu_code": 11200, "gu_name": "성동구", "source_cell_count": 15, "area_m2": 62500.0, "mean_actual_lst": 34.878, "mean_actual_anomaly": -3.3627, "seoul_anomaly": -3.0697, "pred_anomaly": -1.5893, "pred_anomaly_std": 0.8373, "green_delta_c": -0.3682, "building_ratio": 0.0882, "green_ratio": 0.4959, "ndvi": 0.388, "impervious_ratio": 0.2651, "built_surface_ratio": 0.2651, "avg_ground_floor_count": 7.0843, "elevation_m": 96.4803, "albedo": 0.1233, "nearest_park_distance_m": 384.848, "park_area_within_500m": 26970.8832, "nearest_stream_distance_m": 782.5072, "est_population_density": 21448.0, "dong_elderly_ratio": 0.1993, "dong_avg_age": 43.616, "dong_pop_density": 39632.612, "nearest_shelter_distance_m": 152.9008, "shelter_count_within_500m": 19.64, "est_population": 1340.5, "est_elderly": 264.8, "shelter_capacity_within_500m": 3778.0, "building_form_group": "no_building", "dong_name": "행당2동", "top1_feature": "green_ratio", "top1_shap": -0.8592, "top2_feature": "ndvi", "top2_shap": -0.7909, "top3_feature": "building_ratio", "top3_shap": -0.1229, "priority_score": 41.6508, "priority_rank": 237 }, "geometry": { "type": "Polygon", "coordinates": [ [ [ 127.027329642602311, 37.55289840344804 ], [ 127.027315410554905, 37.555151722578337 ], [ 127.030145769747207, 37.555163019773843 ], [ 127.030159916583059, 37.552909699729859 ], [ 127.027329642602311, 37.55289840344804 ] ] ] } },
{ "type": "Feature", "properties": { "display_grid_id": "11200_00184", "gu_code": 11200, "gu_name": "성동구", "source_cell_count": 15, "area_m2": 62500.0, "mean_actual_lst": 37.0841, "mean_actual_anomaly": -1.055, "seoul_anomaly": -0.762, "pred_anomaly": -0.0362, "pred_anomaly_std": 0.8661, "green_delta_c": -0.4164, "building_ratio": 0.1615, "green_ratio": 0.3336, "ndvi": 0.2969, "impervious_ratio": 0.3525, "built_surface_ratio": 0.3525, "avg_ground_floor_count": 11.7014, "elevation_m": 73.9273, "albedo": 0.1196, "nearest_park_distance_m": 462.4908, "park_area_within_500m": 3232.2932, "nearest_stream_distance_m": 618.2208, "est_population_density": 43142.4, "dong_elderly_ratio": 0.1966, "dong_avg_age": 43.56, "dong_pop_density": 46546.924, "nearest_shelter_distance_m": 92.9808, "shelter_count_within_500m": 19.08, "est_population": 2696.4, "est_elderly": 530.2, "shelter_capacity_within_500m": 3439.7, "building_form_group": "high_floor_low_density", "dong_name": "행당2동", "top1_feature": "built_surface_ratio", "top1_shap": 0.5029, "top2_feature": "impervious_ratio", "top2_shap": 0.3898, "top3_feature": "ndvi", "top3_shap": -0.3236, "priority_score": 48.7143, "priority_rank": 180 }, "geometry": { "type": "Polygon", "coordinates": [ [ [ 127.030159916583059, 37.552909699729859 ], [ 127.030145769747207, 37.555163019773843 ], [ 127.032976130515152, 37.555174249124747 ], [ 127.032990192139295, 37.552920928172583 ], [ 127.030159916583059, 37.552909699729859 ] ] ] } },
{ "type": "Feature", "properties": { "display_grid_id": "11200_00185", "gu_code": 11200, "gu_name": "성동구", "source_cell_count": 15, "area_m2": 62500.0, "mean_actual_lst": 38.7696, "mean_actual_anomaly": 0.7354, "seoul_anomaly": 1.0283, "pred_anomaly": 1.0856, "pred_anomaly_std": 0.8104, "green_delta_c": -0.2177, "building_ratio": 0.1646, "green_ratio": 0.2357, "ndvi": 0.1561, "impervious_ratio": 0.4051, "built_surface_ratio": 0.4051, "avg_ground_floor_count": 14.4986, "elevation_m": 41.5752, "albedo": 0.1067, "nearest_park_distance_m": 328.5548, "park_area_within_500m": 31388.9132, "nearest_stream_distance_m": 467.432, "est_population_density": 66420.8, "dong_elderly_ratio": 0.1935, "dong_avg_age": 43.144, "dong_pop_density": 30178.676, "nearest_shelter_distance_m": 80.0936, "shelter_count_within_500m": 17.48, "est_population": 4151.3, "est_elderly": 800.7, "shelter_capacity_within_500m": 2952.8, "building_form_group": "high_floor_low_density", "dong_name": "응봉동", "top1_feature": "built_surface_ratio", "top1_shap": 0.5632, "top2_feature": "impervious_ratio", "top2_shap": 0.5551, "top3_feature": "avg_ground_floor_count", "top3_shap": -0.5093, "priority_score": 51.0079, "priority_rank": 148 }, "geometry": { "type": "Polygon", "coordinates": [ [ [ 127.032990192139295, 37.552920928172583 ], [ 127.032976130515152, 37.555174249124747 ], [ 127.035806492849261, 37.555185410630955 ], [ 127.035820469261481, 37.552932088776089 ], [ 127.032990192139295, 37.552920928172583 ] ] ] } },
{ "type": "Feature", "properties": { "display_grid_id": "11200_00186", "gu_code": 11200, "gu_name": "성동구", "source_cell_count": 14, "area_m2": 62500.0, "mean_actual_lst": 37.8432, "mean_actual_anomaly": 0.071, "seoul_anomaly": 0.3639, "pred_anomaly": 0.3189, "pred_anomaly_std": 0.7438, "green_delta_c": -0.1531, "building_ratio": 0.1323, "green_ratio": 0.2307, "ndvi": 0.2444, "impervious_ratio": 0.547, "built_surface_ratio": 0.547, "avg_ground_floor_count": 21.955, "elevation_m": 27.654, "albedo": 0.1073, "nearest_park_distance_m": 146.8884, "park_area_within_500m": 85025.6556, "nearest_stream_distance_m": 320.9276, "est_population_density": 80012.8, "dong_elderly_ratio": 0.1855, "dong_avg_age": 42.792, "dong_pop_density": 24829.448, "nearest_shelter_distance_m": 87.3352, "shelter_count_within_500m": 13.04, "est_population": 5000.8, "est_elderly": 929.4, "shelter_capacity_within_500m": 2025.0, "building_form_group": "high_floor_low_density", "dong_name": "응봉동", "top1_feature": "avg_ground_floor_count", "top1_shap": -0.7677, "top2_feature": "built_surface_ratio", "top2_shap": 0.5957, "top3_feature": "impervious_ratio", "top3_shap": 0.5855, "priority_score": 50.0873, "priority_rank": 158 }, "geometry": { "type": "Polygon", "coordinates": [ [ [ 127.035820469261481, 37.552932088776089 ], [ 127.035806492849261, 37.555185410630955 ], [ 127.038636856739998, 37.55519650429234 ], [ 127.038650747940125, 37.552943181540272 ], [ 127.035820469261481, 37.552932088776089 ] ] ] } },
{ "type": "Feature", "properties": { "display_grid_id": "11200_00187", "gu_code": 11200, "gu_name": "성동구", "source_cell_count": 13, "area_m2": 62500.0, "mean_actual_lst": 39.4331, "mean_actual_anomaly": 1.4523, "seoul_anomaly": 1.7453, "pred_anomaly": 1.7951, "pred_anomaly_std": 0.7543, "green_delta_c": -0.4518, "building_ratio": 0.0707, "green_ratio": 0.2487, "ndvi": 0.2339, "impervious_ratio": 0.5856, "built_surface_ratio": 0.5856, "avg_ground_floor_count": 7.5202, "elevation_m": 20.6034, "albedo": 0.1525, "nearest_park_distance_m": 12.4868, "park_area_within_500m": 113627.1716, "nearest_stream_distance_m": 218.2148, "est_population_density": 17178.4, "dong_elderly_ratio": 0.1124, "dong_avg_age": 35.736, "dong_pop_density": 16190.984, "nearest_shelter_distance_m": 211.6056, "shelter_count_within_500m": 6.8, "est_population": 1073.6, "est_elderly": 164.6, "shelter_capacity_within_500m": 1198.5, "building_form_group": "high_floor_low_density", "dong_name": "사근동", "top1_feature": "built_surface_ratio", "top1_shap": 0.6886, "top2_feature": "impervious_ratio", "top2_shap": 0.6819, "top3_feature": "green_ratio", "top3_shap": 0.3256, "priority_score": 62.2857, "priority_rank": 65 }, "geometry": { "type": "Polygon", "coordinates": [ [ [ 127.038650747940125, 37.552943181540272 ], [ 127.038636856739998, 37.55519650429234 ], [ 127.041467222177914, 37.55520753010881 ], [ 127.041481028165762, 37.55295420646501 ], [ 127.038650747940125, 37.552943181540272 ] ] ] } },
{ "type": "Feature", "properties": { "display_grid_id": "11200_00188", "gu_code": 11200, "gu_name": "성동구", "source_cell_count": 14, "area_m2": 62500.0, "mean_actual_lst": 40.2918, "mean_actual_anomaly": 2.0206, "seoul_anomaly": 2.3136, "pred_anomaly": 1.8297, "pred_anomaly_std": 0.8251, "green_delta_c": -0.4839, "building_ratio": 0.079, "green_ratio": 0.2745, "ndvi": 0.2113, "impervious_ratio": 0.4821, "built_surface_ratio": 0.4821, "avg_ground_floor_count": 2.5493, "elevation_m": 25.0493, "albedo": 0.1485, "nearest_park_distance_m": 106.2964, "park_area_within_500m": 121060.1484, "nearest_stream_distance_m": 135.0748, "est_population_density": 7830.4, "dong_elderly_ratio": 0.095, "dong_avg_age": 34.0, "dong_pop_density": 14126.4, "nearest_shelter_distance_m": 331.422, "shelter_count_within_500m": 3.8, "est_population": 489.4, "est_elderly": 46.5, "shelter_capacity_within_500m": 760.5, "building_form_group": "low_floor_low_density", "dong_name": "사근동", "top1_feature": "impervious_ratio", "top1_shap": 0.6848, "top2_feature": "built_surface_ratio", "top2_shap": 0.6752, "top3_feature": "green_ratio", "top3_shap": 0.2589, "priority_score": 60.4445, "priority_rank": 77 }, "geometry": { "type": "Polygon", "coordinates": [ [ [ 127.041481028165762, 37.55295420646501 ], [ 127.041467222177914, 37.55520753010881 ], [ 127.044297589153516, 37.555218488080214 ], [ 127.044311309928887, 37.552965163550176 ], [ 127.041481028165762, 37.55295420646501 ] ] ] } },
{ "type": "Feature", "properties": { "display_grid_id": "11200_00189", "gu_code": 11200, "gu_name": "성동구", "source_cell_count": 10, "area_m2": 62500.0, "mean_actual_lst": 39.1342, "mean_actual_anomaly": 0.7314, "seoul_anomaly": 1.0243, "pred_anomaly": 0.6771, "pred_anomaly_std": 0.9064, "green_delta_c": -0.6118, "building_ratio": 0.1094, "green_ratio": 0.2932, "ndvi": 0.1855, "impervious_ratio": 0.3648, "built_surface_ratio": 0.3648, "avg_ground_floor_count": 2.0067, "elevation_m": 26.0703, "albedo": 0.1326, "nearest_park_distance_m": 278.5892, "park_area_within_500m": 64003.8572, "nearest_stream_distance_m": 76.4076, "est_population_density": 10178.4, "dong_elderly_ratio": 0.1075, "dong_avg_age": 35.44, "dong_pop_density": 13954.8, "nearest_shelter_distance_m": 351.6212, "shelter_count_within_500m": 4.12, "est_population": 636.1, "est_elderly": 60.4, "shelter_capacity_within_500m": 615.0, "building_form_group": "no_building", "dong_name": "사근동", "top1_feature": "built_surface_ratio", "top1_shap": 0.3255, "top2_feature": "impervious_ratio", "top2_shap": 0.437, "top3_feature": "building_ratio", "top3_shap": -0.2706, "priority_score": 57.7937, "priority_rank": 96 }, "geometry": { "type": "Polygon", "coordinates": [ [ [ 127.044311309928887, 37.552965163550176 ], [ 127.044297589153516, 37.555218488080214 ], [ 127.047127957657281, 37.555229378206462 ], [ 127.047141593220019, 37.552976052795671 ], [ 127.044311309928887, 37.552965163550176 ] ] ] } },
{ "type": "Feature", "properties": { "display_grid_id": "11200_00190", "gu_code": 11200, "gu_name": "성동구", "source_cell_count": 16, "area_m2": 62500.0, "mean_actual_lst": 40.5392, "mean_actual_anomaly": 2.1294, "seoul_anomaly": 2.4224, "pred_anomaly": 0.3607, "pred_anomaly_std": 1.2117, "green_delta_c": -0.7052, "building_ratio": 0.0076, "green_ratio": 0.2879, "ndvi": 0.1734, "impervious_ratio": 0.319, "built_surface_ratio": 0.319, "avg_ground_floor_count": 1.08, "elevation_m": 17.172, "albedo": 0.1486, "nearest_park_distance_m": 407.896, "park_area_within_500m": 7351.3808, "nearest_stream_distance_m": 75.85, "est_population_density": 1123.6, "dong_elderly_ratio": 0.1031, "dong_avg_age": 34.864, "dong_pop_density": 13423.376, "nearest_shelter_distance_m": 150.7304, "shelter_count_within_500m": 4.0, "est_population": 70.2, "est_elderly": 6.6, "shelter_capacity_within_500m": 404.3, "building_form_group": "no_building", "dong_name": "사근동", "top1_feature": "building_ratio", "top1_shap": -0.4851, "top2_feature": "impervious_ratio", "top2_shap": 0.4184, "top3_feature": "built_surface_ratio", "top3_shap": 0.2011, "priority_score": 56.3651, "priority_rank": 109 }, "geometry": { "type": "Polygon", "coordinates": [ [ [ 127.047141593220019, 37.552976052795671 ], [ 127.047127957657281, 37.555229378206462 ], [ 127.049958327679747, 37.555240200487425 ], [ 127.04997187802968, 37.552986874201387 ], [ 127.047141593220019, 37.552976052795671 ] ] ] } },
{ "type": "Feature", "properties": { "display_grid_id": "11200_00191", "gu_code": 11200, "gu_name": "성동구", "source_cell_count": 12, "area_m2": 62500.0, "mean_actual_lst": 36.9917, "mean_actual_anomaly": -1.3606, "seoul_anomaly": -1.0676, "pred_anomaly": -1.9883, "pred_anomaly_std": 1.2942, "green_delta_c": -1.1637, "building_ratio": 0.0003, "green_ratio": 0.3551, "ndvi": 0.1649, "impervious_ratio": 0.1909, "built_surface_ratio": 0.1909, "avg_ground_floor_count": 0.36, "elevation_m": 12.2075, "albedo": 0.1169, "nearest_park_distance_m": 569.864, "park_area_within_500m": 319.5624, "nearest_stream_distance_m": 19.4684, "est_population_density": 0.4, "dong_elderly_ratio": 0.1764, "dong_avg_age": 42.64, "dong_pop_density": 7096.16, "nearest_shelter_distance_m": 146.4504, "shelter_count_within_500m": 3.2, "est_population": 0.0, "est_elderly": 0.0, "shelter_capacity_within_500m": 228.3, "building_form_group": "no_building", "dong_name": "용답동", "top1_feature": "building_ratio", "top1_shap": -0.5707, "top2_feature": "impervious_ratio", "top2_shap": -0.0688, "top3_feature": "built_surface_ratio", "top3_shap": -0.3154, "priority_score": 39.5238, "priority_rank": 252 }, "geometry": { "type": "Polygon", "coordinates": [ [ [ 127.04997187802968, 37.552986874201387 ], [ 127.049958327679747, 37.555240200487425 ], [ 127.052788699211405, 37.555250954923018 ], [ 127.052802164348336, 37.552997627767198 ], [ 127.04997187802968, 37.552986874201387 ] ] ] } },
{ "type": "Feature", "properties": { "display_grid_id": "11200_00192", "gu_code": 11200, "gu_name": "성동구", "source_cell_count": 16, "area_m2": 62500.0, "mean_actual_lst": 42.4809, "mean_actual_anomaly": 4.1286, "seoul_anomaly": 4.4216, "pred_anomaly": 3.1387, "pred_anomaly_std": 1.2026, "green_delta_c": -0.5126, "building_ratio": 0.2166, "green_ratio": 0.265, "ndvi": 0.1496, "impervious_ratio": 0.5002, "built_surface_ratio": 0.5002, "avg_ground_floor_count": 0.3614, "elevation_m": 17.2818, "albedo": 0.1505, "nearest_park_distance_m": 674.7388, "park_area_within_500m": 0.0, "nearest_stream_distance_m": 119.3576, "est_population_density": 5663.2, "dong_elderly_ratio": 0.1968, "dong_avg_age": 44.8, "dong_pop_density": 5338.6, "nearest_shelter_distance_m": 384.9136, "shelter_count_within_500m": 1.52, "est_population": 354.0, "est_elderly": 69.7, "shelter_capacity_within_500m": 69.0, "building_form_group": "no_building", "dong_name": "용답동", "top1_feature": "impervious_ratio", "top1_shap": 0.8801, "top2_feature": "built_surface_ratio", "top2_shap": 0.8662, "top3_feature": "building_ratio", "top3_shap": 0.2716, "priority_score": 72.8254, "priority_rank": 15 }, "geometry": { "type": "Polygon", "coordinates": [ [ [ 127.052802164348336, 37.552997627767198 ], [ 127.052788699211405, 37.555250954923018 ], [ 127.055619072242806, 37.555261641513106 ], [ 127.055632452166549, 37.553008313492988 ], [ 127.052802164348336, 37.552997627767198 ] ] ] } },
{ "type": "Feature", "properties": { "display_grid_id": "11200_00193", "gu_code": 11200, "gu_name": "성동구", "source_cell_count": 15, "area_m2": 62500.0, "mean_actual_lst": 43.585, "mean_actual_anomaly": 5.1471, "seoul_anomaly": 5.44, "pred_anomaly": 3.5493, "pred_anomaly_std": 0.9747, "green_delta_c": -0.7241, "building_ratio": 0.1287, "green_ratio": 0.2144, "ndvi": 0.173, "impervious_ratio": 0.6154, "built_surface_ratio": 0.6154, "avg_ground_floor_count": 0.8342, "elevation_m": 15.3956, "albedo": 0.156, "nearest_park_distance_m": 588.038, "park_area_within_500m": 0.0, "nearest_stream_distance_m": 264.9464, "est_population_density": 1925.6, "dong_elderly_ratio": 0.1968, "dong_avg_age": 44.8, "dong_pop_density": 5338.6, "nearest_shelter_distance_m": 565.6544, "shelter_count_within_500m": 0.08, "est_population": 120.4, "est_elderly": 23.7, "shelter_capacity_within_500m": 4.0, "building_form_group": "low_floor_low_density", "dong_name": "용답동", "top1_feature": "built_surface_ratio", "top1_shap": 0.9235, "top2_feature": "impervious_ratio", "top2_shap": 0.9067, "top3_feature": "ndvi", "top3_shap": 0.1459, "priority_score": 80.0635, "priority_rank": 1 }, "geometry": { "type": "Polygon", "coordinates": [ [ [ 127.055632452166549, 37.553008313492988 ], [ 127.055619072242806, 37.555261641513106 ], [ 127.058449446764413, 37.555272260257595 ], [ 127.058462741474813, 37.553018931378674 ], [ 127.055632452166549, 37.553008313492988 ] ] ] } },
{ "type": "Feature", "properties": { "display_grid_id": "11200_00194", "gu_code": 11200, "gu_name": "성동구", "source_cell_count": 14, "area_m2": 62500.0, "mean_actual_lst": 41.1006, "mean_actual_anomaly": 3.0638, "seoul_anomaly": 3.3567, "pred_anomaly": 2.2445, "pred_anomaly_std": 0.8676, "green_delta_c": -0.6586, "building_ratio": 0.0, "green_ratio": 0.2748, "ndvi": 0.2687, "impervious_ratio": 0.5217, "built_surface_ratio": 0.5217, "avg_ground_floor_count": 0.0, "elevation_m": 14.8785, "albedo": 0.1485, "nearest_park_distance_m": 582.3412, "park_area_within_500m": 0.0, "nearest_stream_distance_m": 372.5764, "est_population_density": 0.0, "dong_elderly_ratio": 0.1968, "dong_avg_age": 44.8, "dong_pop_density": 5338.6, "nearest_shelter_distance_m": 630.0084, "shelter_count_within_500m": 0.0, "est_population": 0.0, "est_elderly": 0.0, "shelter_capacity_within_500m": 0.0, "building_form_group": "no_building", "dong_name": "용답동", "top1_feature": "impervious_ratio", "top1_shap": 1.0982, "top2_feature": "built_surface_ratio", "top2_shap": 0.9521, "top3_feature": "ndvi", "top3_shap": -0.1829, "priority_score": 64.0794, "priority_rank": 51 }, "geometry": { "type": "Polygon", "coordinates": [ [ [ 127.058462741474813, 37.553018931378674 ], [ 127.058449446764413, 37.555272260257595 ], [ 127.06127982276675, 37.55528281115636 ], [ 127.061293032263634, 37.553029481424119 ], [ 127.058462741474813, 37.553018931378674 ] ] ] } },
{ "type": "Feature", "properties": { "display_grid_id": "11200_00195", "gu_code": 11200, "gu_name": "성동구", "source_cell_count": 15, "area_m2": 62500.0, "mean_actual_lst": 40.363, "mean_actual_anomaly": 2.0977, "seoul_anomaly": 2.3907, "pred_anomaly": 2.1838, "pred_anomaly_std": 0.9521, "green_delta_c": -0.6727, "building_ratio": 0.0013, "green_ratio": 0.332, "ndvi": 0.1782, "impervious_ratio": 0.3698, "built_surface_ratio": 0.3698, "avg_ground_floor_count": 0.16, "elevation_m": 13.476, "albedo": 0.1451, "nearest_park_distance_m": 568.7612, "park_area_within_500m": 686.008, "nearest_stream_distance_m": 255.554, "est_population_density": 35.2, "dong_elderly_ratio": 0.1968, "dong_avg_age": 44.8, "dong_pop_density": 5338.6, "nearest_shelter_distance_m": 459.1604, "shelter_count_within_500m": 1.84, "est_population": 2.2, "est_elderly": 0.4, "shelter_capacity_within_500m": 282.5, "building_form_group": "no_building", "dong_name": "용답동", "top1_feature": "impervious_ratio", "top1_shap": 0.8996, "top2_feature": "built_surface_ratio", "top2_shap": 0.724, "top3_feature": "ndvi", "top3_shap": 0.4179, "priority_score": 59.5794, "priority_rank": 88 }, "geometry": { "type": "Polygon", "coordinates": [ [ [ 127.061293032263634, 37.553029481424119 ], [ 127.06127982276675, 37.55528281115636 ], [ 127.06411020024035, 37.555293294209292 ], [ 127.064123324523521, 37.553039963629224 ], [ 127.061293032263634, 37.553029481424119 ] ] ] } },
{ "type": "Feature", "properties": { "display_grid_id": "11200_00196", "gu_code": 11200, "gu_name": "성동구", "source_cell_count": 14, "area_m2": 62500.0, "mean_actual_lst": 36.55, "mean_actual_anomaly": -1.5556, "seoul_anomaly": -1.2627, "pred_anomaly": -0.6595, "pred_anomaly_std": 0.9386, "green_delta_c": -0.8367, "building_ratio": 0.0, "green_ratio": 0.2929, "ndvi": 0.2318, "impervious_ratio": 0.3444, "built_surface_ratio": 0.3444, "avg_ground_floor_count": 0.0, "elevation_m": 14.5533, "albedo": 0.1246, "nearest_park_distance_m": 446.5676, "park_area_within_500m": 10116.6124, "nearest_stream_distance_m": 56.9004, "est_population_density": 0.0, "dong_elderly_ratio": 0.1954, "dong_avg_age": 44.816, "dong_pop_density": 6936.568, "nearest_shelter_distance_m": 223.8164, "shelter_count_within_500m": 8.44, "est_population": 0.0, "est_elderly": 0.0, "shelter_capacity_within_500m": 1770.3, "building_form_group": "no_building", "dong_name": "용답동", "top1_feature": "built_surface_ratio", "top1_shap": 0.2314, "top2_feature": "impervious_ratio", "top2_shap": 0.3602, "top3_feature": "building_ratio", "top3_shap": -0.5559, "priority_score": 42.1111, "priority_rank": 232 }, "geometry": { "type": "Polygon", "coordinates": [ [ [ 127.064123324523521, 37.553039963629224 ], [ 127.06411020024035, 37.555293294209292 ], [ 127.066940579175665, 37.5553037094163 ], [ 127.066953618244995, 37.553050377993877 ], [ 127.064123324523521, 37.553039963629224 ] ] ] } },
{ "type": "Feature", "properties": { "display_grid_id": "11200_00197", "gu_code": 11200, "gu_name": "성동구", "source_cell_count": 12, "area_m2": 62500.0, "mean_actual_lst": 37.1957, "mean_actual_anomaly": -0.8962, "seoul_anomaly": -0.6033, "pred_anomaly": 0.2712, "pred_anomaly_std": 0.8898, "green_delta_c": -0.7453, "building_ratio": 0.1786, "green_ratio": 0.2641, "ndvi": 0.1873, "impervious_ratio": 0.3706, "built_surface_ratio": 0.3706, "avg_ground_floor_count": 2.9152, "elevation_m": 17.2305, "albedo": 0.1128, "nearest_park_distance_m": 387.0052, "park_area_within_500m": 16578.6884, "nearest_stream_distance_m": 78.3452, "est_population_density": 19163.2, "dong_elderly_ratio": 0.1886, "dong_avg_age": 44.896, "dong_pop_density": 14926.408, "nearest_shelter_distance_m": 82.8236, "shelter_count_within_500m": 12.52, "est_population": 1197.7, "est_elderly": 225.6, "shelter_capacity_within_500m": 4226.3, "building_form_group": "low_floor_low_density", "dong_name": "송정동", "top1_feature": "built_surface_ratio", "top1_shap": 0.1826, "top2_feature": "impervious_ratio", "top2_shap": 0.1628, "top3_feature": "building_ratio", "top3_shap": -0.0958, "priority_score": 49.2857, "priority_rank": 169 }, "geometry": { "type": "Polygon", "coordinates": [ [ [ 127.066953618244995, 37.553050377993877 ], [ 127.066940579175665, 37.5553037094163 ], [ 127.069770959563257, 37.555314056777249 ], [ 127.069783913418547, 37.553060724517977 ], [ 127.066953618244995, 37.553050377993877 ] ] ] } },
{ "type": "Feature", "properties": { "display_grid_id": "11200_00198", "gu_code": 11200, "gu_name": "성동구", "source_cell_count": 9, "area_m2": 22248.99, "mean_actual_lst": 40.5278, "mean_actual_anomaly": 2.4279, "seoul_anomaly": 2.7208, "pred_anomaly": 3.2748, "pred_anomaly_std": 0.7159, "green_delta_c": -0.0529, "building_ratio": 0.3779, "green_ratio": 0.2074, "ndvi": 0.1167, "impervious_ratio": 0.5031, "built_surface_ratio": 0.5031, "avg_ground_floor_count": 4.2657, "elevation_m": 24.1424, "albedo": 0.1259, "nearest_park_distance_m": 412.9869, "park_area_within_500m": 13000.5223, "nearest_stream_distance_m": 198.9151, "est_population_density": 39034.6548, "dong_elderly_ratio": 0.1883, "dong_avg_age": 44.9, "dong_pop_density": 15325.9, "nearest_shelter_distance_m": 75.3523, "shelter_count_within_500m": 14.7534, "est_population": 868.5, "est_elderly": 163.6, "shelter_capacity_within_500m": 3340.5, "building_form_group": "low_floor_high_density", "dong_name": "송정동", "top1_feature": "built_surface_ratio", "top1_shap": 0.636, "top2_feature": "impervious_ratio", "top2_shap": 0.6295, "top3_feature": "building_ratio", "top3_shap": 0.4352, "priority_score": 46.746, "priority_rank": 201 }, "geometry": { "type": "Polygon", "coordinates": [ [ [ 127.069783913418547, 37.553060724517977 ], [ 127.069770959563257, 37.555314056777249 ], [ 127.071422575792482, 37.555320063440014 ], [ 127.070147426496789, 37.55306204847232 ], [ 127.069783913418547, 37.553060724517977 ] ] ] } },
{ "type": "Feature", "properties": { "display_grid_id": "11200_00199", "gu_code": 11200, "gu_name": "성동구", "source_cell_count": 6, "area_m2": 23831.99, "mean_actual_lst": 36.4386, "mean_actual_anomaly": -1.3554, "seoul_anomaly": -1.0624, "pred_anomaly": -0.0225, "pred_anomaly_std": 0.7468, "green_delta_c": -0.2814, "building_ratio": 0.1454, "green_ratio": 0.2488, "ndvi": 0.2479, "impervious_ratio": 0.536, "built_surface_ratio": 0.536, "avg_ground_floor_count": 11.5791, "elevation_m": 87.6913, "albedo": 0.1144, "nearest_park_distance_m": 125.7732, "park_area_within_500m": 124854.892, "nearest_stream_distance_m": 1470.1313, "est_population_density": 64909.1303, "dong_elderly_ratio": 0.1987, "dong_avg_age": 43.9, "dong_pop_density": 34192.7, "nearest_shelter_distance_m": 69.1168, "shelter_count_within_500m": 18.8942, "est_population": 1546.9, "est_elderly": 307.3, "shelter_capacity_within_500m": 2072.0, "building_form_group": "high_floor_low_density", "dong_name": "금호2·3가동", "top1_feature": "impervious_ratio", "top1_shap": 0.6505, "top2_feature": "built_surface_ratio", "top2_shap": 0.6438, "top3_feature": "avg_ground_floor_count", "top3_shap": -0.5161, "priority_score": 39.746, "priority_rank": 250 }, "geometry": { "type": "Polygon", "coordinates": [ [ [ 127.018824342526671, 37.555117423925509 ], [ 127.017256055404914, 37.555111022207882 ], [ 127.01726248, 37.55515383 ], [ 127.0172655, 37.55519297 ], [ 127.01727082, 37.55525913 ], [ 127.01727439, 37.55545566 ], [ 127.017274400000019, 37.55548579 ], [ 127.017288560000011, 37.55556885 ], [ 127.01733902, 37.55586222 ], [ 127.017355660000021, 37.55590586000001 ], [ 127.017360599999989, 37.55591938 ], [ 127.01739846, 37.55598329 ], [ 127.01748708, 37.55612405 ], [ 127.01756598999998, 37.55627637 ], [ 127.01758209, 37.55630733 ], [ 127.01759536, 37.55632648 ], [ 127.017724299999983, 37.55650891 ], [ 127.01781753, 37.55663335 ], [ 127.017889859999983, 37.55670289 ], [ 127.01803986, 37.55684786 ], [ 127.01809360999998, 37.5568746 ], [ 127.0183596, 37.55697818 ], [ 127.018647329999979, 37.55708598 ], [ 127.01879272, 37.55721632 ], [ 127.018810816439697, 37.557220953153838 ], [ 127.018824342526671, 37.555117423925509 ] ] ] } },
{ "type": "Feature", "properties": { "display_grid_id": "11200_00200", "gu_code": 11200, "gu_name": "성동구", "source_cell_count": 13, "area_m2": 61970.75, "mean_actual_lst": 38.1079, "mean_actual_anomaly": 0.0157, "seoul_anomaly": 0.3087, "pred_anomaly": 0.5817, "pred_anomaly_std": 0.8177, "green_delta_c": -0.3377, "building_ratio": 0.14, "green_ratio": 0.2991, "ndvi": 0.2928, "impervious_ratio": 0.474, "built_surface_ratio": 0.474, "avg_ground_floor_count": 7.3478, "elevation_m": 76.4981, "albedo": 0.1252, "nearest_park_distance_m": 64.2943, "park_area_within_500m": 83177.4249, "nearest_stream_distance_m": 1426.9896, "est_population_density": 28180.6254, "dong_elderly_ratio": 0.2024, "dong_avg_age": 43.9, "dong_pop_density": 33228.7775, "nearest_shelter_distance_m": 110.5684, "shelter_count_within_500m": 21.6602, "est_population": 1746.4, "est_elderly": 350.4, "shelter_capacity_within_500m": 3579.5, "building_form_group": "high_floor_low_density", "dong_name": "금호1가동", "top1_feature": "impervious_ratio", "top1_shap": 0.6121, "top2_feature": "built_surface_ratio", "top2_shap": 0.5672, "top3_feature": "ndvi", "top3_shap": -0.455, "priority_score": 49.4444, "priority_rank": 166 }, "geometry": { "type": "Polygon", "coordinates": [ [ [ 127.021640292861107, 37.557382241073718 ], [ 127.021654696935144, 37.555128924654056 ], [ 127.018824342526671, 37.555117423925509 ], [ 127.018810816439697, 37.557220953153838 ], [ 127.018858690000016, 37.55723321 ], [ 127.01896815, 37.55723403 ], [ 127.01900846, 37.55723909 ], [ 127.019306772001954, 37.557372763584532 ], [ 127.01951112732614, 37.557373595407086 ], [ 127.0196359, 37.55729053 ], [ 127.01968045000001, 37.55726292 ], [ 127.019676, 37.55727292000001 ], [ 127.019631033554859, 37.557374083317335 ], [ 127.021640292861107, 37.557382241073718 ] ] ] } },
{ "type": "Feature", "properties": { "display_grid_id": "11200_00201", "gu_code": 11200, "gu_name": "성동구", "source_cell_count": 14, "area_m2": 62500.0, "mean_actual_lst": 38.7551, "mean_actual_anomaly": 0.6107, "seoul_anomaly": 0.9036, "pred_anomaly": 0.8917, "pred_anomaly_std": 0.8011, "green_delta_c": -0.6041, "building_ratio": 0.2026, "green_ratio": 0.3074, "ndvi": 0.2845, "impervious_ratio": 0.3964, "built_surface_ratio": 0.3964, "avg_ground_floor_count": 7.4731, "elevation_m": 74.3362, "albedo": 0.1205, "nearest_park_distance_m": 220.8312, "park_area_within_500m": 55249.128, "nearest_stream_distance_m": 1303.088, "est_population_density": 37080.4, "dong_elderly_ratio": 0.2057, "dong_avg_age": 43.9, "dong_pop_density": 32354.7, "nearest_shelter_distance_m": 78.2424, "shelter_count_within_500m": 23.36, "est_population": 2317.5, "est_elderly": 476.7, "shelter_capacity_within_500m": 4008.5, "building_form_group": "high_floor_low_density", "dong_name": "금호1가동", "top1_feature": "impervious_ratio", "top1_shap": 0.5665, "top2_feature": "built_surface_ratio", "top2_shap": 0.4256, "top3_feature": "ndvi", "top3_shap": -0.4191, "priority_score": 56.4286, "priority_rank": 107 }, "geometry": { "type": "Polygon", "coordinates": [ [ [ 127.021654696935144, 37.555128924654056 ], [ 127.021640292861107, 37.557382241073718 ], [ 127.024470734094336, 37.557393674882732 ], [ 127.024485052947725, 37.555140357538377 ], [ 127.021654696935144, 37.555128924654056 ] ] ] } },
{ "type": "Feature", "properties": { "display_grid_id": "11200_00202", "gu_code": 11200, "gu_name": "성동구", "source_cell_count": 10, "area_m2": 62500.0, "mean_actual_lst": 38.5126, "mean_actual_anomaly": 0.3735, "seoul_anomaly": 0.6664, "pred_anomaly": 0.5253, "pred_anomaly_std": 0.8086, "green_delta_c": -0.4226, "building_ratio": 0.1651, "green_ratio": 0.2868, "ndvi": 0.2049, "impervious_ratio": 0.4236, "built_surface_ratio": 0.4236, "avg_ground_floor_count": 13.2949, "elevation_m": 69.2363, "albedo": 0.0944, "nearest_park_distance_m": 370.8672, "park_area_within_500m": 26737.6632, "nearest_stream_distance_m": 1120.7768, "est_population_density": 60148.0, "dong_elderly_ratio": 0.1975, "dong_avg_age": 43.624, "dong_pop_density": 47065.316, "nearest_shelter_distance_m": 101.4504, "shelter_count_within_500m": 21.64, "est_population": 3759.2, "est_elderly": 742.1, "shelter_capacity_within_500m": 3883.5, "building_form_group": "high_floor_low_density", "dong_name": "행당2동", "top1_feature": "built_surface_ratio", "top1_shap": 0.5609, "top2_feature": "impervious_ratio", "top2_shap": 0.5521, "top3_feature": "avg_ground_floor_count", "top3_shap": -0.4018, "priority_score": 57.5238, "priority_rank": 98 }, "geometry": { "type": "Polygon", "coordinates": [ [ [ 127.024485052947725, 37.555140357538377 ], [ 127.024470734094336, 37.557393674882732 ], [ 127.027301176922379, 37.557405040841921 ], [ 127.027315410554905, 37.555151722578337 ], [ 127.024485052947725, 37.555140357538377 ] ] ] } },
{ "type": "Feature", "properties": { "display_grid_id": "11200_00203", "gu_code": 11200, "gu_name": "성동구", "source_cell_count": 11, "area_m2": 62500.0, "mean_actual_lst": 37.0961, "mean_actual_anomaly": -1.043, "seoul_anomaly": -0.75, "pred_anomaly": 0.3062, "pred_anomaly_std": 0.7721, "green_delta_c": -0.1926, "building_ratio": 0.1786, "green_ratio": 0.2546, "ndvi": 0.1439, "impervious_ratio": 0.3886, "built_surface_ratio": 0.3886, "avg_ground_floor_count": 16.7212, "elevation_m": 66.6291, "albedo": 0.0861, "nearest_park_distance_m": 437.5608, "park_area_within_500m": 11789.068, "nearest_stream_distance_m": 968.0408, "est_population_density": 72100.8, "dong_elderly_ratio": 0.1968, "dong_avg_age": 43.6, "dong_pop_density": 48344.5, "nearest_shelter_distance_m": 141.0808, "shelter_count_within_500m": 20.28, "est_population": 4506.3, "est_elderly": 886.7, "shelter_capacity_within_500m": 3956.0, "building_form_group": "high_floor_low_density", "dong_name": "행당2동", "top1_feature": "avg_ground_floor_count", "top1_shap": -0.5244, "top2_feature": "impervious_ratio", "top2_shap": 0.4965, "top3_feature": "built_surface_ratio", "top3_shap": 0.4526, "priority_score": 48.9524, "priority_rank": 178 }, "geometry": { "type": "Polygon", "coordinates": [ [ [ 127.027315410554905, 37.555151722578337 ], [ 127.027301176922379, 37.557405040841921 ], [ 127.030131621335727, 37.557416338951128 ], [ 127.030145769747207, 37.555163019773843 ], [ 127.027315410554905, 37.555151722578337 ] ] ] } },
{ "type": "Feature", "properties": { "display_grid_id": "11200_00204", "gu_code": 11200, "gu_name": "성동구", "source_cell_count": 12, "area_m2": 62500.0, "mean_actual_lst": 37.5678, "mean_actual_anomaly": -0.5713, "seoul_anomaly": -0.2783, "pred_anomaly": 0.7694, "pred_anomaly_std": 0.7522, "green_delta_c": -0.3095, "building_ratio": 0.1959, "green_ratio": 0.2565, "ndvi": 0.2286, "impervious_ratio": 0.428, "built_surface_ratio": 0.428, "avg_ground_floor_count": 12.2858, "elevation_m": 51.2144, "albedo": 0.1099, "nearest_park_distance_m": 300.1764, "park_area_within_500m": 44405.7396, "nearest_stream_distance_m": 804.6152, "est_population_density": 55151.2, "dong_elderly_ratio": 0.1968, "dong_avg_age": 43.6, "dong_pop_density": 48344.5, "nearest_shelter_distance_m": 67.0088, "shelter_count_within_500m": 19.96, "est_population": 3447.0, "est_elderly": 678.4, "shelter_capacity_within_500m": 3479.2, "building_form_group": "high_floor_low_density", "dong_name": "행당2동", "top1_feature": "built_surface_ratio", "top1_shap": 0.5552, "top2_feature": "impervious_ratio", "top2_shap": 0.5101, "top3_feature": "avg_ground_floor_count", "top3_shap": -0.2148, "priority_score": 46.0476, "priority_rank": 207 }, "geometry": { "type": "Polygon", "coordinates": [ [ [ 127.030145769747207, 37.555163019773843 ], [ 127.030131621335727, 37.557416338951128 ], [ 127.032962067324902, 37.557427569210283 ], [ 127.032976130515152, 37.555174249124747 ], [ 127.030145769747207, 37.555163019773843 ] ] ] } },
{ "type": "Feature", "properties": { "display_grid_id": "11200_00205", "gu_code": 11200, "gu_name": "성동구", "source_cell_count": 10, "area_m2": 62500.0, "mean_actual_lst": 39.6673, "mean_actual_anomaly": 1.633, "seoul_anomaly": 1.926, "pred_anomaly": 2.3021, "pred_anomaly_std": 0.7195, "green_delta_c": -0.3399, "building_ratio": 0.2335, "green_ratio": 0.2369, "ndvi": 0.1646, "impervious_ratio": 0.46, "built_surface_ratio": 0.46, "avg_ground_floor_count": 7.3137, "elevation_m": 31.5811, "albedo": 0.11, "nearest_park_distance_m": 191.1972, "park_area_within_500m": 96294.2556, "nearest_stream_distance_m": 661.9224, "est_population_density": 38658.4, "dong_elderly_ratio": 0.1875, "dong_avg_age": 43.12, "dong_pop_density": 38406.3, "nearest_shelter_distance_m": 78.0032, "shelter_count_within_500m": 18.52, "est_population": 2416.1, "est_elderly": 448.5, "shelter_capacity_within_500m": 3124.2, "building_form_group": "high_floor_low_density", "dong_name": "행당2동", "top1_feature": "built_surface_ratio", "top1_shap": 0.6091, "top2_feature": "impervious_ratio", "top2_shap": 0.6017, "top3_feature": "green_ratio", "top3_shap": 0.177, "priority_score": 55.381, "priority_rank": 118 }, "geometry": { "type": "Polygon", "coordinates": [ [ [ 127.032976130515152, 37.555174249124747 ], [ 127.032962067324902, 37.557427569210283 ], [ 127.035792514880399, 37.55743873161925 ], [ 127.035806492849261, 37.555185410630955 ], [ 127.032976130515152, 37.555174249124747 ] ] ] } },
{ "type": "Feature", "properties": { "display_grid_id": "11200_00206", "gu_code": 11200, "gu_name": "성동구", "source_cell_count": 12, "area_m2": 62500.0, "mean_actual_lst": 37.1248, "mean_actual_anomaly": -0.7463, "seoul_anomaly": -0.4533, "pred_anomaly": 0.6288, "pred_anomaly_std": 0.8193, "green_delta_c": -0.0259, "building_ratio": 0.1299, "green_ratio": 0.2131, "ndvi": 0.1183, "impervious_ratio": 0.4843, "built_surface_ratio": 0.4843, "avg_ground_floor_count": 23.2106, "elevation_m": 32.2314, "albedo": 0.1152, "nearest_park_distance_m": 186.8188, "park_area_within_500m": 173600.9516, "nearest_stream_distance_m": 531.9276, "est_population_density": 84263.2, "dong_elderly_ratio": 0.1736, "dong_avg_age": 42.4, "dong_pop_density": 23499.0, "nearest_shelter_distance_m": 103.9648, "shelter_count_within_500m": 13.76, "est_population": 5266.5, "est_elderly": 914.3, "shelter_capacity_within_500m": 2219.0, "building_form_group": "high_floor_low_density", "dong_name": "행당1동", "top1_feature": "avg_ground_floor_count", "top1_shap": -0.8842, "top2_feature": "built_surface_ratio", "top2_shap": 0.6166, "top3_feature": "impervious_ratio", "top3_shap": 0.5939, "priority_score": 47.5556, "priority_rank": 195 }, "geometry": { "type": "Polygon", "coordinates": [ [ [ 127.035806492849261, 37.555185410630955 ], [ 127.035792514880399, 37.55743873161925 ], [ 127.038622963992722, 37.557449826177894 ], [ 127.038636856739998, 37.55519650429234 ], [ 127.035806492849261, 37.555185410630955 ] ] ] } },
{ "type": "Feature", "properties": { "display_grid_id": "11200_00207", "gu_code": 11200, "gu_name": "성동구", "source_cell_count": 12, "area_m2": 62500.0, "mean_actual_lst": 39.1778, "mean_actual_anomaly": 1.0302, "seoul_anomaly": 1.3231, "pred_anomaly": 1.6134, "pred_anomaly_std": 0.7404, "green_delta_c": -0.2476, "building_ratio": 0.2091, "green_ratio": 0.2207, "ndvi": 0.1685, "impervious_ratio": 0.5088, "built_surface_ratio": 0.5088, "avg_ground_floor_count": 12.1334, "elevation_m": 21.5242, "albedo": 0.1153, "nearest_park_distance_m": 18.7916, "park_area_within_500m": 153909.4132, "nearest_stream_distance_m": 444.33, "est_population_density": 68208.0, "dong_elderly_ratio": 0.1107, "dong_avg_age": 35.68, "dong_pop_density": 16000.92, "nearest_shelter_distance_m": 96.1568, "shelter_count_within_500m": 8.16, "est_population": 4263.0, "est_elderly": 482.1, "shelter_capacity_within_500m": 1232.5, "building_form_group": "high_floor_low_density", "dong_name": "사근동", "top1_feature": "built_surface_ratio", "top1_shap": 0.6239, "top2_feature": "impervious_ratio", "top2_shap": 0.6102, "top3_feature": "avg_ground_floor_count", "top3_shap": -0.365, "priority_score": 53.1429, "priority_rank": 132 }, "geometry": { "type": "Polygon", "coordinates": [ [ [ 127.038636856739998, 37.55519650429234 ], [ 127.038622963992722, 37.557449826177894 ], [ 127.041453414652409, 37.557460852886138 ], [ 127.041467222177914, 37.55520753010881 ], [ 127.038636856739998, 37.55519650429234 ] ] ] } },
{ "type": "Feature", "properties": { "display_grid_id": "11200_00208", "gu_code": 11200, "gu_name": "성동구", "source_cell_count": 11, "area_m2": 62500.0, "mean_actual_lst": 42.6807, "mean_actual_anomaly": 4.2651, "seoul_anomaly": 4.5581, "pred_anomaly": 3.4948, "pred_anomaly_std": 0.7424, "green_delta_c": -0.4967, "building_ratio": 0.2929, "green_ratio": 0.2265, "ndvi": 0.1507, "impervious_ratio": 0.5332, "built_surface_ratio": 0.5332, "avg_ground_floor_count": 3.1385, "elevation_m": 32.0418, "albedo": 0.1303, "nearest_park_distance_m": 62.3516, "park_area_within_500m": 122954.246, "nearest_stream_distance_m": 362.6668, "est_population_density": 24147.2, "dong_elderly_ratio": 0.095, "dong_avg_age": 34.0, "dong_pop_density": 14126.4, "nearest_shelter_distance_m": 271.6316, "shelter_count_within_500m": 2.84, "est_population": 1509.2, "est_elderly": 143.4, "shelter_capacity_within_500m": 432.0, "building_form_group": "low_floor_high_density", "dong_name": "사근동", "top1_feature": "built_surface_ratio", "top1_shap": 0.7, "top2_feature": "impervious_ratio", "top2_shap": 0.6689, "top3_feature": "building_ratio", "top3_shap": 0.3696, "priority_score": 75.3651, "priority_rank": 8 }, "geometry": { "type": "Polygon", "coordinates": [ [ [ 127.041467222177914, 37.55520753010881 ], [ 127.041453414652409, 37.557460852886138 ], [ 127.044283866849952, 37.557471811743838 ], [ 127.044297589153516, 37.555218488080214 ], [ 127.041467222177914, 37.55520753010881 ] ] ] } },
{ "type": "Feature", "properties": { "display_grid_id": "11200_00209", "gu_code": 11200, "gu_name": "성동구", "source_cell_count": 11, "area_m2": 62500.0, "mean_actual_lst": 41.5737, "mean_actual_anomaly": 3.171, "seoul_anomaly": 3.4639, "pred_anomaly": 3.0566, "pred_anomaly_std": 0.8309, "green_delta_c": -0.5608, "building_ratio": 0.2074, "green_ratio": 0.2064, "ndvi": 0.1852, "impervious_ratio": 0.6023, "built_surface_ratio": 0.6023, "avg_ground_floor_count": 2.2108, "elevation_m": 50.3463, "albedo": 0.1451, "nearest_park_distance_m": 231.6204, "park_area_within_500m": 47985.926, "nearest_stream_distance_m": 309.2364, "est_population_density": 13255.2, "dong_elderly_ratio": 0.095, "dong_avg_age": 34.0, "dong_pop_density": 14126.4, "nearest_shelter_distance_m": 413.7124, "shelter_count_within_500m": 2.52, "est_population": 828.4, "est_elderly": 78.8, "shelter_capacity_within_500m": 286.5, "building_form_group": "low_floor_low_density", "dong_name": "사근동", "top1_feature": "built_surface_ratio", "top1_shap": 0.7859, "top2_feature": "impervious_ratio", "top2_shap": 0.7489, "top3_feature": "green_ratio", "top3_shap": 0.4341, "priority_score": 74.1111, "priority_rank": 10 }, "geometry": { "type": "Polygon", "coordinates": [ [ [ 127.044297589153516, 37.555218488080214 ], [ 127.044283866849952, 37.557471811743838 ], [ 127.047114320575844, 37.557482702750889 ], [ 127.047127957657281, 37.555229378206462 ], [ 127.044297589153516, 37.555218488080214 ] ] ] } },
{ "type": "Feature", "properties": { "display_grid_id": "11200_00210", "gu_code": 11200, "gu_name": "성동구", "source_cell_count": 11, "area_m2": 62500.0, "mean_actual_lst": 42.9585, "mean_actual_anomaly": 4.5199, "seoul_anomaly": 4.8129, "pred_anomaly": 2.8133, "pred_anomaly_std": 0.9141, "green_delta_c": -0.775, "building_ratio": 0.172, "green_ratio": 0.2239, "ndvi": 0.2352, "impervious_ratio": 0.5813, "built_surface_ratio": 0.5813, "avg_ground_floor_count": 2.161, "elevation_m": 38.4998, "albedo": 0.141, "nearest_park_distance_m": 482.784, "park_area_within_500m": 1693.7176, "nearest_stream_distance_m": 252.9052, "est_population_density": 7422.0, "dong_elderly_ratio": 0.095, "dong_avg_age": 34.0, "dong_pop_density": 14126.4, "nearest_shelter_distance_m": 295.8488, "shelter_count_within_500m": 2.64, "est_population": 463.9, "est_elderly": 44.1, "shelter_capacity_within_500m": 286.7, "building_form_group": "low_floor_low_density", "dong_name": "사근동", "top1_feature": "built_surface_ratio", "top1_shap": 0.7813, "top2_feature": "impervious_ratio", "top2_shap": 0.7684, "top3_feature": "green_ratio", "top3_shap": 0.3715, "priority_score": 76.873, "priority_rank": 3 }, "geometry": { "type": "Polygon", "coordinates": [ [ [ 127.047127957657281, 37.555229378206462 ], [ 127.047114320575844, 37.557482702750889 ], [ 127.049944775820634, 37.557493525907176 ], [ 127.049958327679747, 37.555240200487425 ], [ 127.047127957657281, 37.555229378206462 ] ] ] } },
{ "type": "Feature", "properties": { "display_grid_id": "11200_00211", "gu_code": 11200, "gu_name": "성동구", "source_cell_count": 12, "area_m2": 62500.0, "mean_actual_lst": 39.9675, "mean_actual_anomaly": 1.6602, "seoul_anomaly": 1.9532, "pred_anomaly": 0.0939, "pred_anomaly_std": 1.0684, "green_delta_c": -0.7901, "building_ratio": 0.0705, "green_ratio": 0.3702, "ndvi": 0.2756, "impervious_ratio": 0.348, "built_surface_ratio": 0.348, "avg_ground_floor_count": 0.7691, "elevation_m": 20.4958, "albedo": 0.1344, "nearest_park_distance_m": 665.7776, "park_area_within_500m": 0.0, "nearest_stream_distance_m": 54.4468, "est_population_density": 1886.0, "dong_elderly_ratio": 0.1357, "dong_avg_age": 38.32, "dong_pop_density": 10611.28, "nearest_shelter_distance_m": 293.4024, "shelter_count_within_500m": 2.48, "est_population": 117.9, "est_elderly": 11.1, "shelter_capacity_within_500m": 303.7, "building_form_group": "no_building", "dong_name": "사근동", "top1_feature": "impervious_ratio", "top1_shap": 0.5152, "top2_feature": "built_surface_ratio", "top2_shap": 0.4263, "top3_feature": "building_ratio", "top3_shap": -0.1726, "priority_score": 58.0635, "priority_rank": 95 }, "geometry": { "type": "Polygon", "coordinates": [ [ [ 127.049958327679747, 37.555240200487425 ], [ 127.049944775820634, 37.557493525907176 ], [ 127.052775232574774, 37.557504281212587 ], [ 127.052788699211405, 37.555250954923018 ], [ 127.049958327679747, 37.555240200487425 ] ] ] } },
{ "type": "Feature", "properties": { "display_grid_id": "11200_00212", "gu_code": 11200, "gu_name": "성동구", "source_cell_count": 14, "area_m2": 62500.0, "mean_actual_lst": 42.8635, "mean_actual_anomaly": 4.5046, "seoul_anomaly": 4.7975, "pred_anomaly": 2.7273, "pred_anomaly_std": 1.1993, "green_delta_c": -0.4656, "building_ratio": 0.253, "green_ratio": 0.3014, "ndvi": 0.1643, "impervious_ratio": 0.4184, "built_surface_ratio": 0.4184, "avg_ground_floor_count": 0.76, "elevation_m": 19.7584, "albedo": 0.1512, "nearest_park_distance_m": 601.43, "park_area_within_500m": 255.8536, "nearest_stream_distance_m": 81.6744, "est_population_density": 6688.0, "dong_elderly_ratio": 0.1968, "dong_avg_age": 44.8, "dong_pop_density": 5338.6, "nearest_shelter_distance_m": 416.576, "shelter_count_within_500m": 2.0, "est_population": 418.0, "est_elderly": 82.2, "shelter_capacity_within_500m": 419.0, "building_form_group": "low_floor_high_density", "dong_name": "용답동", "top1_feature": "built_surface_ratio", "top1_shap": 0.645, "top2_feature": "impervious_ratio", "top2_shap": 0.5034, "top3_feature": "ndvi", "top3_shap": 0.2266, "priority_score": 71.508, "priority_rank": 23 }, "geometry": { "type": "Polygon", "coordinates": [ [ [ 127.052788699211405, 37.555250954923018 ], [ 127.052775232574774, 37.557504281212587 ], [ 127.055605690828827, 37.557514968667029 ], [ 127.055619072242806, 37.555261641513106 ], [ 127.052788699211405, 37.555250954923018 ] ] ] } },
{ "type": "Feature", "properties": { "display_grid_id": "11200_00213", "gu_code": 11200, "gu_name": "성동구", "source_cell_count": 11, "area_m2": 62500.0, "mean_actual_lst": 41.269, "mean_actual_anomaly": 2.7015, "seoul_anomaly": 2.9945, "pred_anomaly": 1.7763, "pred_anomaly_std": 0.9242, "green_delta_c": -0.4856, "building_ratio": 0.02, "green_ratio": 0.3719, "ndvi": 0.2501, "impervious_ratio": 0.4202, "built_surface_ratio": 0.4202, "avg_ground_floor_count": 0.2, "elevation_m": 15.8566, "albedo": 0.1694, "nearest_park_distance_m": 507.91, "park_area_within_500m": 5410.3768, "nearest_stream_distance_m": 284.8088, "est_population_density": 531.2, "dong_elderly_ratio": 0.1968, "dong_avg_age": 44.8, "dong_pop_density": 5338.6, "nearest_shelter_distance_m": 514.1408, "shelter_count_within_500m": 0.88, "est_population": 33.2, "est_elderly": 6.6, "shelter_capacity_within_500m": 275.0, "building_form_group": "no_building", "dong_name": "용답동", "top1_feature": "impervious_ratio", "top1_shap": 0.8233, "top2_feature": "built_surface_ratio", "top2_shap": 0.6191, "top3_feature": "albedo", "top3_shap": 0.2065, "priority_score": 61.4603, "priority_rank": 70 }, "geometry": { "type": "Polygon", "coordinates": [ [ [ 127.055619072242806, 37.555261641513106 ], [ 127.055605690828827, 37.557514968667029 ], [ 127.058436150573272, 37.557525588270366 ], [ 127.058449446764413, 37.555272260257595 ], [ 127.055619072242806, 37.555261641513106 ] ] ] } },
{ "type": "Feature", "properties": { "display_grid_id": "11200_00214", "gu_code": 11200, "gu_name": "성동구", "source_cell_count": 11, "area_m2": 62500.0, "mean_actual_lst": 41.1319, "mean_actual_anomaly": 2.6648, "seoul_anomaly": 2.9577, "pred_anomaly": 2.3281, "pred_anomaly_std": 0.9764, "green_delta_c": -0.6969, "building_ratio": 0.0, "green_ratio": 0.3331, "ndvi": 0.17, "impervious_ratio": 0.3686, "built_surface_ratio": 0.3686, "avg_ground_floor_count": 0.0, "elevation_m": 14.5251, "albedo": 0.1399, "nearest_park_distance_m": 470.4596, "park_area_within_500m": 18401.2656, "nearest_stream_distance_m": 491.8196, "est_population_density": 0.0, "dong_elderly_ratio": 0.1968, "dong_avg_age": 44.8, "dong_pop_density": 5338.6, "nearest_shelter_distance_m": 638.7244, "shelter_count_within_500m": 0.0, "est_population": 0.0, "est_elderly": 0.0, "shelter_capacity_within_500m": 0.0, "building_form_group": "no_building", "dong_name": "용답동", "top1_feature": "impervious_ratio", "top1_shap": 0.976, "top2_feature": "built_surface_ratio", "top2_shap": 0.8277, "top3_feature": "building_ratio", "top3_shap": -0.3828, "priority_score": 59.9841, "priority_rank": 81 }, "geometry": { "type": "Polygon", "coordinates": [ [ [ 127.058449446764413, 37.555272260257595 ], [ 127.058436150573272, 37.557525588270366 ], [ 127.061266611798629, 37.557536140022492 ], [ 127.06127982276675, 37.55528281115636 ], [ 127.058449446764413, 37.555272260257595 ] ] ] } },
{ "type": "Feature", "properties": { "display_grid_id": "11200_00215", "gu_code": 11200, "gu_name": "성동구", "source_cell_count": 14, "area_m2": 62500.0, "mean_actual_lst": 41.7403, "mean_actual_anomaly": 3.2159, "seoul_anomaly": 3.5089, "pred_anomaly": 2.2741, "pred_anomaly_std": 0.9833, "green_delta_c": -0.5751, "building_ratio": 0.0, "green_ratio": 0.3281, "ndvi": 0.1832, "impervious_ratio": 0.3299, "built_surface_ratio": 0.3299, "avg_ground_floor_count": 0.0, "elevation_m": 14.9984, "albedo": 0.1645, "nearest_park_distance_m": 408.3276, "park_area_within_500m": 52969.24, "nearest_stream_distance_m": 389.8548, "est_population_density": 0.0, "dong_elderly_ratio": 0.1968, "dong_avg_age": 44.8, "dong_pop_density": 5338.6, "nearest_shelter_distance_m": 567.0716, "shelter_count_within_500m": 0.4, "est_population": 0.0, "est_elderly": 0.0, "shelter_capacity_within_500m": 47.5, "building_form_group": "no_building", "dong_name": "용답동", "top1_feature": "impervious_ratio", "top1_shap": 0.856, "top2_feature": "ndvi", "top2_shap": 0.4248, "top3_feature": "built_surface_ratio", "top3_shap": 0.5779, "priority_score": 60.0635, "priority_rank": 80 }, "geometry": { "type": "Polygon", "coordinates": [ [ [ 127.06127982276675, 37.55528281115636 ], [ 127.061266611798629, 37.557536140022492 ], [ 127.064097074495407, 37.557546623923322 ], [ 127.06411020024035, 37.555293294209292 ], [ 127.06127982276675, 37.55528281115636 ] ] ] } },
{ "type": "Feature", "properties": { "display_grid_id": "11200_00216", "gu_code": 11200, "gu_name": "성동구", "source_cell_count": 10, "area_m2": 62500.0, "mean_actual_lst": 39.0439, "mean_actual_anomaly": 1.0004, "seoul_anomaly": 1.2933, "pred_anomaly": 1.8948, "pred_anomaly_std": 0.9077, "green_delta_c": -0.4443, "building_ratio": 0.0, "green_ratio": 0.2904, "ndvi": 0.209, "impervious_ratio": 0.4637, "built_surface_ratio": 0.4637, "avg_ground_floor_count": 0.0, "elevation_m": 13.3563, "albedo": 0.1375, "nearest_park_distance_m": 261.302, "park_area_within_500m": 99219.2108, "nearest_stream_distance_m": 178.73, "est_population_density": 0.0, "dong_elderly_ratio": 0.1968, "dong_avg_age": 44.8, "dong_pop_density": 5338.6, "nearest_shelter_distance_m": 369.33, "shelter_count_within_500m": 5.56, "est_population": 0.0, "est_elderly": 0.0, "shelter_capacity_within_500m": 1037.2, "building_form_group": "no_building", "dong_name": "용답동", "top1_feature": "impervious_ratio", "top1_shap": 1.0391, "top2_feature": "built_surface_ratio", "top2_shap": 0.9097, "top3_feature": "building_ratio", "top3_shap": -0.546, "priority_score": 48.2699, "priority_rank": 191 }, "geometry": { "type": "Polygon", "coordinates": [ [ [ 127.06411020024035, 37.555293294209292 ], [ 127.064097074495407, 37.557546623923322 ], [ 127.066927538654099, 37.557557039972707 ], [ 127.066940579175665, 37.5553037094163 ], [ 127.06411020024035, 37.555293294209292 ] ] ] } },
{ "type": "Feature", "properties": { "display_grid_id": "11200_00217", "gu_code": 11200, "gu_name": "성동구", "source_cell_count": 11, "area_m2": 62500.0, "mean_actual_lst": 35.7086, "mean_actual_anomaly": -2.3023, "seoul_anomaly": -2.0093, "pred_anomaly": -1.0252, "pred_anomaly_std": 0.8829, "green_delta_c": -0.5187, "building_ratio": 0.0142, "green_ratio": 0.2865, "ndvi": 0.1924, "impervious_ratio": 0.3027, "built_surface_ratio": 0.3027, "avg_ground_floor_count": 0.247, "elevation_m": 14.4721, "albedo": 0.1113, "nearest_park_distance_m": 178.13, "park_area_within_500m": 102652.9268, "nearest_stream_distance_m": 30.7748, "est_population_density": 595.2, "dong_elderly_ratio": 0.1927, "dong_avg_age": 44.848, "dong_pop_density": 10132.504, "nearest_shelter_distance_m": 187.6172, "shelter_count_within_500m": 9.16, "est_population": 37.2, "est_elderly": 7.0, "shelter_capacity_within_500m": 1609.3, "building_form_group": "no_building", "dong_name": "용답동", "top1_feature": "built_surface_ratio", "top1_shap": 0.1124, "top2_feature": "building_ratio", "top2_shap": -0.6043, "top3_feature": "impervious_ratio", "top3_shap": 0.2143, "priority_score": 42.0635, "priority_rank": 233 }, "geometry": { "type": "Polygon", "coordinates": [ [ [ 127.066940579175665, 37.5553037094163 ], [ 127.066927538654099, 37.557557039972707 ], [ 127.069758004265225, 37.557567388170561 ], [ 127.069770959563257, 37.555314056777249 ], [ 127.066940579175665, 37.5553037094163 ] ] ] } },
{ "type": "Feature", "properties": { "display_grid_id": "11200_00218", "gu_code": 11200, "gu_name": "성동구", "source_cell_count": 12, "area_m2": 50589.97, "mean_actual_lst": 38.363, "mean_actual_anomaly": 0.6368, "seoul_anomaly": 0.9298, "pred_anomaly": 1.8812, "pred_anomaly_std": 0.9716, "green_delta_c": -0.4041, "building_ratio": 0.2627, "green_ratio": 0.2335, "ndvi": 0.1321, "impervious_ratio": 0.3444, "built_surface_ratio": 0.3444, "avg_ground_floor_count": 6.429, "elevation_m": 21.9555, "albedo": 0.1054, "nearest_park_distance_m": 285.6215, "park_area_within_500m": 72801.5086, "nearest_stream_distance_m": 102.892, "est_population_density": 36140.8481, "dong_elderly_ratio": 0.1883, "dong_avg_age": 44.9, "dong_pop_density": 15325.9, "nearest_shelter_distance_m": 63.1801, "shelter_count_within_500m": 11.308, "est_population": 1828.4, "est_elderly": 344.3, "shelter_capacity_within_500m": 2632.2, "building_form_group": "high_floor_high_density", "dong_name": "송정동", "top1_feature": "built_surface_ratio", "top1_shap": 0.4437, "top2_feature": "impervious_ratio", "top2_shap": 0.4416, "top3_feature": "building_ratio", "top3_shap": 0.1034, "priority_score": 49.6349, "priority_rank": 163 }, "geometry": { "type": "Polygon", "coordinates": [ [ [ 127.069770959563257, 37.555314056777249 ], [ 127.069758004265225, 37.557567388170561 ], [ 127.072588471319307, 37.557577668516799 ], [ 127.072589563722929, 37.557386416907754 ], [ 127.071422575792482, 37.555320063440014 ], [ 127.069770959563257, 37.555314056777249 ] ] ] } },
{ "type": "Feature", "properties": { "display_grid_id": "11200_00219", "gu_code": 11200, "gu_name": "성동구", "source_cell_count": 1, "area_m2": 102.45, "mean_actual_lst": 39.8073, "mean_actual_anomaly": 2.2298, "seoul_anomaly": 2.5228, "pred_anomaly": 2.8749, "pred_anomaly_std": 0.596, "green_delta_c": -0.0967, "building_ratio": 0.2418, "green_ratio": 0.2189, "ndvi": 0.1339, "impervious_ratio": 0.4388, "built_surface_ratio": 0.4388, "avg_ground_floor_count": 4.07, "elevation_m": 21.923, "albedo": 0.1084, "nearest_park_distance_m": 324.05, "park_area_within_500m": 70644.81, "nearest_stream_distance_m": 145.55, "est_population_density": 25906.6, "dong_elderly_ratio": 0.1883, "dong_avg_age": 44.9, "dong_pop_density": 15325.9, "nearest_shelter_distance_m": 69.34, "shelter_count_within_500m": 7.0, "est_population": 2.7, "est_elderly": 0.5, "shelter_capacity_within_500m": 5.3, "building_form_group": "low_floor_low_density", "dong_name": "송정동", "top1_feature": "built_surface_ratio", "top1_shap": 0.6166, "top2_feature": "impervious_ratio", "top2_shap": 0.614, "top3_feature": "ndvi", "top3_shap": 0.5204, "priority_score": 36.8492, "priority_rank": 264 }, "geometry": { "type": "Polygon", "coordinates": [ [ [ 127.072588471319307, 37.557577668516799 ], [ 127.072697801514067, 37.557578064246385 ], [ 127.072589563722929, 37.557386416907754 ], [ 127.072588471319307, 37.557577668516799 ] ] ] } },
{ "type": "Feature", "properties": { "display_grid_id": "11200_00220", "gu_code": 11200, "gu_name": "성동구", "source_cell_count": 6, "area_m2": 5774.27, "mean_actual_lst": 38.4289, "mean_actual_anomaly": 0.3091, "seoul_anomaly": 0.602, "pred_anomaly": 1.2827, "pred_anomaly_std": 1.0494, "green_delta_c": -0.346, "building_ratio": 0.3511, "green_ratio": 0.3538, "ndvi": 0.2485, "impervious_ratio": 0.3706, "built_surface_ratio": 0.3706, "avg_ground_floor_count": 2.6864, "elevation_m": 87.0256, "albedo": 0.1407, "nearest_park_distance_m": 162.8795, "park_area_within_500m": 72708.2442, "nearest_stream_distance_m": 1423.3998, "est_population_density": 32627.4728, "dong_elderly_ratio": 0.2114, "dong_avg_age": 44.9572, "dong_pop_density": 30551.2724, "nearest_shelter_distance_m": 147.5659, "shelter_count_within_500m": 23.7551, "est_population": 188.4, "est_elderly": 40.1, "shelter_capacity_within_500m": 1814.9, "building_form_group": "low_floor_high_density", "dong_name": "금호1가동", "top1_feature": "building_ratio", "top1_shap": 0.5557, "top2_feature": "built_surface_ratio", "top2_shap": 0.4083, "top3_feature": "impervious_ratio", "top3_shap": 0.4036, "priority_score": 43.1587, "priority_rank": 227 }, "geometry": { "type": "MultiPolygon", "coordinates": [ [ [ [ 127.01934892, 37.55739165 ], [ 127.01935229, 37.55741389 ], [ 127.019383050000016, 37.55742543 ], [ 127.019396720000017, 37.5574305 ], [ 127.01940888, 37.557435 ], [ 127.019414710000021, 37.55743697 ], [ 127.019500109999981, 37.55738093 ], [ 127.01951112732614, 37.557373595407086 ], [ 127.019306772001954, 37.557372763584532 ], [ 127.01934892, 37.55739165 ] ] ], [ [ [ 127.019631033554859, 37.557374083317335 ], [ 127.019577060000017, 37.55749551 ], [ 127.01977195, 37.55754559 ], [ 127.01994614, 37.55758865 ], [ 127.02009575, 37.55762579 ], [ 127.02016967, 37.55764436 ], [ 127.02028091, 37.55767222 ], [ 127.02032831, 37.55768432 ], [ 127.02044025, 37.55771274 ], [ 127.02053593, 37.55773722 ], [ 127.02068642, 37.55777577 ], [ 127.02089847, 37.55782782 ], [ 127.02092923, 37.55775799 ], [ 127.021016050000014, 37.55773263 ], [ 127.02120383, 37.55767911 ], [ 127.021367919999989, 37.55763262 ], [ 127.02146889, 37.5576036 ], [ 127.021496650000017, 37.557596 ], [ 127.02157233, 37.5575743 ], [ 127.021598150000017, 37.55756670000001 ], [ 127.0216153, 37.55756191 ], [ 127.02162679, 37.55755853 ], [ 127.02163245, 37.55755684 ], [ 127.02163918812623, 37.557555051036594 ], [ 127.021640292861107, 37.557382241073718 ], [ 127.019631033554859, 37.557374083317335 ] ] ] ] } },
{ "type": "Feature", "properties": { "display_grid_id": "11200_00221", "gu_code": 11200, "gu_name": "성동구", "source_cell_count": 13, "area_m2": 39108.67, "mean_actual_lst": 38.9654, "mean_actual_anomaly": 0.8256, "seoul_anomaly": 1.1186, "pred_anomaly": 0.7444, "pred_anomaly_std": 0.7594, "green_delta_c": -0.3073, "building_ratio": 0.1791, "green_ratio": 0.24, "ndvi": 0.2208, "impervious_ratio": 0.5239, "built_surface_ratio": 0.5239, "avg_ground_floor_count": 14.0674, "elevation_m": 72.5986, "albedo": 0.1183, "nearest_park_distance_m": 264.1868, "park_area_within_500m": 24910.7513, "nearest_stream_distance_m": 1344.8711, "est_population_density": 65697.1316, "dong_elderly_ratio": 0.1955, "dong_avg_age": 43.649, "dong_pop_density": 36290.1787, "nearest_shelter_distance_m": 73.4074, "shelter_count_within_500m": 23.0256, "est_population": 2569.3, "est_elderly": 508.4, "shelter_capacity_within_500m": 3679.4, "building_form_group": "high_floor_low_density", "dong_name": "금호1가동", "top1_feature": "built_surface_ratio", "top1_shap": 0.5934, "top2_feature": "impervious_ratio", "top2_shap": 0.546, "top3_feature": "avg_ground_floor_count", "top3_shap": -0.4339, "priority_score": 51.9524, "priority_rank": 142 }, "geometry": { "type": "Polygon", "coordinates": [ [ [ 127.024456413646178, 37.559646991360275 ], [ 127.024470734094336, 37.557393674882732 ], [ 127.021640292861107, 37.557382241073718 ], [ 127.02163918812623, 37.557555051036594 ], [ 127.02163987, 37.55755487 ], [ 127.021646069999989, 37.55755289 ], [ 127.021654200000015, 37.55755064 ], [ 127.02166375, 37.55754783 ], [ 127.02168798000001, 37.55754078 ], [ 127.02170919, 37.55753458 ], [ 127.02173253, 37.55752782 ], [ 127.02175711000001, 37.55752078 ], [ 127.02179354, 37.55751035 ], [ 127.021827659999985, 37.55750049 ], [ 127.02185825, 37.55749147 ], [ 127.02190158, 37.5574788 ], [ 127.021922270000019, 37.55747654 ], [ 127.02223443, 37.55763303 ], [ 127.02252253, 37.55777799 ], [ 127.02255402, 37.55782866 ], [ 127.02288861, 37.55782945 ], [ 127.022915129999987, 37.55786211 ], [ 127.022921290000014, 37.55833315000001 ], [ 127.02288424, 37.55867526 ], [ 127.02286573, 37.55884025 ], [ 127.02284932000002, 37.55898018 ], [ 127.0224113, 37.55904165 ], [ 127.02242651, 37.55905938 ], [ 127.02243482999998, 37.55906642 ], [ 127.02244597, 37.55907543 ], [ 127.022455170000015, 37.55908303 ], [ 127.02246082000002, 37.55908781 ], [ 127.022484530000014, 37.5591078 ], [ 127.022519200000019, 37.55913679 ], [ 127.02257226, 37.55918099 ], [ 127.02266407, 37.55925784 ], [ 127.02275464, 37.55933356 ], [ 127.02278064, 37.55936087 ], [ 127.02278718, 37.55936763 ], [ 127.02279072, 37.55937241 ], [ 127.022835119999982, 37.55943407 ], [ 127.02286608, 37.55947742 ], [ 127.02288925, 37.55951008 ], [ 127.02290041000002, 37.55952556 ], [ 127.022906420000012, 37.559534 ], [ 127.02291278, 37.55954301 ], [ 127.022917740000011, 37.55954977 ], [ 127.02292677, 37.55956243 ], [ 127.02294074, 37.55958215 ], [ 127.022955960000019, 37.55960354 ], [ 127.02297948, 37.559636480000016 ], [ 127.022982906786851, 37.559641047169691 ], [ 127.024456413646178, 37.559646991360275 ] ] ] } },
{ "type": "Feature", "properties": { "display_grid_id": "11200_00222", "gu_code": 11200, "gu_name": "성동구", "source_cell_count": 14, "area_m2": 62500.0, "mean_actual_lst": 38.7411, "mean_actual_anomaly": 0.602, "seoul_anomaly": 0.895, "pred_anomaly": 0.1886, "pred_anomaly_std": 0.7968, "green_delta_c": -0.3913, "building_ratio": 0.1829, "green_ratio": 0.2786, "ndvi": 0.195, "impervious_ratio": 0.4096, "built_surface_ratio": 0.4096, "avg_ground_floor_count": 15.8253, "elevation_m": 66.9115, "albedo": 0.0923, "nearest_park_distance_m": 194.5732, "park_area_within_500m": 18060.0336, "nearest_stream_distance_m": 1248.4152, "est_population_density": 74940.8, "dong_elderly_ratio": 0.1866, "dong_avg_age": 43.12, "dong_pop_density": 46123.204, "nearest_shelter_distance_m": 63.2116, "shelter_count_within_500m": 22.36, "est_population": 4683.8, "est_elderly": 875.6, "shelter_capacity_within_500m": 3709.8, "building_form_group": "high_floor_low_density", "dong_name": "행당2동", "top1_feature": "avg_ground_floor_count", "top1_shap": -0.6073, "top2_feature": "built_surface_ratio", "top2_shap": 0.5239, "top3_feature": "impervious_ratio", "top3_shap": 0.5179, "priority_score": 53.6508, "priority_rank": 126 }, "geometry": { "type": "Polygon", "coordinates": [ [ [ 127.024470734094336, 37.557393674882732 ], [ 127.024456413646178, 37.559646991360275 ], [ 127.027286941704546, 37.559658358238728 ], [ 127.027301176922379, 37.557405040841921 ], [ 127.024470734094336, 37.557393674882732 ] ] ] } },
{ "type": "Feature", "properties": { "display_grid_id": "11200_00223", "gu_code": 11200, "gu_name": "성동구", "source_cell_count": 12, "area_m2": 62500.0, "mean_actual_lst": 39.9572, "mean_actual_anomaly": 1.9578, "seoul_anomaly": 2.2508, "pred_anomaly": 1.3383, "pred_anomaly_std": 0.736, "green_delta_c": -0.4028, "building_ratio": 0.2408, "green_ratio": 0.2517, "ndvi": 0.1764, "impervious_ratio": 0.4322, "built_surface_ratio": 0.4322, "avg_ground_floor_count": 10.9271, "elevation_m": 50.1176, "albedo": 0.1042, "nearest_park_distance_m": 227.2108, "park_area_within_500m": 49302.632, "nearest_stream_distance_m": 1141.8536, "est_population_density": 61808.0, "dong_elderly_ratio": 0.1968, "dong_avg_age": 43.6, "dong_pop_density": 48344.5, "nearest_shelter_distance_m": 71.5756, "shelter_count_within_500m": 23.8, "est_population": 3863.0, "est_elderly": 760.4, "shelter_capacity_within_500m": 3959.8, "building_form_group": "high_floor_low_density", "dong_name": "행당2동", "top1_feature": "built_surface_ratio", "top1_shap": 0.5623, "top2_feature": "impervious_ratio", "top2_shap": 0.5578, "top3_feature": "avg_ground_floor_count", "top3_shap": -0.2901, "priority_score": 60.1746, "priority_rank": 78 }, "geometry": { "type": "Polygon", "coordinates": [ [ [ 127.027301176922379, 37.557405040841921 ], [ 127.027286941704546, 37.559658358238728 ], [ 127.030117471348419, 37.559669657261736 ], [ 127.030131621335727, 37.557416338951128 ], [ 127.027301176922379, 37.557405040841921 ] ] ] } },
{ "type": "Feature", "properties": { "display_grid_id": "11200_00224", "gu_code": 11200, "gu_name": "성동구", "source_cell_count": 16, "area_m2": 62500.0, "mean_actual_lst": 41.6934, "mean_actual_anomaly": 3.9562, "seoul_anomaly": 4.2491, "pred_anomaly": 3.7693, "pred_anomaly_std": 0.6421, "green_delta_c": -0.5137, "building_ratio": 0.4064, "green_ratio": 0.2302, "ndvi": 0.1168, "impervious_ratio": 0.4427, "built_surface_ratio": 0.4427, "avg_ground_floor_count": 2.779, "elevation_m": 30.2506, "albedo": 0.1252, "nearest_park_distance_m": 160.5996, "park_area_within_500m": 134366.9252, "nearest_stream_distance_m": 1008.0104, "est_population_density": 31461.6, "dong_elderly_ratio": 0.1884, "dong_avg_age": 43.168, "dong_pop_density": 39400.12, "nearest_shelter_distance_m": 108.5556, "shelter_count_within_500m": 21.76, "est_population": 1966.4, "est_elderly": 366.6, "shelter_capacity_within_500m": 3328.5, "building_form_group": "low_floor_high_density", "dong_name": "행당2동", "top1_feature": "built_surface_ratio", "top1_shap": 0.6172, "top2_feature": "building_ratio", "top2_shap": 0.5733, "top3_feature": "impervious_ratio", "top3_shap": 0.5164, "priority_score": 72.627, "priority_rank": 18 }, "geometry": { "type": "Polygon", "coordinates": [ [ [ 127.030131621335727, 37.557416338951128 ], [ 127.030117471348419, 37.559669657261736 ], [ 127.032948002568304, 37.55968088842917 ], [ 127.032962067324902, 37.557427569210283 ], [ 127.030131621335727, 37.557416338951128 ] ] ] } },
{ "type": "Feature", "properties": { "display_grid_id": "11200_00225", "gu_code": 11200, "gu_name": "성동구", "source_cell_count": 14, "area_m2": 62500.0, "mean_actual_lst": 42.3782, "mean_actual_anomaly": 4.2915, "seoul_anomaly": 4.5845, "pred_anomaly": 3.6396, "pred_anomaly_std": 0.6783, "green_delta_c": -0.5749, "building_ratio": 0.3048, "green_ratio": 0.2003, "ndvi": 0.1304, "impervious_ratio": 0.5549, "built_surface_ratio": 0.5549, "avg_ground_floor_count": 3.3494, "elevation_m": 24.735, "albedo": 0.127, "nearest_park_distance_m": 23.738, "park_area_within_500m": 187491.5716, "nearest_stream_distance_m": 883.4096, "est_population_density": 24902.4, "dong_elderly_ratio": 0.1755, "dong_avg_age": 42.496, "dong_pop_density": 25486.64, "nearest_shelter_distance_m": 111.3452, "shelter_count_within_500m": 18.72, "est_population": 1556.4, "est_elderly": 270.5, "shelter_capacity_within_500m": 2815.0, "building_form_group": "high_floor_high_density", "dong_name": "행당1동", "top1_feature": "built_surface_ratio", "top1_shap": 0.7095, "top2_feature": "impervious_ratio", "top2_shap": 0.6796, "top3_feature": "ndvi", "top3_shap": 0.2817, "priority_score": 75.4603, "priority_rank": 7 }, "geometry": { "type": "Polygon", "coordinates": [ [ [ 127.032962067324902, 37.557427569210283 ], [ 127.032948002568304, 37.55968088842917 ], [ 127.035778535354694, 37.559692051740939 ], [ 127.035792514880399, 37.55743873161925 ], [ 127.032962067324902, 37.557427569210283 ] ] ] } },
{ "type": "Feature", "properties": { "display_grid_id": "11200_00226", "gu_code": 11200, "gu_name": "성동구", "source_cell_count": 15, "area_m2": 62500.0, "mean_actual_lst": 41.0786, "mean_actual_anomaly": 2.5162, "seoul_anomaly": 2.8091, "pred_anomaly": 2.1687, "pred_anomaly_std": 0.7726, "green_delta_c": -0.1994, "building_ratio": 0.1932, "green_ratio": 0.2223, "ndvi": 0.1103, "impervious_ratio": 0.4414, "built_surface_ratio": 0.4414, "avg_ground_floor_count": 9.7516, "elevation_m": 25.76, "albedo": 0.1262, "nearest_park_distance_m": 66.1004, "park_area_within_500m": 257438.2784, "nearest_stream_distance_m": 769.8388, "est_population_density": 43674.0, "dong_elderly_ratio": 0.1736, "dong_avg_age": 42.4, "dong_pop_density": 23499.0, "nearest_shelter_distance_m": 95.964, "shelter_count_within_500m": 11.8, "est_population": 2729.6, "est_elderly": 473.9, "shelter_capacity_within_500m": 1671.3, "building_form_group": "high_floor_low_density", "dong_name": "행당1동", "top1_feature": "built_surface_ratio", "top1_shap": 0.6096, "top2_feature": "impervious_ratio", "top2_shap": 0.6029, "top3_feature": "ndvi", "top3_shap": 0.3209, "priority_score": 55.6826, "priority_rank": 114 }, "geometry": { "type": "Polygon", "coordinates": [ [ [ 127.035792514880399, 37.55743873161925 ], [ 127.035778535354694, 37.559692051740939 ], [ 127.038609069698097, 37.55970314719692 ], [ 127.038622963992722, 37.557449826177894 ], [ 127.035792514880399, 37.55743873161925 ] ] ] } },
{ "type": "Feature", "properties": { "display_grid_id": "11200_00227", "gu_code": 11200, "gu_name": "성동구", "source_cell_count": 15, "area_m2": 62500.0, "mean_actual_lst": 41.835, "mean_actual_anomaly": 3.2726, "seoul_anomaly": 3.5655, "pred_anomaly": 2.9342, "pred_anomaly_std": 0.6855, "green_delta_c": -0.4078, "building_ratio": 0.2013, "green_ratio": 0.2455, "ndvi": 0.1431, "impervious_ratio": 0.4063, "built_surface_ratio": 0.4063, "avg_ground_floor_count": 4.8121, "elevation_m": 24.8293, "albedo": 0.1185, "nearest_park_distance_m": 11.8436, "park_area_within_500m": 202912.1704, "nearest_stream_distance_m": 691.27, "est_population_density": 19987.6, "dong_elderly_ratio": 0.1107, "dong_avg_age": 35.68, "dong_pop_density": 16000.92, "nearest_shelter_distance_m": 183.036, "shelter_count_within_500m": 9.88, "est_population": 1249.2, "est_elderly": 139.3, "shelter_capacity_within_500m": 1235.8, "building_form_group": "low_floor_low_density", "dong_name": "사근동", "top1_feature": "built_surface_ratio", "top1_shap": 0.607, "top2_feature": "impervious_ratio", "top2_shap": 0.4673, "top3_feature": "building_ratio", "top3_shap": 0.1771, "priority_score": 65.1587, "priority_rank": 47 }, "geometry": { "type": "Polygon", "coordinates": [ [ [ 127.038622963992722, 37.557449826177894 ], [ 127.038609069698097, 37.55970314719692 ], [ 127.041439605589034, 37.559714174796966 ], [ 127.041453414652409, 37.557460852886138 ], [ 127.038622963992722, 37.557449826177894 ] ] ] } },
{ "type": "Feature", "properties": { "display_grid_id": "11200_00228", "gu_code": 11200, "gu_name": "성동구", "source_cell_count": 14, "area_m2": 62500.0, "mean_actual_lst": 39.5089, "mean_actual_anomaly": 1.1393, "seoul_anomaly": 1.4323, "pred_anomaly": 1.1914, "pred_anomaly_std": 0.9036, "green_delta_c": -0.5185, "building_ratio": 0.2089, "green_ratio": 0.3214, "ndvi": 0.2953, "impervious_ratio": 0.4146, "built_surface_ratio": 0.4146, "avg_ground_floor_count": 4.7231, "elevation_m": 45.1749, "albedo": 0.1233, "nearest_park_distance_m": 130.2192, "park_area_within_500m": 134208.5364, "nearest_stream_distance_m": 599.7688, "est_population_density": 30900.8, "dong_elderly_ratio": 0.095, "dong_avg_age": 34.0, "dong_pop_density": 14126.4, "nearest_shelter_distance_m": 200.2596, "shelter_count_within_500m": 6.72, "est_population": 1931.3, "est_elderly": 183.6, "shelter_capacity_within_500m": 778.8, "building_form_group": "high_floor_low_density", "dong_name": "사근동", "top1_feature": "built_surface_ratio", "top1_shap": 0.5605, "top2_feature": "ndvi", "top2_shap": -0.4919, "top3_feature": "impervious_ratio", "top3_shap": 0.4889, "priority_score": 58.746, "priority_rank": 90 }, "geometry": { "type": "Polygon", "coordinates": [ [ [ 127.041453414652409, 37.557460852886138 ], [ 127.041439605589034, 37.559714174796966 ], [ 127.044270143018011, 37.559725134541026 ], [ 127.044283866849952, 37.557471811743838 ], [ 127.041453414652409, 37.557460852886138 ] ] ] } },
{ "type": "Feature", "properties": { "display_grid_id": "11200_00229", "gu_code": 11200, "gu_name": "성동구", "source_cell_count": 16, "area_m2": 62500.0, "mean_actual_lst": 39.7139, "mean_actual_anomaly": 1.6108, "seoul_anomaly": 1.9038, "pred_anomaly": 1.9787, "pred_anomaly_std": 0.9662, "green_delta_c": -0.6813, "building_ratio": 0.1803, "green_ratio": 0.2824, "ndvi": 0.2462, "impervious_ratio": 0.4203, "built_surface_ratio": 0.4203, "avg_ground_floor_count": 2.4543, "elevation_m": 55.4554, "albedo": 0.1266, "nearest_park_distance_m": 312.9944, "park_area_within_500m": 55358.858, "nearest_stream_distance_m": 474.6744, "est_population_density": 19385.6, "dong_elderly_ratio": 0.095, "dong_avg_age": 34.0, "dong_pop_density": 14126.4, "nearest_shelter_distance_m": 276.3148, "shelter_count_within_500m": 7.36, "est_population": 1211.6, "est_elderly": 115.2, "shelter_capacity_within_500m": 870.8, "building_form_group": "low_floor_low_density", "dong_name": "사근동", "top1_feature": "impervious_ratio", "top1_shap": 0.6241, "top2_feature": "built_surface_ratio", "top2_shap": 0.6079, "top3_feature": "ndvi", "top3_shap": -0.2136, "priority_score": 63.0159, "priority_rank": 56 }, "geometry": { "type": "Polygon", "coordinates": [ [ [ 127.044283866849952, 37.557471811743838 ], [ 127.044270143018011, 37.559725134541026 ], [ 127.04710068197555, 37.559736026428929 ], [ 127.047114320575844, 37.557482702750889 ], [ 127.044283866849952, 37.557471811743838 ] ] ] } },
{ "type": "Feature", "properties": { "display_grid_id": "11200_00230", "gu_code": 11200, "gu_name": "성동구", "source_cell_count": 13, "area_m2": 62500.0, "mean_actual_lst": 40.9326, "mean_actual_anomaly": 2.4915, "seoul_anomaly": 2.7845, "pred_anomaly": 2.5554, "pred_anomaly_std": 0.8786, "green_delta_c": -0.6028, "building_ratio": 0.2045, "green_ratio": 0.2564, "ndvi": 0.2357, "impervious_ratio": 0.4709, "built_surface_ratio": 0.4709, "avg_ground_floor_count": 3.5374, "elevation_m": 35.0014, "albedo": 0.1268, "nearest_park_distance_m": 517.7732, "park_area_within_500m": 1089.616, "nearest_stream_distance_m": 249.438, "est_population_density": 18906.0, "dong_elderly_ratio": 0.095, "dong_avg_age": 34.0, "dong_pop_density": 14126.4, "nearest_shelter_distance_m": 226.288, "shelter_count_within_500m": 7.08, "est_population": 1181.6, "est_elderly": 112.2, "shelter_capacity_within_500m": 890.0, "building_form_group": "low_floor_low_density", "dong_name": "사근동", "top1_feature": "built_surface_ratio", "top1_shap": 0.6549, "top2_feature": "impervious_ratio", "top2_shap": 0.6395, "top3_feature": "green_ratio", "top3_shap": 0.2156, "priority_score": 65.9841, "priority_rank": 39 }, "geometry": { "type": "Polygon", "coordinates": [ [ [ 127.047114320575844, 37.557482702750889 ], [ 127.04710068197555, 37.559736026428929 ], [ 127.049931222452102, 37.559746850460584 ], [ 127.049944775820634, 37.557493525907176 ], [ 127.047114320575844, 37.557482702750889 ] ] ] } },
{ "type": "Feature", "properties": { "display_grid_id": "11200_00231", "gu_code": 11200, "gu_name": "성동구", "source_cell_count": 14, "area_m2": 62500.0, "mean_actual_lst": 39.9295, "mean_actual_anomaly": 1.6581, "seoul_anomaly": 1.951, "pred_anomaly": 1.5155, "pred_anomaly_std": 1.0824, "green_delta_c": -0.6218, "building_ratio": 0.1336, "green_ratio": 0.279, "ndvi": 0.2382, "impervious_ratio": 0.3794, "built_surface_ratio": 0.3794, "avg_ground_floor_count": 2.9914, "elevation_m": 26.0413, "albedo": 0.1216, "nearest_park_distance_m": 577.4836, "park_area_within_500m": 79.58, "nearest_stream_distance_m": 51.6268, "est_population_density": 10450.0, "dong_elderly_ratio": 0.1357, "dong_avg_age": 38.32, "dong_pop_density": 10611.28, "nearest_shelter_distance_m": 256.7376, "shelter_count_within_500m": 7.16, "est_population": 653.1, "est_elderly": 72.1, "shelter_capacity_within_500m": 1295.0, "building_form_group": "no_building", "dong_name": "사근동", "top1_feature": "impervious_ratio", "top1_shap": 0.5829, "top2_feature": "built_surface_ratio", "top2_shap": 0.5728, "top3_feature": "building_ratio", "top3_shap": -0.0694, "priority_score": 61.0793, "priority_rank": 73 }, "geometry": { "type": "Polygon", "coordinates": [ [ [ 127.049944775820634, 37.557493525907176 ], [ 127.049931222452102, 37.559746850460584 ], [ 127.052761764438259, 37.559757606635877 ], [ 127.052775232574774, 37.557504281212587 ], [ 127.049944775820634, 37.557493525907176 ] ] ] } },
{ "type": "Feature", "properties": { "display_grid_id": "11200_00232", "gu_code": 11200, "gu_name": "성동구", "source_cell_count": 14, "area_m2": 62500.0, "mean_actual_lst": 42.7988, "mean_actual_anomaly": 4.5202, "seoul_anomaly": 4.8131, "pred_anomaly": 3.2396, "pred_anomaly_std": 0.8799, "green_delta_c": -0.4316, "building_ratio": 0.1388, "green_ratio": 0.2077, "ndvi": 0.1459, "impervious_ratio": 0.6087, "built_surface_ratio": 0.6087, "avg_ground_floor_count": 1.0448, "elevation_m": 18.308, "albedo": 0.1532, "nearest_park_distance_m": 388.7592, "park_area_within_500m": 17667.2076, "nearest_stream_distance_m": 64.134, "est_population_density": 4501.6, "dong_elderly_ratio": 0.1968, "dong_avg_age": 44.8, "dong_pop_density": 5338.6, "nearest_shelter_distance_m": 232.366, "shelter_count_within_500m": 4.92, "est_population": 281.3, "est_elderly": 55.4, "shelter_capacity_within_500m": 923.0, "building_form_group": "low_floor_low_density", "dong_name": "용답동", "top1_feature": "built_surface_ratio", "top1_shap": 0.8686, "top2_feature": "impervious_ratio", "top2_shap": 0.8403, "top3_feature": "ndvi", "top3_shap": 0.4536, "priority_score": 72.6032, "priority_rank": 19 }, "geometry": { "type": "Polygon", "coordinates": [ [ [ 127.052775232574774, 37.557504281212587 ], [ 127.052761764438259, 37.559757606635877 ], [ 127.055592307924471, 37.559768294954708 ], [ 127.055605690828827, 37.557514968667029 ], [ 127.052775232574774, 37.557504281212587 ] ] ] } },
{ "type": "Feature", "properties": { "display_grid_id": "11200_00233", "gu_code": 11200, "gu_name": "성동구", "source_cell_count": 16, "area_m2": 62500.0, "mean_actual_lst": 42.6482, "mean_actual_anomaly": 4.0951, "seoul_anomaly": 4.388, "pred_anomaly": 3.3897, "pred_anomaly_std": 0.8563, "green_delta_c": -0.7089, "building_ratio": 0.1508, "green_ratio": 0.2179, "ndvi": 0.1854, "impervious_ratio": 0.6047, "built_surface_ratio": 0.6047, "avg_ground_floor_count": 1.1613, "elevation_m": 16.3265, "albedo": 0.156, "nearest_park_distance_m": 264.6376, "park_area_within_500m": 74950.6812, "nearest_stream_distance_m": 198.9948, "est_population_density": 5464.8, "dong_elderly_ratio": 0.1968, "dong_avg_age": 44.8, "dong_pop_density": 5338.6, "nearest_shelter_distance_m": 299.6116, "shelter_count_within_500m": 3.16, "est_population": 341.5, "est_elderly": 67.3, "shelter_capacity_within_500m": 721.0, "building_form_group": "low_floor_low_density", "dong_name": "용답동", "top1_feature": "impervious_ratio", "top1_shap": 0.8014, "top2_feature": "built_surface_ratio", "top2_shap": 0.8006, "top3_feature": "green_ratio", "top3_shap": 0.2041, "priority_score": 77.4603, "priority_rank": 2 }, "geometry": { "type": "Polygon", "coordinates": [ [ [ 127.055605690828827, 37.557514968667029 ], [ 127.055592307924471, 37.559768294954708 ], [ 127.058422852901231, 37.559778915416949 ], [ 127.058436150573272, 37.557525588270366 ], [ 127.055605690828827, 37.557514968667029 ] ] ] } },
{ "type": "Feature", "properties": { "display_grid_id": "11200_00234", "gu_code": 11200, "gu_name": "성동구", "source_cell_count": 14, "area_m2": 62500.0, "mean_actual_lst": 42.2672, "mean_actual_anomaly": 3.8391, "seoul_anomaly": 4.1321, "pred_anomaly": 2.7071, "pred_anomaly_std": 0.8744, "green_delta_c": -0.6643, "building_ratio": 0.0022, "green_ratio": 0.2509, "ndvi": 0.221, "impervious_ratio": 0.5107, "built_surface_ratio": 0.5107, "avg_ground_floor_count": 0.24, "elevation_m": 16.3871, "albedo": 0.1473, "nearest_park_distance_m": 213.3212, "park_area_within_500m": 158860.1608, "nearest_stream_distance_m": 441.1196, "est_population_density": 59.2, "dong_elderly_ratio": 0.1968, "dong_avg_age": 44.8, "dong_pop_density": 5338.6, "nearest_shelter_distance_m": 508.3416, "shelter_count_within_500m": 1.04, "est_population": 3.7, "est_elderly": 0.7, "shelter_capacity_within_500m": 309.0, "building_form_group": "no_building", "dong_name": "용답동", "top1_feature": "impervious_ratio", "top1_shap": 1.0642, "top2_feature": "built_surface_ratio", "top2_shap": 0.9605, "top3_feature": "building_ratio", "top3_shap": -0.3114, "priority_score": 71.3174, "priority_rank": 24 }, "geometry": { "type": "Polygon", "coordinates": [ [ [ 127.058436150573272, 37.557525588270366 ], [ 127.058422852901231, 37.559778915416949 ], [ 127.061253399359103, 37.559789468022501 ], [ 127.061266611798629, 37.557536140022492 ], [ 127.058436150573272, 37.557525588270366 ] ] ] } },
{ "type": "Feature", "properties": { "display_grid_id": "11200_00235", "gu_code": 11200, "gu_name": "성동구", "source_cell_count": 13, "area_m2": 62500.0, "mean_actual_lst": 41.5338, "mean_actual_anomaly": 3.3859, "seoul_anomaly": 3.6789, "pred_anomaly": 2.5644, "pred_anomaly_std": 0.8924, "green_delta_c": -0.6013, "building_ratio": 0.0, "green_ratio": 0.2752, "ndvi": 0.2407, "impervious_ratio": 0.5052, "built_surface_ratio": 0.5052, "avg_ground_floor_count": 0.0, "elevation_m": 15.8051, "albedo": 0.1542, "nearest_park_distance_m": 174.1524, "park_area_within_500m": 243154.4016, "nearest_stream_distance_m": 524.6292, "est_population_density": 0.0, "dong_elderly_ratio": 0.1968, "dong_avg_age": 44.8, "dong_pop_density": 5338.6, "nearest_shelter_distance_m": 650.5664, "shelter_count_within_500m": 0.0, "est_population": 0.0, "est_elderly": 0.0, "shelter_capacity_within_500m": 0.0, "building_form_group": "no_building", "dong_name": "용답동", "top1_feature": "impervious_ratio", "top1_shap": 1.0523, "top2_feature": "built_surface_ratio", "top2_shap": 0.9252, "top3_feature": "building_ratio", "top3_shap": -0.2914, "priority_score": 64.7936, "priority_rank": 49 }, "geometry": { "type": "Polygon", "coordinates": [ [ [ 127.061266611798629, 37.557536140022492 ], [ 127.061253399359103, 37.559789468022501 ], [ 127.064083947288538, 37.55979995277125 ], [ 127.064097074495407, 37.557546623923322 ], [ 127.061266611798629, 37.557536140022492 ] ] ] } },
{ "type": "Feature", "properties": { "display_grid_id": "11200_00236", "gu_code": 11200, "gu_name": "성동구", "source_cell_count": 16, "area_m2": 62500.0, "mean_actual_lst": 40.525, "mean_actual_anomaly": 2.3925, "seoul_anomaly": 2.6855, "pred_anomaly": 2.5625, "pred_anomaly_std": 0.8938, "green_delta_c": -0.3365, "building_ratio": 0.0371, "green_ratio": 0.2718, "ndvi": 0.1684, "impervious_ratio": 0.4581, "built_surface_ratio": 0.4581, "avg_ground_floor_count": 1.6982, "elevation_m": 15.0282, "albedo": 0.156, "nearest_park_distance_m": 63.9792, "park_area_within_500m": 283960.6796, "nearest_stream_distance_m": 338.5784, "est_population_density": 1151.2, "dong_elderly_ratio": 0.1968, "dong_avg_age": 44.8, "dong_pop_density": 5338.6, "nearest_shelter_distance_m": 505.5064, "shelter_count_within_500m": 0.84, "est_population": 71.9, "est_elderly": 14.1, "shelter_capacity_within_500m": 199.0, "building_form_group": "no_building", "dong_name": "용답동", "top1_feature": "impervious_ratio", "top1_shap": 0.8873, "top2_feature": "built_surface_ratio", "top2_shap": 0.7914, "top3_feature": "building_ratio", "top3_shap": -0.2926, "priority_score": 56.7143, "priority_rank": 104 }, "geometry": { "type": "Polygon", "coordinates": [ [ [ 127.064097074495407, 37.557546623923322 ], [ 127.064083947288538, 37.55979995277125 ], [ 127.066914496680099, 37.559810369663083 ], [ 127.066927538654099, 37.557557039972707 ], [ 127.064097074495407, 37.557546623923322 ] ] ] } },
{ "type": "Feature", "properties": { "display_grid_id": "11200_00237", "gu_code": 11200, "gu_name": "성동구", "source_cell_count": 15, "area_m2": 62500.0, "mean_actual_lst": 38.4354, "mean_actual_anomaly": 0.7402, "seoul_anomaly": 1.0332, "pred_anomaly": 1.9013, "pred_anomaly_std": 0.8442, "green_delta_c": -0.2122, "building_ratio": 0.2242, "green_ratio": 0.2379, "ndvi": 0.1832, "impervious_ratio": 0.5312, "built_surface_ratio": 0.5312, "avg_ground_floor_count": 7.5258, "elevation_m": 18.0246, "albedo": 0.1288, "nearest_park_distance_m": 13.0296, "park_area_within_500m": 237119.2932, "nearest_stream_distance_m": 153.7112, "est_population_density": 10759.2, "dong_elderly_ratio": 0.1968, "dong_avg_age": 44.8, "dong_pop_density": 5338.6, "nearest_shelter_distance_m": 353.7752, "shelter_count_within_500m": 3.64, "est_population": 672.4, "est_elderly": 132.3, "shelter_capacity_within_500m": 646.0, "building_form_group": "high_floor_low_density", "dong_name": "용답동", "top1_feature": "built_surface_ratio", "top1_shap": 0.7093, "top2_feature": "impervious_ratio", "top2_shap": 0.6691, "top3_feature": "building_ratio", "top3_shap": 0.1003, "priority_score": 51.4762, "priority_rank": 145 }, "geometry": { "type": "Polygon", "coordinates": [ [ [ 127.066927538654099, 37.557557039972707 ], [ 127.066914496680099, 37.559810369663083 ], [ 127.06974504752425, 37.5598207186979 ], [ 127.069758004265225, 37.557567388170561 ], [ 127.066927538654099, 37.557557039972707 ] ] ] } },
{ "type": "Feature", "properties": { "display_grid_id": "11200_00238", "gu_code": 11200, "gu_name": "성동구", "source_cell_count": 14, "area_m2": 62500.0, "mean_actual_lst": 36.0256, "mean_actual_anomaly": -1.5884, "seoul_anomaly": -1.2955, "pred_anomaly": -0.7102, "pred_anomaly_std": 0.9801, "green_delta_c": -1.1364, "building_ratio": 0.0744, "green_ratio": 0.252, "ndvi": 0.1473, "impervious_ratio": 0.2748, "built_surface_ratio": 0.2748, "avg_ground_floor_count": 2.1279, "elevation_m": 16.1425, "albedo": 0.0976, "nearest_park_distance_m": 145.5828, "park_area_within_500m": 149887.5776, "nearest_stream_distance_m": 31.5548, "est_population_density": 4331.5, "dong_elderly_ratio": 0.191, "dong_avg_age": 44.868, "dong_pop_density": 12129.964, "nearest_shelter_distance_m": 218.7596, "shelter_count_within_500m": 4.48, "est_population": 270.7, "est_elderly": 50.9, "shelter_capacity_within_500m": 820.5, "building_form_group": "no_building", "dong_name": "송정동", "top1_feature": "built_surface_ratio", "top1_shap": -0.1956, "top2_feature": "impervious_ratio", "top2_shap": -0.0238, "top3_feature": "building_ratio", "top3_shap": -0.3653, "priority_score": 51.254, "priority_rank": 146 }, "geometry": { "type": "Polygon", "coordinates": [ [ [ 127.069758004265225, 37.557567388170561 ], [ 127.06974504752425, 37.5598207186979 ], [ 127.072575599811515, 37.559830999875594 ], [ 127.072588471319307, 37.557577668516799 ], [ 127.069758004265225, 37.557567388170561 ] ] ] } },
{ "type": "Feature", "properties": { "display_grid_id": "11200_00239", "gu_code": 11200, "gu_name": "성동구", "source_cell_count": 7, "area_m2": 14026.73, "mean_actual_lst": 38.8688, "mean_actual_anomaly": 1.2914, "seoul_anomaly": 1.5844, "pred_anomaly": 2.5847, "pred_anomaly_std": 0.989, "green_delta_c": -0.2228, "building_ratio": 0.2001, "green_ratio": 0.2055, "ndvi": 0.0879, "impervious_ratio": 0.4213, "built_surface_ratio": 0.4213, "avg_ground_floor_count": 2.4761, "elevation_m": 20.3482, "albedo": 0.1128, "nearest_park_distance_m": 242.1851, "park_area_within_500m": 99388.3174, "nearest_stream_distance_m": 74.252, "est_population_density": 13146.1377, "dong_elderly_ratio": 0.1883, "dong_avg_age": 44.9, "dong_pop_density": 15325.9, "nearest_shelter_distance_m": 245.2165, "shelter_count_within_500m": 5.0065, "est_population": 184.4, "est_elderly": 34.7, "shelter_capacity_within_500m": 594.1, "building_form_group": "low_floor_high_density", "dong_name": "송정동", "top1_feature": "impervious_ratio", "top1_shap": 0.677, "top2_feature": "built_surface_ratio", "top2_shap": 0.5814, "top3_feature": "ndvi", "top3_shap": 0.5022, "priority_score": 49.3968, "priority_rank": 167 }, "geometry": { "type": "Polygon", "coordinates": [ [ [ 127.072588471319307, 37.557577668516799 ], [ 127.072575599811515, 37.559830999875594 ], [ 127.072707331701267, 37.55983147670166 ], [ 127.07373499, 37.55941447 ], [ 127.072697801514067, 37.557578064246385 ], [ 127.072588471319307, 37.557577668516799 ] ] ] } },
{ "type": "Feature", "properties": { "display_grid_id": "11200_00240", "gu_code": 11200, "gu_name": "성동구", "source_cell_count": 8, "area_m2": 18752.8, "mean_actual_lst": 38.1805, "mean_actual_anomaly": 0.0415, "seoul_anomaly": 0.3344, "pred_anomaly": 0.8373, "pred_anomaly_std": 0.7331, "green_delta_c": -0.3716, "building_ratio": 0.1143, "green_ratio": 0.2136, "ndvi": 0.1941, "impervious_ratio": 0.5503, "built_surface_ratio": 0.5503, "avg_ground_floor_count": 13.6343, "elevation_m": 69.185, "albedo": 0.1092, "nearest_park_distance_m": 144.2845, "park_area_within_500m": 31172.7317, "nearest_stream_distance_m": 1157.6998, "est_population_density": 40872.4797, "dong_elderly_ratio": 0.1776, "dong_avg_age": 42.7459, "dong_pop_density": 42973.8735, "nearest_shelter_distance_m": 85.2393, "shelter_count_within_500m": 22.5112, "est_population": 766.5, "est_elderly": 136.4, "shelter_capacity_within_500m": 2490.7, "building_form_group": "high_floor_low_density", "dong_name": "왕십리2동", "top1_feature": "built_surface_ratio", "top1_shap": 0.6328, "top2_feature": "impervious_ratio", "top2_shap": 0.5894, "top3_feature": "avg_ground_floor_count", "top3_shap": -0.5768, "priority_score": 47.7143, "priority_rank": 193 }, "geometry": { "type": "Polygon", "coordinates": [ [ [ 127.024456413646178, 37.559646991360275 ], [ 127.022982906786851, 37.559641047169691 ], [ 127.02302194, 37.55969307 ], [ 127.02311324, 37.55983411 ], [ 127.02322009, 37.55999965 ], [ 127.02324259, 37.56011085 ], [ 127.02327888, 37.56028908 ], [ 127.02332617, 37.56053769 ], [ 127.02333149, 37.56056528 ], [ 127.02334861, 37.56065483 ], [ 127.023350259999987, 37.56066354 ], [ 127.02336476, 37.56068807 ], [ 127.02338937, 37.5607297 ], [ 127.023399630000014, 37.56073335 ], [ 127.02342652, 37.56077136 ], [ 127.023489670000018, 37.56084343 ], [ 127.02373133, 37.56111931 ], [ 127.02378794, 37.5611849 ], [ 127.02389461, 37.56130849 ], [ 127.02394838, 37.56136451 ], [ 127.02404019, 37.56141996 ], [ 127.02419921000002, 37.56152439 ], [ 127.02422981, 37.56155958 ], [ 127.02439257, 37.561745650000013 ], [ 127.024442710301443, 37.561802971115625 ], [ 127.024456413646178, 37.559646991360275 ] ] ] } },
{ "type": "Feature", "properties": { "display_grid_id": "11200_00241", "gu_code": 11200, "gu_name": "성동구", "source_cell_count": 13, "area_m2": 62446.37, "mean_actual_lst": 37.879, "mean_actual_anomaly": -0.2601, "seoul_anomaly": 0.0328, "pred_anomaly": 0.1477, "pred_anomaly_std": 0.6773, "green_delta_c": -0.3347, "building_ratio": 0.1696, "green_ratio": 0.2542, "ndvi": 0.2317, "impervious_ratio": 0.4951, "built_surface_ratio": 0.4951, "avg_ground_floor_count": 17.1208, "elevation_m": 65.9255, "albedo": 0.1114, "nearest_park_distance_m": 39.156, "park_area_within_500m": 47898.8802, "nearest_stream_distance_m": 1063.2025, "est_population_density": 74528.7444, "dong_elderly_ratio": 0.1764, "dong_avg_age": 42.64, "dong_pop_density": 43902.067, "nearest_shelter_distance_m": 62.5115, "shelter_count_within_500m": 22.2802, "est_population": 4654.1, "est_elderly": 820.9, "shelter_capacity_within_500m": 3284.8, "building_form_group": "high_floor_low_density", "dong_name": "왕십리2동", "top1_feature": "avg_ground_floor_count", "top1_shap": -0.6149, "top2_feature": "impervious_ratio", "top2_shap": 0.5581, "top3_feature": "built_surface_ratio", "top3_shap": 0.5322, "priority_score": 49.9524, "priority_rank": 160 }, "geometry": { "type": "Polygon", "coordinates": [ [ [ 127.027272704901208, 37.561911674768773 ], [ 127.027286941704546, 37.559658358238728 ], [ 127.024456413646178, 37.559646991360275 ], [ 127.024442710301443, 37.561802971115625 ], [ 127.024456599999979, 37.56181885 ], [ 127.024494640000015, 37.56185742000001 ], [ 127.02451233, 37.56186754 ], [ 127.02451817, 37.56187149 ], [ 127.02454647, 37.56188359 ], [ 127.02458400823015, 37.561900878526934 ], [ 127.027272704901208, 37.561911674768773 ] ] ] } },
{ "type": "Feature", "properties": { "display_grid_id": "11200_00242", "gu_code": 11200, "gu_name": "성동구", "source_cell_count": 16, "area_m2": 62500.0, "mean_actual_lst": 40.2021, "mean_actual_anomaly": 2.3426, "seoul_anomaly": 2.6356, "pred_anomaly": 2.4081, "pred_anomaly_std": 0.689, "green_delta_c": -0.5705, "building_ratio": 0.3811, "green_ratio": 0.2687, "ndvi": 0.1636, "impervious_ratio": 0.3708, "built_surface_ratio": 0.3708, "avg_ground_floor_count": 6.2746, "elevation_m": 48.1821, "albedo": 0.1268, "nearest_park_distance_m": 83.5644, "park_area_within_500m": 98040.6424, "nearest_stream_distance_m": 1009.6128, "est_population_density": 50501.6, "dong_elderly_ratio": 0.1798, "dong_avg_age": 42.8, "dong_pop_density": 44642.34, "nearest_shelter_distance_m": 59.3788, "shelter_count_within_500m": 21.96, "est_population": 3156.3, "est_elderly": 571.5, "shelter_capacity_within_500m": 3267.7, "building_form_group": "low_floor_high_density", "dong_name": "왕십리2동", "top1_feature": "building_ratio", "top1_shap": 0.5342, "top2_feature": "built_surface_ratio", "top2_shap": 0.5018, "top3_feature": "impervious_ratio", "top3_shap": 0.3511, "priority_score": 62.508, "priority_rank": 63 }, "geometry": { "type": "Polygon", "coordinates": [ [ [ 127.027286941704546, 37.559658358238728 ], [ 127.027272704901208, 37.561911674768773 ], [ 127.030103319785084, 37.561922974705602 ], [ 127.030117471348419, 37.559669657261736 ], [ 127.027286941704546, 37.559658358238728 ] ] ] } },
{ "type": "Feature", "properties": { "display_grid_id": "11200_00243", "gu_code": 11200, "gu_name": "성동구", "source_cell_count": 12, "area_m2": 62500.0, "mean_actual_lst": 41.593, "mean_actual_anomaly": 3.8583, "seoul_anomaly": 4.1512, "pred_anomaly": 3.7006, "pred_anomaly_std": 0.5632, "green_delta_c": -0.4818, "building_ratio": 0.4426, "green_ratio": 0.2347, "ndvi": 0.1083, "impervious_ratio": 0.4118, "built_surface_ratio": 0.4118, "avg_ground_floor_count": 3.5702, "elevation_m": 30.4891, "albedo": 0.1275, "nearest_park_distance_m": 38.1612, "park_area_within_500m": 202026.2692, "nearest_stream_distance_m": 992.3392, "est_population_density": 39902.4, "dong_elderly_ratio": 0.1764, "dong_avg_age": 42.592, "dong_pop_density": 35191.184, "nearest_shelter_distance_m": 69.5028, "shelter_count_within_500m": 21.6, "est_population": 2493.9, "est_elderly": 439.8, "shelter_capacity_within_500m": 2848.5, "building_form_group": "low_floor_high_density", "dong_name": "왕십리2동", "top1_feature": "building_ratio", "top1_shap": 0.6455, "top2_feature": "built_surface_ratio", "top2_shap": 0.5853, "top3_feature": "ndvi", "top3_shap": 0.3496, "priority_score": 67.9683, "priority_rank": 31 }, "geometry": { "type": "Polygon", "coordinates": [ [ [ 127.030117471348419, 37.559669657261736 ], [ 127.030103319785084, 37.561922974705602 ], [ 127.032933936245186, 37.561934206781402 ], [ 127.032948002568304, 37.55968088842917 ], [ 127.030117471348419, 37.559669657261736 ] ] ] } },
{ "type": "Feature", "properties": { "display_grid_id": "11200_00244", "gu_code": 11200, "gu_name": "성동구", "source_cell_count": 15, "area_m2": 62500.0, "mean_actual_lst": 42.6351, "mean_actual_anomaly": 4.2764, "seoul_anomaly": 4.5693, "pred_anomaly": 3.4938, "pred_anomaly_std": 0.6939, "green_delta_c": -0.4932, "building_ratio": 0.316, "green_ratio": 0.1909, "ndvi": 0.1065, "impervious_ratio": 0.5373, "built_surface_ratio": 0.5373, "avg_ground_floor_count": 4.8475, "elevation_m": 28.0254, "albedo": 0.1273, "nearest_park_distance_m": 2.306, "park_area_within_500m": 245588.4852, "nearest_stream_distance_m": 994.3512, "est_population_density": 18914.4, "dong_elderly_ratio": 0.1736, "dong_avg_age": 42.4, "dong_pop_density": 23499.0, "nearest_shelter_distance_m": 154.8236, "shelter_count_within_500m": 18.72, "est_population": 1182.2, "est_elderly": 205.2, "shelter_capacity_within_500m": 2184.0, "building_form_group": "low_floor_high_density", "dong_name": "행당1동", "top1_feature": "built_surface_ratio", "top1_shap": 0.7218, "top2_feature": "impervious_ratio", "top2_shap": 0.5839, "top3_feature": "ndvi", "top3_shap": 0.4562, "priority_score": 75.492, "priority_rank": 6 }, "geometry": { "type": "Polygon", "coordinates": [ [ [ 127.032948002568304, 37.55968088842917 ], [ 127.032933936245186, 37.561934206781402 ], [ 127.035764554271964, 37.561945370996021 ], [ 127.035778535354694, 37.559692051740939 ], [ 127.032948002568304, 37.55968088842917 ] ] ] } },
{ "type": "Feature", "properties": { "display_grid_id": "11200_00245", "gu_code": 11200, "gu_name": "성동구", "source_cell_count": 13, "area_m2": 62500.0, "mean_actual_lst": 41.1588, "mean_actual_anomaly": 2.5963, "seoul_anomaly": 2.8893, "pred_anomaly": 1.7049, "pred_anomaly_std": 0.8409, "green_delta_c": -0.3102, "building_ratio": 0.2895, "green_ratio": 0.2307, "ndvi": 0.1375, "impervious_ratio": 0.4165, "built_surface_ratio": 0.4165, "avg_ground_floor_count": 11.0587, "elevation_m": 23.9739, "albedo": 0.1231, "nearest_park_distance_m": 35.8908, "park_area_within_500m": 304902.3856, "nearest_stream_distance_m": 972.5532, "est_population_density": 91203.6, "dong_elderly_ratio": 0.1736, "dong_avg_age": 42.4, "dong_pop_density": 23499.0, "nearest_shelter_distance_m": 118.7, "shelter_count_within_500m": 13.96, "est_population": 5700.2, "est_elderly": 989.6, "shelter_capacity_within_500m": 1787.8, "building_form_group": "high_floor_low_density", "dong_name": "행당1동", "top1_feature": "impervious_ratio", "top1_shap": 0.4744, "top2_feature": "built_surface_ratio", "top2_shap": 0.4741, "top3_feature": "avg_ground_floor_count", "top3_shap": -0.4552, "priority_score": 65.6746, "priority_rank": 43 }, "geometry": { "type": "Polygon", "coordinates": [ [ [ 127.035778535354694, 37.559692051740939 ], [ 127.035764554271964, 37.561945370996021 ], [ 127.038595173855938, 37.561956467349361 ], [ 127.038609069698097, 37.55970314719692 ], [ 127.035778535354694, 37.559692051740939 ] ] ] } },
{ "type": "Feature", "properties": { "display_grid_id": "11200_00246", "gu_code": 11200, "gu_name": "성동구", "source_cell_count": 13, "area_m2": 62500.0, "mean_actual_lst": 42.5301, "mean_actual_anomaly": 4.1079, "seoul_anomaly": 4.4009, "pred_anomaly": 3.4115, "pred_anomaly_std": 0.5786, "green_delta_c": -0.3102, "building_ratio": 0.4476, "green_ratio": 0.2264, "ndvi": 0.0904, "impervious_ratio": 0.3726, "built_surface_ratio": 0.3726, "avg_ground_floor_count": 6.8068, "elevation_m": 25.547, "albedo": 0.1166, "nearest_park_distance_m": 10.6132, "park_area_within_500m": 220767.0488, "nearest_stream_distance_m": 850.3604, "est_population_density": 90523.6, "dong_elderly_ratio": 0.1107, "dong_avg_age": 35.68, "dong_pop_density": 16000.92, "nearest_shelter_distance_m": 111.9112, "shelter_count_within_500m": 14.12, "est_population": 5657.7, "est_elderly": 804.5, "shelter_capacity_within_500m": 1825.2, "building_form_group": "high_floor_high_density", "dong_name": "사근동", "top1_feature": "building_ratio", "top1_shap": 0.699, "top2_feature": "ndvi", "top2_shap": 0.5509, "top3_feature": "built_surface_ratio", "top3_shap": 0.4673, "priority_score": 70.9683, "priority_rank": 26 }, "geometry": { "type": "Polygon", "coordinates": [ [ [ 127.038609069698097, 37.55970314719692 ], [ 127.038595173855938, 37.561956467349361 ], [ 127.041425794987632, 37.561967495841316 ], [ 127.041439605589034, 37.559714174796966 ], [ 127.038609069698097, 37.55970314719692 ] ] ] } },
{ "type": "Feature", "properties": { "display_grid_id": "11200_00247", "gu_code": 11200, "gu_name": "성동구", "source_cell_count": 14, "area_m2": 62500.0, "mean_actual_lst": 40.886, "mean_actual_anomaly": 2.5514, "seoul_anomaly": 2.8444, "pred_anomaly": 2.6323, "pred_anomaly_std": 0.8133, "green_delta_c": -0.5822, "building_ratio": 0.2309, "green_ratio": 0.2668, "ndvi": 0.1852, "impervious_ratio": 0.4167, "built_surface_ratio": 0.4167, "avg_ground_floor_count": 4.5112, "elevation_m": 34.3661, "albedo": 0.1434, "nearest_park_distance_m": 122.7656, "park_area_within_500m": 134111.8292, "nearest_stream_distance_m": 635.8616, "est_population_density": 30472.0, "dong_elderly_ratio": 0.095, "dong_avg_age": 34.0, "dong_pop_density": 14126.4, "nearest_shelter_distance_m": 91.7276, "shelter_count_within_500m": 10.64, "est_population": 1904.5, "est_elderly": 180.9, "shelter_capacity_within_500m": 1451.3, "building_form_group": "high_floor_low_density", "dong_name": "사근동", "top1_feature": "impervious_ratio", "top1_shap": 0.5728, "top2_feature": "built_surface_ratio", "top2_shap": 0.561, "top3_feature": "ndvi", "top3_shap": 0.1393, "priority_score": 59.7461, "priority_rank": 83 }, "geometry": { "type": "Polygon", "coordinates": [ [ [ 127.041439605589034, 37.559714174796966 ], [ 127.041425794987632, 37.561967495841316 ], [ 127.044256417657564, 37.561978456471749 ], [ 127.044270143018011, 37.559725134541026 ], [ 127.041439605589034, 37.559714174796966 ] ] ] } },
{ "type": "Feature", "properties": { "display_grid_id": "11200_00248", "gu_code": 11200, "gu_name": "성동구", "source_cell_count": 14, "area_m2": 62500.0, "mean_actual_lst": 41.9869, "mean_actual_anomaly": 3.6173, "seoul_anomaly": 3.9102, "pred_anomaly": 3.266, "pred_anomaly_std": 0.8079, "green_delta_c": -0.4138, "building_ratio": 0.3679, "green_ratio": 0.2343, "ndvi": 0.1655, "impervious_ratio": 0.4807, "built_surface_ratio": 0.4807, "avg_ground_floor_count": 3.6356, "elevation_m": 35.6129, "albedo": 0.1314, "nearest_park_distance_m": 269.3392, "park_area_within_500m": 74826.8244, "nearest_stream_distance_m": 412.012, "est_population_density": 37409.6, "dong_elderly_ratio": 0.095, "dong_avg_age": 34.0, "dong_pop_density": 14126.4, "nearest_shelter_distance_m": 109.314, "shelter_count_within_500m": 11.92, "est_population": 2338.1, "est_elderly": 222.1, "shelter_capacity_within_500m": 1352.3, "building_form_group": "low_floor_high_density", "dong_name": "사근동", "top1_feature": "built_surface_ratio", "top1_shap": 0.6215, "top2_feature": "impervious_ratio", "top2_shap": 0.5229, "top3_feature": "building_ratio", "top3_shap": 0.4645, "priority_score": 66.119, "priority_rank": 37 }, "geometry": { "type": "Polygon", "coordinates": [ [ [ 127.044270143018011, 37.559725134541026 ], [ 127.044256417657564, 37.561978456471749 ], [ 127.047087041856201, 37.561989349240562 ], [ 127.04710068197555, 37.559736026428929 ], [ 127.044270143018011, 37.559725134541026 ] ] ] } },
{ "type": "Feature", "properties": { "display_grid_id": "11200_00249", "gu_code": 11200, "gu_name": "성동구", "source_cell_count": 16, "area_m2": 62500.0, "mean_actual_lst": 41.9076, "mean_actual_anomaly": 3.4666, "seoul_anomaly": 3.7595, "pred_anomaly": 3.1342, "pred_anomaly_std": 0.7762, "green_delta_c": -0.2584, "building_ratio": 0.321, "green_ratio": 0.2166, "ndvi": 0.1521, "impervious_ratio": 0.5093, "built_surface_ratio": 0.5093, "avg_ground_floor_count": 5.2449, "elevation_m": 24.3104, "albedo": 0.1132, "nearest_park_distance_m": 390.8324, "park_area_within_500m": 17035.0904, "nearest_stream_distance_m": 167.922, "est_population_density": 32331.6, "dong_elderly_ratio": 0.095, "dong_avg_age": 34.0, "dong_pop_density": 14126.4, "nearest_shelter_distance_m": 74.9192, "shelter_count_within_500m": 10.28, "est_population": 2020.7, "est_elderly": 191.8, "shelter_capacity_within_500m": 1274.0, "building_form_group": "low_floor_high_density", "dong_name": "사근동", "top1_feature": "built_surface_ratio", "top1_shap": 0.6834, "top2_feature": "impervious_ratio", "top2_shap": 0.6732, "top3_feature": "building_ratio", "top3_shap": 0.3389, "priority_score": 56.746, "priority_rank": 103 }, "geometry": { "type": "Polygon", "coordinates": [ [ [ 127.04710068197555, 37.559736026428929 ], [ 127.047087041856201, 37.561989349240562 ], [ 127.049917667574064, 37.562000174147649 ], [ 127.049931222452102, 37.559746850460584 ], [ 127.04710068197555, 37.559736026428929 ] ] ] } },
{ "type": "Feature", "properties": { "display_grid_id": "11200_00250", "gu_code": 11200, "gu_name": "성동구", "source_cell_count": 12, "area_m2": 62500.0, "mean_actual_lst": 40.1652, "mean_actual_anomaly": 1.7624, "seoul_anomaly": 2.0554, "pred_anomaly": 2.0207, "pred_anomaly_std": 0.9963, "green_delta_c": -0.5242, "building_ratio": 0.1623, "green_ratio": 0.2738, "ndvi": 0.1921, "impervious_ratio": 0.4023, "built_surface_ratio": 0.4023, "avg_ground_floor_count": 2.6066, "elevation_m": 21.3558, "albedo": 0.1243, "nearest_park_distance_m": 448.6196, "park_area_within_500m": 7595.2544, "nearest_stream_distance_m": 53.8276, "est_population_density": 10771.6, "dong_elderly_ratio": 0.1357, "dong_avg_age": 38.32, "dong_pop_density": 10611.28, "nearest_shelter_distance_m": 155.244, "shelter_count_within_500m": 10.68, "est_population": 673.2, "est_elderly": 109.3, "shelter_capacity_within_500m": 1754.0, "building_form_group": "low_floor_low_density", "dong_name": "사근동", "top1_feature": "impervious_ratio", "top1_shap": 0.6512, "top2_feature": "built_surface_ratio", "top2_shap": 0.6205, "top3_feature": "ndvi", "top3_shap": 0.1465, "priority_score": 58.1429, "priority_rank": 94 }, "geometry": { "type": "Polygon", "coordinates": [ [ [ 127.049931222452102, 37.559746850460584 ], [ 127.049917667574064, 37.562000174147649 ], [ 127.05274829480166, 37.56201093119288 ], [ 127.052761764438259, 37.559757606635877 ], [ 127.049931222452102, 37.559746850460584 ] ] ] } },
{ "type": "Feature", "properties": { "display_grid_id": "11200_00251", "gu_code": 11200, "gu_name": "성동구", "source_cell_count": 11, "area_m2": 62500.0, "mean_actual_lst": 43.1246, "mean_actual_anomaly": 4.6001, "seoul_anomaly": 4.893, "pred_anomaly": 3.3369, "pred_anomaly_std": 0.7638, "green_delta_c": -0.4931, "building_ratio": 0.2632, "green_ratio": 0.2177, "ndvi": 0.157, "impervious_ratio": 0.5443, "built_surface_ratio": 0.5443, "avg_ground_floor_count": 2.6407, "elevation_m": 17.3592, "albedo": 0.1315, "nearest_park_distance_m": 273.5568, "park_area_within_500m": 62406.1268, "nearest_stream_distance_m": 109.1132, "est_population_density": 20776.0, "dong_elderly_ratio": 0.1968, "dong_avg_age": 44.8, "dong_pop_density": 5338.6, "nearest_shelter_distance_m": 104.5532, "shelter_count_within_500m": 8.68, "est_population": 1298.5, "est_elderly": 255.4, "shelter_capacity_within_500m": 1356.5, "building_form_group": "low_floor_high_density", "dong_name": "용답동", "top1_feature": "built_surface_ratio", "top1_shap": 0.7817, "top2_feature": "impervious_ratio", "top2_shap": 0.7711, "top3_feature": "building_ratio", "top3_shap": 0.3482, "priority_score": 72.7619, "priority_rank": 16 }, "geometry": { "type": "Polygon", "coordinates": [ [ [ 127.052761764438259, 37.559757606635877 ], [ 127.05274829480166, 37.56201093119288 ], [ 127.055578923529524, 37.562021620376136 ], [ 127.055592307924471, 37.559768294954708 ], [ 127.052761764438259, 37.559757606635877 ] ] ] } },
{ "type": "Feature", "properties": { "display_grid_id": "11200_00252", "gu_code": 11200, "gu_name": "성동구", "source_cell_count": 14, "area_m2": 62500.0, "mean_actual_lst": 41.5627, "mean_actual_anomaly": 2.9809, "seoul_anomaly": 3.2739, "pred_anomaly": 3.1685, "pred_anomaly_std": 0.8009, "green_delta_c": -0.5665, "building_ratio": 0.1625, "green_ratio": 0.1905, "ndvi": 0.1793, "impervious_ratio": 0.6316, "built_surface_ratio": 0.6316, "avg_ground_floor_count": 3.7481, "elevation_m": 18.4236, "albedo": 0.1343, "nearest_park_distance_m": 79.5888, "park_area_within_500m": 171123.8516, "nearest_stream_distance_m": 125.2028, "est_population_density": 20780.8, "dong_elderly_ratio": 0.1968, "dong_avg_age": 44.8, "dong_pop_density": 5338.6, "nearest_shelter_distance_m": 199.8692, "shelter_count_within_500m": 5.0, "est_population": 1298.8, "est_elderly": 255.6, "shelter_capacity_within_500m": 861.5, "building_form_group": "high_floor_low_density", "dong_name": "용답동", "top1_feature": "built_surface_ratio", "top1_shap": 0.851, "top2_feature": "impervious_ratio", "top2_shap": 0.8114, "top3_feature": "green_ratio", "top3_shap": 0.3801, "priority_score": 74.6825, "priority_rank": 9 }, "geometry": { "type": "Polygon", "coordinates": [ [ [ 127.055592307924471, 37.559768294954708 ], [ 127.055578923529524, 37.562021620376136 ], [ 127.058409553748106, 37.562032241697345 ], [ 127.058422852901231, 37.559778915416949 ], [ 127.055592307924471, 37.559768294954708 ] ] ] } },
{ "type": "Feature", "properties": { "display_grid_id": "11200_00253", "gu_code": 11200, "gu_name": "성동구", "source_cell_count": 11, "area_m2": 62269.82, "mean_actual_lst": 40.951, "mean_actual_anomaly": 2.5529, "seoul_anomaly": 2.8459, "pred_anomaly": 2.5855, "pred_anomaly_std": 0.7819, "green_delta_c": -0.4308, "building_ratio": 0.166, "green_ratio": 0.2172, "ndvi": 0.1863, "impervious_ratio": 0.545, "built_surface_ratio": 0.545, "avg_ground_floor_count": 4.9072, "elevation_m": 18.5768, "albedo": 0.1294, "nearest_park_distance_m": 21.4233, "park_area_within_500m": 274386.3676, "nearest_stream_distance_m": 376.4747, "est_population_density": 26164.2913, "dong_elderly_ratio": 0.1968, "dong_avg_age": 44.8, "dong_pop_density": 5338.6, "nearest_shelter_distance_m": 446.6079, "shelter_count_within_500m": 2.9709, "est_population": 1629.2, "est_elderly": 320.6, "shelter_capacity_within_500m": 611.0, "building_form_group": "high_floor_low_density", "dong_name": "용답동", "top1_feature": "built_surface_ratio", "top1_shap": 0.7321, "top2_feature": "impervious_ratio", "top2_shap": 0.7292, "top3_feature": "green_ratio", "top3_shap": 0.1973, "priority_score": 73.3969, "priority_rank": 12 }, "geometry": { "type": "Polygon", "coordinates": [ [ [ 127.061253399359103, 37.559789468022501 ], [ 127.058422852901231, 37.559778915416949 ], [ 127.058409553748106, 37.562032241697345 ], [ 127.060674466942245, 37.562040691411568 ], [ 127.061240672487983, 37.561959746207123 ], [ 127.061253399359103, 37.559789468022501 ] ] ] } },
{ "type": "Feature", "properties": { "display_grid_id": "11200_00254", "gu_code": 11200, "gu_name": "성동구", "source_cell_count": 12, "area_m2": 54431.94, "mean_actual_lst": 40.8838, "mean_actual_anomaly": 2.8668, "seoul_anomaly": 3.1598, "pred_anomaly": 2.4891, "pred_anomaly_std": 0.8259, "green_delta_c": -0.3899, "building_ratio": 0.197, "green_ratio": 0.2174, "ndvi": 0.157, "impervious_ratio": 0.5443, "built_surface_ratio": 0.5443, "avg_ground_floor_count": 5.4275, "elevation_m": 17.4648, "albedo": 0.1263, "nearest_park_distance_m": 13.6441, "park_area_within_500m": 360827.616, "nearest_stream_distance_m": 580.595, "est_population_density": 19085.3802, "dong_elderly_ratio": 0.1968, "dong_avg_age": 44.8, "dong_pop_density": 5338.6, "nearest_shelter_distance_m": 534.6364, "shelter_count_within_500m": 0.3309, "est_population": 1038.9, "est_elderly": 204.5, "shelter_capacity_within_500m": 126.0, "building_form_group": "high_floor_low_density", "dong_name": "용답동", "top1_feature": "impervious_ratio", "top1_shap": 0.7496, "top2_feature": "built_surface_ratio", "top2_shap": 0.7384, "top3_feature": "ndvi", "top3_shap": 0.1559, "priority_score": 71.0079, "priority_rank": 25 }, "geometry": { "type": "Polygon", "coordinates": [ [ [ 127.064083947288538, 37.55979995277125 ], [ 127.061253399359103, 37.559789468022501 ], [ 127.061240672487983, 37.561959746207123 ], [ 127.0620039, 37.56185063 ], [ 127.064073724654861, 37.561554527550378 ], [ 127.064083947288538, 37.55979995277125 ] ] ] } },
{ "type": "Feature", "properties": { "display_grid_id": "11200_00255", "gu_code": 11200, "gu_name": "성동구", "source_cell_count": 11, "area_m2": 42899.42, "mean_actual_lst": 40.9022, "mean_actual_anomaly": 2.8844, "seoul_anomaly": 3.1773, "pred_anomaly": 2.6574, "pred_anomaly_std": 0.9132, "green_delta_c": -0.3114, "building_ratio": 0.2758, "green_ratio": 0.2599, "ndvi": 0.127, "impervious_ratio": 0.358, "built_surface_ratio": 0.358, "avg_ground_floor_count": 5.3998, "elevation_m": 19.1196, "albedo": 0.117, "nearest_park_distance_m": 0.3345, "park_area_within_500m": 365960.5874, "nearest_stream_distance_m": 470.4067, "est_population_density": 5650.0518, "dong_elderly_ratio": 0.1968, "dong_avg_age": 44.8, "dong_pop_density": 5338.6, "nearest_shelter_distance_m": 418.8651, "shelter_count_within_500m": 1.0056, "est_population": 242.4, "est_elderly": 47.7, "shelter_capacity_within_500m": 389.3, "building_form_group": "high_floor_high_density", "dong_name": "용답동", "top1_feature": "built_surface_ratio", "top1_shap": 0.5552, "top2_feature": "ndvi", "top2_shap": 0.433, "top3_feature": "impervious_ratio", "top3_shap": 0.3854, "priority_score": 59.0317, "priority_rank": 89 }, "geometry": { "type": "Polygon", "coordinates": [ [ [ 127.066914496680099, 37.559810369663083 ], [ 127.064083947288538, 37.55979995277125 ], [ 127.064073724654861, 37.561554527550378 ], [ 127.064572490000018, 37.56148317000001 ], [ 127.066906747539136, 37.561149109798109 ], [ 127.066914496680099, 37.559810369663083 ] ] ] } },
{ "type": "Feature", "properties": { "display_grid_id": "11200_00256", "gu_code": 11200, "gu_name": "성동구", "source_cell_count": 8, "area_m2": 31365.21, "mean_actual_lst": 40.4047, "mean_actual_anomaly": 2.4965, "seoul_anomaly": 2.7895, "pred_anomaly": 3.1308, "pred_anomaly_std": 0.882, "green_delta_c": -0.1427, "building_ratio": 0.3491, "green_ratio": 0.2308, "ndvi": 0.1007, "impervious_ratio": 0.3998, "built_surface_ratio": 0.3998, "avg_ground_floor_count": 6.8902, "elevation_m": 20.3582, "albedo": 0.1089, "nearest_park_distance_m": 0.0, "park_area_within_500m": 293695.5147, "nearest_stream_distance_m": 269.9609, "est_population_density": 24852.8582, "dong_elderly_ratio": 0.1968, "dong_avg_age": 44.8, "dong_pop_density": 5338.6, "nearest_shelter_distance_m": 373.5204, "shelter_count_within_500m": 1.8341, "est_population": 779.5, "est_elderly": 153.4, "shelter_capacity_within_500m": 249.7, "building_form_group": "high_floor_high_density", "dong_name": "용답동", "top1_feature": "built_surface_ratio", "top1_shap": 0.5616, "top2_feature": "ndvi", "top2_shap": 0.5078, "top3_feature": "impervious_ratio", "top3_shap": 0.3983, "priority_score": 55.873, "priority_rank": 112 }, "geometry": { "type": "Polygon", "coordinates": [ [ [ 127.06974504752425, 37.5598207186979 ], [ 127.066914496680099, 37.559810369663083 ], [ 127.066906747539136, 37.561149109798109 ], [ 127.06955251, 37.56077041 ], [ 127.069739739848131, 37.560743713654439 ], [ 127.06974504752425, 37.5598207186979 ] ] ] } },
{ "type": "Feature", "properties": { "display_grid_id": "11200_00257", "gu_code": 11200, "gu_name": "성동구", "source_cell_count": 5, "area_m2": 15746.82, "mean_actual_lst": 37.6746, "mean_actual_anomaly": -0.1344, "seoul_anomaly": 0.1586, "pred_anomaly": 0.4901, "pred_anomaly_std": 0.8558, "green_delta_c": -0.2856, "building_ratio": 0.0002, "green_ratio": 0.2827, "ndvi": 0.2333, "impervious_ratio": 0.4295, "built_surface_ratio": 0.4295, "avg_ground_floor_count": 4.9371, "elevation_m": 15.3041, "albedo": 0.1182, "nearest_park_distance_m": 39.4783, "park_area_within_500m": 197772.8273, "nearest_stream_distance_m": 74.6172, "est_population_density": 30.6627, "dong_elderly_ratio": 0.1962, "dong_avg_age": 44.7469, "dong_pop_density": 7240.1112, "nearest_shelter_distance_m": 355.6551, "shelter_count_within_500m": 2.6506, "est_population": 0.5, "est_elderly": 0.1, "shelter_capacity_within_500m": 260.1, "building_form_group": "no_building", "dong_name": "용답동", "top1_feature": "impervious_ratio", "top1_shap": 0.7675, "top2_feature": "built_surface_ratio", "top2_shap": 0.5377, "top3_feature": "building_ratio", "top3_shap": -0.4697, "priority_score": 40.3571, "priority_rank": 245 }, "geometry": { "type": "Polygon", "coordinates": [ [ [ 127.072575599811515, 37.559830999875594 ], [ 127.06974504752425, 37.5598207186979 ], [ 127.069739739848131, 37.560743713654439 ], [ 127.06976859, 37.5607396 ], [ 127.06977655, 37.56073847 ], [ 127.069788220000021, 37.56073676 ], [ 127.069796530000019, 37.56073563 ], [ 127.069813510000017, 37.56073309 ], [ 127.06997636, 37.56070991 ], [ 127.069982190000019, 37.56070906 ], [ 127.06999015, 37.56070793 ], [ 127.06999828, 37.56070679 ], [ 127.070219660000021, 37.56067513 ], [ 127.07022656, 37.560674 ], [ 127.07023222, 37.56067316 ], [ 127.07023858, 37.56067231 ], [ 127.07024477, 37.56067146 ], [ 127.07031108, 37.56066185 ], [ 127.07031779, 37.560661 ], [ 127.07032522, 37.56065987 ], [ 127.07034149, 37.56065761 ], [ 127.07039171000001, 37.560650540000012 ], [ 127.07085586, 37.5605841 ], [ 127.07102772, 37.56053727 ], [ 127.07102804, 37.56051107 ], [ 127.071045679999983, 37.56046742 ], [ 127.07196335, 37.56011578 ], [ 127.07200472, 37.56010082 ], [ 127.07226088, 37.56000719 ], [ 127.07238409, 37.55996264 ], [ 127.072575291015852, 37.559885055632066 ], [ 127.072575599811515, 37.559830999875594 ] ] ] } },
{ "type": "Feature", "properties": { "display_grid_id": "11200_00258", "gu_code": 11200, "gu_name": "성동구", "source_cell_count": 1, "area_m2": 34.89, "mean_actual_lst": 37.5142, "mean_actual_anomaly": -0.0632, "seoul_anomaly": 0.2298, "pred_anomaly": 0.2416, "pred_anomaly_std": 1.5404, "green_delta_c": -0.4308, "building_ratio": 0.0017, "green_ratio": 0.2343, "ndvi": 0.0898, "impervious_ratio": 0.3387, "built_surface_ratio": 0.3387, "avg_ground_floor_count": 3.0, "elevation_m": 14.341, "albedo": 0.0903, "nearest_park_distance_m": 177.23, "park_area_within_500m": 123871.34, "nearest_stream_distance_m": 8.33, "est_population_density": 35.9, "dong_elderly_ratio": 0.1883, "dong_avg_age": 44.9, "dong_pop_density": 15325.9, "nearest_shelter_distance_m": 313.95, "shelter_count_within_500m": 2.0, "est_population": 0.0, "est_elderly": 0.0, "shelter_capacity_within_500m": 0.3, "building_form_group": "no_building", "dong_name": "송정동", "top1_feature": "impervious_ratio", "top1_shap": 0.6525, "top2_feature": "ndvi", "top2_shap": 0.6131, "top3_feature": "building_ratio", "top3_shap": -0.6121, "priority_score": 43.3413, "priority_rank": 225 }, "geometry": { "type": "Polygon", "coordinates": [ [ [ 127.072575599811515, 37.559830999875594 ], [ 127.072575291015852, 37.559885055632066 ], [ 127.072707331701267, 37.55983147670166 ], [ 127.072575599811515, 37.559830999875594 ] ] ] } },
{ "type": "Feature", "properties": { "display_grid_id": "11200_00259", "gu_code": 11200, "gu_name": "성동구", "source_cell_count": 9, "area_m2": 26011.58, "mean_actual_lst": 37.9607, "mean_actual_anomaly": -0.1944, "seoul_anomaly": 0.0985, "pred_anomaly": 0.1341, "pred_anomaly_std": 0.7329, "green_delta_c": -0.3049, "building_ratio": 0.1881, "green_ratio": 0.3379, "ndvi": 0.3023, "impervious_ratio": 0.3929, "built_surface_ratio": 0.3929, "avg_ground_floor_count": 13.2698, "elevation_m": 67.2976, "albedo": 0.1121, "nearest_park_distance_m": 119.8013, "park_area_within_500m": 165637.7917, "nearest_stream_distance_m": 830.6024, "est_population_density": 45962.9453, "dong_elderly_ratio": 0.1756, "dong_avg_age": 42.6027, "dong_pop_density": 43699.1267, "nearest_shelter_distance_m": 100.8788, "shelter_count_within_500m": 21.0924, "est_population": 1195.6, "est_elderly": 209.9, "shelter_capacity_within_500m": 2366.5, "building_form_group": "high_floor_low_density", "dong_name": "왕십리2동", "top1_feature": "ndvi", "top1_shap": -0.4964, "top2_feature": "built_surface_ratio", "top2_shap": 0.3595, "top3_feature": "impervious_ratio", "top3_shap": 0.3535, "priority_score": 40.6667, "priority_rank": 241 }, "geometry": { "type": "Polygon", "coordinates": [ [ [ 127.027258466512194, 37.564164990432033 ], [ 127.027272704901208, 37.561911674768773 ], [ 127.02458400823015, 37.561900878526934 ], [ 127.02463508, 37.5619244 ], [ 127.02470335, 37.56195564 ], [ 127.02475322, 37.56197871 ], [ 127.02480187, 37.56200095 ], [ 127.02501783, 37.56210086 ], [ 127.02527978000002, 37.56222385 ], [ 127.025408360000014, 37.56228295 ], [ 127.025419869999979, 37.56228942 ], [ 127.02551874, 37.56235247 ], [ 127.02554634, 37.56236964 ], [ 127.02558366, 37.56239554 ], [ 127.02563248, 37.56242678 ], [ 127.02565653, 37.56244226 ], [ 127.02569934, 37.56246956 ], [ 127.025757359999986, 37.56250672 ], [ 127.025928050000019, 37.56260692 ], [ 127.02594291, 37.5626193 ], [ 127.02594822, 37.5626255 ], [ 127.02598909000001, 37.56268068 ], [ 127.02604199, 37.56275105 ], [ 127.0261439, 37.56288787 ], [ 127.026224580000019, 37.5629926 ], [ 127.026309149999989, 37.5631038 ], [ 127.0264215, 37.56324511 ], [ 127.02651261, 37.56336757 ], [ 127.026560930000016, 37.56347455 ], [ 127.026592260000015, 37.56354381 ], [ 127.026611540000019, 37.56357308 ], [ 127.026645, 37.56367613 ], [ 127.02664802000001, 37.56369275 ], [ 127.02664804, 37.56375017 ], [ 127.026689450000021, 37.56383098 ], [ 127.02669759, 37.56384674000001 ], [ 127.02670378, 37.56385772 ], [ 127.026714740000017, 37.56386616 ], [ 127.02674924, 37.56389403 ], [ 127.02673634, 37.56392614 ], [ 127.02670136, 37.564009770000013 ], [ 127.02669714000001, 37.56410522 ], [ 127.026692559999987, 37.56415111 ], [ 127.02669733, 37.56415365 ], [ 127.02671361, 37.56416096 ], [ 127.026717600377765, 37.564162823438231 ], [ 127.027258466512194, 37.564164990432033 ] ] ] } },
{ "type": "Feature", "properties": { "display_grid_id": "11200_00260", "gu_code": 11200, "gu_name": "성동구", "source_cell_count": 12, "area_m2": 62500.0, "mean_actual_lst": 41.6023, "mean_actual_anomaly": 3.4351, "seoul_anomaly": 3.7281, "pred_anomaly": 2.5616, "pred_anomaly_std": 0.7779, "green_delta_c": -0.3444, "building_ratio": 0.3175, "green_ratio": 0.2358, "ndvi": 0.1634, "impervious_ratio": 0.4353, "built_surface_ratio": 0.4353, "avg_ground_floor_count": 6.5978, "elevation_m": 53.2617, "albedo": 0.1264, "nearest_park_distance_m": 129.9752, "park_area_within_500m": 206686.8424, "nearest_stream_distance_m": 753.4408, "est_population_density": 40179.1, "dong_elderly_ratio": 0.1755, "dong_avg_age": 42.576, "dong_pop_density": 43180.624, "nearest_shelter_distance_m": 74.7992, "shelter_count_within_500m": 19.36, "est_population": 2511.2, "est_elderly": 440.9, "shelter_capacity_within_500m": 2594.6, "building_form_group": "low_floor_high_density", "dong_name": "왕십리2동", "top1_feature": "built_surface_ratio", "top1_shap": 0.5894, "top2_feature": "impervious_ratio", "top2_shap": 0.577, "top3_feature": "building_ratio", "top3_shap": 0.4139, "priority_score": 62.8889, "priority_rank": 59 }, "geometry": { "type": "Polygon", "coordinates": [ [ [ 127.027272704901208, 37.561911674768773 ], [ 127.027258466512194, 37.564164990432033 ], [ 127.03008916664561, 37.564176291282749 ], [ 127.030103319785084, 37.561922974705602 ], [ 127.027272704901208, 37.561911674768773 ] ] ] } },
{ "type": "Feature", "properties": { "display_grid_id": "11200_00261", "gu_code": 11200, "gu_name": "성동구", "source_cell_count": 14, "area_m2": 62500.0, "mean_actual_lst": 42.0505, "mean_actual_anomaly": 3.7108, "seoul_anomaly": 4.0037, "pred_anomaly": 3.6171, "pred_anomaly_std": 0.6967, "green_delta_c": -0.2912, "building_ratio": 0.3764, "green_ratio": 0.2154, "ndvi": 0.0951, "impervious_ratio": 0.4562, "built_surface_ratio": 0.4562, "avg_ground_floor_count": 3.9153, "elevation_m": 36.6816, "albedo": 0.1288, "nearest_park_distance_m": 54.4352, "park_area_within_500m": 253748.2144, "nearest_stream_distance_m": 737.7576, "est_population_density": 25035.6, "dong_elderly_ratio": 0.1753, "dong_avg_age": 42.468, "dong_pop_density": 40767.832, "nearest_shelter_distance_m": 105.8072, "shelter_count_within_500m": 18.2, "est_population": 1564.7, "est_elderly": 274.2, "shelter_capacity_within_500m": 2135.0, "building_form_group": "low_floor_high_density", "dong_name": "왕십리2동", "top1_feature": "built_surface_ratio", "top1_shap": 0.6165, "top2_feature": "ndvi", "top2_shap": 0.5524, "top3_feature": "impervious_ratio", "top3_shap": 0.3927, "priority_score": 62.9206, "priority_rank": 58 }, "geometry": { "type": "Polygon", "coordinates": [ [ [ 127.030103319785084, 37.561922974705602 ], [ 127.03008916664561, 37.564176291282749 ], [ 127.032919868355378, 37.564187524266941 ], [ 127.032933936245186, 37.561934206781402 ], [ 127.030103319785084, 37.561922974705602 ] ] ] } },
{ "type": "Feature", "properties": { "display_grid_id": "11200_00262", "gu_code": 11200, "gu_name": "성동구", "source_cell_count": 13, "area_m2": 62500.0, "mean_actual_lst": 41.1596, "mean_actual_anomaly": 2.5187, "seoul_anomaly": 2.8116, "pred_anomaly": 3.0609, "pred_anomaly_std": 0.6906, "green_delta_c": -0.1178, "building_ratio": 0.43, "green_ratio": 0.2195, "ndvi": 0.1012, "impervious_ratio": 0.4001, "built_surface_ratio": 0.4001, "avg_ground_floor_count": 6.8536, "elevation_m": 33.5529, "albedo": 0.1155, "nearest_park_distance_m": 3.9352, "park_area_within_500m": 260438.3616, "nearest_stream_distance_m": 780.66, "est_population_density": 10468.4, "dong_elderly_ratio": 0.175, "dong_avg_age": 42.324, "dong_pop_density": 37550.776, "nearest_shelter_distance_m": 137.304, "shelter_count_within_500m": 17.4, "est_population": 654.3, "est_elderly": 114.5, "shelter_capacity_within_500m": 2020.5, "building_form_group": "high_floor_high_density", "dong_name": "왕십리도선동", "top1_feature": "built_surface_ratio", "top1_shap": 0.5533, "top2_feature": "building_ratio", "top2_shap": 0.4856, "top3_feature": "impervious_ratio", "top3_shap": 0.4015, "priority_score": 50.0, "priority_rank": 159 }, "geometry": { "type": "Polygon", "coordinates": [ [ [ 127.032933936245186, 37.561934206781402 ], [ 127.032919868355378, 37.564187524266941 ], [ 127.035750571632036, 37.564198689384469 ], [ 127.035764554271964, 37.561945370996021 ], [ 127.032933936245186, 37.561934206781402 ] ] ] } },
{ "type": "Feature", "properties": { "display_grid_id": "11200_00263", "gu_code": 11200, "gu_name": "성동구", "source_cell_count": 13, "area_m2": 62500.0, "mean_actual_lst": 40.5368, "mean_actual_anomaly": 2.0605, "seoul_anomaly": 2.3534, "pred_anomaly": 2.068, "pred_anomaly_std": 0.7269, "green_delta_c": -0.2387, "building_ratio": 0.2826, "green_ratio": 0.2259, "ndvi": 0.141, "impervious_ratio": 0.4742, "built_surface_ratio": 0.4742, "avg_ground_floor_count": 9.8559, "elevation_m": 25.1532, "albedo": 0.12, "nearest_park_distance_m": 23.2836, "park_area_within_500m": 297867.714, "nearest_stream_distance_m": 871.0304, "est_population_density": 65084.4, "dong_elderly_ratio": 0.1757, "dong_avg_age": 42.496, "dong_pop_density": 23245.74, "nearest_shelter_distance_m": 86.9236, "shelter_count_within_500m": 15.6, "est_population": 4067.8, "est_elderly": 708.3, "shelter_capacity_within_500m": 2148.5, "building_form_group": "high_floor_low_density", "dong_name": "행당1동", "top1_feature": "built_surface_ratio", "top1_shap": 0.458, "top2_feature": "impervious_ratio", "top2_shap": 0.4553, "top3_feature": "avg_ground_floor_count", "top3_shap": -0.3734, "priority_score": 57.7619, "priority_rank": 97 }, "geometry": { "type": "Polygon", "coordinates": [ [ [ 127.035764554271964, 37.561945370996021 ], [ 127.035750571632036, 37.564198689384469 ], [ 127.038581276466076, 37.564209786635253 ], [ 127.038595173855938, 37.561956467349361 ], [ 127.035764554271964, 37.561945370996021 ] ] ] } },
{ "type": "Feature", "properties": { "display_grid_id": "11200_00264", "gu_code": 11200, "gu_name": "성동구", "source_cell_count": 15, "area_m2": 62500.0, "mean_actual_lst": 41.1209, "mean_actual_anomaly": 2.9967, "seoul_anomaly": 3.2897, "pred_anomaly": 2.5675, "pred_anomaly_std": 0.7246, "green_delta_c": -0.3003, "building_ratio": 0.3028, "green_ratio": 0.2376, "ndvi": 0.156, "impervious_ratio": 0.4665, "built_surface_ratio": 0.4665, "avg_ground_floor_count": 6.6472, "elevation_m": 26.1516, "albedo": 0.1198, "nearest_park_distance_m": 90.8276, "park_area_within_500m": 267429.3356, "nearest_stream_distance_m": 781.1528, "est_population_density": 60302.0, "dong_elderly_ratio": 0.1895, "dong_avg_age": 43.136, "dong_pop_density": 21557.34, "nearest_shelter_distance_m": 91.4012, "shelter_count_within_500m": 15.92, "est_population": 3768.9, "est_elderly": 699.3, "shelter_capacity_within_500m": 2124.0, "building_form_group": "high_floor_high_density", "dong_name": "마장동", "top1_feature": "built_surface_ratio", "top1_shap": 0.5368, "top2_feature": "impervious_ratio", "top2_shap": 0.5312, "top3_feature": "ndvi", "top3_shap": 0.2731, "priority_score": 63.3174, "priority_rank": 54 }, "geometry": { "type": "Polygon", "coordinates": [ [ [ 127.038595173855938, 37.561956467349361 ], [ 127.038581276466076, 37.564209786635253 ], [ 127.041411982848032, 37.56422081601913 ], [ 127.041425794987632, 37.561967495841316 ], [ 127.038595173855938, 37.561956467349361 ] ] ] } },
{ "type": "Feature", "properties": { "display_grid_id": "11200_00265", "gu_code": 11200, "gu_name": "성동구", "source_cell_count": 11, "area_m2": 62500.0, "mean_actual_lst": 41.105, "mean_actual_anomaly": 2.6318, "seoul_anomaly": 2.9248, "pred_anomaly": 2.49, "pred_anomaly_std": 0.7355, "green_delta_c": -0.612, "building_ratio": 0.2798, "green_ratio": 0.2795, "ndvi": 0.2391, "impervious_ratio": 0.4935, "built_surface_ratio": 0.4935, "avg_ground_floor_count": 2.8682, "elevation_m": 32.4082, "albedo": 0.1187, "nearest_park_distance_m": 59.5744, "park_area_within_500m": 196702.166, "nearest_stream_distance_m": 540.2952, "est_population_density": 20213.6, "dong_elderly_ratio": 0.1909, "dong_avg_age": 43.2, "dong_pop_density": 21388.5, "nearest_shelter_distance_m": 124.3504, "shelter_count_within_500m": 16.36, "est_population": 1263.3, "est_elderly": 241.2, "shelter_capacity_within_500m": 2197.2, "building_form_group": "low_floor_high_density", "dong_name": "마장동", "top1_feature": "built_surface_ratio", "top1_shap": 0.6309, "top2_feature": "impervious_ratio", "top2_shap": 0.5664, "top3_feature": "ndvi", "top3_shap": -0.3977, "priority_score": 65.8413, "priority_rank": 40 }, "geometry": { "type": "Polygon", "coordinates": [ [ [ 127.041425794987632, 37.561967495841316 ], [ 127.041411982848032, 37.56422081601913 ], [ 127.044242690768357, 37.564231777536015 ], [ 127.044256417657564, 37.561978456471749 ], [ 127.041425794987632, 37.561967495841316 ] ] ] } },
{ "type": "Feature", "properties": { "display_grid_id": "11200_00266", "gu_code": 11200, "gu_name": "성동구", "source_cell_count": 12, "area_m2": 62500.0, "mean_actual_lst": 41.2954, "mean_actual_anomaly": 2.8288, "seoul_anomaly": 3.1217, "pred_anomaly": 3.1921, "pred_anomaly_std": 0.8161, "green_delta_c": -0.4709, "building_ratio": 0.3126, "green_ratio": 0.2258, "ndvi": 0.2121, "impervious_ratio": 0.6095, "built_surface_ratio": 0.6095, "avg_ground_floor_count": 3.4543, "elevation_m": 36.4669, "albedo": 0.1331, "nearest_park_distance_m": 69.8944, "park_area_within_500m": 151162.2828, "nearest_stream_distance_m": 317.8768, "est_population_density": 25796.0, "dong_elderly_ratio": 0.1525, "dong_avg_age": 39.52, "dong_pop_density": 18483.66, "nearest_shelter_distance_m": 103.9072, "shelter_count_within_500m": 15.64, "est_population": 1612.2, "est_elderly": 256.1, "shelter_capacity_within_500m": 2099.7, "building_form_group": "low_floor_high_density", "dong_name": "마장동", "top1_feature": "built_surface_ratio", "top1_shap": 0.7595, "top2_feature": "impervious_ratio", "top2_shap": 0.6679, "top3_feature": "building_ratio", "top3_shap": 0.3189, "priority_score": 65.746, "priority_rank": 41 }, "geometry": { "type": "Polygon", "coordinates": [ [ [ 127.044256417657564, 37.561978456471749 ], [ 127.044242690768357, 37.564231777536015 ], [ 127.047073400217613, 37.564242671185802 ], [ 127.047087041856201, 37.561989349240562 ], [ 127.044256417657564, 37.561978456471749 ] ] ] } },
{ "type": "Feature", "properties": { "display_grid_id": "11200_00267", "gu_code": 11200, "gu_name": "성동구", "source_cell_count": 12, "area_m2": 62500.0, "mean_actual_lst": 40.9252, "mean_actual_anomaly": 2.5225, "seoul_anomaly": 2.8154, "pred_anomaly": 2.7014, "pred_anomaly_std": 0.8456, "green_delta_c": -0.3745, "building_ratio": 0.1925, "green_ratio": 0.2424, "ndvi": 0.1795, "impervious_ratio": 0.4775, "built_surface_ratio": 0.4775, "avg_ground_floor_count": 3.6601, "elevation_m": 23.0102, "albedo": 0.1241, "nearest_park_distance_m": 199.9432, "park_area_within_500m": 111890.9256, "nearest_stream_distance_m": 86.2192, "est_population_density": 16570.8, "dong_elderly_ratio": 0.1072, "dong_avg_age": 35.296, "dong_pop_density": 13071.864, "nearest_shelter_distance_m": 107.5028, "shelter_count_within_500m": 13.8, "est_population": 1035.7, "est_elderly": 99.1, "shelter_capacity_within_500m": 1696.2, "building_form_group": "low_floor_high_density", "dong_name": "사근동", "top1_feature": "impervious_ratio", "top1_shap": 0.6742, "top2_feature": "built_surface_ratio", "top2_shap": 0.6629, "top3_feature": "building_ratio", "top3_shap": 0.0974, "priority_score": 55.6667, "priority_rank": 116 }, "geometry": { "type": "Polygon", "coordinates": [ [ [ 127.047087041856201, 37.561989349240562 ], [ 127.047073400217613, 37.564242671185802 ], [ 127.049904111186251, 37.564253496968341 ], [ 127.049917667574064, 37.562000174147649 ], [ 127.047087041856201, 37.561989349240562 ] ] ] } },
{ "type": "Feature", "properties": { "display_grid_id": "11200_00268", "gu_code": 11200, "gu_name": "성동구", "source_cell_count": 15, "area_m2": 62500.0, "mean_actual_lst": 41.4029, "mean_actual_anomaly": 3.0329, "seoul_anomaly": 3.3259, "pred_anomaly": 3.4114, "pred_anomaly_std": 0.7928, "green_delta_c": -0.33, "building_ratio": 0.3488, "green_ratio": 0.2494, "ndvi": 0.1384, "impervious_ratio": 0.4392, "built_surface_ratio": 0.4392, "avg_ground_floor_count": 2.1466, "elevation_m": 17.4108, "albedo": 0.1271, "nearest_park_distance_m": 225.4704, "park_area_within_500m": 63909.7904, "nearest_stream_distance_m": 116.3816, "est_population_density": 23056.4, "dong_elderly_ratio": 0.1724, "dong_avg_age": 42.208, "dong_pop_density": 7447.672, "nearest_shelter_distance_m": 109.3612, "shelter_count_within_500m": 13.56, "est_population": 1441.0, "est_elderly": 271.1, "shelter_capacity_within_500m": 1937.2, "building_form_group": "low_floor_high_density", "dong_name": "용답동", "top1_feature": "built_surface_ratio", "top1_shap": 0.643, "top2_feature": "building_ratio", "top2_shap": 0.3258, "top3_feature": "impervious_ratio", "top3_shap": 0.4441, "priority_score": 60.0635, "priority_rank": 79 }, "geometry": { "type": "Polygon", "coordinates": [ [ [ 127.049917667574064, 37.562000174147649 ], [ 127.049904111186251, 37.564253496968341 ], [ 127.052734823664821, 37.564264254883561 ], [ 127.05274829480166, 37.56201093119288 ], [ 127.049917667574064, 37.562000174147649 ] ] ] } },
{ "type": "Feature", "properties": { "display_grid_id": "11200_00269", "gu_code": 11200, "gu_name": "성동구", "source_cell_count": 15, "area_m2": 62500.0, "mean_actual_lst": 42.3237, "mean_actual_anomaly": 3.9574, "seoul_anomaly": 4.2503, "pred_anomaly": 3.8609, "pred_anomaly_std": 0.5892, "green_delta_c": -0.1066, "building_ratio": 0.4801, "green_ratio": 0.2239, "ndvi": 0.0815, "impervious_ratio": 0.4012, "built_surface_ratio": 0.4012, "avg_ground_floor_count": 3.321, "elevation_m": 18.0912, "albedo": 0.1267, "nearest_park_distance_m": 224.6972, "park_area_within_500m": 120777.9772, "nearest_stream_distance_m": 161.696, "est_population_density": 40102.344, "dong_elderly_ratio": 0.1968, "dong_avg_age": 44.8, "dong_pop_density": 5338.6, "nearest_shelter_distance_m": 97.3852, "shelter_count_within_500m": 9.0, "est_population": 2506.4, "est_elderly": 493.2, "shelter_capacity_within_500m": 1376.3, "building_form_group": "low_floor_high_density", "dong_name": "용답동", "top1_feature": "building_ratio", "top1_shap": 0.711, "top2_feature": "ndvi", "top2_shap": 0.62, "top3_feature": "built_surface_ratio", "top3_shap": 0.5701, "priority_score": 60.9921, "priority_rank": 74 }, "geometry": { "type": "Polygon", "coordinates": [ [ [ 127.05274829480166, 37.56201093119288 ], [ 127.052734823664821, 37.564264254883561 ], [ 127.055565537643815, 37.564274944931327 ], [ 127.055578923529524, 37.562021620376136 ], [ 127.05274829480166, 37.56201093119288 ] ] ] } },
{ "type": "Feature", "properties": { "display_grid_id": "11200_00270", "gu_code": 11200, "gu_name": "성동구", "source_cell_count": 13, "area_m2": 43769.36, "mean_actual_lst": 41.5602, "mean_actual_anomaly": 3.1375, "seoul_anomaly": 3.4304, "pred_anomaly": 3.0533, "pred_anomaly_std": 0.7411, "green_delta_c": -0.4377, "building_ratio": 0.2162, "green_ratio": 0.2104, "ndvi": 0.1417, "impervious_ratio": 0.5215, "built_surface_ratio": 0.5215, "avg_ground_floor_count": 4.9773, "elevation_m": 21.4105, "albedo": 0.1209, "nearest_park_distance_m": 85.6919, "park_area_within_500m": 201587.9938, "nearest_stream_distance_m": 75.6614, "est_population_density": 32031.4604, "dong_elderly_ratio": 0.1968, "dong_avg_age": 44.8, "dong_pop_density": 5338.6, "nearest_shelter_distance_m": 133.5147, "shelter_count_within_500m": 5.9567, "est_population": 1402.0, "est_elderly": 275.8, "shelter_capacity_within_500m": 1021.5, "building_form_group": "high_floor_high_density", "dong_name": "용답동", "top1_feature": "impervious_ratio", "top1_shap": 0.6985, "top2_feature": "built_surface_ratio", "top2_shap": 0.6779, "top3_feature": "ndvi", "top3_shap": 0.296, "priority_score": 69.8889, "priority_rank": 29 }, "geometry": { "type": "Polygon", "coordinates": [ [ [ 127.058409553748106, 37.562032241697345 ], [ 127.055578923529524, 37.562021620376136 ], [ 127.055565537643815, 37.564274944931327 ], [ 127.056171870853419, 37.56427722589175 ], [ 127.056321020000013, 37.56417064 ], [ 127.056539300000011, 37.56398865 ], [ 127.05655043, 37.56397907 ], [ 127.05659074, 37.56394302 ], [ 127.058406318271636, 37.562580402743656 ], [ 127.058409553748106, 37.562032241697345 ] ] ] } },
{ "type": "Feature", "properties": { "display_grid_id": "11200_00271", "gu_code": 11200, "gu_name": "성동구", "source_cell_count": 3, "area_m2": 4064.14, "mean_actual_lst": 41.4912, "mean_actual_anomaly": 3.0885, "seoul_anomaly": 3.3815, "pred_anomaly": 3.2503, "pred_anomaly_std": 0.7741, "green_delta_c": -0.5912, "building_ratio": 0.129, "green_ratio": 0.1882, "ndvi": 0.102, "impervious_ratio": 0.5797, "built_surface_ratio": 0.5797, "avg_ground_floor_count": 5.7681, "elevation_m": 19.3767, "albedo": 0.1072, "nearest_park_distance_m": 0.0, "park_area_within_500m": 275554.3394, "nearest_stream_distance_m": 281.15, "est_population_density": 25540.4133, "dong_elderly_ratio": 0.1968, "dong_avg_age": 44.8, "dong_pop_density": 5338.6, "nearest_shelter_distance_m": 360.7051, "shelter_count_within_500m": 5.0, "est_population": 103.8, "est_elderly": 20.4, "shelter_capacity_within_500m": 272.0, "building_form_group": "high_floor_low_density", "dong_name": "용답동", "top1_feature": "built_surface_ratio", "top1_shap": 0.8501, "top2_feature": "impervious_ratio", "top2_shap": 0.8367, "top3_feature": "ndvi", "top3_shap": 0.7208, "priority_score": 71.6349, "priority_rank": 22 }, "geometry": { "type": "Polygon", "coordinates": [ [ [ 127.058409553748106, 37.562032241697345 ], [ 127.058406318271636, 37.562580402743656 ], [ 127.05876088, 37.56231429 ], [ 127.05958985, 37.56219591 ], [ 127.06008532, 37.56212499 ], [ 127.06009381, 37.56212358 ], [ 127.06013855, 37.56211736 ], [ 127.06015376, 37.5621151 ], [ 127.060163829999979, 37.56211369 ], [ 127.060674466942245, 37.562040691411568 ], [ 127.058409553748106, 37.562032241697345 ] ] ] } },
{ "type": "Feature", "properties": { "display_grid_id": "11200_00272", "gu_code": 11200, "gu_name": "성동구", "source_cell_count": 6, "area_m2": 10310.53, "mean_actual_lst": 38.019, "mean_actual_anomaly": 0.0025, "seoul_anomaly": 0.2955, "pred_anomaly": 1.1402, "pred_anomaly_std": 0.7234, "green_delta_c": -0.0487, "building_ratio": 0.1706, "green_ratio": 0.2141, "ndvi": 0.1392, "impervious_ratio": 0.4416, "built_surface_ratio": 0.4416, "avg_ground_floor_count": 15.408, "elevation_m": 31.3485, "albedo": 0.1012, "nearest_park_distance_m": 0.0, "park_area_within_500m": 297769.7492, "nearest_stream_distance_m": 593.6672, "est_population_density": 23771.7846, "dong_elderly_ratio": 0.1749, "dong_avg_age": 42.3, "dong_pop_density": 37014.6, "nearest_shelter_distance_m": 129.2127, "shelter_count_within_500m": 18.273, "est_population": 245.1, "est_elderly": 42.9, "shelter_capacity_within_500m": 884.0, "building_form_group": "high_floor_low_density", "dong_name": "왕십리도선동", "top1_feature": "avg_ground_floor_count", "top1_shap": -0.7174, "top2_feature": "impervious_ratio", "top2_shap": 0.5674, "top3_feature": "built_surface_ratio", "top3_shap": 0.5652, "priority_score": 37.5873, "priority_rank": 262 }, "geometry": { "type": "Polygon", "coordinates": [ [ [ 127.02441344273096, 37.566406935591907 ], [ 127.024421474150714, 37.565143649724533 ], [ 127.02358433000002, 37.56517914 ], [ 127.02358433000002, 37.56519997 ], [ 127.023582760000011, 37.56527093 ], [ 127.02358084, 37.5653813 ], [ 127.023579100000021, 37.56547027 ], [ 127.02357806, 37.56552856 ], [ 127.023577190000012, 37.56557754 ], [ 127.02357404, 37.56569721000001 ], [ 127.02357018, 37.56579463 ], [ 127.02356983, 37.56580449 ], [ 127.023563689999989, 37.56599313000001 ], [ 127.02356269000002, 37.5661998 ], [ 127.023563229999979, 37.56623218 ], [ 127.02356324, 37.56624119 ], [ 127.02356237, 37.5662837 ], [ 127.02356149000002, 37.56631411 ], [ 127.023559482698857, 37.566403492396773 ], [ 127.02441344273096, 37.566406935591907 ] ] ] } },
{ "type": "Feature", "properties": { "display_grid_id": "11200_00273", "gu_code": 11200, "gu_name": "성동구", "source_cell_count": 10, "area_m2": 41364.52, "mean_actual_lst": 38.1965, "mean_actual_anomaly": 0.2316, "seoul_anomaly": 0.5246, "pred_anomaly": 1.6412, "pred_anomaly_std": 0.7833, "green_delta_c": -0.065, "building_ratio": 0.2301, "green_ratio": 0.2185, "ndvi": 0.1565, "impervious_ratio": 0.4861, "built_surface_ratio": 0.4861, "avg_ground_floor_count": 13.1229, "elevation_m": 37.0803, "albedo": 0.1026, "nearest_park_distance_m": 5.5945, "park_area_within_500m": 325097.431, "nearest_stream_distance_m": 547.3447, "est_population_density": 44433.9893, "dong_elderly_ratio": 0.1749, "dong_avg_age": 42.3174, "dong_pop_density": 37384.0102, "nearest_shelter_distance_m": 169.4792, "shelter_count_within_500m": 18.9316, "est_population": 1838.0, "est_elderly": 321.6, "shelter_capacity_within_500m": 2642.8, "building_form_group": "high_floor_low_density", "dong_name": "왕십리도선동", "top1_feature": "built_surface_ratio", "top1_shap": 0.5852, "top2_feature": "impervious_ratio", "top2_shap": 0.579, "top3_feature": "avg_ground_floor_count", "top3_shap": -0.4944, "priority_score": 48.5556, "priority_rank": 184 }, "geometry": { "type": "Polygon", "coordinates": [ [ [ 127.02441344273096, 37.566406935591907 ], [ 127.027244226537306, 37.566418305228474 ], [ 127.027258466512194, 37.564164990432033 ], [ 127.026717600377765, 37.564162823438231 ], [ 127.026743139999979, 37.56417475 ], [ 127.02679675, 37.56420121 ], [ 127.026788090000011, 37.56423021 ], [ 127.02676513, 37.56431243 ], [ 127.026745870000013, 37.564371 ], [ 127.026751189999985, 37.56442787000001 ], [ 127.02667288, 37.56450447 ], [ 127.0266798, 37.56459739 ], [ 127.02670989, 37.56469479 ], [ 127.02673221, 37.56476659 ], [ 127.02666448, 37.564792790000013 ], [ 127.02670093, 37.56484966 ], [ 127.02675861, 37.56493355 ], [ 127.02676145, 37.56495748 ], [ 127.02678553, 37.56504053 ], [ 127.026735830000021, 37.5650428 ], [ 127.02639805, 37.56505751 ], [ 127.02613525, 37.56507052 ], [ 127.025385570000012, 37.56510277 ], [ 127.024421474150714, 37.565143649724533 ], [ 127.02441344273096, 37.566406935591907 ] ] ] } },
{ "type": "Feature", "properties": { "display_grid_id": "11200_00274", "gu_code": 11200, "gu_name": "성동구", "source_cell_count": 16, "area_m2": 62500.0, "mean_actual_lst": 38.7639, "mean_actual_anomaly": 1.1292, "seoul_anomaly": 1.4222, "pred_anomaly": 1.7232, "pred_anomaly_std": 0.7499, "green_delta_c": -0.0461, "building_ratio": 0.2649, "green_ratio": 0.2124, "ndvi": 0.1483, "impervious_ratio": 0.4881, "built_surface_ratio": 0.4881, "avg_ground_floor_count": 13.8361, "elevation_m": 38.0284, "albedo": 0.1071, "nearest_park_distance_m": 11.9008, "park_area_within_500m": 294941.7792, "nearest_stream_distance_m": 518.7976, "est_population_density": 49243.948, "dong_elderly_ratio": 0.175, "dong_avg_age": 42.336, "dong_pop_density": 37818.864, "nearest_shelter_distance_m": 142.2408, "shelter_count_within_500m": 18.48, "est_population": 3077.7, "est_elderly": 538.6, "shelter_capacity_within_500m": 2775.1, "building_form_group": "high_floor_low_density", "dong_name": "왕십리도선동", "top1_feature": "built_surface_ratio", "top1_shap": 0.5829, "top2_feature": "impervious_ratio", "top2_shap": 0.5758, "top3_feature": "avg_ground_floor_count", "top3_shap": -0.5095, "priority_score": 54.3016, "priority_rank": 123 }, "geometry": { "type": "Polygon", "coordinates": [ [ [ 127.027258466512194, 37.564164990432033 ], [ 127.027244226537306, 37.566418305228474 ], [ 127.030075011929711, 37.56642960699314 ], [ 127.03008916664561, 37.564176291282749 ], [ 127.027258466512194, 37.564164990432033 ] ] ] } },
{ "type": "Feature", "properties": { "display_grid_id": "11200_00275", "gu_code": 11200, "gu_name": "성동구", "source_cell_count": 12, "area_m2": 62500.0, "mean_actual_lst": 41.4024, "mean_actual_anomaly": 3.5893, "seoul_anomaly": 3.8823, "pred_anomaly": 4.0069, "pred_anomaly_std": 0.6556, "green_delta_c": -0.2068, "building_ratio": 0.4442, "green_ratio": 0.2267, "ndvi": 0.1124, "impervious_ratio": 0.4004, "built_surface_ratio": 0.4004, "avg_ground_floor_count": 3.4417, "elevation_m": 32.737, "albedo": 0.1154, "nearest_park_distance_m": 98.8456, "park_area_within_500m": 283190.0128, "nearest_stream_distance_m": 499.3152, "est_population_density": 39427.6, "dong_elderly_ratio": 0.1749, "dong_avg_age": 42.3, "dong_pop_density": 37014.6, "nearest_shelter_distance_m": 104.412, "shelter_count_within_500m": 15.32, "est_population": 2464.2, "est_elderly": 431.0, "shelter_capacity_within_500m": 2499.5, "building_form_group": "low_floor_high_density", "dong_name": "왕십리도선동", "top1_feature": "building_ratio", "top1_shap": 0.6902, "top2_feature": "built_surface_ratio", "top2_shap": 0.5797, "top3_feature": "impervious_ratio", "top3_shap": 0.4625, "priority_score": 61.3809, "priority_rank": 71 }, "geometry": { "type": "Polygon", "coordinates": [ [ [ 127.03008916664561, 37.564176291282749 ], [ 127.030075011929711, 37.56642960699314 ], [ 127.032905798898668, 37.566440840885782 ], [ 127.032919868355378, 37.564187524266941 ], [ 127.03008916664561, 37.564176291282749 ] ] ] } },
{ "type": "Feature", "properties": { "display_grid_id": "11200_00276", "gu_code": 11200, "gu_name": "성동구", "source_cell_count": 14, "area_m2": 62500.0, "mean_actual_lst": 41.7621, "mean_actual_anomaly": 3.3529, "seoul_anomaly": 3.6459, "pred_anomaly": 3.6385, "pred_anomaly_std": 0.6616, "green_delta_c": -0.1247, "building_ratio": 0.4016, "green_ratio": 0.2263, "ndvi": 0.0897, "impervious_ratio": 0.395, "built_surface_ratio": 0.395, "avg_ground_floor_count": 4.8351, "elevation_m": 27.9993, "albedo": 0.1104, "nearest_park_distance_m": 38.2496, "park_area_within_500m": 257680.7408, "nearest_stream_distance_m": 554.0096, "est_population_density": 35034.8, "dong_elderly_ratio": 0.1749, "dong_avg_age": 42.3, "dong_pop_density": 37014.6, "nearest_shelter_distance_m": 128.8784, "shelter_count_within_500m": 17.4, "est_population": 2189.7, "est_elderly": 383.1, "shelter_capacity_within_500m": 2411.0, "building_form_group": "low_floor_high_density", "dong_name": "왕십리도선동", "top1_feature": "building_ratio", "top1_shap": 0.5759, "top2_feature": "built_surface_ratio", "top2_shap": 0.5665, "top3_feature": "ndvi", "top3_shap": 0.388, "priority_score": 59.5873, "priority_rank": 86 }, "geometry": { "type": "Polygon", "coordinates": [ [ [ 127.032919868355378, 37.564187524266941 ], [ 127.032905798898668, 37.566440840885782 ], [ 127.035736587434698, 37.566452006906289 ], [ 127.035750571632036, 37.564198689384469 ], [ 127.032919868355378, 37.564187524266941 ] ] ] } },
{ "type": "Feature", "properties": { "display_grid_id": "11200_00277", "gu_code": 11200, "gu_name": "성동구", "source_cell_count": 14, "area_m2": 62500.0, "mean_actual_lst": 41.9606, "mean_actual_anomaly": 3.5447, "seoul_anomaly": 3.8376, "pred_anomaly": 2.7315, "pred_anomaly_std": 0.7057, "green_delta_c": -0.3105, "building_ratio": 0.2309, "green_ratio": 0.1971, "ndvi": 0.1175, "impervious_ratio": 0.5588, "built_surface_ratio": 0.5588, "avg_ground_floor_count": 7.5012, "elevation_m": 22.8943, "albedo": 0.1178, "nearest_park_distance_m": 23.6092, "park_area_within_500m": 280930.1924, "nearest_stream_distance_m": 678.4192, "est_population_density": 37203.6, "dong_elderly_ratio": 0.1802, "dong_avg_age": 42.656, "dong_pop_density": 27064.212, "nearest_shelter_distance_m": 103.1804, "shelter_count_within_500m": 15.76, "est_population": 2325.2, "est_elderly": 416.4, "shelter_capacity_within_500m": 2208.0, "building_form_group": "high_floor_low_density", "dong_name": "마장동", "top1_feature": "built_surface_ratio", "top1_shap": 0.6873, "top2_feature": "impervious_ratio", "top2_shap": 0.6639, "top3_feature": "ndvi", "top3_shap": 0.3216, "priority_score": 67.6349, "priority_rank": 32 }, "geometry": { "type": "Polygon", "coordinates": [ [ [ 127.035750571632036, 37.564198689384469 ], [ 127.035736587434698, 37.566452006906289 ], [ 127.038567377528324, 37.566463105054538 ], [ 127.038581276466076, 37.564209786635253 ], [ 127.035750571632036, 37.564198689384469 ] ] ] } },
{ "type": "Feature", "properties": { "display_grid_id": "11200_00278", "gu_code": 11200, "gu_name": "성동구", "source_cell_count": 14, "area_m2": 62500.0, "mean_actual_lst": 41.3727, "mean_actual_anomaly": 2.9532, "seoul_anomaly": 3.2461, "pred_anomaly": 2.2262, "pred_anomaly_std": 0.7179, "green_delta_c": -0.4189, "building_ratio": 0.2265, "green_ratio": 0.2305, "ndvi": 0.1672, "impervious_ratio": 0.5258, "built_surface_ratio": 0.5258, "avg_ground_floor_count": 9.0853, "elevation_m": 22.133, "albedo": 0.1149, "nearest_park_distance_m": 90.0684, "park_area_within_500m": 309279.9596, "nearest_stream_distance_m": 676.228, "est_population_density": 47115.6, "dong_elderly_ratio": 0.1909, "dong_avg_age": 43.2, "dong_pop_density": 21388.5, "nearest_shelter_distance_m": 59.09, "shelter_count_within_500m": 17.84, "est_population": 2944.7, "est_elderly": 562.1, "shelter_capacity_within_500m": 2505.5, "building_form_group": "high_floor_low_density", "dong_name": "마장동", "top1_feature": "built_surface_ratio", "top1_shap": 0.6226, "top2_feature": "impervious_ratio", "top2_shap": 0.6113, "top3_feature": "avg_ground_floor_count", "top3_shap": -0.2072, "priority_score": 65.6905, "priority_rank": 42 }, "geometry": { "type": "Polygon", "coordinates": [ [ [ 127.038581276466076, 37.564209786635253 ], [ 127.038567377528324, 37.566463105054538 ], [ 127.041398169170009, 37.566474135330409 ], [ 127.041411982848032, 37.56422081601913 ], [ 127.038581276466076, 37.564209786635253 ] ] ] } },
{ "type": "Feature", "properties": { "display_grid_id": "11200_00279", "gu_code": 11200, "gu_name": "성동구", "source_cell_count": 12, "area_m2": 62500.0, "mean_actual_lst": 43.3549, "mean_actual_anomaly": 4.901, "seoul_anomaly": 5.194, "pred_anomaly": 3.9209, "pred_anomaly_std": 0.7057, "green_delta_c": -0.4711, "building_ratio": 0.3596, "green_ratio": 0.2049, "ndvi": 0.142, "impervious_ratio": 0.5666, "built_surface_ratio": 0.5666, "avg_ground_floor_count": 3.0325, "elevation_m": 22.4421, "albedo": 0.127, "nearest_park_distance_m": 17.0896, "park_area_within_500m": 251151.1972, "nearest_stream_distance_m": 450.6936, "est_population_density": 24514.4, "dong_elderly_ratio": 0.1909, "dong_avg_age": 43.2, "dong_pop_density": 21388.5, "nearest_shelter_distance_m": 125.6096, "shelter_count_within_500m": 18.12, "est_population": 1532.1, "est_elderly": 292.5, "shelter_capacity_within_500m": 2533.7, "building_form_group": "low_floor_high_density", "dong_name": "마장동", "top1_feature": "built_surface_ratio", "top1_shap": 0.7261, "top2_feature": "impervious_ratio", "top2_shap": 0.6927, "top3_feature": "building_ratio", "top3_shap": 0.4151, "priority_score": 75.8889, "priority_rank": 5 }, "geometry": { "type": "Polygon", "coordinates": [ [ [ 127.041411982848032, 37.56422081601913 ], [ 127.041398169170009, 37.566474135330409 ], [ 127.04422896235026, 37.566485097733803 ], [ 127.044242690768357, 37.564231777536015 ], [ 127.041411982848032, 37.56422081601913 ] ] ] } },
{ "type": "Feature", "properties": { "display_grid_id": "11200_00280", "gu_code": 11200, "gu_name": "성동구", "source_cell_count": 14, "area_m2": 62500.0, "mean_actual_lst": 40.9974, "mean_actual_anomaly": 2.5947, "seoul_anomaly": 2.8876, "pred_anomaly": 2.5979, "pred_anomaly_std": 0.7458, "green_delta_c": -0.4361, "building_ratio": 0.2276, "green_ratio": 0.2305, "ndvi": 0.1991, "impervious_ratio": 0.5346, "built_surface_ratio": 0.5346, "avg_ground_floor_count": 6.9073, "elevation_m": 25.3573, "albedo": 0.115, "nearest_park_distance_m": 4.0112, "park_area_within_500m": 240478.5428, "nearest_stream_distance_m": 227.8352, "est_population_density": 37706.4, "dong_elderly_ratio": 0.1832, "dong_avg_age": 42.464, "dong_pop_density": 20807.532, "nearest_shelter_distance_m": 69.3184, "shelter_count_within_500m": 15.0, "est_population": 2356.7, "est_elderly": 443.3, "shelter_capacity_within_500m": 2207.3, "building_form_group": "high_floor_low_density", "dong_name": "마장동", "top1_feature": "built_surface_ratio", "top1_shap": 0.6536, "top2_feature": "impervious_ratio", "top2_shap": 0.6376, "top3_feature": "green_ratio", "top3_shap": 0.2606, "priority_score": 62.9603, "priority_rank": 57 }, "geometry": { "type": "Polygon", "coordinates": [ [ [ 127.044242690768357, 37.564231777536015 ], [ 127.04422896235026, 37.566485097733803 ], [ 127.0470597570596, 37.566495992264592 ], [ 127.047073400217613, 37.564242671185802 ], [ 127.044242690768357, 37.564231777536015 ] ] ] } },
{ "type": "Feature", "properties": { "display_grid_id": "11200_00281", "gu_code": 11200, "gu_name": "성동구", "source_cell_count": 11, "area_m2": 62500.0, "mean_actual_lst": 39.8207, "mean_actual_anomaly": 1.4179, "seoul_anomaly": 1.7109, "pred_anomaly": 1.8777, "pred_anomaly_std": 0.9615, "green_delta_c": -0.5237, "building_ratio": 0.0355, "green_ratio": 0.2952, "ndvi": 0.1873, "impervious_ratio": 0.3663, "built_surface_ratio": 0.3663, "avg_ground_floor_count": 1.1386, "elevation_m": 20.0431, "albedo": 0.122, "nearest_park_distance_m": 62.0624, "park_area_within_500m": 194213.06, "nearest_stream_distance_m": 49.6104, "est_population_density": 2171.6, "dong_elderly_ratio": 0.1633, "dong_avg_age": 41.088, "dong_pop_density": 10718.68, "nearest_shelter_distance_m": 158.414, "shelter_count_within_500m": 11.56, "est_population": 135.7, "est_elderly": 15.4, "shelter_capacity_within_500m": 1434.7, "building_form_group": "no_building", "dong_name": "용답동", "top1_feature": "impervious_ratio", "top1_shap": 0.6901, "top2_feature": "built_surface_ratio", "top2_shap": 0.6331, "top3_feature": "building_ratio", "top3_shap": -0.3515, "priority_score": 52.5079, "priority_rank": 138 }, "geometry": { "type": "Polygon", "coordinates": [ [ [ 127.047073400217613, 37.564242671185802 ], [ 127.0470597570596, 37.566495992264592 ], [ 127.049890553288535, 37.566506818922669 ], [ 127.049904111186251, 37.564253496968341 ], [ 127.047073400217613, 37.564242671185802 ] ] ] } },
{ "type": "Feature", "properties": { "display_grid_id": "11200_00282", "gu_code": 11200, "gu_name": "성동구", "source_cell_count": 12, "area_m2": 62500.0, "mean_actual_lst": 41.0615, "mean_actual_anomaly": 2.8923, "seoul_anomaly": 3.1853, "pred_anomaly": 3.5678, "pred_anomaly_std": 0.6602, "green_delta_c": -0.1218, "building_ratio": 0.2972, "green_ratio": 0.2174, "ndvi": 0.0755, "impervious_ratio": 0.4466, "built_surface_ratio": 0.4466, "avg_ground_floor_count": 2.6684, "elevation_m": 18.2986, "albedo": 0.1402, "nearest_park_distance_m": 43.2792, "park_area_within_500m": 109455.2128, "nearest_stream_distance_m": 195.2, "est_population_density": 21220.4, "dong_elderly_ratio": 0.1968, "dong_avg_age": 44.8, "dong_pop_density": 5338.6, "nearest_shelter_distance_m": 96.3108, "shelter_count_within_500m": 9.88, "est_population": 1326.3, "est_elderly": 261.0, "shelter_capacity_within_500m": 1165.8, "building_form_group": "low_floor_high_density", "dong_name": "용답동", "top1_feature": "ndvi", "top1_shap": 0.6235, "top2_feature": "built_surface_ratio", "top2_shap": 0.6202, "top3_feature": "building_ratio", "top3_shap": 0.3622, "priority_score": 52.8333, "priority_rank": 135 }, "geometry": { "type": "Polygon", "coordinates": [ [ [ 127.049904111186251, 37.564253496968341 ], [ 127.049890553288535, 37.566506818922669 ], [ 127.052721351027571, 37.566517577707913 ], [ 127.052734823664821, 37.564264254883561 ], [ 127.049904111186251, 37.564253496968341 ] ] ] } },
{ "type": "Feature", "properties": { "display_grid_id": "11200_00283", "gu_code": 11200, "gu_name": "성동구", "source_cell_count": 8, "area_m2": 40830.53, "mean_actual_lst": 41.0759, "mean_actual_anomaly": 3.4736, "seoul_anomaly": 3.7666, "pred_anomaly": 3.6621, "pred_anomaly_std": 0.612, "green_delta_c": -0.1625, "building_ratio": 0.4289, "green_ratio": 0.2109, "ndvi": 0.0905, "impervious_ratio": 0.4133, "built_surface_ratio": 0.4133, "avg_ground_floor_count": 3.7936, "elevation_m": 20.7793, "albedo": 0.1161, "nearest_park_distance_m": 77.2164, "park_area_within_500m": 123362.4527, "nearest_stream_distance_m": 216.5656, "est_population_density": 40170.9683, "dong_elderly_ratio": 0.1968, "dong_avg_age": 44.8, "dong_pop_density": 5338.6, "nearest_shelter_distance_m": 135.9732, "shelter_count_within_500m": 7.8977, "est_population": 1640.2, "est_elderly": 322.9, "shelter_capacity_within_500m": 1032.2, "building_form_group": "low_floor_high_density", "dong_name": "용답동", "top1_feature": "building_ratio", "top1_shap": 0.5699, "top2_feature": "built_surface_ratio", "top2_shap": 0.559, "top3_feature": "ndvi", "top3_shap": 0.4898, "priority_score": 60.873, "priority_rank": 75 }, "geometry": { "type": "Polygon", "coordinates": [ [ [ 127.055565537643815, 37.564274944931327 ], [ 127.052734823664821, 37.564264254883561 ], [ 127.052721351027571, 37.566517577707913 ], [ 127.053129201347531, 37.566519122197462 ], [ 127.05338871, 37.56632505 ], [ 127.05427536, 37.56565989 ], [ 127.05468033, 37.56535816 ], [ 127.054716560000017, 37.56533112 ], [ 127.055562926460539, 37.564714471358712 ], [ 127.055565537643815, 37.564274944931327 ] ] ] } },
{ "type": "Feature", "properties": { "display_grid_id": "11200_00284", "gu_code": 11200, "gu_name": "성동구", "source_cell_count": 2, "area_m2": 1300.96, "mean_actual_lst": 41.3545, "mean_actual_anomaly": 3.4952, "seoul_anomaly": 3.7881, "pred_anomaly": 3.6876, "pred_anomaly_std": 0.6284, "green_delta_c": -0.292, "building_ratio": 0.4113, "green_ratio": 0.2099, "ndvi": 0.0893, "impervious_ratio": 0.4244, "built_surface_ratio": 0.4244, "avg_ground_floor_count": 4.8865, "elevation_m": 21.9013, "albedo": 0.1207, "nearest_park_distance_m": 134.9964, "park_area_within_500m": 175997.5347, "nearest_stream_distance_m": 75.786, "est_population_density": 53502.7712, "dong_elderly_ratio": 0.1968, "dong_avg_age": 44.8, "dong_pop_density": 5338.6, "nearest_shelter_distance_m": 13.4719, "shelter_count_within_500m": 8.9912, "est_population": 69.6, "est_elderly": 13.7, "shelter_capacity_within_500m": 32.0, "building_form_group": "high_floor_high_density", "dong_name": "용답동", "top1_feature": "building_ratio", "top1_shap": 0.6352, "top2_feature": "ndvi", "top2_shap": 0.6067, "top3_feature": "impervious_ratio", "top3_shap": 0.5984, "priority_score": 49.3651, "priority_rank": 168 }, "geometry": { "type": "Polygon", "coordinates": [ [ [ 127.055565537643815, 37.564274944931327 ], [ 127.055562926460539, 37.564714471358712 ], [ 127.0557119, 37.56460593 ], [ 127.056171870853419, 37.56427722589175 ], [ 127.055565537643815, 37.564274944931327 ] ] ] } },
{ "type": "Feature", "properties": { "display_grid_id": "11200_00285", "gu_code": 11200, "gu_name": "성동구", "source_cell_count": 7, "area_m2": 19626.19, "mean_actual_lst": 37.7251, "mean_actual_anomaly": -0.0183, "seoul_anomaly": 0.2747, "pred_anomaly": 1.2051, "pred_anomaly_std": 0.775, "green_delta_c": -0.1546, "building_ratio": 0.2159, "green_ratio": 0.2219, "ndvi": 0.1729, "impervious_ratio": 0.4965, "built_surface_ratio": 0.4965, "avg_ground_floor_count": 16.75, "elevation_m": 27.5636, "albedo": 0.1024, "nearest_park_distance_m": 0.0, "park_area_within_500m": 360417.1918, "nearest_stream_distance_m": 406.3005, "est_population_density": 60680.2344, "dong_elderly_ratio": 0.1749, "dong_avg_age": 42.3, "dong_pop_density": 37014.6, "nearest_shelter_distance_m": 139.1525, "shelter_count_within_500m": 15.3919, "est_population": 1190.9, "est_elderly": 208.3, "shelter_capacity_within_500m": 1021.5, "building_form_group": "high_floor_low_density", "dong_name": "왕십리도선동", "top1_feature": "avg_ground_floor_count", "top1_shap": -0.6853, "top2_feature": "built_surface_ratio", "top2_shap": 0.5676, "top3_feature": "impervious_ratio", "top3_shap": 0.5668, "priority_score": 44.2381, "priority_rank": 218 }, "geometry": { "type": "Polygon", "coordinates": [ [ [ 127.024399115901701, 37.568660248602036 ], [ 127.02441344273096, 37.566406935591907 ], [ 127.023559482698857, 37.566403492396773 ], [ 127.02355922, 37.56641519 ], [ 127.02355696, 37.56653035 ], [ 127.023555930000015, 37.56662917 ], [ 127.0235538, 37.56663734 ], [ 127.023541969999982, 37.56667901 ], [ 127.02353684, 37.56670999 ], [ 127.023533340000014, 37.56682008 ], [ 127.023532279999984, 37.56683359 ], [ 127.023531760000012, 37.56684063 ], [ 127.02353159, 37.56684626 ], [ 127.02353106, 37.56686625 ], [ 127.02353053, 37.56688089 ], [ 127.023531070000018, 37.56689159 ], [ 127.02353567, 37.56691355000001 ], [ 127.023534110000014, 37.56699408 ], [ 127.023530260000015, 37.56715851 ], [ 127.02352588, 37.56730323 ], [ 127.023519029999989, 37.56745499 ], [ 127.02351201, 37.56763829 ], [ 127.02351042, 37.56767235 ], [ 127.0235099, 37.56768446 ], [ 127.023509550000014, 37.56769235 ], [ 127.023508490000012, 37.56772388000001 ], [ 127.02350709, 37.56776808 ], [ 127.02350341, 37.56786748 ], [ 127.02350113, 37.56792323 ], [ 127.023499900000019, 37.56796828 ], [ 127.02349747, 37.56811807 ], [ 127.02349102, 37.5684444 ], [ 127.023484291188964, 37.568656559575565 ], [ 127.024399115901701, 37.568660248602036 ] ] ] } },
{ "type": "Feature", "properties": { "display_grid_id": "11200_00286", "gu_code": 11200, "gu_name": "성동구", "source_cell_count": 11, "area_m2": 62500.0, "mean_actual_lst": 37.8911, "mean_actual_anomaly": 0.3516, "seoul_anomaly": 0.6446, "pred_anomaly": 2.1154, "pred_anomaly_std": 0.7891, "green_delta_c": -0.0671, "building_ratio": 0.2507, "green_ratio": 0.2092, "ndvi": 0.1918, "impervious_ratio": 0.5638, "built_surface_ratio": 0.5638, "avg_ground_floor_count": 9.5603, "elevation_m": 29.0806, "albedo": 0.1145, "nearest_park_distance_m": 0.0, "park_area_within_500m": 378472.7976, "nearest_stream_distance_m": 347.9808, "est_population_density": 63713.2, "dong_elderly_ratio": 0.1749, "dong_avg_age": 42.3, "dong_pop_density": 37014.6, "nearest_shelter_distance_m": 74.03, "shelter_count_within_500m": 15.24, "est_population": 3982.1, "est_elderly": 696.5, "shelter_capacity_within_500m": 2827.2, "building_form_group": "high_floor_high_density", "dong_name": "왕십리도선동", "top1_feature": "built_surface_ratio", "top1_shap": 0.6394, "top2_feature": "impervious_ratio", "top2_shap": 0.624, "top3_feature": "green_ratio", "top3_shap": 0.2484, "priority_score": 48.4127, "priority_rank": 187 }, "geometry": { "type": "Polygon", "coordinates": [ [ [ 127.02441344273096, 37.566406935591907 ], [ 127.024399115901701, 37.568660248602036 ], [ 127.027229984976358, 37.568671619158103 ], [ 127.027244226537306, 37.566418305228474 ], [ 127.02441344273096, 37.566406935591907 ] ] ] } },
{ "type": "Feature", "properties": { "display_grid_id": "11200_00287", "gu_code": 11200, "gu_name": "성동구", "source_cell_count": 15, "area_m2": 62500.0, "mean_actual_lst": 37.4975, "mean_actual_anomaly": 0.1865, "seoul_anomaly": 0.4795, "pred_anomaly": 1.4633, "pred_anomaly_std": 0.7989, "green_delta_c": -0.0419, "building_ratio": 0.1884, "green_ratio": 0.2024, "ndvi": 0.2071, "impervious_ratio": 0.5847, "built_surface_ratio": 0.5847, "avg_ground_floor_count": 15.837, "elevation_m": 33.93, "albedo": 0.1119, "nearest_park_distance_m": 0.0, "park_area_within_500m": 345248.8456, "nearest_stream_distance_m": 267.2432, "est_population_density": 70793.2, "dong_elderly_ratio": 0.1749, "dong_avg_age": 42.3, "dong_pop_density": 37014.6, "nearest_shelter_distance_m": 97.5148, "shelter_count_within_500m": 14.6, "est_population": 4424.6, "est_elderly": 773.7, "shelter_capacity_within_500m": 2758.8, "building_form_group": "high_floor_low_density", "dong_name": "왕십리도선동", "top1_feature": "built_surface_ratio", "top1_shap": 0.6599, "top2_feature": "impervious_ratio", "top2_shap": 0.6375, "top3_feature": "avg_ground_floor_count", "top3_shap": -0.547, "priority_score": 50.8889, "priority_rank": 149 }, "geometry": { "type": "Polygon", "coordinates": [ [ [ 127.027244226537306, 37.566418305228474 ], [ 127.027229984976358, 37.568671619158103 ], [ 127.030060855637274, 37.568682921836761 ], [ 127.030075011929711, 37.56642960699314 ], [ 127.027244226537306, 37.566418305228474 ] ] ] } },
{ "type": "Feature", "properties": { "display_grid_id": "11200_00288", "gu_code": 11200, "gu_name": "성동구", "source_cell_count": 9, "area_m2": 62500.0, "mean_actual_lst": 40.0934, "mean_actual_anomaly": 2.6193, "seoul_anomaly": 2.9123, "pred_anomaly": 3.207, "pred_anomaly_std": 0.7842, "green_delta_c": -0.3041, "building_ratio": 0.3163, "green_ratio": 0.2212, "ndvi": 0.1599, "impervious_ratio": 0.5095, "built_surface_ratio": 0.5095, "avg_ground_floor_count": 6.8458, "elevation_m": 31.1575, "albedo": 0.1132, "nearest_park_distance_m": 106.148, "park_area_within_500m": 295388.2716, "nearest_stream_distance_m": 242.4388, "est_population_density": 46204.8, "dong_elderly_ratio": 0.1749, "dong_avg_age": 42.3, "dong_pop_density": 37014.6, "nearest_shelter_distance_m": 76.9016, "shelter_count_within_500m": 14.32, "est_population": 2887.8, "est_elderly": 505.1, "shelter_capacity_within_500m": 2435.7, "building_form_group": "high_floor_high_density", "dong_name": "왕십리도선동", "top1_feature": "built_surface_ratio", "top1_shap": 0.6332, "top2_feature": "impervious_ratio", "top2_shap": 0.6201, "top3_feature": "building_ratio", "top3_shap": 0.2716, "priority_score": 59.9047, "priority_rank": 82 }, "geometry": { "type": "Polygon", "coordinates": [ [ [ 127.030075011929711, 37.56642960699314 ], [ 127.030060855637274, 37.568682921836761 ], [ 127.032891727874912, 37.568694156637918 ], [ 127.032905798898668, 37.566440840885782 ], [ 127.030075011929711, 37.56642960699314 ] ] ] } },
{ "type": "Feature", "properties": { "display_grid_id": "11200_00289", "gu_code": 11200, "gu_name": "성동구", "source_cell_count": 11, "area_m2": 62500.0, "mean_actual_lst": 41.2375, "mean_actual_anomaly": 3.2982, "seoul_anomaly": 3.5912, "pred_anomaly": 4.0929, "pred_anomaly_std": 0.7843, "green_delta_c": -0.3361, "building_ratio": 0.3419, "green_ratio": 0.2045, "ndvi": 0.1401, "impervious_ratio": 0.5669, "built_surface_ratio": 0.5669, "avg_ground_floor_count": 2.9034, "elevation_m": 29.1, "albedo": 0.134, "nearest_park_distance_m": 87.7448, "park_area_within_500m": 290897.8916, "nearest_stream_distance_m": 320.598, "est_population_density": 25434.4, "dong_elderly_ratio": 0.1851, "dong_avg_age": 42.876, "dong_pop_density": 27013.896, "nearest_shelter_distance_m": 95.5496, "shelter_count_within_500m": 16.32, "est_population": 1589.6, "est_elderly": 293.4, "shelter_capacity_within_500m": 2391.7, "building_form_group": "low_floor_high_density", "dong_name": "마장동", "top1_feature": "built_surface_ratio", "top1_shap": 0.7091, "top2_feature": "impervious_ratio", "top2_shap": 0.6818, "top3_feature": "building_ratio", "top3_shap": 0.2644, "priority_score": 64.0794, "priority_rank": 52 }, "geometry": { "type": "Polygon", "coordinates": [ [ [ 127.032905798898668, 37.566440840885782 ], [ 127.032891727874912, 37.568694156637918 ], [ 127.035722601679822, 37.568705323561439 ], [ 127.035736587434698, 37.566452006906289 ], [ 127.032905798898668, 37.566440840885782 ] ] ] } },
{ "type": "Feature", "properties": { "display_grid_id": "11200_00290", "gu_code": 11200, "gu_name": "성동구", "source_cell_count": 13, "area_m2": 62500.0, "mean_actual_lst": 42.5013, "mean_actual_anomaly": 4.3641, "seoul_anomaly": 4.6571, "pred_anomaly": 3.9043, "pred_anomaly_std": 0.6928, "green_delta_c": -0.4138, "building_ratio": 0.3215, "green_ratio": 0.2028, "ndvi": 0.1422, "impervious_ratio": 0.5698, "built_surface_ratio": 0.5698, "avg_ground_floor_count": 3.7294, "elevation_m": 27.1862, "albedo": 0.1261, "nearest_park_distance_m": 28.7912, "park_area_within_500m": 346919.7328, "nearest_stream_distance_m": 463.9808, "est_population_density": 25464.0, "dong_elderly_ratio": 0.1909, "dong_avg_age": 43.2, "dong_pop_density": 21388.5, "nearest_shelter_distance_m": 106.51, "shelter_count_within_500m": 16.96, "est_population": 1591.5, "est_elderly": 303.9, "shelter_capacity_within_500m": 2288.5, "building_form_group": "low_floor_high_density", "dong_name": "마장동", "top1_feature": "built_surface_ratio", "top1_shap": 0.6974, "top2_feature": "impervious_ratio", "top2_shap": 0.6818, "top3_feature": "building_ratio", "top3_shap": 0.3591, "priority_score": 72.373, "priority_rank": 21 }, "geometry": { "type": "Polygon", "coordinates": [ [ [ 127.035736587434698, 37.566452006906289 ], [ 127.035722601679822, 37.568705323561439 ], [ 127.038553477042484, 37.568716422607203 ], [ 127.038567377528324, 37.566463105054538 ], [ 127.035736587434698, 37.566452006906289 ] ] ] } },
{ "type": "Feature", "properties": { "display_grid_id": "11200_00291", "gu_code": 11200, "gu_name": "성동구", "source_cell_count": 15, "area_m2": 62500.0, "mean_actual_lst": 41.7284, "mean_actual_anomaly": 3.7111, "seoul_anomaly": 4.004, "pred_anomaly": 2.6346, "pred_anomaly_std": 0.7794, "green_delta_c": -0.5497, "building_ratio": 0.0884, "green_ratio": 0.2505, "ndvi": 0.2157, "impervious_ratio": 0.5437, "built_surface_ratio": 0.5437, "avg_ground_floor_count": 4.5943, "elevation_m": 23.0956, "albedo": 0.1455, "nearest_park_distance_m": 12.4368, "park_area_within_500m": 371851.5352, "nearest_stream_distance_m": 473.5648, "est_population_density": 14468.0, "dong_elderly_ratio": 0.1909, "dong_avg_age": 43.2, "dong_pop_density": 21388.5, "nearest_shelter_distance_m": 115.1148, "shelter_count_within_500m": 16.16, "est_population": 904.2, "est_elderly": 172.6, "shelter_capacity_within_500m": 2324.5, "building_form_group": "no_building", "dong_name": "마장동", "top1_feature": "impervious_ratio", "top1_shap": 0.8105, "top2_feature": "built_surface_ratio", "top2_shap": 0.775, "top3_feature": "avg_ground_floor_count", "top3_shap": -0.0825, "priority_score": 69.3333, "priority_rank": 30 }, "geometry": { "type": "Polygon", "coordinates": [ [ [ 127.038567377528324, 37.566463105054538 ], [ 127.038553477042484, 37.568716422607203 ], [ 127.041384353953404, 37.568727453775125 ], [ 127.041398169170009, 37.566474135330409 ], [ 127.038567377528324, 37.566463105054538 ] ] ] } },
{ "type": "Feature", "properties": { "display_grid_id": "11200_00292", "gu_code": 11200, "gu_name": "성동구", "source_cell_count": 14, "area_m2": 62500.0, "mean_actual_lst": 42.9002, "mean_actual_anomaly": 4.5254, "seoul_anomaly": 4.8184, "pred_anomaly": 3.5681, "pred_anomaly_std": 0.7623, "green_delta_c": -0.4032, "building_ratio": 0.2644, "green_ratio": 0.1921, "ndvi": 0.1404, "impervious_ratio": 0.6242, "built_surface_ratio": 0.6242, "avg_ground_floor_count": 4.1642, "elevation_m": 19.4723, "albedo": 0.144, "nearest_park_distance_m": 11.484, "park_area_within_500m": 321526.112, "nearest_stream_distance_m": 333.0524, "est_population_density": 28586.4, "dong_elderly_ratio": 0.1909, "dong_avg_age": 43.2, "dong_pop_density": 21388.5, "nearest_shelter_distance_m": 99.3836, "shelter_count_within_500m": 15.4, "est_population": 1786.6, "est_elderly": 340.9, "shelter_capacity_within_500m": 2253.2, "building_form_group": "low_floor_low_density", "dong_name": "마장동", "top1_feature": "built_surface_ratio", "top1_shap": 0.7723, "top2_feature": "impervious_ratio", "top2_shap": 0.7274, "top3_feature": "building_ratio", "top3_shap": 0.2771, "priority_score": 72.7143, "priority_rank": 17 }, "geometry": { "type": "Polygon", "coordinates": [ [ [ 127.041398169170009, 37.566474135330409 ], [ 127.041384353953404, 37.568727453775125 ], [ 127.04421523240309, 37.56873841706507 ], [ 127.04422896235026, 37.566485097733803 ], [ 127.041398169170009, 37.566474135330409 ] ] ] } },
{ "type": "Feature", "properties": { "display_grid_id": "11200_00293", "gu_code": 11200, "gu_name": "성동구", "source_cell_count": 14, "area_m2": 62500.0, "mean_actual_lst": 41.2757, "mean_actual_anomaly": 2.9355, "seoul_anomaly": 3.2285, "pred_anomaly": 2.9187, "pred_anomaly_std": 0.7391, "green_delta_c": -0.4394, "building_ratio": 0.1994, "green_ratio": 0.229, "ndvi": 0.1729, "impervious_ratio": 0.5274, "built_surface_ratio": 0.5274, "avg_ground_floor_count": 3.7714, "elevation_m": 19.5236, "albedo": 0.1193, "nearest_park_distance_m": 17.0176, "park_area_within_500m": 278779.3328, "nearest_stream_distance_m": 129.7988, "est_population_density": 22370.4, "dong_elderly_ratio": 0.1909, "dong_avg_age": 43.2, "dong_pop_density": 21388.5, "nearest_shelter_distance_m": 138.3492, "shelter_count_within_500m": 12.04, "est_population": 1398.2, "est_elderly": 266.9, "shelter_capacity_within_500m": 1664.8, "building_form_group": "low_floor_high_density", "dong_name": "마장동", "top1_feature": "impervious_ratio", "top1_shap": 0.76, "top2_feature": "built_surface_ratio", "top2_shap": 0.756, "top3_feature": "building_ratio", "top3_shap": 0.0146, "priority_score": 67.5714, "priority_rank": 33 }, "geometry": { "type": "Polygon", "coordinates": [ [ [ 127.04422896235026, 37.566485097733803 ], [ 127.04421523240309, 37.56873841706507 ], [ 127.047046112382034, 37.568749312476925 ], [ 127.0470597570596, 37.566495992264592 ], [ 127.04422896235026, 37.566485097733803 ] ] ] } },
{ "type": "Feature", "properties": { "display_grid_id": "11200_00294", "gu_code": 11200, "gu_name": "성동구", "source_cell_count": 13, "area_m2": 62500.0, "mean_actual_lst": 38.5957, "mean_actual_anomaly": 0.4361, "seoul_anomaly": 0.729, "pred_anomaly": 1.5703, "pred_anomaly_std": 0.9262, "green_delta_c": -0.3497, "building_ratio": 0.0315, "green_ratio": 0.3109, "ndvi": 0.1667, "impervious_ratio": 0.3602, "built_surface_ratio": 0.3602, "avg_ground_floor_count": 4.347, "elevation_m": 19.4755, "albedo": 0.143, "nearest_park_distance_m": 32.6168, "park_area_within_500m": 199569.1524, "nearest_stream_distance_m": 76.034, "est_population_density": 9963.308, "dong_elderly_ratio": 0.1968, "dong_avg_age": 44.8, "dong_pop_density": 5338.6, "nearest_shelter_distance_m": 227.326, "shelter_count_within_500m": 9.92, "est_population": 622.7, "est_elderly": 122.5, "shelter_capacity_within_500m": 1088.4, "building_form_group": "no_building", "dong_name": "용답동", "top1_feature": "impervious_ratio", "top1_shap": 0.6325, "top2_feature": "built_surface_ratio", "top2_shap": 0.5671, "top3_feature": "ndvi", "top3_shap": 0.3212, "priority_score": 49.9127, "priority_rank": 161 }, "geometry": { "type": "Polygon", "coordinates": [ [ [ 127.0470597570596, 37.566495992264592 ], [ 127.047046112382034, 37.568749312476925 ], [ 127.049876993880744, 37.568760140010575 ], [ 127.049890553288535, 37.566506818922669 ], [ 127.0470597570596, 37.566495992264592 ] ] ] } },
{ "type": "Feature", "properties": { "display_grid_id": "11200_00295", "gu_code": 11200, "gu_name": "성동구", "source_cell_count": 12, "area_m2": 37849.54, "mean_actual_lst": 40.5228, "mean_actual_anomaly": 2.4729, "seoul_anomaly": 2.7659, "pred_anomaly": 3.1556, "pred_anomaly_std": 0.7085, "green_delta_c": -0.0986, "building_ratio": 0.1143, "green_ratio": 0.2059, "ndvi": 0.0893, "impervious_ratio": 0.5342, "built_surface_ratio": 0.5342, "avg_ground_floor_count": 2.2935, "elevation_m": 20.9283, "albedo": 0.144, "nearest_park_distance_m": 11.3082, "park_area_within_500m": 121933.6991, "nearest_stream_distance_m": 159.9071, "est_population_density": 8925.1518, "dong_elderly_ratio": 0.1968, "dong_avg_age": 44.8, "dong_pop_density": 5338.6, "nearest_shelter_distance_m": 103.0431, "shelter_count_within_500m": 6.8532, "est_population": 337.8, "est_elderly": 66.5, "shelter_capacity_within_500m": 641.2, "building_form_group": "low_floor_low_density", "dong_name": "용답동", "top1_feature": "built_surface_ratio", "top1_shap": 0.7141, "top2_feature": "impervious_ratio", "top2_shap": 0.7039, "top3_feature": "ndvi", "top3_shap": 0.5367, "priority_score": 47.8254, "priority_rank": 192 }, "geometry": { "type": "Polygon", "coordinates": [ [ [ 127.052721351027571, 37.566517577707913 ], [ 127.049890553288535, 37.566506818922669 ], [ 127.049876993880744, 37.568760140010575 ], [ 127.050121690158463, 37.568761072735505 ], [ 127.050157490000018, 37.56873431 ], [ 127.050165980000017, 37.56872783 ], [ 127.052716279999984, 37.56682792 ], [ 127.052719509812732, 37.56682550464263 ], [ 127.052721351027571, 37.566517577707913 ] ] ] } },
{ "type": "Feature", "properties": { "display_grid_id": "11200_00296", "gu_code": 11200, "gu_name": "성동구", "source_cell_count": 2, "area_m2": 615.27, "mean_actual_lst": 40.2901, "mean_actual_anomaly": 3.0972, "seoul_anomaly": 3.3902, "pred_anomaly": 4.7284, "pred_anomaly_std": 1.1011, "green_delta_c": -0.09, "building_ratio": 0.7662, "green_ratio": 0.191, "ndvi": 0.0845, "impervious_ratio": 0.4429, "built_surface_ratio": 0.4429, "avg_ground_floor_count": 1.0, "elevation_m": 20.03, "albedo": 0.1121, "nearest_park_distance_m": 110.3, "park_area_within_500m": 92866.97, "nearest_stream_distance_m": 160.72, "est_population_density": 20316.3, "dong_elderly_ratio": 0.1968, "dong_avg_age": 44.8, "dong_pop_density": 5338.6, "nearest_shelter_distance_m": 132.63, "shelter_count_within_500m": 5.0, "est_population": 12.5, "est_elderly": 2.5, "shelter_capacity_within_500m": 86.0, "building_form_group": "low_floor_high_density", "dong_name": "용답동", "top1_feature": "building_ratio", "top1_shap": 1.0494, "top2_feature": "built_surface_ratio", "top2_shap": 0.7205, "top3_feature": "impervious_ratio", "top3_shap": 0.6645, "priority_score": 49.0318, "priority_rank": 173 }, "geometry": { "type": "Polygon", "coordinates": [ [ [ 127.052721351027571, 37.566517577707913 ], [ 127.052719509812732, 37.56682550464263 ], [ 127.053129201347531, 37.566519122197462 ], [ 127.052721351027571, 37.566517577707913 ] ] ] } },
{ "type": "Feature", "properties": { "display_grid_id": "11200_00297", "gu_code": 11200, "gu_name": "성동구", "source_cell_count": 6, "area_m2": 20744.94, "mean_actual_lst": 37.4613, "mean_actual_anomaly": -0.1062, "seoul_anomaly": 0.1868, "pred_anomaly": 1.0586, "pred_anomaly_std": 0.7711, "green_delta_c": -0.23, "building_ratio": 0.2247, "green_ratio": 0.2465, "ndvi": 0.2146, "impervious_ratio": 0.3666, "built_surface_ratio": 0.3666, "avg_ground_floor_count": 15.313, "elevation_m": 25.1422, "albedo": 0.0972, "nearest_park_distance_m": 0.0, "park_area_within_500m": 411375.7369, "nearest_stream_distance_m": 182.4749, "est_population_density": 63445.7272, "dong_elderly_ratio": 0.1749, "dong_avg_age": 42.3, "dong_pop_density": 37014.6, "nearest_shelter_distance_m": 69.5433, "shelter_count_within_500m": 13.7982, "est_population": 1316.2, "est_elderly": 230.2, "shelter_capacity_within_500m": 873.5, "building_form_group": "high_floor_low_density", "dong_name": "왕십리도선동", "top1_feature": "avg_ground_floor_count", "top1_shap": -0.5302, "top2_feature": "built_surface_ratio", "top2_shap": 0.499, "top3_feature": "impervious_ratio", "top3_shap": 0.4973, "priority_score": 38.1428, "priority_rank": 258 }, "geometry": { "type": "Polygon", "coordinates": [ [ [ 127.024384787476706, 37.570913560745275 ], [ 127.024399115901701, 37.568660248602036 ], [ 127.023484291188964, 37.568656559575565 ], [ 127.02348034, 37.56878114 ], [ 127.02347756, 37.56897711 ], [ 127.023467219999986, 37.56929443 ], [ 127.02346496, 37.56942986 ], [ 127.02345985, 37.5695177 ], [ 127.023450769999982, 37.56989246 ], [ 127.02344097, 37.57026018 ], [ 127.02343796, 37.57026525 ], [ 127.02343655, 37.57028862 ], [ 127.02343339, 37.57036436 ], [ 127.023430239999982, 37.5704415 ], [ 127.02342812000002, 37.57049528 ], [ 127.02342462999998, 37.57063015 ], [ 127.02342289000002, 37.57069998 ], [ 127.02341885, 37.57084498 ], [ 127.02341746, 37.57090298 ], [ 127.023417328397244, 37.570909659057428 ], [ 127.024384787476706, 37.570913560745275 ] ] ] } },
{ "type": "Feature", "properties": { "display_grid_id": "11200_00298", "gu_code": 11200, "gu_name": "성동구", "source_cell_count": 12, "area_m2": 62094.25, "mean_actual_lst": 37.9057, "mean_actual_anomaly": 0.3289, "seoul_anomaly": 0.6218, "pred_anomaly": 1.7394, "pred_anomaly_std": 0.8391, "green_delta_c": -0.229, "building_ratio": 0.2017, "green_ratio": 0.2429, "ndvi": 0.1827, "impervious_ratio": 0.4447, "built_surface_ratio": 0.4447, "avg_ground_floor_count": 12.4503, "elevation_m": 26.5104, "albedo": 0.1013, "nearest_park_distance_m": 1.145, "park_area_within_500m": 406051.1948, "nearest_stream_distance_m": 125.148, "est_population_density": 60538.0376, "dong_elderly_ratio": 0.1749, "dong_avg_age": 42.3, "dong_pop_density": 37014.6, "nearest_shelter_distance_m": 77.5776, "shelter_count_within_500m": 13.8842, "est_population": 3759.1, "est_elderly": 657.6, "shelter_capacity_within_500m": 2449.7, "building_form_group": "high_floor_low_density", "dong_name": "왕십리도선동", "top1_feature": "built_surface_ratio", "top1_shap": 0.5808, "top2_feature": "impervious_ratio", "top2_shap": 0.5792, "top3_feature": "avg_ground_floor_count", "top3_shap": -0.3932, "priority_score": 48.5397, "priority_rank": 185 }, "geometry": { "type": "Polygon", "coordinates": [ [ [ 127.027215741829153, 37.570924932220876 ], [ 127.027229984976358, 37.568671619158103 ], [ 127.024399115901701, 37.568660248602036 ], [ 127.024384787476706, 37.570913560745275 ], [ 127.024972666689763, 37.570915927744053 ], [ 127.025191080000013, 37.57085139 ], [ 127.02520558, 37.57084858 ], [ 127.02549671, 37.57083669 ], [ 127.0255158, 37.57083895 ], [ 127.02572294, 37.57090394 ], [ 127.02573992, 37.57091126000001 ], [ 127.025750670278441, 37.570919055746408 ], [ 127.027215741829153, 37.570924932220876 ] ] ] } },
{ "type": "Feature", "properties": { "display_grid_id": "11200_00299", "gu_code": 11200, "gu_name": "성동구", "source_cell_count": 11, "area_m2": 42723.49, "mean_actual_lst": 37.0994, "mean_actual_anomaly": -0.2472, "seoul_anomaly": 0.0458, "pred_anomaly": 1.2198, "pred_anomaly_std": 0.8424, "green_delta_c": -0.1374, "building_ratio": 0.1527, "green_ratio": 0.2301, "ndvi": 0.1772, "impervious_ratio": 0.4608, "built_surface_ratio": 0.4608, "avg_ground_floor_count": 17.6867, "elevation_m": 28.0954, "albedo": 0.096, "nearest_park_distance_m": 2.2269, "park_area_within_500m": 364045.0883, "nearest_stream_distance_m": 80.1634, "est_population_density": 54161.9321, "dong_elderly_ratio": 0.1749, "dong_avg_age": 42.3, "dong_pop_density": 37014.6, "nearest_shelter_distance_m": 137.8018, "shelter_count_within_500m": 14.0506, "est_population": 2314.0, "est_elderly": 404.6, "shelter_capacity_within_500m": 2631.3, "building_form_group": "high_floor_low_density", "dong_name": "왕십리도선동", "top1_feature": "avg_ground_floor_count", "top1_shap": -0.6503, "top2_feature": "built_surface_ratio", "top2_shap": 0.5918, "top3_feature": "impervious_ratio", "top3_shap": 0.5853, "priority_score": 46.2381, "priority_rank": 205 }, "geometry": { "type": "Polygon", "coordinates": [ [ [ 127.030060855637274, 37.568682921836761 ], [ 127.027229984976358, 37.568671619158103 ], [ 127.027215741829153, 37.570924932220876 ], [ 127.027247821588816, 37.570925060690954 ], [ 127.02727567, 37.5709129 ], [ 127.027675740000021, 37.5704122 ], [ 127.02801778, 37.57032596 ], [ 127.02875914000002, 37.57014026 ], [ 127.02876975, 37.57013771 ], [ 127.028779299999982, 37.57013546000001 ], [ 127.030053466499041, 37.569858981100282 ], [ 127.030060855637274, 37.568682921836761 ] ] ] } },
{ "type": "Feature", "properties": { "display_grid_id": "11200_00300", "gu_code": 11200, "gu_name": "성동구", "source_cell_count": 10, "area_m2": 34972.25, "mean_actual_lst": 38.0447, "mean_actual_anomaly": 0.6543, "seoul_anomaly": 0.9472, "pred_anomaly": 1.7389, "pred_anomaly_std": 0.8538, "green_delta_c": -0.4878, "building_ratio": 0.1728, "green_ratio": 0.2647, "ndvi": 0.166, "impervious_ratio": 0.359, "built_surface_ratio": 0.359, "avg_ground_floor_count": 12.0967, "elevation_m": 29.5285, "albedo": 0.1001, "nearest_park_distance_m": 57.5238, "park_area_within_500m": 260048.4934, "nearest_stream_distance_m": 68.0548, "est_population_density": 37288.9481, "dong_elderly_ratio": 0.1778, "dong_avg_age": 42.4633, "dong_pop_density": 34179.0305, "nearest_shelter_distance_m": 65.3842, "shelter_count_within_500m": 14.2739, "est_population": 1304.1, "est_elderly": 229.6, "shelter_capacity_within_500m": 1850.5, "building_form_group": "high_floor_low_density", "dong_name": "왕십리도선동", "top1_feature": "built_surface_ratio", "top1_shap": 0.5349, "top2_feature": "impervious_ratio", "top2_shap": 0.5247, "top3_feature": "avg_ground_floor_count", "top3_shap": -0.3751, "priority_score": 48.9682, "priority_rank": 177 }, "geometry": { "type": "Polygon", "coordinates": [ [ [ 127.032891727874912, 37.568694156637918 ], [ 127.030060855637274, 37.568682921836761 ], [ 127.030053466499041, 37.569858981100282 ], [ 127.03028873, 37.56980793 ], [ 127.03029616, 37.5698068 ], [ 127.030302530000014, 37.56980624 ], [ 127.03063874, 37.56978392 ], [ 127.030964340000011, 37.56978158 ], [ 127.0312606, 37.56980009 ], [ 127.031266799999983, 37.56980065 ], [ 127.031531229999985, 37.56985465 ], [ 127.031552820000016, 37.56985998 ], [ 127.03156732, 37.56986477 ], [ 127.03201857, 37.57003106 ], [ 127.032027770000013, 37.57003472 ], [ 127.03203485, 37.57003753 ], [ 127.032107020000012, 37.57006398 ], [ 127.032168569999982, 37.57008705 ], [ 127.03235325, 37.57015457 ], [ 127.03236245, 37.57015795 ], [ 127.03241269, 37.57017708 ], [ 127.032418519999979, 37.57017933 ], [ 127.032430370000014, 37.57018383 ], [ 127.03253616, 37.57022294 ], [ 127.032541290000012, 37.57022520000001 ], [ 127.03256676, 37.57023701 ], [ 127.032880984733012, 37.570414380127914 ], [ 127.032891727874912, 37.568694156637918 ] ] ] } },
{ "type": "Feature", "properties": { "display_grid_id": "11200_00301", "gu_code": 11200, "gu_name": "성동구", "source_cell_count": 10, "area_m2": 60456.7, "mean_actual_lst": 41.2626, "mean_actual_anomaly": 3.4546, "seoul_anomaly": 3.7475, "pred_anomaly": 4.1187, "pred_anomaly_std": 0.8088, "green_delta_c": -0.3101, "building_ratio": 0.3951, "green_ratio": 0.2189, "ndvi": 0.1298, "impervious_ratio": 0.4934, "built_surface_ratio": 0.4934, "avg_ground_floor_count": 2.4857, "elevation_m": 27.6437, "albedo": 0.1261, "nearest_park_distance_m": 6.7304, "park_area_within_500m": 245185.5843, "nearest_stream_distance_m": 130.1483, "est_population_density": 23307.1152, "dong_elderly_ratio": 0.1902, "dong_avg_age": 43.1628, "dong_pop_density": 22034.6691, "nearest_shelter_distance_m": 68.9679, "shelter_count_within_500m": 13.1241, "est_population": 1409.1, "est_elderly": 265.9, "shelter_capacity_within_500m": 1868.0, "building_form_group": "low_floor_high_density", "dong_name": "마장동", "top1_feature": "built_surface_ratio", "top1_shap": 0.6513, "top2_feature": "impervious_ratio", "top2_shap": 0.6343, "top3_feature": "building_ratio", "top3_shap": 0.4644, "priority_score": 58.5635, "priority_rank": 91 }, "geometry": { "type": "Polygon", "coordinates": [ [ [ 127.035708614367181, 37.570958639349897 ], [ 127.035722601679822, 37.568705323561439 ], [ 127.032891727874912, 37.568694156637918 ], [ 127.032880984733012, 37.570414380127914 ], [ 127.033057859999985, 37.57051422 ], [ 127.033620766828193, 37.570950409589152 ], [ 127.035708614367181, 37.570958639349897 ] ] ] } },
{ "type": "Feature", "properties": { "display_grid_id": "11200_00302", "gu_code": 11200, "gu_name": "성동구", "source_cell_count": 12, "area_m2": 62500.0, "mean_actual_lst": 42.4764, "mean_actual_anomaly": 4.5608, "seoul_anomaly": 4.8537, "pred_anomaly": 4.2091, "pred_anomaly_std": 0.6811, "green_delta_c": -0.2825, "building_ratio": 0.398, "green_ratio": 0.2118, "ndvi": 0.1103, "impervious_ratio": 0.5438, "built_surface_ratio": 0.5438, "avg_ground_floor_count": 2.8527, "elevation_m": 25.2313, "albedo": 0.1252, "nearest_park_distance_m": 6.1848, "park_area_within_500m": 308371.4088, "nearest_stream_distance_m": 255.1464, "est_population_density": 29610.4, "dong_elderly_ratio": 0.1909, "dong_avg_age": 43.2, "dong_pop_density": 21388.5, "nearest_shelter_distance_m": 86.842, "shelter_count_within_500m": 13.36, "est_population": 1850.6, "est_elderly": 353.3, "shelter_capacity_within_500m": 1601.5, "building_form_group": "low_floor_high_density", "dong_name": "마장동", "top1_feature": "built_surface_ratio", "top1_shap": 0.6859, "top2_feature": "impervious_ratio", "top2_shap": 0.6582, "top3_feature": "building_ratio", "top3_shap": 0.4225, "priority_score": 66.0, "priority_rank": 38 }, "geometry": { "type": "Polygon", "coordinates": [ [ [ 127.035722601679822, 37.568705323561439 ], [ 127.035708614367181, 37.570958639349897 ], [ 127.0385395750084, 37.570969739293261 ], [ 127.038553477042484, 37.568716422607203 ], [ 127.035722601679822, 37.568705323561439 ] ] ] } },
{ "type": "Feature", "properties": { "display_grid_id": "11200_00303", "gu_code": 11200, "gu_name": "성동구", "source_cell_count": 11, "area_m2": 62500.0, "mean_actual_lst": 42.4996, "mean_actual_anomaly": 4.7455, "seoul_anomaly": 5.0385, "pred_anomaly": 4.1279, "pred_anomaly_std": 0.671, "green_delta_c": -0.3398, "building_ratio": 0.37, "green_ratio": 0.1816, "ndvi": 0.1446, "impervious_ratio": 0.6601, "built_surface_ratio": 0.6601, "avg_ground_floor_count": 2.8551, "elevation_m": 21.862, "albedo": 0.1381, "nearest_park_distance_m": 0.0, "park_area_within_500m": 336363.0768, "nearest_stream_distance_m": 248.9448, "est_population_density": 28035.2, "dong_elderly_ratio": 0.1909, "dong_avg_age": 43.2, "dong_pop_density": 21388.5, "nearest_shelter_distance_m": 174.274, "shelter_count_within_500m": 12.56, "est_population": 1752.2, "est_elderly": 334.5, "shelter_capacity_within_500m": 1512.5, "building_form_group": "low_floor_high_density", "dong_name": "마장동", "top1_feature": "built_surface_ratio", "top1_shap": 0.8205, "top2_feature": "impervious_ratio", "top2_shap": 0.7574, "top3_feature": "building_ratio", "top3_shap": 0.4967, "priority_score": 76.2064, "priority_rank": 4 }, "geometry": { "type": "Polygon", "coordinates": [ [ [ 127.038553477042484, 37.568716422607203 ], [ 127.0385395750084, 37.570969739293261 ], [ 127.041370537198034, 37.57098077135327 ], [ 127.041384353953404, 37.568727453775125 ], [ 127.038553477042484, 37.568716422607203 ] ] ] } },
{ "type": "Feature", "properties": { "display_grid_id": "11200_00304", "gu_code": 11200, "gu_name": "성동구", "source_cell_count": 12, "area_m2": 62500.0, "mean_actual_lst": 39.5959, "mean_actual_anomaly": 1.6336, "seoul_anomaly": 1.9265, "pred_anomaly": 1.3421, "pred_anomaly_std": 0.8412, "green_delta_c": -0.3295, "building_ratio": 0.1738, "green_ratio": 0.2521, "ndvi": 0.1728, "impervious_ratio": 0.472, "built_surface_ratio": 0.472, "avg_ground_floor_count": 15.3672, "elevation_m": 23.2219, "albedo": 0.1004, "nearest_park_distance_m": 44.0824, "park_area_within_500m": 297679.0144, "nearest_stream_distance_m": 144.2548, "est_population_density": 61376.8, "dong_elderly_ratio": 0.1909, "dong_avg_age": 43.2, "dong_pop_density": 21388.5, "nearest_shelter_distance_m": 76.522, "shelter_count_within_500m": 10.52, "est_population": 3836.1, "est_elderly": 732.4, "shelter_capacity_within_500m": 1556.8, "building_form_group": "high_floor_low_density", "dong_name": "마장동", "top1_feature": "built_surface_ratio", "top1_shap": 0.5846, "top2_feature": "impervious_ratio", "top2_shap": 0.5828, "top3_feature": "avg_ground_floor_count", "top3_shap": -0.4612, "priority_score": 57.4762, "priority_rank": 100 }, "geometry": { "type": "Polygon", "coordinates": [ [ [ 127.041384353953404, 37.568727453775125 ], [ 127.041370537198034, 37.57098077135327 ], [ 127.044201500926633, 37.570991735529816 ], [ 127.04421523240309, 37.56873841706507 ], [ 127.041384353953404, 37.568727453775125 ] ] ] } },
{ "type": "Feature", "properties": { "display_grid_id": "11200_00305", "gu_code": 11200, "gu_name": "성동구", "source_cell_count": 11, "area_m2": 61942.89, "mean_actual_lst": 38.0907, "mean_actual_anomaly": 0.1407, "seoul_anomaly": 0.4337, "pred_anomaly": 0.9745, "pred_anomaly_std": 0.9202, "green_delta_c": -0.4066, "building_ratio": 0.0728, "green_ratio": 0.326, "ndvi": 0.2528, "impervious_ratio": 0.3748, "built_surface_ratio": 0.3748, "avg_ground_floor_count": 2.2818, "elevation_m": 19.0224, "albedo": 0.1212, "nearest_park_distance_m": 97.0065, "park_area_within_500m": 222058.5972, "nearest_stream_distance_m": 44.5032, "est_population_density": 8318.1474, "dong_elderly_ratio": 0.1937, "dong_avg_age": 43.9605, "dong_pop_density": 13759.6113, "nearest_shelter_distance_m": 138.4271, "shelter_count_within_500m": 10.973, "est_population": 515.3, "est_elderly": 98.8, "shelter_capacity_within_500m": 1493.2, "building_form_group": "no_building", "dong_name": "마장동", "top1_feature": "impervious_ratio", "top1_shap": 0.606, "top2_feature": "built_surface_ratio", "top2_shap": 0.5064, "top3_feature": "building_ratio", "top3_shap": -0.2473, "priority_score": 46.7936, "priority_rank": 199 }, "geometry": { "type": "Polygon", "coordinates": [ [ [ 127.047046112382034, 37.568749312476925 ], [ 127.04421523240309, 37.56873841706507 ], [ 127.044201500926633, 37.570991735529816 ], [ 127.046522477808395, 37.571000673907577 ], [ 127.047033816704726, 37.570779639317287 ], [ 127.047046112382034, 37.568749312476925 ] ] ] } },
{ "type": "Feature", "properties": { "display_grid_id": "11200_00306", "gu_code": 11200, "gu_name": "성동구", "source_cell_count": 9, "area_m2": 33447.23, "mean_actual_lst": 37.6852, "mean_actual_anomaly": -0.1722, "seoul_anomaly": 0.1207, "pred_anomaly": 1.0554, "pred_anomaly_std": 0.8166, "green_delta_c": -0.0882, "building_ratio": 0.0937, "green_ratio": 0.2567, "ndvi": 0.1921, "impervious_ratio": 0.4658, "built_surface_ratio": 0.4658, "avg_ground_floor_count": 13.8095, "elevation_m": 19.2254, "albedo": 0.1128, "nearest_park_distance_m": 39.8323, "park_area_within_500m": 164645.9342, "nearest_stream_distance_m": 114.5469, "est_population_density": 32439.8282, "dong_elderly_ratio": 0.1968, "dong_avg_age": 44.8, "dong_pop_density": 5338.6, "nearest_shelter_distance_m": 205.736, "shelter_count_within_500m": 10.582, "est_population": 1085.0, "est_elderly": 213.5, "shelter_capacity_within_500m": 1025.7, "building_form_group": "high_floor_low_density", "dong_name": "용답동", "top1_feature": "impervious_ratio", "top1_shap": 0.6438, "top2_feature": "built_surface_ratio", "top2_shap": 0.6356, "top3_feature": "ndvi", "top3_shap": -0.1122, "priority_score": 43.6984, "priority_rank": 221 }, "geometry": { "type": "Polygon", "coordinates": [ [ [ 127.049876993880744, 37.568760140010575 ], [ 127.047046112382034, 37.568749312476925 ], [ 127.047033816704726, 37.570779639317287 ], [ 127.047516820000013, 37.57057085000001 ], [ 127.04762326, 37.57052492 ], [ 127.0479548, 37.57038091 ], [ 127.04867463, 37.56984282 ], [ 127.049875882441512, 37.568944829348716 ], [ 127.049876993880744, 37.568760140010575 ] ] ] } },
{ "type": "Feature", "properties": { "display_grid_id": "11200_00307", "gu_code": 11200, "gu_name": "성동구", "source_cell_count": 1, "area_m2": 221.4, "mean_actual_lst": 39.0513, "mean_actual_anomaly": 1.059, "seoul_anomaly": 1.3519, "pred_anomaly": 3.0494, "pred_anomaly_std": 0.7939, "green_delta_c": -0.4102, "building_ratio": 0.0146, "green_ratio": 0.2117, "ndvi": 0.0875, "impervious_ratio": 0.4825, "built_surface_ratio": 0.4825, "avg_ground_floor_count": 3.0, "elevation_m": 19.431, "albedo": 0.1325, "nearest_park_distance_m": 0.0, "park_area_within_500m": 145416.61, "nearest_stream_distance_m": 91.23, "est_population_density": 1162.7, "dong_elderly_ratio": 0.1968, "dong_avg_age": 44.8, "dong_pop_density": 5338.6, "nearest_shelter_distance_m": 253.01, "shelter_count_within_500m": 6.0, "est_population": 0.3, "est_elderly": 0.1, "shelter_capacity_within_500m": 2.7, "building_form_group": "no_building", "dong_name": "용답동", "top1_feature": "ndvi", "top1_shap": 0.7356, "top2_feature": "built_surface_ratio", "top2_shap": 0.7173, "top3_feature": "impervious_ratio", "top3_shap": 0.6817, "priority_score": 52.3572, "priority_rank": 140 }, "geometry": { "type": "Polygon", "coordinates": [ [ [ 127.049876993880744, 37.568760140010575 ], [ 127.049875882441512, 37.568944829348716 ], [ 127.050121690158463, 37.568761072735505 ], [ 127.049876993880744, 37.568760140010575 ] ] ] } },
{ "type": "Feature", "properties": { "display_grid_id": "11200_00308", "gu_code": 11200, "gu_name": "성동구", "source_cell_count": 4, "area_m2": 6639.0, "mean_actual_lst": 38.2107, "mean_actual_anomaly": 0.6489, "seoul_anomaly": 0.9419, "pred_anomaly": 3.3434, "pred_anomaly_std": 1.0576, "green_delta_c": -0.5897, "building_ratio": 0.0882, "green_ratio": 0.2577, "ndvi": 0.1016, "impervious_ratio": 0.373, "built_surface_ratio": 0.373, "avg_ground_floor_count": 4.9242, "elevation_m": 25.9117, "albedo": 0.1134, "nearest_park_distance_m": 4.3456, "park_area_within_500m": 426775.1191, "nearest_stream_distance_m": 30.7468, "est_population_density": 1084.5131, "dong_elderly_ratio": 0.1749, "dong_avg_age": 42.3, "dong_pop_density": 37014.6, "nearest_shelter_distance_m": 133.8588, "shelter_count_within_500m": 13.9848, "est_population": 7.2, "est_elderly": 1.3, "shelter_capacity_within_500m": 550.0, "building_form_group": "high_floor_low_density", "dong_name": "왕십리도선동", "top1_feature": "ndvi", "top1_shap": 0.7306, "top2_feature": "built_surface_ratio", "top2_shap": 0.6566, "top3_feature": "impervious_ratio", "top3_shap": 0.6436, "priority_score": 48.4921, "priority_rank": 186 }, "geometry": { "type": "Polygon", "coordinates": [ [ [ 127.024384787476706, 37.570913560745275 ], [ 127.023417328397244, 37.570909659057428 ], [ 127.02341589, 37.57098266 ], [ 127.023410470000016, 37.57121298 ], [ 127.0234068, 37.57135122 ], [ 127.023404, 37.57145737 ], [ 127.02340191, 37.57154071 ], [ 127.0233998, 37.57161223 ], [ 127.02339875, 37.57165193 ], [ 127.023397870000011, 37.57168177 ], [ 127.023397530000011, 37.571695300000016 ], [ 127.02339665, 37.57172176 ], [ 127.02339578, 37.57175498 ], [ 127.02339491, 37.57179750000001 ], [ 127.0233914, 37.57190731 ], [ 127.023401650000011, 37.57190703 ], [ 127.02342712, 37.57190363 ], [ 127.023439149999987, 37.57189801 ], [ 127.02417161, 37.57143583 ], [ 127.02418806, 37.57142288 ], [ 127.02438271252683, 37.571239849967597 ], [ 127.024384787476706, 37.570913560745275 ] ] ] } },
{ "type": "Feature", "properties": { "display_grid_id": "11200_00309", "gu_code": 11200, "gu_name": "성동구", "source_cell_count": 4, "area_m2": 3099.16, "mean_actual_lst": 38.3081, "mean_actual_anomaly": 0.8017, "seoul_anomaly": 1.0946, "pred_anomaly": 2.595, "pred_anomaly_std": 0.9077, "green_delta_c": -0.3897, "building_ratio": 0.081, "green_ratio": 0.2498, "ndvi": 0.194, "impervious_ratio": 0.4137, "built_surface_ratio": 0.4137, "avg_ground_floor_count": 1.1126, "elevation_m": 25.7282, "albedo": 0.1303, "nearest_park_distance_m": 11.5888, "park_area_within_500m": 401681.6371, "nearest_stream_distance_m": 11.5369, "est_population_density": 258.1296, "dong_elderly_ratio": 0.1822, "dong_avg_age": 43.0775, "dong_pop_density": 25119.0847, "nearest_shelter_distance_m": 146.7117, "shelter_count_within_500m": 14.0, "est_population": 0.8, "est_elderly": 0.1, "shelter_capacity_within_500m": 1022.6, "building_form_group": "no_building", "dong_name": "왕십리도선동", "top1_feature": "impervious_ratio", "top1_shap": 0.9403, "top2_feature": "built_surface_ratio", "top2_shap": 0.8201, "top3_feature": "building_ratio", "top3_shap": -0.4644, "priority_score": 44.9444, "priority_rank": 213 }, "geometry": { "type": "MultiPolygon", "coordinates": [ [ [ [ 127.02438271252683, 37.571239849967597 ], [ 127.024588190000017, 37.57104664 ], [ 127.02460022, 37.57103903 ], [ 127.024799180000016, 37.57096719 ], [ 127.024972666689763, 37.570915927744053 ], [ 127.024384787476706, 37.570913560745275 ], [ 127.02438271252683, 37.571239849967597 ] ] ], [ [ [ 127.025750670278441, 37.570919055746408 ], [ 127.026079940000017, 37.57115783 ], [ 127.026161500000015, 37.57124932 ], [ 127.026455250000012, 37.57116507 ], [ 127.027199810000013, 37.57094896 ], [ 127.02720688, 37.57094079 ], [ 127.02721254, 37.5709391 ], [ 127.027215656637622, 37.570938409047365 ], [ 127.027215741829153, 37.570924932220876 ], [ 127.025750670278441, 37.570919055746408 ] ] ] ] } },
{ "type": "Feature", "properties": { "display_grid_id": "11200_00310", "gu_code": 11200, "gu_name": "성동구", "source_cell_count": 1, "area_m2": 2.22, "mean_actual_lst": 38.4991, "mean_actual_anomaly": 1.2632, "seoul_anomaly": 1.5562, "pred_anomaly": 3.0489, "pred_anomaly_std": 1.0262, "green_delta_c": -0.9905, "building_ratio": 0.0, "green_ratio": 0.2336, "ndvi": 0.1179, "impervious_ratio": 0.4258, "built_surface_ratio": 0.4258, "avg_ground_floor_count": 0.0, "elevation_m": 25.555, "albedo": 0.1376, "nearest_park_distance_m": 5.76, "park_area_within_500m": 379158.26, "nearest_stream_distance_m": 14.11, "est_population_density": 0.0, "dong_elderly_ratio": 0.1843, "dong_avg_age": 43.3, "dong_pop_density": 21714.4, "nearest_shelter_distance_m": 153.24, "shelter_count_within_500m": 14.0, "est_population": 0.0, "est_elderly": 0.0, "shelter_capacity_within_500m": 1.4, "building_form_group": "no_building", "dong_name": null, "top1_feature": "impervious_ratio", "top1_shap": 1.122, "top2_feature": "built_surface_ratio", "top2_shap": 0.9429, "top3_feature": "building_ratio", "top3_shap": -0.6896, "priority_score": 51.8095, "priority_rank": 143 }, "geometry": { "type": "Polygon", "coordinates": [ [ [ 127.027215741829153, 37.570924932220876 ], [ 127.027215656637622, 37.570938409047365 ], [ 127.02721889999998, 37.57093769 ], [ 127.027247821588816, 37.570925060690954 ], [ 127.027215741829153, 37.570924932220876 ] ] ] } },
{ "type": "Feature", "properties": { "display_grid_id": "11200_00311", "gu_code": 11200, "gu_name": "성동구", "source_cell_count": 7, "area_m2": 12488.68, "mean_actual_lst": 39.9338, "mean_actual_anomaly": 1.9174, "seoul_anomaly": 2.2103, "pred_anomaly": 2.7144, "pred_anomaly_std": 0.7976, "green_delta_c": -0.2718, "building_ratio": 0.2012, "green_ratio": 0.2197, "ndvi": 0.1347, "impervious_ratio": 0.5467, "built_surface_ratio": 0.5467, "avg_ground_floor_count": 2.7257, "elevation_m": 24.6069, "albedo": 0.1037, "nearest_park_distance_m": 4.9125, "park_area_within_500m": 210111.4882, "nearest_stream_distance_m": 29.2917, "est_population_density": 6397.7676, "dong_elderly_ratio": 0.1909, "dong_avg_age": 43.2, "dong_pop_density": 21388.5, "nearest_shelter_distance_m": 97.9461, "shelter_count_within_500m": 12.3096, "est_population": 79.9, "est_elderly": 15.3, "shelter_capacity_within_500m": 689.0, "building_form_group": "low_floor_high_density", "dong_name": "마장동", "top1_feature": "impervious_ratio", "top1_shap": 0.7907, "top2_feature": "built_surface_ratio", "top2_shap": 0.7612, "top3_feature": "ndvi", "top3_shap": 0.3253, "priority_score": 45.6032, "priority_rank": 209 }, "geometry": { "type": "Polygon", "coordinates": [ [ [ 127.035708614367181, 37.570958639349897 ], [ 127.033620766828193, 37.570950409589152 ], [ 127.03418242, 37.57138562 ], [ 127.03418931, 37.57138956 ], [ 127.03428325, 37.57143035 ], [ 127.03429917, 37.57143711 ], [ 127.03430589, 37.57144021 ], [ 127.0343303, 37.57145061 ], [ 127.034472190000017, 37.57151224 ], [ 127.03462309, 37.57157808 ], [ 127.03471543, 37.57161776 ], [ 127.03481112999998, 37.57165912 ], [ 127.03489869, 37.57169654 ], [ 127.0350618, 37.57176632 ], [ 127.03510497, 37.57178433 ], [ 127.0351561, 37.57180599 ], [ 127.0351683, 37.57181134 ], [ 127.03521606, 37.5718316 ], [ 127.03523340000001, 37.57183892 ], [ 127.03534749, 37.57188619 ], [ 127.035356770000021, 37.57189003 ], [ 127.03540996, 37.57191207 ], [ 127.035467220000015, 37.57193444 ], [ 127.03547982000002, 37.57193936 ], [ 127.03551237, 37.57195174000001 ], [ 127.03557482, 37.57197453 ], [ 127.03559287, 37.571981 ], [ 127.03564080000001, 37.57199844 ], [ 127.03564859, 37.57200097 ], [ 127.035701480000014, 37.57201841 ], [ 127.035702034208768, 37.572018596824748 ], [ 127.035708614367181, 37.570958639349897 ] ] ] } },
{ "type": "Feature", "properties": { "display_grid_id": "11200_00312", "gu_code": 11200, "gu_name": "성동구", "source_cell_count": 11, "area_m2": 37628.09, "mean_actual_lst": 40.1447, "mean_actual_anomaly": 2.1952, "seoul_anomaly": 2.4882, "pred_anomaly": 3.0881, "pred_anomaly_std": 0.809, "green_delta_c": -0.3389, "building_ratio": 0.2274, "green_ratio": 0.2187, "ndvi": 0.119, "impervious_ratio": 0.4964, "built_surface_ratio": 0.4964, "avg_ground_floor_count": 3.2703, "elevation_m": 24.5616, "albedo": 0.1129, "nearest_park_distance_m": 10.8731, "park_area_within_500m": 252220.1031, "nearest_stream_distance_m": 59.174, "est_population_density": 22887.1568, "dong_elderly_ratio": 0.1914, "dong_avg_age": 43.3767, "dong_pop_density": 19646.148, "nearest_shelter_distance_m": 194.8524, "shelter_count_within_500m": 11.3923, "est_population": 861.2, "est_elderly": 164.4, "shelter_capacity_within_500m": 727.4, "building_form_group": "low_floor_high_density", "dong_name": "마장동", "top1_feature": "impervious_ratio", "top1_shap": 0.8025, "top2_feature": "built_surface_ratio", "top2_shap": 0.7563, "top3_feature": "building_ratio", "top3_shap": 0.033, "priority_score": 60.4603, "priority_rank": 76 }, "geometry": { "type": "Polygon", "coordinates": [ [ [ 127.0385395750084, 37.570969739293261 ], [ 127.035708614367181, 37.570958639349897 ], [ 127.035702034208768, 37.572018596824748 ], [ 127.035745710000015, 37.57203332 ], [ 127.03577436, 37.57204177 ], [ 127.03578144, 37.57204345 ], [ 127.03588864, 37.57207495 ], [ 127.03590349, 37.57207917 ], [ 127.035931979999987, 37.57208705 ], [ 127.035970899999981, 37.57209745 ], [ 127.0359785, 37.57209942 ], [ 127.03616583, 37.57215033 ], [ 127.03617645, 37.57215258 ], [ 127.0362173, 37.57215989 ], [ 127.03627409000002, 37.57217169 ], [ 127.03627992, 37.57217254 ], [ 127.03629177, 37.57217479 ], [ 127.036319190000015, 37.57217929 ], [ 127.03633121, 37.57218126 ], [ 127.03634042, 37.57218266 ], [ 127.036350850000019, 37.57218406 ], [ 127.03651199, 37.57220823 ], [ 127.03664962000002, 37.5722293 ], [ 127.03670745, 37.57223576 ], [ 127.03673699, 37.57223942 ], [ 127.03676157000001, 37.57224167 ], [ 127.036904670000013, 37.57225429 ], [ 127.03700001, 37.57226270000001 ], [ 127.037045460000016, 37.57226494 ], [ 127.037238610000017, 37.57226376 ], [ 127.0373847, 37.57226288 ], [ 127.03744431, 37.57226286 ], [ 127.03766487, 37.57226448 ], [ 127.03773597, 37.57226502 ], [ 127.0381297, 37.57226518 ], [ 127.03813201, 37.57230234 ], [ 127.03813878, 37.57241384 ], [ 127.03814413, 37.57250478000001 ], [ 127.03816054, 37.57277028 ], [ 127.03816482, 37.57283955 ], [ 127.03817817, 37.57302087 ], [ 127.038451969999983, 37.57301712000001 ], [ 127.038526948645, 37.573016070183783 ], [ 127.0385395750084, 37.570969739293261 ] ] ] } },
{ "type": "Feature", "properties": { "display_grid_id": "11200_00313", "gu_code": 11200, "gu_name": "성동구", "source_cell_count": 14, "area_m2": 56055.6, "mean_actual_lst": 39.6156, "mean_actual_anomaly": 1.6868, "seoul_anomaly": 1.9798, "pred_anomaly": 2.5624, "pred_anomaly_std": 0.7551, "green_delta_c": -0.5033, "building_ratio": 0.1161, "green_ratio": 0.2551, "ndvi": 0.2107, "impervious_ratio": 0.5432, "built_surface_ratio": 0.5432, "avg_ground_floor_count": 1.5164, "elevation_m": 21.2153, "albedo": 0.1238, "nearest_park_distance_m": 35.5739, "park_area_within_500m": 228920.8627, "nearest_stream_distance_m": 43.3681, "est_population_density": 10091.7669, "dong_elderly_ratio": 0.1933, "dong_avg_age": 43.9847, "dong_pop_density": 13607.3672, "nearest_shelter_distance_m": 261.1931, "shelter_count_within_500m": 11.6513, "est_population": 565.7, "est_elderly": 108.0, "shelter_capacity_within_500m": 1377.6, "building_form_group": "no_building", "dong_name": "용답동", "top1_feature": "impervious_ratio", "top1_shap": 0.8985, "top2_feature": "built_surface_ratio", "top2_shap": 0.8313, "top3_feature": "ndvi", "top3_shap": 0.1953, "priority_score": 62.508, "priority_rank": 62 }, "geometry": { "type": "Polygon", "coordinates": [ [ [ 127.041370537198034, 37.57098077135327 ], [ 127.0385395750084, 37.570969739293261 ], [ 127.038526948645, 37.573016070183783 ], [ 127.041358299283289, 37.572976392044488 ], [ 127.041370537198034, 37.57098077135327 ] ] ] } },
{ "type": "Feature", "properties": { "display_grid_id": "11200_00314", "gu_code": 11200, "gu_name": "성동구", "source_cell_count": 12, "area_m2": 44251.52, "mean_actual_lst": 38.7858, "mean_actual_anomaly": 0.7877, "seoul_anomaly": 1.0807, "pred_anomaly": 1.5665, "pred_anomaly_std": 0.901, "green_delta_c": -0.4515, "building_ratio": 0.0121, "green_ratio": 0.2814, "ndvi": 0.2202, "impervious_ratio": 0.4272, "built_surface_ratio": 0.4272, "avg_ground_floor_count": 0.226, "elevation_m": 20.692, "albedo": 0.1233, "nearest_park_distance_m": 77.2102, "park_area_within_500m": 183556.0633, "nearest_stream_distance_m": 31.8284, "est_population_density": 318.6331, "dong_elderly_ratio": 0.1951, "dong_avg_age": 44.391, "dong_pop_density": 9483.6999, "nearest_shelter_distance_m": 229.7747, "shelter_count_within_500m": 11.3718, "est_population": 14.1, "est_elderly": 2.7, "shelter_capacity_within_500m": 1810.4, "building_form_group": "no_building", "dong_name": "용답동", "top1_feature": "impervious_ratio", "top1_shap": 0.8523, "top2_feature": "built_surface_ratio", "top2_shap": 0.7635, "top3_feature": "building_ratio", "top3_shap": -0.4531, "priority_score": 50.4127, "priority_rank": 155 }, "geometry": { "type": "Polygon", "coordinates": [ [ [ 127.044201500926633, 37.570991735529816 ], [ 127.041370537198034, 37.57098077135327 ], [ 127.041358299283289, 37.572976392044488 ], [ 127.04190734, 37.57296869000001 ], [ 127.041924320000021, 37.57296221 ], [ 127.04198868, 37.57293515 ], [ 127.04246136, 37.57273621 ], [ 127.04252414, 37.57271508 ], [ 127.04255507, 37.57269648 ], [ 127.043205820000011, 37.57242285 ], [ 127.04322367, 37.57241609 ], [ 127.04341288, 37.57233719 ], [ 127.044195340990484, 37.572002491687677 ], [ 127.044201500926633, 37.570991735529816 ] ] ] } },
{ "type": "Feature", "properties": { "display_grid_id": "11200_00315", "gu_code": 11200, "gu_name": "성동구", "source_cell_count": 7, "area_m2": 11522.49, "mean_actual_lst": 37.614, "mean_actual_anomaly": -0.3929, "seoul_anomaly": -0.0999, "pred_anomaly": 0.5706, "pred_anomaly_std": 0.8623, "green_delta_c": -0.6613, "building_ratio": 0.0, "green_ratio": 0.3876, "ndvi": 0.2605, "impervious_ratio": 0.3284, "built_surface_ratio": 0.3284, "avg_ground_floor_count": 0.0, "elevation_m": 21.6004, "albedo": 0.1284, "nearest_park_distance_m": 162.537, "park_area_within_500m": 145066.0318, "nearest_stream_distance_m": 59.0271, "est_population_density": 0.0, "dong_elderly_ratio": 0.1968, "dong_avg_age": 44.8, "dong_pop_density": 5338.6, "nearest_shelter_distance_m": 144.9321, "shelter_count_within_500m": 11.0838, "est_population": 0.0, "est_elderly": 0.0, "shelter_capacity_within_500m": 722.6, "building_form_group": "no_building", "dong_name": "용답동", "top1_feature": "impervious_ratio", "top1_shap": 0.7727, "top2_feature": "built_surface_ratio", "top2_shap": 0.6535, "top3_feature": "building_ratio", "top3_shap": -0.5349, "priority_score": 39.7778, "priority_rank": 248 }, "geometry": { "type": "Polygon", "coordinates": [ [ [ 127.044201500926633, 37.570991735529816 ], [ 127.044195340990484, 37.572002491687677 ], [ 127.045244290000014, 37.57155379 ], [ 127.04570899, 37.57135231 ], [ 127.046522477808395, 37.571000673907577 ], [ 127.044201500926633, 37.570991735529816 ] ] ] } }
]
}
