{
"type": "FeatureCollection",
"name": "11230_동대문구",
"crs": { "type": "name", "properties": { "name": "urn:ogc:def:crs:OGC:1.3:CRS84" } },
"features": [
{ "type": "Feature", "properties": { "display_grid_id": "11230_00001", "gu_code": 11230, "gu_name": "동대문구", "source_cell_count": 2, "area_m2": 230.18, "mean_actual_lst": 39.642, "mean_actual_anomaly": -0.1061, "seoul_anomaly": 2.2398, "pred_anomaly": 2.0281, "pred_anomaly_std": 1.1456, "green_delta_c": -0.3271, "building_ratio": 0.0, "green_ratio": 0.2361, "ndvi": 0.0864, "impervious_ratio": 0.3985, "built_surface_ratio": 0.3985, "avg_ground_floor_count": 0.0, "elevation_m": 21.247, "albedo": 0.0732, "nearest_park_distance_m": 0.0, "park_area_within_500m": 371399.65, "nearest_stream_distance_m": 486.46, "est_population_density": 0.0, "dong_elderly_ratio": 0.1955, "dong_avg_age": 43.8, "dong_pop_density": 27781.6, "nearest_shelter_distance_m": 457.96, "shelter_count_within_500m": 1.0, "est_population": 0.0, "est_elderly": 0.0, "shelter_capacity_within_500m": 9.5, "building_form_group": "no_building", "dong_name": "장안1동", "top1_feature": "impervious_ratio", "top1_shap": 1.0617, "top2_feature": "built_surface_ratio", "top2_shap": 0.9165, "top3_feature": "building_ratio", "top3_shap": -0.6605, "priority_score": 46.2865, "priority_rank": 177 }, "geometry": { "type": "Polygon", "coordinates": [ [ [ 127.061240185447971, 37.562042795156358 ], [ 127.061240672487983, 37.561959746207123 ], [ 127.060674466942245, 37.562040691411568 ], [ 127.061240185447971, 37.562042795156358 ] ] ] } },
{ "type": "Feature", "properties": { "display_grid_id": "11230_00002", "gu_code": 11230, "gu_name": "동대문구", "source_cell_count": 8, "area_m2": 8068.06, "mean_actual_lst": 39.8593, "mean_actual_anomaly": 0.1111, "seoul_anomaly": 2.4571, "pred_anomaly": 2.5306, "pred_anomaly_std": 0.8045, "green_delta_c": -0.2016, "building_ratio": 0.2015, "green_ratio": 0.2165, "ndvi": 0.0815, "impervious_ratio": 0.4493, "built_surface_ratio": 0.4493, "avg_ground_floor_count": 7.1123, "elevation_m": 20.8891, "albedo": 0.096, "nearest_park_distance_m": 0.0, "park_area_within_500m": 404290.5208, "nearest_stream_distance_m": 623.0554, "est_population_density": 12890.3721, "dong_elderly_ratio": 0.1955, "dong_avg_age": 43.8, "dong_pop_density": 27781.6, "nearest_shelter_distance_m": 413.1272, "shelter_count_within_500m": 1.5715, "est_population": 104.0, "est_elderly": 20.3, "shelter_capacity_within_500m": 154.5, "building_form_group": "high_floor_high_density", "dong_name": "장안1동", "top1_feature": "impervious_ratio", "top1_shap": 0.6401, "top2_feature": "built_surface_ratio", "top2_shap": 0.6286, "top3_feature": "ndvi", "top3_shap": 0.542, "priority_score": 45.4106, "priority_rank": 185 }, "geometry": { "type": "Polygon", "coordinates": [ [ [ 127.061240185447971, 37.562042795156358 ], [ 127.064070818619584, 37.562053280753091 ], [ 127.064073724654861, 37.561554527550378 ], [ 127.0620039, 37.56185063 ], [ 127.061240672487983, 37.561959746207123 ], [ 127.061240185447971, 37.562042795156358 ] ] ] } },
{ "type": "Feature", "properties": { "display_grid_id": "11230_00003", "gu_code": 11230, "gu_name": "동대문구", "source_cell_count": 7, "area_m2": 19600.58, "mean_actual_lst": 40.076, "mean_actual_anomaly": 0.7952, "seoul_anomaly": 3.1412, "pred_anomaly": 2.6457, "pred_anomaly_std": 0.7887, "green_delta_c": -0.1956, "building_ratio": 0.2925, "green_ratio": 0.2353, "ndvi": 0.1465, "impervious_ratio": 0.3924, "built_surface_ratio": 0.3924, "avg_ground_floor_count": 5.3207, "elevation_m": 19.7466, "albedo": 0.104, "nearest_park_distance_m": 0.0, "park_area_within_500m": 377177.5146, "nearest_stream_distance_m": 537.2604, "est_population_density": 12298.8246, "dong_elderly_ratio": 0.1955, "dong_avg_age": 43.8, "dong_pop_density": 27781.6, "nearest_shelter_distance_m": 302.0283, "shelter_count_within_500m": 1.9997, "est_population": 241.1, "est_elderly": 47.1, "shelter_capacity_within_500m": 220.2, "building_form_group": "high_floor_high_density", "dong_name": "장안1동", "top1_feature": "built_surface_ratio", "top1_shap": 0.5534, "top2_feature": "impervious_ratio", "top2_shap": 0.5511, "top3_feature": "building_ratio", "top3_shap": 0.218, "priority_score": 47.7007, "priority_rank": 168 }, "geometry": { "type": "Polygon", "coordinates": [ [ [ 127.064070818619584, 37.562053280753091 ], [ 127.066901453253493, 37.562063698487421 ], [ 127.066906747539136, 37.561149109798109 ], [ 127.064572490000018, 37.56148317000001 ], [ 127.064073724654861, 37.561554527550378 ], [ 127.064070818619584, 37.562053280753091 ] ] ] } },
{ "type": "Feature", "properties": { "display_grid_id": "11230_00004", "gu_code": 11230, "gu_name": "동대문구", "source_cell_count": 12, "area_m2": 31134.79, "mean_actual_lst": 40.748, "mean_actual_anomaly": 1.26, "seoul_anomaly": 3.6059, "pred_anomaly": 2.9009, "pred_anomaly_std": 0.7813, "green_delta_c": -0.1703, "building_ratio": 0.3499, "green_ratio": 0.2165, "ndvi": 0.0898, "impervious_ratio": 0.4035, "built_surface_ratio": 0.4035, "avg_ground_floor_count": 6.1601, "elevation_m": 18.0983, "albedo": 0.1071, "nearest_park_distance_m": 0.0, "park_area_within_500m": 302404.1139, "nearest_stream_distance_m": 338.6872, "est_population_density": 28384.1775, "dong_elderly_ratio": 0.1955, "dong_avg_age": 43.8, "dong_pop_density": 27781.6, "nearest_shelter_distance_m": 254.293, "shelter_count_within_500m": 1.9262, "est_population": 883.7, "est_elderly": 172.7, "shelter_capacity_within_500m": 343.8, "building_form_group": "high_floor_high_density", "dong_name": "장안1동", "top1_feature": "impervious_ratio", "top1_shap": 0.5944, "top2_feature": "building_ratio", "top2_shap": 0.4432, "top3_feature": "built_surface_ratio", "top3_shap": 0.4214, "priority_score": 54.3339, "priority_rank": 108 }, "geometry": { "type": "Polygon", "coordinates": [ [ [ 127.066901453253493, 37.562063698487421 ], [ 127.06973208934015, 37.562074048359236 ], [ 127.069739739848131, 37.560743713654439 ], [ 127.06955251, 37.56077041 ], [ 127.066906747539136, 37.561149109798109 ], [ 127.066901453253493, 37.562063698487421 ] ] ] } },
{ "type": "Feature", "properties": { "display_grid_id": "11230_00005", "gu_code": 11230, "gu_name": "동대문구", "source_cell_count": 11, "area_m2": 46259.13, "mean_actual_lst": 38.552, "mean_actual_anomaly": -0.6703, "seoul_anomaly": 1.6756, "pred_anomaly": 1.0985, "pred_anomaly_std": 0.8113, "green_delta_c": -0.273, "building_ratio": 0.0984, "green_ratio": 0.2507, "ndvi": 0.1974, "impervious_ratio": 0.4508, "built_surface_ratio": 0.4508, "avg_ground_floor_count": 3.0266, "elevation_m": 15.7897, "albedo": 0.1179, "nearest_park_distance_m": 44.8863, "park_area_within_500m": 186646.2186, "nearest_stream_distance_m": 98.9827, "est_population_density": 7730.3639, "dong_elderly_ratio": 0.1955, "dong_avg_age": 43.8, "dong_pop_density": 27781.6, "nearest_shelter_distance_m": 387.4709, "shelter_count_within_500m": 2.1081, "est_population": 357.6, "est_elderly": 69.9, "shelter_capacity_within_500m": 450.0, "building_form_group": "no_building", "dong_name": "장안1동", "top1_feature": "impervious_ratio", "top1_shap": 0.6318, "top2_feature": "built_surface_ratio", "top2_shap": 0.5999, "top3_feature": "building_ratio", "top3_shap": -0.3233, "priority_score": 45.146, "priority_rank": 187 }, "geometry": { "type": "Polygon", "coordinates": [ [ [ 127.06973208934015, 37.562074048359236 ], [ 127.072562726870089, 37.562084330368442 ], [ 127.072572197795395, 37.560426526690073 ], [ 127.07248884, 37.56020978 ], [ 127.072392420000014, 37.55997897 ], [ 127.07238409, 37.55996264 ], [ 127.07226088, 37.56000719 ], [ 127.07200472, 37.56010082 ], [ 127.07196335, 37.56011578 ], [ 127.071045679999983, 37.56046742 ], [ 127.07102804, 37.56051107 ], [ 127.07102772, 37.56053727 ], [ 127.07085586, 37.5605841 ], [ 127.07039171000001, 37.560650540000012 ], [ 127.07034149, 37.56065761 ], [ 127.07032522, 37.56065987 ], [ 127.07031779, 37.560661 ], [ 127.07031108, 37.56066185 ], [ 127.07024477, 37.56067146 ], [ 127.07023858, 37.56067231 ], [ 127.07023222, 37.56067316 ], [ 127.07022656, 37.560674 ], [ 127.070219660000021, 37.56067513 ], [ 127.06999828, 37.56070679 ], [ 127.06999015, 37.56070793 ], [ 127.069982190000019, 37.56070906 ], [ 127.06997636, 37.56070991 ], [ 127.069813510000017, 37.56073309 ], [ 127.069796530000019, 37.56073563 ], [ 127.069788220000021, 37.56073676 ], [ 127.06977655, 37.56073847 ], [ 127.06976859, 37.5607396 ], [ 127.069739739848131, 37.560743713654439 ], [ 127.06973208934015, 37.562074048359236 ] ] ] } },
{ "type": "Feature", "properties": { "display_grid_id": "11230_00006", "gu_code": 11230, "gu_name": "동대문구", "source_cell_count": 5, "area_m2": 5094.63, "mean_actual_lst": 35.8585, "mean_actual_anomaly": -3.1473, "seoul_anomaly": -0.8013, "pred_anomaly": -1.2612, "pred_anomaly_std": 0.9109, "green_delta_c": -0.2972, "building_ratio": 0.0, "green_ratio": 0.3102, "ndvi": 0.2363, "impervious_ratio": 0.2789, "built_surface_ratio": 0.2789, "avg_ground_floor_count": 0.0, "elevation_m": 13.0804, "albedo": 0.1257, "nearest_park_distance_m": 115.4857, "park_area_within_500m": 123841.2608, "nearest_stream_distance_m": 15.5088, "est_population_density": 0.0, "dong_elderly_ratio": 0.1955, "dong_avg_age": 43.8, "dong_pop_density": 27781.6, "nearest_shelter_distance_m": 455.4028, "shelter_count_within_500m": 2.7955, "est_population": 0.0, "est_elderly": 0.0, "shelter_capacity_within_500m": 146.0, "building_form_group": "no_building", "dong_name": "장안1동", "top1_feature": "building_ratio", "top1_shap": -0.6861, "top2_feature": "impervious_ratio", "top2_shap": 0.4371, "top3_feature": "built_surface_ratio", "top3_shap": 0.3824, "priority_score": 33.0566, "priority_rank": 245 }, "geometry": { "type": "Polygon", "coordinates": [ [ [ 127.072562726870089, 37.562084330368442 ], [ 127.073182966500511, 37.562086574262473 ], [ 127.07303048, 37.56166399 ], [ 127.07301523, 37.56162205 ], [ 127.072888989999981, 37.56127525 ], [ 127.07281327, 37.5610675 ], [ 127.072724629999982, 37.56082372 ], [ 127.07272249, 37.56081837 ], [ 127.0726819, 37.56071196 ], [ 127.0726757, 37.56069564 ], [ 127.072672150000017, 37.56068635 ], [ 127.072669850000011, 37.56068044 ], [ 127.072572197795395, 37.560426526690073 ], [ 127.072562726870089, 37.562084330368442 ] ] ] } },
{ "type": "Feature", "properties": { "display_grid_id": "11230_00007", "gu_code": 11230, "gu_name": "동대문구", "source_cell_count": 8, "area_m2": 18730.64, "mean_actual_lst": 42.1332, "mean_actual_anomaly": 1.9263, "seoul_anomaly": 4.2723, "pred_anomaly": 3.1843, "pred_anomaly_std": 0.755, "green_delta_c": -0.3562, "building_ratio": 0.2076, "green_ratio": 0.1868, "ndvi": 0.1023, "impervious_ratio": 0.5691, "built_surface_ratio": 0.5691, "avg_ground_floor_count": 6.6124, "elevation_m": 22.6005, "albedo": 0.1236, "nearest_park_distance_m": 6.4885, "park_area_within_500m": 216877.3931, "nearest_stream_distance_m": 108.0974, "est_population_density": 10632.2908, "dong_elderly_ratio": 0.2264, "dong_avg_age": 45.5225, "dong_pop_density": 30932.127, "nearest_shelter_distance_m": 207.054, "shelter_count_within_500m": 6.9246, "est_population": 199.1, "est_elderly": 45.4, "shelter_capacity_within_500m": 752.8, "building_form_group": "high_floor_low_density", "dong_name": "답십리2동", "top1_feature": "built_surface_ratio", "top1_shap": 0.7445, "top2_feature": "impervious_ratio", "top2_shap": 0.7186, "top3_feature": "ndvi", "top3_shap": 0.6205, "priority_score": 64.3887, "priority_rank": 32 }, "geometry": { "type": "Polygon", "coordinates": [ [ [ 127.058396253113742, 37.564285567111526 ], [ 127.058406318271636, 37.562580402743656 ], [ 127.05659074, 37.56394302 ], [ 127.05655043, 37.56397907 ], [ 127.056539300000011, 37.56398865 ], [ 127.056321020000013, 37.56417064 ], [ 127.056171870853419, 37.56427722589175 ], [ 127.058396253113742, 37.564285567111526 ] ] ] } },
{ "type": "Feature", "properties": { "display_grid_id": "11230_00008", "gu_code": 11230, "gu_name": "동대문구", "source_cell_count": 11, "area_m2": 58435.86, "mean_actual_lst": 41.8937, "mean_actual_anomaly": 1.7381, "seoul_anomaly": 4.084, "pred_anomaly": 3.3602, "pred_anomaly_std": 0.7279, "green_delta_c": -0.1306, "building_ratio": 0.3217, "green_ratio": 0.2166, "ndvi": 0.1018, "impervious_ratio": 0.4384, "built_surface_ratio": 0.4384, "avg_ground_floor_count": 5.1212, "elevation_m": 17.882, "albedo": 0.1118, "nearest_park_distance_m": 1.2287, "park_area_within_500m": 295099.4953, "nearest_stream_distance_m": 313.5286, "est_population_density": 25913.0288, "dong_elderly_ratio": 0.1983, "dong_avg_age": 43.954, "dong_pop_density": 28063.302, "nearest_shelter_distance_m": 373.5352, "shelter_count_within_500m": 4.973, "est_population": 1514.2, "est_elderly": 297.4, "shelter_capacity_within_500m": 721.2, "building_form_group": "high_floor_high_density", "dong_name": "장안1동", "top1_feature": "built_surface_ratio", "top1_shap": 0.5894, "top2_feature": "ndvi", "top2_shap": 0.5833, "top3_feature": "impervious_ratio", "top3_shap": 0.4483, "priority_score": 66.2865, "priority_rank": 27 }, "geometry": { "type": "Polygon", "coordinates": [ [ [ 127.058396253113742, 37.564285567111526 ], [ 127.061226970065078, 37.564296121424071 ], [ 127.061240185447971, 37.562042795156358 ], [ 127.060674466942245, 37.562040691411568 ], [ 127.060163829999979, 37.56211369 ], [ 127.06015376, 37.5621151 ], [ 127.06013855, 37.56211736 ], [ 127.06009381, 37.56212358 ], [ 127.06008532, 37.56212499 ], [ 127.05958985, 37.56219591 ], [ 127.05876088, 37.56231429 ], [ 127.058406318271636, 37.562580402743656 ], [ 127.058396253113742, 37.564285567111526 ] ] ] } },
{ "type": "Feature", "properties": { "display_grid_id": "11230_00009", "gu_code": 11230, "gu_name": "동대문구", "source_cell_count": 14, "area_m2": 62500.0, "mean_actual_lst": 40.4224, "mean_actual_anomaly": 0.6704, "seoul_anomaly": 3.0163, "pred_anomaly": 2.7818, "pred_anomaly_std": 0.7411, "green_delta_c": 0.0037, "building_ratio": 0.3948, "green_ratio": 0.2371, "ndvi": 0.0902, "impervious_ratio": 0.318, "built_surface_ratio": 0.318, "avg_ground_floor_count": 6.1936, "elevation_m": 17.7735, "albedo": 0.1058, "nearest_park_distance_m": 31.104, "park_area_within_500m": 382033.9308, "nearest_stream_distance_m": 531.7932, "est_population_density": 31563.2, "dong_elderly_ratio": 0.1955, "dong_avg_age": 43.8, "dong_pop_density": 27781.6, "nearest_shelter_distance_m": 296.9288, "shelter_count_within_500m": 2.72, "est_population": 1972.7, "est_elderly": 385.7, "shelter_capacity_within_500m": 531.3, "building_form_group": "high_floor_high_density", "dong_name": "장안1동", "top1_feature": "ndvi", "top1_shap": 0.5706, "top2_feature": "building_ratio", "top2_shap": 0.5362, "top3_feature": "built_surface_ratio", "top3_shap": 0.5022, "priority_score": 54.5255, "priority_rank": 106 }, "geometry": { "type": "Polygon", "coordinates": [ [ [ 127.061240185447971, 37.562042795156358 ], [ 127.061226970065078, 37.564296121424071 ], [ 127.064057688488361, 37.564306607868829 ], [ 127.064070818619584, 37.562053280753091 ], [ 127.061240185447971, 37.562042795156358 ] ] ] } },
{ "type": "Feature", "properties": { "display_grid_id": "11230_00010", "gu_code": 11230, "gu_name": "동대문구", "source_cell_count": 10, "area_m2": 62500.0, "mean_actual_lst": 40.1296, "mean_actual_anomaly": 0.8561, "seoul_anomaly": 3.2021, "pred_anomaly": 2.8213, "pred_anomaly_std": 0.7049, "green_delta_c": -0.0839, "building_ratio": 0.3599, "green_ratio": 0.2302, "ndvi": 0.0997, "impervious_ratio": 0.3387, "built_surface_ratio": 0.3387, "avg_ground_floor_count": 6.1191, "elevation_m": 18.9556, "albedo": 0.1091, "nearest_park_distance_m": 9.1552, "park_area_within_500m": 346286.4424, "nearest_stream_distance_m": 630.5888, "est_population_density": 23183.6, "dong_elderly_ratio": 0.1955, "dong_avg_age": 43.8, "dong_pop_density": 27781.6, "nearest_shelter_distance_m": 203.714, "shelter_count_within_500m": 3.6, "est_population": 1449.0, "est_elderly": 283.2, "shelter_capacity_within_500m": 780.0, "building_form_group": "high_floor_high_density", "dong_name": "장안1동", "top1_feature": "ndvi", "top1_shap": 0.547, "top2_feature": "built_surface_ratio", "top2_shap": 0.3976, "top3_feature": "impervious_ratio", "top3_shap": 0.3579, "priority_score": 50.4562, "priority_rank": 138 }, "geometry": { "type": "Polygon", "coordinates": [ [ [ 127.064070818619584, 37.562053280753091 ], [ 127.064057688488361, 37.564306607868829 ], [ 127.066888408374112, 37.5643170264457 ], [ 127.066901453253493, 37.562063698487421 ], [ 127.064070818619584, 37.562053280753091 ] ] ] } },
{ "type": "Feature", "properties": { "display_grid_id": "11230_00011", "gu_code": 11230, "gu_name": "동대문구", "source_cell_count": 12, "area_m2": 62500.0, "mean_actual_lst": 40.5641, "mean_actual_anomaly": 1.2786, "seoul_anomaly": 3.6245, "pred_anomaly": 3.1142, "pred_anomaly_std": 0.7115, "green_delta_c": -0.0795, "building_ratio": 0.3807, "green_ratio": 0.2289, "ndvi": 0.1153, "impervious_ratio": 0.3903, "built_surface_ratio": 0.3903, "avg_ground_floor_count": 5.1328, "elevation_m": 18.3428, "albedo": 0.1111, "nearest_park_distance_m": 52.2632, "park_area_within_500m": 271337.8288, "nearest_stream_distance_m": 434.7072, "est_population_density": 32016.4, "dong_elderly_ratio": 0.1955, "dong_avg_age": 43.8, "dong_pop_density": 27781.6, "nearest_shelter_distance_m": 110.9532, "shelter_count_within_500m": 3.6, "est_population": 2001.0, "est_elderly": 391.1, "shelter_capacity_within_500m": 742.0, "building_form_group": "high_floor_high_density", "dong_name": "장안1동", "top1_feature": "built_surface_ratio", "top1_shap": 0.5561, "top2_feature": "building_ratio", "top2_shap": 0.4698, "top3_feature": "impervious_ratio", "top3_shap": 0.4247, "priority_score": 52.3722, "priority_rank": 123 }, "geometry": { "type": "Polygon", "coordinates": [ [ [ 127.066901453253493, 37.562063698487421 ], [ 127.066888408374112, 37.5643170264457 ], [ 127.069719129712752, 37.564327377154584 ], [ 127.06973208934015, 37.562074048359236 ], [ 127.066901453253493, 37.562063698487421 ] ] ] } },
{ "type": "Feature", "properties": { "display_grid_id": "11230_00012", "gu_code": 11230, "gu_name": "동대문구", "source_cell_count": 14, "area_m2": 62500.0, "mean_actual_lst": 39.0481, "mean_actual_anomaly": -0.0462, "seoul_anomaly": 2.2997, "pred_anomaly": 2.1497, "pred_anomaly_std": 0.8328, "green_delta_c": -0.12, "building_ratio": 0.2934, "green_ratio": 0.2584, "ndvi": 0.2024, "impervious_ratio": 0.4372, "built_surface_ratio": 0.4372, "avg_ground_floor_count": 5.4944, "elevation_m": 17.3334, "albedo": 0.1136, "nearest_park_distance_m": 186.6828, "park_area_within_500m": 147979.0116, "nearest_stream_distance_m": 198.0876, "est_population_density": 28103.2, "dong_elderly_ratio": 0.1955, "dong_avg_age": 43.8, "dong_pop_density": 27781.6, "nearest_shelter_distance_m": 261.9056, "shelter_count_within_500m": 2.92, "est_population": 1756.5, "est_elderly": 343.3, "shelter_capacity_within_500m": 424.8, "building_form_group": "high_floor_high_density", "dong_name": "장안1동", "top1_feature": "built_surface_ratio", "top1_shap": 0.5353, "top2_feature": "impervious_ratio", "top2_shap": 0.526, "top3_feature": "building_ratio", "top3_shap": 0.3195, "priority_score": 51.3504, "priority_rank": 129 }, "geometry": { "type": "Polygon", "coordinates": [ [ [ 127.06973208934015, 37.562074048359236 ], [ 127.069719129712752, 37.564327377154584 ], [ 127.072549852494902, 37.564337659995353 ], [ 127.072562726870089, 37.562084330368442 ], [ 127.06973208934015, 37.562074048359236 ] ] ] } },
{ "type": "Feature", "properties": { "display_grid_id": "11230_00013", "gu_code": 11230, "gu_name": "동대문구", "source_cell_count": 8, "area_m2": 22862.55, "mean_actual_lst": 36.7111, "mean_actual_anomaly": -2.1561, "seoul_anomaly": 0.1898, "pred_anomaly": 0.0382, "pred_anomaly_std": 0.8593, "green_delta_c": -0.3962, "building_ratio": 0.0374, "green_ratio": 0.3421, "ndvi": 0.3116, "impervious_ratio": 0.4045, "built_surface_ratio": 0.4045, "avg_ground_floor_count": 2.9499, "elevation_m": 15.6038, "albedo": 0.1464, "nearest_park_distance_m": 285.4413, "park_area_within_500m": 65267.8483, "nearest_stream_distance_m": 64.5384, "est_population_density": 4076.0719, "dong_elderly_ratio": 0.1955, "dong_avg_age": 43.8, "dong_pop_density": 27781.6, "nearest_shelter_distance_m": 328.5595, "shelter_count_within_500m": 3.2981, "est_population": 93.2, "est_elderly": 18.2, "shelter_capacity_within_500m": 289.1, "building_form_group": "no_building", "dong_name": "장안1동", "top1_feature": "impervious_ratio", "top1_shap": 0.4931, "top2_feature": "built_surface_ratio", "top2_shap": 0.3656, "top3_feature": "ndvi", "top3_shap": -0.3438, "priority_score": 40.1278, "priority_rank": 211 }, "geometry": { "type": "Polygon", "coordinates": [ [ [ 127.072562726870089, 37.562084330368442 ], [ 127.072549852494902, 37.564337659995353 ], [ 127.074003044091754, 37.564342912471531 ], [ 127.07351403, 37.56300449 ], [ 127.073510840000012, 37.56299519 ], [ 127.073182966500511, 37.562086574262473 ], [ 127.072562726870089, 37.562084330368442 ] ] ] } },
{ "type": "Feature", "properties": { "display_grid_id": "11230_00014", "gu_code": 11230, "gu_name": "동대문구", "source_cell_count": 9, "area_m2": 21669.47, "mean_actual_lst": 40.0887, "mean_actual_anomaly": 0.8113, "seoul_anomaly": 3.1572, "pred_anomaly": 2.0458, "pred_anomaly_std": 0.7755, "green_delta_c": -0.1545, "building_ratio": 0.3378, "green_ratio": 0.2252, "ndvi": 0.1125, "impervious_ratio": 0.4161, "built_surface_ratio": 0.4161, "avg_ground_floor_count": 11.0079, "elevation_m": 23.0003, "albedo": 0.1099, "nearest_park_distance_m": 102.3162, "park_area_within_500m": 137493.5473, "nearest_stream_distance_m": 134.499, "est_population_density": 14289.4421, "dong_elderly_ratio": 0.1805, "dong_avg_age": 42.2392, "dong_pop_density": 34572.6736, "nearest_shelter_distance_m": 196.7438, "shelter_count_within_500m": 7.1411, "est_population": 309.6, "est_elderly": 54.5, "shelter_capacity_within_500m": 571.7, "building_form_group": "high_floor_high_density", "dong_name": "답십리1동", "top1_feature": "impervious_ratio", "top1_shap": 0.5546, "top2_feature": "avg_ground_floor_count", "top2_shap": -0.4583, "top3_feature": "built_surface_ratio", "top3_shap": 0.3364, "priority_score": 43.1204, "priority_rank": 197 }, "geometry": { "type": "Polygon", "coordinates": [ [ [ 127.055552150267189, 37.566528268620218 ], [ 127.055562926460539, 37.564714471358712 ], [ 127.054716560000017, 37.56533112 ], [ 127.05468033, 37.56535816 ], [ 127.05427536, 37.56565989 ], [ 127.05338871, 37.56632505 ], [ 127.053129201347531, 37.566519122197462 ], [ 127.055552150267189, 37.566528268620218 ] ] ] } },
{ "type": "Feature", "properties": { "display_grid_id": "11230_00015", "gu_code": 11230, "gu_name": "동대문구", "source_cell_count": 14, "area_m2": 61199.04, "mean_actual_lst": 40.9723, "mean_actual_anomaly": 1.1752, "seoul_anomaly": 3.5211, "pred_anomaly": 2.2427, "pred_anomaly_std": 0.8081, "green_delta_c": -0.1965, "building_ratio": 0.3066, "green_ratio": 0.2173, "ndvi": 0.1518, "impervious_ratio": 0.4985, "built_surface_ratio": 0.4985, "avg_ground_floor_count": 10.3539, "elevation_m": 19.9225, "albedo": 0.1075, "nearest_park_distance_m": 66.2414, "park_area_within_500m": 164671.1399, "nearest_stream_distance_m": 57.4925, "est_population_density": 39598.7561, "dong_elderly_ratio": 0.2231, "dong_avg_age": 45.265, "dong_pop_density": 31422.6228, "nearest_shelter_distance_m": 199.3641, "shelter_count_within_500m": 8.755, "est_population": 2423.4, "est_elderly": 546.9, "shelter_capacity_within_500m": 1536.5, "building_form_group": "high_floor_high_density", "dong_name": "답십리2동", "top1_feature": "impervious_ratio", "top1_shap": 0.5871, "top2_feature": "built_surface_ratio", "top2_shap": 0.5865, "top3_feature": "avg_ground_floor_count", "top3_shap": -0.2682, "priority_score": 69.0328, "priority_rank": 17 }, "geometry": { "type": "Polygon", "coordinates": [ [ [ 127.055552150267189, 37.566528268620218 ], [ 127.058382950997938, 37.566538891659498 ], [ 127.058396253113742, 37.564285567111526 ], [ 127.056171870853419, 37.56427722589175 ], [ 127.0557119, 37.56460593 ], [ 127.055562926460539, 37.564714471358712 ], [ 127.055552150267189, 37.566528268620218 ] ] ] } },
{ "type": "Feature", "properties": { "display_grid_id": "11230_00016", "gu_code": 11230, "gu_name": "동대문구", "source_cell_count": 15, "area_m2": 62500.0, "mean_actual_lst": 42.2973, "mean_actual_anomaly": 2.1456, "seoul_anomaly": 4.4916, "pred_anomaly": 3.4016, "pred_anomaly_std": 0.678, "green_delta_c": -0.1484, "building_ratio": 0.3243, "green_ratio": 0.2031, "ndvi": 0.1191, "impervious_ratio": 0.5369, "built_surface_ratio": 0.5369, "avg_ground_floor_count": 4.2261, "elevation_m": 17.4562, "albedo": 0.13, "nearest_park_distance_m": 9.0384, "park_area_within_500m": 220214.8988, "nearest_stream_distance_m": 234.3916, "est_population_density": 17951.2, "dong_elderly_ratio": 0.2213, "dong_avg_age": 45.24, "dong_pop_density": 30415.44, "nearest_shelter_distance_m": 238.5376, "shelter_count_within_500m": 8.08, "est_population": 1122.0, "est_elderly": 249.5, "shelter_capacity_within_500m": 1271.3, "building_form_group": "low_floor_high_density", "dong_name": "답십리2동", "top1_feature": "built_surface_ratio", "top1_shap": 0.6671, "top2_feature": "impervious_ratio", "top2_shap": 0.6468, "top3_feature": "ndvi", "top3_shap": 0.402, "priority_score": 64.4982, "priority_rank": 31 }, "geometry": { "type": "Polygon", "coordinates": [ [ [ 127.058396253113742, 37.564285567111526 ], [ 127.058382950997938, 37.566538891659498 ], [ 127.061213753210254, 37.56654944682559 ], [ 127.061226970065078, 37.564296121424071 ], [ 127.058396253113742, 37.564285567111526 ] ] ] } },
{ "type": "Feature", "properties": { "display_grid_id": "11230_00017", "gu_code": 11230, "gu_name": "동대문구", "source_cell_count": 14, "area_m2": 62500.0, "mean_actual_lst": 40.9956, "mean_actual_anomaly": 1.1978, "seoul_anomaly": 3.5437, "pred_anomaly": 2.8803, "pred_anomaly_std": 0.6698, "green_delta_c": -0.0789, "building_ratio": 0.352, "green_ratio": 0.2187, "ndvi": 0.1165, "impervious_ratio": 0.4482, "built_surface_ratio": 0.4482, "avg_ground_floor_count": 5.4425, "elevation_m": 17.7485, "albedo": 0.1184, "nearest_park_distance_m": 101.7568, "park_area_within_500m": 261008.7932, "nearest_stream_distance_m": 469.794, "est_population_density": 30745.6, "dong_elderly_ratio": 0.1981, "dong_avg_age": 43.944, "dong_pop_density": 28044.984, "nearest_shelter_distance_m": 155.4904, "shelter_count_within_500m": 8.24, "est_population": 1921.6, "est_elderly": 380.4, "shelter_capacity_within_500m": 1572.2, "building_form_group": "high_floor_high_density", "dong_name": "장안1동", "top1_feature": "built_surface_ratio", "top1_shap": 0.5758, "top2_feature": "impervious_ratio", "top2_shap": 0.5302, "top3_feature": "building_ratio", "top3_shap": 0.3541, "priority_score": 55.9854, "priority_rank": 96 }, "geometry": { "type": "Polygon", "coordinates": [ [ [ 127.061226970065078, 37.564296121424071 ], [ 127.061213753210254, 37.56654944682559 ], [ 127.064044556894714, 37.56655993411843 ], [ 127.064057688488361, 37.564306607868829 ], [ 127.061226970065078, 37.564296121424071 ] ] ] } },
{ "type": "Feature", "properties": { "display_grid_id": "11230_00018", "gu_code": 11230, "gu_name": "동대문구", "source_cell_count": 16, "area_m2": 62500.0, "mean_actual_lst": 40.5076, "mean_actual_anomaly": 0.9821, "seoul_anomaly": 3.328, "pred_anomaly": 2.8028, "pred_anomaly_std": 0.6417, "green_delta_c": -0.1273, "building_ratio": 0.344, "green_ratio": 0.2211, "ndvi": 0.1149, "impervious_ratio": 0.4229, "built_surface_ratio": 0.4229, "avg_ground_floor_count": 5.6472, "elevation_m": 17.9577, "albedo": 0.1151, "nearest_park_distance_m": 47.5272, "park_area_within_500m": 190336.5128, "nearest_stream_distance_m": 677.8288, "est_population_density": 30271.6, "dong_elderly_ratio": 0.1955, "dong_avg_age": 43.8, "dong_pop_density": 27781.6, "nearest_shelter_distance_m": 121.1828, "shelter_count_within_500m": 7.84, "est_population": 1892.0, "est_elderly": 369.8, "shelter_capacity_within_500m": 1443.0, "building_form_group": "high_floor_high_density", "dong_name": "장안1동", "top1_feature": "built_surface_ratio", "top1_shap": 0.5265, "top2_feature": "impervious_ratio", "top2_shap": 0.4722, "top3_feature": "ndvi", "top3_shap": 0.3572, "priority_score": 53.5219, "priority_rank": 116 }, "geometry": { "type": "Polygon", "coordinates": [ [ [ 127.064057688488361, 37.564306607868829 ], [ 127.064044556894714, 37.56655993411843 ], [ 127.06687536204177, 37.566570353537912 ], [ 127.066888408374112, 37.5643170264457 ], [ 127.064057688488361, 37.564306607868829 ] ] ] } },
{ "type": "Feature", "properties": { "display_grid_id": "11230_00019", "gu_code": 11230, "gu_name": "동대문구", "source_cell_count": 14, "area_m2": 62500.0, "mean_actual_lst": 40.5868, "mean_actual_anomaly": 1.279, "seoul_anomaly": 3.6249, "pred_anomaly": 3.0791, "pred_anomaly_std": 0.6632, "green_delta_c": -0.1894, "building_ratio": 0.3366, "green_ratio": 0.2135, "ndvi": 0.1256, "impervious_ratio": 0.4664, "built_surface_ratio": 0.4664, "avg_ground_floor_count": 5.0347, "elevation_m": 18.4226, "albedo": 0.1112, "nearest_park_distance_m": 189.8096, "park_area_within_500m": 127668.0784, "nearest_stream_distance_m": 534.1552, "est_population_density": 28685.2, "dong_elderly_ratio": 0.1955, "dong_avg_age": 43.8, "dong_pop_density": 27781.6, "nearest_shelter_distance_m": 137.2204, "shelter_count_within_500m": 6.56, "est_population": 1792.8, "est_elderly": 350.6, "shelter_capacity_within_500m": 1250.0, "building_form_group": "high_floor_high_density", "dong_name": "장안1동", "top1_feature": "built_surface_ratio", "top1_shap": 0.6132, "top2_feature": "impervious_ratio", "top2_shap": 0.5513, "top3_feature": "ndvi", "top3_shap": 0.3373, "priority_score": 60.7847, "priority_rank": 53 }, "geometry": { "type": "Polygon", "coordinates": [ [ [ 127.066888408374112, 37.5643170264457 ], [ 127.06687536204177, 37.566570353537912 ], [ 127.069706168641929, 37.566580705083886 ], [ 127.069719129712752, 37.564327377154584 ], [ 127.066888408374112, 37.5643170264457 ] ] ] } },
{ "type": "Feature", "properties": { "display_grid_id": "11230_00020", "gu_code": 11230, "gu_name": "동대문구", "source_cell_count": 12, "area_m2": 62500.0, "mean_actual_lst": 39.913, "mean_actual_anomaly": 0.842, "seoul_anomaly": 3.1879, "pred_anomaly": 2.0853, "pred_anomaly_std": 0.8249, "green_delta_c": -0.2688, "building_ratio": 0.2537, "green_ratio": 0.2455, "ndvi": 0.1952, "impervious_ratio": 0.457, "built_surface_ratio": 0.457, "avg_ground_floor_count": 6.4841, "elevation_m": 18.7047, "albedo": 0.1203, "nearest_park_distance_m": 380.7068, "park_area_within_500m": 55011.3716, "nearest_stream_distance_m": 297.278, "est_population_density": 28470.4, "dong_elderly_ratio": 0.1955, "dong_avg_age": 43.8, "dong_pop_density": 27781.6, "nearest_shelter_distance_m": 118.2976, "shelter_count_within_500m": 4.6, "est_population": 1779.4, "est_elderly": 347.9, "shelter_capacity_within_500m": 741.2, "building_form_group": "high_floor_high_density", "dong_name": "장안1동", "top1_feature": "built_surface_ratio", "top1_shap": 0.5917, "top2_feature": "impervious_ratio", "top2_shap": 0.5454, "top3_feature": "building_ratio", "top3_shap": 0.1698, "priority_score": 57.646, "priority_rank": 85 }, "geometry": { "type": "Polygon", "coordinates": [ [ [ 127.069719129712752, 37.564327377154584 ], [ 127.069706168641929, 37.566580705083886 ], [ 127.07253697668574, 37.566590988756275 ], [ 127.072549852494902, 37.564337659995353 ], [ 127.069719129712752, 37.564327377154584 ] ] ] } },
{ "type": "Feature", "properties": { "display_grid_id": "11230_00021", "gu_code": 11230, "gu_name": "동대문구", "source_cell_count": 11, "area_m2": 49741.83, "mean_actual_lst": 37.6965, "mean_actual_anomaly": -1.5745, "seoul_anomaly": 0.7715, "pred_anomaly": 0.5109, "pred_anomaly_std": 0.832, "green_delta_c": -0.2235, "building_ratio": 0.1114, "green_ratio": 0.2775, "ndvi": 0.2834, "impervious_ratio": 0.4958, "built_surface_ratio": 0.4958, "avg_ground_floor_count": 9.1714, "elevation_m": 17.2591, "albedo": 0.1282, "nearest_park_distance_m": 519.9058, "park_area_within_500m": 6585.7786, "nearest_stream_distance_m": 106.1625, "est_population_density": 21057.9402, "dong_elderly_ratio": 0.1955, "dong_avg_age": 43.8, "dong_pop_density": 27781.6, "nearest_shelter_distance_m": 125.5556, "shelter_count_within_500m": 2.8995, "est_population": 1047.5, "est_elderly": 204.8, "shelter_capacity_within_500m": 256.9, "building_form_group": "high_floor_low_density", "dong_name": "장안1동", "top1_feature": "impervious_ratio", "top1_shap": 0.6913, "top2_feature": "built_surface_ratio", "top2_shap": 0.6881, "top3_feature": "ndvi", "top3_shap": -0.2792, "priority_score": 35.0547, "priority_rank": 238 }, "geometry": { "type": "Polygon", "coordinates": [ [ [ 127.072549852494902, 37.564337659995353 ], [ 127.07253697668574, 37.566590988756275 ], [ 127.075367786163667, 37.566601204554978 ], [ 127.07537054365811, 37.566115433983768 ], [ 127.074372020000013, 37.56491517 ], [ 127.07436547, 37.56490729 ], [ 127.074349180000013, 37.56488817 ], [ 127.07410131, 37.56460225 ], [ 127.07409317, 37.56458958 ], [ 127.074003044091754, 37.564342912471531 ], [ 127.072549852494902, 37.564337659995353 ] ] ] } },
{ "type": "Feature", "properties": { "display_grid_id": "11230_00022", "gu_code": 11230, "gu_name": "동대문구", "source_cell_count": 2, "area_m2": 971.24, "mean_actual_lst": 37.0115, "mean_actual_anomaly": -2.5463, "seoul_anomaly": -0.2004, "pred_anomaly": -1.3368, "pred_anomaly_std": 1.8578, "green_delta_c": -0.6905, "building_ratio": 0.0, "green_ratio": 0.2248, "ndvi": 0.1707, "impervious_ratio": 0.2243, "built_surface_ratio": 0.2243, "avg_ground_floor_count": 0.0, "elevation_m": 13.0, "albedo": 0.1141, "nearest_park_distance_m": 686.03, "park_area_within_500m": 0.0, "nearest_stream_distance_m": 0.0, "est_population_density": 0.0, "dong_elderly_ratio": 0.1955, "dong_avg_age": 43.8, "dong_pop_density": 27781.6, "nearest_shelter_distance_m": 177.69, "shelter_count_within_500m": 4.0, "est_population": 0.0, "est_elderly": 0.0, "shelter_capacity_within_500m": 100.0, "building_form_group": "no_building", "dong_name": "장안1동", "top1_feature": "building_ratio", "top1_shap": -0.904, "top2_feature": "floor_area_ratio_proxy", "top2_shap": -0.5902, "top3_feature": "nearest_stream_distance_m", "top3_shap": -0.5792, "priority_score": 34.781, "priority_rank": 240 }, "geometry": { "type": "Polygon", "coordinates": [ [ [ 127.075367786163667, 37.566601204554978 ], [ 127.075775897645883, 37.566602671745486 ], [ 127.07537054365811, 37.566115433983768 ], [ 127.075367786163667, 37.566601204554978 ] ] ] } },
{ "type": "Feature", "properties": { "display_grid_id": "11230_00023", "gu_code": 11230, "gu_name": "동대문구", "source_cell_count": 9, "area_m2": 24650.46, "mean_actual_lst": 41.3532, "mean_actual_anomaly": 1.468, "seoul_anomaly": 3.8139, "pred_anomaly": 2.8475, "pred_anomaly_std": 0.7669, "green_delta_c": -0.1944, "building_ratio": 0.3012, "green_ratio": 0.1918, "ndvi": 0.1023, "impervious_ratio": 0.5523, "built_surface_ratio": 0.5523, "avg_ground_floor_count": 8.2688, "elevation_m": 22.3298, "albedo": 0.1174, "nearest_park_distance_m": 87.0731, "park_area_within_500m": 87320.8701, "nearest_stream_distance_m": 52.7361, "est_population_density": 10978.1479, "dong_elderly_ratio": 0.1701, "dong_avg_age": 41.5, "dong_pop_density": 35342.2, "nearest_shelter_distance_m": 175.0149, "shelter_count_within_500m": 6.3933, "est_population": 270.6, "est_elderly": 46.1, "shelter_capacity_within_500m": 415.6, "building_form_group": "high_floor_high_density", "dong_name": "답십리1동", "top1_feature": "built_surface_ratio", "top1_shap": 0.7053, "top2_feature": "impervious_ratio", "top2_shap": 0.6681, "top3_feature": "ndvi", "top3_shap": 0.3513, "priority_score": 53.1934, "priority_rank": 118 }, "geometry": { "type": "Polygon", "coordinates": [ [ [ 127.052707876889713, 37.568770899665907 ], [ 127.052719509812732, 37.56682550464263 ], [ 127.052716279999984, 37.56682792 ], [ 127.050165980000017, 37.56872783 ], [ 127.050157490000018, 37.56873431 ], [ 127.050121690158463, 37.568761072735505 ], [ 127.052707876889713, 37.568770899665907 ] ] ] } },
{ "type": "Feature", "properties": { "display_grid_id": "11230_00024", "gu_code": 11230, "gu_name": "동대문구", "source_cell_count": 10, "area_m2": 61884.73, "mean_actual_lst": 40.9628, "mean_actual_anomaly": 1.5107, "seoul_anomaly": 3.8566, "pred_anomaly": 3.0268, "pred_anomaly_std": 0.7711, "green_delta_c": -0.0726, "building_ratio": 0.3932, "green_ratio": 0.2173, "ndvi": 0.1257, "impervious_ratio": 0.5007, "built_surface_ratio": 0.5007, "avg_ground_floor_count": 5.2066, "elevation_m": 22.2535, "albedo": 0.1205, "nearest_park_distance_m": 202.1437, "park_area_within_500m": 92968.9837, "nearest_stream_distance_m": 60.3849, "est_population_density": 19252.7372, "dong_elderly_ratio": 0.1701, "dong_avg_age": 41.5, "dong_pop_density": 35342.2, "nearest_shelter_distance_m": 170.1808, "shelter_count_within_500m": 7.2623, "est_population": 1191.4, "est_elderly": 202.7, "shelter_capacity_within_500m": 1232.7, "building_form_group": "low_floor_high_density", "dong_name": "답십리1동", "top1_feature": "built_surface_ratio", "top1_shap": 0.6285, "top2_feature": "impervious_ratio", "top2_shap": 0.6151, "top3_feature": "building_ratio", "top3_shap": 0.4256, "priority_score": 49.9087, "priority_rank": 142 }, "geometry": { "type": "Polygon", "coordinates": [ [ [ 127.052707876889713, 37.568770899665907 ], [ 127.055538761399475, 37.568781591442814 ], [ 127.055552150267189, 37.566528268620218 ], [ 127.053129201347531, 37.566519122197462 ], [ 127.052719509812732, 37.56682550464263 ], [ 127.052707876889713, 37.568770899665907 ] ] ] } },
{ "type": "Feature", "properties": { "display_grid_id": "11230_00025", "gu_code": 11230, "gu_name": "동대문구", "source_cell_count": 14, "area_m2": 62500.0, "mean_actual_lst": 41.1877, "mean_actual_anomaly": 1.5536, "seoul_anomaly": 3.8995, "pred_anomaly": 3.2278, "pred_anomaly_std": 0.7583, "green_delta_c": -0.1002, "building_ratio": 0.3501, "green_ratio": 0.1962, "ndvi": 0.1285, "impervious_ratio": 0.578, "built_surface_ratio": 0.578, "avg_ground_floor_count": 4.0843, "elevation_m": 20.3259, "albedo": 0.1241, "nearest_park_distance_m": 232.3028, "park_area_within_500m": 84347.946, "nearest_stream_distance_m": 115.7628, "est_population_density": 22869.6, "dong_elderly_ratio": 0.1932, "dong_avg_age": 43.14, "dong_pop_density": 33634.88, "nearest_shelter_distance_m": 121.632, "shelter_count_within_500m": 8.92, "est_population": 1429.4, "est_elderly": 277.2, "shelter_capacity_within_500m": 1505.8, "building_form_group": "low_floor_high_density", "dong_name": "답십리1동", "top1_feature": "built_surface_ratio", "top1_shap": 0.7041, "top2_feature": "impervious_ratio", "top2_shap": 0.6776, "top3_feature": "building_ratio", "top3_shap": 0.2993, "priority_score": 55.7391, "priority_rank": 98 }, "geometry": { "type": "Polygon", "coordinates": [ [ [ 127.055552150267189, 37.566528268620218 ], [ 127.055538761399475, 37.568781591442814 ], [ 127.058369647400511, 37.568792215341198 ], [ 127.058382950997938, 37.566538891659498 ], [ 127.055552150267189, 37.566528268620218 ] ] ] } },
{ "type": "Feature", "properties": { "display_grid_id": "11230_00026", "gu_code": 11230, "gu_name": "동대문구", "source_cell_count": 12, "area_m2": 62500.0, "mean_actual_lst": 39.4909, "mean_actual_anomaly": -0.7109, "seoul_anomaly": 1.6351, "pred_anomaly": 1.6017, "pred_anomaly_std": 0.7776, "green_delta_c": -0.111, "building_ratio": 0.2197, "green_ratio": 0.2092, "ndvi": 0.1569, "impervious_ratio": 0.5441, "built_surface_ratio": 0.5441, "avg_ground_floor_count": 10.741, "elevation_m": 24.885, "albedo": 0.1116, "nearest_park_distance_m": 164.0324, "park_area_within_500m": 92707.3384, "nearest_stream_distance_m": 295.0044, "est_population_density": 36795.2, "dong_elderly_ratio": 0.2278, "dong_avg_age": 45.6, "dong_pop_density": 31073.9, "nearest_shelter_distance_m": 64.5604, "shelter_count_within_500m": 10.4, "est_population": 2299.7, "est_elderly": 524.0, "shelter_capacity_within_500m": 1886.7, "building_form_group": "high_floor_low_density", "dong_name": "답십리2동", "top1_feature": "built_surface_ratio", "top1_shap": 0.6233, "top2_feature": "impervious_ratio", "top2_shap": 0.6118, "top3_feature": "avg_ground_floor_count", "top3_shap": -0.2606, "priority_score": 45.5474, "priority_rank": 184 }, "geometry": { "type": "Polygon", "coordinates": [ [ [ 127.058382950997938, 37.566538891659498 ], [ 127.058369647400511, 37.568792215341198 ], [ 127.061200534883312, 37.568802771360922 ], [ 127.061213753210254, 37.56654944682559 ], [ 127.058382950997938, 37.566538891659498 ] ] ] } },
{ "type": "Feature", "properties": { "display_grid_id": "11230_00027", "gu_code": 11230, "gu_name": "동대문구", "source_cell_count": 13, "area_m2": 62500.0, "mean_actual_lst": 41.3808, "mean_actual_anomaly": 1.2458, "seoul_anomaly": 3.5918, "pred_anomaly": 2.9951, "pred_anomaly_std": 0.6561, "green_delta_c": -0.1089, "building_ratio": 0.3364, "green_ratio": 0.1985, "ndvi": 0.1202, "impervious_ratio": 0.5222, "built_surface_ratio": 0.5222, "avg_ground_floor_count": 5.4233, "elevation_m": 19.7772, "albedo": 0.1161, "nearest_park_distance_m": 255.502, "park_area_within_500m": 75377.652, "nearest_stream_distance_m": 508.082, "est_population_density": 26103.2, "dong_elderly_ratio": 0.2123, "dong_avg_age": 44.736, "dong_pop_density": 29493.596, "nearest_shelter_distance_m": 125.9364, "shelter_count_within_500m": 12.0, "est_population": 1631.4, "est_elderly": 352.6, "shelter_capacity_within_500m": 2213.7, "building_form_group": "low_floor_high_density", "dong_name": "답십리2동", "top1_feature": "built_surface_ratio", "top1_shap": 0.6591, "top2_feature": "impervious_ratio", "top2_shap": 0.5404, "top3_feature": "building_ratio", "top3_shap": 0.3721, "priority_score": 58.0657, "priority_rank": 77 }, "geometry": { "type": "Polygon", "coordinates": [ [ [ 127.061213753210254, 37.56654944682559 ], [ 127.061200534883312, 37.568802771360922 ], [ 127.064031423838415, 37.568813259501894 ], [ 127.064044556894714, 37.56655993411843 ], [ 127.061213753210254, 37.56654944682559 ] ] ] } },
{ "type": "Feature", "properties": { "display_grid_id": "11230_00028", "gu_code": 11230, "gu_name": "동대문구", "source_cell_count": 12, "area_m2": 62500.0, "mean_actual_lst": 41.0989, "mean_actual_anomaly": 1.5974, "seoul_anomaly": 3.9433, "pred_anomaly": 3.6379, "pred_anomaly_std": 0.582, "green_delta_c": -0.1395, "building_ratio": 0.4131, "green_ratio": 0.2104, "ndvi": 0.0818, "impervious_ratio": 0.4191, "built_surface_ratio": 0.4191, "avg_ground_floor_count": 3.5991, "elevation_m": 18.2778, "albedo": 0.12, "nearest_park_distance_m": 234.3876, "park_area_within_500m": 32450.2988, "nearest_stream_distance_m": 730.5936, "est_population_density": 24723.6, "dong_elderly_ratio": 0.1955, "dong_avg_age": 43.8, "dong_pop_density": 27781.6, "nearest_shelter_distance_m": 109.0712, "shelter_count_within_500m": 10.28, "est_population": 1545.2, "est_elderly": 302.0, "shelter_capacity_within_500m": 1838.7, "building_form_group": "low_floor_high_density", "dong_name": "장안1동", "top1_feature": "built_surface_ratio", "top1_shap": 0.5941, "top2_feature": "ndvi", "top2_shap": 0.4959, "top3_feature": "building_ratio", "top3_shap": 0.4313, "priority_score": 55.6843, "priority_rank": 99 }, "geometry": { "type": "Polygon", "coordinates": [ [ [ 127.064044556894714, 37.56655993411843 ], [ 127.064031423838415, 37.568813259501894 ], [ 127.066862314256298, 37.568823679764002 ], [ 127.06687536204177, 37.566570353537912 ], [ 127.064044556894714, 37.56655993411843 ] ] ] } },
{ "type": "Feature", "properties": { "display_grid_id": "11230_00029", "gu_code": 11230, "gu_name": "동대문구", "source_cell_count": 14, "area_m2": 62500.0, "mean_actual_lst": 40.0052, "mean_actual_anomaly": 0.6597, "seoul_anomaly": 3.0056, "pred_anomaly": 2.5254, "pred_anomaly_std": 0.6522, "green_delta_c": -0.1156, "building_ratio": 0.3713, "green_ratio": 0.2104, "ndvi": 0.0966, "impervious_ratio": 0.4429, "built_surface_ratio": 0.4429, "avg_ground_floor_count": 7.6492, "elevation_m": 18.2395, "albedo": 0.1118, "nearest_park_distance_m": 344.918, "park_area_within_500m": 17602.466, "nearest_stream_distance_m": 641.3408, "est_population_density": 23481.2, "dong_elderly_ratio": 0.1959, "dong_avg_age": 43.64, "dong_pop_density": 28448.816, "nearest_shelter_distance_m": 117.5632, "shelter_count_within_500m": 7.32, "est_population": 1467.6, "est_elderly": 287.4, "shelter_capacity_within_500m": 1411.7, "building_form_group": "high_floor_high_density", "dong_name": "장안1동", "top1_feature": "built_surface_ratio", "top1_shap": 0.4955, "top2_feature": "impervious_ratio", "top2_shap": 0.473, "top3_feature": "building_ratio", "top3_shap": 0.3726, "priority_score": 47.1077, "priority_rank": 173 }, "geometry": { "type": "Polygon", "coordinates": [ [ [ 127.06687536204177, 37.566570353537912 ], [ 127.066862314256298, 37.568823679764002 ], [ 127.069693206127496, 37.568834032147137 ], [ 127.069706168641929, 37.566580705083886 ], [ 127.06687536204177, 37.566570353537912 ] ] ] } },
{ "type": "Feature", "properties": { "display_grid_id": "11230_00030", "gu_code": 11230, "gu_name": "동대문구", "source_cell_count": 12, "area_m2": 62500.0, "mean_actual_lst": 40.0098, "mean_actual_anomaly": 0.5311, "seoul_anomaly": 2.877, "pred_anomaly": 2.3258, "pred_anomaly_std": 0.7252, "green_delta_c": -0.1713, "building_ratio": 0.3563, "green_ratio": 0.2352, "ndvi": 0.1559, "impervious_ratio": 0.4244, "built_surface_ratio": 0.4244, "avg_ground_floor_count": 6.7176, "elevation_m": 18.6159, "albedo": 0.1062, "nearest_park_distance_m": 537.206, "park_area_within_500m": 1398.9472, "nearest_stream_distance_m": 404.9812, "est_population_density": 28228.8, "dong_elderly_ratio": 0.1971, "dong_avg_age": 43.2, "dong_pop_density": 30283.66, "nearest_shelter_distance_m": 217.0464, "shelter_count_within_500m": 5.76, "est_population": 1764.3, "est_elderly": 347.7, "shelter_capacity_within_500m": 1040.0, "building_form_group": "high_floor_high_density", "dong_name": "장안2동", "top1_feature": "built_surface_ratio", "top1_shap": 0.5182, "top2_feature": "impervious_ratio", "top2_shap": 0.4896, "top3_feature": "building_ratio", "top3_shap": 0.4509, "priority_score": 56.6606, "priority_rank": 91 }, "geometry": { "type": "Polygon", "coordinates": [ [ [ 127.069706168641929, 37.566580705083886 ], [ 127.069693206127496, 37.568834032147137 ], [ 127.072524099442447, 37.568844316651187 ], [ 127.07253697668574, 37.566590988756275 ], [ 127.069706168641929, 37.566580705083886 ] ] ] } },
{ "type": "Feature", "properties": { "display_grid_id": "11230_00031", "gu_code": 11230, "gu_name": "동대문구", "source_cell_count": 13, "area_m2": 62500.0, "mean_actual_lst": 38.2634, "mean_actual_anomaly": -1.2791, "seoul_anomaly": 1.0668, "pred_anomaly": 0.3336, "pred_anomaly_std": 0.8042, "green_delta_c": -0.1737, "building_ratio": 0.1187, "green_ratio": 0.3311, "ndvi": 0.3049, "impervious_ratio": 0.3922, "built_surface_ratio": 0.3922, "avg_ground_floor_count": 13.0211, "elevation_m": 19.8803, "albedo": 0.1204, "nearest_park_distance_m": 705.8292, "park_area_within_500m": 0.0, "nearest_stream_distance_m": 187.5132, "est_population_density": 26082.4, "dong_elderly_ratio": 0.1958, "dong_avg_age": 43.68, "dong_pop_density": 28282.012, "nearest_shelter_distance_m": 169.4976, "shelter_count_within_500m": 3.2, "est_population": 1630.1, "est_elderly": 319.3, "shelter_capacity_within_500m": 547.5, "building_form_group": "no_building", "dong_name": "장안1동", "top1_feature": "impervious_ratio", "top1_shap": 0.5615, "top2_feature": "built_surface_ratio", "top2_shap": 0.534, "top3_feature": "ndvi", "top3_shap": -0.3418, "priority_score": 42.2263, "priority_rank": 203 }, "geometry": { "type": "Polygon", "coordinates": [ [ [ 127.07253697668574, 37.566590988756275 ], [ 127.072524099442447, 37.568844316651187 ], [ 127.075354994191713, 37.568854533276067 ], [ 127.075367786163667, 37.566601204554978 ], [ 127.07253697668574, 37.566590988756275 ] ] ] } },
{ "type": "Feature", "properties": { "display_grid_id": "11230_00032", "gu_code": 11230, "gu_name": "동대문구", "source_cell_count": 9, "area_m2": 27793.63, "mean_actual_lst": 36.5168, "mean_actual_anomaly": -3.041, "seoul_anomaly": -0.6951, "pred_anomaly": -0.7772, "pred_anomaly_std": 1.5825, "green_delta_c": -0.5402, "building_ratio": 0.0023, "green_ratio": 0.2784, "ndvi": 0.1778, "impervious_ratio": 0.3154, "built_surface_ratio": 0.3154, "avg_ground_floor_count": 5.1364, "elevation_m": 14.4798, "albedo": 0.1298, "nearest_park_distance_m": 757.728, "park_area_within_500m": 0.0, "nearest_stream_distance_m": 26.8245, "est_population_density": 406.568, "dong_elderly_ratio": 0.1959, "dong_avg_age": 44.0737, "dong_pop_density": 27382.1086, "nearest_shelter_distance_m": 276.6197, "shelter_count_within_500m": 4.1101, "est_population": 11.3, "est_elderly": 2.2, "shelter_capacity_within_500m": 730.4, "building_form_group": "no_building", "dong_name": "장안1동", "top1_feature": "impervious_ratio", "top1_shap": 0.3978, "top2_feature": "building_ratio", "top2_shap": -0.6059, "top3_feature": "built_surface_ratio", "top3_shap": 0.2012, "priority_score": 37.5912, "priority_rank": 223 }, "geometry": { "type": "Polygon", "coordinates": [ [ [ 127.075367786163667, 37.566601204554978 ], [ 127.075354994191713, 37.568854533276067 ], [ 127.077191822718675, 37.568861126028686 ], [ 127.076879140000017, 37.56793023 ], [ 127.07687258, 37.56791812 ], [ 127.07626841, 37.56719518 ], [ 127.076030960000011, 37.56690927 ], [ 127.07597648, 37.56684377 ], [ 127.075775897645883, 37.566602671745486 ], [ 127.075367786163667, 37.566601204554978 ] ] ] } },
{ "type": "Feature", "properties": { "display_grid_id": "11230_00033", "gu_code": 11230, "gu_name": "동대문구", "source_cell_count": 2, "area_m2": 405.75, "mean_actual_lst": 37.8025, "mean_actual_anomaly": -1.6755, "seoul_anomaly": 0.6705, "pred_anomaly": 1.5358, "pred_anomaly_std": 0.9036, "green_delta_c": -0.0322, "building_ratio": 0.0, "green_ratio": 0.2886, "ndvi": 0.1576, "impervious_ratio": 0.3655, "built_surface_ratio": 0.3655, "avg_ground_floor_count": 0.0, "elevation_m": 21.1515, "albedo": 0.0942, "nearest_park_distance_m": 9.4923, "park_area_within_500m": 419712.6933, "nearest_stream_distance_m": 21.5435, "est_population_density": 0.0, "dong_elderly_ratio": 0.1843, "dong_avg_age": 43.3, "dong_pop_density": 21714.4, "nearest_shelter_distance_m": 146.6422, "shelter_count_within_500m": 13.0, "est_population": 0.0, "est_elderly": 0.0, "shelter_capacity_within_500m": 620.0, "building_form_group": "no_building", "dong_name": "용신동", "top1_feature": "impervious_ratio", "top1_shap": 0.9248, "top2_feature": "building_ratio", "top2_shap": -0.7749, "top3_feature": "built_surface_ratio", "top3_shap": 0.7713, "priority_score": 16.1223, "priority_rank": 273 }, "geometry": { "type": "Polygon", "coordinates": [ [ [ 127.025750670278441, 37.570919055746408 ], [ 127.02573992, 37.57091126000001 ], [ 127.02572294, 37.57090394 ], [ 127.0255158, 37.57083895 ], [ 127.02549671, 37.57083669 ], [ 127.02520558, 37.57084858 ], [ 127.025191080000013, 37.57085139 ], [ 127.024972666689763, 37.570915927744053 ], [ 127.025750670278441, 37.570919055746408 ] ] ] } },
{ "type": "Feature", "properties": { "display_grid_id": "11230_00034", "gu_code": 11230, "gu_name": "동대문구", "source_cell_count": 8, "area_m2": 19776.51, "mean_actual_lst": 38.0663, "mean_actual_anomaly": -1.1326, "seoul_anomaly": 1.2133, "pred_anomaly": 1.4822, "pred_anomaly_std": 0.9128, "green_delta_c": -0.1634, "building_ratio": 0.1616, "green_ratio": 0.2276, "ndvi": 0.1504, "impervious_ratio": 0.461, "built_surface_ratio": 0.461, "avg_ground_floor_count": 13.7071, "elevation_m": 23.5065, "albedo": 0.1156, "nearest_park_distance_m": 76.2094, "park_area_within_500m": 324538.3088, "nearest_stream_distance_m": 29.6844, "est_population_density": 29580.563, "dong_elderly_ratio": 0.1843, "dong_avg_age": 43.3, "dong_pop_density": 21714.4, "nearest_shelter_distance_m": 154.244, "shelter_count_within_500m": 15.373, "est_population": 585.0, "est_elderly": 107.8, "shelter_capacity_within_500m": 1694.0, "building_form_group": "high_floor_low_density", "dong_name": "용신동", "top1_feature": "impervious_ratio", "top1_shap": 0.6387, "top2_feature": "built_surface_ratio", "top2_shap": 0.626, "top3_feature": "avg_ground_floor_count", "top3_shap": -0.6119, "priority_score": 32.135, "priority_rank": 250 }, "geometry": { "type": "Polygon", "coordinates": [ [ [ 127.030046697768071, 37.570936235813583 ], [ 127.030053466499041, 37.569858981100282 ], [ 127.028779299999982, 37.57013546000001 ], [ 127.02876975, 37.57013771 ], [ 127.02875914000002, 37.57014026 ], [ 127.02801778, 37.57032596 ], [ 127.027675740000021, 37.5704122 ], [ 127.02727567, 37.5709129 ], [ 127.027247821588816, 37.570925060690954 ], [ 127.030046697768071, 37.570936235813583 ] ] ] } },
{ "type": "Feature", "properties": { "display_grid_id": "11230_00035", "gu_code": 11230, "gu_name": "동대문구", "source_cell_count": 8, "area_m2": 27527.75, "mean_actual_lst": 39.4281, "mean_actual_anomaly": 0.1148, "seoul_anomaly": 2.4608, "pred_anomaly": 2.7306, "pred_anomaly_std": 0.8872, "green_delta_c": -0.1282, "building_ratio": 0.2679, "green_ratio": 0.2325, "ndvi": 0.1295, "impervious_ratio": 0.4526, "built_surface_ratio": 0.4526, "avg_ground_floor_count": 5.5447, "elevation_m": 25.4901, "albedo": 0.1217, "nearest_park_distance_m": 98.5824, "park_area_within_500m": 226301.8335, "nearest_stream_distance_m": 46.9644, "est_population_density": 19049.771, "dong_elderly_ratio": 0.1843, "dong_avg_age": 43.3, "dong_pop_density": 21714.4, "nearest_shelter_distance_m": 67.7834, "shelter_count_within_500m": 13.504, "est_population": 524.4, "est_elderly": 96.7, "shelter_capacity_within_500m": 1716.0, "building_form_group": "high_floor_high_density", "dong_name": "용신동", "top1_feature": "impervious_ratio", "top1_shap": 0.643, "top2_feature": "built_surface_ratio", "top2_shap": 0.6272, "top3_feature": "building_ratio", "top3_shap": 0.1192, "priority_score": 29.7081, "priority_rank": 261 }, "geometry": { "type": "Polygon", "coordinates": [ [ [ 127.030046697768071, 37.570936235813583 ], [ 127.032877655283897, 37.570947471523311 ], [ 127.032880984733012, 37.570414380127914 ], [ 127.03256676, 37.57023701 ], [ 127.032541290000012, 37.57022520000001 ], [ 127.03253616, 37.57022294 ], [ 127.032430370000014, 37.57018383 ], [ 127.032418519999979, 37.57017933 ], [ 127.03241269, 37.57017708 ], [ 127.03236245, 37.57015795 ], [ 127.03235325, 37.57015457 ], [ 127.032168569999982, 37.57008705 ], [ 127.032107020000012, 37.57006398 ], [ 127.03203485, 37.57003753 ], [ 127.032027770000013, 37.57003472 ], [ 127.03201857, 37.57003106 ], [ 127.03156732, 37.56986477 ], [ 127.031552820000016, 37.56985998 ], [ 127.031531229999985, 37.56985465 ], [ 127.031266799999983, 37.56980065 ], [ 127.0312606, 37.56980009 ], [ 127.030964340000011, 37.56978158 ], [ 127.03063874, 37.56978392 ], [ 127.030302530000014, 37.56980624 ], [ 127.03029616, 37.5698068 ], [ 127.03028873, 37.56980793 ], [ 127.030053466499041, 37.569858981100282 ], [ 127.030046697768071, 37.570936235813583 ] ] ] } },
{ "type": "Feature", "properties": { "display_grid_id": "11230_00036", "gu_code": 11230, "gu_name": "동대문구", "source_cell_count": 4, "area_m2": 2043.29, "mean_actual_lst": 39.0505, "mean_actual_anomaly": -0.2722, "seoul_anomaly": 2.0738, "pred_anomaly": 1.6903, "pred_anomaly_std": 0.832, "green_delta_c": -0.1028, "building_ratio": 0.1559, "green_ratio": 0.2273, "ndvi": 0.1269, "impervious_ratio": 0.4723, "built_surface_ratio": 0.4723, "avg_ground_floor_count": 14.3758, "elevation_m": 27.9745, "albedo": 0.1265, "nearest_park_distance_m": 62.5346, "park_area_within_500m": 187941.1183, "nearest_stream_distance_m": 19.3103, "est_population_density": 31225.5283, "dong_elderly_ratio": 0.1847, "dong_avg_age": 43.2942, "dong_pop_density": 21695.637, "nearest_shelter_distance_m": 83.2528, "shelter_count_within_500m": 12.9424, "est_population": 63.8, "est_elderly": 11.8, "shelter_capacity_within_500m": 369.0, "building_form_group": "high_floor_low_density", "dong_name": "용신동", "top1_feature": "avg_ground_floor_count", "top1_shap": -0.6745, "top2_feature": "built_surface_ratio", "top2_shap": 0.6352, "top3_feature": "impervious_ratio", "top3_shap": 0.6298, "priority_score": 24.4343, "priority_rank": 270 }, "geometry": { "type": "Polygon", "coordinates": [ [ [ 127.032877655283897, 37.570947471523311 ], [ 127.03362076179701, 37.570950409569278 ], [ 127.033057859999985, 37.57051422 ], [ 127.032880984733012, 37.570414380127914 ], [ 127.032877655283897, 37.570947471523311 ] ] ] } },
{ "type": "Feature", "properties": { "display_grid_id": "11230_00037", "gu_code": 11230, "gu_name": "동대문구", "source_cell_count": 2, "area_m2": 557.11, "mean_actual_lst": 38.665, "mean_actual_anomaly": -1.0088, "seoul_anomaly": 1.3371, "pred_anomaly": 1.9207, "pred_anomaly_std": 0.8297, "green_delta_c": -0.1873, "building_ratio": 0.0281, "green_ratio": 0.2579, "ndvi": 0.1842, "impervious_ratio": 0.4469, "built_surface_ratio": 0.4469, "avg_ground_floor_count": 2.0, "elevation_m": 15.387, "albedo": 0.1181, "nearest_park_distance_m": 206.96, "park_area_within_500m": 110684.61, "nearest_stream_distance_m": 122.84, "est_population_density": 897.5, "dong_elderly_ratio": 0.1701, "dong_avg_age": 41.5, "dong_pop_density": 35342.2, "nearest_shelter_distance_m": 175.02, "shelter_count_within_500m": 12.0, "est_population": 0.5, "est_elderly": 0.1, "shelter_capacity_within_500m": 261.0, "building_form_group": "low_floor_low_density", "dong_name": "답십리1동", "top1_feature": "built_surface_ratio", "top1_shap": 0.6398, "top2_feature": "impervious_ratio", "top2_shap": 0.6325, "top3_feature": "building_ratio", "top3_shap": -0.4623, "priority_score": 28.9234, "priority_rank": 262 }, "geometry": { "type": "Polygon", "coordinates": [ [ [ 127.047032466184675, 37.571002631822779 ], [ 127.047033816704726, 37.570779639317287 ], [ 127.046522477808395, 37.571000673907577 ], [ 127.047032466184675, 37.571002631822779 ] ] ] } },
{ "type": "Feature", "properties": { "display_grid_id": "11230_00038", "gu_code": 11230, "gu_name": "동대문구", "source_cell_count": 9, "area_m2": 29052.77, "mean_actual_lst": 39.4158, "mean_actual_anomaly": -0.3427, "seoul_anomaly": 2.0032, "pred_anomaly": 1.9283, "pred_anomaly_std": 0.7759, "green_delta_c": -0.2462, "building_ratio": 0.173, "green_ratio": 0.2067, "ndvi": 0.129, "impervious_ratio": 0.5265, "built_surface_ratio": 0.5265, "avg_ground_floor_count": 10.4087, "elevation_m": 19.1361, "albedo": 0.1095, "nearest_park_distance_m": 111.2322, "park_area_within_500m": 101939.0845, "nearest_stream_distance_m": 178.0707, "est_population_density": 15028.9917, "dong_elderly_ratio": 0.1701, "dong_avg_age": 41.5, "dong_pop_density": 35342.2, "nearest_shelter_distance_m": 100.4684, "shelter_count_within_500m": 7.862, "est_population": 436.6, "est_elderly": 74.2, "shelter_capacity_within_500m": 479.3, "building_form_group": "high_floor_low_density", "dong_name": "답십리1동", "top1_feature": "built_surface_ratio", "top1_shap": 0.6414, "top2_feature": "impervious_ratio", "top2_shap": 0.6252, "top3_feature": "ndvi", "top3_shap": 0.2659, "priority_score": 37.938, "priority_rank": 221 }, "geometry": { "type": "Polygon", "coordinates": [ [ [ 127.047032466184675, 37.571002631822779 ], [ 127.049863432962653, 37.571013460232066 ], [ 127.049875882441512, 37.568944829348716 ], [ 127.04867463, 37.56984282 ], [ 127.0479548, 37.57038091 ], [ 127.04762326, 37.57052492 ], [ 127.047516820000013, 37.57057085000001 ], [ 127.047033816704726, 37.570779639317287 ], [ 127.047032466184675, 37.571002631822779 ] ] ] } },
{ "type": "Feature", "properties": { "display_grid_id": "11230_00039", "gu_code": 11230, "gu_name": "동대문구", "source_cell_count": 13, "area_m2": 62278.6, "mean_actual_lst": 40.5866, "mean_actual_anomaly": 0.6453, "seoul_anomaly": 2.9912, "pred_anomaly": 2.6761, "pred_anomaly_std": 0.7216, "green_delta_c": -0.0603, "building_ratio": 0.3343, "green_ratio": 0.2015, "ndvi": 0.1219, "impervious_ratio": 0.5255, "built_surface_ratio": 0.5255, "avg_ground_floor_count": 7.7184, "elevation_m": 24.6629, "albedo": 0.1114, "nearest_park_distance_m": 181.7807, "park_area_within_500m": 79682.9633, "nearest_stream_distance_m": 115.7771, "est_population_density": 22223.5169, "dong_elderly_ratio": 0.1701, "dong_avg_age": 41.5, "dong_pop_density": 35342.2, "nearest_shelter_distance_m": 193.1107, "shelter_count_within_500m": 7.124, "est_population": 1384.0, "est_elderly": 235.5, "shelter_capacity_within_500m": 739.1, "building_form_group": "high_floor_high_density", "dong_name": "답십리1동", "top1_feature": "built_surface_ratio", "top1_shap": 0.6206, "top2_feature": "impervious_ratio", "top2_shap": 0.6129, "top3_feature": "building_ratio", "top3_shap": 0.2528, "priority_score": 47.573, "priority_rank": 170 }, "geometry": { "type": "Polygon", "coordinates": [ [ [ 127.049863432962653, 37.571013460232066 ], [ 127.052694401251102, 37.571024220757536 ], [ 127.052707876889713, 37.568770899665907 ], [ 127.050121690158463, 37.568761072735505 ], [ 127.049875882441512, 37.568944829348716 ], [ 127.049863432962653, 37.571013460232066 ] ] ] } },
{ "type": "Feature", "properties": { "display_grid_id": "11230_00040", "gu_code": 11230, "gu_name": "동대문구", "source_cell_count": 12, "area_m2": 62500.0, "mean_actual_lst": 39.0203, "mean_actual_anomaly": -0.7904, "seoul_anomaly": 1.5555, "pred_anomaly": 1.3324, "pred_anomaly_std": 0.8162, "green_delta_c": -0.0365, "building_ratio": 0.2242, "green_ratio": 0.1974, "ndvi": 0.2003, "impervious_ratio": 0.6185, "built_surface_ratio": 0.6185, "avg_ground_floor_count": 12.1838, "elevation_m": 28.1284, "albedo": 0.1155, "nearest_park_distance_m": 359.9588, "park_area_within_500m": 42247.9908, "nearest_stream_distance_m": 206.2388, "est_population_density": 42759.2, "dong_elderly_ratio": 0.1701, "dong_avg_age": 41.5, "dong_pop_density": 35342.2, "nearest_shelter_distance_m": 199.1144, "shelter_count_within_500m": 8.12, "est_population": 2672.4, "est_elderly": 454.6, "shelter_capacity_within_500m": 1084.2, "building_form_group": "high_floor_low_density", "dong_name": "답십리1동", "top1_feature": "built_surface_ratio", "top1_shap": 0.6891, "top2_feature": "impervious_ratio", "top2_shap": 0.663, "top3_feature": "avg_ground_floor_count", "top3_shap": -0.4984, "priority_score": 51.2409, "priority_rank": 130 }, "geometry": { "type": "Polygon", "coordinates": [ [ [ 127.052707876889713, 37.568770899665907 ], [ 127.052694401251102, 37.571024220757536 ], [ 127.055525371040474, 37.571034913399103 ], [ 127.055538761399475, 37.568781591442814 ], [ 127.052707876889713, 37.568770899665907 ] ] ] } },
{ "type": "Feature", "properties": { "display_grid_id": "11230_00041", "gu_code": 11230, "gu_name": "동대문구", "source_cell_count": 12, "area_m2": 62500.0, "mean_actual_lst": 40.9348, "mean_actual_anomaly": 1.1241, "seoul_anomaly": 3.47, "pred_anomaly": 3.2838, "pred_anomaly_std": 0.7419, "green_delta_c": -0.0563, "building_ratio": 0.3905, "green_ratio": 0.1972, "ndvi": 0.1305, "impervious_ratio": 0.5618, "built_surface_ratio": 0.5618, "avg_ground_floor_count": 4.5978, "elevation_m": 19.9863, "albedo": 0.1188, "nearest_park_distance_m": 426.8444, "park_area_within_500m": 14474.6476, "nearest_stream_distance_m": 321.1804, "est_population_density": 24461.6, "dong_elderly_ratio": 0.1932, "dong_avg_age": 43.14, "dong_pop_density": 33634.88, "nearest_shelter_distance_m": 99.6488, "shelter_count_within_500m": 9.48, "est_population": 1528.9, "est_elderly": 296.0, "shelter_capacity_within_500m": 1688.3, "building_form_group": "low_floor_high_density", "dong_name": "답십리1동", "top1_feature": "built_surface_ratio", "top1_shap": 0.7025, "top2_feature": "impervious_ratio", "top2_shap": 0.5691, "top3_feature": "building_ratio", "top3_shap": 0.5369, "priority_score": 49.416, "priority_rank": 149 }, "geometry": { "type": "Polygon", "coordinates": [ [ [ 127.055538761399475, 37.568781591442814 ], [ 127.055525371040474, 37.571034913399103 ], [ 127.058356342321318, 37.571045538156632 ], [ 127.058369647400511, 37.568792215341198 ], [ 127.055538761399475, 37.568781591442814 ] ] ] } },
{ "type": "Feature", "properties": { "display_grid_id": "11230_00042", "gu_code": 11230, "gu_name": "동대문구", "source_cell_count": 10, "area_m2": 62500.0, "mean_actual_lst": 39.5282, "mean_actual_anomaly": -0.7142, "seoul_anomaly": 1.6318, "pred_anomaly": 1.3585, "pred_anomaly_std": 0.8079, "green_delta_c": -0.2611, "building_ratio": 0.2742, "green_ratio": 0.2754, "ndvi": 0.194, "impervious_ratio": 0.4349, "built_surface_ratio": 0.4349, "avg_ground_floor_count": 12.286, "elevation_m": 34.6992, "albedo": 0.1018, "nearest_park_distance_m": 391.558, "park_area_within_500m": 19036.6984, "nearest_stream_distance_m": 457.622, "est_population_density": 44625.6, "dong_elderly_ratio": 0.2278, "dong_avg_age": 45.6, "dong_pop_density": 31073.9, "nearest_shelter_distance_m": 103.0428, "shelter_count_within_500m": 10.96, "est_population": 2789.1, "est_elderly": 635.3, "shelter_capacity_within_500m": 1795.3, "building_form_group": "high_floor_low_density", "dong_name": "답십리2동", "top1_feature": "built_surface_ratio", "top1_shap": 0.5285, "top2_feature": "impervious_ratio", "top2_shap": 0.5185, "top3_feature": "avg_ground_floor_count", "top3_shap": -0.4186, "priority_score": 51.0949, "priority_rank": 132 }, "geometry": { "type": "Polygon", "coordinates": [ [ [ 127.058369647400511, 37.568792215341198 ], [ 127.058356342321318, 37.571045538156632 ], [ 127.061187315084112, 37.571056095030045 ], [ 127.061200534883312, 37.568802771360922 ], [ 127.058369647400511, 37.568792215341198 ] ] ] } },
{ "type": "Feature", "properties": { "display_grid_id": "11230_00043", "gu_code": 11230, "gu_name": "동대문구", "source_cell_count": 12, "area_m2": 62500.0, "mean_actual_lst": 39.6946, "mean_actual_anomaly": -0.3579, "seoul_anomaly": 1.988, "pred_anomaly": 1.1739, "pred_anomaly_std": 0.7144, "green_delta_c": -0.2079, "building_ratio": 0.2671, "green_ratio": 0.2715, "ndvi": 0.2154, "impervious_ratio": 0.4702, "built_surface_ratio": 0.4702, "avg_ground_floor_count": 11.9586, "elevation_m": 26.5272, "albedo": 0.1136, "nearest_park_distance_m": 460.8468, "park_area_within_500m": 8918.572, "nearest_stream_distance_m": 627.5844, "est_population_density": 46415.2, "dong_elderly_ratio": 0.2278, "dong_avg_age": 45.6, "dong_pop_density": 31073.9, "nearest_shelter_distance_m": 67.4956, "shelter_count_within_500m": 12.4, "est_population": 2900.9, "est_elderly": 660.8, "shelter_capacity_within_500m": 2029.2, "building_form_group": "high_floor_low_density", "dong_name": "답십리2동", "top1_feature": "built_surface_ratio", "top1_shap": 0.5515, "top2_feature": "impervious_ratio", "top2_shap": 0.4667, "top3_feature": "avg_ground_floor_count", "top3_shap": -0.2808, "priority_score": 48.9416, "priority_rank": 152 }, "geometry": { "type": "Polygon", "coordinates": [ [ [ 127.061200534883312, 37.568802771360922 ], [ 127.061187315084112, 37.571056095030045 ], [ 127.06401828931935, 37.571066584019192 ], [ 127.064031423838415, 37.568813259501894 ], [ 127.061200534883312, 37.568802771360922 ] ] ] } },
{ "type": "Feature", "properties": { "display_grid_id": "11230_00044", "gu_code": 11230, "gu_name": "동대문구", "source_cell_count": 14, "area_m2": 62500.0, "mean_actual_lst": 41.0219, "mean_actual_anomaly": 1.4648, "seoul_anomaly": 3.8107, "pred_anomaly": 3.6233, "pred_anomaly_std": 0.6278, "green_delta_c": -0.2437, "building_ratio": 0.39, "green_ratio": 0.212, "ndvi": 0.0982, "impervious_ratio": 0.4482, "built_surface_ratio": 0.4482, "avg_ground_floor_count": 3.4758, "elevation_m": 17.7597, "albedo": 0.116, "nearest_park_distance_m": 466.286, "park_area_within_500m": 2339.7452, "nearest_stream_distance_m": 824.1232, "est_population_density": 22716.4, "dong_elderly_ratio": 0.2007, "dong_avg_age": 44.088, "dong_pop_density": 28308.368, "nearest_shelter_distance_m": 167.0928, "shelter_count_within_500m": 10.44, "est_population": 1419.8, "est_elderly": 283.6, "shelter_capacity_within_500m": 1782.3, "building_form_group": "low_floor_high_density", "dong_name": "장안1동", "top1_feature": "built_surface_ratio", "top1_shap": 0.6177, "top2_feature": "building_ratio", "top2_shap": 0.4705, "top3_feature": "ndvi", "top3_shap": 0.4705, "priority_score": 63.0201, "priority_rank": 41 }, "geometry": { "type": "Polygon", "coordinates": [ [ [ 127.064031423838415, 37.568813259501894 ], [ 127.06401828931935, 37.571066584019192 ], [ 127.066849265017581, 37.571077005123989 ], [ 127.066862314256298, 37.568823679764002 ], [ 127.064031423838415, 37.568813259501894 ] ] ] } },
{ "type": "Feature", "properties": { "display_grid_id": "11230_00045", "gu_code": 11230, "gu_name": "동대문구", "source_cell_count": 10, "area_m2": 62500.0, "mean_actual_lst": 40.2632, "mean_actual_anomaly": 0.2742, "seoul_anomaly": 2.6201, "pred_anomaly": 2.5752, "pred_anomaly_std": 0.7457, "green_delta_c": -0.0469, "building_ratio": 0.4594, "green_ratio": 0.2317, "ndvi": 0.0803, "impervious_ratio": 0.2673, "built_surface_ratio": 0.2673, "avg_ground_floor_count": 6.6935, "elevation_m": 18.1979, "albedo": 0.1014, "nearest_park_distance_m": 542.2676, "park_area_within_500m": 917.1764, "nearest_stream_distance_m": 742.0, "est_population_density": 26576.4, "dong_elderly_ratio": 0.1955, "dong_avg_age": 43.8, "dong_pop_density": 27781.6, "nearest_shelter_distance_m": 226.8344, "shelter_count_within_500m": 7.48, "est_population": 1661.0, "est_elderly": 324.8, "shelter_capacity_within_500m": 1522.2, "building_form_group": "high_floor_high_density", "dong_name": "장안1동", "top1_feature": "building_ratio", "top1_shap": 0.7094, "top2_feature": "ndvi", "top2_shap": 0.5158, "top3_feature": "built_surface_ratio", "top3_shap": 0.4085, "priority_score": 47.7281, "priority_rank": 167 }, "geometry": { "type": "Polygon", "coordinates": [ [ [ 127.066862314256298, 37.568823679764002 ], [ 127.066849265017581, 37.571077005123989 ], [ 127.069680242169227, 37.571087358344329 ], [ 127.069693206127496, 37.568834032147137 ], [ 127.066862314256298, 37.568823679764002 ] ] ] } },
{ "type": "Feature", "properties": { "display_grid_id": "11230_00046", "gu_code": 11230, "gu_name": "동대문구", "source_cell_count": 14, "area_m2": 62500.0, "mean_actual_lst": 39.1474, "mean_actual_anomaly": -0.7898, "seoul_anomaly": 1.5562, "pred_anomaly": 1.5554, "pred_anomaly_std": 0.7135, "green_delta_c": 0.0204, "building_ratio": 0.4178, "green_ratio": 0.2418, "ndvi": 0.0869, "impervious_ratio": 0.2559, "built_surface_ratio": 0.2559, "avg_ground_floor_count": 10.0028, "elevation_m": 19.2663, "albedo": 0.0979, "nearest_park_distance_m": 607.5756, "park_area_within_500m": 0.0, "nearest_stream_distance_m": 505.9844, "est_population_density": 16192.8, "dong_elderly_ratio": 0.1977, "dong_avg_age": 42.96, "dong_pop_density": 31284.484, "nearest_shelter_distance_m": 206.4056, "shelter_count_within_500m": 4.96, "est_population": 1012.1, "est_elderly": 200.5, "shelter_capacity_within_500m": 1071.5, "building_form_group": "high_floor_high_density", "dong_name": "장안2동", "top1_feature": "building_ratio", "top1_shap": 0.5765, "top2_feature": "avg_ground_floor_count", "top2_shap": -0.5086, "top3_feature": "ndvi", "top3_shap": 0.4963, "priority_score": 32.281, "priority_rank": 248 }, "geometry": { "type": "Polygon", "coordinates": [ [ [ 127.069693206127496, 37.568834032147137 ], [ 127.069680242169227, 37.571087358344329 ], [ 127.072511220764866, 37.571097643680105 ], [ 127.072524099442447, 37.568844316651187 ], [ 127.069693206127496, 37.568834032147137 ] ] ] } },
{ "type": "Feature", "properties": { "display_grid_id": "11230_00047", "gu_code": 11230, "gu_name": "동대문구", "source_cell_count": 12, "area_m2": 62500.0, "mean_actual_lst": 39.0237, "mean_actual_anomaly": -0.7989, "seoul_anomaly": 1.547, "pred_anomaly": 0.5343, "pred_anomaly_std": 0.7997, "green_delta_c": 0.0298, "building_ratio": 0.2815, "green_ratio": 0.2518, "ndvi": 0.1907, "impervious_ratio": 0.3538, "built_surface_ratio": 0.3538, "avg_ground_floor_count": 19.1944, "elevation_m": 20.397, "albedo": 0.0933, "nearest_park_distance_m": 590.0036, "park_area_within_500m": 0.0, "nearest_stream_distance_m": 287.014, "est_population_density": 62299.2, "dong_elderly_ratio": 0.1964, "dong_avg_age": 43.44, "dong_pop_density": 29282.836, "nearest_shelter_distance_m": 200.6616, "shelter_count_within_500m": 2.56, "est_population": 3893.7, "est_elderly": 762.7, "shelter_capacity_within_500m": 529.0, "building_form_group": "high_floor_low_density", "dong_name": "장안1동", "top1_feature": "avg_ground_floor_count", "top1_shap": -0.7358, "top2_feature": "impervious_ratio", "top2_shap": 0.3064, "top3_feature": "building_ratio", "top3_shap": 0.2998, "priority_score": 46.2044, "priority_rank": 178 }, "geometry": { "type": "Polygon", "coordinates": [ [ [ 127.072524099442447, 37.568844316651187 ], [ 127.072511220764866, 37.571097643680105 ], [ 127.075342200794964, 37.571107861131196 ], [ 127.075354994191713, 37.568854533276067 ], [ 127.072524099442447, 37.568844316651187 ] ] ] } },
{ "type": "Feature", "properties": { "display_grid_id": "11230_00048", "gu_code": 11230, "gu_name": "동대문구", "source_cell_count": 13, "area_m2": 49059.24, "mean_actual_lst": 36.858, "mean_actual_anomaly": -2.8994, "seoul_anomaly": -0.5535, "pred_anomaly": -0.5274, "pred_anomaly_std": 0.8782, "green_delta_c": -0.2968, "building_ratio": 0.0663, "green_ratio": 0.3262, "ndvi": 0.3547, "impervious_ratio": 0.3987, "built_surface_ratio": 0.3987, "avg_ground_floor_count": 14.3378, "elevation_m": 17.8034, "albedo": 0.1214, "nearest_park_distance_m": 567.6701, "park_area_within_500m": 57.0055, "nearest_stream_distance_m": 78.8819, "est_population_density": 29417.4956, "dong_elderly_ratio": 0.1957, "dong_avg_age": 43.936, "dong_pop_density": 27583.0976, "nearest_shelter_distance_m": 319.9277, "shelter_count_within_500m": 4.2162, "est_population": 1443.2, "est_elderly": 282.1, "shelter_capacity_within_500m": 1348.6, "building_form_group": "no_building", "dong_name": "장안1동", "top1_feature": "built_surface_ratio", "top1_shap": 0.5271, "top2_feature": "impervious_ratio", "top2_shap": 0.4633, "top3_feature": "avg_ground_floor_count", "top3_shap": -0.3321, "priority_score": 47.1442, "priority_rank": 172 }, "geometry": { "type": "Polygon", "coordinates": [ [ [ 127.075354994191713, 37.568854533276067 ], [ 127.075342200794964, 37.571107861131196 ], [ 127.077949662345617, 37.571117211807866 ], [ 127.077191822718675, 37.568861126028686 ], [ 127.075354994191713, 37.568854533276067 ] ] ] } },
{ "type": "Feature", "properties": { "display_grid_id": "11230_00049", "gu_code": 11230, "gu_name": "동대문구", "source_cell_count": 4, "area_m2": 15666.15, "mean_actual_lst": 38.9678, "mean_actual_anomaly": -0.3672, "seoul_anomaly": 1.9787, "pred_anomaly": 2.3631, "pred_anomaly_std": 0.8804, "green_delta_c": -0.2863, "building_ratio": 0.2556, "green_ratio": 0.2471, "ndvi": 0.1423, "impervious_ratio": 0.419, "built_surface_ratio": 0.419, "avg_ground_floor_count": 8.3988, "elevation_m": 27.3373, "albedo": 0.1111, "nearest_park_distance_m": 2.8738, "park_area_within_500m": 385526.9409, "nearest_stream_distance_m": 78.8177, "est_population_density": 31103.1263, "dong_elderly_ratio": 0.1843, "dong_avg_age": 43.3, "dong_pop_density": 21714.4, "nearest_shelter_distance_m": 222.8664, "shelter_count_within_500m": 9.8573, "est_population": 487.3, "est_elderly": 89.8, "shelter_capacity_within_500m": 555.9, "building_form_group": "high_floor_high_density", "dong_name": "용신동", "top1_feature": "impervious_ratio", "top1_shap": 0.5927, "top2_feature": "built_surface_ratio", "top2_shap": 0.5798, "top3_feature": "ndvi", "top3_shap": 0.3166, "priority_score": 43.7591, "priority_rank": 195 }, "geometry": { "type": "Polygon", "coordinates": [ [ [ 127.02437045745576, 37.573166872021602 ], [ 127.02438271252683, 37.571239849967597 ], [ 127.02418806, 37.57142288 ], [ 127.02417161, 37.57143583 ], [ 127.023439149999987, 37.57189801 ], [ 127.02342712, 37.57190363 ], [ 127.023401650000011, 37.57190703 ], [ 127.0233914, 37.57190731 ], [ 127.02336505000001, 37.57191435 ], [ 127.023352230000015, 37.57225025 ], [ 127.0233441, 37.57225758 ], [ 127.023313742267661, 37.573162609755144 ], [ 127.02437045745576, 37.573166872021602 ] ] ] } },
{ "type": "Feature", "properties": { "display_grid_id": "11230_00050", "gu_code": 11230, "gu_name": "동대문구", "source_cell_count": 12, "area_m2": 59400.84, "mean_actual_lst": 39.8406, "mean_actual_anomaly": 0.4458, "seoul_anomaly": 2.7918, "pred_anomaly": 3.1888, "pred_anomaly_std": 0.8171, "green_delta_c": -0.1402, "building_ratio": 0.3342, "green_ratio": 0.2079, "ndvi": 0.1163, "impervious_ratio": 0.5571, "built_surface_ratio": 0.5571, "avg_ground_floor_count": 5.1812, "elevation_m": 23.7913, "albedo": 0.141, "nearest_park_distance_m": 9.4077, "park_area_within_500m": 376330.7827, "nearest_stream_distance_m": 83.6801, "est_population_density": 22178.5321, "dong_elderly_ratio": 0.1843, "dong_avg_age": 43.3, "dong_pop_density": 21714.4, "nearest_shelter_distance_m": 175.2689, "shelter_count_within_500m": 10.5802, "est_population": 1317.4, "est_elderly": 242.8, "shelter_capacity_within_500m": 1503.4, "building_form_group": "low_floor_high_density", "dong_name": "용신동", "top1_feature": "built_surface_ratio", "top1_shap": 0.681, "top2_feature": "impervious_ratio", "top2_shap": 0.6486, "top3_feature": "building_ratio", "top3_shap": 0.3158, "priority_score": 49.7263, "priority_rank": 146 }, "geometry": { "type": "Polygon", "coordinates": [ [ [ 127.02437045745576, 37.573166872021602 ], [ 127.027201497095547, 37.573178244416788 ], [ 127.027215656637622, 37.570938409047365 ], [ 127.02721254, 37.5709391 ], [ 127.02720688, 37.57094079 ], [ 127.027199810000013, 37.57094896 ], [ 127.026455250000012, 37.57116507 ], [ 127.026161500000015, 37.57124932 ], [ 127.026079940000017, 37.57115783 ], [ 127.025750670278441, 37.570919055746408 ], [ 127.024972666689763, 37.570915927744053 ], [ 127.024799180000016, 37.57096719 ], [ 127.02460022, 37.57103903 ], [ 127.024588190000017, 37.57104664 ], [ 127.02438271252683, 37.571239849967597 ], [ 127.02437045745576, 37.573166872021602 ] ] ] } },
{ "type": "Feature", "properties": { "display_grid_id": "11230_00051", "gu_code": 11230, "gu_name": "동대문구", "source_cell_count": 12, "area_m2": 62497.78, "mean_actual_lst": 38.8052, "mean_actual_anomaly": -0.5728, "seoul_anomaly": 1.7731, "pred_anomaly": 1.7905, "pred_anomaly_std": 0.876, "green_delta_c": -0.0952, "building_ratio": 0.2128, "green_ratio": 0.2061, "ndvi": 0.1399, "impervious_ratio": 0.5255, "built_surface_ratio": 0.5255, "avg_ground_floor_count": 13.7362, "elevation_m": 23.5559, "albedo": 0.1043, "nearest_park_distance_m": 134.2082, "park_area_within_500m": 286460.0564, "nearest_stream_distance_m": 80.9835, "est_population_density": 38232.9769, "dong_elderly_ratio": 0.1843, "dong_avg_age": 43.3, "dong_pop_density": 21714.4, "nearest_shelter_distance_m": 212.0666, "shelter_count_within_500m": 10.1999, "est_population": 2389.5, "est_elderly": 440.4, "shelter_capacity_within_500m": 1684.6, "building_form_group": "high_floor_low_density", "dong_name": "용신동", "top1_feature": "built_surface_ratio", "top1_shap": 0.6377, "top2_feature": "impervious_ratio", "top2_shap": 0.624, "top3_feature": "avg_ground_floor_count", "top3_shap": -0.4582, "priority_score": 53.5402, "priority_rank": 115 }, "geometry": { "type": "Polygon", "coordinates": [ [ [ 127.027201497095547, 37.573178244416788 ], [ 127.030032538321947, 37.573189548923608 ], [ 127.030046697768071, 37.570936235813583 ], [ 127.027247821588816, 37.570925060690954 ], [ 127.02721889999998, 37.57093769 ], [ 127.027215656637622, 37.570938409047365 ], [ 127.027201497095547, 37.573178244416788 ] ] ] } },
{ "type": "Feature", "properties": { "display_grid_id": "11230_00052", "gu_code": 11230, "gu_name": "동대문구", "source_cell_count": 11, "area_m2": 62500.0, "mean_actual_lst": 41.1325, "mean_actual_anomaly": 1.6669, "seoul_anomaly": 4.0129, "pred_anomaly": 3.0233, "pred_anomaly_std": 0.7326, "green_delta_c": -0.0873, "building_ratio": 0.3384, "green_ratio": 0.2155, "ndvi": 0.1127, "impervious_ratio": 0.4814, "built_surface_ratio": 0.4814, "avg_ground_floor_count": 5.7546, "elevation_m": 24.1889, "albedo": 0.1153, "nearest_park_distance_m": 240.7116, "park_area_within_500m": 161700.59, "nearest_stream_distance_m": 183.846, "est_population_density": 30796.4, "dong_elderly_ratio": 0.1843, "dong_avg_age": 43.3, "dong_pop_density": 21714.4, "nearest_shelter_distance_m": 137.1084, "shelter_count_within_500m": 10.8, "est_population": 1924.8, "est_elderly": 354.8, "shelter_capacity_within_500m": 1535.5, "building_form_group": "low_floor_high_density", "dong_name": "용신동", "top1_feature": "built_surface_ratio", "top1_shap": 0.6045, "top2_feature": "impervious_ratio", "top2_shap": 0.5058, "top3_feature": "ndvi", "top3_shap": 0.3495, "priority_score": 58.3942, "priority_rank": 72 }, "geometry": { "type": "Polygon", "coordinates": [ [ [ 127.030046697768071, 37.570936235813583 ], [ 127.030032538321947, 37.573189548923608 ], [ 127.032863581125468, 37.573200785541943 ], [ 127.032877655283897, 37.570947471523311 ], [ 127.030046697768071, 37.570936235813583 ] ] ] } },
{ "type": "Feature", "properties": { "display_grid_id": "11230_00053", "gu_code": 11230, "gu_name": "동대문구", "source_cell_count": 11, "area_m2": 50011.29, "mean_actual_lst": 40.2438, "mean_actual_anomaly": 0.3812, "seoul_anomaly": 2.7271, "pred_anomaly": 2.8095, "pred_anomaly_std": 0.8399, "green_delta_c": -0.1577, "building_ratio": 0.2038, "green_ratio": 0.2208, "ndvi": 0.1364, "impervious_ratio": 0.4972, "built_surface_ratio": 0.4972, "avg_ground_floor_count": 5.0835, "elevation_m": 22.3651, "albedo": 0.1105, "nearest_park_distance_m": 135.6488, "park_area_within_500m": 152278.1549, "nearest_stream_distance_m": 60.5407, "est_population_density": 16678.7361, "dong_elderly_ratio": 0.1843, "dong_avg_age": 43.3, "dong_pop_density": 21714.4, "nearest_shelter_distance_m": 102.2102, "shelter_count_within_500m": 10.9777, "est_population": 834.1, "est_elderly": 153.8, "shelter_capacity_within_500m": 1261.0, "building_form_group": "low_floor_high_density", "dong_name": "용신동", "top1_feature": "built_surface_ratio", "top1_shap": 0.688, "top2_feature": "impervious_ratio", "top2_shap": 0.6824, "top3_feature": "ndvi", "top3_shap": 0.2086, "priority_score": 37.865, "priority_rank": 222 }, "geometry": { "type": "Polygon", "coordinates": [ [ [ 127.032877655283897, 37.570947471523311 ], [ 127.032863581125468, 37.573200785541943 ], [ 127.035694625496589, 37.573211954271663 ], [ 127.035702034208768, 37.572018596824748 ], [ 127.035701480000014, 37.57201841 ], [ 127.03564859, 37.57200097 ], [ 127.03564080000001, 37.57199844 ], [ 127.03559287, 37.571981 ], [ 127.03557482, 37.57197453 ], [ 127.03551237, 37.57195174000001 ], [ 127.03547982000002, 37.57193936 ], [ 127.035467220000015, 37.57193444 ], [ 127.03540996, 37.57191207 ], [ 127.035356770000021, 37.57189003 ], [ 127.03534749, 37.57188619 ], [ 127.03523340000001, 37.57183892 ], [ 127.03521606, 37.5718316 ], [ 127.0351683, 37.57181134 ], [ 127.0351561, 37.57180599 ], [ 127.03510497, 37.57178433 ], [ 127.0350618, 37.57176632 ], [ 127.03489869, 37.57169654 ], [ 127.03481112999998, 37.57165912 ], [ 127.03471543, 37.57161776 ], [ 127.03462309, 37.57157808 ], [ 127.034472190000017, 37.57151224 ], [ 127.0343303, 37.57145061 ], [ 127.03430589, 37.57144021 ], [ 127.03429917, 37.57143711 ], [ 127.03428325, 37.57143035 ], [ 127.03418931, 37.57138956 ], [ 127.03418241, 37.57138562 ], [ 127.03362076179701, 37.570950409569278 ], [ 127.032877655283897, 37.570947471523311 ] ] ] } },
{ "type": "Feature", "properties": { "display_grid_id": "11230_00054", "gu_code": 11230, "gu_name": "동대문구", "source_cell_count": 8, "area_m2": 24871.91, "mean_actual_lst": 39.1056, "mean_actual_anomaly": -0.818, "seoul_anomaly": 1.528, "pred_anomaly": 2.0627, "pred_anomaly_std": 0.9091, "green_delta_c": -0.3298, "building_ratio": 0.0768, "green_ratio": 0.2081, "ndvi": 0.1855, "impervious_ratio": 0.587, "built_surface_ratio": 0.587, "avg_ground_floor_count": 7.0601, "elevation_m": 22.1562, "albedo": 0.1094, "nearest_park_distance_m": 107.369, "park_area_within_500m": 208964.1613, "nearest_stream_distance_m": 54.1656, "est_population_density": 11027.1783, "dong_elderly_ratio": 0.1843, "dong_avg_age": 43.3, "dong_pop_density": 21714.4, "nearest_shelter_distance_m": 238.3837, "shelter_count_within_500m": 10.9428, "est_population": 274.3, "est_elderly": 50.5, "shelter_capacity_within_500m": 490.2, "building_form_group": "high_floor_low_density", "dong_name": "용신동", "top1_feature": "built_surface_ratio", "top1_shap": 0.7927, "top2_feature": "impervious_ratio", "top2_shap": 0.7721, "top3_feature": "green_ratio", "top3_shap": 0.3197, "priority_score": 48.0018, "priority_rank": 165 }, "geometry": { "type": "Polygon", "coordinates": [ [ [ 127.035694625496589, 37.573211954271663 ], [ 127.038525671425859, 37.573223055112663 ], [ 127.038526948645, 37.573016070183783 ], [ 127.038451969999983, 37.57301712000001 ], [ 127.03817817, 37.57302087 ], [ 127.03816482, 37.57283955 ], [ 127.03816054, 37.57277028 ], [ 127.03814413, 37.57250478000001 ], [ 127.03813878, 37.57241384 ], [ 127.03813201, 37.57230234 ], [ 127.0381297, 37.57226518 ], [ 127.03773597, 37.57226502 ], [ 127.03766487, 37.57226448 ], [ 127.03744431, 37.57226286 ], [ 127.0373847, 37.57226288 ], [ 127.037238610000017, 37.57226376 ], [ 127.037045460000016, 37.57226494 ], [ 127.03700001, 37.57226270000001 ], [ 127.036904670000013, 37.57225429 ], [ 127.03676157000001, 37.57224167 ], [ 127.03673699, 37.57223942 ], [ 127.03670745, 37.57223576 ], [ 127.03664962000002, 37.5722293 ], [ 127.03651199, 37.57220823 ], [ 127.036350850000019, 37.57218406 ], [ 127.03634042, 37.57218266 ], [ 127.03633121, 37.57218126 ], [ 127.036319190000015, 37.57217929 ], [ 127.03629177, 37.57217479 ], [ 127.03627992, 37.57217254 ], [ 127.03627409000002, 37.57217169 ], [ 127.0362173, 37.57215989 ], [ 127.03617645, 37.57215258 ], [ 127.03616583, 37.57215033 ], [ 127.0359785, 37.57209942 ], [ 127.035970899999981, 37.57209745 ], [ 127.035931979999987, 37.57208705 ], [ 127.03590349, 37.57207917 ], [ 127.03588864, 37.57207495 ], [ 127.03578144, 37.57204345 ], [ 127.03577436, 37.57204177 ], [ 127.035745710000015, 37.57203332 ], [ 127.035702034208768, 37.572018596824748 ], [ 127.035694625496589, 37.573211954271663 ] ] ] } },
{ "type": "Feature", "properties": { "display_grid_id": "11230_00055", "gu_code": 11230, "gu_name": "동대문구", "source_cell_count": 4, "area_m2": 6444.4, "mean_actual_lst": 39.959, "mean_actual_anomaly": 0.0354, "seoul_anomaly": 2.3813, "pred_anomaly": 2.366, "pred_anomaly_std": 0.7646, "green_delta_c": -0.3101, "building_ratio": 0.0895, "green_ratio": 0.1961, "ndvi": 0.2205, "impervious_ratio": 0.6644, "built_surface_ratio": 0.6644, "avg_ground_floor_count": 4.2592, "elevation_m": 22.0026, "albedo": 0.1243, "nearest_park_distance_m": 163.0467, "park_area_within_500m": 176415.7714, "nearest_stream_distance_m": 115.7898, "est_population_density": 5857.7297, "dong_elderly_ratio": 0.1843, "dong_avg_age": 43.3, "dong_pop_density": 21714.4, "nearest_shelter_distance_m": 151.4286, "shelter_count_within_500m": 9.2786, "est_population": 37.7, "est_elderly": 6.9, "shelter_capacity_within_500m": 157.0, "building_form_group": "high_floor_low_density", "dong_name": "용신동", "top1_feature": "built_surface_ratio", "top1_shap": 0.8537, "top2_feature": "impervious_ratio", "top2_shap": 0.8065, "top3_feature": "ndvi", "top3_shap": 0.087, "priority_score": 45.7117, "priority_rank": 181 }, "geometry": { "type": "Polygon", "coordinates": [ [ [ 127.038525671425859, 37.573223055112663 ], [ 127.041356718903728, 37.573234088064822 ], [ 127.041358299283289, 37.572976392044488 ], [ 127.038526948645, 37.573016070183783 ], [ 127.038525671425859, 37.573223055112663 ] ] ] } },
{ "type": "Feature", "properties": { "display_grid_id": "11230_00056", "gu_code": 11230, "gu_name": "동대문구", "source_cell_count": 6, "area_m2": 18248.48, "mean_actual_lst": 40.4542, "mean_actual_anomaly": 0.602, "seoul_anomaly": 2.948, "pred_anomaly": 2.0464, "pred_anomaly_std": 0.8127, "green_delta_c": -0.2768, "building_ratio": 0.1627, "green_ratio": 0.2154, "ndvi": 0.2117, "impervious_ratio": 0.5464, "built_surface_ratio": 0.5464, "avg_ground_floor_count": 5.6518, "elevation_m": 19.1973, "albedo": 0.1271, "nearest_park_distance_m": 214.1782, "park_area_within_500m": 100911.9682, "nearest_stream_distance_m": 149.5308, "est_population_density": 13894.8685, "dong_elderly_ratio": 0.1729, "dong_avg_age": 41.8598, "dong_pop_density": 32618.2521, "nearest_shelter_distance_m": 204.7805, "shelter_count_within_500m": 10.718, "est_population": 253.6, "est_elderly": 43.6, "shelter_capacity_within_500m": 928.8, "building_form_group": "high_floor_low_density", "dong_name": "답십리1동", "top1_feature": "built_surface_ratio", "top1_shap": 0.7093, "top2_feature": "impervious_ratio", "top2_shap": 0.6791, "top3_feature": "ndvi", "top3_shap": -0.0904, "priority_score": 49.5803, "priority_rank": 148 }, "geometry": { "type": "Polygon", "coordinates": [ [ [ 127.041356718903728, 37.573234088064822 ], [ 127.044187767920732, 37.573245053128026 ], [ 127.044195340990484, 37.572002491687677 ], [ 127.04341288, 37.57233719 ], [ 127.04322367, 37.57241609 ], [ 127.043205820000011, 37.57242285 ], [ 127.04255507, 37.57269648 ], [ 127.04252414, 37.57271508 ], [ 127.04246136, 37.57273621 ], [ 127.04198868, 37.57293515 ], [ 127.041924320000021, 37.57296221 ], [ 127.04190734, 37.57296869000001 ], [ 127.041358299283289, 37.572976392044488 ], [ 127.041356718903728, 37.573234088064822 ] ] ] } },
{ "type": "Feature", "properties": { "display_grid_id": "11230_00057", "gu_code": 11230, "gu_name": "동대문구", "source_cell_count": 12, "area_m2": 50977.51, "mean_actual_lst": 39.0118, "mean_actual_anomaly": -1.0106, "seoul_anomaly": 1.3353, "pred_anomaly": 0.6266, "pred_anomaly_std": 0.8005, "green_delta_c": -0.1049, "building_ratio": 0.1733, "green_ratio": 0.2394, "ndvi": 0.1689, "impervious_ratio": 0.4281, "built_surface_ratio": 0.4281, "avg_ground_floor_count": 17.7734, "elevation_m": 19.8939, "albedo": 0.1042, "nearest_park_distance_m": 284.2057, "park_area_within_500m": 70927.6375, "nearest_stream_distance_m": 196.5461, "est_population_density": 48252.4998, "dong_elderly_ratio": 0.1701, "dong_avg_age": 41.5, "dong_pop_density": 35342.2, "nearest_shelter_distance_m": 89.1475, "shelter_count_within_500m": 10.9498, "est_population": 2459.8, "est_elderly": 418.5, "shelter_capacity_within_500m": 1805.9, "building_form_group": "high_floor_low_density", "dong_name": "답십리1동", "top1_feature": "avg_ground_floor_count", "top1_shap": -0.6983, "top2_feature": "impervious_ratio", "top2_shap": 0.5517, "top3_feature": "built_surface_ratio", "top3_shap": 0.4507, "priority_score": 38.3759, "priority_rank": 219 }, "geometry": { "type": "Polygon", "coordinates": [ [ [ 127.044187767920732, 37.573245053128026 ], [ 127.047018818467379, 37.573255950302162 ], [ 127.047032466184675, 37.571002631822779 ], [ 127.046522477808395, 37.571000673907577 ], [ 127.04570899, 37.57135231 ], [ 127.045244290000014, 37.57155379 ], [ 127.044195340990484, 37.572002491687677 ], [ 127.044187767920732, 37.573245053128026 ] ] ] } },
{ "type": "Feature", "properties": { "display_grid_id": "11230_00058", "gu_code": 11230, "gu_name": "동대문구", "source_cell_count": 10, "area_m2": 62500.0, "mean_actual_lst": 40.6146, "mean_actual_anomaly": 0.7454, "seoul_anomaly": 3.0913, "pred_anomaly": 1.9427, "pred_anomaly_std": 0.7211, "green_delta_c": -0.0865, "building_ratio": 0.2656, "green_ratio": 0.2346, "ndvi": 0.1892, "impervious_ratio": 0.4981, "built_surface_ratio": 0.4981, "avg_ground_floor_count": 8.6682, "elevation_m": 19.427, "albedo": 0.1095, "nearest_park_distance_m": 284.6836, "park_area_within_500m": 41952.1004, "nearest_stream_distance_m": 315.5268, "est_population_density": 28929.6, "dong_elderly_ratio": 0.173, "dong_avg_age": 41.684, "dong_pop_density": 34581.48, "nearest_shelter_distance_m": 122.442, "shelter_count_within_500m": 9.24, "est_population": 1808.1, "est_elderly": 310.2, "shelter_capacity_within_500m": 1135.0, "building_form_group": "low_floor_high_density", "dong_name": "답십리1동", "top1_feature": "built_surface_ratio", "top1_shap": 0.6031, "top2_feature": "impervious_ratio", "top2_shap": 0.5913, "top3_feature": "avg_ground_floor_count", "top3_shap": -0.2183, "priority_score": 47.6277, "priority_rank": 169 }, "geometry": { "type": "Polygon", "coordinates": [ [ [ 127.047032466184675, 37.571002631822779 ], [ 127.047018818467379, 37.573255950302162 ], [ 127.049849870534132, 37.573266779587122 ], [ 127.049863432962653, 37.571013460232066 ], [ 127.047032466184675, 37.571002631822779 ] ] ] } },
{ "type": "Feature", "properties": { "display_grid_id": "11230_00059", "gu_code": 11230, "gu_name": "동대문구", "source_cell_count": 14, "area_m2": 62500.0, "mean_actual_lst": 40.3098, "mean_actual_anomaly": 0.4062, "seoul_anomaly": 2.7521, "pred_anomaly": 2.725, "pred_anomaly_std": 0.7793, "green_delta_c": -0.0491, "building_ratio": 0.2857, "green_ratio": 0.1962, "ndvi": 0.1329, "impervious_ratio": 0.5356, "built_surface_ratio": 0.5356, "avg_ground_floor_count": 6.6804, "elevation_m": 27.8764, "albedo": 0.1041, "nearest_park_distance_m": 363.5732, "park_area_within_500m": 25841.2244, "nearest_stream_distance_m": 358.9684, "est_population_density": 28865.6, "dong_elderly_ratio": 0.1701, "dong_avg_age": 41.5, "dong_pop_density": 35342.2, "nearest_shelter_distance_m": 79.9484, "shelter_count_within_500m": 6.12, "est_population": 1804.1, "est_elderly": 306.9, "shelter_capacity_within_500m": 570.5, "building_form_group": "high_floor_low_density", "dong_name": "답십리1동", "top1_feature": "built_surface_ratio", "top1_shap": 0.6741, "top2_feature": "impervious_ratio", "top2_shap": 0.6474, "top3_feature": "ndvi", "top3_shap": 0.2331, "priority_score": 43.0201, "priority_rank": 198 }, "geometry": { "type": "Polygon", "coordinates": [ [ [ 127.049863432962653, 37.571013460232066 ], [ 127.049849870534132, 37.573266779587122 ], [ 127.052680924111513, 37.573277540982787 ], [ 127.052694401251102, 37.571024220757536 ], [ 127.049863432962653, 37.571013460232066 ] ] ] } },
{ "type": "Feature", "properties": { "display_grid_id": "11230_00060", "gu_code": 11230, "gu_name": "동대문구", "source_cell_count": 15, "area_m2": 62500.0, "mean_actual_lst": 39.0403, "mean_actual_anomaly": -0.8833, "seoul_anomaly": 1.4626, "pred_anomaly": 1.0386, "pred_anomaly_std": 0.7369, "green_delta_c": 0.0225, "building_ratio": 0.1857, "green_ratio": 0.2059, "ndvi": 0.1829, "impervious_ratio": 0.5463, "built_surface_ratio": 0.5463, "avg_ground_floor_count": 14.9945, "elevation_m": 31.6934, "albedo": 0.0933, "nearest_park_distance_m": 390.6212, "park_area_within_500m": 20180.8236, "nearest_stream_distance_m": 438.7504, "est_population_density": 45546.4, "dong_elderly_ratio": 0.1701, "dong_avg_age": 41.5, "dong_pop_density": 35342.2, "nearest_shelter_distance_m": 91.894, "shelter_count_within_500m": 7.16, "est_population": 2846.7, "est_elderly": 484.3, "shelter_capacity_within_500m": 836.5, "building_form_group": "high_floor_low_density", "dong_name": "답십리1동", "top1_feature": "built_surface_ratio", "top1_shap": 0.6155, "top2_feature": "impervious_ratio", "top2_shap": 0.5995, "top3_feature": "avg_ground_floor_count", "top3_shap": -0.5833, "priority_score": 41.0766, "priority_rank": 207 }, "geometry": { "type": "Polygon", "coordinates": [ [ [ 127.052694401251102, 37.571024220757536 ], [ 127.052680924111513, 37.573277540982787 ], [ 127.055511979190015, 37.573288234489048 ], [ 127.055525371040474, 37.571034913399103 ], [ 127.052694401251102, 37.571024220757536 ] ] ] } },
{ "type": "Feature", "properties": { "display_grid_id": "11230_00061", "gu_code": 11230, "gu_name": "동대문구", "source_cell_count": 13, "area_m2": 62500.0, "mean_actual_lst": 41.3331, "mean_actual_anomaly": 1.4095, "seoul_anomaly": 3.7554, "pred_anomaly": 3.1814, "pred_anomaly_std": 0.6907, "green_delta_c": -0.0983, "building_ratio": 0.3682, "green_ratio": 0.1895, "ndvi": 0.12, "impervious_ratio": 0.5766, "built_surface_ratio": 0.5766, "avg_ground_floor_count": 5.4391, "elevation_m": 23.6315, "albedo": 0.1133, "nearest_park_distance_m": 328.1284, "park_area_within_500m": 29074.082, "nearest_stream_distance_m": 549.912, "est_population_density": 26583.2, "dong_elderly_ratio": 0.1932, "dong_avg_age": 43.14, "dong_pop_density": 33634.88, "nearest_shelter_distance_m": 177.4972, "shelter_count_within_500m": 8.12, "est_population": 1661.4, "est_elderly": 311.1, "shelter_capacity_within_500m": 1317.0, "building_form_group": "low_floor_high_density", "dong_name": "답십리1동", "top1_feature": "built_surface_ratio", "top1_shap": 0.7204, "top2_feature": "impervious_ratio", "top2_shap": 0.6733, "top3_feature": "building_ratio", "top3_shap": 0.3325, "priority_score": 62.062, "priority_rank": 45 }, "geometry": { "type": "Polygon", "coordinates": [ [ [ 127.055525371040474, 37.571034913399103 ], [ 127.055511979190015, 37.573288234489048 ], [ 127.058343035760174, 37.573298860105801 ], [ 127.058356342321318, 37.571045538156632 ], [ 127.055525371040474, 37.571034913399103 ] ] ] } },
{ "type": "Feature", "properties": { "display_grid_id": "11230_00062", "gu_code": 11230, "gu_name": "동대문구", "source_cell_count": 12, "area_m2": 62500.0, "mean_actual_lst": 39.6056, "mean_actual_anomaly": -0.3029, "seoul_anomaly": 2.043, "pred_anomaly": 1.74, "pred_anomaly_std": 0.743, "green_delta_c": -0.252, "building_ratio": 0.295, "green_ratio": 0.2981, "ndvi": 0.1799, "impervious_ratio": 0.4509, "built_surface_ratio": 0.4509, "avg_ground_floor_count": 6.8157, "elevation_m": 38.3006, "albedo": 0.1065, "nearest_park_distance_m": 362.8904, "park_area_within_500m": 17305.9376, "nearest_stream_distance_m": 673.3492, "est_population_density": 29584.0, "dong_elderly_ratio": 0.2278, "dong_avg_age": 45.6, "dong_pop_density": 31073.9, "nearest_shelter_distance_m": 100.4668, "shelter_count_within_500m": 10.44, "est_population": 1849.0, "est_elderly": 421.2, "shelter_capacity_within_500m": 1698.0, "building_form_group": "low_floor_high_density", "dong_name": "답십리2동", "top1_feature": "built_surface_ratio", "top1_shap": 0.4202, "top2_feature": "impervious_ratio", "top2_shap": 0.4724, "top3_feature": "building_ratio", "top3_shap": 0.3045, "priority_score": 49.3978, "priority_rank": 150 }, "geometry": { "type": "Polygon", "coordinates": [ [ [ 127.058356342321318, 37.571045538156632 ], [ 127.058343035760174, 37.573298860105801 ], [ 127.06117409381244, 37.573309417832917 ], [ 127.061187315084112, 37.571056095030045 ], [ 127.058356342321318, 37.571045538156632 ] ] ] } },
{ "type": "Feature", "properties": { "display_grid_id": "11230_00063", "gu_code": 11230, "gu_name": "동대문구", "source_cell_count": 14, "area_m2": 62500.0, "mean_actual_lst": 37.4568, "mean_actual_anomaly": -2.33, "seoul_anomaly": 0.0159, "pred_anomaly": -1.6552, "pred_anomaly_std": 0.8483, "green_delta_c": -0.7671, "building_ratio": 0.0923, "green_ratio": 0.5406, "ndvi": 0.3674, "impervious_ratio": 0.2293, "built_surface_ratio": 0.2293, "avg_ground_floor_count": 6.0071, "elevation_m": 42.519, "albedo": 0.1312, "nearest_park_distance_m": 506.6472, "park_area_within_500m": 2300.9152, "nearest_stream_distance_m": 809.5292, "est_population_density": 11099.2, "dong_elderly_ratio": 0.2278, "dong_avg_age": 45.6, "dong_pop_density": 31073.9, "nearest_shelter_distance_m": 116.7932, "shelter_count_within_500m": 9.96, "est_population": 693.7, "est_elderly": 158.1, "shelter_capacity_within_500m": 1560.5, "building_form_group": "high_floor_low_density", "dong_name": "답십리2동", "top1_feature": "green_ratio", "top1_shap": -0.6677, "top2_feature": "built_surface_ratio", "top2_shap": -0.2012, "top3_feature": "ndvi", "top3_shap": -0.4227, "priority_score": 36.104, "priority_rank": 231 }, "geometry": { "type": "Polygon", "coordinates": [ [ [ 127.061187315084112, 37.571056095030045 ], [ 127.06117409381244, 37.573309417832917 ], [ 127.064005153337334, 37.573319907670303 ], [ 127.06401828931935, 37.571066584019192 ], [ 127.061187315084112, 37.571056095030045 ] ] ] } },
{ "type": "Feature", "properties": { "display_grid_id": "11230_00064", "gu_code": 11230, "gu_name": "동대문구", "source_cell_count": 12, "area_m2": 62500.0, "mean_actual_lst": 40.663, "mean_actual_anomaly": 0.9694, "seoul_anomaly": 3.3154, "pred_anomaly": 2.886, "pred_anomaly_std": 0.7234, "green_delta_c": -0.2822, "building_ratio": 0.2646, "green_ratio": 0.208, "ndvi": 0.1343, "impervious_ratio": 0.566, "built_surface_ratio": 0.566, "avg_ground_floor_count": 4.5964, "elevation_m": 20.6315, "albedo": 0.1263, "nearest_park_distance_m": 649.1344, "park_area_within_500m": 0.0, "nearest_stream_distance_m": 966.624, "est_population_density": 20332.8, "dong_elderly_ratio": 0.2163, "dong_avg_age": 44.912, "dong_pop_density": 30055.476, "nearest_shelter_distance_m": 141.224, "shelter_count_within_500m": 8.12, "est_population": 1270.8, "est_elderly": 275.6, "shelter_capacity_within_500m": 1394.2, "building_form_group": "high_floor_low_density", "dong_name": "답십리2동", "top1_feature": "built_surface_ratio", "top1_shap": 0.7158, "top2_feature": "impervious_ratio", "top2_shap": 0.6795, "top3_feature": "ndvi", "top3_shap": 0.3414, "priority_score": 60.7664, "priority_rank": 54 }, "geometry": { "type": "Polygon", "coordinates": [ [ [ 127.06401828931935, 37.571066584019192 ], [ 127.064005153337334, 37.573319907670303 ], [ 127.066836214325363, 37.573330329617853 ], [ 127.066849265017581, 37.571077005123989 ], [ 127.06401828931935, 37.571066584019192 ] ] ] } },
{ "type": "Feature", "properties": { "display_grid_id": "11230_00065", "gu_code": 11230, "gu_name": "동대문구", "source_cell_count": 14, "area_m2": 62500.0, "mean_actual_lst": 40.8004, "mean_actual_anomaly": 0.8112, "seoul_anomaly": 3.1572, "pred_anomaly": 3.1143, "pred_anomaly_std": 0.6672, "green_delta_c": -0.1443, "building_ratio": 0.3681, "green_ratio": 0.2224, "ndvi": 0.1091, "impervious_ratio": 0.4059, "built_surface_ratio": 0.4059, "avg_ground_floor_count": 4.6166, "elevation_m": 17.9353, "albedo": 0.1119, "nearest_park_distance_m": 607.256, "park_area_within_500m": 6.5008, "nearest_stream_distance_m": 844.328, "est_population_density": 28360.8, "dong_elderly_ratio": 0.196, "dong_avg_age": 43.6, "dong_pop_density": 28615.62, "nearest_shelter_distance_m": 145.4136, "shelter_count_within_500m": 6.44, "est_population": 1772.5, "est_elderly": 347.2, "shelter_capacity_within_500m": 1274.7, "building_form_group": "high_floor_high_density", "dong_name": "장안1동", "top1_feature": "built_surface_ratio", "top1_shap": 0.5851, "top2_feature": "impervious_ratio", "top2_shap": 0.4799, "top3_feature": "ndvi", "top3_shap": 0.4227, "priority_score": 53.7044, "priority_rank": 114 }, "geometry": { "type": "Polygon", "coordinates": [ [ [ 127.066849265017581, 37.571077005123989 ], [ 127.066836214325363, 37.573330329617853 ], [ 127.069667276767021, 37.57334068367544 ], [ 127.069680242169227, 37.571087358344329 ], [ 127.066849265017581, 37.571077005123989 ] ] ] } },
{ "type": "Feature", "properties": { "display_grid_id": "11230_00066", "gu_code": 11230, "gu_name": "동대문구", "source_cell_count": 12, "area_m2": 62500.0, "mean_actual_lst": 39.5963, "mean_actual_anomaly": -0.5682, "seoul_anomaly": 1.7777, "pred_anomaly": 1.9451, "pred_anomaly_std": 0.7524, "green_delta_c": -0.0995, "building_ratio": 0.3023, "green_ratio": 0.2283, "ndvi": 0.1001, "impervious_ratio": 0.3767, "built_surface_ratio": 0.3767, "avg_ground_floor_count": 10.3334, "elevation_m": 18.9942, "albedo": 0.1046, "nearest_park_distance_m": 428.9388, "park_area_within_500m": 9394.3104, "nearest_stream_distance_m": 598.4664, "est_population_density": 30967.2, "dong_elderly_ratio": 0.1973, "dong_avg_age": 43.12, "dong_pop_density": 30617.268, "nearest_shelter_distance_m": 160.8884, "shelter_count_within_500m": 3.0, "est_population": 1935.4, "est_elderly": 380.4, "shelter_capacity_within_500m": 840.7, "building_form_group": "high_floor_high_density", "dong_name": "장안2동", "top1_feature": "built_surface_ratio", "top1_shap": 0.4693, "top2_feature": "ndvi", "top2_shap": 0.4286, "top3_feature": "impervious_ratio", "top3_shap": 0.427, "priority_score": 45.958, "priority_rank": 180 }, "geometry": { "type": "Polygon", "coordinates": [ [ [ 127.069680242169227, 37.571087358344329 ], [ 127.069667276767021, 37.57334068367544 ], [ 127.072498340652814, 37.573350969842984 ], [ 127.072511220764866, 37.571097643680105 ], [ 127.069680242169227, 37.571087358344329 ] ] ] } },
{ "type": "Feature", "properties": { "display_grid_id": "11230_00067", "gu_code": 11230, "gu_name": "동대문구", "source_cell_count": 11, "area_m2": 62500.0, "mean_actual_lst": 40.3631, "mean_actual_anomaly": 0.4404, "seoul_anomaly": 2.7863, "pred_anomaly": 1.8121, "pred_anomaly_std": 0.7909, "green_delta_c": -0.1749, "building_ratio": 0.313, "green_ratio": 0.2663, "ndvi": 0.1271, "impervious_ratio": 0.3071, "built_surface_ratio": 0.3071, "avg_ground_floor_count": 8.7857, "elevation_m": 18.7983, "albedo": 0.1057, "nearest_park_distance_m": 334.642, "park_area_within_500m": 27579.388, "nearest_stream_distance_m": 365.5832, "est_population_density": 25493.6, "dong_elderly_ratio": 0.1977, "dong_avg_age": 42.96, "dong_pop_density": 31284.484, "nearest_shelter_distance_m": 174.2236, "shelter_count_within_500m": 2.28, "est_population": 1593.3, "est_elderly": 314.3, "shelter_capacity_within_500m": 623.3, "building_form_group": "high_floor_high_density", "dong_name": "장안2동", "top1_feature": "built_surface_ratio", "top1_shap": 0.4919, "top2_feature": "ndvi", "top2_shap": 0.3509, "top3_feature": "impervious_ratio", "top3_shap": 0.3655, "priority_score": 51.0766, "priority_rank": 133 }, "geometry": { "type": "Polygon", "coordinates": [ [ [ 127.072511220764866, 37.571097643680105 ], [ 127.072498340652814, 37.573350969842984 ], [ 127.075329405973264, 37.573361188120352 ], [ 127.075342200794964, 37.571107861131196 ], [ 127.072511220764866, 37.571097643680105 ] ] ] } },
{ "type": "Feature", "properties": { "display_grid_id": "11230_00068", "gu_code": 11230, "gu_name": "동대문구", "source_cell_count": 14, "area_m2": 53016.48, "mean_actual_lst": 38.8217, "mean_actual_anomaly": -1.0258, "seoul_anomaly": 1.3201, "pred_anomaly": 0.4008, "pred_anomaly_std": 0.7565, "green_delta_c": -0.2965, "building_ratio": 0.1465, "green_ratio": 0.3228, "ndvi": 0.2634, "impervious_ratio": 0.3531, "built_surface_ratio": 0.3531, "avg_ground_floor_count": 8.4687, "elevation_m": 18.2995, "albedo": 0.1109, "nearest_park_distance_m": 328.234, "park_area_within_500m": 26874.4801, "nearest_stream_distance_m": 129.768, "est_population_density": 22314.0629, "dong_elderly_ratio": 0.1969, "dong_avg_age": 43.2568, "dong_pop_density": 30046.6023, "nearest_shelter_distance_m": 325.6546, "shelter_count_within_500m": 4.8045, "est_population": 1183.0, "est_elderly": 233.7, "shelter_capacity_within_500m": 1265.4, "building_form_group": "high_floor_low_density", "dong_name": "장안2동", "top1_feature": "impervious_ratio", "top1_shap": 0.4839, "top2_feature": "built_surface_ratio", "top2_shap": 0.4491, "top3_feature": "ndvi", "top3_shap": -0.1727, "priority_score": 48.5766, "priority_rank": 158 }, "geometry": { "type": "Polygon", "coordinates": [ [ [ 127.078169484695024, 37.571773592204096 ], [ 127.07799056, 37.57123896 ], [ 127.077949662345617, 37.571117211807866 ], [ 127.075342200794964, 37.571107861131196 ], [ 127.075329405973264, 37.573361188120352 ], [ 127.07722672087651, 37.573367998176849 ], [ 127.077230840000013, 37.57292035 ], [ 127.07814496, 37.57192557 ], [ 127.07815451, 37.57192135 ], [ 127.078168690335573, 37.571914430433239 ], [ 127.078169484695024, 37.571773592204096 ] ] ] } },
{ "type": "Feature", "properties": { "display_grid_id": "11230_00069", "gu_code": 11230, "gu_name": "동대문구", "source_cell_count": 1, "area_m2": 30.54, "mean_actual_lst": 36.2256, "mean_actual_anomaly": -3.6078, "seoul_anomaly": -1.2619, "pred_anomaly": -1.7795, "pred_anomaly_std": 0.903, "green_delta_c": -0.3177, "building_ratio": 0.0, "green_ratio": 0.3232, "ndvi": 0.2672, "impervious_ratio": 0.2582, "built_surface_ratio": 0.2582, "avg_ground_floor_count": 0.0, "elevation_m": 13.0, "albedo": 0.1197, "nearest_park_distance_m": 404.91, "park_area_within_500m": 10031.3, "nearest_stream_distance_m": 13.26, "est_population_density": 0.0, "dong_elderly_ratio": 0.1955, "dong_avg_age": 43.8, "dong_pop_density": 27781.6, "nearest_shelter_distance_m": 289.0, "shelter_count_within_500m": 6.0, "est_population": 0.0, "est_elderly": 0.0, "shelter_capacity_within_500m": 1.7, "building_form_group": "no_building", "dong_name": "장안1동", "top1_feature": "building_ratio", "top1_shap": -0.6696, "top2_feature": "impervious_ratio", "top2_shap": 0.4398, "top3_feature": "floor_area_ratio_proxy", "top3_shap": -0.3897, "priority_score": 31.1588, "priority_rank": 256 }, "geometry": { "type": "Polygon", "coordinates": [ [ [ 127.078168690335573, 37.571914430433239 ], [ 127.07822557999998, 37.57188667 ], [ 127.078201680000021, 37.57186979 ], [ 127.07819517, 37.57185034 ], [ 127.078169484695024, 37.571773592204096 ], [ 127.078168690335573, 37.571914430433239 ] ] ] } },
{ "type": "Feature", "properties": { "display_grid_id": "11230_00070", "gu_code": 11230, "gu_name": "동대문구", "source_cell_count": 6, "area_m2": 24020.78, "mean_actual_lst": 39.6346, "mean_actual_anomaly": 0.3214, "seoul_anomaly": 2.6673, "pred_anomaly": 3.1894, "pred_anomaly_std": 0.7942, "green_delta_c": -0.0875, "building_ratio": 0.3639, "green_ratio": 0.2085, "ndvi": 0.1063, "impervious_ratio": 0.4996, "built_surface_ratio": 0.4996, "avg_ground_floor_count": 6.5497, "elevation_m": 26.0013, "albedo": 0.1155, "nearest_park_distance_m": 0.0, "park_area_within_500m": 305630.6253, "nearest_stream_distance_m": 268.2875, "est_population_density": 34317.5209, "dong_elderly_ratio": 0.1843, "dong_avg_age": 43.3, "dong_pop_density": 21714.4, "nearest_shelter_distance_m": 210.837, "shelter_count_within_500m": 11.0, "est_population": 824.3, "est_elderly": 151.9, "shelter_capacity_within_500m": 496.1, "building_form_group": "high_floor_high_density", "dong_name": "용신동", "top1_feature": "built_surface_ratio", "top1_shap": 0.6341, "top2_feature": "impervious_ratio", "top2_shap": 0.6122, "top3_feature": "ndvi", "top3_shap": 0.2387, "priority_score": 42.8285, "priority_rank": 201 }, "geometry": { "type": "Polygon", "coordinates": [ [ [ 127.024356125838707, 37.575420182430982 ], [ 127.02437045745576, 37.573166872021602 ], [ 127.023313742267661, 37.573162609755144 ], [ 127.023310780000017, 37.57325092 ], [ 127.023306580000011, 37.57337987 ], [ 127.023305170000015, 37.57341366 ], [ 127.023304820000021, 37.57342014 ], [ 127.023304640000021, 37.57342577 ], [ 127.02330412, 37.57344181 ], [ 127.02330324, 37.57346744 ], [ 127.02330218, 37.57349419 ], [ 127.02330113, 37.57352403 ], [ 127.02330025, 37.57354993 ], [ 127.02329815, 37.57360794 ], [ 127.023296049999985, 37.57366313 ], [ 127.023295530000013, 37.57369269 ], [ 127.02329149000002, 37.57380897 ], [ 127.02328660000002, 37.5739962 ], [ 127.02326939000001, 37.57448133 ], [ 127.023265010000017, 37.57459763 ], [ 127.0232615, 37.57469364 ], [ 127.02325993, 37.57473981 ], [ 127.02325606, 37.57484398 ], [ 127.02325431, 37.5748882 ], [ 127.02325273, 37.57493183 ], [ 127.02324009, 37.57526999 ], [ 127.02323991, 37.57527731 ], [ 127.02323973999998, 37.57528209 ], [ 127.023239389999986, 37.57528801 ], [ 127.02323868, 37.57530715 ], [ 127.02323816, 37.57531955 ], [ 127.02323658, 37.57536318 ], [ 127.02323606, 37.57537586 ], [ 127.023234552563878, 37.575415658021583 ], [ 127.024356125838707, 37.575420182430982 ] ] ] } },
{ "type": "Feature", "properties": { "display_grid_id": "11230_00071", "gu_code": 11230, "gu_name": "동대문구", "source_cell_count": 11, "area_m2": 62500.0, "mean_actual_lst": 40.2154, "mean_actual_anomaly": 0.9022, "seoul_anomaly": 3.2481, "pred_anomaly": 3.5192, "pred_anomaly_std": 0.7495, "green_delta_c": -0.0747, "building_ratio": 0.4477, "green_ratio": 0.1942, "ndvi": 0.1149, "impervious_ratio": 0.583, "built_surface_ratio": 0.583, "avg_ground_floor_count": 5.5727, "elevation_m": 26.176, "albedo": 0.1254, "nearest_park_distance_m": 5.1008, "park_area_within_500m": 269349.0324, "nearest_stream_distance_m": 183.7008, "est_population_density": 42219.2, "dong_elderly_ratio": 0.1843, "dong_avg_age": 43.3, "dong_pop_density": 21714.4, "nearest_shelter_distance_m": 90.8616, "shelter_count_within_500m": 6.76, "est_population": 2638.7, "est_elderly": 486.3, "shelter_capacity_within_500m": 754.0, "building_form_group": "low_floor_high_density", "dong_name": "용신동", "top1_feature": "built_surface_ratio", "top1_shap": 0.6864, "top2_feature": "impervious_ratio", "top2_shap": 0.6551, "top3_feature": "building_ratio", "top3_shap": 0.5217, "priority_score": 55.4106, "priority_rank": 100 }, "geometry": { "type": "Polygon", "coordinates": [ [ [ 127.02437045745576, 37.573166872021602 ], [ 127.024356125838707, 37.575420182430982 ], [ 127.027187250775299, 37.575431555745823 ], [ 127.027201497095547, 37.573178244416788 ], [ 127.02437045745576, 37.573166872021602 ] ] ] } },
{ "type": "Feature", "properties": { "display_grid_id": "11230_00072", "gu_code": 11230, "gu_name": "동대문구", "source_cell_count": 14, "area_m2": 62500.0, "mean_actual_lst": 41.5405, "mean_actual_anomaly": 2.0922, "seoul_anomaly": 4.4381, "pred_anomaly": 3.7822, "pred_anomaly_std": 0.7438, "green_delta_c": -0.2294, "building_ratio": 0.3071, "green_ratio": 0.1957, "ndvi": 0.1306, "impervious_ratio": 0.5949, "built_surface_ratio": 0.5949, "avg_ground_floor_count": 2.9452, "elevation_m": 22.0563, "albedo": 0.1287, "nearest_park_distance_m": 113.0416, "park_area_within_500m": 181795.246, "nearest_stream_distance_m": 75.4376, "est_population_density": 15601.6, "dong_elderly_ratio": 0.1843, "dong_avg_age": 43.3, "dong_pop_density": 21714.4, "nearest_shelter_distance_m": 148.0456, "shelter_count_within_500m": 4.68, "est_population": 975.1, "est_elderly": 179.7, "shelter_capacity_within_500m": 427.0, "building_form_group": "low_floor_high_density", "dong_name": "용신동", "top1_feature": "built_surface_ratio", "top1_shap": 0.7442, "top2_feature": "impervious_ratio", "top2_shap": 0.7159, "top3_feature": "building_ratio", "top3_shap": 0.2849, "priority_score": 60.6204, "priority_rank": 55 }, "geometry": { "type": "Polygon", "coordinates": [ [ [ 127.027201497095547, 37.573178244416788 ], [ 127.027187250775299, 37.575431555745823 ], [ 127.030018377298703, 37.575442861166806 ], [ 127.030032538321947, 37.573189548923608 ], [ 127.027201497095547, 37.573178244416788 ] ] ] } },
{ "type": "Feature", "properties": { "display_grid_id": "11230_00073", "gu_code": 11230, "gu_name": "동대문구", "source_cell_count": 12, "area_m2": 62500.0, "mean_actual_lst": 41.6279, "mean_actual_anomaly": 2.1399, "seoul_anomaly": 4.4858, "pred_anomaly": 3.3398, "pred_anomaly_std": 0.5943, "green_delta_c": -0.1386, "building_ratio": 0.3572, "green_ratio": 0.2256, "ndvi": 0.1037, "impervious_ratio": 0.4202, "built_surface_ratio": 0.4202, "avg_ground_floor_count": 4.3788, "elevation_m": 20.8294, "albedo": 0.1133, "nearest_park_distance_m": 323.3068, "park_area_within_500m": 66584.8356, "nearest_stream_distance_m": 213.4452, "est_population_density": 25861.2, "dong_elderly_ratio": 0.1843, "dong_avg_age": 43.3, "dong_pop_density": 21714.4, "nearest_shelter_distance_m": 105.686, "shelter_count_within_500m": 7.2, "est_population": 1616.3, "est_elderly": 297.9, "shelter_capacity_within_500m": 585.0, "building_form_group": "high_floor_high_density", "dong_name": "용신동", "top1_feature": "built_surface_ratio", "top1_shap": 0.5895, "top2_feature": "ndvi", "top2_shap": 0.4909, "top3_feature": "impervious_ratio", "top3_shap": 0.4492, "priority_score": 55.7482, "priority_rank": 97 }, "geometry": { "type": "Polygon", "coordinates": [ [ [ 127.030032538321947, 37.573189548923608 ], [ 127.030018377298703, 37.575442861166806 ], [ 127.032849505399383, 37.575454098693804 ], [ 127.032863581125468, 37.573200785541943 ], [ 127.030032538321947, 37.573189548923608 ] ] ] } },
{ "type": "Feature", "properties": { "display_grid_id": "11230_00074", "gu_code": 11230, "gu_name": "동대문구", "source_cell_count": 11, "area_m2": 62500.0, "mean_actual_lst": 40.5884, "mean_actual_anomaly": 0.6648, "seoul_anomaly": 3.0107, "pred_anomaly": 2.4013, "pred_anomaly_std": 0.76, "green_delta_c": -0.1557, "building_ratio": 0.2223, "green_ratio": 0.2216, "ndvi": 0.141, "impervious_ratio": 0.5017, "built_surface_ratio": 0.5017, "avg_ground_floor_count": 8.6135, "elevation_m": 19.5161, "albedo": 0.1119, "nearest_park_distance_m": 318.3388, "park_area_within_500m": 72828.3116, "nearest_stream_distance_m": 57.8756, "est_population_density": 17738.8, "dong_elderly_ratio": 0.1843, "dong_avg_age": 43.3, "dong_pop_density": 21714.4, "nearest_shelter_distance_m": 184.2332, "shelter_count_within_500m": 8.64, "est_population": 1108.7, "est_elderly": 204.2, "shelter_capacity_within_500m": 606.5, "building_form_group": "low_floor_high_density", "dong_name": "용신동", "top1_feature": "built_surface_ratio", "top1_shap": 0.6463, "top2_feature": "impervious_ratio", "top2_shap": 0.5905, "top3_feature": "avg_ground_floor_count", "top3_shap": -0.2781, "priority_score": 48.6679, "priority_rank": 155 }, "geometry": { "type": "Polygon", "coordinates": [ [ [ 127.032863581125468, 37.573200785541943 ], [ 127.032849505399383, 37.575454098693804 ], [ 127.035680635067891, 37.57546526832671 ], [ 127.035694625496589, 37.573211954271663 ], [ 127.032863581125468, 37.573200785541943 ] ] ] } },
{ "type": "Feature", "properties": { "display_grid_id": "11230_00075", "gu_code": 11230, "gu_name": "동대문구", "source_cell_count": 14, "area_m2": 62500.0, "mean_actual_lst": 39.3526, "mean_actual_anomaly": -0.571, "seoul_anomaly": 1.775, "pred_anomaly": 1.7045, "pred_anomaly_std": 0.8184, "green_delta_c": -0.175, "building_ratio": 0.2224, "green_ratio": 0.1837, "ndvi": 0.1834, "impervious_ratio": 0.65, "built_surface_ratio": 0.65, "avg_ground_floor_count": 10.6853, "elevation_m": 18.9358, "albedo": 0.1141, "nearest_park_distance_m": 225.3428, "park_area_within_500m": 123986.4436, "nearest_stream_distance_m": 172.0544, "est_population_density": 30106.56, "dong_elderly_ratio": 0.1843, "dong_avg_age": 43.3, "dong_pop_density": 21714.4, "nearest_shelter_distance_m": 158.2548, "shelter_count_within_500m": 8.24, "est_population": 1881.7, "est_elderly": 346.8, "shelter_capacity_within_500m": 502.2, "building_form_group": "high_floor_low_density", "dong_name": "용신동", "top1_feature": "built_surface_ratio", "top1_shap": 0.7563, "top2_feature": "impervious_ratio", "top2_shap": 0.7056, "top3_feature": "avg_ground_floor_count", "top3_shap": -0.3575, "priority_score": 54.5073, "priority_rank": 107 }, "geometry": { "type": "Polygon", "coordinates": [ [ [ 127.035694625496589, 37.573211954271663 ], [ 127.035680635067891, 37.57546526832671 ], [ 127.038511766294704, 37.57547637006541 ], [ 127.038525671425859, 37.573223055112663 ], [ 127.035694625496589, 37.573211954271663 ] ] ] } },
{ "type": "Feature", "properties": { "display_grid_id": "11230_00076", "gu_code": 11230, "gu_name": "동대문구", "source_cell_count": 12, "area_m2": 62500.0, "mean_actual_lst": 41.1805, "mean_actual_anomaly": 1.3172, "seoul_anomaly": 3.6631, "pred_anomaly": 3.1261, "pred_anomaly_std": 0.7596, "green_delta_c": -0.2713, "building_ratio": 0.3192, "green_ratio": 0.2035, "ndvi": 0.1543, "impervious_ratio": 0.5936, "built_surface_ratio": 0.5936, "avg_ground_floor_count": 5.0354, "elevation_m": 22.7681, "albedo": 0.115, "nearest_park_distance_m": 217.6388, "park_area_within_500m": 129435.198, "nearest_stream_distance_m": 225.4496, "est_population_density": 24715.576, "dong_elderly_ratio": 0.1843, "dong_avg_age": 43.3, "dong_pop_density": 21714.4, "nearest_shelter_distance_m": 94.0412, "shelter_count_within_500m": 7.36, "est_population": 1544.7, "est_elderly": 284.7, "shelter_capacity_within_500m": 975.6, "building_form_group": "low_floor_high_density", "dong_name": "용신동", "top1_feature": "built_surface_ratio", "top1_shap": 0.7333, "top2_feature": "impervious_ratio", "top2_shap": 0.6953, "top3_feature": "building_ratio", "top3_shap": 0.3882, "priority_score": 60.9307, "priority_rank": 51 }, "geometry": { "type": "Polygon", "coordinates": [ [ [ 127.038525671425859, 37.573223055112663 ], [ 127.038511766294704, 37.57547637006541 ], [ 127.041342899070315, 37.575487403909754 ], [ 127.041356718903728, 37.573234088064822 ], [ 127.038525671425859, 37.573223055112663 ] ] ] } },
{ "type": "Feature", "properties": { "display_grid_id": "11230_00077", "gu_code": 11230, "gu_name": "동대문구", "source_cell_count": 14, "area_m2": 62500.0, "mean_actual_lst": 41.369, "mean_actual_anomaly": 1.5165, "seoul_anomaly": 3.8624, "pred_anomaly": 3.0078, "pred_anomaly_std": 0.751, "green_delta_c": -0.2933, "building_ratio": 0.352, "green_ratio": 0.2422, "ndvi": 0.1762, "impervious_ratio": 0.5088, "built_surface_ratio": 0.5088, "avg_ground_floor_count": 3.4914, "elevation_m": 19.9816, "albedo": 0.1234, "nearest_park_distance_m": 273.1108, "park_area_within_500m": 97506.3676, "nearest_stream_distance_m": 275.808, "est_population_density": 17985.952, "dong_elderly_ratio": 0.1815, "dong_avg_age": 42.94, "dong_pop_density": 24439.96, "nearest_shelter_distance_m": 142.6256, "shelter_count_within_500m": 8.68, "est_population": 1124.1, "est_elderly": 204.4, "shelter_capacity_within_500m": 1231.3, "building_form_group": "low_floor_high_density", "dong_name": "용신동", "top1_feature": "built_surface_ratio", "top1_shap": 0.6429, "top2_feature": "impervious_ratio", "top2_shap": 0.6271, "top3_feature": "building_ratio", "top3_shap": 0.4106, "priority_score": 57.9197, "priority_rank": 79 }, "geometry": { "type": "Polygon", "coordinates": [ [ [ 127.041356718903728, 37.573234088064822 ], [ 127.041342899070315, 37.575487403909754 ], [ 127.044174033385218, 37.575498369859666 ], [ 127.044187767920732, 37.573245053128026 ], [ 127.041356718903728, 37.573234088064822 ] ] ] } },
{ "type": "Feature", "properties": { "display_grid_id": "11230_00078", "gu_code": 11230, "gu_name": "동대문구", "source_cell_count": 14, "area_m2": 62500.0, "mean_actual_lst": 41.1535, "mean_actual_anomaly": 1.095, "seoul_anomaly": 3.4409, "pred_anomaly": 1.9076, "pred_anomaly_std": 0.7279, "green_delta_c": -0.166, "building_ratio": 0.2462, "green_ratio": 0.2141, "ndvi": 0.169, "impervious_ratio": 0.5456, "built_surface_ratio": 0.5456, "avg_ground_floor_count": 9.9274, "elevation_m": 21.8413, "albedo": 0.111, "nearest_park_distance_m": 259.0116, "park_area_within_500m": 59358.3788, "nearest_stream_distance_m": 375.7568, "est_population_density": 37040.4, "dong_elderly_ratio": 0.1886, "dong_avg_age": 42.748, "dong_pop_density": 29687.656, "nearest_shelter_distance_m": 68.7824, "shelter_count_within_500m": 8.76, "est_population": 2315.0, "est_elderly": 442.8, "shelter_capacity_within_500m": 1168.0, "building_form_group": "high_floor_low_density", "dong_name": "전농1동", "top1_feature": "built_surface_ratio", "top1_shap": 0.6131, "top2_feature": "impervious_ratio", "top2_shap": 0.6089, "top3_feature": "avg_ground_floor_count", "top3_shap": -0.2175, "priority_score": 57.719, "priority_rank": 84 }, "geometry": { "type": "Polygon", "coordinates": [ [ [ 127.044187767920732, 37.573245053128026 ], [ 127.044174033385218, 37.575498369859666 ], [ 127.047005169229934, 37.575509267915038 ], [ 127.047018818467379, 37.573255950302162 ], [ 127.044187767920732, 37.573245053128026 ] ] ] } },
{ "type": "Feature", "properties": { "display_grid_id": "11230_00079", "gu_code": 11230, "gu_name": "동대문구", "source_cell_count": 11, "area_m2": 62500.0, "mean_actual_lst": 41.1584, "mean_actual_anomaly": 1.212, "seoul_anomaly": 3.5579, "pred_anomaly": 2.9746, "pred_anomaly_std": 0.683, "green_delta_c": -0.109, "building_ratio": 0.3425, "green_ratio": 0.2206, "ndvi": 0.164, "impervious_ratio": 0.5326, "built_surface_ratio": 0.5326, "avg_ground_floor_count": 3.4518, "elevation_m": 22.4781, "albedo": 0.1238, "nearest_park_distance_m": 239.0532, "park_area_within_500m": 33161.6228, "nearest_stream_distance_m": 513.5692, "est_population_density": 19139.2, "dong_elderly_ratio": 0.1933, "dong_avg_age": 42.972, "dong_pop_density": 29256.44, "nearest_shelter_distance_m": 180.8044, "shelter_count_within_500m": 10.36, "est_population": 1196.2, "est_elderly": 234.2, "shelter_capacity_within_500m": 1293.0, "building_form_group": "low_floor_high_density", "dong_name": "전농1동", "top1_feature": "built_surface_ratio", "top1_shap": 0.6486, "top2_feature": "impervious_ratio", "top2_shap": 0.6302, "top3_feature": "building_ratio", "top3_shap": 0.4043, "priority_score": 52.3175, "priority_rank": 124 }, "geometry": { "type": "Polygon", "coordinates": [ [ [ 127.047018818467379, 37.573255950302162 ], [ 127.047005169229934, 37.575509267915038 ], [ 127.049836306594955, 37.575520098075721 ], [ 127.049849870534132, 37.573266779587122 ], [ 127.047018818467379, 37.573255950302162 ] ] ] } },
{ "type": "Feature", "properties": { "display_grid_id": "11230_00080", "gu_code": 11230, "gu_name": "동대문구", "source_cell_count": 12, "area_m2": 62500.0, "mean_actual_lst": 40.0379, "mean_actual_anomaly": 0.1474, "seoul_anomaly": 2.4933, "pred_anomaly": 2.1782, "pred_anomaly_std": 0.8039, "green_delta_c": -0.1381, "building_ratio": 0.2675, "green_ratio": 0.1964, "ndvi": 0.1722, "impervious_ratio": 0.585, "built_surface_ratio": 0.585, "avg_ground_floor_count": 8.4401, "elevation_m": 28.094, "albedo": 0.1212, "nearest_park_distance_m": 337.098, "park_area_within_500m": 39852.4956, "nearest_stream_distance_m": 592.022, "est_population_density": 34889.6, "dong_elderly_ratio": 0.1904, "dong_avg_age": 42.788, "dong_pop_density": 30017.16, "nearest_shelter_distance_m": 141.61, "shelter_count_within_500m": 9.0, "est_population": 2180.6, "est_elderly": 421.6, "shelter_capacity_within_500m": 1030.5, "building_form_group": "high_floor_low_density", "dong_name": "전농1동", "top1_feature": "built_surface_ratio", "top1_shap": 0.6722, "top2_feature": "impervious_ratio", "top2_shap": 0.6549, "top3_feature": "green_ratio", "top3_shap": 0.2077, "priority_score": 55.2372, "priority_rank": 103 }, "geometry": { "type": "Polygon", "coordinates": [ [ [ 127.049849870534132, 37.573266779587122 ], [ 127.049836306594955, 37.575520098075721 ], [ 127.052667445470803, 37.575530860341637 ], [ 127.052680924111513, 37.573277540982787 ], [ 127.049849870534132, 37.573266779587122 ] ] ] } },
{ "type": "Feature", "properties": { "display_grid_id": "11230_00081", "gu_code": 11230, "gu_name": "동대문구", "source_cell_count": 9, "area_m2": 62500.0, "mean_actual_lst": 40.051, "mean_actual_anomaly": 0.1935, "seoul_anomaly": 2.5395, "pred_anomaly": 1.7904, "pred_anomaly_std": 0.8153, "green_delta_c": -0.3457, "building_ratio": 0.1247, "green_ratio": 0.2386, "ndvi": 0.196, "impervious_ratio": 0.5493, "built_surface_ratio": 0.5493, "avg_ground_floor_count": 8.4257, "elevation_m": 29.0887, "albedo": 0.1248, "nearest_park_distance_m": 191.7196, "park_area_within_500m": 83538.6516, "nearest_stream_distance_m": 659.3016, "est_population_density": 17308.8, "dong_elderly_ratio": 0.1933, "dong_avg_age": 42.972, "dong_pop_density": 29256.44, "nearest_shelter_distance_m": 124.8828, "shelter_count_within_500m": 6.28, "est_population": 1081.8, "est_elderly": 190.6, "shelter_capacity_within_500m": 760.5, "building_form_group": "high_floor_low_density", "dong_name": "전농1동", "top1_feature": "impervious_ratio", "top1_shap": 0.6767, "top2_feature": "built_surface_ratio", "top2_shap": 0.6671, "top3_feature": "avg_ground_floor_count", "top3_shap": -0.2821, "priority_score": 49.1058, "priority_rank": 151 }, "geometry": { "type": "Polygon", "coordinates": [ [ [ 127.052680924111513, 37.573277540982787 ], [ 127.052667445470803, 37.575530860341637 ], [ 127.055498585847943, 37.575541554712643 ], [ 127.055511979190015, 37.573288234489048 ], [ 127.052680924111513, 37.573277540982787 ] ] ] } },
{ "type": "Feature", "properties": { "display_grid_id": "11230_00082", "gu_code": 11230, "gu_name": "동대문구", "source_cell_count": 11, "area_m2": 62500.0, "mean_actual_lst": 39.2424, "mean_actual_anomaly": -0.6812, "seoul_anomaly": 1.6647, "pred_anomaly": 1.6826, "pred_anomaly_std": 0.7504, "green_delta_c": -0.114, "building_ratio": 0.2562, "green_ratio": 0.2012, "ndvi": 0.1635, "impervious_ratio": 0.5654, "built_surface_ratio": 0.5654, "avg_ground_floor_count": 10.9044, "elevation_m": 24.6734, "albedo": 0.1042, "nearest_park_distance_m": 103.43, "park_area_within_500m": 95711.5596, "nearest_stream_distance_m": 760.0312, "est_population_density": 40396.8, "dong_elderly_ratio": 0.1932, "dong_avg_age": 43.14, "dong_pop_density": 33634.88, "nearest_shelter_distance_m": 269.1276, "shelter_count_within_500m": 7.24, "est_population": 2524.8, "est_elderly": 475.3, "shelter_capacity_within_500m": 960.0, "building_form_group": "high_floor_low_density", "dong_name": "답십리1동", "top1_feature": "built_surface_ratio", "top1_shap": 0.6346, "top2_feature": "impervious_ratio", "top2_shap": 0.6149, "top3_feature": "avg_ground_floor_count", "top3_shap": -0.3504, "priority_score": 57.792, "priority_rank": 83 }, "geometry": { "type": "Polygon", "coordinates": [ [ [ 127.055511979190015, 37.573288234489048 ], [ 127.055498585847943, 37.575541554712643 ], [ 127.058329727716881, 37.575552181188655 ], [ 127.058343035760174, 37.573298860105801 ], [ 127.055511979190015, 37.573288234489048 ] ] ] } },
{ "type": "Feature", "properties": { "display_grid_id": "11230_00083", "gu_code": 11230, "gu_name": "동대문구", "source_cell_count": 14, "area_m2": 62500.0, "mean_actual_lst": 38.1857, "mean_actual_anomaly": -1.7228, "seoul_anomaly": 0.6231, "pred_anomaly": 0.4873, "pred_anomaly_std": 0.7181, "green_delta_c": -0.2035, "building_ratio": 0.202, "green_ratio": 0.2446, "ndvi": 0.2053, "impervious_ratio": 0.5042, "built_surface_ratio": 0.5042, "avg_ground_floor_count": 16.1655, "elevation_m": 42.4515, "albedo": 0.0943, "nearest_park_distance_m": 171.8152, "park_area_within_500m": 67984.4928, "nearest_stream_distance_m": 884.3948, "est_population_density": 45885.6, "dong_elderly_ratio": 0.2278, "dong_avg_age": 45.6, "dong_pop_density": 31073.9, "nearest_shelter_distance_m": 143.6148, "shelter_count_within_500m": 8.36, "est_population": 2867.9, "est_elderly": 653.4, "shelter_capacity_within_500m": 1159.5, "building_form_group": "high_floor_low_density", "dong_name": "답십리2동", "top1_feature": "built_surface_ratio", "top1_shap": 0.5787, "top2_feature": "impervious_ratio", "top2_shap": 0.5439, "top3_feature": "avg_ground_floor_count", "top3_shap": -0.5373, "priority_score": 49.6533, "priority_rank": 147 }, "geometry": { "type": "Polygon", "coordinates": [ [ [ 127.058343035760174, 37.573298860105801 ], [ 127.058329727716881, 37.575552181188655 ], [ 127.061160871068125, 37.575562739769552 ], [ 127.06117409381244, 37.573309417832917 ], [ 127.058343035760174, 37.573298860105801 ] ] ] } },
{ "type": "Feature", "properties": { "display_grid_id": "11230_00084", "gu_code": 11230, "gu_name": "동대문구", "source_cell_count": 11, "area_m2": 62500.0, "mean_actual_lst": 35.2434, "mean_actual_anomaly": -4.4477, "seoul_anomaly": -2.1018, "pred_anomaly": -2.9029, "pred_anomaly_std": 0.7805, "green_delta_c": -0.6927, "building_ratio": 0.0446, "green_ratio": 0.6234, "ndvi": 0.4145, "impervious_ratio": 0.1763, "built_surface_ratio": 0.1763, "avg_ground_floor_count": 6.3472, "elevation_m": 56.2046, "albedo": 0.1239, "nearest_park_distance_m": 371.3496, "park_area_within_500m": 21378.728, "nearest_stream_distance_m": 1002.6356, "est_population_density": 10570.4, "dong_elderly_ratio": 0.2278, "dong_avg_age": 45.6, "dong_pop_density": 31073.9, "nearest_shelter_distance_m": 156.642, "shelter_count_within_500m": 9.8, "est_population": 660.6, "est_elderly": 150.5, "shelter_capacity_within_500m": 1462.0, "building_form_group": "no_building", "dong_name": "답십리2동", "top1_feature": "green_ratio", "top1_shap": -0.7704, "top2_feature": "built_surface_ratio", "top2_shap": -0.4636, "top3_feature": "impervious_ratio", "top3_shap": -0.3852, "priority_score": 35.365, "priority_rank": 237 }, "geometry": { "type": "Polygon", "coordinates": [ [ [ 127.06117409381244, 37.573309417832917 ], [ 127.061160871068125, 37.575562739769552 ], [ 127.063992015892183, 37.57557323045522 ], [ 127.064005153337334, 37.573319907670303 ], [ 127.06117409381244, 37.573309417832917 ] ] ] } },
{ "type": "Feature", "properties": { "display_grid_id": "11230_00085", "gu_code": 11230, "gu_name": "동대문구", "source_cell_count": 12, "area_m2": 62500.0, "mean_actual_lst": 37.1189, "mean_actual_anomaly": -2.4415, "seoul_anomaly": -0.0955, "pred_anomaly": -0.5466, "pred_anomaly_std": 0.7492, "green_delta_c": -0.3477, "building_ratio": 0.1586, "green_ratio": 0.4191, "ndvi": 0.3085, "impervious_ratio": 0.3519, "built_surface_ratio": 0.3519, "avg_ground_floor_count": 11.1458, "elevation_m": 32.1606, "albedo": 0.1219, "nearest_park_distance_m": 538.3648, "park_area_within_500m": 301.1424, "nearest_stream_distance_m": 1070.9136, "est_population_density": 32944.8, "dong_elderly_ratio": 0.2219, "dong_avg_age": 45.04, "dong_pop_density": 31249.46, "nearest_shelter_distance_m": 163.9576, "shelter_count_within_500m": 7.16, "est_population": 2059.0, "est_elderly": 458.2, "shelter_capacity_within_500m": 1206.2, "building_form_group": "high_floor_low_density", "dong_name": "답십리2동", "top1_feature": "built_surface_ratio", "top1_shap": 0.2212, "top2_feature": "green_ratio", "top2_shap": -0.3823, "top3_feature": "impervious_ratio", "top3_shap": 0.3658, "priority_score": 50.6752, "priority_rank": 134 }, "geometry": { "type": "Polygon", "coordinates": [ [ [ 127.064005153337334, 37.573319907670303 ], [ 127.063992015892183, 37.57557323045522 ], [ 127.066823162179531, 37.575583653245559 ], [ 127.066836214325363, 37.573330329617853 ], [ 127.064005153337334, 37.573319907670303 ] ] ] } },
{ "type": "Feature", "properties": { "display_grid_id": "11230_00086", "gu_code": 11230, "gu_name": "동대문구", "source_cell_count": 14, "area_m2": 62500.0, "mean_actual_lst": 41.0188, "mean_actual_anomaly": 1.0564, "seoul_anomaly": 3.4024, "pred_anomaly": 3.2656, "pred_anomaly_std": 0.648, "green_delta_c": -0.2742, "building_ratio": 0.4225, "green_ratio": 0.2417, "ndvi": 0.1032, "impervious_ratio": 0.352, "built_surface_ratio": 0.352, "avg_ground_floor_count": 3.7468, "elevation_m": 19.6276, "albedo": 0.1149, "nearest_park_distance_m": 438.3648, "park_area_within_500m": 9416.2336, "nearest_stream_distance_m": 861.712, "est_population_density": 24760.0, "dong_elderly_ratio": 0.1981, "dong_avg_age": 42.8, "dong_pop_density": 31951.7, "nearest_shelter_distance_m": 117.9616, "shelter_count_within_500m": 5.96, "est_population": 1547.5, "est_elderly": 306.6, "shelter_capacity_within_500m": 894.8, "building_form_group": "low_floor_high_density", "dong_name": "장안2동", "top1_feature": "building_ratio", "top1_shap": 0.5718, "top2_feature": "built_surface_ratio", "top2_shap": 0.553, "top3_feature": "ndvi", "top3_shap": 0.5345, "priority_score": 56.7701, "priority_rank": 89 }, "geometry": { "type": "Polygon", "coordinates": [ [ [ 127.066836214325363, 37.573330329617853 ], [ 127.066823162179531, 37.575583653245559 ], [ 127.069654309920693, 37.575594008140456 ], [ 127.069667276767021, 37.57334068367544 ], [ 127.066836214325363, 37.573330329617853 ] ] ] } },
{ "type": "Feature", "properties": { "display_grid_id": "11230_00087", "gu_code": 11230, "gu_name": "동대문구", "source_cell_count": 12, "area_m2": 62500.0, "mean_actual_lst": 40.3381, "mean_actual_anomaly": 0.0758, "seoul_anomaly": 2.4217, "pred_anomaly": 2.2213, "pred_anomaly_std": 0.6683, "green_delta_c": -0.1879, "building_ratio": 0.3014, "green_ratio": 0.2196, "ndvi": 0.1294, "impervious_ratio": 0.5013, "built_surface_ratio": 0.5013, "avg_ground_floor_count": 7.4372, "elevation_m": 18.434, "albedo": 0.1124, "nearest_park_distance_m": 283.9804, "park_area_within_500m": 50940.744, "nearest_stream_distance_m": 602.8368, "est_population_density": 36779.2, "dong_elderly_ratio": 0.1981, "dong_avg_age": 42.8, "dong_pop_density": 31951.7, "nearest_shelter_distance_m": 233.5732, "shelter_count_within_500m": 6.52, "est_population": 2298.7, "est_elderly": 455.3, "shelter_capacity_within_500m": 1148.7, "building_form_group": "high_floor_high_density", "dong_name": "장안2동", "top1_feature": "built_surface_ratio", "top1_shap": 0.5886, "top2_feature": "impervious_ratio", "top2_shap": 0.5836, "top3_feature": "ndvi", "top3_shap": 0.2713, "priority_score": 60.9672, "priority_rank": 49 }, "geometry": { "type": "Polygon", "coordinates": [ [ [ 127.069667276767021, 37.57334068367544 ], [ 127.069654309920693, 37.575594008140456 ], [ 127.072485459106133, 37.575604295139797 ], [ 127.072498340652814, 37.573350969842984 ], [ 127.069667276767021, 37.57334068367544 ] ] ] } },
{ "type": "Feature", "properties": { "display_grid_id": "11230_00088", "gu_code": 11230, "gu_name": "동대문구", "source_cell_count": 11, "area_m2": 62500.0, "mean_actual_lst": 39.7148, "mean_actual_anomaly": -0.4288, "seoul_anomaly": 1.9171, "pred_anomaly": 1.1918, "pred_anomaly_std": 0.8001, "green_delta_c": -0.1906, "building_ratio": 0.2442, "green_ratio": 0.268, "ndvi": 0.1796, "impervious_ratio": 0.4012, "built_surface_ratio": 0.4012, "avg_ground_floor_count": 12.3595, "elevation_m": 19.0238, "albedo": 0.0971, "nearest_park_distance_m": 113.2852, "park_area_within_500m": 56657.1704, "nearest_stream_distance_m": 363.8752, "est_population_density": 47265.6, "dong_elderly_ratio": 0.1981, "dong_avg_age": 42.8, "dong_pop_density": 31951.7, "nearest_shelter_distance_m": 257.6428, "shelter_count_within_500m": 5.0, "est_population": 2954.1, "est_elderly": 585.3, "shelter_capacity_within_500m": 813.2, "building_form_group": "high_floor_high_density", "dong_name": "장안2동", "top1_feature": "built_surface_ratio", "top1_shap": 0.529, "top2_feature": "impervious_ratio", "top2_shap": 0.5229, "top3_feature": "avg_ground_floor_count", "top3_shap": -0.3277, "priority_score": 58.3577, "priority_rank": 74 }, "geometry": { "type": "Polygon", "coordinates": [ [ [ 127.072498340652814, 37.573350969842984 ], [ 127.072485459106133, 37.575604295139797 ], [ 127.075316609726414, 37.575614514243497 ], [ 127.075329405973264, 37.573361188120352 ], [ 127.072498340652814, 37.573350969842984 ] ] ] } },
{ "type": "Feature", "properties": { "display_grid_id": "11230_00089", "gu_code": 11230, "gu_name": "동대문구", "source_cell_count": 9, "area_m2": 39135.48, "mean_actual_lst": 37.8479, "mean_actual_anomaly": -2.2119, "seoul_anomaly": 0.134, "pred_anomaly": -0.5875, "pred_anomaly_std": 0.7458, "green_delta_c": -0.1255, "building_ratio": 0.1467, "green_ratio": 0.3586, "ndvi": 0.2875, "impervious_ratio": 0.3257, "built_surface_ratio": 0.3257, "avg_ground_floor_count": 23.3077, "elevation_m": 18.741, "albedo": 0.0948, "nearest_park_distance_m": 83.0007, "park_area_within_500m": 44743.1118, "nearest_stream_distance_m": 156.6918, "est_population_density": 58626.7911, "dong_elderly_ratio": 0.1981, "dong_avg_age": 42.8, "dong_pop_density": 31951.7, "nearest_shelter_distance_m": 303.308, "shelter_count_within_500m": 4.4913, "est_population": 2294.4, "est_elderly": 454.5, "shelter_capacity_within_500m": 358.9, "building_form_group": "high_floor_low_density", "dong_name": "장안2동", "top1_feature": "avg_ground_floor_count", "top1_shap": -0.714, "top2_feature": "built_surface_ratio", "top2_shap": 0.2846, "top3_feature": "impervious_ratio", "top3_shap": 0.2814, "priority_score": 46.1862, "priority_rank": 179 }, "geometry": { "type": "Polygon", "coordinates": [ [ [ 127.075329405973264, 37.573361188120352 ], [ 127.075316609726414, 37.575614514243497 ], [ 127.076948499634298, 37.5756203737389 ], [ 127.07700777, 37.57516817 ], [ 127.07709062, 37.5745332 ], [ 127.07710396, 37.57443268 ], [ 127.07710694, 37.57441015 ], [ 127.07710765, 37.57440452 ], [ 127.077108869999989, 37.57439551 ], [ 127.07710993000002, 37.57438763 ], [ 127.07711063, 37.57438255 ], [ 127.07712291, 37.57428851 ], [ 127.0771259, 37.57426626 ], [ 127.07712818, 37.57424909 ], [ 127.07713854, 37.5741708 ], [ 127.07714451, 37.57412632 ], [ 127.077145210000012, 37.57412041 ], [ 127.07714591, 37.57411506 ], [ 127.077146790000015, 37.57410886000001 ], [ 127.07715224, 37.57406943 ], [ 127.07716996, 37.57393907 ], [ 127.07718015, 37.57386754 ], [ 127.07718068, 37.57386135 ], [ 127.07718734, 37.57380841 ], [ 127.077193130000012, 37.57376364 ], [ 127.07720648, 37.57365889 ], [ 127.0772191, 37.57355949 ], [ 127.077221920000014, 37.5735364 ], [ 127.07722542, 37.57350937 ], [ 127.07722672087651, 37.573367998176849 ], [ 127.075329405973264, 37.573361188120352 ] ] ] } },
{ "type": "Feature", "properties": { "display_grid_id": "11230_00090", "gu_code": 11230, "gu_name": "동대문구", "source_cell_count": 11, "area_m2": 25557.17, "mean_actual_lst": 41.5271, "mean_actual_anomaly": 2.2225, "seoul_anomaly": 4.5685, "pred_anomaly": 3.426, "pred_anomaly_std": 0.7845, "green_delta_c": -0.2782, "building_ratio": 0.3051, "green_ratio": 0.2247, "ndvi": 0.1311, "impervious_ratio": 0.489, "built_surface_ratio": 0.489, "avg_ground_floor_count": 3.1839, "elevation_m": 29.4014, "albedo": 0.1191, "nearest_park_distance_m": 97.8368, "park_area_within_500m": 201174.6336, "nearest_stream_distance_m": 286.4337, "est_population_density": 14285.7267, "dong_elderly_ratio": 0.1843, "dong_avg_age": 43.3, "dong_pop_density": 21714.4, "nearest_shelter_distance_m": 181.4779, "shelter_count_within_500m": 10.2319, "est_population": 365.1, "est_elderly": 67.4, "shelter_capacity_within_500m": 1899.8, "building_form_group": "low_floor_high_density", "dong_name": "용신동", "top1_feature": "built_surface_ratio", "top1_shap": 0.6774, "top2_feature": "impervious_ratio", "top2_shap": 0.6452, "top3_feature": "ndvi", "top3_shap": 0.1726, "priority_score": 58.1934, "priority_rank": 76 }, "geometry": { "type": "Polygon", "coordinates": [ [ [ 127.024341792625378, 37.5776734919734 ], [ 127.024356125838707, 37.575420182430982 ], [ 127.023234552563878, 37.575415658021583 ], [ 127.02323429, 37.57542259 ], [ 127.02323096, 37.57548482 ], [ 127.0232125, 37.57588013 ], [ 127.023211279999984, 37.57593391 ], [ 127.02319251, 37.57647366 ], [ 127.023185670000018, 37.57670933 ], [ 127.02318709, 37.57673157 ], [ 127.02321098, 37.57674508 ], [ 127.023213450000014, 37.57675015 ], [ 127.02318198, 37.57678675 ], [ 127.023181109999982, 37.57681885 ], [ 127.02317724000001, 37.57693148 ], [ 127.02317444000002, 37.57700271 ], [ 127.02317427, 37.57701876 ], [ 127.023173390000011, 37.57705367 ], [ 127.02317164, 37.57711618 ], [ 127.023170760000014, 37.57714096 ], [ 127.02316655, 37.57725696 ], [ 127.0231662, 37.57726653 ], [ 127.02316409, 37.57733805 ], [ 127.02316269, 37.57736846 ], [ 127.02316217, 37.57738085 ], [ 127.02316199, 37.57738619 ], [ 127.023161640000012, 37.57739662 ], [ 127.02316146, 37.57740225 ], [ 127.023161120000012, 37.57740984 ], [ 127.02316059, 37.57742477 ], [ 127.02315723000001, 37.5774518 ], [ 127.02315005, 37.57766522 ], [ 127.023149915665911, 37.57766868336136 ], [ 127.024341792625378, 37.5776734919734 ] ] ] } },
{ "type": "Feature", "properties": { "display_grid_id": "11230_00091", "gu_code": 11230, "gu_name": "동대문구", "source_cell_count": 14, "area_m2": 62500.0, "mean_actual_lst": 40.4424, "mean_actual_anomaly": 1.0432, "seoul_anomaly": 3.3892, "pred_anomaly": 3.24, "pred_anomaly_std": 0.8555, "green_delta_c": -0.0909, "building_ratio": 0.4017, "green_ratio": 0.206, "ndvi": 0.1075, "impervious_ratio": 0.5234, "built_surface_ratio": 0.5234, "avg_ground_floor_count": 5.9336, "elevation_m": 26.8558, "albedo": 0.1072, "nearest_park_distance_m": 57.6792, "park_area_within_500m": 169148.3668, "nearest_stream_distance_m": 158.6044, "est_population_density": 20805.6, "dong_elderly_ratio": 0.1843, "dong_avg_age": 43.3, "dong_pop_density": 21714.4, "nearest_shelter_distance_m": 230.57, "shelter_count_within_500m": 8.24, "est_population": 1300.4, "est_elderly": 239.7, "shelter_capacity_within_500m": 858.8, "building_form_group": "high_floor_high_density", "dong_name": "용신동", "top1_feature": "built_surface_ratio", "top1_shap": 0.665, "top2_feature": "impervious_ratio", "top2_shap": 0.5443, "top3_feature": "building_ratio", "top3_shap": 0.5215, "priority_score": 54.1788, "priority_rank": 110 }, "geometry": { "type": "Polygon", "coordinates": [ [ [ 127.024356125838707, 37.575420182430982 ], [ 127.024341792625378, 37.5776734919734 ], [ 127.027173002868253, 37.57768486620796 ], [ 127.027187250775299, 37.575431555745823 ], [ 127.024356125838707, 37.575420182430982 ] ] ] } },
{ "type": "Feature", "properties": { "display_grid_id": "11230_00092", "gu_code": 11230, "gu_name": "동대문구", "source_cell_count": 12, "area_m2": 62500.0, "mean_actual_lst": 42.6944, "mean_actual_anomaly": 2.9334, "seoul_anomaly": 5.2794, "pred_anomaly": 3.3385, "pred_anomaly_std": 0.765, "green_delta_c": -0.2829, "building_ratio": 0.2819, "green_ratio": 0.19, "ndvi": 0.1498, "impervious_ratio": 0.6351, "built_surface_ratio": 0.6351, "avg_ground_floor_count": 4.0529, "elevation_m": 23.5418, "albedo": 0.1224, "nearest_park_distance_m": 122.8832, "park_area_within_500m": 99847.7716, "nearest_stream_distance_m": 88.294, "est_population_density": 18743.2, "dong_elderly_ratio": 0.1843, "dong_avg_age": 43.3, "dong_pop_density": 21714.4, "nearest_shelter_distance_m": 242.5756, "shelter_count_within_500m": 4.0, "est_population": 1171.4, "est_elderly": 216.0, "shelter_capacity_within_500m": 306.2, "building_form_group": "high_floor_high_density", "dong_name": "용신동", "top1_feature": "built_surface_ratio", "top1_shap": 0.8076, "top2_feature": "impervious_ratio", "top2_shap": 0.7472, "top3_feature": "building_ratio", "top3_shap": 0.2417, "priority_score": 73.3941, "priority_rank": 7 }, "geometry": { "type": "Polygon", "coordinates": [ [ [ 127.027187250775299, 37.575431555745823 ], [ 127.027173002868253, 37.57768486620796 ], [ 127.030004214698124, 37.577696172543149 ], [ 127.030018377298703, 37.575442861166806 ], [ 127.027187250775299, 37.575431555745823 ] ] ] } },
{ "type": "Feature", "properties": { "display_grid_id": "11230_00093", "gu_code": 11230, "gu_name": "동대문구", "source_cell_count": 15, "area_m2": 62500.0, "mean_actual_lst": 41.7716, "mean_actual_anomaly": 1.9648, "seoul_anomaly": 4.3108, "pred_anomaly": 3.4344, "pred_anomaly_std": 0.6708, "green_delta_c": -0.2138, "building_ratio": 0.3705, "green_ratio": 0.2187, "ndvi": 0.1001, "impervious_ratio": 0.4911, "built_surface_ratio": 0.4911, "avg_ground_floor_count": 4.5038, "elevation_m": 23.3186, "albedo": 0.1122, "nearest_park_distance_m": 353.5996, "park_area_within_500m": 23548.8804, "nearest_stream_distance_m": 222.014, "est_population_density": 23843.2, "dong_elderly_ratio": 0.1843, "dong_avg_age": 43.3, "dong_pop_density": 21714.4, "nearest_shelter_distance_m": 261.842, "shelter_count_within_500m": 3.16, "est_population": 1490.2, "est_elderly": 274.5, "shelter_capacity_within_500m": 247.5, "building_form_group": "low_floor_high_density", "dong_name": "용신동", "top1_feature": "built_surface_ratio", "top1_shap": 0.6398, "top2_feature": "impervious_ratio", "top2_shap": 0.4421, "top3_feature": "building_ratio", "top3_shap": 0.4222, "priority_score": 67.3996, "priority_rank": 24 }, "geometry": { "type": "Polygon", "coordinates": [ [ [ 127.030018377298703, 37.575442861166806 ], [ 127.030004214698124, 37.577696172543149 ], [ 127.032835428105514, 37.577707410978874 ], [ 127.032849505399383, 37.575454098693804 ], [ 127.030018377298703, 37.575442861166806 ] ] ] } },
{ "type": "Feature", "properties": { "display_grid_id": "11230_00094", "gu_code": 11230, "gu_name": "동대문구", "source_cell_count": 11, "area_m2": 62500.0, "mean_actual_lst": 40.4203, "mean_actual_anomaly": 0.5344, "seoul_anomaly": 2.8803, "pred_anomaly": 2.34, "pred_anomaly_std": 0.8002, "green_delta_c": -0.4022, "building_ratio": 0.2495, "green_ratio": 0.2509, "ndvi": 0.139, "impervious_ratio": 0.4103, "built_surface_ratio": 0.4103, "avg_ground_floor_count": 8.9995, "elevation_m": 20.7755, "albedo": 0.1059, "nearest_park_distance_m": 374.3476, "park_area_within_500m": 7449.2356, "nearest_stream_distance_m": 59.554, "est_population_density": 22126.4, "dong_elderly_ratio": 0.1843, "dong_avg_age": 43.3, "dong_pop_density": 21714.4, "nearest_shelter_distance_m": 232.2972, "shelter_count_within_500m": 4.92, "est_population": 1382.9, "est_elderly": 254.9, "shelter_capacity_within_500m": 340.0, "building_form_group": "low_floor_high_density", "dong_name": "용신동", "top1_feature": "built_surface_ratio", "top1_shap": 0.5933, "top2_feature": "impervious_ratio", "top2_shap": 0.4947, "top3_feature": "avg_ground_floor_count", "top3_shap": -0.2873, "priority_score": 60.8759, "priority_rank": 52 }, "geometry": { "type": "Polygon", "coordinates": [ [ [ 127.032849505399383, 37.575454098693804 ], [ 127.032835428105514, 37.577707410978874 ], [ 127.035666643080873, 37.577718581515008 ], [ 127.035680635067891, 37.57546526832671 ], [ 127.032849505399383, 37.575454098693804 ] ] ] } },
{ "type": "Feature", "properties": { "display_grid_id": "11230_00095", "gu_code": 11230, "gu_name": "동대문구", "source_cell_count": 14, "area_m2": 62500.0, "mean_actual_lst": 41.3856, "mean_actual_anomaly": 1.5841, "seoul_anomaly": 3.9301, "pred_anomaly": 2.3627, "pred_anomaly_std": 0.7944, "green_delta_c": -0.3328, "building_ratio": 0.2817, "green_ratio": 0.1797, "ndvi": 0.1613, "impervious_ratio": 0.6589, "built_surface_ratio": 0.6589, "avg_ground_floor_count": 9.0053, "elevation_m": 19.8544, "albedo": 0.1149, "nearest_park_distance_m": 136.232, "park_area_within_500m": 31839.5328, "nearest_stream_distance_m": 221.216, "est_population_density": 29875.2, "dong_elderly_ratio": 0.1843, "dong_avg_age": 43.3, "dong_pop_density": 21714.4, "nearest_shelter_distance_m": 93.6756, "shelter_count_within_500m": 4.8, "est_population": 1867.2, "est_elderly": 344.1, "shelter_capacity_within_500m": 283.8, "building_form_group": "high_floor_high_density", "dong_name": "용신동", "top1_feature": "built_surface_ratio", "top1_shap": 0.7719, "top2_feature": "impervious_ratio", "top2_shap": 0.7138, "top3_feature": "avg_ground_floor_count", "top3_shap": -0.2866, "priority_score": 70.3011, "priority_rank": 13 }, "geometry": { "type": "Polygon", "coordinates": [ [ [ 127.035680635067891, 37.57546526832671 ], [ 127.035666643080873, 37.577718581515008 ], [ 127.038497859614722, 37.577729684151443 ], [ 127.038511766294704, 37.57547637006541 ], [ 127.035680635067891, 37.57546526832671 ] ] ] } },
{ "type": "Feature", "properties": { "display_grid_id": "11230_00096", "gu_code": 11230, "gu_name": "동대문구", "source_cell_count": 11, "area_m2": 62500.0, "mean_actual_lst": 42.8753, "mean_actual_anomaly": 3.0641, "seoul_anomaly": 5.41, "pred_anomaly": 3.7033, "pred_anomaly_std": 0.735, "green_delta_c": -0.1431, "building_ratio": 0.4377, "green_ratio": 0.2122, "ndvi": 0.125, "impervious_ratio": 0.5603, "built_surface_ratio": 0.5603, "avg_ground_floor_count": 4.1176, "elevation_m": 21.6595, "albedo": 0.1204, "nearest_park_distance_m": 57.5464, "park_area_within_500m": 50678.692, "nearest_stream_distance_m": 428.04, "est_population_density": 20453.6, "dong_elderly_ratio": 0.1843, "dong_avg_age": 43.3, "dong_pop_density": 21714.4, "nearest_shelter_distance_m": 176.1796, "shelter_count_within_500m": 5.92, "est_population": 1278.3, "est_elderly": 235.6, "shelter_capacity_within_500m": 625.7, "building_form_group": "low_floor_high_density", "dong_name": "용신동", "top1_feature": "built_surface_ratio", "top1_shap": 0.6996, "top2_feature": "impervious_ratio", "top2_shap": 0.6612, "top3_feature": "building_ratio", "top3_shap": 0.6146, "priority_score": 61.9891, "priority_rank": 46 }, "geometry": { "type": "Polygon", "coordinates": [ [ [ 127.038511766294704, 37.57547637006541 ], [ 127.038497859614722, 37.577729684151443 ], [ 127.041329077697569, 37.577740718888059 ], [ 127.041342899070315, 37.575487403909754 ], [ 127.038511766294704, 37.57547637006541 ] ] ] } },
{ "type": "Feature", "properties": { "display_grid_id": "11230_00097", "gu_code": 11230, "gu_name": "동대문구", "source_cell_count": 13, "area_m2": 62500.0, "mean_actual_lst": 40.8252, "mean_actual_anomaly": 0.9439, "seoul_anomaly": 3.2898, "pred_anomaly": 2.392, "pred_anomaly_std": 0.7339, "green_delta_c": -0.1139, "building_ratio": 0.4197, "green_ratio": 0.2349, "ndvi": 0.1119, "impervious_ratio": 0.4385, "built_surface_ratio": 0.4385, "avg_ground_floor_count": 14.5821, "elevation_m": 21.0386, "albedo": 0.115, "nearest_park_distance_m": 107.4264, "park_area_within_500m": 91051.7732, "nearest_stream_distance_m": 523.5424, "est_population_density": 37098.4, "dong_elderly_ratio": 0.1852, "dong_avg_age": 43.32, "dong_pop_density": 21879.152, "nearest_shelter_distance_m": 185.4432, "shelter_count_within_500m": 7.56, "est_population": 2318.7, "est_elderly": 429.4, "shelter_capacity_within_500m": 990.0, "building_form_group": "low_floor_high_density", "dong_name": "용신동", "top1_feature": "building_ratio", "top1_shap": 0.5985, "top2_feature": "built_surface_ratio", "top2_shap": 0.4849, "top3_feature": "impervious_ratio", "top3_shap": 0.4662, "priority_score": 58.4854, "priority_rank": 71 }, "geometry": { "type": "Polygon", "coordinates": [ [ [ 127.041342899070315, 37.575487403909754 ], [ 127.041329077697569, 37.577740718888059 ], [ 127.044160297319905, 37.577751685724735 ], [ 127.044174033385218, 37.575498369859666 ], [ 127.041342899070315, 37.575487403909754 ] ] ] } },
{ "type": "Feature", "properties": { "display_grid_id": "11230_00098", "gu_code": 11230, "gu_name": "동대문구", "source_cell_count": 15, "area_m2": 62500.0, "mean_actual_lst": 42.4655, "mean_actual_anomaly": 2.5072, "seoul_anomaly": 4.8531, "pred_anomaly": 3.3631, "pred_anomaly_std": 0.734, "green_delta_c": -0.2666, "building_ratio": 0.2905, "green_ratio": 0.2145, "ndvi": 0.1309, "impervious_ratio": 0.5371, "built_surface_ratio": 0.5371, "avg_ground_floor_count": 6.9688, "elevation_m": 20.0557, "albedo": 0.1318, "nearest_park_distance_m": 65.6656, "park_area_within_500m": 95789.822, "nearest_stream_distance_m": 605.8368, "est_population_density": 14681.6, "dong_elderly_ratio": 0.2028, "dong_avg_age": 43.72, "dong_pop_density": 25174.192, "nearest_shelter_distance_m": 158.024, "shelter_count_within_500m": 6.52, "est_population": 917.6, "est_elderly": 185.7, "shelter_capacity_within_500m": 1040.0, "building_form_group": "low_floor_high_density", "dong_name": "전농1동", "top1_feature": "built_surface_ratio", "top1_shap": 0.6843, "top2_feature": "impervious_ratio", "top2_shap": 0.6597, "top3_feature": "building_ratio", "top3_shap": 0.3617, "priority_score": 62.0803, "priority_rank": 44 }, "geometry": { "type": "Polygon", "coordinates": [ [ [ 127.044174033385218, 37.575498369859666 ], [ 127.044160297319905, 37.577751685724735 ], [ 127.046991518472211, 37.577762584661372 ], [ 127.047005169229934, 37.575509267915038 ], [ 127.044174033385218, 37.575498369859666 ] ] ] } },
{ "type": "Feature", "properties": { "display_grid_id": "11230_00099", "gu_code": 11230, "gu_name": "동대문구", "source_cell_count": 11, "area_m2": 62500.0, "mean_actual_lst": 40.7105, "mean_actual_anomaly": 0.8551, "seoul_anomaly": 3.201, "pred_anomaly": 2.1659, "pred_anomaly_std": 0.7673, "green_delta_c": -0.1357, "building_ratio": 0.2805, "green_ratio": 0.2129, "ndvi": 0.1238, "impervious_ratio": 0.4689, "built_surface_ratio": 0.4689, "avg_ground_floor_count": 9.0889, "elevation_m": 26.5225, "albedo": 0.1055, "nearest_park_distance_m": 57.6412, "park_area_within_500m": 74706.8728, "nearest_stream_distance_m": 732.1004, "est_population_density": 29429.2, "dong_elderly_ratio": 0.2063, "dong_avg_age": 43.8, "dong_pop_density": 25833.2, "nearest_shelter_distance_m": 158.4856, "shelter_count_within_500m": 8.48, "est_population": 1839.3, "est_elderly": 379.4, "shelter_capacity_within_500m": 1349.8, "building_form_group": "low_floor_high_density", "dong_name": "전농1동", "top1_feature": "built_surface_ratio", "top1_shap": 0.5907, "top2_feature": "impervious_ratio", "top2_shap": 0.5886, "top3_feature": "avg_ground_floor_count", "top3_shap": -0.3276, "priority_score": 57.8832, "priority_rank": 81 }, "geometry": { "type": "Polygon", "coordinates": [ [ [ 127.047005169229934, 37.575509267915038 ], [ 127.046991518472211, 37.577762584661372 ], [ 127.049822741145007, 37.577773415697841 ], [ 127.049836306594955, 37.575520098075721 ], [ 127.047005169229934, 37.575509267915038 ] ] ] } },
{ "type": "Feature", "properties": { "display_grid_id": "11230_00100", "gu_code": 11230, "gu_name": "동대문구", "source_cell_count": 14, "area_m2": 62500.0, "mean_actual_lst": 37.5101, "mean_actual_anomaly": -2.2234, "seoul_anomaly": 0.1225, "pred_anomaly": 0.8091, "pred_anomaly_std": 0.8546, "green_delta_c": -0.0722, "building_ratio": 0.2033, "green_ratio": 0.221, "ndvi": 0.1596, "impervious_ratio": 0.4588, "built_surface_ratio": 0.4588, "avg_ground_floor_count": 14.7108, "elevation_m": 31.0204, "albedo": 0.0942, "nearest_park_distance_m": 210.5908, "park_area_within_500m": 120160.7144, "nearest_stream_distance_m": 840.0652, "est_population_density": 47669.2, "dong_elderly_ratio": 0.2063, "dong_avg_age": 43.8, "dong_pop_density": 25833.2, "nearest_shelter_distance_m": 175.776, "shelter_count_within_500m": 7.12, "est_population": 2979.3, "est_elderly": 614.6, "shelter_capacity_within_500m": 892.8, "building_form_group": "high_floor_low_density", "dong_name": "전농1동", "top1_feature": "avg_ground_floor_count", "top1_shap": -0.6539, "top2_feature": "built_surface_ratio", "top2_shap": 0.5661, "top3_feature": "impervious_ratio", "top3_shap": 0.5622, "priority_score": 43.7956, "priority_rank": 194 }, "geometry": { "type": "Polygon", "coordinates": [ [ [ 127.049836306594955, 37.575520098075721 ], [ 127.049822741145007, 37.577773415697841 ], [ 127.052653965328801, 37.577784178834044 ], [ 127.052667445470803, 37.575530860341637 ], [ 127.049836306594955, 37.575520098075721 ] ] ] } },
{ "type": "Feature", "properties": { "display_grid_id": "11230_00101", "gu_code": 11230, "gu_name": "동대문구", "source_cell_count": 12, "area_m2": 62500.0, "mean_actual_lst": 38.4844, "mean_actual_anomaly": -1.4886, "seoul_anomaly": 0.8573, "pred_anomaly": 0.9818, "pred_anomaly_std": 0.7611, "green_delta_c": -0.0826, "building_ratio": 0.1719, "green_ratio": 0.2454, "ndvi": 0.2254, "impervious_ratio": 0.5358, "built_surface_ratio": 0.5358, "avg_ground_floor_count": 11.4226, "elevation_m": 27.856, "albedo": 0.1231, "nearest_park_distance_m": 81.9376, "park_area_within_500m": 171902.4028, "nearest_stream_distance_m": 903.3416, "est_population_density": 29991.6, "dong_elderly_ratio": 0.2063, "dong_avg_age": 43.8, "dong_pop_density": 25833.2, "nearest_shelter_distance_m": 107.6344, "shelter_count_within_500m": 5.88, "est_population": 1874.5, "est_elderly": 386.6, "shelter_capacity_within_500m": 857.5, "building_form_group": "high_floor_low_density", "dong_name": "전농1동", "top1_feature": "impervious_ratio", "top1_shap": 0.6181, "top2_feature": "built_surface_ratio", "top2_shap": 0.6102, "top3_feature": "avg_ground_floor_count", "top3_shap": -0.4414, "priority_score": 38.1022, "priority_rank": 220 }, "geometry": { "type": "Polygon", "coordinates": [ [ [ 127.052667445470803, 37.575530860341637 ], [ 127.052653965328801, 37.577784178834044 ], [ 127.055485191014057, 37.577794874069866 ], [ 127.055498585847943, 37.575541554712643 ], [ 127.052667445470803, 37.575530860341637 ] ] ] } },
{ "type": "Feature", "properties": { "display_grid_id": "11230_00102", "gu_code": 11230, "gu_name": "동대문구", "source_cell_count": 12, "area_m2": 62500.0, "mean_actual_lst": 40.8309, "mean_actual_anomaly": 0.6715, "seoul_anomaly": 3.0174, "pred_anomaly": 3.3601, "pred_anomaly_std": 0.7822, "green_delta_c": -0.1652, "building_ratio": 0.3692, "green_ratio": 0.2051, "ndvi": 0.1036, "impervious_ratio": 0.5057, "built_surface_ratio": 0.5057, "avg_ground_floor_count": 2.9708, "elevation_m": 24.7152, "albedo": 0.1205, "nearest_park_distance_m": 6.4536, "park_area_within_500m": 171817.898, "nearest_stream_distance_m": 992.8744, "est_population_density": 6890.0, "dong_elderly_ratio": 0.2091, "dong_avg_age": 43.88, "dong_pop_density": 23304.0, "nearest_shelter_distance_m": 225.4256, "shelter_count_within_500m": 6.44, "est_population": 430.6, "est_elderly": 90.1, "shelter_capacity_within_500m": 877.0, "building_form_group": "low_floor_high_density", "dong_name": "전농1동", "top1_feature": "built_surface_ratio", "top1_shap": 0.659, "top2_feature": "impervious_ratio", "top2_shap": 0.632, "top3_feature": "ndvi", "top3_shap": 0.3822, "priority_score": 48.2847, "priority_rank": 163 }, "geometry": { "type": "Polygon", "coordinates": [ [ [ 127.055498585847943, 37.575541554712643 ], [ 127.055485191014057, 37.577794874069866 ], [ 127.058316418191311, 37.577805501405187 ], [ 127.058329727716881, 37.575552181188655 ], [ 127.055498585847943, 37.575541554712643 ] ] ] } },
{ "type": "Feature", "properties": { "display_grid_id": "11230_00103", "gu_code": 11230, "gu_name": "동대문구", "source_cell_count": 12, "area_m2": 62500.0, "mean_actual_lst": 38.2081, "mean_actual_anomaly": -1.5648, "seoul_anomaly": 0.7811, "pred_anomaly": 0.4186, "pred_anomaly_std": 0.7469, "green_delta_c": -0.084, "building_ratio": 0.2209, "green_ratio": 0.2442, "ndvi": 0.1612, "impervious_ratio": 0.4422, "built_surface_ratio": 0.4422, "avg_ground_floor_count": 18.7172, "elevation_m": 43.5213, "albedo": 0.0871, "nearest_park_distance_m": 76.502, "park_area_within_500m": 129054.39, "nearest_stream_distance_m": 1112.5452, "est_population_density": 58476.8, "dong_elderly_ratio": 0.2132, "dong_avg_age": 44.0, "dong_pop_density": 19510.2, "nearest_shelter_distance_m": 95.3764, "shelter_count_within_500m": 6.68, "est_population": 3654.8, "est_elderly": 779.2, "shelter_capacity_within_500m": 1076.3, "building_form_group": "high_floor_low_density", "dong_name": "전농2동", "top1_feature": "avg_ground_floor_count", "top1_shap": -0.6817, "top2_feature": "built_surface_ratio", "top2_shap": 0.5366, "top3_feature": "impervious_ratio", "top3_shap": 0.5303, "priority_score": 40.1095, "priority_rank": 212 }, "geometry": { "type": "Polygon", "coordinates": [ [ [ 127.058329727716881, 37.575552181188655 ], [ 127.058316418191311, 37.577805501405187 ], [ 127.061147646851026, 37.577816060839901 ], [ 127.061160871068125, 37.575562739769552 ], [ 127.058329727716881, 37.575552181188655 ] ] ] } },
{ "type": "Feature", "properties": { "display_grid_id": "11230_00104", "gu_code": 11230, "gu_name": "동대문구", "source_cell_count": 14, "area_m2": 62500.0, "mean_actual_lst": 36.4725, "mean_actual_anomaly": -3.0974, "seoul_anomaly": -0.7514, "pred_anomaly": -0.8333, "pred_anomaly_std": 0.7325, "green_delta_c": -0.277, "building_ratio": 0.1364, "green_ratio": 0.3604, "ndvi": 0.2774, "impervious_ratio": 0.3679, "built_surface_ratio": 0.3679, "avg_ground_floor_count": 16.6145, "elevation_m": 54.2652, "albedo": 0.0957, "nearest_park_distance_m": 269.8908, "park_area_within_500m": 49143.2276, "nearest_stream_distance_m": 1199.554, "est_population_density": 36948.8, "dong_elderly_ratio": 0.2179, "dong_avg_age": 44.512, "dong_pop_density": 23210.584, "nearest_shelter_distance_m": 94.514, "shelter_count_within_500m": 8.04, "est_population": 2309.3, "est_elderly": 497.1, "shelter_capacity_within_500m": 1296.3, "building_form_group": "high_floor_low_density", "dong_name": "전농2동", "top1_feature": "built_surface_ratio", "top1_shap": 0.2284, "top2_feature": "avg_ground_floor_count", "top2_shap": -0.4949, "top3_feature": "impervious_ratio", "top3_shap": 0.3715, "priority_score": 41.7701, "priority_rank": 205 }, "geometry": { "type": "Polygon", "coordinates": [ [ [ 127.061160871068125, 37.575562739769552 ], [ 127.061147646851026, 37.577816060839901 ], [ 127.063978876983725, 37.577826552373914 ], [ 127.063992015892183, 37.57557323045522 ], [ 127.061160871068125, 37.575562739769552 ] ] ] } },
{ "type": "Feature", "properties": { "display_grid_id": "11230_00105", "gu_code": 11230, "gu_name": "동대문구", "source_cell_count": 13, "area_m2": 62500.0, "mean_actual_lst": 37.5648, "mean_actual_anomaly": -2.1257, "seoul_anomaly": 0.2202, "pred_anomaly": 0.6293, "pred_anomaly_std": 0.7494, "green_delta_c": -0.297, "building_ratio": 0.2248, "green_ratio": 0.2892, "ndvi": 0.2019, "impervious_ratio": 0.3104, "built_surface_ratio": 0.3104, "avg_ground_floor_count": 12.5508, "elevation_m": 35.214, "albedo": 0.1058, "nearest_park_distance_m": 400.9312, "park_area_within_500m": 9789.1524, "nearest_stream_distance_m": 1067.4284, "est_population_density": 41885.6, "dong_elderly_ratio": 0.219, "dong_avg_age": 44.64, "dong_pop_density": 24135.68, "nearest_shelter_distance_m": 146.9008, "shelter_count_within_500m": 8.52, "est_population": 2617.9, "est_elderly": 571.4, "shelter_capacity_within_500m": 1452.3, "building_form_group": "high_floor_low_density", "dong_name": "전농2동", "top1_feature": "avg_ground_floor_count", "top1_shap": -0.4227, "top2_feature": "built_surface_ratio", "top2_shap": 0.4038, "top3_feature": "impervious_ratio", "top3_shap": 0.3472, "priority_score": 50.4745, "priority_rank": 136 }, "geometry": { "type": "Polygon", "coordinates": [ [ [ 127.063992015892183, 37.57557323045522 ], [ 127.063978876983725, 37.577826552373914 ], [ 127.066810108579901, 37.577836976007092 ], [ 127.066823162179531, 37.575583653245559 ], [ 127.063992015892183, 37.57557323045522 ] ] ] } },
{ "type": "Feature", "properties": { "display_grid_id": "11230_00106", "gu_code": 11230, "gu_name": "동대문구", "source_cell_count": 15, "area_m2": 62500.0, "mean_actual_lst": 41.2948, "mean_actual_anomaly": 1.3113, "seoul_anomaly": 3.6573, "pred_anomaly": 3.4049, "pred_anomaly_std": 0.6433, "green_delta_c": -0.3095, "building_ratio": 0.4148, "green_ratio": 0.2458, "ndvi": 0.1025, "impervious_ratio": 0.3652, "built_surface_ratio": 0.3652, "avg_ground_floor_count": 3.1755, "elevation_m": 19.0149, "albedo": 0.1187, "nearest_park_distance_m": 231.4232, "park_area_within_500m": 40552.3956, "nearest_stream_distance_m": 834.086, "est_population_density": 21198.4, "dong_elderly_ratio": 0.2023, "dong_avg_age": 43.168, "dong_pop_density": 30388.496, "nearest_shelter_distance_m": 156.2304, "shelter_count_within_500m": 7.16, "est_population": 1324.9, "est_elderly": 269.3, "shelter_capacity_within_500m": 1075.8, "building_form_group": "low_floor_high_density", "dong_name": "장안2동", "top1_feature": "built_surface_ratio", "top1_shap": 0.561, "top2_feature": "ndvi", "top2_shap": 0.5185, "top3_feature": "building_ratio", "top3_shap": 0.4874, "priority_score": 60.5839, "priority_rank": 56 }, "geometry": { "type": "Polygon", "coordinates": [ [ [ 127.066823162179531, 37.575583653245559 ], [ 127.066810108579901, 37.577836976007092 ], [ 127.069641341630032, 37.577847331739335 ], [ 127.069654309920693, 37.575594008140456 ], [ 127.066823162179531, 37.575583653245559 ] ] ] } },
{ "type": "Feature", "properties": { "display_grid_id": "11230_00107", "gu_code": 11230, "gu_name": "동대문구", "source_cell_count": 14, "area_m2": 62500.0, "mean_actual_lst": 40.8136, "mean_actual_anomaly": 0.6404, "seoul_anomaly": 2.9864, "pred_anomaly": 2.6513, "pred_anomaly_std": 0.6911, "green_delta_c": -0.3729, "building_ratio": 0.3209, "green_ratio": 0.282, "ndvi": 0.1614, "impervious_ratio": 0.3734, "built_surface_ratio": 0.3734, "avg_ground_floor_count": 3.8861, "elevation_m": 18.3127, "albedo": 0.1216, "nearest_park_distance_m": 119.7504, "park_area_within_500m": 88869.7184, "nearest_stream_distance_m": 576.0352, "est_population_density": 20652.8, "dong_elderly_ratio": 0.1981, "dong_avg_age": 42.8, "dong_pop_density": 31951.7, "nearest_shelter_distance_m": 95.2704, "shelter_count_within_500m": 5.84, "est_population": 1290.8, "est_elderly": 255.8, "shelter_capacity_within_500m": 747.8, "building_form_group": "low_floor_high_density", "dong_name": "장안2동", "top1_feature": "built_surface_ratio", "top1_shap": 0.5484, "top2_feature": "impervious_ratio", "top2_shap": 0.469, "top3_feature": "building_ratio", "top3_shap": 0.3654, "priority_score": 51.1588, "priority_rank": 131 }, "geometry": { "type": "Polygon", "coordinates": [ [ [ 127.069654309920693, 37.575594008140456 ], [ 127.069641341630032, 37.577847331739335 ], [ 127.072472576124667, 37.577857619570544 ], [ 127.072485459106133, 37.575604295139797 ], [ 127.069654309920693, 37.575594008140456 ] ] ] } },
{ "type": "Feature", "properties": { "display_grid_id": "11230_00108", "gu_code": 11230, "gu_name": "동대문구", "source_cell_count": 15, "area_m2": 62500.0, "mean_actual_lst": 40.4391, "mean_actual_anomaly": 0.217, "seoul_anomaly": 2.5629, "pred_anomaly": 2.3385, "pred_anomaly_std": 0.8116, "green_delta_c": -0.2279, "building_ratio": 0.2838, "green_ratio": 0.2747, "ndvi": 0.1257, "impervious_ratio": 0.3032, "built_surface_ratio": 0.3032, "avg_ground_floor_count": 8.1582, "elevation_m": 18.5886, "albedo": 0.1001, "nearest_park_distance_m": 47.8712, "park_area_within_500m": 103865.356, "nearest_stream_distance_m": 338.104, "est_population_density": 34412.8, "dong_elderly_ratio": 0.1981, "dong_avg_age": 42.8, "dong_pop_density": 31951.7, "nearest_shelter_distance_m": 97.1704, "shelter_count_within_500m": 4.56, "est_population": 2150.8, "est_elderly": 426.1, "shelter_capacity_within_500m": 358.8, "building_form_group": "high_floor_high_density", "dong_name": "장안2동", "top1_feature": "built_surface_ratio", "top1_shap": 0.5069, "top2_feature": "ndvi", "top2_shap": 0.4006, "top3_feature": "building_ratio", "top3_shap": 0.2354, "priority_score": 49.8723, "priority_rank": 143 }, "geometry": { "type": "Polygon", "coordinates": [ [ [ 127.072485459106133, 37.575604295139797 ], [ 127.072472576124667, 37.577857619570544 ], [ 127.075303812054273, 37.57786783950062 ], [ 127.075316609726414, 37.575614514243497 ], [ 127.072485459106133, 37.575604295139797 ] ] ] } },
{ "type": "Feature", "properties": { "display_grid_id": "11230_00109", "gu_code": 11230, "gu_name": "동대문구", "source_cell_count": 8, "area_m2": 32892.75, "mean_actual_lst": 39.4084, "mean_actual_anomaly": -0.6447, "seoul_anomaly": 1.7012, "pred_anomaly": 0.8986, "pred_anomaly_std": 0.8222, "green_delta_c": -0.3999, "building_ratio": 0.1417, "green_ratio": 0.3194, "ndvi": 0.2342, "impervious_ratio": 0.3793, "built_surface_ratio": 0.3793, "avg_ground_floor_count": 8.1077, "elevation_m": 17.4167, "albedo": 0.1095, "nearest_park_distance_m": 29.4197, "park_area_within_500m": 100199.4443, "nearest_stream_distance_m": 143.8356, "est_population_density": 25254.8013, "dong_elderly_ratio": 0.1981, "dong_avg_age": 42.8, "dong_pop_density": 31951.7, "nearest_shelter_distance_m": 207.7099, "shelter_count_within_500m": 5.0005, "est_population": 830.7, "est_elderly": 164.6, "shelter_capacity_within_500m": 298.5, "building_form_group": "high_floor_low_density", "dong_name": "장안2동", "top1_feature": "impervious_ratio", "top1_shap": 0.5773, "top2_feature": "built_surface_ratio", "top2_shap": 0.509, "top3_feature": "avg_ground_floor_count", "top3_shap": -0.264, "priority_score": 47.4818, "priority_rank": 171 }, "geometry": { "type": "Polygon", "coordinates": [ [ [ 127.075316609726414, 37.575614514243497 ], [ 127.075303812054273, 37.57786783950062 ], [ 127.076649637141173, 37.577872673722304 ], [ 127.076680899999985, 37.57763962 ], [ 127.07668424, 37.57761624 ], [ 127.07668688, 37.5775971 ], [ 127.07669125, 37.57756667 ], [ 127.076696360000014, 37.57753093 ], [ 127.07677204, 37.57696664 ], [ 127.076948499634298, 37.5756203737389 ], [ 127.075316609726414, 37.575614514243497 ] ] ] } },
{ "type": "Feature", "properties": { "display_grid_id": "11230_00110", "gu_code": 11230, "gu_name": "동대문구", "source_cell_count": 6, "area_m2": 12041.6, "mean_actual_lst": 41.505, "mean_actual_anomaly": 2.3782, "seoul_anomaly": 4.7242, "pred_anomaly": 2.579, "pred_anomaly_std": 0.9016, "green_delta_c": -0.7883, "building_ratio": 0.0867, "green_ratio": 0.2653, "ndvi": 0.2079, "impervious_ratio": 0.4788, "built_surface_ratio": 0.4788, "avg_ground_floor_count": 3.4984, "elevation_m": 27.821, "albedo": 0.1181, "nearest_park_distance_m": 252.7653, "park_area_within_500m": 112938.2027, "nearest_stream_distance_m": 126.9467, "est_population_density": 5497.3717, "dong_elderly_ratio": 0.1843, "dong_avg_age": 43.3, "dong_pop_density": 21714.4, "nearest_shelter_distance_m": 150.813, "shelter_count_within_500m": 9.3079, "est_population": 66.2, "est_elderly": 12.1, "shelter_capacity_within_500m": 1210.2, "building_form_group": "low_floor_low_density", "dong_name": "용신동", "top1_feature": "built_surface_ratio", "top1_shap": 0.7114, "top2_feature": "impervious_ratio", "top2_shap": 0.6908, "top3_feature": "green_ratio", "top3_shap": 0.2266, "priority_score": 58.8139, "priority_rank": 68 }, "geometry": { "type": "Polygon", "coordinates": [ [ [ 127.024341792625378, 37.5776734919734 ], [ 127.023149915665911, 37.57766868336136 ], [ 127.02314863, 37.57770183 ], [ 127.02314161, 37.57788568 ], [ 127.023141100000018, 37.57790624 ], [ 127.02314074, 37.5779237 ], [ 127.02313847, 37.57802111 ], [ 127.023143070000017, 37.57803885 ], [ 127.0231521, 37.57804786 ], [ 127.023181650000012, 37.57807376 ], [ 127.023198809999982, 37.57808867 ], [ 127.02322145, 37.57810838 ], [ 127.023228410000016, 37.57812376 ], [ 127.02326729, 37.57820073 ], [ 127.02326767000001, 37.57825399 ], [ 127.02326859, 37.57838205 ], [ 127.0233038, 37.57842765 ], [ 127.023313359999989, 37.57843385 ], [ 127.023325570000011, 37.57844229 ], [ 127.02333013, 37.57844531 ], [ 127.02333494, 37.57844849 ], [ 127.02334184, 37.57845327 ], [ 127.02334998, 37.57845862 ], [ 127.02335457, 37.57846171 ], [ 127.02353351, 37.57858427 ], [ 127.023705939999985, 37.57870238000001 ], [ 127.02379281, 37.5787629 ], [ 127.02383156, 37.57878964 ], [ 127.023851550000018, 37.57880371000001 ], [ 127.023863049999989, 37.57881159 ], [ 127.02386836, 37.57881554 ], [ 127.02387314, 37.57881869 ], [ 127.02388251, 37.57882539 ], [ 127.02390541, 37.57884123 ], [ 127.02409801, 37.57897514 ], [ 127.02418296, 37.57903447 ], [ 127.024332480654422, 37.57913728228413 ], [ 127.024341792625378, 37.5776734919734 ] ] ] } },
{ "type": "Feature", "properties": { "display_grid_id": "11230_00111", "gu_code": 11230, "gu_name": "동대문구", "source_cell_count": 11, "area_m2": 57820.48, "mean_actual_lst": 40.3457, "mean_actual_anomaly": 1.0036, "seoul_anomaly": 3.3496, "pred_anomaly": 2.9739, "pred_anomaly_std": 0.7979, "green_delta_c": -0.2389, "building_ratio": 0.2884, "green_ratio": 0.2128, "ndvi": 0.1681, "impervious_ratio": 0.543, "built_surface_ratio": 0.543, "avg_ground_floor_count": 4.8514, "elevation_m": 26.9513, "albedo": 0.1182, "nearest_park_distance_m": 253.1487, "park_area_within_500m": 76778.958, "nearest_stream_distance_m": 63.2847, "est_population_density": 21136.1051, "dong_elderly_ratio": 0.1843, "dong_avg_age": 43.3, "dong_pop_density": 21714.4, "nearest_shelter_distance_m": 189.5281, "shelter_count_within_500m": 7.7408, "est_population": 1222.1, "est_elderly": 225.2, "shelter_capacity_within_500m": 1866.3, "building_form_group": "low_floor_high_density", "dong_name": "용신동", "top1_feature": "built_surface_ratio", "top1_shap": 0.6923, "top2_feature": "impervious_ratio", "top2_shap": 0.6659, "top3_feature": "ndvi", "top3_shap": 0.0173, "priority_score": 58.0383, "priority_rank": 78 }, "geometry": { "type": "Polygon", "coordinates": [ [ [ 127.027158753374223, 37.579938175803179 ], [ 127.027173002868253, 37.57768486620796 ], [ 127.024341792625378, 37.5776734919734 ], [ 127.024332480654422, 37.57913728228413 ], [ 127.024406560000017, 37.57918822 ], [ 127.02442655, 37.57919215 ], [ 127.024510419999984, 37.57924957 ], [ 127.02451560999998, 37.57925305 ], [ 127.02497608, 37.57956145 ], [ 127.02516663, 37.57968812 ], [ 127.02522823, 37.57972989 ], [ 127.025525655196731, 37.579931622875058 ], [ 127.027158753374223, 37.579938175803179 ] ] ] } },
{ "type": "Feature", "properties": { "display_grid_id": "11230_00112", "gu_code": 11230, "gu_name": "동대문구", "source_cell_count": 12, "area_m2": 62500.0, "mean_actual_lst": 40.5888, "mean_actual_anomaly": 0.8434, "seoul_anomaly": 3.1893, "pred_anomaly": 2.4247, "pred_anomaly_std": 0.789, "green_delta_c": -0.0825, "building_ratio": 0.3103, "green_ratio": 0.2088, "ndvi": 0.1376, "impervious_ratio": 0.5032, "built_surface_ratio": 0.5032, "avg_ground_floor_count": 8.4474, "elevation_m": 25.5162, "albedo": 0.1135, "nearest_park_distance_m": 300.9368, "park_area_within_500m": 39239.5796, "nearest_stream_distance_m": 148.614, "est_population_density": 35204.8, "dong_elderly_ratio": 0.1843, "dong_avg_age": 43.3, "dong_pop_density": 21714.4, "nearest_shelter_distance_m": 318.9572, "shelter_count_within_500m": 3.36, "est_population": 2200.3, "est_elderly": 405.5, "shelter_capacity_within_500m": 228.7, "building_form_group": "low_floor_high_density", "dong_name": "용신동", "top1_feature": "built_surface_ratio", "top1_shap": 0.625, "top2_feature": "impervious_ratio", "top2_shap": 0.6105, "top3_feature": "building_ratio", "top3_shap": 0.2994, "priority_score": 63.011, "priority_rank": 42 }, "geometry": { "type": "Polygon", "coordinates": [ [ [ 127.027173002868253, 37.57768486620796 ], [ 127.027158753374223, 37.579938175803179 ], [ 127.029990050520084, 37.57994948305263 ], [ 127.030004214698124, 37.577696172543149 ], [ 127.027173002868253, 37.57768486620796 ] ] ] } },
{ "type": "Feature", "properties": { "display_grid_id": "11230_00113", "gu_code": 11230, "gu_name": "동대문구", "source_cell_count": 12, "area_m2": 62500.0, "mean_actual_lst": 39.685, "mean_actual_anomaly": -0.0659, "seoul_anomaly": 2.28, "pred_anomaly": 2.2075, "pred_anomaly_std": 0.8024, "green_delta_c": -0.0791, "building_ratio": 0.2659, "green_ratio": 0.2134, "ndvi": 0.1391, "impervious_ratio": 0.4838, "built_surface_ratio": 0.4838, "avg_ground_floor_count": 9.6852, "elevation_m": 26.7007, "albedo": 0.1004, "nearest_park_distance_m": 448.298, "park_area_within_500m": 5656.106, "nearest_stream_distance_m": 249.154, "est_population_density": 30908.8, "dong_elderly_ratio": 0.1923, "dong_avg_age": 43.572, "dong_pop_density": 21716.368, "nearest_shelter_distance_m": 410.6908, "shelter_count_within_500m": 2.68, "est_population": 1931.8, "est_elderly": 364.7, "shelter_capacity_within_500m": 332.5, "building_form_group": "high_floor_low_density", "dong_name": "용신동", "top1_feature": "built_surface_ratio", "top1_shap": 0.6172, "top2_feature": "impervious_ratio", "top2_shap": 0.6038, "top3_feature": "avg_ground_floor_count", "top3_shap": -0.2427, "priority_score": 55.2828, "priority_rank": 102 }, "geometry": { "type": "Polygon", "coordinates": [ [ [ 127.030004214698124, 37.577696172543149 ], [ 127.029990050520084, 37.57994948305263 ], [ 127.032821349243648, 37.579960722397139 ], [ 127.032835428105514, 37.577707410978874 ], [ 127.030004214698124, 37.577696172543149 ] ] ] } },
{ "type": "Feature", "properties": { "display_grid_id": "11230_00114", "gu_code": 11230, "gu_name": "동대문구", "source_cell_count": 13, "area_m2": 62500.0, "mean_actual_lst": 40.3616, "mean_actual_anomaly": 0.6262, "seoul_anomaly": 2.9721, "pred_anomaly": 2.6297, "pred_anomaly_std": 0.8325, "green_delta_c": -0.1599, "building_ratio": 0.2697, "green_ratio": 0.2146, "ndvi": 0.1051, "impervious_ratio": 0.4549, "built_surface_ratio": 0.4549, "avg_ground_floor_count": 7.7666, "elevation_m": 25.7892, "albedo": 0.106, "nearest_park_distance_m": 414.7276, "park_area_within_500m": 6046.8772, "nearest_stream_distance_m": 61.4092, "est_population_density": 17888.0, "dong_elderly_ratio": 0.2243, "dong_avg_age": 44.66, "dong_pop_density": 21724.24, "nearest_shelter_distance_m": 321.6116, "shelter_count_within_500m": 3.32, "est_population": 1118.0, "est_elderly": 248.6, "shelter_capacity_within_500m": 452.0, "building_form_group": "high_floor_high_density", "dong_name": "제기동", "top1_feature": "built_surface_ratio", "top1_shap": 0.6116, "top2_feature": "impervious_ratio", "top2_shap": 0.6082, "top3_feature": "ndvi", "top3_shap": 0.4293, "priority_score": 55.2919, "priority_rank": 101 }, "geometry": { "type": "Polygon", "coordinates": [ [ [ 127.032835428105514, 37.577707410978874 ], [ 127.032821349243648, 37.579960722397139 ], [ 127.035652649535365, 37.579971893836564 ], [ 127.035666643080873, 37.577718581515008 ], [ 127.032835428105514, 37.577707410978874 ] ] ] } },
{ "type": "Feature", "properties": { "display_grid_id": "11230_00115", "gu_code": 11230, "gu_name": "동대문구", "source_cell_count": 11, "area_m2": 62500.0, "mean_actual_lst": 42.8349, "mean_actual_anomaly": 3.047, "seoul_anomaly": 5.393, "pred_anomaly": 3.3168, "pred_anomaly_std": 0.6897, "green_delta_c": -0.2323, "building_ratio": 0.3815, "green_ratio": 0.2058, "ndvi": 0.1092, "impervious_ratio": 0.5557, "built_surface_ratio": 0.5557, "avg_ground_floor_count": 5.591, "elevation_m": 22.3279, "albedo": 0.1156, "nearest_park_distance_m": 187.98, "park_area_within_500m": 28890.708, "nearest_stream_distance_m": 206.3296, "est_population_density": 24295.2, "dong_elderly_ratio": 0.2243, "dong_avg_age": 44.66, "dong_pop_density": 21724.24, "nearest_shelter_distance_m": 286.882, "shelter_count_within_500m": 4.48, "est_population": 1518.4, "est_elderly": 342.9, "shelter_capacity_within_500m": 448.7, "building_form_group": "high_floor_high_density", "dong_name": "제기동", "top1_feature": "built_surface_ratio", "top1_shap": 0.6449, "top2_feature": "impervious_ratio", "top2_shap": 0.6316, "top3_feature": "building_ratio", "top3_shap": 0.45, "priority_score": 77.9653, "priority_rank": 4 }, "geometry": { "type": "Polygon", "coordinates": [ [ [ 127.035666643080873, 37.577718581515008 ], [ 127.035652649535365, 37.579971893836564 ], [ 127.038483951385771, 37.579982997370792 ], [ 127.038497859614722, 37.577729684151443 ], [ 127.035666643080873, 37.577718581515008 ] ] ] } },
{ "type": "Feature", "properties": { "display_grid_id": "11230_00116", "gu_code": 11230, "gu_name": "동대문구", "source_cell_count": 12, "area_m2": 62500.0, "mean_actual_lst": 44.532, "mean_actual_anomaly": 4.6507, "seoul_anomaly": 6.9967, "pred_anomaly": 4.3473, "pred_anomaly_std": 0.8393, "green_delta_c": -0.3617, "building_ratio": 0.3937, "green_ratio": 0.181, "ndvi": 0.1193, "impervious_ratio": 0.6449, "built_surface_ratio": 0.6449, "avg_ground_floor_count": 2.8031, "elevation_m": 21.2621, "albedo": 0.1428, "nearest_park_distance_m": 64.6688, "park_area_within_500m": 59665.752, "nearest_stream_distance_m": 443.8864, "est_population_density": 11793.6, "dong_elderly_ratio": 0.2163, "dong_avg_age": 44.388, "dong_pop_density": 21722.272, "nearest_shelter_distance_m": 369.8388, "shelter_count_within_500m": 4.32, "est_population": 737.1, "est_elderly": 167.8, "shelter_capacity_within_500m": 368.8, "building_form_group": "low_floor_high_density", "dong_name": "제기동", "top1_feature": "built_surface_ratio", "top1_shap": 0.8174, "top2_feature": "impervious_ratio", "top2_shap": 0.7583, "top3_feature": "building_ratio", "top3_shap": 0.462, "priority_score": 78.1752, "priority_rank": 3 }, "geometry": { "type": "Polygon", "coordinates": [ [ [ 127.038497859614722, 37.577729684151443 ], [ 127.038483951385771, 37.579982997370792 ], [ 127.041315254785346, 37.579994032999707 ], [ 127.041329077697569, 37.577740718888059 ], [ 127.038497859614722, 37.577729684151443 ] ] ] } },
{ "type": "Feature", "properties": { "display_grid_id": "11230_00117", "gu_code": 11230, "gu_name": "동대문구", "source_cell_count": 10, "area_m2": 62500.0, "mean_actual_lst": 39.3516, "mean_actual_anomaly": -0.518, "seoul_anomaly": 1.8279, "pred_anomaly": 1.4197, "pred_anomaly_std": 0.7832, "green_delta_c": -0.0035, "building_ratio": 0.336, "green_ratio": 0.2133, "ndvi": 0.0681, "impervious_ratio": 0.4284, "built_surface_ratio": 0.4284, "avg_ground_floor_count": 19.3931, "elevation_m": 21.3514, "albedo": 0.0849, "nearest_park_distance_m": 27.668, "park_area_within_500m": 134928.002, "nearest_stream_distance_m": 680.4656, "est_population_density": 19773.6, "dong_elderly_ratio": 0.2047, "dong_avg_age": 43.944, "dong_pop_density": 22542.096, "nearest_shelter_distance_m": 371.4192, "shelter_count_within_500m": 4.12, "est_population": 1235.8, "est_elderly": 249.5, "shelter_capacity_within_500m": 507.0, "building_form_group": "high_floor_high_density", "dong_name": "용신동", "top1_feature": "avg_ground_floor_count", "top1_shap": -0.6364, "top2_feature": "built_surface_ratio", "top2_shap": 0.5021, "top3_feature": "building_ratio", "top3_shap": 0.3739, "priority_score": 43.8048, "priority_rank": 193 }, "geometry": { "type": "Polygon", "coordinates": [ [ [ 127.041329077697569, 37.577740718888059 ], [ 127.041315254785346, 37.579994032999707 ], [ 127.044146559724595, 37.580005000723204 ], [ 127.044160297319905, 37.577751685724735 ], [ 127.041329077697569, 37.577740718888059 ] ] ] } },
{ "type": "Feature", "properties": { "display_grid_id": "11230_00118", "gu_code": 11230, "gu_name": "동대문구", "source_cell_count": 12, "area_m2": 62500.0, "mean_actual_lst": 38.9111, "mean_actual_anomaly": -0.8207, "seoul_anomaly": 1.5252, "pred_anomaly": 0.9678, "pred_anomaly_std": 0.8015, "green_delta_c": -0.0542, "building_ratio": 0.2042, "green_ratio": 0.2117, "ndvi": 0.1036, "impervious_ratio": 0.5218, "built_surface_ratio": 0.5218, "avg_ground_floor_count": 30.588, "elevation_m": 22.0324, "albedo": 0.1163, "nearest_park_distance_m": 15.8896, "park_area_within_500m": 166707.6124, "nearest_stream_distance_m": 821.3856, "est_population_density": 30569.6, "dong_elderly_ratio": 0.2063, "dong_avg_age": 43.8, "dong_pop_density": 25833.2, "nearest_shelter_distance_m": 229.016, "shelter_count_within_500m": 5.32, "est_population": 1910.6, "est_elderly": 394.2, "shelter_capacity_within_500m": 720.0, "building_form_group": "high_floor_low_density", "dong_name": "전농1동", "top1_feature": "avg_ground_floor_count", "top1_shap": -0.8653, "top2_feature": "built_surface_ratio", "top2_shap": 0.5688, "top3_feature": "impervious_ratio", "top3_shap": 0.4635, "priority_score": 48.7956, "priority_rank": 154 }, "geometry": { "type": "Polygon", "coordinates": [ [ [ 127.044160297319905, 37.577751685724735 ], [ 127.044146559724595, 37.580005000723204 ], [ 127.046977866194013, 37.58001590054117 ], [ 127.046991518472211, 37.577762584661372 ], [ 127.044160297319905, 37.577751685724735 ] ] ] } },
{ "type": "Feature", "properties": { "display_grid_id": "11230_00119", "gu_code": 11230, "gu_name": "동대문구", "source_cell_count": 10, "area_m2": 62500.0, "mean_actual_lst": 41.8105, "mean_actual_anomaly": 2.1682, "seoul_anomaly": 4.5141, "pred_anomaly": 2.6928, "pred_anomaly_std": 0.6995, "green_delta_c": -0.3405, "building_ratio": 0.2455, "green_ratio": 0.2245, "ndvi": 0.1182, "impervious_ratio": 0.4952, "built_surface_ratio": 0.4952, "avg_ground_floor_count": 6.8105, "elevation_m": 26.18, "albedo": 0.1257, "nearest_park_distance_m": 71.0908, "park_area_within_500m": 176373.5968, "nearest_stream_distance_m": 938.5164, "est_population_density": 23866.0, "dong_elderly_ratio": 0.2063, "dong_avg_age": 43.8, "dong_pop_density": 25833.2, "nearest_shelter_distance_m": 124.112, "shelter_count_within_500m": 6.08, "est_population": 1491.6, "est_elderly": 307.7, "shelter_capacity_within_500m": 887.2, "building_form_group": "high_floor_low_density", "dong_name": "전농1동", "top1_feature": "built_surface_ratio", "top1_shap": 0.6126, "top2_feature": "impervious_ratio", "top2_shap": 0.503, "top3_feature": "ndvi", "top3_shap": 0.4456, "priority_score": 69.1788, "priority_rank": 15 }, "geometry": { "type": "Polygon", "coordinates": [ [ [ 127.046991518472211, 37.577762584661372 ], [ 127.046977866194013, 37.58001590054117 ], [ 127.049809174184062, 37.580026732453483 ], [ 127.049822741145007, 37.577773415697841 ], [ 127.046991518472211, 37.577762584661372 ] ] ] } },
{ "type": "Feature", "properties": { "display_grid_id": "11230_00120", "gu_code": 11230, "gu_name": "동대문구", "source_cell_count": 10, "area_m2": 62500.0, "mean_actual_lst": 41.2586, "mean_actual_anomaly": 1.4582, "seoul_anomaly": 3.8042, "pred_anomaly": 3.5066, "pred_anomaly_std": 0.7261, "green_delta_c": -0.2405, "building_ratio": 0.3863, "green_ratio": 0.2293, "ndvi": 0.1119, "impervious_ratio": 0.4056, "built_surface_ratio": 0.4056, "avg_ground_floor_count": 2.7457, "elevation_m": 31.9621, "albedo": 0.1089, "nearest_park_distance_m": 123.2596, "park_area_within_500m": 203459.504, "nearest_stream_distance_m": 1058.5596, "est_population_density": 17690.0, "dong_elderly_ratio": 0.2063, "dong_avg_age": 43.8, "dong_pop_density": 25833.2, "nearest_shelter_distance_m": 84.4024, "shelter_count_within_500m": 6.16, "est_population": 1105.6, "est_elderly": 228.1, "shelter_capacity_within_500m": 881.2, "building_form_group": "low_floor_high_density", "dong_name": "전농1동", "top1_feature": "built_surface_ratio", "top1_shap": 0.5897, "top2_feature": "building_ratio", "top2_shap": 0.4778, "top3_feature": "ndvi", "top3_shap": 0.3555, "priority_score": 50.6569, "priority_rank": 135 }, "geometry": { "type": "Polygon", "coordinates": [ [ [ 127.049822741145007, 37.577773415697841 ], [ 127.049809174184062, 37.580026732453483 ], [ 127.052640483685281, 37.580037496460022 ], [ 127.052653965328801, 37.577784178834044 ], [ 127.049822741145007, 37.577773415697841 ] ] ] } },
{ "type": "Feature", "properties": { "display_grid_id": "11230_00121", "gu_code": 11230, "gu_name": "동대문구", "source_cell_count": 14, "area_m2": 62500.0, "mean_actual_lst": 41.0755, "mean_actual_anomaly": 1.1476, "seoul_anomaly": 3.4935, "pred_anomaly": 3.2181, "pred_anomaly_std": 0.6909, "green_delta_c": -0.1823, "building_ratio": 0.3971, "green_ratio": 0.2249, "ndvi": 0.1271, "impervious_ratio": 0.4771, "built_surface_ratio": 0.4771, "avg_ground_floor_count": 4.1794, "elevation_m": 30.6148, "albedo": 0.1087, "nearest_park_distance_m": 10.4808, "park_area_within_500m": 214988.7036, "nearest_stream_distance_m": 1132.6064, "est_population_density": 23227.6, "dong_elderly_ratio": 0.2063, "dong_avg_age": 43.8, "dong_pop_density": 25833.2, "nearest_shelter_distance_m": 153.5544, "shelter_count_within_500m": 6.04, "est_population": 1451.7, "est_elderly": 299.5, "shelter_capacity_within_500m": 821.5, "building_form_group": "low_floor_high_density", "dong_name": "전농1동", "top1_feature": "built_surface_ratio", "top1_shap": 0.6061, "top2_feature": "building_ratio", "top2_shap": 0.5762, "top3_feature": "impervious_ratio", "top3_shap": 0.4092, "priority_score": 57.1989, "priority_rank": 87 }, "geometry": { "type": "Polygon", "coordinates": [ [ [ 127.052653965328801, 37.577784178834044 ], [ 127.052640483685281, 37.580037496460022 ], [ 127.055471794688188, 37.580048192560696 ], [ 127.055485191014057, 37.577794874069866 ], [ 127.052653965328801, 37.577784178834044 ] ] ] } },
{ "type": "Feature", "properties": { "display_grid_id": "11230_00122", "gu_code": 11230, "gu_name": "동대문구", "source_cell_count": 12, "area_m2": 62500.0, "mean_actual_lst": 42.5689, "mean_actual_anomaly": 2.5067, "seoul_anomaly": 4.8526, "pred_anomaly": 3.8612, "pred_anomaly_std": 0.7573, "green_delta_c": -0.3982, "building_ratio": 0.4153, "green_ratio": 0.1968, "ndvi": 0.1213, "impervious_ratio": 0.578, "built_surface_ratio": 0.578, "avg_ground_floor_count": 2.2027, "elevation_m": 25.763, "albedo": 0.1243, "nearest_park_distance_m": 7.0368, "park_area_within_500m": 197846.8884, "nearest_stream_distance_m": 1212.5376, "est_population_density": 11628.4, "dong_elderly_ratio": 0.2102, "dong_avg_age": 43.912, "dong_pop_density": 22292.32, "nearest_shelter_distance_m": 235.576, "shelter_count_within_500m": 7.24, "est_population": 726.8, "est_elderly": 152.7, "shelter_capacity_within_500m": 1015.0, "building_form_group": "low_floor_high_density", "dong_name": "전농2동", "top1_feature": "built_surface_ratio", "top1_shap": 0.7299, "top2_feature": "impervious_ratio", "top2_shap": 0.6952, "top3_feature": "building_ratio", "top3_shap": 0.5787, "priority_score": 71.8796, "priority_rank": 11 }, "geometry": { "type": "Polygon", "coordinates": [ [ [ 127.055485191014057, 37.577794874069866 ], [ 127.055471794688188, 37.580048192560696 ], [ 127.058303107183235, 37.580058820755383 ], [ 127.058316418191311, 37.577805501405187 ], [ 127.055485191014057, 37.577794874069866 ] ] ] } },
{ "type": "Feature", "properties": { "display_grid_id": "11230_00123", "gu_code": 11230, "gu_name": "동대문구", "source_cell_count": 12, "area_m2": 62500.0, "mean_actual_lst": 40.3053, "mean_actual_anomaly": 0.3415, "seoul_anomaly": 2.6874, "pred_anomaly": 2.434, "pred_anomaly_std": 0.7908, "green_delta_c": -0.3359, "building_ratio": 0.3003, "green_ratio": 0.1849, "ndvi": 0.165, "impervious_ratio": 0.6304, "built_surface_ratio": 0.6304, "avg_ground_floor_count": 5.9645, "elevation_m": 31.765, "albedo": 0.1099, "nearest_park_distance_m": 62.3732, "park_area_within_500m": 149329.4516, "nearest_stream_distance_m": 1286.2284, "est_population_density": 23858.4, "dong_elderly_ratio": 0.2132, "dong_avg_age": 44.0, "dong_pop_density": 19510.2, "nearest_shelter_distance_m": 123.2748, "shelter_count_within_500m": 7.08, "est_population": 1491.1, "est_elderly": 317.9, "shelter_capacity_within_500m": 1182.2, "building_form_group": "high_floor_low_density", "dong_name": "전농2동", "top1_feature": "built_surface_ratio", "top1_shap": 0.7445, "top2_feature": "impervious_ratio", "top2_shap": 0.6926, "top3_feature": "building_ratio", "top3_shap": 0.2233, "priority_score": 62.5274, "priority_rank": 43 }, "geometry": { "type": "Polygon", "coordinates": [ [ [ 127.058316418191311, 37.577805501405187 ], [ 127.058303107183235, 37.580058820755383 ], [ 127.061134421160929, 37.580069381043977 ], [ 127.061147646851026, 37.577816060839901 ], [ 127.058316418191311, 37.577805501405187 ] ] ] } },
{ "type": "Feature", "properties": { "display_grid_id": "11230_00124", "gu_code": 11230, "gu_name": "동대문구", "source_cell_count": 14, "area_m2": 62500.0, "mean_actual_lst": 37.3582, "mean_actual_anomaly": -2.8012, "seoul_anomaly": -0.4553, "pred_anomaly": -0.332, "pred_anomaly_std": 0.8304, "green_delta_c": -0.3913, "building_ratio": 0.1144, "green_ratio": 0.3835, "ndvi": 0.3481, "impervious_ratio": 0.4582, "built_surface_ratio": 0.4582, "avg_ground_floor_count": 3.7984, "elevation_m": 49.8499, "albedo": 0.1196, "nearest_park_distance_m": 231.33, "park_area_within_500m": 51235.5852, "nearest_stream_distance_m": 1179.306, "est_population_density": 10720.8, "dong_elderly_ratio": 0.2132, "dong_avg_age": 44.0, "dong_pop_density": 19510.2, "nearest_shelter_distance_m": 98.9292, "shelter_count_within_500m": 7.16, "est_population": 670.1, "est_elderly": 142.9, "shelter_capacity_within_500m": 1266.3, "building_form_group": "low_floor_low_density", "dong_name": "전농2동", "top1_feature": "built_surface_ratio", "top1_shap": 0.2864, "top2_feature": "impervious_ratio", "top2_shap": 0.3257, "top3_feature": "ndvi", "top3_shap": -0.5452, "priority_score": 31.4051, "priority_rank": 254 }, "geometry": { "type": "Polygon", "coordinates": [ [ [ 127.061147646851026, 37.577816060839901 ], [ 127.061134421160929, 37.580069381043977 ], [ 127.063965736611792, 37.580079873426357 ], [ 127.063978876983725, 37.577826552373914 ], [ 127.061147646851026, 37.577816060839901 ] ] ] } },
{ "type": "Feature", "properties": { "display_grid_id": "11230_00125", "gu_code": 11230, "gu_name": "동대문구", "source_cell_count": 14, "area_m2": 62500.0, "mean_actual_lst": 37.4474, "mean_actual_anomaly": -2.7798, "seoul_anomaly": -0.4339, "pred_anomaly": -0.6675, "pred_anomaly_std": 0.8392, "green_delta_c": -0.4977, "building_ratio": 0.1118, "green_ratio": 0.4577, "ndvi": 0.3402, "impervious_ratio": 0.2893, "built_surface_ratio": 0.2893, "avg_ground_floor_count": 5.594, "elevation_m": 39.3147, "albedo": 0.1389, "nearest_park_distance_m": 315.2032, "park_area_within_500m": 28611.6508, "nearest_stream_distance_m": 965.4252, "est_population_density": 14957.6, "dong_elderly_ratio": 0.2132, "dong_avg_age": 44.0, "dong_pop_density": 19510.2, "nearest_shelter_distance_m": 98.7168, "shelter_count_within_500m": 7.16, "est_population": 934.8, "est_elderly": 199.3, "shelter_capacity_within_500m": 1235.2, "building_form_group": "high_floor_low_density", "dong_name": "전농2동", "top1_feature": "green_ratio", "top1_shap": -0.5656, "top2_feature": "built_surface_ratio", "top2_shap": 0.0574, "top3_feature": "impervious_ratio", "top3_shap": 0.0831, "priority_score": 34.5255, "priority_rank": 241 }, "geometry": { "type": "Polygon", "coordinates": [ [ [ 127.063978876983725, 37.577826552373914 ], [ 127.063965736611792, 37.580079873426357 ], [ 127.066797053526287, 37.580090297902437 ], [ 127.066810108579901, 37.577836976007092 ], [ 127.063978876983725, 37.577826552373914 ] ] ] } },
{ "type": "Feature", "properties": { "display_grid_id": "11230_00126", "gu_code": 11230, "gu_name": "동대문구", "source_cell_count": 11, "area_m2": 62500.0, "mean_actual_lst": 41.5171, "mean_actual_anomaly": 1.0543, "seoul_anomaly": 3.4003, "pred_anomaly": 3.4059, "pred_anomaly_std": 0.6341, "green_delta_c": -0.2439, "building_ratio": 0.3475, "green_ratio": 0.2214, "ndvi": 0.1045, "impervious_ratio": 0.5067, "built_surface_ratio": 0.5067, "avg_ground_floor_count": 3.74, "elevation_m": 20.3911, "albedo": 0.1228, "nearest_park_distance_m": 130.7496, "park_area_within_500m": 58666.1532, "nearest_stream_distance_m": 761.6444, "est_population_density": 21355.2, "dong_elderly_ratio": 0.2011, "dong_avg_age": 43.04, "dong_pop_density": 29463.4, "nearest_shelter_distance_m": 178.208, "shelter_count_within_500m": 6.28, "est_population": 1334.7, "est_elderly": 267.1, "shelter_capacity_within_500m": 911.7, "building_form_group": "low_floor_high_density", "dong_name": "장안2동", "top1_feature": "built_surface_ratio", "top1_shap": 0.6162, "top2_feature": "impervious_ratio", "top2_shap": 0.5606, "top3_feature": "ndvi", "top3_shap": 0.463, "priority_score": 59.8723, "priority_rank": 61 }, "geometry": { "type": "Polygon", "coordinates": [ [ [ 127.066810108579901, 37.577836976007092 ], [ 127.066797053526287, 37.580090297902437 ], [ 127.069628371894922, 37.580100654472091 ], [ 127.069641341630032, 37.577847331739335 ], [ 127.066810108579901, 37.577836976007092 ] ] ] } },
{ "type": "Feature", "properties": { "display_grid_id": "11230_00127", "gu_code": 11230, "gu_name": "동대문구", "source_cell_count": 11, "area_m2": 62500.0, "mean_actual_lst": 41.3683, "mean_actual_anomaly": 1.2388, "seoul_anomaly": 3.5848, "pred_anomaly": 2.8462, "pred_anomaly_std": 0.6847, "green_delta_c": -0.241, "building_ratio": 0.3118, "green_ratio": 0.2539, "ndvi": 0.1272, "impervious_ratio": 0.3916, "built_surface_ratio": 0.3916, "avg_ground_floor_count": 4.7356, "elevation_m": 18.975, "albedo": 0.1179, "nearest_park_distance_m": 35.0608, "park_area_within_500m": 109432.2, "nearest_stream_distance_m": 532.128, "est_population_density": 23623.2, "dong_elderly_ratio": 0.1981, "dong_avg_age": 42.8, "dong_pop_density": 31951.7, "nearest_shelter_distance_m": 111.7672, "shelter_count_within_500m": 5.12, "est_population": 1476.4, "est_elderly": 292.4, "shelter_capacity_within_500m": 443.7, "building_form_group": "low_floor_high_density", "dong_name": "장안2동", "top1_feature": "built_surface_ratio", "top1_shap": 0.5689, "top2_feature": "impervious_ratio", "top2_shap": 0.4742, "top3_feature": "ndvi", "top3_shap": 0.3556, "priority_score": 54.2883, "priority_rank": 109 }, "geometry": { "type": "Polygon", "coordinates": [ [ [ 127.069641341630032, 37.577847331739335 ], [ 127.069628371894922, 37.580100654472091 ], [ 127.072459691708218, 37.580110943135224 ], [ 127.072472576124667, 37.577857619570544 ], [ 127.069641341630032, 37.577847331739335 ] ] ] } },
{ "type": "Feature", "properties": { "display_grid_id": "11230_00128", "gu_code": 11230, "gu_name": "동대문구", "source_cell_count": 11, "area_m2": 62500.0, "mean_actual_lst": 42.0089, "mean_actual_anomaly": 1.6048, "seoul_anomaly": 3.9507, "pred_anomaly": 3.2309, "pred_anomaly_std": 0.6898, "green_delta_c": -0.1976, "building_ratio": 0.2425, "green_ratio": 0.2234, "ndvi": 0.116, "impervious_ratio": 0.4306, "built_surface_ratio": 0.4306, "avg_ground_floor_count": 4.65, "elevation_m": 19.1522, "albedo": 0.1212, "nearest_park_distance_m": 29.26, "park_area_within_500m": 133638.4904, "nearest_stream_distance_m": 306.9904, "est_population_density": 18895.2, "dong_elderly_ratio": 0.1981, "dong_avg_age": 42.8, "dong_pop_density": 31951.7, "nearest_shelter_distance_m": 220.3728, "shelter_count_within_500m": 4.96, "est_population": 1180.9, "est_elderly": 233.8, "shelter_capacity_within_500m": 318.7, "building_form_group": "high_floor_low_density", "dong_name": "장안2동", "top1_feature": "built_surface_ratio", "top1_shap": 0.6323, "top2_feature": "impervious_ratio", "top2_shap": 0.5713, "top3_feature": "ndvi", "top3_shap": 0.5113, "priority_score": 59.9817, "priority_rank": 60 }, "geometry": { "type": "Polygon", "coordinates": [ [ [ 127.072472576124667, 37.577857619570544 ], [ 127.072459691708218, 37.580110943135224 ], [ 127.075291012956654, 37.580121163891711 ], [ 127.075303812054273, 37.57786783950062 ], [ 127.072472576124667, 37.577857619570544 ] ] ] } },
{ "type": "Feature", "properties": { "display_grid_id": "11230_00129", "gu_code": 11230, "gu_name": "동대문구", "source_cell_count": 8, "area_m2": 26298.17, "mean_actual_lst": 41.2551, "mean_actual_anomaly": 1.3155, "seoul_anomaly": 3.6614, "pred_anomaly": 3.063, "pred_anomaly_std": 0.7307, "green_delta_c": -0.3867, "building_ratio": 0.2487, "green_ratio": 0.2178, "ndvi": 0.1339, "impervious_ratio": 0.5348, "built_surface_ratio": 0.5348, "avg_ground_floor_count": 3.8882, "elevation_m": 18.1208, "albedo": 0.1272, "nearest_park_distance_m": 93.0473, "park_area_within_500m": 130855.5071, "nearest_stream_distance_m": 128.7871, "est_population_density": 17636.1988, "dong_elderly_ratio": 0.1981, "dong_avg_age": 42.8, "dong_pop_density": 31951.7, "nearest_shelter_distance_m": 275.3961, "shelter_count_within_500m": 5.1183, "est_population": 463.8, "est_elderly": 91.9, "shelter_capacity_within_500m": 215.5, "building_form_group": "high_floor_high_density", "dong_name": "장안2동", "top1_feature": "built_surface_ratio", "top1_shap": 0.6641, "top2_feature": "impervious_ratio", "top2_shap": 0.6607, "top3_feature": "ndvi", "top3_shap": 0.4652, "priority_score": 63.9051, "priority_rank": 35 }, "geometry": { "type": "Polygon", "coordinates": [ [ [ 127.075303812054273, 37.57786783950062 ], [ 127.075291012956654, 37.580121163891711 ], [ 127.07625147129626, 37.580124615613869 ], [ 127.07628232, 37.58004213 ], [ 127.076290790000016, 37.58001762 ], [ 127.07631512, 37.57994553 ], [ 127.07632940000002, 37.57990216 ], [ 127.07633733, 37.57987456 ], [ 127.07634033, 37.57986386 ], [ 127.076341920000019, 37.57985851 ], [ 127.07634421, 37.57985063 ], [ 127.07639056, 37.5796811 ], [ 127.076392500000011, 37.5796735 ], [ 127.0764013, 37.57963492 ], [ 127.0764036, 37.5796245 ], [ 127.07640571, 37.57961548 ], [ 127.07641082, 37.5795924 ], [ 127.076412059999981, 37.57958704 ], [ 127.07641962, 37.57955353 ], [ 127.07642051, 37.57954875 ], [ 127.07642912, 37.57950059 ], [ 127.07643563, 37.57946512 ], [ 127.07644337, 37.57942119 ], [ 127.07645551, 37.57935023 ], [ 127.07645656, 37.57934375 ], [ 127.0764641, 37.57928743 ], [ 127.07646603000002, 37.57927222 ], [ 127.07647008, 37.57924153 ], [ 127.07648008, 37.57916551000001 ], [ 127.07649676, 37.57903852 ], [ 127.076501669999985, 37.57899966 ], [ 127.07652799, 37.5787865 ], [ 127.07656978, 37.57846832 ], [ 127.07658663, 37.57834385 ], [ 127.076625250000021, 37.57805495 ], [ 127.07664562, 37.57790262 ], [ 127.076649637141173, 37.577872673722304 ], [ 127.075303812054273, 37.57786783950062 ] ] ] } },
{ "type": "Feature", "properties": { "display_grid_id": "11230_00130", "gu_code": 11230, "gu_name": "동대문구", "source_cell_count": 5, "area_m2": 8897.1, "mean_actual_lst": 40.1416, "mean_actual_anomaly": 0.4733, "seoul_anomaly": 2.8192, "pred_anomaly": 2.7151, "pred_anomaly_std": 0.8795, "green_delta_c": -0.2675, "building_ratio": 0.2494, "green_ratio": 0.2248, "ndvi": 0.1794, "impervious_ratio": 0.4678, "built_surface_ratio": 0.4678, "avg_ground_floor_count": 5.0716, "elevation_m": 28.1893, "albedo": 0.103, "nearest_park_distance_m": 225.6268, "park_area_within_500m": 22428.9111, "nearest_stream_distance_m": 178.691, "est_population_density": 21879.1753, "dong_elderly_ratio": 0.1843, "dong_avg_age": 43.3, "dong_pop_density": 21714.4, "nearest_shelter_distance_m": 123.8331, "shelter_count_within_500m": 4.9636, "est_population": 194.7, "est_elderly": 35.9, "shelter_capacity_within_500m": 134.8, "building_form_group": "high_floor_high_density", "dong_name": "용신동", "top1_feature": "impervious_ratio", "top1_shap": 0.6218, "top2_feature": "built_surface_ratio", "top2_shap": 0.6214, "top3_feature": "ndvi", "top3_shap": -0.0006, "priority_score": 40.593, "priority_rank": 209 }, "geometry": { "type": "Polygon", "coordinates": [ [ [ 127.027158753374223, 37.579938175803179 ], [ 127.025525655196731, 37.579931622875058 ], [ 127.02560736, 37.57998704 ], [ 127.02642124, 37.58054605 ], [ 127.02647627, 37.58058573 ], [ 127.02650553, 37.58060716 ], [ 127.026547399999984, 37.58063725 ], [ 127.027151714623201, 37.581051138912166 ], [ 127.027158753374223, 37.579938175803179 ] ] ] } },
{ "type": "Feature", "properties": { "display_grid_id": "11230_00131", "gu_code": 11230, "gu_name": "동대문구", "source_cell_count": 14, "area_m2": 53104.54, "mean_actual_lst": 40.5282, "mean_actual_anomaly": 0.6158, "seoul_anomaly": 2.9618, "pred_anomaly": 2.9371, "pred_anomaly_std": 0.8222, "green_delta_c": -0.2442, "building_ratio": 0.2584, "green_ratio": 0.2249, "ndvi": 0.1088, "impervious_ratio": 0.4272, "built_surface_ratio": 0.4272, "avg_ground_floor_count": 6.3566, "elevation_m": 27.3682, "albedo": 0.102, "nearest_park_distance_m": 300.39, "park_area_within_500m": 13069.128, "nearest_stream_distance_m": 326.4156, "est_population_density": 26553.9687, "dong_elderly_ratio": 0.1843, "dong_avg_age": 43.3, "dong_pop_density": 21714.4, "nearest_shelter_distance_m": 240.9193, "shelter_count_within_500m": 4.2825, "est_population": 1410.1, "est_elderly": 259.9, "shelter_capacity_within_500m": 500.6, "building_form_group": "high_floor_low_density", "dong_name": "용신동", "top1_feature": "built_surface_ratio", "top1_shap": 0.6028, "top2_feature": "impervious_ratio", "top2_shap": 0.6021, "top3_feature": "ndvi", "top3_shap": 0.4852, "priority_score": 57.3996, "priority_rank": 86 }, "geometry": { "type": "Polygon", "coordinates": [ [ [ 127.029975884764369, 37.582202792695242 ], [ 127.029990050520084, 37.57994948305263 ], [ 127.027158753374223, 37.579938175803179 ], [ 127.027151714623201, 37.581051138912166 ], [ 127.02776936, 37.58147415 ], [ 127.028826595630392, 37.582198210776752 ], [ 127.029975884764369, 37.582202792695242 ] ] ] } },
{ "type": "Feature", "properties": { "display_grid_id": "11230_00132", "gu_code": 11230, "gu_name": "동대문구", "source_cell_count": 14, "area_m2": 62500.0, "mean_actual_lst": 42.062, "mean_actual_anomaly": 2.3066, "seoul_anomaly": 4.6526, "pred_anomaly": 3.6621, "pred_anomaly_std": 0.8293, "green_delta_c": -0.3467, "building_ratio": 0.3321, "green_ratio": 0.2318, "ndvi": 0.1536, "impervious_ratio": 0.5065, "built_surface_ratio": 0.5065, "avg_ground_floor_count": 3.4979, "elevation_m": 29.9879, "albedo": 0.1142, "nearest_park_distance_m": 515.994, "park_area_within_500m": 890.7248, "nearest_stream_distance_m": 302.8812, "est_population_density": 19848.8, "dong_elderly_ratio": 0.2103, "dong_avg_age": 44.184, "dong_pop_density": 21720.796, "nearest_shelter_distance_m": 231.9144, "shelter_count_within_500m": 5.32, "est_population": 1240.6, "est_elderly": 257.3, "shelter_capacity_within_500m": 673.5, "building_form_group": "low_floor_high_density", "dong_name": "제기동", "top1_feature": "built_surface_ratio", "top1_shap": 0.6508, "top2_feature": "impervious_ratio", "top2_shap": 0.6335, "top3_feature": "building_ratio", "top3_shap": 0.4039, "priority_score": 72.2263, "priority_rank": 10 }, "geometry": { "type": "Polygon", "coordinates": [ [ [ 127.029990050520084, 37.57994948305263 ], [ 127.029975884764369, 37.582202792695242 ], [ 127.032807268813599, 37.582214032948578 ], [ 127.032821349243648, 37.579960722397139 ], [ 127.029990050520084, 37.57994948305263 ] ] ] } },
{ "type": "Feature", "properties": { "display_grid_id": "11230_00133", "gu_code": 11230, "gu_name": "동대문구", "source_cell_count": 15, "area_m2": 62500.0, "mean_actual_lst": 41.2039, "mean_actual_anomaly": 1.3751, "seoul_anomaly": 3.721, "pred_anomaly": 2.8003, "pred_anomaly_std": 0.8734, "green_delta_c": -0.3117, "building_ratio": 0.2177, "green_ratio": 0.2284, "ndvi": 0.1344, "impervious_ratio": 0.4447, "built_surface_ratio": 0.4447, "avg_ground_floor_count": 8.0036, "elevation_m": 26.2273, "albedo": 0.1109, "nearest_park_distance_m": 533.1924, "park_area_within_500m": 1036.9872, "nearest_stream_distance_m": 72.2876, "est_population_density": 20227.2, "dong_elderly_ratio": 0.2343, "dong_avg_age": 45.0, "dong_pop_density": 21726.7, "nearest_shelter_distance_m": 145.7952, "shelter_count_within_500m": 6.52, "est_population": 1264.2, "est_elderly": 296.3, "shelter_capacity_within_500m": 1016.0, "building_form_group": "low_floor_high_density", "dong_name": "제기동", "top1_feature": "built_surface_ratio", "top1_shap": 0.6364, "top2_feature": "impervious_ratio", "top2_shap": 0.6223, "top3_feature": "building_ratio", "top3_shap": 0.1884, "priority_score": 63.9781, "priority_rank": 34 }, "geometry": { "type": "Polygon", "coordinates": [ [ [ 127.032821349243648, 37.579960722397139 ], [ 127.032807268813599, 37.582214032948578 ], [ 127.035638654431196, 37.582225205291344 ], [ 127.035652649535365, 37.579971893836564 ], [ 127.032821349243648, 37.579960722397139 ] ] ] } },
{ "type": "Feature", "properties": { "display_grid_id": "11230_00134", "gu_code": 11230, "gu_name": "동대문구", "source_cell_count": 15, "area_m2": 62500.0, "mean_actual_lst": 43.7114, "mean_actual_anomaly": 3.8751, "seoul_anomaly": 6.221, "pred_anomaly": 3.7052, "pred_anomaly_std": 0.6506, "green_delta_c": -0.0763, "building_ratio": 0.415, "green_ratio": 0.2011, "ndvi": 0.1156, "impervious_ratio": 0.5877, "built_surface_ratio": 0.5877, "avg_ground_floor_count": 3.3625, "elevation_m": 22.1308, "albedo": 0.1196, "nearest_park_distance_m": 345.9488, "park_area_within_500m": 24343.3444, "nearest_stream_distance_m": 166.6828, "est_population_density": 22729.2, "dong_elderly_ratio": 0.2343, "dong_avg_age": 45.0, "dong_pop_density": 21726.7, "nearest_shelter_distance_m": 223.1176, "shelter_count_within_500m": 5.56, "est_population": 1420.6, "est_elderly": 332.8, "shelter_capacity_within_500m": 1029.5, "building_form_group": "low_floor_high_density", "dong_name": "제기동", "top1_feature": "built_surface_ratio", "top1_shap": 0.7033, "top2_feature": "impervious_ratio", "top2_shap": 0.6759, "top3_feature": "building_ratio", "top3_shap": 0.6579, "priority_score": 69.0328, "priority_rank": 18 }, "geometry": { "type": "Polygon", "coordinates": [ [ [ 127.035652649535365, 37.579971893836564 ], [ 127.035638654431196, 37.582225205291344 ], [ 127.038470041607653, 37.582236309723413 ], [ 127.038483951385771, 37.579982997370792 ], [ 127.035652649535365, 37.579971893836564 ] ] ] } },
{ "type": "Feature", "properties": { "display_grid_id": "11230_00135", "gu_code": 11230, "gu_name": "동대문구", "source_cell_count": 12, "area_m2": 62500.0, "mean_actual_lst": 46.2039, "mean_actual_anomaly": 6.3677, "seoul_anomaly": 8.7136, "pred_anomaly": 4.6798, "pred_anomaly_std": 0.7532, "green_delta_c": -0.4402, "building_ratio": 0.4372, "green_ratio": 0.2254, "ndvi": 0.1259, "impervious_ratio": 0.5408, "built_surface_ratio": 0.5408, "avg_ground_floor_count": 1.9258, "elevation_m": 20.5141, "albedo": 0.1441, "nearest_park_distance_m": 222.0864, "park_area_within_500m": 99252.7068, "nearest_stream_distance_m": 403.9164, "est_population_density": 13805.2, "dong_elderly_ratio": 0.2343, "dong_avg_age": 45.0, "dong_pop_density": 21726.7, "nearest_shelter_distance_m": 282.8048, "shelter_count_within_500m": 2.68, "est_population": 862.8, "est_elderly": 202.3, "shelter_capacity_within_500m": 565.5, "building_form_group": "low_floor_high_density", "dong_name": "제기동", "top1_feature": "building_ratio", "top1_shap": 0.8184, "top2_feature": "built_surface_ratio", "top2_shap": 0.6763, "top3_feature": "impervious_ratio", "top3_shap": 0.5565, "priority_score": 75.6934, "priority_rank": 5 }, "geometry": { "type": "Polygon", "coordinates": [ [ [ 127.038483951385771, 37.579982997370792 ], [ 127.038470041607653, 37.582236309723413 ], [ 127.041301430333462, 37.582247346244692 ], [ 127.041315254785346, 37.579994032999707 ], [ 127.038483951385771, 37.579982997370792 ] ] ] } },
{ "type": "Feature", "properties": { "display_grid_id": "11230_00136", "gu_code": 11230, "gu_name": "동대문구", "source_cell_count": 16, "area_m2": 62500.0, "mean_actual_lst": 44.9475, "mean_actual_anomaly": 5.1294, "seoul_anomaly": 7.4754, "pred_anomaly": 4.7154, "pred_anomaly_std": 0.8399, "green_delta_c": -0.2135, "building_ratio": 0.5384, "green_ratio": 0.2128, "ndvi": 0.1034, "impervious_ratio": 0.5364, "built_surface_ratio": 0.5364, "avg_ground_floor_count": 2.9885, "elevation_m": 20.1955, "albedo": 0.1347, "nearest_park_distance_m": 137.8624, "park_area_within_500m": 232850.3524, "nearest_stream_distance_m": 661.1912, "est_population_density": 8246.0, "dong_elderly_ratio": 0.2482, "dong_avg_age": 46.04, "dong_pop_density": 20402.26, "nearest_shelter_distance_m": 299.3104, "shelter_count_within_500m": 2.72, "est_population": 515.4, "est_elderly": 123.9, "shelter_capacity_within_500m": 373.0, "building_form_group": "low_floor_high_density", "dong_name": "제기동", "top1_feature": "building_ratio", "top1_shap": 0.9633, "top2_feature": "built_surface_ratio", "top2_shap": 0.6365, "top3_feature": "impervious_ratio", "top3_shap": 0.4034, "priority_score": 65.4471, "priority_rank": 29 }, "geometry": { "type": "Polygon", "coordinates": [ [ [ 127.041315254785346, 37.579994032999707 ], [ 127.041301430333462, 37.582247346244692 ], [ 127.044132820599131, 37.582258314855061 ], [ 127.044146559724595, 37.580005000723204 ], [ 127.041315254785346, 37.579994032999707 ] ] ] } },
{ "type": "Feature", "properties": { "display_grid_id": "11230_00137", "gu_code": 11230, "gu_name": "동대문구", "source_cell_count": 14, "area_m2": 62500.0, "mean_actual_lst": 40.9857, "mean_actual_anomaly": 1.4342, "seoul_anomaly": 3.7802, "pred_anomaly": 2.3628, "pred_anomaly_std": 0.7738, "green_delta_c": -0.2753, "building_ratio": 0.3101, "green_ratio": 0.2292, "ndvi": 0.107, "impervious_ratio": 0.4858, "built_surface_ratio": 0.4858, "avg_ground_floor_count": 10.6381, "elevation_m": 24.7331, "albedo": 0.0999, "nearest_park_distance_m": 18.532, "park_area_within_500m": 306544.75, "nearest_stream_distance_m": 898.7888, "est_population_density": 22006.8, "dong_elderly_ratio": 0.288, "dong_avg_age": 49.176, "dong_pop_density": 16821.092, "nearest_shelter_distance_m": 156.6128, "shelter_count_within_500m": 4.24, "est_population": 1375.4, "est_elderly": 350.2, "shelter_capacity_within_500m": 446.0, "building_form_group": "high_floor_low_density", "dong_name": "청량리동", "top1_feature": "built_surface_ratio", "top1_shap": 0.5614, "top2_feature": "impervious_ratio", "top2_shap": 0.5512, "top3_feature": "building_ratio", "top3_shap": 0.2545, "priority_score": 67.1077, "priority_rank": 26 }, "geometry": { "type": "Polygon", "coordinates": [ [ [ 127.044146559724595, 37.580005000723204 ], [ 127.044132820599131, 37.582258314855061 ], [ 127.04696421239511, 37.582269215554398 ], [ 127.046977866194013, 37.58001590054117 ], [ 127.044146559724595, 37.580005000723204 ] ] ] } },
{ "type": "Feature", "properties": { "display_grid_id": "11230_00138", "gu_code": 11230, "gu_name": "동대문구", "source_cell_count": 16, "area_m2": 62500.0, "mean_actual_lst": 41.9603, "mean_actual_anomaly": 2.0911, "seoul_anomaly": 4.437, "pred_anomaly": 2.9018, "pred_anomaly_std": 0.8794, "green_delta_c": -0.2777, "building_ratio": 0.4385, "green_ratio": 0.1991, "ndvi": 0.0954, "impervious_ratio": 0.5541, "built_surface_ratio": 0.5541, "avg_ground_floor_count": 7.1453, "elevation_m": 24.4456, "albedo": 0.1301, "nearest_park_distance_m": 62.5792, "park_area_within_500m": 338396.7248, "nearest_stream_distance_m": 1125.3668, "est_population_density": 58602.4, "dong_elderly_ratio": 0.2141, "dong_avg_age": 44.312, "dong_pop_density": 24974.904, "nearest_shelter_distance_m": 217.2516, "shelter_count_within_500m": 7.12, "est_population": 3662.7, "est_elderly": 759.6, "shelter_capacity_within_500m": 984.5, "building_form_group": "high_floor_high_density", "dong_name": "전농1동", "top1_feature": "built_surface_ratio", "top1_shap": 0.6913, "top2_feature": "impervious_ratio", "top2_shap": 0.6617, "top3_feature": "building_ratio", "top3_shap": 0.3891, "priority_score": 82.062, "priority_rank": 2 }, "geometry": { "type": "Polygon", "coordinates": [ [ [ 127.046977866194013, 37.58001590054117 ], [ 127.04696421239511, 37.582269215554398 ], [ 127.049795605711978, 37.582280048342597 ], [ 127.049809174184062, 37.580026732453483 ], [ 127.046977866194013, 37.58001590054117 ] ] ] } },
{ "type": "Feature", "properties": { "display_grid_id": "11230_00139", "gu_code": 11230, "gu_name": "동대문구", "source_cell_count": 16, "area_m2": 62500.0, "mean_actual_lst": 42.2278, "mean_actual_anomaly": 2.0703, "seoul_anomaly": 4.4163, "pred_anomaly": 3.4615, "pred_anomaly_std": 0.7357, "green_delta_c": -0.3576, "building_ratio": 0.3232, "green_ratio": 0.1885, "ndvi": 0.1019, "impervious_ratio": 0.5853, "built_surface_ratio": 0.5853, "avg_ground_floor_count": 3.9752, "elevation_m": 30.0176, "albedo": 0.1197, "nearest_park_distance_m": 30.94, "park_area_within_500m": 304548.2552, "nearest_stream_distance_m": 1278.2748, "est_population_density": 19837.6, "dong_elderly_ratio": 0.2063, "dong_avg_age": 43.8, "dong_pop_density": 25833.2, "nearest_shelter_distance_m": 179.8876, "shelter_count_within_500m": 8.16, "est_population": 1239.8, "est_elderly": 255.8, "shelter_capacity_within_500m": 960.5, "building_form_group": "low_floor_high_density", "dong_name": "전농1동", "top1_feature": "built_surface_ratio", "top1_shap": 0.742, "top2_feature": "impervious_ratio", "top2_shap": 0.7008, "top3_feature": "ndvi", "top3_shap": 0.4018, "priority_score": 73.677, "priority_rank": 6 }, "geometry": { "type": "Polygon", "coordinates": [ [ [ 127.049809174184062, 37.580026732453483 ], [ 127.049795605711978, 37.582280048342597 ], [ 127.052627000540156, 37.582290813219551 ], [ 127.052640483685281, 37.580037496460022 ], [ 127.049809174184062, 37.580026732453483 ] ] ] } },
{ "type": "Feature", "properties": { "display_grid_id": "11230_00140", "gu_code": 11230, "gu_name": "동대문구", "source_cell_count": 13, "area_m2": 62500.0, "mean_actual_lst": 41.5888, "mean_actual_anomaly": 1.4196, "seoul_anomaly": 3.7656, "pred_anomaly": 3.3801, "pred_anomaly_std": 0.7463, "green_delta_c": -0.3316, "building_ratio": 0.3679, "green_ratio": 0.1977, "ndvi": 0.1441, "impervious_ratio": 0.5831, "built_surface_ratio": 0.5831, "avg_ground_floor_count": 2.8302, "elevation_m": 35.5284, "albedo": 0.1145, "nearest_park_distance_m": 21.884, "park_area_within_500m": 240818.6152, "nearest_stream_distance_m": 1383.1796, "est_population_density": 16301.2, "dong_elderly_ratio": 0.2071, "dong_avg_age": 43.824, "dong_pop_density": 25074.44, "nearest_shelter_distance_m": 137.564, "shelter_count_within_500m": 6.8, "est_population": 1018.8, "est_elderly": 210.8, "shelter_capacity_within_500m": 907.8, "building_form_group": "low_floor_high_density", "dong_name": "전농1동", "top1_feature": "built_surface_ratio", "top1_shap": 0.739, "top2_feature": "impervious_ratio", "top2_shap": 0.6904, "top3_feature": "building_ratio", "top3_shap": 0.5223, "priority_score": 63.0839, "priority_rank": 40 }, "geometry": { "type": "Polygon", "coordinates": [ [ [ 127.052640483685281, 37.580037496460022 ], [ 127.052627000540156, 37.582290813219551 ], [ 127.055458396870165, 37.582301510185125 ], [ 127.055471794688188, 37.580048192560696 ], [ 127.052640483685281, 37.580037496460022 ] ] ] } },
{ "type": "Feature", "properties": { "display_grid_id": "11230_00141", "gu_code": 11230, "gu_name": "동대문구", "source_cell_count": 16, "area_m2": 62500.0, "mean_actual_lst": 41.0501, "mean_actual_anomaly": 0.9679, "seoul_anomaly": 3.3139, "pred_anomaly": 2.848, "pred_anomaly_std": 0.8192, "green_delta_c": -0.57, "building_ratio": 0.2854, "green_ratio": 0.1906, "ndvi": 0.203, "impervious_ratio": 0.649, "built_surface_ratio": 0.649, "avg_ground_floor_count": 3.3865, "elevation_m": 32.9335, "albedo": 0.1442, "nearest_park_distance_m": 72.348, "park_area_within_500m": 200637.696, "nearest_stream_distance_m": 1402.2156, "est_population_density": 14731.6, "dong_elderly_ratio": 0.2126, "dong_avg_age": 43.984, "dong_pop_density": 20016.04, "nearest_shelter_distance_m": 144.556, "shelter_count_within_500m": 5.6, "est_population": 920.7, "est_elderly": 195.9, "shelter_capacity_within_500m": 691.8, "building_form_group": "low_floor_high_density", "dong_name": "전농2동", "top1_feature": "built_surface_ratio", "top1_shap": 0.763, "top2_feature": "impervious_ratio", "top2_shap": 0.7196, "top3_feature": "green_ratio", "top3_shap": 0.2689, "priority_score": 63.5037, "priority_rank": 38 }, "geometry": { "type": "Polygon", "coordinates": [ [ [ 127.055471794688188, 37.580048192560696 ], [ 127.055458396870165, 37.582301510185125 ], [ 127.058289794692513, 37.582312139239228 ], [ 127.058303107183235, 37.580058820755383 ], [ 127.055471794688188, 37.580048192560696 ] ] ] } },
{ "type": "Feature", "properties": { "display_grid_id": "11230_00142", "gu_code": 11230, "gu_name": "동대문구", "source_cell_count": 14, "area_m2": 62500.0, "mean_actual_lst": 39.5734, "mean_actual_anomaly": -0.4644, "seoul_anomaly": 1.8816, "pred_anomaly": 1.8021, "pred_anomaly_std": 0.897, "green_delta_c": -0.3319, "building_ratio": 0.1998, "green_ratio": 0.2335, "ndvi": 0.2428, "impervious_ratio": 0.5735, "built_surface_ratio": 0.5735, "avg_ground_floor_count": 4.7192, "elevation_m": 32.6792, "albedo": 0.1426, "nearest_park_distance_m": 142.7308, "park_area_within_500m": 114675.132, "nearest_stream_distance_m": 1235.316, "est_population_density": 15549.2, "dong_elderly_ratio": 0.2132, "dong_avg_age": 44.0, "dong_pop_density": 19510.2, "nearest_shelter_distance_m": 145.6612, "shelter_count_within_500m": 5.48, "est_population": 971.8, "est_elderly": 207.2, "shelter_capacity_within_500m": 800.5, "building_form_group": "low_floor_low_density", "dong_name": "전농2동", "top1_feature": "built_surface_ratio", "top1_shap": 0.6666, "top2_feature": "impervious_ratio", "top2_shap": 0.5957, "top3_feature": "ndvi", "top3_shap": -0.3322, "priority_score": 48.6497, "priority_rank": 157 }, "geometry": { "type": "Polygon", "coordinates": [ [ [ 127.058303107183235, 37.580058820755383 ], [ 127.058289794692513, 37.582312139239228 ], [ 127.061121193997693, 37.582322700381752 ], [ 127.061134421160929, 37.580069381043977 ], [ 127.058303107183235, 37.580058820755383 ] ] ] } },
{ "type": "Feature", "properties": { "display_grid_id": "11230_00143", "gu_code": 11230, "gu_name": "동대문구", "source_cell_count": 14, "area_m2": 62500.0, "mean_actual_lst": 34.1159, "mean_actual_anomaly": -6.0102, "seoul_anomaly": -3.6643, "pred_anomaly": -3.0956, "pred_anomaly_std": 0.7361, "green_delta_c": -0.3796, "building_ratio": 0.057, "green_ratio": 0.6383, "ndvi": 0.4922, "impervious_ratio": 0.2072, "built_surface_ratio": 0.2072, "avg_ground_floor_count": 4.8206, "elevation_m": 66.7976, "albedo": 0.1125, "nearest_park_distance_m": 310.0988, "park_area_within_500m": 50797.4944, "nearest_stream_distance_m": 1032.6312, "est_population_density": 11074.8, "dong_elderly_ratio": 0.2132, "dong_avg_age": 44.0, "dong_pop_density": 19510.2, "nearest_shelter_distance_m": 163.826, "shelter_count_within_500m": 4.92, "est_population": 692.2, "est_elderly": 147.6, "shelter_capacity_within_500m": 940.5, "building_form_group": "no_building", "dong_name": "전농2동", "top1_feature": "green_ratio", "top1_shap": -0.9433, "top2_feature": "built_surface_ratio", "top2_shap": -0.4817, "top3_feature": "impervious_ratio", "top3_shap": -0.4127, "priority_score": 32.5182, "priority_rank": 246 }, "geometry": { "type": "Polygon", "coordinates": [ [ [ 127.061134421160929, 37.580069381043977 ], [ 127.061121193997693, 37.582322700381752 ], [ 127.063952594776211, 37.58233319361257 ], [ 127.063965736611792, 37.580079873426357 ], [ 127.061134421160929, 37.580069381043977 ] ] ] } },
{ "type": "Feature", "properties": { "display_grid_id": "11230_00144", "gu_code": 11230, "gu_name": "동대문구", "source_cell_count": 13, "area_m2": 62500.0, "mean_actual_lst": 34.3485, "mean_actual_anomaly": -5.7988, "seoul_anomaly": -3.4528, "pred_anomaly": -3.4254, "pred_anomaly_std": 0.7802, "green_delta_c": -0.6797, "building_ratio": 0.0433, "green_ratio": 0.7272, "ndvi": 0.5116, "impervious_ratio": 0.1285, "built_surface_ratio": 0.1285, "avg_ground_floor_count": 1.3113, "elevation_m": 68.3013, "albedo": 0.1456, "nearest_park_distance_m": 241.1624, "park_area_within_500m": 59661.0248, "nearest_stream_distance_m": 820.792, "est_population_density": 2714.4, "dong_elderly_ratio": 0.2073, "dong_avg_age": 43.54, "dong_pop_density": 19979.1, "nearest_shelter_distance_m": 284.8084, "shelter_count_within_500m": 3.64, "est_population": 169.7, "est_elderly": 36.1, "shelter_capacity_within_500m": 765.5, "building_form_group": "no_building", "dong_name": "전농2동", "top1_feature": "green_ratio", "top1_shap": -1.0565, "top2_feature": "built_surface_ratio", "top2_shap": -0.7968, "top3_feature": "impervious_ratio", "top3_shap": -0.6501, "priority_score": 36.0766, "priority_rank": 232 }, "geometry": { "type": "Polygon", "coordinates": [ [ [ 127.063965736611792, 37.580079873426357 ], [ 127.063952594776211, 37.58233319361257 ], [ 127.066783997018533, 37.582343618931581 ], [ 127.066797053526287, 37.580090297902437 ], [ 127.063965736611792, 37.580079873426357 ] ] ] } },
{ "type": "Feature", "properties": { "display_grid_id": "11230_00145", "gu_code": 11230, "gu_name": "동대문구", "source_cell_count": 14, "area_m2": 62500.0, "mean_actual_lst": 38.6214, "mean_actual_anomaly": -1.7418, "seoul_anomaly": 0.6041, "pred_anomaly": 1.0458, "pred_anomaly_std": 0.7639, "green_delta_c": -0.2281, "building_ratio": 0.2111, "green_ratio": 0.3016, "ndvi": 0.2894, "impervious_ratio": 0.5287, "built_surface_ratio": 0.5287, "avg_ground_floor_count": 6.0223, "elevation_m": 27.9031, "albedo": 0.1205, "nearest_park_distance_m": 55.492, "park_area_within_500m": 79066.7272, "nearest_stream_distance_m": 622.4592, "est_population_density": 20044.0, "dong_elderly_ratio": 0.2025, "dong_avg_age": 43.156, "dong_pop_density": 23960.38, "nearest_shelter_distance_m": 329.434, "shelter_count_within_500m": 3.16, "est_population": 1252.8, "est_elderly": 252.1, "shelter_capacity_within_500m": 285.5, "building_form_group": "high_floor_low_density", "dong_name": "전농2동", "top1_feature": "impervious_ratio", "top1_shap": 0.5282, "top2_feature": "ndvi", "top2_shap": -0.5018, "top3_feature": "built_surface_ratio", "top3_shap": 0.4983, "priority_score": 46.9343, "priority_rank": 175 }, "geometry": { "type": "Polygon", "coordinates": [ [ [ 127.066797053526287, 37.580090297902437 ], [ 127.066783997018533, 37.582343618931581 ], [ 127.069615400715165, 37.582353976338688 ], [ 127.069628371894922, 37.580100654472091 ], [ 127.066797053526287, 37.580090297902437 ] ] ] } },
{ "type": "Feature", "properties": { "display_grid_id": "11230_00146", "gu_code": 11230, "gu_name": "동대문구", "source_cell_count": 15, "area_m2": 62500.0, "mean_actual_lst": 40.2742, "mean_actual_anomaly": -0.1797, "seoul_anomaly": 2.1663, "pred_anomaly": 2.0263, "pred_anomaly_std": 0.7112, "green_delta_c": -0.1978, "building_ratio": 0.3205, "green_ratio": 0.245, "ndvi": 0.1813, "impervious_ratio": 0.4748, "built_surface_ratio": 0.4748, "avg_ground_floor_count": 9.1687, "elevation_m": 21.5614, "albedo": 0.1088, "nearest_park_distance_m": 91.6796, "park_area_within_500m": 106392.194, "nearest_stream_distance_m": 404.5332, "est_population_density": 44679.6, "dong_elderly_ratio": 0.1952, "dong_avg_age": 42.58, "dong_pop_density": 29932.3, "nearest_shelter_distance_m": 251.2956, "shelter_count_within_500m": 4.04, "est_population": 2792.5, "est_elderly": 536.9, "shelter_capacity_within_500m": 253.5, "building_form_group": "high_floor_high_density", "dong_name": "장안2동", "top1_feature": "built_surface_ratio", "top1_shap": 0.5553, "top2_feature": "impervious_ratio", "top2_shap": 0.5525, "top3_feature": "building_ratio", "top3_shap": 0.2, "priority_score": 60.0274, "priority_rank": 58 }, "geometry": { "type": "Polygon", "coordinates": [ [ [ 127.069628371894922, 37.580100654472091 ], [ 127.069615400715165, 37.582353976338688 ], [ 127.072446805856615, 37.582364265833775 ], [ 127.072459691708218, 37.580110943135224 ], [ 127.069628371894922, 37.580100654472091 ] ] ] } },
{ "type": "Feature", "properties": { "display_grid_id": "11230_00147", "gu_code": 11230, "gu_name": "동대문구", "source_cell_count": 13, "area_m2": 56620.87, "mean_actual_lst": 40.7416, "mean_actual_anomaly": 0.4308, "seoul_anomaly": 2.7767, "pred_anomaly": 2.2622, "pred_anomaly_std": 0.7747, "green_delta_c": -0.1582, "building_ratio": 0.2157, "green_ratio": 0.2023, "ndvi": 0.1517, "impervious_ratio": 0.5497, "built_surface_ratio": 0.5497, "avg_ground_floor_count": 9.5725, "elevation_m": 22.3801, "albedo": 0.1172, "nearest_park_distance_m": 53.7227, "park_area_within_500m": 119245.2942, "nearest_stream_distance_m": 217.3544, "est_population_density": 32406.7378, "dong_elderly_ratio": 0.1913, "dong_avg_age": 42.2825, "dong_pop_density": 27201.8534, "nearest_shelter_distance_m": 238.0401, "shelter_count_within_500m": 4.1322, "est_population": 1834.9, "est_elderly": 343.6, "shelter_capacity_within_500m": 371.6, "building_form_group": "high_floor_high_density", "dong_name": "장안2동", "top1_feature": "built_surface_ratio", "top1_shap": 0.6825, "top2_feature": "impervious_ratio", "top2_shap": 0.6527, "top3_feature": "ndvi", "top3_shap": 0.2495, "priority_score": 60.0, "priority_rank": 59 }, "geometry": { "type": "Polygon", "coordinates": [ [ [ 127.075291012956654, 37.580121163891711 ], [ 127.072459691708218, 37.580110943135224 ], [ 127.072446805856615, 37.582364265833775 ], [ 127.074343503015669, 37.58237112055766 ], [ 127.0745162, 37.58216758 ], [ 127.07482822, 37.58178898 ], [ 127.07524756, 37.58099501 ], [ 127.07525057, 37.58098937 ], [ 127.075286098009315, 37.580986390059316 ], [ 127.075291012956654, 37.580121163891711 ] ] ] } },
{ "type": "Feature", "properties": { "display_grid_id": "11230_00148", "gu_code": 11230, "gu_name": "동대문구", "source_cell_count": 4, "area_m2": 6251.71, "mean_actual_lst": 41.0363, "mean_actual_anomaly": 0.7177, "seoul_anomaly": 3.0636, "pred_anomaly": 3.0851, "pred_anomaly_std": 0.9111, "green_delta_c": -0.5001, "building_ratio": 0.0135, "green_ratio": 0.188, "ndvi": 0.1118, "impervious_ratio": 0.5972, "built_surface_ratio": 0.5972, "avg_ground_floor_count": 1.0, "elevation_m": 16.314, "albedo": 0.1269, "nearest_park_distance_m": 0.0, "park_area_within_500m": 114789.58, "nearest_stream_distance_m": 108.56, "est_population_density": 223.9, "dong_elderly_ratio": 0.1981, "dong_avg_age": 42.8, "dong_pop_density": 31951.7, "nearest_shelter_distance_m": 315.37, "shelter_count_within_500m": 3.0, "est_population": 1.4, "est_elderly": 0.3, "shelter_capacity_within_500m": 15.0, "building_form_group": "no_building", "dong_name": "장안2동", "top1_feature": "built_surface_ratio", "top1_shap": 0.9847, "top2_feature": "impervious_ratio", "top2_shap": 0.9721, "top3_feature": "ndvi", "top3_shap": 0.6605, "priority_score": 60.4927, "priority_rank": 57 }, "geometry": { "type": "Polygon", "coordinates": [ [ [ 127.075291012956654, 37.580121163891711 ], [ 127.075286098009315, 37.580986390059316 ], [ 127.07581198, 37.58094228 ], [ 127.07581887, 37.58093777 ], [ 127.07602091, 37.58061301 ], [ 127.07606329, 37.58053668 ], [ 127.076080410000017, 37.58050598 ], [ 127.07608994, 37.58048683 ], [ 127.07610884, 37.58044824000001 ], [ 127.076122249999983, 37.58042064 ], [ 127.076133900000016, 37.58039642 ], [ 127.076137790000018, 37.58038854 ], [ 127.076146960000017, 37.58036882 ], [ 127.07618067, 37.58029559 ], [ 127.07619424, 37.58026468 ], [ 127.07619673, 37.58025897 ], [ 127.07622568, 37.58019026 ], [ 127.07624209, 37.5801497 ], [ 127.07625147129626, 37.580124615613869 ], [ 127.075291012956654, 37.580121163891711 ] ] ] } },
{ "type": "Feature", "properties": { "display_grid_id": "11230_00149", "gu_code": 11230, "gu_name": "동대문구", "source_cell_count": 5, "area_m2": 4736.95, "mean_actual_lst": 41.3857, "mean_actual_anomaly": 1.4127, "seoul_anomaly": 3.7587, "pred_anomaly": 3.0595, "pred_anomaly_std": 0.7388, "green_delta_c": -0.3633, "building_ratio": 0.1813, "green_ratio": 0.2173, "ndvi": 0.1203, "impervious_ratio": 0.4749, "built_surface_ratio": 0.4749, "avg_ground_floor_count": 3.6748, "elevation_m": 25.7609, "albedo": 0.1182, "nearest_park_distance_m": 335.7352, "park_area_within_500m": 11705.0177, "nearest_stream_distance_m": 472.3452, "est_population_density": 14693.4404, "dong_elderly_ratio": 0.1962, "dong_avg_age": 43.703, "dong_pop_density": 21717.3159, "nearest_shelter_distance_m": 116.4477, "shelter_count_within_500m": 6.2367, "est_population": 69.6, "est_elderly": 12.8, "shelter_capacity_within_500m": 147.7, "building_form_group": "high_floor_low_density", "dong_name": "용신동", "top1_feature": "impervious_ratio", "top1_shap": 0.7385, "top2_feature": "built_surface_ratio", "top2_shap": 0.6984, "top3_feature": "ndvi", "top3_shap": 0.4479, "priority_score": 51.4233, "priority_rank": 128 }, "geometry": { "type": "Polygon", "coordinates": [ [ [ 127.029975884764369, 37.582202792695242 ], [ 127.028826595630392, 37.582198210776752 ], [ 127.0289516, 37.582283820000015 ], [ 127.02899283, 37.58232548 ], [ 127.02900014, 37.58232854 ], [ 127.02901972, 37.58233674 ], [ 127.029392, 37.58258246 ], [ 127.02944543000001, 37.58261804 ], [ 127.02953905, 37.5826804 ], [ 127.02955126, 37.58269167000001 ], [ 127.029769640000012, 37.58293121 ], [ 127.02978981, 37.58295345 ], [ 127.029951740000016, 37.58313417 ], [ 127.029969901528133, 37.583154454757441 ], [ 127.029975884764369, 37.582202792695242 ] ] ] } },
{ "type": "Feature", "properties": { "display_grid_id": "11230_00150", "gu_code": 11230, "gu_name": "동대문구", "source_cell_count": 11, "area_m2": 55029.36, "mean_actual_lst": 40.5642, "mean_actual_anomaly": 0.7445, "seoul_anomaly": 3.0904, "pred_anomaly": 2.2108, "pred_anomaly_std": 0.7782, "green_delta_c": -0.2636, "building_ratio": 0.2605, "green_ratio": 0.2411, "ndvi": 0.1563, "impervious_ratio": 0.4205, "built_surface_ratio": 0.4205, "avg_ground_floor_count": 8.3738, "elevation_m": 29.9575, "albedo": 0.1034, "nearest_park_distance_m": 524.4487, "park_area_within_500m": 876.2695, "nearest_stream_distance_m": 327.1535, "est_population_density": 34043.6366, "dong_elderly_ratio": 0.2343, "dong_avg_age": 45.0, "dong_pop_density": 21726.7, "nearest_shelter_distance_m": 86.131, "shelter_count_within_500m": 7.1817, "est_population": 1873.4, "est_elderly": 439.0, "shelter_capacity_within_500m": 975.0, "building_form_group": "high_floor_low_density", "dong_name": "제기동", "top1_feature": "built_surface_ratio", "top1_shap": 0.57, "top2_feature": "impervious_ratio", "top2_shap": 0.5642, "top3_feature": "ndvi", "top3_shap": 0.17, "priority_score": 56.6058, "priority_rank": 92 }, "geometry": { "type": "Polygon", "coordinates": [ [ [ 127.032793186815212, 37.584467342633168 ], [ 127.032807268813599, 37.582214032948578 ], [ 127.029975884764369, 37.582202792695242 ], [ 127.029969901528133, 37.583154454757441 ], [ 127.03064459, 37.58390801 ], [ 127.03065026, 37.58391477 ], [ 127.03095236, 37.58425199 ], [ 127.03097855, 37.584280420000013 ], [ 127.03100651, 37.58431618 ], [ 127.031090762091736, 37.584460592011581 ], [ 127.032793186815212, 37.584467342633168 ] ] ] } },
{ "type": "Feature", "properties": { "display_grid_id": "11230_00151", "gu_code": 11230, "gu_name": "동대문구", "source_cell_count": 12, "area_m2": 62500.0, "mean_actual_lst": 41.6433, "mean_actual_anomaly": 1.7819, "seoul_anomaly": 4.1278, "pred_anomaly": 3.1623, "pred_anomaly_std": 0.8228, "green_delta_c": -0.1467, "building_ratio": 0.2925, "green_ratio": 0.2125, "ndvi": 0.1253, "impervious_ratio": 0.5081, "built_surface_ratio": 0.5081, "avg_ground_floor_count": 5.107, "elevation_m": 25.2757, "albedo": 0.1124, "nearest_park_distance_m": 530.0028, "park_area_within_500m": 1203.912, "nearest_stream_distance_m": 104.0036, "est_population_density": 22288.8, "dong_elderly_ratio": 0.2343, "dong_avg_age": 45.0, "dong_pop_density": 21726.7, "nearest_shelter_distance_m": 80.2112, "shelter_count_within_500m": 8.36, "est_population": 1393.0, "est_elderly": 326.5, "shelter_capacity_within_500m": 1403.5, "building_form_group": "low_floor_high_density", "dong_name": "제기동", "top1_feature": "built_surface_ratio", "top1_shap": 0.6532, "top2_feature": "impervious_ratio", "top2_shap": 0.6465, "top3_feature": "ndvi", "top3_shap": 0.2752, "priority_score": 57.1533, "priority_rank": 88 }, "geometry": { "type": "Polygon", "coordinates": [ [ [ 127.032807268813599, 37.582214032948578 ], [ 127.032793186815212, 37.584467342633168 ], [ 127.035624657768153, 37.584478515879319 ], [ 127.035638654431196, 37.582225205291344 ], [ 127.032807268813599, 37.582214032948578 ] ] ] } },
{ "type": "Feature", "properties": { "display_grid_id": "11230_00152", "gu_code": 11230, "gu_name": "동대문구", "source_cell_count": 11, "area_m2": 62500.0, "mean_actual_lst": 43.1098, "mean_actual_anomaly": 3.5734, "seoul_anomaly": 5.9193, "pred_anomaly": 3.6974, "pred_anomaly_std": 0.6219, "green_delta_c": -0.129, "building_ratio": 0.3837, "green_ratio": 0.1935, "ndvi": 0.1164, "impervious_ratio": 0.575, "built_surface_ratio": 0.575, "avg_ground_floor_count": 3.0241, "elevation_m": 20.8507, "albedo": 0.1167, "nearest_park_distance_m": 311.5056, "park_area_within_500m": 38706.3636, "nearest_stream_distance_m": 133.4972, "est_population_density": 19413.2, "dong_elderly_ratio": 0.2343, "dong_avg_age": 45.0, "dong_pop_density": 21726.7, "nearest_shelter_distance_m": 115.2984, "shelter_count_within_500m": 7.8, "est_population": 1213.3, "est_elderly": 284.3, "shelter_capacity_within_500m": 1662.5, "building_form_group": "low_floor_high_density", "dong_name": "제기동", "top1_feature": "built_surface_ratio", "top1_shap": 0.7198, "top2_feature": "impervious_ratio", "top2_shap": 0.6886, "top3_feature": "building_ratio", "top3_shap": 0.4338, "priority_score": 61.7883, "priority_rank": 47 }, "geometry": { "type": "Polygon", "coordinates": [ [ [ 127.035638654431196, 37.582225205291344 ], [ 127.035624657768153, 37.584478515879319 ], [ 127.038456130280196, 37.584489621209308 ], [ 127.038470041607653, 37.582236309723413 ], [ 127.035638654431196, 37.582225205291344 ] ] ] } },
{ "type": "Feature", "properties": { "display_grid_id": "11230_00153", "gu_code": 11230, "gu_name": "동대문구", "source_cell_count": 10, "area_m2": 62500.0, "mean_actual_lst": 44.0659, "mean_actual_anomaly": 4.5295, "seoul_anomaly": 6.8755, "pred_anomaly": 4.3778, "pred_anomaly_std": 0.7004, "green_delta_c": -0.3207, "building_ratio": 0.3815, "green_ratio": 0.1883, "ndvi": 0.1216, "impervious_ratio": 0.6195, "built_surface_ratio": 0.6195, "avg_ground_floor_count": 2.2438, "elevation_m": 20.6336, "albedo": 0.117, "nearest_park_distance_m": 98.0208, "park_area_within_500m": 137548.5436, "nearest_stream_distance_m": 371.0028, "est_population_density": 14510.0, "dong_elderly_ratio": 0.2343, "dong_avg_age": 45.0, "dong_pop_density": 21726.7, "nearest_shelter_distance_m": 181.2368, "shelter_count_within_500m": 5.88, "est_population": 906.9, "est_elderly": 212.5, "shelter_capacity_within_500m": 1218.5, "building_form_group": "low_floor_high_density", "dong_name": "제기동", "top1_feature": "built_surface_ratio", "top1_shap": 0.795, "top2_feature": "impervious_ratio", "top2_shap": 0.7413, "top3_feature": "building_ratio", "top3_shap": 0.4956, "priority_score": 72.9015, "priority_rank": 9 }, "geometry": { "type": "Polygon", "coordinates": [ [ [ 127.038470041607653, 37.582236309723413 ], [ 127.038456130280196, 37.584489621209308 ], [ 127.041287604341704, 37.584500658622993 ], [ 127.041301430333462, 37.582247346244692 ], [ 127.038470041607653, 37.582236309723413 ] ] ] } },
{ "type": "Feature", "properties": { "display_grid_id": "11230_00154", "gu_code": 11230, "gu_name": "동대문구", "source_cell_count": 11, "area_m2": 62500.0, "mean_actual_lst": 43.0685, "mean_actual_anomaly": 3.2542, "seoul_anomaly": 5.6002, "pred_anomaly": 4.0369, "pred_anomaly_std": 0.7263, "green_delta_c": -0.2286, "building_ratio": 0.3594, "green_ratio": 0.1933, "ndvi": 0.1358, "impervious_ratio": 0.6318, "built_surface_ratio": 0.6318, "avg_ground_floor_count": 2.0572, "elevation_m": 21.0109, "albedo": 0.1236, "nearest_park_distance_m": 34.1112, "park_area_within_500m": 295646.7484, "nearest_stream_distance_m": 623.4176, "est_population_density": 10444.4, "dong_elderly_ratio": 0.2482, "dong_avg_age": 46.04, "dong_pop_density": 20402.26, "nearest_shelter_distance_m": 256.6616, "shelter_count_within_500m": 6.16, "est_population": 652.8, "est_elderly": 162.0, "shelter_capacity_within_500m": 1164.5, "building_form_group": "low_floor_high_density", "dong_name": "제기동", "top1_feature": "built_surface_ratio", "top1_shap": 0.7839, "top2_feature": "impervious_ratio", "top2_shap": 0.7382, "top3_feature": "building_ratio", "top3_shap": 0.3742, "priority_score": 68.5402, "priority_rank": 21 }, "geometry": { "type": "Polygon", "coordinates": [ [ [ 127.041301430333462, 37.582247346244692 ], [ 127.041287604341704, 37.584500658622993 ], [ 127.0441190799433, 37.584511628120289 ], [ 127.044132820599131, 37.582258314855061 ], [ 127.041301430333462, 37.582247346244692 ] ] ] } },
{ "type": "Feature", "properties": { "display_grid_id": "11230_00155", "gu_code": 11230, "gu_name": "동대문구", "source_cell_count": 13, "area_m2": 62500.0, "mean_actual_lst": 40.0864, "mean_actual_anomaly": 0.2216, "seoul_anomaly": 2.5675, "pred_anomaly": 1.8606, "pred_anomaly_std": 0.7403, "green_delta_c": -0.2519, "building_ratio": 0.2481, "green_ratio": 0.2322, "ndvi": 0.1572, "impervious_ratio": 0.4717, "built_surface_ratio": 0.4717, "avg_ground_floor_count": 9.262, "elevation_m": 31.9699, "albedo": 0.1045, "nearest_park_distance_m": 0.8832, "park_area_within_500m": 383162.8356, "nearest_stream_distance_m": 852.0696, "est_population_density": 28627.6, "dong_elderly_ratio": 0.3036, "dong_avg_age": 50.2, "dong_pop_density": 15104.5, "nearest_shelter_distance_m": 125.1272, "shelter_count_within_500m": 7.04, "est_population": 1789.2, "est_elderly": 543.2, "shelter_capacity_within_500m": 1157.5, "building_form_group": "high_floor_low_density", "dong_name": "청량리동", "top1_feature": "built_surface_ratio", "top1_shap": 0.6021, "top2_feature": "impervious_ratio", "top2_shap": 0.5811, "top3_feature": "avg_ground_floor_count", "top3_shap": -0.2044, "priority_score": 58.5584, "priority_rank": 70 }, "geometry": { "type": "Polygon", "coordinates": [ [ [ 127.044132820599131, 37.582258314855061 ], [ 127.0441190799433, 37.584511628120289 ], [ 127.046950557075391, 37.584522529701054 ], [ 127.04696421239511, 37.582269215554398 ], [ 127.044132820599131, 37.582258314855061 ] ] ] } },
{ "type": "Feature", "properties": { "display_grid_id": "11230_00156", "gu_code": 11230, "gu_name": "동대문구", "source_cell_count": 12, "area_m2": 62500.0, "mean_actual_lst": 40.5973, "mean_actual_anomaly": 0.2649, "seoul_anomaly": 2.6109, "pred_anomaly": 2.0331, "pred_anomaly_std": 0.6767, "green_delta_c": -0.2185, "building_ratio": 0.2714, "green_ratio": 0.238, "ndvi": 0.1419, "impervious_ratio": 0.4313, "built_surface_ratio": 0.4313, "avg_ground_floor_count": 7.6882, "elevation_m": 28.13, "albedo": 0.112, "nearest_park_distance_m": 1.6944, "park_area_within_500m": 402541.0288, "nearest_stream_distance_m": 1094.458, "est_population_density": 23582.4, "dong_elderly_ratio": 0.2841, "dong_avg_age": 48.92, "dong_pop_density": 17250.24, "nearest_shelter_distance_m": 99.8316, "shelter_count_within_500m": 8.72, "est_population": 1473.9, "est_elderly": 436.6, "shelter_capacity_within_500m": 1380.0, "building_form_group": "high_floor_low_density", "dong_name": "청량리동", "top1_feature": "built_surface_ratio", "top1_shap": 0.5683, "top2_feature": "impervious_ratio", "top2_shap": 0.4701, "top3_feature": "ndvi", "top3_shap": 0.277, "priority_score": 51.8248, "priority_rank": 126 }, "geometry": { "type": "Polygon", "coordinates": [ [ [ 127.04696421239511, 37.582269215554398 ], [ 127.046950557075391, 37.584522529701054 ], [ 127.049782035728526, 37.584533363365203 ], [ 127.049795605711978, 37.582280048342597 ], [ 127.04696421239511, 37.582269215554398 ] ] ] } },
{ "type": "Feature", "properties": { "display_grid_id": "11230_00157", "gu_code": 11230, "gu_name": "동대문구", "source_cell_count": 14, "area_m2": 62500.0, "mean_actual_lst": 42.3116, "mean_actual_anomaly": 2.0623, "seoul_anomaly": 4.4082, "pred_anomaly": 3.6837, "pred_anomaly_std": 0.7662, "green_delta_c": -0.3506, "building_ratio": 0.3665, "green_ratio": 0.1862, "ndvi": 0.1059, "impervious_ratio": 0.5747, "built_surface_ratio": 0.5747, "avg_ground_floor_count": 3.31, "elevation_m": 30.4584, "albedo": 0.1133, "nearest_park_distance_m": 4.5528, "park_area_within_500m": 322204.1592, "nearest_stream_distance_m": 1315.1564, "est_population_density": 18556.8, "dong_elderly_ratio": 0.2141, "dong_avg_age": 44.312, "dong_pop_density": 24974.904, "nearest_shelter_distance_m": 85.0004, "shelter_count_within_500m": 8.48, "est_population": 1159.8, "est_elderly": 252.2, "shelter_capacity_within_500m": 1242.0, "building_form_group": "low_floor_high_density", "dong_name": "전농1동", "top1_feature": "built_surface_ratio", "top1_shap": 0.7769, "top2_feature": "impervious_ratio", "top2_shap": 0.7133, "top3_feature": "building_ratio", "top3_shap": 0.4712, "priority_score": 65.9124, "priority_rank": 28 }, "geometry": { "type": "Polygon", "coordinates": [ [ [ 127.049795605711978, 37.582280048342597 ], [ 127.049782035728526, 37.584533363365203 ], [ 127.052613515893157, 37.584544129112579 ], [ 127.052627000540156, 37.582290813219551 ], [ 127.049795605711978, 37.582280048342597 ] ] ] } },
{ "type": "Feature", "properties": { "display_grid_id": "11230_00158", "gu_code": 11230, "gu_name": "동대문구", "source_cell_count": 13, "area_m2": 62500.0, "mean_actual_lst": 40.4296, "mean_actual_anomaly": 0.2773, "seoul_anomaly": 2.6232, "pred_anomaly": 2.9816, "pred_anomaly_std": 0.8255, "green_delta_c": -0.4548, "building_ratio": 0.3008, "green_ratio": 0.1849, "ndvi": 0.1696, "impervious_ratio": 0.6373, "built_surface_ratio": 0.6373, "avg_ground_floor_count": 3.7491, "elevation_m": 42.6664, "albedo": 0.1139, "nearest_park_distance_m": 15.904, "park_area_within_500m": 216924.6104, "nearest_stream_distance_m": 1496.1452, "est_population_density": 19039.6, "dong_elderly_ratio": 0.2088, "dong_avg_age": 43.872, "dong_pop_density": 23556.92, "nearest_shelter_distance_m": 112.936, "shelter_count_within_500m": 5.84, "est_population": 1190.0, "est_elderly": 248.4, "shelter_capacity_within_500m": 713.7, "building_form_group": "low_floor_high_density", "dong_name": "전농1동", "top1_feature": "built_surface_ratio", "top1_shap": 0.7874, "top2_feature": "impervious_ratio", "top2_shap": 0.736, "top3_feature": "ndvi", "top3_shap": 0.1904, "priority_score": 58.3851, "priority_rank": 73 }, "geometry": { "type": "Polygon", "coordinates": [ [ [ 127.052627000540156, 37.582290813219551 ], [ 127.052613515893157, 37.584544129112579 ], [ 127.055444997559817, 37.584554826943133 ], [ 127.055458396870165, 37.582301510185125 ], [ 127.052627000540156, 37.582290813219551 ] ] ] } },
{ "type": "Feature", "properties": { "display_grid_id": "11230_00159", "gu_code": 11230, "gu_name": "동대문구", "source_cell_count": 14, "area_m2": 62500.0, "mean_actual_lst": 38.721, "mean_actual_anomaly": -1.2794, "seoul_anomaly": 1.0665, "pred_anomaly": 1.5153, "pred_anomaly_std": 0.8658, "green_delta_c": -0.3094, "building_ratio": 0.2261, "green_ratio": 0.2098, "ndvi": 0.2704, "impervious_ratio": 0.6351, "built_surface_ratio": 0.6351, "avg_ground_floor_count": 5.4889, "elevation_m": 41.055, "albedo": 0.1308, "nearest_park_distance_m": 150.1888, "park_area_within_500m": 154216.8912, "nearest_stream_distance_m": 1352.4452, "est_population_density": 18806.0, "dong_elderly_ratio": 0.2132, "dong_avg_age": 44.0, "dong_pop_density": 19510.2, "nearest_shelter_distance_m": 205.1952, "shelter_count_within_500m": 4.8, "est_population": 1175.4, "est_elderly": 250.6, "shelter_capacity_within_500m": 574.8, "building_form_group": "high_floor_low_density", "dong_name": "전농2동", "top1_feature": "built_surface_ratio", "top1_shap": 0.6996, "top2_feature": "impervious_ratio", "top2_shap": 0.6817, "top3_feature": "ndvi", "top3_shap": -0.483, "priority_score": 52.6186, "priority_rank": 122 }, "geometry": { "type": "Polygon", "coordinates": [ [ [ 127.055458396870165, 37.582301510185125 ], [ 127.055444997559817, 37.584554826943133 ], [ 127.058276480718973, 37.584565456856701 ], [ 127.058289794692513, 37.582312139239228 ], [ 127.055458396870165, 37.582301510185125 ] ] ] } },
{ "type": "Feature", "properties": { "display_grid_id": "11230_00160", "gu_code": 11230, "gu_name": "동대문구", "source_cell_count": 9, "area_m2": 62500.0, "mean_actual_lst": 38.8564, "mean_actual_anomaly": -1.1823, "seoul_anomaly": 1.1637, "pred_anomaly": 1.8767, "pred_anomaly_std": 0.9019, "green_delta_c": -0.2762, "building_ratio": 0.2225, "green_ratio": 0.2364, "ndvi": 0.2603, "impervious_ratio": 0.5901, "built_surface_ratio": 0.5901, "avg_ground_floor_count": 2.1683, "elevation_m": 37.9512, "albedo": 0.1322, "nearest_park_distance_m": 179.8444, "park_area_within_500m": 77690.7264, "nearest_stream_distance_m": 1117.7416, "est_population_density": 5975.6, "dong_elderly_ratio": 0.2132, "dong_avg_age": 44.0, "dong_pop_density": 19510.2, "nearest_shelter_distance_m": 316.2428, "shelter_count_within_500m": 3.4, "est_population": 373.5, "est_elderly": 79.7, "shelter_capacity_within_500m": 435.5, "building_form_group": "low_floor_high_density", "dong_name": "전농2동", "top1_feature": "built_surface_ratio", "top1_shap": 0.6799, "top2_feature": "impervious_ratio", "top2_shap": 0.6273, "top3_feature": "ndvi", "top3_shap": -0.404, "priority_score": 44.854, "priority_rank": 189 }, "geometry": { "type": "Polygon", "coordinates": [ [ [ 127.058289794692513, 37.582312139239228 ], [ 127.058276480718973, 37.584565456856701 ], [ 127.061107965361131, 37.584576018853191 ], [ 127.061121193997693, 37.582322700381752 ], [ 127.058289794692513, 37.582312139239228 ] ] ] } },
{ "type": "Feature", "properties": { "display_grid_id": "11230_00161", "gu_code": 11230, "gu_name": "동대문구", "source_cell_count": 12, "area_m2": 62500.0, "mean_actual_lst": 34.4009, "mean_actual_anomaly": -5.4643, "seoul_anomaly": -3.1184, "pred_anomaly": -1.5079, "pred_anomaly_std": 0.8248, "green_delta_c": -0.4251, "building_ratio": 0.102, "green_ratio": 0.5042, "ndvi": 0.4143, "impervious_ratio": 0.3347, "built_surface_ratio": 0.3347, "avg_ground_floor_count": 3.5465, "elevation_m": 55.593, "albedo": 0.1163, "nearest_park_distance_m": 214.3436, "park_area_within_500m": 78289.9672, "nearest_stream_distance_m": 906.8296, "est_population_density": 6949.2, "dong_elderly_ratio": 0.2132, "dong_avg_age": 44.0, "dong_pop_density": 19510.2, "nearest_shelter_distance_m": 329.1644, "shelter_count_within_500m": 1.4, "est_population": 434.3, "est_elderly": 92.7, "shelter_capacity_within_500m": 318.5, "building_form_group": "high_floor_low_density", "dong_name": "전농2동", "top1_feature": "ndvi", "top1_shap": -0.7754, "top2_feature": "green_ratio", "top2_shap": -0.724, "top3_feature": "built_surface_ratio", "top3_shap": 0.0612, "priority_score": 38.6131, "priority_rank": 217 }, "geometry": { "type": "Polygon", "coordinates": [ [ [ 127.061121193997693, 37.582322700381752 ], [ 127.061107965361131, 37.584576018853191 ], [ 127.063939451476799, 37.584586512932496 ], [ 127.063952594776211, 37.58233319361257 ], [ 127.061121193997693, 37.582322700381752 ] ] ] } },
{ "type": "Feature", "properties": { "display_grid_id": "11230_00162", "gu_code": 11230, "gu_name": "동대문구", "source_cell_count": 11, "area_m2": 62500.0, "mean_actual_lst": 35.0009, "mean_actual_anomaly": -4.7156, "seoul_anomaly": -2.3697, "pred_anomaly": -2.0815, "pred_anomaly_std": 0.7235, "green_delta_c": -0.5149, "building_ratio": 0.0734, "green_ratio": 0.5862, "ndvi": 0.4342, "impervious_ratio": 0.2724, "built_surface_ratio": 0.2724, "avg_ground_floor_count": 1.6936, "elevation_m": 68.5629, "albedo": 0.1361, "nearest_park_distance_m": 80.8344, "park_area_within_500m": 98903.2096, "nearest_stream_distance_m": 684.1504, "est_population_density": 3778.4, "dong_elderly_ratio": 0.1837, "dong_avg_age": 41.7, "dong_pop_density": 21854.7, "nearest_shelter_distance_m": 475.5468, "shelter_count_within_500m": 1.08, "est_population": 236.2, "est_elderly": 43.4, "shelter_capacity_within_500m": 226.5, "building_form_group": "no_building", "dong_name": "휘경2동", "top1_feature": "green_ratio", "top1_shap": -0.6835, "top2_feature": "built_surface_ratio", "top2_shap": -0.3233, "top3_feature": "impervious_ratio", "top3_shap": -0.2541, "priority_score": 38.5949, "priority_rank": 218 }, "geometry": { "type": "Polygon", "coordinates": [ [ [ 127.063952594776211, 37.58233319361257 ], [ 127.063939451476799, 37.584586512932496 ], [ 127.066770939056468, 37.584596939094503 ], [ 127.066783997018533, 37.582343618931581 ], [ 127.063952594776211, 37.58233319361257 ] ] ] } },
{ "type": "Feature", "properties": { "display_grid_id": "11230_00163", "gu_code": 11230, "gu_name": "동대문구", "source_cell_count": 11, "area_m2": 62500.0, "mean_actual_lst": 39.3302, "mean_actual_anomaly": -0.7954, "seoul_anomaly": 1.5505, "pred_anomaly": 1.2801, "pred_anomaly_std": 0.7732, "green_delta_c": -0.1633, "building_ratio": 0.1658, "green_ratio": 0.2317, "ndvi": 0.2342, "impervious_ratio": 0.5838, "built_surface_ratio": 0.5838, "avg_ground_floor_count": 9.4219, "elevation_m": 28.9551, "albedo": 0.1223, "nearest_park_distance_m": 71.6424, "park_area_within_500m": 97627.6672, "nearest_stream_distance_m": 486.152, "est_population_density": 26210.4, "dong_elderly_ratio": 0.1837, "dong_avg_age": 41.7, "dong_pop_density": 21854.7, "nearest_shelter_distance_m": 440.2508, "shelter_count_within_500m": 1.08, "est_population": 1638.1, "est_elderly": 301.0, "shelter_capacity_within_500m": 19.5, "building_form_group": "high_floor_low_density", "dong_name": "휘경2동", "top1_feature": "built_surface_ratio", "top1_shap": 0.6466, "top2_feature": "impervious_ratio", "top2_shap": 0.6225, "top3_feature": "green_ratio", "top3_shap": 0.1982, "priority_score": 53.9872, "priority_rank": 112 }, "geometry": { "type": "Polygon", "coordinates": [ [ [ 127.066783997018533, 37.582343618931581 ], [ 127.066770939056468, 37.584596939094503 ], [ 127.06960242809059, 37.584607297339119 ], [ 127.069615400715165, 37.582353976338688 ], [ 127.066783997018533, 37.582343618931581 ] ] ] } },
{ "type": "Feature", "properties": { "display_grid_id": "11230_00164", "gu_code": 11230, "gu_name": "동대문구", "source_cell_count": 11, "area_m2": 62500.0, "mean_actual_lst": 39.242, "mean_actual_anomaly": -1.0158, "seoul_anomaly": 1.3302, "pred_anomaly": 0.6073, "pred_anomaly_std": 0.7241, "green_delta_c": -0.0879, "building_ratio": 0.1786, "green_ratio": 0.2617, "ndvi": 0.2247, "impervious_ratio": 0.4606, "built_surface_ratio": 0.4606, "avg_ground_floor_count": 17.5974, "elevation_m": 22.6752, "albedo": 0.1023, "nearest_park_distance_m": 188.7044, "park_area_within_500m": 106002.1108, "nearest_stream_distance_m": 274.9396, "est_population_density": 53656.72, "dong_elderly_ratio": 0.1837, "dong_avg_age": 41.7, "dong_pop_density": 21854.7, "nearest_shelter_distance_m": 204.3268, "shelter_count_within_500m": 1.96, "est_population": 3353.5, "est_elderly": 616.1, "shelter_capacity_within_500m": 434.8, "building_form_group": "high_floor_low_density", "dong_name": "휘경2동", "top1_feature": "built_surface_ratio", "top1_shap": 0.5549, "top2_feature": "impervious_ratio", "top2_shap": 0.5473, "top3_feature": "avg_ground_floor_count", "top3_shap": -0.4911, "priority_score": 48.4124, "priority_rank": 160 }, "geometry": { "type": "Polygon", "coordinates": [ [ [ 127.069615400715165, 37.582353976338688 ], [ 127.06960242809059, 37.584607297339119 ], [ 127.072433918569729, 37.584617587666209 ], [ 127.072446805856615, 37.582364265833775 ], [ 127.069615400715165, 37.582353976338688 ] ] ] } },
{ "type": "Feature", "properties": { "display_grid_id": "11230_00165", "gu_code": 11230, "gu_name": "동대문구", "source_cell_count": 7, "area_m2": 21486.41, "mean_actual_lst": 38.555, "mean_actual_anomaly": -1.4235, "seoul_anomaly": 0.9224, "pred_anomaly": 0.9637, "pred_anomaly_std": 0.7551, "green_delta_c": -0.1116, "building_ratio": 0.2028, "green_ratio": 0.2328, "ndvi": 0.2126, "impervious_ratio": 0.5001, "built_surface_ratio": 0.5001, "avg_ground_floor_count": 12.1307, "elevation_m": 19.4525, "albedo": 0.1097, "nearest_park_distance_m": 181.6688, "park_area_within_500m": 96521.0085, "nearest_stream_distance_m": 159.9433, "est_population_density": 42942.6187, "dong_elderly_ratio": 0.1837, "dong_avg_age": 41.7, "dong_pop_density": 21854.7, "nearest_shelter_distance_m": 77.4327, "shelter_count_within_500m": 2.7926, "est_population": 922.7, "est_elderly": 169.5, "shelter_capacity_within_500m": 444.1, "building_form_group": "high_floor_low_density", "dong_name": "휘경2동", "top1_feature": "built_surface_ratio", "top1_shap": 0.5794, "top2_feature": "impervious_ratio", "top2_shap": 0.5741, "top3_feature": "avg_ground_floor_count", "top3_shap": -0.4175, "priority_score": 25.6022, "priority_rank": 269 }, "geometry": { "type": "Polygon", "coordinates": [ [ [ 127.072446805856615, 37.582364265833775 ], [ 127.072433918569729, 37.584617587666209 ], [ 127.072457921493793, 37.584617674608353 ], [ 127.07252767, 37.58453839 ], [ 127.072532270000011, 37.5845336 ], [ 127.072563720000019, 37.58449867 ], [ 127.07259182, 37.58446627 ], [ 127.07266002, 37.58438796 ], [ 127.0726694, 37.58437697 ], [ 127.07272258, 37.58431613 ], [ 127.07273018, 37.58430739 ], [ 127.072767989999988, 37.58426401 ], [ 127.07285441, 37.58416541 ], [ 127.0728705, 37.58416230000001 ], [ 127.072985530000011, 37.58402174 ], [ 127.073035, 37.58396117 ], [ 127.07304136, 37.58395329 ], [ 127.07305232, 37.58393976 ], [ 127.07306857, 37.58392005 ], [ 127.07307282, 37.58391498 ], [ 127.07307918, 37.58390709 ], [ 127.07323096, 37.58372229 ], [ 127.07337955, 37.58354116 ], [ 127.07378648, 37.58305016 ], [ 127.073901669999984, 37.582911 ], [ 127.073902909999987, 37.58290537 ], [ 127.073900960000017, 37.58289889 ], [ 127.07390219, 37.58289382 ], [ 127.07392851, 37.5828634 ], [ 127.07393113000002, 37.58287054 ], [ 127.074253990000017, 37.58247662 ], [ 127.074343503015669, 37.58237112055766 ], [ 127.072446805856615, 37.582364265833775 ] ] ] } },
{ "type": "Feature", "properties": { "display_grid_id": "11230_00166", "gu_code": 11230, "gu_name": "동대문구", "source_cell_count": 8, "area_m2": 17159.51, "mean_actual_lst": 42.2952, "mean_actual_anomaly": 2.3798, "seoul_anomaly": 4.7257, "pred_anomaly": 4.2907, "pred_anomaly_std": 0.8821, "green_delta_c": -0.0512, "building_ratio": 0.3715, "green_ratio": 0.2004, "ndvi": 0.086, "impervious_ratio": 0.484, "built_surface_ratio": 0.484, "avg_ground_floor_count": 3.0589, "elevation_m": 33.1647, "albedo": 0.1178, "nearest_park_distance_m": 559.4456, "park_area_within_500m": 0.5218, "nearest_stream_distance_m": 292.4743, "est_population_density": 19161.1814, "dong_elderly_ratio": 0.229, "dong_avg_age": 44.6086, "dong_pop_density": 21393.0346, "nearest_shelter_distance_m": 173.1241, "shelter_count_within_500m": 8.2914, "est_population": 328.8, "est_elderly": 76.8, "shelter_capacity_within_500m": 528.7, "building_form_group": "low_floor_high_density", "dong_name": "제기동", "top1_feature": "built_surface_ratio", "top1_shap": 0.7243, "top2_feature": "impervious_ratio", "top2_shap": 0.675, "top3_feature": "building_ratio", "top3_shap": 0.385, "priority_score": 48.3394, "priority_rank": 162 }, "geometry": { "type": "Polygon", "coordinates": [ [ [ 127.032793186815212, 37.584467342633168 ], [ 127.031090762091736, 37.584460592011581 ], [ 127.03116566, 37.58458897 ], [ 127.0311892, 37.58463064 ], [ 127.03122815, 37.58469989 ], [ 127.0313384, 37.58481839 ], [ 127.031378870000012, 37.58486292 ], [ 127.03140211, 37.58488849 ], [ 127.031409899999986, 37.58489806 ], [ 127.03142275, 37.58491787 ], [ 127.03143292, 37.58493353 ], [ 127.03147455, 37.58499706 ], [ 127.03155062, 37.585113130000011 ], [ 127.031587270000017, 37.58516831 ], [ 127.03158833, 37.58518098 ], [ 127.031595949999982, 37.58520829 ], [ 127.03161756, 37.58528599000001 ], [ 127.03162918, 37.58532525 ], [ 127.03163864, 37.58535722 ], [ 127.03164289, 37.58536088 ], [ 127.03167473, 37.585366220000012 ], [ 127.03168031, 37.58536451 ], [ 127.031700380000018, 37.58535495 ], [ 127.03170781, 37.58535579 ], [ 127.03171538, 37.58535837 ], [ 127.03174426, 37.58536818000001 ], [ 127.03176389, 37.5853769 ], [ 127.03187253, 37.58542079 ], [ 127.031882790000012, 37.58542586 ], [ 127.03192066, 37.58544978 ], [ 127.031926060000018, 37.58545408 ], [ 127.03195146, 37.58547427 ], [ 127.03198135, 37.58549003 ], [ 127.03199693, 37.58549819 ], [ 127.03201957, 37.58551226 ], [ 127.03203427, 37.58552098 ], [ 127.03205249, 37.58552886 ], [ 127.03207043, 37.58553644 ], [ 127.032077789999988, 37.58553956 ], [ 127.032115840000017, 37.58555897 ], [ 127.032134270000014, 37.58557756 ], [ 127.03214697, 37.5855905 ], [ 127.0321937, 37.5856209 ], [ 127.03222908, 37.58564341 ], [ 127.03223457, 37.58564622 ], [ 127.03227757, 37.58566142 ], [ 127.03228301, 37.58566384 ], [ 127.0322972, 37.58567015 ], [ 127.032301979999986, 37.58567859 ], [ 127.03229969, 37.58568366 ], [ 127.032260440000016, 37.58575012 ], [ 127.03223621, 37.58576898 ], [ 127.03223171, 37.58577294 ], [ 127.032225950000011, 37.58577799 ], [ 127.032214280000019, 37.58578842 ], [ 127.0321897, 37.58579631 ], [ 127.03217378, 37.5858011 ], [ 127.032150050000013, 37.58580454 ], [ 127.03214265, 37.58580561 ], [ 127.03211381, 37.58580956 ], [ 127.03206907000002, 37.58585574 ], [ 127.032069080000014, 37.58586307 ], [ 127.03246119, 37.58609976 ], [ 127.032781831350292, 37.586284186779992 ], [ 127.032793186815212, 37.584467342633168 ] ] ] } },
{ "type": "Feature", "properties": { "display_grid_id": "11230_00167", "gu_code": 11230, "gu_name": "동대문구", "source_cell_count": 16, "area_m2": 61227.12, "mean_actual_lst": 42.4358, "mean_actual_anomaly": 2.7297, "seoul_anomaly": 5.0756, "pred_anomaly": 3.9001, "pred_anomaly_std": 0.746, "green_delta_c": -0.0577, "building_ratio": 0.4032, "green_ratio": 0.1782, "ndvi": 0.0816, "impervious_ratio": 0.5649, "built_surface_ratio": 0.5649, "avg_ground_floor_count": 3.0816, "elevation_m": 26.6655, "albedo": 0.1144, "nearest_park_distance_m": 399.0935, "park_area_within_500m": 12869.3723, "nearest_stream_distance_m": 146.9589, "est_population_density": 21085.2278, "dong_elderly_ratio": 0.2343, "dong_avg_age": 45.0, "dong_pop_density": 21726.7, "nearest_shelter_distance_m": 110.9034, "shelter_count_within_500m": 8.735, "est_population": 1291.0, "est_elderly": 302.5, "shelter_capacity_within_500m": 1638.1, "building_form_group": "low_floor_high_density", "dong_name": "제기동", "top1_feature": "built_surface_ratio", "top1_shap": 0.7725, "top2_feature": "impervious_ratio", "top2_shap": 0.7056, "top3_feature": "building_ratio", "top3_shap": 0.5114, "priority_score": 59.0328, "priority_rank": 66 }, "geometry": { "type": "Polygon", "coordinates": [ [ [ 127.035610659546109, 37.586731825600488 ], [ 127.035624657768153, 37.584478515879319 ], [ 127.032793186815212, 37.584467342633168 ], [ 127.032781831350292, 37.586284186779992 ], [ 127.03284234, 37.58631899 ], [ 127.03303275, 37.5864493 ], [ 127.033320860000018, 37.58671895 ], [ 127.033322937973097, 37.586722802852144 ], [ 127.035610659546109, 37.586731825600488 ] ] ] } },
{ "type": "Feature", "properties": { "display_grid_id": "11230_00168", "gu_code": 11230, "gu_name": "동대문구", "source_cell_count": 15, "area_m2": 62500.0, "mean_actual_lst": 42.1854, "mean_actual_anomaly": 2.679, "seoul_anomaly": 5.0249, "pred_anomaly": 3.6357, "pred_anomaly_std": 0.7602, "green_delta_c": -0.1838, "building_ratio": 0.3151, "green_ratio": 0.1882, "ndvi": 0.1078, "impervious_ratio": 0.5775, "built_surface_ratio": 0.5775, "avg_ground_floor_count": 2.8488, "elevation_m": 22.0127, "albedo": 0.1182, "nearest_park_distance_m": 187.8696, "park_area_within_500m": 86416.3504, "nearest_stream_distance_m": 79.5848, "est_population_density": 15602.0, "dong_elderly_ratio": 0.2343, "dong_avg_age": 45.0, "dong_pop_density": 21726.7, "nearest_shelter_distance_m": 114.8008, "shelter_count_within_500m": 8.48, "est_population": 975.1, "est_elderly": 228.5, "shelter_capacity_within_500m": 1776.3, "building_form_group": "low_floor_high_density", "dong_name": "제기동", "top1_feature": "built_surface_ratio", "top1_shap": 0.7712, "top2_feature": "impervious_ratio", "top2_shap": 0.7252, "top3_feature": "ndvi", "top3_shap": 0.376, "priority_score": 59.5073, "priority_rank": 63 }, "geometry": { "type": "Polygon", "coordinates": [ [ [ 127.035624657768153, 37.584478515879319 ], [ 127.035610659546109, 37.586731825600488 ], [ 127.038442217403158, 37.586742931828425 ], [ 127.038456130280196, 37.584489621209308 ], [ 127.035624657768153, 37.584478515879319 ] ] ] } },
{ "type": "Feature", "properties": { "display_grid_id": "11230_00169", "gu_code": 11230, "gu_name": "동대문구", "source_cell_count": 14, "area_m2": 62500.0, "mean_actual_lst": 42.8316, "mean_actual_anomaly": 3.3118, "seoul_anomaly": 5.6577, "pred_anomaly": 4.0115, "pred_anomaly_std": 0.671, "green_delta_c": -0.2993, "building_ratio": 0.3689, "green_ratio": 0.1796, "ndvi": 0.1422, "impervious_ratio": 0.6516, "built_surface_ratio": 0.6516, "avg_ground_floor_count": 2.6994, "elevation_m": 21.4534, "albedo": 0.1293, "nearest_park_distance_m": 84.7184, "park_area_within_500m": 191334.4376, "nearest_stream_distance_m": 294.4696, "est_population_density": 17177.2, "dong_elderly_ratio": 0.2343, "dong_avg_age": 45.0, "dong_pop_density": 21726.7, "nearest_shelter_distance_m": 100.6744, "shelter_count_within_500m": 7.76, "est_population": 1073.6, "est_elderly": 251.4, "shelter_capacity_within_500m": 1568.7, "building_form_group": "low_floor_high_density", "dong_name": "제기동", "top1_feature": "built_surface_ratio", "top1_shap": 0.8243, "top2_feature": "impervious_ratio", "top2_shap": 0.7596, "top3_feature": "building_ratio", "top3_shap": 0.4665, "priority_score": 68.604, "priority_rank": 20 }, "geometry": { "type": "Polygon", "coordinates": [ [ [ 127.038456130280196, 37.584489621209308 ], [ 127.038442217403158, 37.586742931828425 ], [ 127.041273776809959, 37.586753970134588 ], [ 127.041287604341704, 37.584500658622993 ], [ 127.038456130280196, 37.584489621209308 ] ] ] } },
{ "type": "Feature", "properties": { "display_grid_id": "11230_00170", "gu_code": 11230, "gu_name": "동대문구", "source_cell_count": 15, "area_m2": 62500.0, "mean_actual_lst": 42.7774, "mean_actual_anomaly": 2.8638, "seoul_anomaly": 5.2097, "pred_anomaly": 4.0929, "pred_anomaly_std": 0.6535, "green_delta_c": -0.2621, "building_ratio": 0.394, "green_ratio": 0.1889, "ndvi": 0.1261, "impervious_ratio": 0.6285, "built_surface_ratio": 0.6285, "avg_ground_floor_count": 2.382, "elevation_m": 21.9031, "albedo": 0.1238, "nearest_park_distance_m": 16.9056, "park_area_within_500m": 325201.2484, "nearest_stream_distance_m": 533.2944, "est_population_density": 16019.2, "dong_elderly_ratio": 0.2814, "dong_avg_age": 48.536, "dong_pop_density": 17223.604, "nearest_shelter_distance_m": 150.502, "shelter_count_within_500m": 7.16, "est_population": 1001.2, "est_elderly": 280.6, "shelter_capacity_within_500m": 1760.5, "building_form_group": "low_floor_high_density", "dong_name": "청량리동", "top1_feature": "built_surface_ratio", "top1_shap": 0.7605, "top2_feature": "impervious_ratio", "top2_shap": 0.7233, "top3_feature": "building_ratio", "top3_shap": 0.5121, "priority_score": 70.8394, "priority_rank": 12 }, "geometry": { "type": "Polygon", "coordinates": [ [ [ 127.041287604341704, 37.584500658622993 ], [ 127.041273776809959, 37.586753970134588 ], [ 127.044105337756946, 37.586764940518854 ], [ 127.0441190799433, 37.584511628120289 ], [ 127.041287604341704, 37.584500658622993 ] ] ] } },
{ "type": "Feature", "properties": { "display_grid_id": "11230_00171", "gu_code": 11230, "gu_name": "동대문구", "source_cell_count": 15, "area_m2": 62500.0, "mean_actual_lst": 40.2415, "mean_actual_anomaly": 0.1327, "seoul_anomaly": 2.4786, "pred_anomaly": 1.9598, "pred_anomaly_std": 0.7649, "green_delta_c": -0.16, "building_ratio": 0.285, "green_ratio": 0.2191, "ndvi": 0.1766, "impervious_ratio": 0.5439, "built_surface_ratio": 0.5439, "avg_ground_floor_count": 8.9507, "elevation_m": 35.8008, "albedo": 0.1055, "nearest_park_distance_m": 0.0, "park_area_within_500m": 381620.358, "nearest_stream_distance_m": 754.4472, "est_population_density": 38060.8, "dong_elderly_ratio": 0.3036, "dong_avg_age": 50.2, "dong_pop_density": 15104.5, "nearest_shelter_distance_m": 77.1396, "shelter_count_within_500m": 8.84, "est_population": 2378.8, "est_elderly": 722.2, "shelter_capacity_within_500m": 2420.0, "building_form_group": "high_floor_high_density", "dong_name": "청량리동", "top1_feature": "built_surface_ratio", "top1_shap": 0.6255, "top2_feature": "impervious_ratio", "top2_shap": 0.6095, "top3_feature": "avg_ground_floor_count", "top3_shap": -0.2539, "priority_score": 52.646, "priority_rank": 121 }, "geometry": { "type": "Polygon", "coordinates": [ [ [ 127.0441190799433, 37.584511628120289 ], [ 127.044105337756946, 37.586764940518854 ], [ 127.046936900234655, 37.586775842981105 ], [ 127.046950557075391, 37.584522529701054 ], [ 127.0441190799433, 37.584511628120289 ] ] ] } },
{ "type": "Feature", "properties": { "display_grid_id": "11230_00172", "gu_code": 11230, "gu_name": "동대문구", "source_cell_count": 13, "area_m2": 62500.0, "mean_actual_lst": 41.7401, "mean_actual_anomaly": 1.3205, "seoul_anomaly": 3.6665, "pred_anomaly": 3.0545, "pred_anomaly_std": 0.707, "green_delta_c": -0.3575, "building_ratio": 0.3245, "green_ratio": 0.2183, "ndvi": 0.1392, "impervious_ratio": 0.4961, "built_surface_ratio": 0.4961, "avg_ground_floor_count": 3.9459, "elevation_m": 38.4766, "albedo": 0.12, "nearest_park_distance_m": 5.5548, "park_area_within_500m": 361248.9976, "nearest_stream_distance_m": 995.4788, "est_population_density": 19790.0, "dong_elderly_ratio": 0.3036, "dong_avg_age": 50.2, "dong_pop_density": 15104.5, "nearest_shelter_distance_m": 123.6756, "shelter_count_within_500m": 9.68, "est_population": 1236.9, "est_elderly": 375.7, "shelter_capacity_within_500m": 2489.7, "building_form_group": "low_floor_high_density", "dong_name": "청량리동", "top1_feature": "built_surface_ratio", "top1_shap": 0.6482, "top2_feature": "impervious_ratio", "top2_shap": 0.6176, "top3_feature": "building_ratio", "top3_shap": 0.4139, "priority_score": 68.9781, "priority_rank": 19 }, "geometry": { "type": "Polygon", "coordinates": [ [ [ 127.046950557075391, 37.584522529701054 ], [ 127.046936900234655, 37.586775842981105 ], [ 127.049768464233566, 37.586786677521239 ], [ 127.049782035728526, 37.584533363365203 ], [ 127.046950557075391, 37.584522529701054 ] ] ] } },
{ "type": "Feature", "properties": { "display_grid_id": "11230_00173", "gu_code": 11230, "gu_name": "동대문구", "source_cell_count": 14, "area_m2": 62500.0, "mean_actual_lst": 42.0615, "mean_actual_anomaly": 1.6788, "seoul_anomaly": 4.0248, "pred_anomaly": 3.329, "pred_anomaly_std": 0.74, "green_delta_c": -0.4813, "building_ratio": 0.2735, "green_ratio": 0.1797, "ndvi": 0.1169, "impervious_ratio": 0.6022, "built_surface_ratio": 0.6022, "avg_ground_floor_count": 4.5422, "elevation_m": 33.1898, "albedo": 0.1114, "nearest_park_distance_m": 25.814, "park_area_within_500m": 274179.8568, "nearest_stream_distance_m": 1218.7828, "est_population_density": 16740.4, "dong_elderly_ratio": 0.2725, "dong_avg_age": 48.152, "dong_pop_density": 18537.684, "nearest_shelter_distance_m": 124.1628, "shelter_count_within_500m": 8.96, "est_population": 1046.3, "est_elderly": 294.4, "shelter_capacity_within_500m": 1859.7, "building_form_group": "high_floor_low_density", "dong_name": "청량리동", "top1_feature": "built_surface_ratio", "top1_shap": 0.8087, "top2_feature": "impervious_ratio", "top2_shap": 0.7404, "top3_feature": "ndvi", "top3_shap": 0.4828, "priority_score": 73.1478, "priority_rank": 8 }, "geometry": { "type": "Polygon", "coordinates": [ [ [ 127.049782035728526, 37.584533363365203 ], [ 127.049768464233566, 37.586786677521239 ], [ 127.052600029744156, 37.58679744413913 ], [ 127.052613515893157, 37.584544129112579 ], [ 127.049782035728526, 37.584533363365203 ] ] ] } },
{ "type": "Feature", "properties": { "display_grid_id": "11230_00174", "gu_code": 11230, "gu_name": "동대문구", "source_cell_count": 15, "area_m2": 62500.0, "mean_actual_lst": 41.2132, "mean_actual_anomaly": 1.1874, "seoul_anomaly": 3.5334, "pred_anomaly": 3.3667, "pred_anomaly_std": 0.6439, "green_delta_c": -0.221, "building_ratio": 0.3936, "green_ratio": 0.2091, "ndvi": 0.1052, "impervious_ratio": 0.4944, "built_surface_ratio": 0.4944, "avg_ground_floor_count": 3.6267, "elevation_m": 38.8372, "albedo": 0.106, "nearest_park_distance_m": 126.3008, "park_area_within_500m": 180713.9912, "nearest_stream_distance_m": 1421.9884, "est_population_density": 23387.6, "dong_elderly_ratio": 0.2018, "dong_avg_age": 43.38, "dong_pop_density": 25037.5, "nearest_shelter_distance_m": 160.1336, "shelter_count_within_500m": 5.88, "est_population": 1461.7, "est_elderly": 294.5, "shelter_capacity_within_500m": 784.5, "building_form_group": "low_floor_high_density", "dong_name": "전농1동", "top1_feature": "built_surface_ratio", "top1_shap": 0.6371, "top2_feature": "impervious_ratio", "top2_shap": 0.5238, "top3_feature": "building_ratio", "top3_shap": 0.5043, "priority_score": 60.9398, "priority_rank": 50 }, "geometry": { "type": "Polygon", "coordinates": [ [ [ 127.052613515893157, 37.584544129112579 ], [ 127.052600029744156, 37.58679744413913 ], [ 127.055431596756947, 37.586808142834677 ], [ 127.055444997559817, 37.584554826943133 ], [ 127.052613515893157, 37.584544129112579 ] ] ] } },
{ "type": "Feature", "properties": { "display_grid_id": "11230_00175", "gu_code": 11230, "gu_name": "동대문구", "source_cell_count": 15, "area_m2": 62500.0, "mean_actual_lst": 41.0925, "mean_actual_anomaly": 1.1664, "seoul_anomaly": 3.5124, "pred_anomaly": 2.6683, "pred_anomaly_std": 0.7947, "green_delta_c": -0.4112, "building_ratio": 0.2626, "green_ratio": 0.207, "ndvi": 0.1812, "impervious_ratio": 0.5805, "built_surface_ratio": 0.5805, "avg_ground_floor_count": 4.062, "elevation_m": 38.4795, "albedo": 0.1288, "nearest_park_distance_m": 176.416, "park_area_within_500m": 136564.5952, "nearest_stream_distance_m": 1268.2164, "est_population_density": 15608.4, "dong_elderly_ratio": 0.2026, "dong_avg_age": 43.172, "dong_pop_density": 20354.22, "nearest_shelter_distance_m": 171.712, "shelter_count_within_500m": 4.36, "est_population": 975.5, "est_elderly": 192.8, "shelter_capacity_within_500m": 456.0, "building_form_group": "low_floor_high_density", "dong_name": "전농2동", "top1_feature": "built_surface_ratio", "top1_shap": 0.6841, "top2_feature": "impervious_ratio", "top2_shap": 0.6663, "top3_feature": "building_ratio", "top3_shap": 0.2384, "priority_score": 63.6679, "priority_rank": 37 }, "geometry": { "type": "Polygon", "coordinates": [ [ [ 127.055444997559817, 37.584554826943133 ], [ 127.055431596756947, 37.586808142834677 ], [ 127.058263165262417, 37.58681877360776 ], [ 127.058276480718973, 37.584565456856701 ], [ 127.055444997559817, 37.584554826943133 ] ] ] } },
{ "type": "Feature", "properties": { "display_grid_id": "11230_00176", "gu_code": 11230, "gu_name": "동대문구", "source_cell_count": 15, "area_m2": 62500.0, "mean_actual_lst": 39.9621, "mean_actual_anomaly": 0.0522, "seoul_anomaly": 2.3981, "pred_anomaly": 3.0914, "pred_anomaly_std": 0.7813, "green_delta_c": -0.2007, "building_ratio": 0.3661, "green_ratio": 0.2102, "ndvi": 0.1518, "impervious_ratio": 0.5573, "built_surface_ratio": 0.5573, "avg_ground_floor_count": 3.6452, "elevation_m": 37.8472, "albedo": 0.1309, "nearest_park_distance_m": 33.2336, "park_area_within_500m": 100583.2852, "nearest_stream_distance_m": 1018.1568, "est_population_density": 21845.6, "dong_elderly_ratio": 0.1955, "dong_avg_age": 42.62, "dong_pop_density": 20916.9, "nearest_shelter_distance_m": 321.3404, "shelter_count_within_500m": 2.64, "est_population": 1365.3, "est_elderly": 270.5, "shelter_capacity_within_500m": 432.0, "building_form_group": "low_floor_high_density", "dong_name": "휘경2동", "top1_feature": "built_surface_ratio", "top1_shap": 0.6402, "top2_feature": "impervious_ratio", "top2_shap": 0.5769, "top3_feature": "building_ratio", "top3_shap": 0.3061, "priority_score": 57.9015, "priority_rank": 80 }, "geometry": { "type": "Polygon", "coordinates": [ [ [ 127.058276480718973, 37.584565456856701 ], [ 127.058263165262417, 37.58681877360776 ], [ 127.061094735251075, 37.58682933645828 ], [ 127.061107965361131, 37.584576018853191 ], [ 127.058276480718973, 37.584565456856701 ] ] ] } },
{ "type": "Feature", "properties": { "display_grid_id": "11230_00177", "gu_code": 11230, "gu_name": "동대문구", "source_cell_count": 16, "area_m2": 62500.0, "mean_actual_lst": 37.8849, "mean_actual_anomaly": -2.0074, "seoul_anomaly": 0.3386, "pred_anomaly": 1.4289, "pred_anomaly_std": 0.8722, "green_delta_c": -0.245, "building_ratio": 0.2345, "green_ratio": 0.29, "ndvi": 0.269, "impervious_ratio": 0.5125, "built_surface_ratio": 0.5125, "avg_ground_floor_count": 2.9756, "elevation_m": 46.4325, "albedo": 0.1259, "nearest_park_distance_m": 38.3344, "park_area_within_500m": 110596.594, "nearest_stream_distance_m": 792.1144, "est_population_density": 11640.0, "dong_elderly_ratio": 0.1955, "dong_avg_age": 42.62, "dong_pop_density": 20916.9, "nearest_shelter_distance_m": 371.5412, "shelter_count_within_500m": 1.68, "est_population": 727.5, "est_elderly": 144.3, "shelter_capacity_within_500m": 326.0, "building_form_group": "low_floor_high_density", "dong_name": "휘경2동", "top1_feature": "ndvi", "top1_shap": -0.5256, "top2_feature": "built_surface_ratio", "top2_shap": 0.545, "top3_feature": "impervious_ratio", "top3_shap": 0.5158, "priority_score": 41.7883, "priority_rank": 204 }, "geometry": { "type": "Polygon", "coordinates": [ [ [ 127.061107965361131, 37.584576018853191 ], [ 127.061094735251075, 37.58682933645828 ], [ 127.063926306713398, 37.586839831386122 ], [ 127.063939451476799, 37.584586512932496 ], [ 127.061107965361131, 37.584576018853191 ] ] ] } },
{ "type": "Feature", "properties": { "display_grid_id": "11230_00178", "gu_code": 11230, "gu_name": "동대문구", "source_cell_count": 12, "area_m2": 62500.0, "mean_actual_lst": 36.6384, "mean_actual_anomaly": -3.107, "seoul_anomaly": -0.761, "pred_anomaly": -0.7051, "pred_anomaly_std": 0.7746, "green_delta_c": -0.2933, "building_ratio": 0.1148, "green_ratio": 0.4706, "ndvi": 0.3871, "impervious_ratio": 0.3833, "built_surface_ratio": 0.3833, "avg_ground_floor_count": 2.1306, "elevation_m": 49.0531, "albedo": 0.1196, "nearest_park_distance_m": 47.892, "park_area_within_500m": 110141.866, "nearest_stream_distance_m": 555.0244, "est_population_density": 5780.0, "dong_elderly_ratio": 0.1837, "dong_avg_age": 41.7, "dong_pop_density": 21854.7, "nearest_shelter_distance_m": 488.7272, "shelter_count_within_500m": 1.04, "est_population": 361.3, "est_elderly": 66.3, "shelter_capacity_within_500m": 235.0, "building_form_group": "low_floor_low_density", "dong_name": "휘경2동", "top1_feature": "ndvi", "top1_shap": -0.8455, "top2_feature": "green_ratio", "top2_shap": -0.6806, "top3_feature": "built_surface_ratio", "top3_shap": 0.2539, "priority_score": 36.9343, "priority_rank": 226 }, "geometry": { "type": "Polygon", "coordinates": [ [ [ 127.063939451476799, 37.584586512932496 ], [ 127.063926306713398, 37.586839831386122 ], [ 127.06675787963988, 37.586850258391181 ], [ 127.066770939056468, 37.584596939094503 ], [ 127.063939451476799, 37.584586512932496 ] ] ] } },
{ "type": "Feature", "properties": { "display_grid_id": "11230_00179", "gu_code": 11230, "gu_name": "동대문구", "source_cell_count": 15, "area_m2": 62500.0, "mean_actual_lst": 40.4766, "mean_actual_anomaly": 0.529, "seoul_anomaly": 2.8749, "pred_anomaly": 2.1356, "pred_anomaly_std": 0.8146, "green_delta_c": -0.3075, "building_ratio": 0.2162, "green_ratio": 0.2028, "ndvi": 0.2431, "impervious_ratio": 0.6298, "built_surface_ratio": 0.6298, "avg_ground_floor_count": 5.9154, "elevation_m": 22.8745, "albedo": 0.1281, "nearest_park_distance_m": 47.2368, "park_area_within_500m": 94418.4156, "nearest_stream_distance_m": 344.4428, "est_population_density": 17252.8, "dong_elderly_ratio": 0.1837, "dong_avg_age": 41.7, "dong_pop_density": 21854.7, "nearest_shelter_distance_m": 457.7552, "shelter_count_within_500m": 1.28, "est_population": 1078.3, "est_elderly": 198.1, "shelter_capacity_within_500m": 45.0, "building_form_group": "low_floor_low_density", "dong_name": "휘경2동", "top1_feature": "built_surface_ratio", "top1_shap": 0.7331, "top2_feature": "impervious_ratio", "top2_shap": 0.6994, "top3_feature": "green_ratio", "top3_shap": 0.18, "priority_score": 63.7409, "priority_rank": 36 }, "geometry": { "type": "Polygon", "coordinates": [ [ [ 127.066770939056468, 37.584596939094503 ], [ 127.06675787963988, 37.586850258391181 ], [ 127.069589454021042, 37.586860617473334 ], [ 127.06960242809059, 37.584607297339119 ], [ 127.066770939056468, 37.584596939094503 ] ] ] } },
{ "type": "Feature", "properties": { "display_grid_id": "11230_00180", "gu_code": 11230, "gu_name": "동대문구", "source_cell_count": 14, "area_m2": 60841.49, "mean_actual_lst": 39.7345, "mean_actual_anomaly": -0.4831, "seoul_anomaly": 1.8629, "pred_anomaly": 1.6936, "pred_anomaly_std": 0.7747, "green_delta_c": -0.3202, "building_ratio": 0.1368, "green_ratio": 0.2654, "ndvi": 0.2157, "impervious_ratio": 0.4715, "built_surface_ratio": 0.4715, "avg_ground_floor_count": 3.1298, "elevation_m": 18.2512, "albedo": 0.1492, "nearest_park_distance_m": 111.4298, "park_area_within_500m": 79751.9232, "nearest_stream_distance_m": 131.9489, "est_population_density": 10127.957, "dong_elderly_ratio": 0.1873, "dong_avg_age": 42.2484, "dong_pop_density": 22930.1783, "nearest_shelter_distance_m": 314.3417, "shelter_count_within_500m": 4.5263, "est_population": 616.2, "est_elderly": 113.2, "shelter_capacity_within_500m": 819.1, "building_form_group": "low_floor_low_density", "dong_name": "휘경2동", "top1_feature": "impervious_ratio", "top1_shap": 0.6045, "top2_feature": "built_surface_ratio", "top2_shap": 0.5844, "top3_feature": "building_ratio", "top3_shap": -0.0952, "priority_score": 48.8869, "priority_rank": 153 }, "geometry": { "type": "Polygon", "coordinates": [ [ [ 127.072433918569729, 37.584617587666209 ], [ 127.06960242809059, 37.584607297339119 ], [ 127.069589454021042, 37.586860617473334 ], [ 127.072337056366237, 37.586870604414287 ], [ 127.07236514, 37.58682531 ], [ 127.072360840000016, 37.58676872 ], [ 127.07236048, 37.58675632 ], [ 127.072384110000016, 37.58667296 ], [ 127.072387469999981, 37.5866693 ], [ 127.072422276332176, 37.586652998079046 ], [ 127.072427089933655, 37.585811461865674 ], [ 127.072344819999984, 37.5855431 ], [ 127.07230845, 37.58542487 ], [ 127.07217182, 37.58499135 ], [ 127.07216880999998, 37.58498206 ], [ 127.072160640000021, 37.5849556 ], [ 127.0721825, 37.58493075 ], [ 127.07243376099207, 37.584645138314393 ], [ 127.072433918569729, 37.584617587666209 ] ] ] } },
{ "type": "Feature", "properties": { "display_grid_id": "11230_00181", "gu_code": 11230, "gu_name": "동대문구", "source_cell_count": 4, "area_m2": 917.44, "mean_actual_lst": 37.0951, "mean_actual_anomaly": -3.3235, "seoul_anomaly": -0.9776, "pred_anomaly": -1.0318, "pred_anomaly_std": 0.8434, "green_delta_c": -0.9929, "building_ratio": 0.0, "green_ratio": 0.3207, "ndvi": 0.2361, "impervious_ratio": 0.2986, "built_surface_ratio": 0.2986, "avg_ground_floor_count": 0.0, "elevation_m": 15.2647, "albedo": 0.1231, "nearest_park_distance_m": 139.5939, "park_area_within_500m": 51328.7827, "nearest_stream_distance_m": 19.3667, "est_population_density": 0.0, "dong_elderly_ratio": 0.2137, "dong_avg_age": 46.2838, "dong_pop_density": 30844.0513, "nearest_shelter_distance_m": 252.0372, "shelter_count_within_500m": 5.7496, "est_population": 0.0, "est_elderly": 0.0, "shelter_capacity_within_500m": 28.1, "building_form_group": "no_building", "dong_name": "휘경2동", "top1_feature": "built_surface_ratio", "top1_shap": 0.1232, "top2_feature": "impervious_ratio", "top2_shap": 0.2677, "top3_feature": "building_ratio", "top3_shap": -0.5898, "priority_score": 35.5748, "priority_rank": 235 }, "geometry": { "type": "MultiPolygon", "coordinates": [ [ [ [ 127.07243376099207, 37.584645138314393 ], [ 127.072457921493793, 37.584617674608353 ], [ 127.072433918569729, 37.584617587666209 ], [ 127.07243376099207, 37.584645138314393 ] ] ], [ [ [ 127.07249762, 37.58661771 ], [ 127.072523440000012, 37.58659771 ], [ 127.07260687, 37.5865329 ], [ 127.07264223, 37.58650923 ], [ 127.072514829999989, 37.586097950000017 ], [ 127.07249193, 37.586023350000012 ], [ 127.072484130000021, 37.58599773 ], [ 127.07247755, 37.58597606 ], [ 127.072427089933655, 37.585811461865674 ], [ 127.072422276332176, 37.586652998079046 ], [ 127.07249762, 37.58661771 ] ] ] ] } },
{ "type": "Feature", "properties": { "display_grid_id": "11230_00182", "gu_code": 11230, "gu_name": "동대문구", "source_cell_count": 8, "area_m2": 28165.13, "mean_actual_lst": 42.8519, "mean_actual_anomaly": 3.137, "seoul_anomaly": 5.4829, "pred_anomaly": 3.886, "pred_anomaly_std": 0.6727, "green_delta_c": -0.0641, "building_ratio": 0.4203, "green_ratio": 0.1866, "ndvi": 0.1019, "impervious_ratio": 0.5825, "built_surface_ratio": 0.5825, "avg_ground_floor_count": 2.6027, "elevation_m": 25.404, "albedo": 0.1126, "nearest_park_distance_m": 293.7678, "park_area_within_500m": 39255.8163, "nearest_stream_distance_m": 166.4035, "est_population_density": 18441.844, "dong_elderly_ratio": 0.2343, "dong_avg_age": 45.0, "dong_pop_density": 21726.7, "nearest_shelter_distance_m": 178.3175, "shelter_count_within_500m": 7.6618, "est_population": 519.4, "est_elderly": 121.7, "shelter_capacity_within_500m": 940.2, "building_form_group": "low_floor_high_density", "dong_name": "제기동", "top1_feature": "built_surface_ratio", "top1_shap": 0.7326, "top2_feature": "impervious_ratio", "top2_shap": 0.6918, "top3_feature": "building_ratio", "top3_shap": 0.566, "priority_score": 55.1095, "priority_rank": 105 }, "geometry": { "type": "Polygon", "coordinates": [ [ [ 127.035596659764806, 37.588985134454838 ], [ 127.035610659546109, 37.586731825600488 ], [ 127.033322937973097, 37.586722802852144 ], [ 127.03350958999998, 37.58706888 ], [ 127.033666950000011, 37.58728029 ], [ 127.033808710000017, 37.58743562 ], [ 127.03388147, 37.58751534 ], [ 127.033921099999986, 37.58754979 ], [ 127.034010660000021, 37.58762764 ], [ 127.034297179999982, 37.58787702 ], [ 127.03432028, 37.5878973 ], [ 127.034339829999979, 37.58791445 ], [ 127.034469550000011, 37.58802929 ], [ 127.03448224, 37.58804053 ], [ 127.03452353, 37.58807714 ], [ 127.03459449, 37.58813878 ], [ 127.03461723, 37.58815732 ], [ 127.03462865, 37.58816665 ], [ 127.034793070000021, 37.58830062 ], [ 127.03483111, 37.5883313 ], [ 127.03491924, 37.58840027 ], [ 127.035542740000011, 37.588930529999985 ], [ 127.03555673, 37.58895024 ], [ 127.035580054365212, 37.588985069119772 ], [ 127.035596659764806, 37.588985134454838 ] ] ] } },
{ "type": "Feature", "properties": { "display_grid_id": "11230_00183", "gu_code": 11230, "gu_name": "동대문구", "source_cell_count": 15, "area_m2": 62500.0, "mean_actual_lst": 41.9521, "mean_actual_anomaly": 2.4457, "seoul_anomaly": 4.7916, "pred_anomaly": 3.6006, "pred_anomaly_std": 0.7423, "green_delta_c": -0.1333, "building_ratio": 0.2782, "green_ratio": 0.1823, "ndvi": 0.0894, "impervious_ratio": 0.5565, "built_surface_ratio": 0.5565, "avg_ground_floor_count": 4.4782, "elevation_m": 24.7474, "albedo": 0.1133, "nearest_park_distance_m": 122.5472, "park_area_within_500m": 110952.796, "nearest_stream_distance_m": 51.9872, "est_population_density": 21602.0, "dong_elderly_ratio": 0.2343, "dong_avg_age": 45.0, "dong_pop_density": 21726.7, "nearest_shelter_distance_m": 175.7592, "shelter_count_within_500m": 7.6, "est_population": 1350.1, "est_elderly": 316.4, "shelter_capacity_within_500m": 1572.3, "building_form_group": "low_floor_low_density", "dong_name": "제기동", "top1_feature": "built_surface_ratio", "top1_shap": 0.7874, "top2_feature": "impervious_ratio", "top2_shap": 0.724, "top3_feature": "ndvi", "top3_shap": 0.3656, "priority_score": 67.6642, "priority_rank": 23 }, "geometry": { "type": "Polygon", "coordinates": [ [ [ 127.035610659546109, 37.586731825600488 ], [ 127.035596659764806, 37.588985134454838 ], [ 127.038428302976442, 37.588996241580794 ], [ 127.038442217403158, 37.586742931828425 ], [ 127.035610659546109, 37.586731825600488 ] ] ] } },
{ "type": "Feature", "properties": { "display_grid_id": "11230_00184", "gu_code": 11230, "gu_name": "동대문구", "source_cell_count": 14, "area_m2": 62500.0, "mean_actual_lst": 43.3155, "mean_actual_anomaly": 3.6166, "seoul_anomaly": 5.9626, "pred_anomaly": 3.8703, "pred_anomaly_std": 0.8064, "green_delta_c": -0.2782, "building_ratio": 0.4291, "green_ratio": 0.1892, "ndvi": 0.1566, "impervious_ratio": 0.641, "built_surface_ratio": 0.641, "avg_ground_floor_count": 4.8279, "elevation_m": 24.1873, "albedo": 0.1283, "nearest_park_distance_m": 8.8472, "park_area_within_500m": 173124.352, "nearest_stream_distance_m": 200.92, "est_population_density": 28198.0, "dong_elderly_ratio": 0.2565, "dong_avg_age": 46.664, "dong_pop_density": 19607.596, "nearest_shelter_distance_m": 187.8408, "shelter_count_within_500m": 6.88, "est_population": 1762.4, "est_elderly": 437.6, "shelter_capacity_within_500m": 1396.8, "building_form_group": "low_floor_high_density", "dong_name": "제기동", "top1_feature": "built_surface_ratio", "top1_shap": 0.7814, "top2_feature": "impervious_ratio", "top2_shap": 0.7335, "top3_feature": "building_ratio", "top3_shap": 0.565, "priority_score": 82.1715, "priority_rank": 1 }, "geometry": { "type": "Polygon", "coordinates": [ [ [ 127.038442217403158, 37.586742931828425 ], [ 127.038428302976442, 37.588996241580794 ], [ 127.04125994773797, 37.589007280779462 ], [ 127.041273776809959, 37.586753970134588 ], [ 127.038442217403158, 37.586742931828425 ] ] ] } },
{ "type": "Feature", "properties": { "display_grid_id": "11230_00185", "gu_code": 11230, "gu_name": "동대문구", "source_cell_count": 16, "area_m2": 62500.0, "mean_actual_lst": 42.7414, "mean_actual_anomaly": 2.7034, "seoul_anomaly": 5.0494, "pred_anomaly": 3.1247, "pred_anomaly_std": 0.7712, "green_delta_c": -0.3387, "building_ratio": 0.3695, "green_ratio": 0.2561, "ndvi": 0.1962, "impervious_ratio": 0.5672, "built_surface_ratio": 0.5672, "avg_ground_floor_count": 2.4349, "elevation_m": 26.0835, "albedo": 0.1354, "nearest_park_distance_m": 32.3496, "park_area_within_500m": 252844.8836, "nearest_stream_distance_m": 442.2568, "est_population_density": 15052.0, "dong_elderly_ratio": 0.3036, "dong_avg_age": 50.2, "dong_pop_density": 15104.5, "nearest_shelter_distance_m": 118.418, "shelter_count_within_500m": 8.12, "est_population": 940.8, "est_elderly": 285.5, "shelter_capacity_within_500m": 2676.5, "building_form_group": "low_floor_high_density", "dong_name": "청량리동", "top1_feature": "built_surface_ratio", "top1_shap": 0.6767, "top2_feature": "impervious_ratio", "top2_shap": 0.6374, "top3_feature": "building_ratio", "top3_shap": 0.4084, "priority_score": 67.3358, "priority_rank": 25 }, "geometry": { "type": "Polygon", "coordinates": [ [ [ 127.041273776809959, 37.586753970134588 ], [ 127.04125994773797, 37.589007280779462 ], [ 127.044091594039884, 37.589018252050749 ], [ 127.044105337756946, 37.586764940518854 ], [ 127.041273776809959, 37.586753970134588 ] ] ] } },
{ "type": "Feature", "properties": { "display_grid_id": "11230_00186", "gu_code": 11230, "gu_name": "동대문구", "source_cell_count": 14, "area_m2": 62500.0, "mean_actual_lst": 38.1911, "mean_actual_anomaly": -2.0874, "seoul_anomaly": 0.2585, "pred_anomaly": 0.0892, "pred_anomaly_std": 0.8215, "green_delta_c": -0.2432, "building_ratio": 0.1667, "green_ratio": 0.3686, "ndvi": 0.266, "impervious_ratio": 0.4239, "built_surface_ratio": 0.4239, "avg_ground_floor_count": 9.7567, "elevation_m": 43.8424, "albedo": 0.1425, "nearest_park_distance_m": 102.1912, "park_area_within_500m": 291488.5932, "nearest_stream_distance_m": 665.7696, "est_population_density": 33341.6, "dong_elderly_ratio": 0.3036, "dong_avg_age": 50.2, "dong_pop_density": 15104.5, "nearest_shelter_distance_m": 150.6812, "shelter_count_within_500m": 7.4, "est_population": 2083.8, "est_elderly": 632.6, "shelter_capacity_within_500m": 2849.0, "building_form_group": "high_floor_low_density", "dong_name": "청량리동", "top1_feature": "impervious_ratio", "top1_shap": 0.4234, "top2_feature": "ndvi", "top2_shap": -0.2617, "top3_feature": "green_ratio", "top3_shap": -0.3878, "priority_score": 48.3759, "priority_rank": 161 }, "geometry": { "type": "Polygon", "coordinates": [ [ [ 127.044105337756946, 37.586764940518854 ], [ 127.044091594039884, 37.589018252050749 ], [ 127.046923241872719, 37.589029155394556 ], [ 127.046936900234655, 37.586775842981105 ], [ 127.044105337756946, 37.586764940518854 ] ] ] } },
{ "type": "Feature", "properties": { "display_grid_id": "11230_00187", "gu_code": 11230, "gu_name": "동대문구", "source_cell_count": 14, "area_m2": 62500.0, "mean_actual_lst": 40.1242, "mean_actual_anomaly": -0.1352, "seoul_anomaly": 2.2108, "pred_anomaly": 1.2565, "pred_anomaly_std": 0.8083, "green_delta_c": -0.2587, "building_ratio": 0.2497, "green_ratio": 0.214, "ndvi": 0.2254, "impervious_ratio": 0.6005, "built_surface_ratio": 0.6005, "avg_ground_floor_count": 10.5445, "elevation_m": 54.2283, "albedo": 0.1116, "nearest_park_distance_m": 142.6148, "park_area_within_500m": 245752.3208, "nearest_stream_distance_m": 908.422, "est_population_density": 41467.6, "dong_elderly_ratio": 0.3036, "dong_avg_age": 50.2, "dong_pop_density": 15104.5, "nearest_shelter_distance_m": 84.6628, "shelter_count_within_500m": 7.76, "est_population": 2591.7, "est_elderly": 787.0, "shelter_capacity_within_500m": 2948.8, "building_form_group": "high_floor_low_density", "dong_name": "청량리동", "top1_feature": "built_surface_ratio", "top1_shap": 0.6428, "top2_feature": "impervious_ratio", "top2_shap": 0.6297, "top3_feature": "avg_ground_floor_count", "top3_shap": -0.3224, "priority_score": 57.8467, "priority_rank": 82 }, "geometry": { "type": "Polygon", "coordinates": [ [ [ 127.046936900234655, 37.586775842981105 ], [ 127.046923241872719, 37.589029155394556 ], [ 127.049754891226897, 37.589039990810718 ], [ 127.049768464233566, 37.586786677521239 ], [ 127.046936900234655, 37.586775842981105 ] ] ] } },
{ "type": "Feature", "properties": { "display_grid_id": "11230_00188", "gu_code": 11230, "gu_name": "동대문구", "source_cell_count": 15, "area_m2": 62500.0, "mean_actual_lst": 41.0021, "mean_actual_anomaly": 0.9547, "seoul_anomaly": 3.3007, "pred_anomaly": 2.3771, "pred_anomaly_std": 0.7628, "green_delta_c": -0.2617, "building_ratio": 0.2727, "green_ratio": 0.2059, "ndvi": 0.1653, "impervious_ratio": 0.5841, "built_surface_ratio": 0.5841, "avg_ground_floor_count": 5.8528, "elevation_m": 42.1508, "albedo": 0.134, "nearest_park_distance_m": 195.8708, "park_area_within_500m": 225474.3224, "nearest_stream_distance_m": 1133.3004, "est_population_density": 26509.2, "dong_elderly_ratio": 0.3036, "dong_avg_age": 50.2, "dong_pop_density": 15104.5, "nearest_shelter_distance_m": 156.3804, "shelter_count_within_500m": 8.32, "est_population": 1656.8, "est_elderly": 502.9, "shelter_capacity_within_500m": 2912.8, "building_form_group": "high_floor_high_density", "dong_name": "청량리동", "top1_feature": "built_surface_ratio", "top1_shap": 0.688, "top2_feature": "impervious_ratio", "top2_shap": 0.6544, "top3_feature": "ndvi", "top3_shap": 0.2119, "priority_score": 69.708, "priority_rank": 14 }, "geometry": { "type": "Polygon", "coordinates": [ [ [ 127.049768464233566, 37.586786677521239 ], [ 127.049754891226897, 37.589039990810718 ], [ 127.052586542092982, 37.589050758299166 ], [ 127.052600029744156, 37.58679744413913 ], [ 127.049768464233566, 37.586786677521239 ] ] ] } },
{ "type": "Feature", "properties": { "display_grid_id": "11230_00189", "gu_code": 11230, "gu_name": "동대문구", "source_cell_count": 12, "area_m2": 62500.0, "mean_actual_lst": 40.6166, "mean_actual_anomaly": 0.6584, "seoul_anomaly": 3.0043, "pred_anomaly": 2.6694, "pred_anomaly_std": 0.6978, "green_delta_c": -0.2558, "building_ratio": 0.252, "green_ratio": 0.2069, "ndvi": 0.1343, "impervious_ratio": 0.555, "built_surface_ratio": 0.555, "avg_ground_floor_count": 4.9788, "elevation_m": 34.4652, "albedo": 0.117, "nearest_park_distance_m": 181.7032, "park_area_within_500m": 200137.6848, "nearest_stream_distance_m": 1348.4692, "est_population_density": 19182.8, "dong_elderly_ratio": 0.1536, "dong_avg_age": 39.212, "dong_pop_density": 25065.836, "nearest_shelter_distance_m": 197.4856, "shelter_count_within_500m": 5.88, "est_population": 1198.9, "est_elderly": 187.1, "shelter_capacity_within_500m": 946.5, "building_form_group": "high_floor_low_density", "dong_name": "전농1동", "top1_feature": "built_surface_ratio", "top1_shap": 0.6808, "top2_feature": "impervious_ratio", "top2_shap": 0.652, "top3_feature": "ndvi", "top3_shap": 0.3132, "priority_score": 55.1369, "priority_rank": 104 }, "geometry": { "type": "Polygon", "coordinates": [ [ [ 127.052600029744156, 37.58679744413913 ], [ 127.052586542092982, 37.589050758299166 ], [ 127.05541819446141, 37.589061457859771 ], [ 127.055431596756947, 37.586808142834677 ], [ 127.052600029744156, 37.58679744413913 ] ] ] } },
{ "type": "Feature", "properties": { "display_grid_id": "11230_00190", "gu_code": 11230, "gu_name": "동대문구", "source_cell_count": 13, "area_m2": 62500.0, "mean_actual_lst": 40.6953, "mean_actual_anomaly": 0.8979, "seoul_anomaly": 3.2438, "pred_anomaly": 3.1245, "pred_anomaly_std": 0.6803, "green_delta_c": -0.1671, "building_ratio": 0.3529, "green_ratio": 0.2019, "ndvi": 0.1074, "impervious_ratio": 0.5206, "built_surface_ratio": 0.5206, "avg_ground_floor_count": 5.152, "elevation_m": 31.9139, "albedo": 0.1088, "nearest_park_distance_m": 93.8952, "park_area_within_500m": 183505.756, "nearest_stream_distance_m": 1222.5724, "est_population_density": 26677.2, "dong_elderly_ratio": 0.1729, "dong_avg_age": 40.908, "dong_pop_density": 24158.508, "nearest_shelter_distance_m": 185.5344, "shelter_count_within_500m": 4.68, "est_population": 1667.3, "est_elderly": 296.4, "shelter_capacity_within_500m": 580.0, "building_form_group": "low_floor_high_density", "dong_name": "휘경2동", "top1_feature": "built_surface_ratio", "top1_shap": 0.6351, "top2_feature": "impervious_ratio", "top2_shap": 0.6229, "top3_feature": "building_ratio", "top3_shap": 0.3709, "priority_score": 59.4891, "priority_rank": 64 }, "geometry": { "type": "Polygon", "coordinates": [ [ [ 127.055431596756947, 37.586808142834677 ], [ 127.05541819446141, 37.589061457859771 ], [ 127.058249848322689, 37.589072089492426 ], [ 127.058263165262417, 37.58681877360776 ], [ 127.055431596756947, 37.586808142834677 ] ] ] } },
{ "type": "Feature", "properties": { "display_grid_id": "11230_00191", "gu_code": 11230, "gu_name": "동대문구", "source_cell_count": 11, "area_m2": 62500.0, "mean_actual_lst": 40.8159, "mean_actual_anomaly": 1.2771, "seoul_anomaly": 3.623, "pred_anomaly": 3.4517, "pred_anomaly_std": 0.6544, "green_delta_c": -0.0906, "building_ratio": 0.442, "green_ratio": 0.2185, "ndvi": 0.098, "impervious_ratio": 0.4067, "built_surface_ratio": 0.4067, "avg_ground_floor_count": 4.7896, "elevation_m": 29.5694, "albedo": 0.1053, "nearest_park_distance_m": 75.6152, "park_area_within_500m": 178674.8564, "nearest_stream_distance_m": 965.7816, "est_population_density": 34092.8, "dong_elderly_ratio": 0.1837, "dong_avg_age": 41.7, "dong_pop_density": 21854.7, "nearest_shelter_distance_m": 143.1908, "shelter_count_within_500m": 3.68, "est_population": 2130.8, "est_elderly": 391.5, "shelter_capacity_within_500m": 565.0, "building_form_group": "low_floor_high_density", "dong_name": "휘경2동", "top1_feature": "building_ratio", "top1_shap": 0.7232, "top2_feature": "built_surface_ratio", "top2_shap": 0.4908, "top3_feature": "ndvi", "top3_shap": 0.4257, "priority_score": 56.2591, "priority_rank": 95 }, "geometry": { "type": "Polygon", "coordinates": [ [ [ 127.058263165262417, 37.58681877360776 ], [ 127.058249848322689, 37.589072089492426 ], [ 127.061081503667353, 37.589082653197018 ], [ 127.061094735251075, 37.58682933645828 ], [ 127.058263165262417, 37.58681877360776 ] ] ] } },
{ "type": "Feature", "properties": { "display_grid_id": "11230_00192", "gu_code": 11230, "gu_name": "동대문구", "source_cell_count": 15, "area_m2": 62500.0, "mean_actual_lst": 41.0508, "mean_actual_anomaly": 1.344, "seoul_anomaly": 3.69, "pred_anomaly": 3.5697, "pred_anomaly_std": 0.7384, "green_delta_c": -0.1261, "building_ratio": 0.3195, "green_ratio": 0.2069, "ndvi": 0.1253, "impervious_ratio": 0.5385, "built_surface_ratio": 0.5385, "avg_ground_floor_count": 2.9549, "elevation_m": 29.7515, "albedo": 0.1185, "nearest_park_distance_m": 80.0184, "park_area_within_500m": 182055.0068, "nearest_stream_distance_m": 729.3072, "est_population_density": 16410.4, "dong_elderly_ratio": 0.1837, "dong_avg_age": 41.7, "dong_pop_density": 21854.7, "nearest_shelter_distance_m": 194.3036, "shelter_count_within_500m": 2.56, "est_population": 1025.7, "est_elderly": 188.4, "shelter_capacity_within_500m": 545.0, "building_form_group": "low_floor_high_density", "dong_name": "휘경2동", "top1_feature": "built_surface_ratio", "top1_shap": 0.6936, "top2_feature": "impervious_ratio", "top2_shap": 0.5756, "top3_feature": "building_ratio", "top3_shap": 0.3923, "priority_score": 53.7318, "priority_rank": 113 }, "geometry": { "type": "Polygon", "coordinates": [ [ [ 127.061094735251075, 37.58682933645828 ], [ 127.061081503667353, 37.589082653197018 ], [ 127.063913160485839, 37.589093148973447 ], [ 127.063926306713398, 37.586839831386122 ], [ 127.061094735251075, 37.58682933645828 ] ] ] } },
{ "type": "Feature", "properties": { "display_grid_id": "11230_00193", "gu_code": 11230, "gu_name": "동대문구", "source_cell_count": 15, "area_m2": 62500.0, "mean_actual_lst": 38.9854, "mean_actual_anomaly": -0.8274, "seoul_anomaly": 1.5186, "pred_anomaly": 1.7108, "pred_anomaly_std": 0.8568, "green_delta_c": -0.287, "building_ratio": 0.2085, "green_ratio": 0.2913, "ndvi": 0.2673, "impervious_ratio": 0.5578, "built_surface_ratio": 0.5578, "avg_ground_floor_count": 2.6084, "elevation_m": 36.6504, "albedo": 0.1342, "nearest_park_distance_m": 133.5296, "park_area_within_500m": 139097.5988, "nearest_stream_distance_m": 474.9612, "est_population_density": 10974.4, "dong_elderly_ratio": 0.1837, "dong_avg_age": 41.7, "dong_pop_density": 21854.7, "nearest_shelter_distance_m": 265.4864, "shelter_count_within_500m": 3.12, "est_population": 685.9, "est_elderly": 125.9, "shelter_capacity_within_500m": 475.0, "building_form_group": "low_floor_low_density", "dong_name": "휘경2동", "top1_feature": "built_surface_ratio", "top1_shap": 0.6549, "top2_feature": "impervious_ratio", "top2_shap": 0.58, "top3_feature": "ndvi", "top3_shap": -0.2705, "priority_score": 45.5657, "priority_rank": 183 }, "geometry": { "type": "Polygon", "coordinates": [ [ [ 127.063926306713398, 37.586839831386122 ], [ 127.063913160485839, 37.589093148973447 ], [ 127.066744818768669, 37.589103576821593 ], [ 127.06675787963988, 37.586850258391181 ], [ 127.063926306713398, 37.586839831386122 ] ] ] } },
{ "type": "Feature", "properties": { "display_grid_id": "11230_00194", "gu_code": 11230, "gu_name": "동대문구", "source_cell_count": 13, "area_m2": 62500.0, "mean_actual_lst": 37.9733, "mean_actual_anomaly": -2.1766, "seoul_anomaly": 0.1694, "pred_anomaly": 0.4152, "pred_anomaly_std": 0.8151, "green_delta_c": -0.1365, "building_ratio": 0.1072, "green_ratio": 0.3192, "ndvi": 0.278, "impervious_ratio": 0.4957, "built_surface_ratio": 0.4957, "avg_ground_floor_count": 9.9088, "elevation_m": 26.1647, "albedo": 0.1228, "nearest_park_distance_m": 38.3016, "park_area_within_500m": 81069.0156, "nearest_stream_distance_m": 244.2788, "est_population_density": 21079.2, "dong_elderly_ratio": 0.1837, "dong_avg_age": 41.7, "dong_pop_density": 21854.7, "nearest_shelter_distance_m": 257.3368, "shelter_count_within_500m": 3.2, "est_population": 1317.4, "est_elderly": 242.0, "shelter_capacity_within_500m": 345.0, "building_form_group": "high_floor_low_density", "dong_name": "휘경2동", "top1_feature": "built_surface_ratio", "top1_shap": 0.5211, "top2_feature": "impervious_ratio", "top2_shap": 0.4725, "top3_feature": "ndvi", "top3_shap": -0.2732, "priority_score": 37.3722, "priority_rank": 225 }, "geometry": { "type": "Polygon", "coordinates": [ [ [ 127.06675787963988, 37.586850258391181 ], [ 127.066744818768669, 37.589103576821593 ], [ 127.06957647850632, 37.589113936741356 ], [ 127.069589454021042, 37.586860617473334 ], [ 127.06675787963988, 37.586850258391181 ] ] ] } },
{ "type": "Feature", "properties": { "display_grid_id": "11230_00195", "gu_code": 11230, "gu_name": "동대문구", "source_cell_count": 11, "area_m2": 45306.74, "mean_actual_lst": 37.304, "mean_actual_anomaly": -2.976, "seoul_anomaly": -0.6301, "pred_anomaly": -0.3381, "pred_anomaly_std": 0.8721, "green_delta_c": -0.6041, "building_ratio": 0.045, "green_ratio": 0.2501, "ndvi": 0.2223, "impervious_ratio": 0.3842, "built_surface_ratio": 0.3842, "avg_ground_floor_count": 2.5733, "elevation_m": 17.0906, "albedo": 0.1205, "nearest_park_distance_m": 82.9912, "park_area_within_500m": 58391.6608, "nearest_stream_distance_m": 46.4004, "est_population_density": 4301.7878, "dong_elderly_ratio": 0.1849, "dong_avg_age": 41.8904, "dong_pop_density": 22228.0748, "nearest_shelter_distance_m": 247.9462, "shelter_count_within_500m": 5.5027, "est_population": 194.9, "est_elderly": 35.8, "shelter_capacity_within_500m": 712.9, "building_form_group": "no_building", "dong_name": "휘경2동", "top1_feature": "built_surface_ratio", "top1_shap": 0.1368, "top2_feature": "impervious_ratio", "top2_shap": 0.262, "top3_feature": "building_ratio", "top3_shap": -0.2326, "priority_score": 39.0511, "priority_rank": 214 }, "geometry": { "type": "Polygon", "coordinates": [ [ [ 127.069589454021042, 37.586860617473334 ], [ 127.06957647850632, 37.589113936741356 ], [ 127.070667735679606, 37.589117911083818 ], [ 127.070721660000018, 37.58908972 ], [ 127.07075756, 37.58907815 ], [ 127.07079788, 37.58906462 ], [ 127.070837680000011, 37.58904545 ], [ 127.07087286, 37.58902825 ], [ 127.07088188, 37.58902459 ], [ 127.07088789, 37.58902206 ], [ 127.070894080000016, 37.58901923 ], [ 127.07091442, 37.58901077 ], [ 127.07092008, 37.58900851 ], [ 127.070928920000014, 37.58900457 ], [ 127.07093599, 37.58900175 ], [ 127.070955620000021, 37.58899329 ], [ 127.07096234, 37.58899048 ], [ 127.07100868, 37.58897102 ], [ 127.071038200000018, 37.58895833 ], [ 127.071078500000013, 37.58890397 ], [ 127.0713513, 37.58853074 ], [ 127.07141572, 37.58837472 ], [ 127.07142825, 37.58834712 ], [ 127.0714408, 37.58832037 ], [ 127.07145986, 37.58828516 ], [ 127.0714641, 37.58827699 ], [ 127.07151762, 37.58817391 ], [ 127.07161386, 37.58800463 ], [ 127.07166122, 37.5879421 ], [ 127.07185258, 37.58769394 ], [ 127.07188915, 37.58764633 ], [ 127.07189569, 37.58763478 ], [ 127.072080380000017, 37.58725767 ], [ 127.07212736000001, 37.58717796 ], [ 127.07213707, 37.58716331 ], [ 127.07218054, 37.58710866 ], [ 127.07219468000001, 37.5870912 ], [ 127.07221942000001, 37.58705993 ], [ 127.07222631, 37.58704922 ], [ 127.072337056366237, 37.586870604414287 ], [ 127.069589454021042, 37.586860617473334 ] ] ] } },
{ "type": "Feature", "properties": { "display_grid_id": "11230_00196", "gu_code": 11230, "gu_name": "동대문구", "source_cell_count": 1, "area_m2": 0.0, "mean_actual_lst": 42.116, "mean_actual_anomaly": 2.6096, "seoul_anomaly": 4.9555, "pred_anomaly": 4.0123, "pred_anomaly_std": 0.796, "green_delta_c": -0.1356, "building_ratio": 0.2143, "green_ratio": 0.1928, "ndvi": 0.0723, "impervious_ratio": 0.5748, "built_surface_ratio": 0.5748, "avg_ground_floor_count": 1.917, "elevation_m": 25.744, "albedo": 0.1224, "nearest_park_distance_m": 58.9, "park_area_within_500m": 118624.08, "nearest_stream_distance_m": 128.81, "est_population_density": 6936.7, "dong_elderly_ratio": 0.2343, "dong_avg_age": 45.0, "dong_pop_density": 21726.7, "nearest_shelter_distance_m": 143.21, "shelter_count_within_500m": 6.0, "est_population": 0.0, "est_elderly": 0.0, "shelter_capacity_within_500m": 0.0, "building_form_group": "low_floor_low_density", "dong_name": "제기동", "top1_feature": "built_surface_ratio", "top1_shap": 0.7413, "top2_feature": "impervious_ratio", "top2_shap": 0.7413, "top3_feature": "ndvi", "top3_shap": 0.7386, "priority_score": 48.0383, "priority_rank": 164 }, "geometry": { "type": "Polygon", "coordinates": [ [ [ 127.035596659764806, 37.588985134454838 ], [ 127.035580054365212, 37.588985069119772 ], [ 127.035596507517369, 37.589009637775057 ], [ 127.035596659764806, 37.588985134454838 ] ] ] } },
{ "type": "Feature", "properties": { "display_grid_id": "11230_00197", "gu_code": 11230, "gu_name": "동대문구", "source_cell_count": 9, "area_m2": 50354.31, "mean_actual_lst": 41.3735, "mean_actual_anomaly": 1.6331, "seoul_anomaly": 3.9791, "pred_anomaly": 3.5992, "pred_anomaly_std": 0.8659, "green_delta_c": -0.1645, "building_ratio": 0.3513, "green_ratio": 0.2098, "ndvi": 0.1073, "impervious_ratio": 0.5398, "built_surface_ratio": 0.5398, "avg_ground_floor_count": 3.8227, "elevation_m": 27.2483, "albedo": 0.1086, "nearest_park_distance_m": 50.8002, "park_area_within_500m": 143553.1516, "nearest_stream_distance_m": 74.0675, "est_population_density": 25018.0953, "dong_elderly_ratio": 0.2343, "dong_avg_age": 45.0, "dong_pop_density": 21726.7, "nearest_shelter_distance_m": 84.9069, "shelter_count_within_500m": 4.5471, "est_population": 1259.8, "est_elderly": 295.2, "shelter_capacity_within_500m": 938.8, "building_form_group": "low_floor_high_density", "dong_name": "제기동", "top1_feature": "built_surface_ratio", "top1_shap": 0.6625, "top2_feature": "impervious_ratio", "top2_shap": 0.656, "top3_feature": "building_ratio", "top3_shap": 0.3667, "priority_score": 56.5237, "priority_rank": 93 }, "geometry": { "type": "Polygon", "coordinates": [ [ [ 127.038428302976442, 37.588996241580794 ], [ 127.035596659764806, 37.588985134454838 ], [ 127.035596507517369, 37.589009637775057 ], [ 127.03605631, 37.58969623 ], [ 127.036199490000016, 37.58995033 ], [ 127.03629375, 37.59011765 ], [ 127.036302600000013, 37.590126939999983 ], [ 127.03633108, 37.590130870000017 ], [ 127.03633198, 37.59014129 ], [ 127.03630397000002, 37.59040652 ], [ 127.03630256, 37.59041863 ], [ 127.036299040000017, 37.59044453 ], [ 127.036295870000018, 37.59047354 ], [ 127.03629516, 37.59048002 ], [ 127.03622309, 37.5911217 ], [ 127.036216939999989, 37.59117408 ], [ 127.03621588, 37.59118619 ], [ 127.0362295, 37.59118589 ], [ 127.03633893, 37.59119027 ], [ 127.03739823, 37.59123257000001 ], [ 127.037409199999985, 37.59123201 ], [ 127.03752172, 37.5912331 ], [ 127.03755515, 37.59123337 ], [ 127.03760804, 37.59120379 ], [ 127.03822815, 37.59123429 ], [ 127.03841446879224, 37.591236307172395 ], [ 127.038428302976442, 37.588996241580794 ] ] ] } },
{ "type": "Feature", "properties": { "display_grid_id": "11230_00198", "gu_code": 11230, "gu_name": "동대문구", "source_cell_count": 11, "area_m2": 62466.76, "mean_actual_lst": 41.421, "mean_actual_anomaly": 1.5944, "seoul_anomaly": 3.9403, "pred_anomaly": 2.8074, "pred_anomaly_std": 0.8904, "green_delta_c": -0.2751, "building_ratio": 0.3061, "green_ratio": 0.2114, "ndvi": 0.1601, "impervious_ratio": 0.5784, "built_surface_ratio": 0.5784, "avg_ground_floor_count": 7.653, "elevation_m": 28.3382, "albedo": 0.1084, "nearest_park_distance_m": 65.3653, "park_area_within_500m": 146566.2903, "nearest_stream_distance_m": 108.9874, "est_population_density": 33418.8757, "dong_elderly_ratio": 0.2509, "dong_avg_age": 46.2487, "dong_pop_density": 20136.5264, "nearest_shelter_distance_m": 83.9488, "shelter_count_within_500m": 4.4408, "est_population": 2087.6, "est_elderly": 513.0, "shelter_capacity_within_500m": 807.9, "building_form_group": "high_floor_low_density", "dong_name": "제기동", "top1_feature": "built_surface_ratio", "top1_shap": 0.7027, "top2_feature": "impervious_ratio", "top2_shap": 0.6718, "top3_feature": "building_ratio", "top3_shap": 0.2697, "priority_score": 69.0328, "priority_rank": 16 }, "geometry": { "type": "Polygon", "coordinates": [ [ [ 127.041246117125581, 37.591260590557603 ], [ 127.04125994773797, 37.589007280779462 ], [ 127.038428302976442, 37.588996241580794 ], [ 127.03841446879224, 37.591236307172395 ], [ 127.03868264, 37.59123921 ], [ 127.038698402000406, 37.591250660823476 ], [ 127.041246117125581, 37.591260590557603 ] ] ] } },
{ "type": "Feature", "properties": { "display_grid_id": "11230_00199", "gu_code": 11230, "gu_name": "동대문구", "source_cell_count": 14, "area_m2": 62500.0, "mean_actual_lst": 40.5213, "mean_actual_anomaly": 0.5185, "seoul_anomaly": 2.8644, "pred_anomaly": 2.3533, "pred_anomaly_std": 0.8865, "green_delta_c": -0.2452, "building_ratio": 0.2635, "green_ratio": 0.255, "ndvi": 0.2663, "impervious_ratio": 0.6147, "built_surface_ratio": 0.6147, "avg_ground_floor_count": 1.7328, "elevation_m": 29.6185, "albedo": 0.1333, "nearest_park_distance_m": 55.4164, "park_area_within_500m": 141041.7484, "nearest_stream_distance_m": 349.3216, "est_population_density": 8333.2, "dong_elderly_ratio": 0.3036, "dong_avg_age": 50.2, "dong_pop_density": 15104.5, "nearest_shelter_distance_m": 238.3424, "shelter_count_within_500m": 5.84, "est_population": 520.8, "est_elderly": 158.1, "shelter_capacity_within_500m": 2366.7, "building_form_group": "low_floor_low_density", "dong_name": "청량리동", "top1_feature": "built_surface_ratio", "top1_shap": 0.7187, "top2_feature": "impervious_ratio", "top2_shap": 0.6754, "top3_feature": "ndvi", "top3_shap": -0.5076, "priority_score": 52.2537, "priority_rank": 125 }, "geometry": { "type": "Polygon", "coordinates": [ [ [ 127.04125994773797, 37.589007280779462 ], [ 127.041246117125581, 37.591260590557603 ], [ 127.044077848791957, 37.591271562715981 ], [ 127.044091594039884, 37.589018252050749 ], [ 127.04125994773797, 37.589007280779462 ] ] ] } },
{ "type": "Feature", "properties": { "display_grid_id": "11230_00200", "gu_code": 11230, "gu_name": "동대문구", "source_cell_count": 12, "area_m2": 62500.0, "mean_actual_lst": 36.1004, "mean_actual_anomaly": -4.1089, "seoul_anomaly": -1.7629, "pred_anomaly": -1.3464, "pred_anomaly_std": 0.7851, "green_delta_c": -0.4137, "building_ratio": 0.0781, "green_ratio": 0.5294, "ndvi": 0.4447, "impervious_ratio": 0.3294, "built_surface_ratio": 0.3294, "avg_ground_floor_count": 1.391, "elevation_m": 46.0223, "albedo": 0.1258, "nearest_park_distance_m": 181.4724, "park_area_within_500m": 139171.5836, "nearest_stream_distance_m": 575.4216, "est_population_density": 2926.8, "dong_elderly_ratio": 0.3036, "dong_avg_age": 50.2, "dong_pop_density": 15104.5, "nearest_shelter_distance_m": 173.172, "shelter_count_within_500m": 5.92, "est_population": 182.9, "est_elderly": 55.5, "shelter_capacity_within_500m": 2514.2, "building_form_group": "low_floor_low_density", "dong_name": "청량리동", "top1_feature": "green_ratio", "top1_shap": -0.8282, "top2_feature": "ndvi", "top2_shap": -0.7961, "top3_feature": "built_surface_ratio", "top3_shap": 0.0905, "priority_score": 32.0803, "priority_rank": 251 }, "geometry": { "type": "Polygon", "coordinates": [ [ [ 127.044091594039884, 37.589018252050749 ], [ 127.044077848791957, 37.591271562715981 ], [ 127.046909581989368, 37.591282466941351 ], [ 127.046923241872719, 37.589029155394556 ], [ 127.044091594039884, 37.589018252050749 ] ] ] } },
{ "type": "Feature", "properties": { "display_grid_id": "11230_00201", "gu_code": 11230, "gu_name": "동대문구", "source_cell_count": 15, "area_m2": 62500.0, "mean_actual_lst": 40.4491, "mean_actual_anomaly": 0.2665, "seoul_anomaly": 2.6125, "pred_anomaly": 2.6872, "pred_anomaly_std": 0.7927, "green_delta_c": -0.1891, "building_ratio": 0.3463, "green_ratio": 0.2716, "ndvi": 0.1695, "impervious_ratio": 0.4317, "built_surface_ratio": 0.4317, "avg_ground_floor_count": 3.0044, "elevation_m": 49.2761, "albedo": 0.1339, "nearest_park_distance_m": 102.9032, "park_area_within_500m": 116964.76, "nearest_stream_distance_m": 821.6956, "est_population_density": 17593.2, "dong_elderly_ratio": 0.2468, "dong_avg_age": 45.748, "dong_pop_density": 16674.488, "nearest_shelter_distance_m": 143.0912, "shelter_count_within_500m": 5.48, "est_population": 1099.6, "est_elderly": 249.6, "shelter_capacity_within_500m": 2686.0, "building_form_group": "low_floor_high_density", "dong_name": "청량리동", "top1_feature": "built_surface_ratio", "top1_shap": 0.5785, "top2_feature": "building_ratio", "top2_shap": 0.4451, "top3_feature": "impervious_ratio", "top3_shap": 0.4095, "priority_score": 44.0693, "priority_rank": 192 }, "geometry": { "type": "Polygon", "coordinates": [ [ [ 127.046923241872719, 37.589029155394556 ], [ 127.046909581989368, 37.591282466941351 ], [ 127.049741316708364, 37.59129330323362 ], [ 127.049754891226897, 37.589039990810718 ], [ 127.046923241872719, 37.589029155394556 ] ] ] } },
{ "type": "Feature", "properties": { "display_grid_id": "11230_00202", "gu_code": 11230, "gu_name": "동대문구", "source_cell_count": 14, "area_m2": 62500.0, "mean_actual_lst": 41.3758, "mean_actual_anomaly": 1.0854, "seoul_anomaly": 3.4314, "pred_anomaly": 2.4195, "pred_anomaly_std": 0.6913, "green_delta_c": -0.2108, "building_ratio": 0.3354, "green_ratio": 0.2326, "ndvi": 0.1202, "impervious_ratio": 0.4073, "built_surface_ratio": 0.4073, "avg_ground_floor_count": 8.0242, "elevation_m": 41.3724, "albedo": 0.1146, "nearest_park_distance_m": 87.3096, "park_area_within_500m": 144142.9392, "nearest_stream_distance_m": 1049.5524, "est_population_density": 37069.2, "dong_elderly_ratio": 0.1007, "dong_avg_age": 34.3, "dong_pop_density": 20711.6, "nearest_shelter_distance_m": 130.2016, "shelter_count_within_500m": 5.32, "est_population": 2316.8, "est_elderly": 233.3, "shelter_capacity_within_500m": 2471.5, "building_form_group": "low_floor_high_density", "dong_name": "회기동", "top1_feature": "built_surface_ratio", "top1_shap": 0.4646, "top2_feature": "ndvi", "top2_shap": 0.4014, "top3_feature": "impervious_ratio", "top3_shap": 0.3618, "priority_score": 49.9453, "priority_rank": 140 }, "geometry": { "type": "Polygon", "coordinates": [ [ [ 127.049754891226897, 37.589039990810718 ], [ 127.049741316708364, 37.59129330323362 ], [ 127.052573052939422, 37.591304071592667 ], [ 127.052586542092982, 37.589050758299166 ], [ 127.049754891226897, 37.589039990810718 ] ] ] } },
{ "type": "Feature", "properties": { "display_grid_id": "11230_00203", "gu_code": 11230, "gu_name": "동대문구", "source_cell_count": 14, "area_m2": 62500.0, "mean_actual_lst": 40.9026, "mean_actual_anomaly": 0.6446, "seoul_anomaly": 2.9905, "pred_anomaly": 2.547, "pred_anomaly_std": 0.6976, "green_delta_c": -0.1582, "building_ratio": 0.3255, "green_ratio": 0.2091, "ndvi": 0.1503, "impervious_ratio": 0.5184, "built_surface_ratio": 0.5184, "avg_ground_floor_count": 5.7898, "elevation_m": 32.1782, "albedo": 0.1113, "nearest_park_distance_m": 30.5136, "park_area_within_500m": 182074.96, "nearest_stream_distance_m": 1275.4732, "est_population_density": 29312.0, "dong_elderly_ratio": 0.1037, "dong_avg_age": 34.628, "dong_pop_density": 21570.984, "nearest_shelter_distance_m": 122.7832, "shelter_count_within_500m": 5.36, "est_population": 1832.0, "est_elderly": 191.5, "shelter_capacity_within_500m": 816.3, "building_form_group": "high_floor_high_density", "dong_name": "회기동", "top1_feature": "built_surface_ratio", "top1_shap": 0.6199, "top2_feature": "impervious_ratio", "top2_shap": 0.6025, "top3_feature": "ndvi", "top3_shap": 0.1033, "priority_score": 44.3157, "priority_rank": 191 }, "geometry": { "type": "Polygon", "coordinates": [ [ [ 127.052586542092982, 37.589050758299166 ], [ 127.052573052939422, 37.591304071592667 ], [ 127.055404790672995, 37.591314772018379 ], [ 127.05541819446141, 37.589061457859771 ], [ 127.052586542092982, 37.589050758299166 ] ] ] } },
{ "type": "Feature", "properties": { "display_grid_id": "11230_00204", "gu_code": 11230, "gu_name": "동대문구", "source_cell_count": 14, "area_m2": 62500.0, "mean_actual_lst": 40.8677, "mean_actual_anomaly": 0.915, "seoul_anomaly": 3.261, "pred_anomaly": 3.0713, "pred_anomaly_std": 0.6663, "green_delta_c": -0.1557, "building_ratio": 0.3901, "green_ratio": 0.2119, "ndvi": 0.1106, "impervious_ratio": 0.4671, "built_surface_ratio": 0.4671, "avg_ground_floor_count": 5.466, "elevation_m": 29.6288, "albedo": 0.1004, "nearest_park_distance_m": 6.2992, "park_area_within_500m": 209493.5784, "nearest_stream_distance_m": 1189.162, "est_population_density": 32093.6, "dong_elderly_ratio": 0.1311, "dong_avg_age": 37.58, "dong_pop_density": 29305.44, "nearest_shelter_distance_m": 119.148, "shelter_count_within_500m": 6.72, "est_population": 2005.9, "est_elderly": 264.7, "shelter_capacity_within_500m": 911.8, "building_form_group": "high_floor_high_density", "dong_name": "휘경1동", "top1_feature": "built_surface_ratio", "top1_shap": 0.5844, "top2_feature": "impervious_ratio", "top2_shap": 0.5257, "top3_feature": "building_ratio", "top3_shap": 0.462, "priority_score": 49.9361, "priority_rank": 141 }, "geometry": { "type": "Polygon", "coordinates": [ [ [ 127.05541819446141, 37.589061457859771 ], [ 127.055404790672995, 37.591314772018379 ], [ 127.058236529899631, 37.591325404510663 ], [ 127.058249848322689, 37.589072089492426 ], [ 127.05541819446141, 37.589061457859771 ] ] ] } },
{ "type": "Feature", "properties": { "display_grid_id": "11230_00205", "gu_code": 11230, "gu_name": "동대문구", "source_cell_count": 14, "area_m2": 62500.0, "mean_actual_lst": 40.4159, "mean_actual_anomaly": 0.6448, "seoul_anomaly": 2.9908, "pred_anomaly": 2.8014, "pred_anomaly_std": 0.7241, "green_delta_c": -0.1797, "building_ratio": 0.2858, "green_ratio": 0.202, "ndvi": 0.1055, "impervious_ratio": 0.5255, "built_surface_ratio": 0.5255, "avg_ground_floor_count": 5.888, "elevation_m": 25.7966, "albedo": 0.1125, "nearest_park_distance_m": 6.7256, "park_area_within_500m": 224771.2044, "nearest_stream_distance_m": 932.7968, "est_population_density": 27120.0, "dong_elderly_ratio": 0.1423, "dong_avg_age": 38.664, "dong_pop_density": 30685.964, "nearest_shelter_distance_m": 139.3388, "shelter_count_within_500m": 6.08, "est_population": 1695.0, "est_elderly": 242.2, "shelter_capacity_within_500m": 846.2, "building_form_group": "high_floor_high_density", "dong_name": "휘경1동", "top1_feature": "built_surface_ratio", "top1_shap": 0.6686, "top2_feature": "impervious_ratio", "top2_shap": 0.5936, "top3_feature": "ndvi", "top3_shap": 0.4834, "priority_score": 49.9909, "priority_rank": 139 }, "geometry": { "type": "Polygon", "coordinates": [ [ [ 127.058249848322689, 37.589072089492426 ], [ 127.058236529899631, 37.591325404510663 ], [ 127.061068270609766, 37.591335969069377 ], [ 127.061081503667353, 37.589082653197018 ], [ 127.058249848322689, 37.589072089492426 ] ] ] } },
{ "type": "Feature", "properties": { "display_grid_id": "11230_00206", "gu_code": 11230, "gu_name": "동대문구", "source_cell_count": 13, "area_m2": 62500.0, "mean_actual_lst": 39.7037, "mean_actual_anomaly": 0.0393, "seoul_anomaly": 2.3852, "pred_anomaly": 2.4719, "pred_anomaly_std": 0.7478, "green_delta_c": -0.1101, "building_ratio": 0.2338, "green_ratio": 0.2029, "ndvi": 0.1166, "impervious_ratio": 0.5411, "built_surface_ratio": 0.5411, "avg_ground_floor_count": 7.8739, "elevation_m": 24.3621, "albedo": 0.1112, "nearest_park_distance_m": 34.5272, "park_area_within_500m": 230143.4348, "nearest_stream_distance_m": 694.8384, "est_population_density": 28773.6, "dong_elderly_ratio": 0.1567, "dong_avg_age": 39.72, "dong_pop_density": 27614.22, "nearest_shelter_distance_m": 181.9012, "shelter_count_within_500m": 5.6, "est_population": 1798.4, "est_elderly": 266.5, "shelter_capacity_within_500m": 792.3, "building_form_group": "high_floor_low_density", "dong_name": "휘경1동", "top1_feature": "built_surface_ratio", "top1_shap": 0.6643, "top2_feature": "impervious_ratio", "top2_shap": 0.6452, "top3_feature": "ndvi", "top3_shap": 0.3306, "priority_score": 48.458, "priority_rank": 159 }, "geometry": { "type": "Polygon", "coordinates": [ [ [ 127.061081503667353, 37.589082653197018 ], [ 127.061068270609766, 37.591335969069377 ], [ 127.063900012793937, 37.591346465694443 ], [ 127.063913160485839, 37.589093148973447 ], [ 127.061081503667353, 37.589082653197018 ] ] ] } },
{ "type": "Feature", "properties": { "display_grid_id": "11230_00207", "gu_code": 11230, "gu_name": "동대문구", "source_cell_count": 9, "area_m2": 62500.0, "mean_actual_lst": 38.9081, "mean_actual_anomaly": -1.0636, "seoul_anomaly": 1.2823, "pred_anomaly": 1.4614, "pred_anomaly_std": 0.8266, "green_delta_c": -0.15, "building_ratio": 0.1908, "green_ratio": 0.2472, "ndvi": 0.2432, "impervious_ratio": 0.5488, "built_surface_ratio": 0.5488, "avg_ground_floor_count": 7.2404, "elevation_m": 25.563, "albedo": 0.1106, "nearest_park_distance_m": 191.6476, "park_area_within_500m": 208592.0492, "nearest_stream_distance_m": 437.1272, "est_population_density": 23034.0, "dong_elderly_ratio": 0.1765, "dong_avg_age": 41.172, "dong_pop_density": 23390.572, "nearest_shelter_distance_m": 103.9364, "shelter_count_within_500m": 4.52, "est_population": 1439.6, "est_elderly": 243.2, "shelter_capacity_within_500m": 666.2, "building_form_group": "high_floor_low_density", "dong_name": "휘경2동", "top1_feature": "built_surface_ratio", "top1_shap": 0.6381, "top2_feature": "impervious_ratio", "top2_shap": 0.577, "top3_feature": "ndvi", "top3_shap": -0.3203, "priority_score": 34.1606, "priority_rank": 242 }, "geometry": { "type": "Polygon", "coordinates": [ [ [ 127.063913160485839, 37.589093148973447 ], [ 127.063900012793937, 37.591346465694443 ], [ 127.066731756442621, 37.59135689438574 ], [ 127.066744818768669, 37.589103576821593 ], [ 127.063913160485839, 37.589093148973447 ] ] ] } },
{ "type": "Feature", "properties": { "display_grid_id": "11230_00208", "gu_code": 11230, "gu_name": "동대문구", "source_cell_count": 16, "area_m2": 62500.0, "mean_actual_lst": 37.2715, "mean_actual_anomaly": -2.8869, "seoul_anomaly": -0.541, "pred_anomaly": 0.4161, "pred_anomaly_std": 0.8238, "green_delta_c": -0.1733, "building_ratio": 0.0884, "green_ratio": 0.2842, "ndvi": 0.3069, "impervious_ratio": 0.5523, "built_surface_ratio": 0.5523, "avg_ground_floor_count": 11.4138, "elevation_m": 24.2478, "albedo": 0.1205, "nearest_park_distance_m": 202.6924, "park_area_within_500m": 117305.7444, "nearest_stream_distance_m": 198.116, "est_population_density": 16641.2, "dong_elderly_ratio": 0.1837, "dong_avg_age": 41.7, "dong_pop_density": 21854.7, "nearest_shelter_distance_m": 104.4572, "shelter_count_within_500m": 5.4, "est_population": 1040.1, "est_elderly": 191.0, "shelter_capacity_within_500m": 656.3, "building_form_group": "high_floor_low_density", "dong_name": "휘경2동", "top1_feature": "built_surface_ratio", "top1_shap": 0.633, "top2_feature": "ndvi", "top2_shap": -0.4118, "top3_feature": "impervious_ratio", "top3_shap": 0.4475, "priority_score": 27.1533, "priority_rank": 267 }, "geometry": { "type": "Polygon", "coordinates": [ [ [ 127.066744818768669, 37.589103576821593 ], [ 127.066731756442621, 37.59135689438574 ], [ 127.069563501546313, 37.591367255143155 ], [ 127.06957647850632, 37.589113936741356 ], [ 127.066744818768669, 37.589103576821593 ] ] ] } },
{ "type": "Feature", "properties": { "display_grid_id": "11230_00209", "gu_code": 11230, "gu_name": "동대문구", "source_cell_count": 5, "area_m2": 19097.05, "mean_actual_lst": 37.4227, "mean_actual_anomaly": -2.744, "seoul_anomaly": -0.3981, "pred_anomaly": 0.3657, "pred_anomaly_std": 0.9901, "green_delta_c": -0.3764, "building_ratio": 0.0115, "green_ratio": 0.2305, "ndvi": 0.2806, "impervious_ratio": 0.4502, "built_surface_ratio": 0.4502, "avg_ground_floor_count": 0.7503, "elevation_m": 19.0458, "albedo": 0.1271, "nearest_park_distance_m": 234.6366, "park_area_within_500m": 65487.1534, "nearest_stream_distance_m": 28.6374, "est_population_density": 73.3085, "dong_elderly_ratio": 0.1837, "dong_avg_age": 41.7, "dong_pop_density": 21854.7, "nearest_shelter_distance_m": 150.174, "shelter_count_within_500m": 5.6396, "est_population": 1.4, "est_elderly": 0.3, "shelter_capacity_within_500m": 261.3, "building_form_group": "no_building", "dong_name": "휘경2동", "top1_feature": "impervious_ratio", "top1_shap": 0.6791, "top2_feature": "built_surface_ratio", "top2_shap": 0.5559, "top3_feature": "ndvi", "top3_shap": -0.2735, "priority_score": 32.1442, "priority_rank": 249 }, "geometry": { "type": "Polygon", "coordinates": [ [ [ 127.06957647850632, 37.589113936741356 ], [ 127.069563501546313, 37.591367255143155 ], [ 127.070695189396844, 37.59137137674886 ], [ 127.07069121, 37.59135571 ], [ 127.07060344, 37.59095539 ], [ 127.07057667, 37.59089544 ], [ 127.07056816, 37.5908763 ], [ 127.07055557, 37.59084815 ], [ 127.07055238, 37.59084111 ], [ 127.07054227, 37.59081831000001 ], [ 127.070515510000021, 37.59075807 ], [ 127.07051125, 37.59074822 ], [ 127.07050149, 37.59072598 ], [ 127.070493159999984, 37.59070628 ], [ 127.070489089999981, 37.590694740000011 ], [ 127.07048660000001, 37.590687699999989 ], [ 127.070473650000011, 37.59065082 ], [ 127.07045999, 37.5906117 ], [ 127.070455739999986, 37.59059931 ], [ 127.070451660000018, 37.59058776 ], [ 127.070439239999985, 37.5905523 ], [ 127.070432330000017, 37.59053175 ], [ 127.07043019000001, 37.59052612 ], [ 127.07033814, 37.59026348 ], [ 127.07031171, 37.59019029 ], [ 127.07022959, 37.589957490000018 ], [ 127.070269259999989, 37.58982091 ], [ 127.07027049, 37.58981499 ], [ 127.07030225, 37.58953371 ], [ 127.07035594, 37.589423580000016 ], [ 127.07041072, 37.58935964 ], [ 127.07045154, 37.58931344 ], [ 127.070502090000019, 37.58925654 ], [ 127.07052012, 37.58923794 ], [ 127.07053743, 37.58921991 ], [ 127.07054769, 37.58920921 ], [ 127.070556350000018, 37.58920018 ], [ 127.07056678, 37.58918948 ], [ 127.07058163, 37.58917427 ], [ 127.07060567, 37.58915032 ], [ 127.070631660000018, 37.58913679 ], [ 127.07064509, 37.58912975 ], [ 127.070667735679606, 37.589117911083818 ], [ 127.06957647850632, 37.589113936741356 ] ] ] } },
{ "type": "Feature", "properties": { "display_grid_id": "11230_00210", "gu_code": 11230, "gu_name": "동대문구", "source_cell_count": 14, "area_m2": 44757.77, "mean_actual_lst": 40.9654, "mean_actual_anomaly": 0.794, "seoul_anomaly": 3.1399, "pred_anomaly": 2.9299, "pred_anomaly_std": 0.8979, "green_delta_c": -0.3147, "building_ratio": 0.1991, "green_ratio": 0.2119, "ndvi": 0.2018, "impervious_ratio": 0.6024, "built_surface_ratio": 0.6024, "avg_ground_floor_count": 3.3093, "elevation_m": 27.445, "albedo": 0.1205, "nearest_park_distance_m": 177.7625, "park_area_within_500m": 133010.0655, "nearest_stream_distance_m": 65.4543, "est_population_density": 11784.8048, "dong_elderly_ratio": 0.2947, "dong_avg_age": 49.5364, "dong_pop_density": 15951.9162, "nearest_shelter_distance_m": 209.2506, "shelter_count_within_500m": 3.9007, "est_population": 527.5, "est_elderly": 155.6, "shelter_capacity_within_500m": 486.4, "building_form_group": "low_floor_low_density", "dong_name": "청량리동", "top1_feature": "built_surface_ratio", "top1_shap": 0.7443, "top2_feature": "impervious_ratio", "top2_shap": 0.7302, "top3_feature": "ndvi", "top3_shap": -0.2323, "priority_score": 58.7682, "priority_rank": 69 }, "geometry": { "type": "Polygon", "coordinates": [ [ [ 127.041232284972637, 37.593513899468981 ], [ 127.041246117125581, 37.591260590557603 ], [ 127.038698402000406, 37.591250660823476 ], [ 127.03872176, 37.59126763 ], [ 127.03874406, 37.59128115 ], [ 127.038799669999989, 37.59140895 ], [ 127.03892436, 37.59168822 ], [ 127.03900213999998, 37.59190583 ], [ 127.039124, 37.592173 ], [ 127.03912453, 37.59217891 ], [ 127.03944106, 37.5929224 ], [ 127.039697376638728, 37.59350792343794 ], [ 127.041232284972637, 37.593513899468981 ] ] ] } },
{ "type": "Feature", "properties": { "display_grid_id": "11230_00211", "gu_code": 11230, "gu_name": "동대문구", "source_cell_count": 15, "area_m2": 62500.0, "mean_actual_lst": 38.3947, "mean_actual_anomaly": -1.9347, "seoul_anomaly": 0.4112, "pred_anomaly": 1.2799, "pred_anomaly_std": 0.9411, "green_delta_c": -0.2816, "building_ratio": 0.0914, "green_ratio": 0.2701, "ndvi": 0.3653, "impervious_ratio": 0.6032, "built_surface_ratio": 0.6032, "avg_ground_floor_count": 2.0574, "elevation_m": 30.6515, "albedo": 0.1217, "nearest_park_distance_m": 155.194, "park_area_within_500m": 72354.7796, "nearest_stream_distance_m": 271.5664, "est_population_density": 3822.8, "dong_elderly_ratio": 0.3036, "dong_avg_age": 50.2, "dong_pop_density": 15104.5, "nearest_shelter_distance_m": 330.4144, "shelter_count_within_500m": 3.6, "est_population": 238.9, "est_elderly": 72.5, "shelter_capacity_within_500m": 1136.3, "building_form_group": "low_floor_low_density", "dong_name": "청량리동", "top1_feature": "ndvi", "top1_shap": -0.8118, "top2_feature": "built_surface_ratio", "top2_shap": 0.7631, "top3_feature": "impervious_ratio", "top3_shap": 0.7579, "priority_score": 42.8832, "priority_rank": 199 }, "geometry": { "type": "Polygon", "coordinates": [ [ [ 127.041246117125581, 37.591260590557603 ], [ 127.041232284972637, 37.593513899468981 ], [ 127.044064102012939, 37.593524872514486 ], [ 127.044077848791957, 37.591271562715981 ], [ 127.041246117125581, 37.591260590557603 ] ] ] } },
{ "type": "Feature", "properties": { "display_grid_id": "11230_00212", "gu_code": 11230, "gu_name": "동대문구", "source_cell_count": 13, "area_m2": 62500.0, "mean_actual_lst": 38.1199, "mean_actual_anomaly": -2.3353, "seoul_anomaly": 0.0106, "pred_anomaly": 1.2444, "pred_anomaly_std": 0.903, "green_delta_c": -0.2116, "building_ratio": 0.1428, "green_ratio": 0.2543, "ndvi": 0.3319, "impervious_ratio": 0.6052, "built_surface_ratio": 0.6052, "avg_ground_floor_count": 2.1397, "elevation_m": 43.5906, "albedo": 0.1315, "nearest_park_distance_m": 183.9028, "park_area_within_500m": 48706.9444, "nearest_stream_distance_m": 499.1272, "est_population_density": 5568.4, "dong_elderly_ratio": 0.3036, "dong_avg_age": 50.2, "dong_pop_density": 15104.5, "nearest_shelter_distance_m": 337.8392, "shelter_count_within_500m": 1.6, "est_population": 348.0, "est_elderly": 105.6, "shelter_capacity_within_500m": 1639.8, "building_form_group": "low_floor_low_density", "dong_name": "청량리동", "top1_feature": "ndvi", "top1_shap": -0.9443, "top2_feature": "built_surface_ratio", "top2_shap": 0.7089, "top3_feature": "impervious_ratio", "top3_shap": 0.681, "priority_score": 39.1788, "priority_rank": 213 }, "geometry": { "type": "Polygon", "coordinates": [ [ [ 127.044077848791957, 37.591271562715981 ], [ 127.044064102012939, 37.593524872514486 ], [ 127.046895920584504, 37.593535777621497 ], [ 127.046909581989368, 37.591282466941351 ], [ 127.044077848791957, 37.591271562715981 ] ] ] } },
{ "type": "Feature", "properties": { "display_grid_id": "11230_00213", "gu_code": 11230, "gu_name": "동대문구", "source_cell_count": 16, "area_m2": 62500.0, "mean_actual_lst": 39.9167, "mean_actual_anomaly": -0.5949, "seoul_anomaly": 1.751, "pred_anomaly": 1.803, "pred_anomaly_std": 0.8347, "green_delta_c": -0.3171, "building_ratio": 0.2237, "green_ratio": 0.24, "ndvi": 0.2676, "impervious_ratio": 0.5649, "built_surface_ratio": 0.5649, "avg_ground_floor_count": 3.4351, "elevation_m": 53.8569, "albedo": 0.1285, "nearest_park_distance_m": 87.4568, "park_area_within_500m": 72957.9392, "nearest_stream_distance_m": 745.462, "est_population_density": 11481.2, "dong_elderly_ratio": 0.1819, "dong_avg_age": 40.66, "dong_pop_density": 18468.76, "nearest_shelter_distance_m": 306.676, "shelter_count_within_500m": 2.52, "est_population": 717.6, "est_elderly": 115.1, "shelter_capacity_within_500m": 1975.0, "building_form_group": "low_floor_low_density", "dong_name": "회기동", "top1_feature": "built_surface_ratio", "top1_shap": 0.6687, "top2_feature": "impervious_ratio", "top2_shap": 0.6279, "top3_feature": "ndvi", "top3_shap": -0.5128, "priority_score": 50.4744, "priority_rank": 137 }, "geometry": { "type": "Polygon", "coordinates": [ [ [ 127.046909581989368, 37.591282466941351 ], [ 127.046895920584504, 37.593535777621497 ], [ 127.04972774067781, 37.593546614789915 ], [ 127.049741316708364, 37.59129330323362 ], [ 127.046909581989368, 37.591282466941351 ] ] ] } },
{ "type": "Feature", "properties": { "display_grid_id": "11230_00214", "gu_code": 11230, "gu_name": "동대문구", "source_cell_count": 15, "area_m2": 62500.0, "mean_actual_lst": 41.6518, "mean_actual_anomaly": 1.2944, "seoul_anomaly": 3.6404, "pred_anomaly": 3.22, "pred_anomaly_std": 0.6621, "green_delta_c": -0.0838, "building_ratio": 0.4005, "green_ratio": 0.202, "ndvi": 0.0975, "impervious_ratio": 0.4911, "built_surface_ratio": 0.4911, "avg_ground_floor_count": 4.3179, "elevation_m": 38.181, "albedo": 0.1115, "nearest_park_distance_m": 34.3048, "park_area_within_500m": 113807.7616, "nearest_stream_distance_m": 973.9556, "est_population_density": 29200.4, "dong_elderly_ratio": 0.1007, "dong_avg_age": 34.3, "dong_pop_density": 20711.6, "nearest_shelter_distance_m": 216.8152, "shelter_count_within_500m": 3.32, "est_population": 1825.0, "est_elderly": 183.9, "shelter_capacity_within_500m": 1247.5, "building_form_group": "low_floor_high_density", "dong_name": "회기동", "top1_feature": "built_surface_ratio", "top1_shap": 0.6526, "top2_feature": "building_ratio", "top2_shap": 0.52, "top3_feature": "impervious_ratio", "top3_shap": 0.4584, "priority_score": 51.5967, "priority_rank": 127 }, "geometry": { "type": "Polygon", "coordinates": [ [ [ 127.049741316708364, 37.59129330323362 ], [ 127.04972774067781, 37.593546614789915 ], [ 127.052559562283321, 37.593557384019618 ], [ 127.052573052939422, 37.591304071592667 ], [ 127.049741316708364, 37.59129330323362 ] ] ] } },
{ "type": "Feature", "properties": { "display_grid_id": "11230_00215", "gu_code": 11230, "gu_name": "동대문구", "source_cell_count": 11, "area_m2": 62500.0, "mean_actual_lst": 42.4445, "mean_actual_anomaly": 2.0086, "seoul_anomaly": 4.3545, "pred_anomaly": 3.6136, "pred_anomaly_std": 0.698, "green_delta_c": -0.2268, "building_ratio": 0.4107, "green_ratio": 0.1822, "ndvi": 0.1027, "impervious_ratio": 0.5938, "built_surface_ratio": 0.5938, "avg_ground_floor_count": 3.1206, "elevation_m": 36.7832, "albedo": 0.1197, "nearest_park_distance_m": 34.8408, "park_area_within_500m": 157540.4712, "nearest_stream_distance_m": 1207.1228, "est_population_density": 21169.6, "dong_elderly_ratio": 0.1007, "dong_avg_age": 34.3, "dong_pop_density": 20711.6, "nearest_shelter_distance_m": 193.8728, "shelter_count_within_500m": 5.36, "est_population": 1323.1, "est_elderly": 133.4, "shelter_capacity_within_500m": 671.7, "building_form_group": "low_floor_high_density", "dong_name": "회기동", "top1_feature": "built_surface_ratio", "top1_shap": 0.7517, "top2_feature": "impervious_ratio", "top2_shap": 0.6888, "top3_feature": "building_ratio", "top3_shap": 0.5615, "priority_score": 61.6788, "priority_rank": 48 }, "geometry": { "type": "Polygon", "coordinates": [ [ [ 127.052573052939422, 37.591304071592667 ], [ 127.052559562283321, 37.593557384019618 ], [ 127.055391385391559, 37.593568085310508 ], [ 127.055404790672995, 37.591314772018379 ], [ 127.052573052939422, 37.591304071592667 ] ] ] } },
{ "type": "Feature", "properties": { "display_grid_id": "11230_00216", "gu_code": 11230, "gu_name": "동대문구", "source_cell_count": 11, "area_m2": 62500.0, "mean_actual_lst": 41.6157, "mean_actual_anomaly": 1.3467, "seoul_anomaly": 3.6926, "pred_anomaly": 3.2127, "pred_anomaly_std": 0.6946, "green_delta_c": -0.2277, "building_ratio": 0.3627, "green_ratio": 0.1948, "ndvi": 0.1138, "impervious_ratio": 0.5407, "built_surface_ratio": 0.5407, "avg_ground_floor_count": 4.43, "elevation_m": 33.9457, "albedo": 0.1154, "nearest_park_distance_m": 119.1432, "park_area_within_500m": 222512.344, "nearest_stream_distance_m": 1140.4868, "est_population_density": 23916.0, "dong_elderly_ratio": 0.1232, "dong_avg_age": 36.564, "dong_pop_density": 23805.88, "nearest_shelter_distance_m": 149.4536, "shelter_count_within_500m": 6.88, "est_population": 1494.8, "est_elderly": 182.9, "shelter_capacity_within_500m": 850.2, "building_form_group": "low_floor_high_density", "dong_name": "회기동", "top1_feature": "built_surface_ratio", "top1_shap": 0.6798, "top2_feature": "impervious_ratio", "top2_shap": 0.5883, "top3_feature": "ndvi", "top3_shap": 0.3514, "priority_score": 56.4599, "priority_rank": 94 }, "geometry": { "type": "Polygon", "coordinates": [ [ [ 127.055404790672995, 37.591314772018379 ], [ 127.055391385391559, 37.593568085310508 ], [ 127.058223209993031, 37.593578718662442 ], [ 127.058236529899631, 37.591325404510663 ], [ 127.055404790672995, 37.591314772018379 ] ] ] } },
{ "type": "Feature", "properties": { "display_grid_id": "11230_00217", "gu_code": 11230, "gu_name": "동대문구", "source_cell_count": 15, "area_m2": 62500.0, "mean_actual_lst": 40.0942, "mean_actual_anomaly": 0.1567, "seoul_anomaly": 2.5026, "pred_anomaly": 2.3888, "pred_anomaly_std": 0.7622, "green_delta_c": -0.0526, "building_ratio": 0.3282, "green_ratio": 0.2054, "ndvi": 0.1375, "impervious_ratio": 0.4969, "built_surface_ratio": 0.4969, "avg_ground_floor_count": 8.2812, "elevation_m": 28.6807, "albedo": 0.1033, "nearest_park_distance_m": 106.9832, "park_area_within_500m": 282068.8508, "nearest_stream_distance_m": 886.6752, "est_population_density": 34256.8, "dong_elderly_ratio": 0.1402, "dong_avg_age": 38.36, "dong_pop_density": 27802.14, "nearest_shelter_distance_m": 122.6868, "shelter_count_within_500m": 7.2, "est_population": 2141.1, "est_elderly": 301.3, "shelter_capacity_within_500m": 911.3, "building_form_group": "low_floor_high_density", "dong_name": "휘경1동", "top1_feature": "built_surface_ratio", "top1_shap": 0.5979, "top2_feature": "impervious_ratio", "top2_shap": 0.4515, "top3_feature": "building_ratio", "top3_shap": 0.3093, "priority_score": 43.5401, "priority_rank": 196 }, "geometry": { "type": "Polygon", "coordinates": [ [ [ 127.058236529899631, 37.591325404510663 ], [ 127.058223209993031, 37.593578718662442 ], [ 127.061055036078187, 37.59358928407535 ], [ 127.061068270609766, 37.591335969069377 ], [ 127.058236529899631, 37.591325404510663 ] ] ] } },
{ "type": "Feature", "properties": { "display_grid_id": "11230_00218", "gu_code": 11230, "gu_name": "동대문구", "source_cell_count": 12, "area_m2": 62500.0, "mean_actual_lst": 37.5571, "mean_actual_anomaly": -2.58, "seoul_anomaly": -0.2341, "pred_anomaly": -0.071, "pred_anomaly_std": 0.8741, "green_delta_c": 0.1397, "building_ratio": 0.135, "green_ratio": 0.188, "ndvi": 0.092, "impervious_ratio": 0.5748, "built_surface_ratio": 0.5748, "avg_ground_floor_count": 24.7672, "elevation_m": 23.9707, "albedo": 0.1164, "nearest_park_distance_m": 4.9208, "park_area_within_500m": 311837.2572, "nearest_stream_distance_m": 652.7056, "est_population_density": 54763.2, "dong_elderly_ratio": 0.139, "dong_avg_age": 38.392, "dong_pop_density": 30723.548, "nearest_shelter_distance_m": 201.0492, "shelter_count_within_500m": 6.24, "est_population": 3422.7, "est_elderly": 475.6, "shelter_capacity_within_500m": 1001.3, "building_form_group": "high_floor_low_density", "dong_name": "휘경1동", "top1_feature": "avg_ground_floor_count", "top1_shap": -1.0953, "top2_feature": "built_surface_ratio", "top2_shap": 0.6549, "top3_feature": "impervious_ratio", "top3_shap": 0.6213, "priority_score": 44.9909, "priority_rank": 188 }, "geometry": { "type": "Polygon", "coordinates": [ [ [ 127.061068270609766, 37.591335969069377 ], [ 127.061055036078187, 37.59358928407535 ], [ 127.063886863637521, 37.593599781549102 ], [ 127.063900012793937, 37.591346465694443 ], [ 127.061068270609766, 37.591335969069377 ] ] ] } },
{ "type": "Feature", "properties": { "display_grid_id": "11230_00219", "gu_code": 11230, "gu_name": "동대문구", "source_cell_count": 14, "area_m2": 62500.0, "mean_actual_lst": 38.3021, "mean_actual_anomaly": -1.7044, "seoul_anomaly": 0.6415, "pred_anomaly": 1.1019, "pred_anomaly_std": 0.8026, "green_delta_c": -0.0226, "building_ratio": 0.1805, "green_ratio": 0.2017, "ndvi": 0.1592, "impervious_ratio": 0.5867, "built_surface_ratio": 0.5867, "avg_ground_floor_count": 15.5945, "elevation_m": 21.8849, "albedo": 0.1083, "nearest_park_distance_m": 42.5188, "park_area_within_500m": 278601.6236, "nearest_stream_distance_m": 399.636, "est_population_density": 43402.8, "dong_elderly_ratio": 0.1405, "dong_avg_age": 38.532, "dong_pop_density": 31069.932, "nearest_shelter_distance_m": 102.702, "shelter_count_within_500m": 5.16, "est_population": 2712.7, "est_elderly": 379.1, "shelter_capacity_within_500m": 824.3, "building_form_group": "high_floor_low_density", "dong_name": "휘경1동", "top1_feature": "built_surface_ratio", "top1_shap": 0.6453, "top2_feature": "impervious_ratio", "top2_shap": 0.6284, "top3_feature": "avg_ground_floor_count", "top3_shap": -0.5557, "priority_score": 38.7956, "priority_rank": 215 }, "geometry": { "type": "Polygon", "coordinates": [ [ [ 127.063900012793937, 37.591346465694443 ], [ 127.063886863637521, 37.593599781549102 ], [ 127.066718692661567, 37.593610211083586 ], [ 127.066731756442621, 37.59135689438574 ], [ 127.063900012793937, 37.591346465694443 ] ] ] } },
{ "type": "Feature", "properties": { "display_grid_id": "11230_00220", "gu_code": 11230, "gu_name": "동대문구", "source_cell_count": 14, "area_m2": 62500.0, "mean_actual_lst": 38.3078, "mean_actual_anomaly": -1.7505, "seoul_anomaly": 0.5954, "pred_anomaly": 0.9503, "pred_anomaly_std": 0.8294, "green_delta_c": -0.1303, "building_ratio": 0.0986, "green_ratio": 0.2313, "ndvi": 0.2236, "impervious_ratio": 0.5334, "built_surface_ratio": 0.5334, "avg_ground_floor_count": 11.5693, "elevation_m": 20.3398, "albedo": 0.1102, "nearest_park_distance_m": 97.7524, "park_area_within_500m": 181980.1844, "nearest_stream_distance_m": 165.14, "est_population_density": 24315.6, "dong_elderly_ratio": 0.1477, "dong_avg_age": 39.06, "dong_pop_density": 29534.06, "nearest_shelter_distance_m": 121.8388, "shelter_count_within_500m": 5.56, "est_population": 1519.7, "est_elderly": 224.7, "shelter_capacity_within_500m": 767.3, "building_form_group": "high_floor_low_density", "dong_name": "휘경1동", "top1_feature": "built_surface_ratio", "top1_shap": 0.6854, "top2_feature": "impervious_ratio", "top2_shap": 0.6376, "top3_feature": "avg_ground_floor_count", "top3_shap": -0.4341, "priority_score": 31.8066, "priority_rank": 253 }, "geometry": { "type": "Polygon", "coordinates": [ [ [ 127.066731756442621, 37.59135689438574 ], [ 127.066718692661567, 37.593610211083586 ], [ 127.069550523140776, 37.593620572678695 ], [ 127.069563501546313, 37.591367255143155 ], [ 127.066731756442621, 37.59135689438574 ] ] ] } },
{ "type": "Feature", "properties": { "display_grid_id": "11230_00221", "gu_code": 11230, "gu_name": "동대문구", "source_cell_count": 10, "area_m2": 21326.07, "mean_actual_lst": 36.9416, "mean_actual_anomaly": -3.2251, "seoul_anomaly": -0.8792, "pred_anomaly": 0.1144, "pred_anomaly_std": 1.4848, "green_delta_c": -0.687, "building_ratio": 0.001, "green_ratio": 0.2243, "ndvi": 0.1255, "impervious_ratio": 0.3661, "built_surface_ratio": 0.3661, "avg_ground_floor_count": 0.3221, "elevation_m": 15.1867, "albedo": 0.0987, "nearest_park_distance_m": 199.3077, "park_area_within_500m": 114961.6928, "nearest_stream_distance_m": 2.0233, "est_population_density": 0.0, "dong_elderly_ratio": 0.169, "dong_avg_age": 40.644, "dong_pop_density": 24997.8901, "nearest_shelter_distance_m": 195.47, "shelter_count_within_500m": 7.209, "est_population": 0.0, "est_elderly": 0.0, "shelter_capacity_within_500m": 517.7, "building_form_group": "no_building", "dong_name": "휘경2동", "top1_feature": "impervious_ratio", "top1_shap": 0.8187, "top2_feature": "building_ratio", "top2_shap": -0.7723, "top3_feature": "built_surface_ratio", "top3_shap": 0.624, "priority_score": 34.7901, "priority_rank": 239 }, "geometry": { "type": "Polygon", "coordinates": [ [ [ 127.069563501546313, 37.591367255143155 ], [ 127.069550523140776, 37.593620572678695 ], [ 127.07013657451202, 37.593622708540018 ], [ 127.07026842, 37.5933415 ], [ 127.07044354, 37.5929064 ], [ 127.07044811999998, 37.59289232 ], [ 127.07050508, 37.59268252 ], [ 127.070512829999984, 37.59265521 ], [ 127.07052712, 37.59260171 ], [ 127.070543680000014, 37.59254201000001 ], [ 127.07055216, 37.59251103 ], [ 127.0705652, 37.59246316 ], [ 127.07056855, 37.59245049 ], [ 127.07057598, 37.59242364 ], [ 127.07072337, 37.59189122 ], [ 127.07072318, 37.59188024 ], [ 127.070722860000018, 37.59153195 ], [ 127.07072246, 37.59147874 ], [ 127.070695189396844, 37.59137137674886 ], [ 127.069563501546313, 37.591367255143155 ] ] ] } },
{ "type": "Feature", "properties": { "display_grid_id": "11230_00222", "gu_code": 11230, "gu_name": "동대문구", "source_cell_count": 6, "area_m2": 20342.19, "mean_actual_lst": 39.5102, "mean_actual_anomaly": -0.8923, "seoul_anomaly": 1.4537, "pred_anomaly": 1.7504, "pred_anomaly_std": 0.9554, "green_delta_c": -0.518, "building_ratio": 0.0932, "green_ratio": 0.2987, "ndvi": 0.2566, "impervious_ratio": 0.5179, "built_surface_ratio": 0.5179, "avg_ground_floor_count": 0.9124, "elevation_m": 27.0535, "albedo": 0.1203, "nearest_park_distance_m": 299.6075, "park_area_within_500m": 89286.1243, "nearest_stream_distance_m": 30.8619, "est_population_density": 1573.0749, "dong_elderly_ratio": 0.2935, "dong_avg_age": 49.5169, "dong_pop_density": 16267.7851, "nearest_shelter_distance_m": 255.5766, "shelter_count_within_500m": 4.0876, "est_population": 32.0, "est_elderly": 9.8, "shelter_capacity_within_500m": 124.0, "building_form_group": "low_floor_low_density", "dong_name": "청량리동", "top1_feature": "built_surface_ratio", "top1_shap": 0.7298, "top2_feature": "impervious_ratio", "top2_shap": 0.721, "top3_feature": "ndvi", "top3_shap": -0.4241, "priority_score": 44.4526, "priority_rank": 190 }, "geometry": { "type": "Polygon", "coordinates": [ [ [ 127.041232284972637, 37.593513899468981 ], [ 127.039697376638728, 37.59350792343794 ], [ 127.0401641, 37.59457407 ], [ 127.04064258, 37.59540873 ], [ 127.04075912, 37.59528846 ], [ 127.041071890000012, 37.59555049 ], [ 127.04107933, 37.595564 ], [ 127.041089580000019, 37.59555809 ], [ 127.041104259999983, 37.59554907 ], [ 127.04112001, 37.59553865 ], [ 127.0411437, 37.59551949 ], [ 127.041156650000019, 37.59550924 ], [ 127.04117464, 37.59549262 ], [ 127.041220135238248, 37.595492928428875 ], [ 127.041232284972637, 37.593513899468981 ] ] ] } },
{ "type": "Feature", "properties": { "display_grid_id": "11230_00223", "gu_code": 11230, "gu_name": "동대문구", "source_cell_count": 12, "area_m2": 61861.35, "mean_actual_lst": 37.0549, "mean_actual_anomaly": -3.4173, "seoul_anomaly": -1.0714, "pred_anomaly": -0.4722, "pred_anomaly_std": 0.877, "green_delta_c": -0.3495, "building_ratio": 0.11, "green_ratio": 0.4517, "ndvi": 0.4325, "impervious_ratio": 0.4067, "built_surface_ratio": 0.4067, "avg_ground_floor_count": 2.674, "elevation_m": 38.7865, "albedo": 0.1279, "nearest_park_distance_m": 388.2679, "park_area_within_500m": 22140.7816, "nearest_stream_distance_m": 194.4092, "est_population_density": 5345.8259, "dong_elderly_ratio": 0.3036, "dong_avg_age": 50.2, "dong_pop_density": 15104.5, "nearest_shelter_distance_m": 251.7463, "shelter_count_within_500m": 2.9089, "est_population": 330.7, "est_elderly": 100.3, "shelter_capacity_within_500m": 26.0, "building_form_group": "low_floor_low_density", "dong_name": "청량리동", "top1_feature": "ndvi", "top1_shap": -1.0212, "top2_feature": "green_ratio", "top2_shap": -0.6828, "top3_feature": "built_surface_ratio", "top3_shap": 0.3891, "priority_score": 36.8796, "priority_rank": 227 }, "geometry": { "type": "Polygon", "coordinates": [ [ [ 127.044050353702687, 37.595778181446271 ], [ 127.044064102012939, 37.593524872514486 ], [ 127.041232284972637, 37.593513899468981 ], [ 127.041220135238248, 37.595492928428875 ], [ 127.04125282, 37.59549315 ], [ 127.04127321, 37.595493500000011 ], [ 127.04132816, 37.5954932 ], [ 127.04134611, 37.59549347 ], [ 127.04138835, 37.59549432 ], [ 127.04139448, 37.59550904 ], [ 127.04139727, 37.59551299000001 ], [ 127.041411400000015, 37.59553235 ], [ 127.04152218502945, 37.595768387768324 ], [ 127.044050353702687, 37.595778181446271 ] ] ] } },
{ "type": "Feature", "properties": { "display_grid_id": "11230_00224", "gu_code": 11230, "gu_name": "동대문구", "source_cell_count": 13, "area_m2": 62500.0, "mean_actual_lst": 34.6188, "mean_actual_anomaly": -6.0363, "seoul_anomaly": -3.6904, "pred_anomaly": -2.5029, "pred_anomaly_std": 0.8112, "green_delta_c": -0.4964, "building_ratio": 0.0634, "green_ratio": 0.6451, "ndvi": 0.5245, "impervious_ratio": 0.2164, "built_surface_ratio": 0.2164, "avg_ground_floor_count": 1.2565, "elevation_m": 57.4402, "albedo": 0.1204, "nearest_park_distance_m": 391.356, "park_area_within_500m": 11404.2552, "nearest_stream_distance_m": 424.798, "est_population_density": 2383.648, "dong_elderly_ratio": 0.3036, "dong_avg_age": 50.2, "dong_pop_density": 15104.5, "nearest_shelter_distance_m": 412.4992, "shelter_count_within_500m": 1.64, "est_population": 149.0, "est_elderly": 45.2, "shelter_capacity_within_500m": 250.0, "building_form_group": "low_floor_low_density", "dong_name": "청량리동", "top1_feature": "green_ratio", "top1_shap": -1.1493, "top2_feature": "ndvi", "top2_shap": -0.8285, "top3_feature": "built_surface_ratio", "top3_shap": -0.3382, "priority_score": 37.4361, "priority_rank": 224 }, "geometry": { "type": "Polygon", "coordinates": [ [ [ 127.044064102012939, 37.593524872514486 ], [ 127.044050353702687, 37.595778181446271 ], [ 127.04688225765787, 37.59578908743498 ], [ 127.046895920584504, 37.593535777621497 ], [ 127.044064102012939, 37.593524872514486 ] ] ] } },
{ "type": "Feature", "properties": { "display_grid_id": "11230_00225", "gu_code": 11230, "gu_name": "동대문구", "source_cell_count": 11, "area_m2": 62500.0, "mean_actual_lst": 36.6982, "mean_actual_anomaly": -3.9773, "seoul_anomaly": -1.6314, "pred_anomaly": -1.3424, "pred_anomaly_std": 0.7596, "green_delta_c": -0.2152, "building_ratio": 0.0909, "green_ratio": 0.4956, "ndvi": 0.4667, "impervious_ratio": 0.3465, "built_surface_ratio": 0.3465, "avg_ground_floor_count": 3.9714, "elevation_m": 66.4758, "albedo": 0.137, "nearest_park_distance_m": 322.0836, "park_area_within_500m": 44855.1408, "nearest_stream_distance_m": 680.0476, "est_population_density": 5940.296, "dong_elderly_ratio": 0.1819, "dong_avg_age": 40.66, "dong_pop_density": 18468.76, "nearest_shelter_distance_m": 525.1032, "shelter_count_within_500m": 0.56, "est_population": 371.3, "est_elderly": 42.8, "shelter_capacity_within_500m": 567.5, "building_form_group": "high_floor_low_density", "dong_name": "회기동", "top1_feature": "ndvi", "top1_shap": -0.969, "top2_feature": "green_ratio", "top2_shap": -0.9012, "top3_feature": "built_surface_ratio", "top3_shap": 0.2373, "priority_score": 30.8576, "priority_rank": 257 }, "geometry": { "type": "Polygon", "coordinates": [ [ [ 127.046895920584504, 37.593535777621497 ], [ 127.04688225765787, 37.59578908743498 ], [ 127.049714163134979, 37.595799925479604 ], [ 127.04972774067781, 37.593546614789915 ], [ 127.046895920584504, 37.593535777621497 ] ] ] } },
{ "type": "Feature", "properties": { "display_grid_id": "11230_00226", "gu_code": 11230, "gu_name": "동대문구", "source_cell_count": 11, "area_m2": 62500.0, "mean_actual_lst": 38.9303, "mean_actual_anomaly": -1.7453, "seoul_anomaly": 0.6006, "pred_anomaly": 0.8342, "pred_anomaly_std": 0.9066, "green_delta_c": -0.3399, "building_ratio": 0.2898, "green_ratio": 0.3202, "ndvi": 0.2645, "impervious_ratio": 0.4554, "built_surface_ratio": 0.4554, "avg_ground_floor_count": 9.0767, "elevation_m": 47.6396, "albedo": 0.1259, "nearest_park_distance_m": 183.4348, "park_area_within_500m": 78052.2464, "nearest_stream_distance_m": 916.5556, "est_population_density": 53464.8, "dong_elderly_ratio": 0.1007, "dong_avg_age": 34.3, "dong_pop_density": 20711.6, "nearest_shelter_distance_m": 433.78, "shelter_count_within_500m": 1.68, "est_population": 3341.5, "est_elderly": 336.5, "shelter_capacity_within_500m": 290.0, "building_form_group": "high_floor_high_density", "dong_name": "회기동", "top1_feature": "ndvi", "top1_shap": -0.4733, "top2_feature": "built_surface_ratio", "top2_shap": 0.4439, "top3_feature": "impervious_ratio", "top3_shap": 0.3032, "priority_score": 56.7336, "priority_rank": 90 }, "geometry": { "type": "Polygon", "coordinates": [ [ [ 127.04972774067781, 37.593546614789915 ], [ 127.049714163134979, 37.595799925479604 ], [ 127.052546070124492, 37.595810695580013 ], [ 127.052559562283321, 37.593557384019618 ], [ 127.04972774067781, 37.593546614789915 ] ] ] } },
{ "type": "Feature", "properties": { "display_grid_id": "11230_00227", "gu_code": 11230, "gu_name": "동대문구", "source_cell_count": 13, "area_m2": 62500.0, "mean_actual_lst": 41.0666, "mean_actual_anomaly": 0.4624, "seoul_anomaly": 2.8084, "pred_anomaly": 2.164, "pred_anomaly_std": 0.8893, "green_delta_c": -0.3762, "building_ratio": 0.2681, "green_ratio": 0.245, "ndvi": 0.1857, "impervious_ratio": 0.5091, "built_surface_ratio": 0.5091, "avg_ground_floor_count": 5.9085, "elevation_m": 50.6258, "albedo": 0.132, "nearest_park_distance_m": 152.4344, "park_area_within_500m": 91852.2004, "nearest_stream_distance_m": 1158.912, "est_population_density": 30598.0, "dong_elderly_ratio": 0.1124, "dong_avg_age": 35.42, "dong_pop_density": 21163.212, "nearest_shelter_distance_m": 235.0512, "shelter_count_within_500m": 4.4, "est_population": 1912.4, "est_elderly": 223.8, "shelter_capacity_within_500m": 541.7, "building_form_group": "high_floor_high_density", "dong_name": "회기동", "top1_feature": "built_surface_ratio", "top1_shap": 0.6608, "top2_feature": "impervious_ratio", "top2_shap": 0.5843, "top3_feature": "building_ratio", "top3_shap": 0.2776, "priority_score": 58.896, "priority_rank": 67 }, "geometry": { "type": "Polygon", "coordinates": [ [ [ 127.052559562283321, 37.593557384019618 ], [ 127.052546070124492, 37.595810695580013 ], [ 127.055377978616903, 37.595821397736103 ], [ 127.055391385391559, 37.593568085310508 ], [ 127.052559562283321, 37.593557384019618 ] ] ] } },
{ "type": "Feature", "properties": { "display_grid_id": "11230_00228", "gu_code": 11230, "gu_name": "동대문구", "source_cell_count": 13, "area_m2": 62500.0, "mean_actual_lst": 42.1387, "mean_actual_anomaly": 1.9343, "seoul_anomaly": 4.2802, "pred_anomaly": 2.9028, "pred_anomaly_std": 0.7793, "green_delta_c": -0.358, "building_ratio": 0.4102, "green_ratio": 0.22, "ndvi": 0.1741, "impervious_ratio": 0.5292, "built_surface_ratio": 0.5292, "avg_ground_floor_count": 3.7138, "elevation_m": 38.1668, "albedo": 0.1173, "nearest_park_distance_m": 264.6384, "park_area_within_500m": 143452.858, "nearest_stream_distance_m": 1098.0656, "est_population_density": 28251.6, "dong_elderly_ratio": 0.1424, "dong_avg_age": 38.3, "dong_pop_density": 22324.5, "nearest_shelter_distance_m": 101.5448, "shelter_count_within_500m": 5.52, "est_population": 1765.7, "est_elderly": 251.4, "shelter_capacity_within_500m": 653.7, "building_form_group": "low_floor_high_density", "dong_name": "이문1동", "top1_feature": "built_surface_ratio", "top1_shap": 0.6582, "top2_feature": "impervious_ratio", "top2_shap": 0.5596, "top3_feature": "building_ratio", "top3_shap": 0.5576, "priority_score": 63.4033, "priority_rank": 39 }, "geometry": { "type": "Polygon", "coordinates": [ [ [ 127.055391385391559, 37.593568085310508 ], [ 127.055377978616903, 37.595821397736103 ], [ 127.058209888602704, 37.595832031947772 ], [ 127.058223209993031, 37.593578718662442 ], [ 127.055391385391559, 37.593568085310508 ] ] ] } },
{ "type": "Feature", "properties": { "display_grid_id": "11230_00229", "gu_code": 11230, "gu_name": "동대문구", "source_cell_count": 13, "area_m2": 62500.0, "mean_actual_lst": 40.6746, "mean_actual_anomaly": 0.7537, "seoul_anomaly": 3.0997, "pred_anomaly": 2.9219, "pred_anomaly_std": 0.665, "green_delta_c": -0.0662, "building_ratio": 0.3603, "green_ratio": 0.2072, "ndvi": 0.1046, "impervious_ratio": 0.4671, "built_surface_ratio": 0.4671, "avg_ground_floor_count": 5.4497, "elevation_m": 26.8904, "albedo": 0.106, "nearest_park_distance_m": 122.5088, "park_area_within_500m": 285173.772, "nearest_stream_distance_m": 839.9832, "est_population_density": 28666.0, "dong_elderly_ratio": 0.1424, "dong_avg_age": 38.3, "dong_pop_density": 22324.5, "nearest_shelter_distance_m": 104.352, "shelter_count_within_500m": 5.16, "est_population": 1791.6, "est_elderly": 255.0, "shelter_capacity_within_500m": 631.2, "building_form_group": "high_floor_high_density", "dong_name": "이문1동", "top1_feature": "impervious_ratio", "top1_shap": 0.5962, "top2_feature": "built_surface_ratio", "top2_shap": 0.5656, "top3_feature": "building_ratio", "top3_shap": 0.3496, "priority_score": 42.8832, "priority_rank": 200 }, "geometry": { "type": "Polygon", "coordinates": [ [ [ 127.058223209993031, 37.593578718662442 ], [ 127.058209888602704, 37.595832031947772 ], [ 127.061041800072402, 37.595842598214908 ], [ 127.061055036078187, 37.59358928407535 ], [ 127.058223209993031, 37.593578718662442 ] ] ] } },
{ "type": "Feature", "properties": { "display_grid_id": "11230_00230", "gu_code": 11230, "gu_name": "동대문구", "source_cell_count": 14, "area_m2": 62500.0, "mean_actual_lst": 39.9296, "mean_actual_anomaly": -0.3432, "seoul_anomaly": 2.0027, "pred_anomaly": 2.475, "pred_anomaly_std": 0.7319, "green_delta_c": 0.0171, "building_ratio": 0.3052, "green_ratio": 0.1942, "ndvi": 0.0722, "impervious_ratio": 0.4971, "built_surface_ratio": 0.4971, "avg_ground_floor_count": 7.0205, "elevation_m": 22.2394, "albedo": 0.1149, "nearest_park_distance_m": 13.7552, "park_area_within_500m": 400009.7544, "nearest_stream_distance_m": 602.4568, "est_population_density": 31350.8, "dong_elderly_ratio": 0.1418, "dong_avg_age": 38.316, "dong_pop_density": 23785.204, "nearest_shelter_distance_m": 228.236, "shelter_count_within_500m": 5.0, "est_population": 1959.4, "est_elderly": 276.8, "shelter_capacity_within_500m": 621.3, "building_form_group": "high_floor_high_density", "dong_name": "이문1동", "top1_feature": "built_surface_ratio", "top1_shap": 0.5865, "top2_feature": "impervious_ratio", "top2_shap": 0.5195, "top3_feature": "ndvi", "top3_shap": 0.4545, "priority_score": 45.3376, "priority_rank": 186 }, "geometry": { "type": "Polygon", "coordinates": [ [ [ 127.061055036078187, 37.59358928407535 ], [ 127.061041800072402, 37.595842598214908 ], [ 127.06387371301642, 37.59585309653739 ], [ 127.063886863637521, 37.593599781549102 ], [ 127.061055036078187, 37.59358928407535 ] ] ] } },
{ "type": "Feature", "properties": { "display_grid_id": "11230_00231", "gu_code": 11230, "gu_name": "동대문구", "source_cell_count": 13, "area_m2": 62500.0, "mean_actual_lst": 39.8973, "mean_actual_anomaly": -0.111, "seoul_anomaly": 2.2349, "pred_anomaly": 2.401, "pred_anomaly_std": 0.7539, "green_delta_c": -0.0086, "building_ratio": 0.3503, "green_ratio": 0.2166, "ndvi": 0.123, "impervious_ratio": 0.4814, "built_surface_ratio": 0.4814, "avg_ground_floor_count": 9.0267, "elevation_m": 20.9919, "albedo": 0.108, "nearest_park_distance_m": 0.0, "park_area_within_500m": 385362.8992, "nearest_stream_distance_m": 345.74, "est_population_density": 41094.4, "dong_elderly_ratio": 0.14, "dong_avg_age": 38.364, "dong_pop_density": 28167.316, "nearest_shelter_distance_m": 197.418, "shelter_count_within_500m": 4.92, "est_population": 2568.4, "est_elderly": 358.1, "shelter_capacity_within_500m": 653.7, "building_form_group": "high_floor_high_density", "dong_name": "휘경1동", "top1_feature": "built_surface_ratio", "top1_shap": 0.5904, "top2_feature": "impervious_ratio", "top2_shap": 0.4894, "top3_feature": "building_ratio", "top3_shap": 0.3321, "priority_score": 47.8376, "priority_rank": 166 }, "geometry": { "type": "Polygon", "coordinates": [ [ [ 127.063886863637521, 37.593599781549102 ], [ 127.06387371301642, 37.59585309653739 ], [ 127.066705627425335, 37.595863526915117 ], [ 127.066718692661567, 37.593610211083586 ], [ 127.063886863637521, 37.593599781549102 ] ] ] } },
{ "type": "Feature", "properties": { "display_grid_id": "11230_00232", "gu_code": 11230, "gu_name": "동대문구", "source_cell_count": 9, "area_m2": 61660.14, "mean_actual_lst": 39.1501, "mean_actual_anomaly": -0.9405, "seoul_anomaly": 1.4054, "pred_anomaly": 1.6023, "pred_anomaly_std": 0.8177, "green_delta_c": -0.06, "building_ratio": 0.1809, "green_ratio": 0.243, "ndvi": 0.2008, "impervious_ratio": 0.4705, "built_surface_ratio": 0.4705, "avg_ground_floor_count": 4.3392, "elevation_m": 20.5932, "albedo": 0.1133, "nearest_park_distance_m": 31.5343, "park_area_within_500m": 261695.6996, "nearest_stream_distance_m": 111.0957, "est_population_density": 16380.1109, "dong_elderly_ratio": 0.1394, "dong_avg_age": 38.3804, "dong_pop_density": 29660.327, "nearest_shelter_distance_m": 149.9515, "shelter_count_within_500m": 5.6425, "est_population": 1010.0, "est_elderly": 141.0, "shelter_capacity_within_500m": 758.3, "building_form_group": "no_building", "dong_name": "휘경1동", "top1_feature": "impervious_ratio", "top1_shap": 0.7024, "top2_feature": "built_surface_ratio", "top2_shap": 0.6717, "top3_feature": "building_ratio", "top3_shap": -0.1451, "priority_score": 27.2628, "priority_rank": 266 }, "geometry": { "type": "Polygon", "coordinates": [ [ [ 127.069550523140776, 37.593620572678695 ], [ 127.066718692661567, 37.593610211083586 ], [ 127.066705627425335, 37.595863526915117 ], [ 127.069457396283468, 37.595873597011597 ], [ 127.0694486, 37.59549758 ], [ 127.06942331, 37.5953267 ], [ 127.06942922, 37.595209 ], [ 127.069434269999988, 37.59512059 ], [ 127.069543221238348, 37.594888222087107 ], [ 127.069550523140776, 37.593620572678695 ] ] ] } },
{ "type": "Feature", "properties": { "display_grid_id": "11230_00233", "gu_code": 11230, "gu_name": "동대문구", "source_cell_count": 5, "area_m2": 3638.27, "mean_actual_lst": 36.3228, "mean_actual_anomaly": -3.8439, "seoul_anomaly": -1.4979, "pred_anomaly": -3.1385, "pred_anomaly_std": 1.4493, "green_delta_c": -0.7524, "building_ratio": 0.0, "green_ratio": 0.2144, "ndvi": 0.0538, "impervious_ratio": 0.1397, "built_surface_ratio": 0.1397, "avg_ground_floor_count": 0.0, "elevation_m": 15.0, "albedo": 0.0601, "nearest_park_distance_m": 121.2424, "park_area_within_500m": 168677.7101, "nearest_stream_distance_m": 0.0, "est_population_density": 0.0, "dong_elderly_ratio": 0.1387, "dong_avg_age": 38.4, "dong_pop_density": 31453.9, "nearest_shelter_distance_m": 141.7544, "shelter_count_within_500m": 6.9165, "est_population": 0.0, "est_elderly": 0.0, "shelter_capacity_within_500m": 232.0, "building_form_group": "no_building", "dong_name": "휘경1동", "top1_feature": "building_ratio", "top1_shap": -0.8441, "top2_feature": "albedo", "top2_shap": -0.792, "top3_feature": "floor_area_ratio_proxy", "top3_shap": -0.507, "priority_score": 30.5018, "priority_rank": 260 }, "geometry": { "type": "Polygon", "coordinates": [ [ [ 127.069550523140776, 37.593620572678695 ], [ 127.069543221238348, 37.594888222087107 ], [ 127.07013657451202, 37.593622708540018 ], [ 127.069550523140776, 37.593620572678695 ] ] ] } },
{ "type": "Feature", "properties": { "display_grid_id": "11230_00234", "gu_code": 11230, "gu_name": "동대문구", "source_cell_count": 6, "area_m2": 18875.32, "mean_actual_lst": 34.5953, "mean_actual_anomaly": -5.986, "seoul_anomaly": -3.64, "pred_anomaly": -2.7992, "pred_anomaly_std": 0.7682, "green_delta_c": -0.5403, "building_ratio": 0.0057, "green_ratio": 0.6772, "ndvi": 0.5368, "impervious_ratio": 0.1778, "built_surface_ratio": 0.1778, "avg_ground_floor_count": 1.192, "elevation_m": 43.1243, "albedo": 0.1315, "nearest_park_distance_m": 498.7438, "park_area_within_500m": 3622.6697, "nearest_stream_distance_m": 177.9128, "est_population_density": 291.3857, "dong_elderly_ratio": 0.2946, "dong_avg_age": 49.5712, "dong_pop_density": 15054.7455, "nearest_shelter_distance_m": 150.2601, "shelter_count_within_500m": 3.5684, "est_population": 5.5, "est_elderly": 1.7, "shelter_capacity_within_500m": 0.0, "building_form_group": "no_building", "dong_name": "청량리동", "top1_feature": "green_ratio", "top1_shap": -1.2003, "top2_feature": "ndvi", "top2_shap": -0.8449, "top3_feature": "built_surface_ratio", "top3_shap": -0.4802, "priority_score": 27.6277, "priority_rank": 264 }, "geometry": { "type": "Polygon", "coordinates": [ [ [ 127.044050353702687, 37.595778181446271 ], [ 127.04152218502945, 37.595768387768324 ], [ 127.041559650000011, 37.59584821 ], [ 127.04162369, 37.59598777 ], [ 127.041630930000011, 37.59600355 ], [ 127.04163641000001, 37.5960155 ], [ 127.041678330000011, 37.596106829999989 ], [ 127.04168156, 37.596113870000011 ], [ 127.04170626, 37.5961677 ], [ 127.0418397, 37.59645853 ], [ 127.04185527, 37.59645318 ], [ 127.0420888, 37.59653233 ], [ 127.042154699999983, 37.59655528 ], [ 127.0422538, 37.596596920000017 ], [ 127.04230547, 37.59661548 ], [ 127.04266151, 37.59672066 ], [ 127.042693539999988, 37.59673332 ], [ 127.04301674, 37.59695958 ], [ 127.04302417, 37.59696521 ], [ 127.04303019000001, 37.59696013 ], [ 127.043593210000012, 37.5963864 ], [ 127.043683920000021, 37.59629374 ], [ 127.04368754, 37.59629012 ], [ 127.04370591, 37.59627092 ], [ 127.04371404, 37.59626243000001 ], [ 127.044046727152562, 37.59637252071758 ], [ 127.044050353702687, 37.595778181446271 ] ] ] } },
{ "type": "Feature", "properties": { "display_grid_id": "11230_00235", "gu_code": 11230, "gu_name": "동대문구", "source_cell_count": 7, "area_m2": 15608.84, "mean_actual_lst": 32.9912, "mean_actual_anomaly": -7.6843, "seoul_anomaly": -5.3384, "pred_anomaly": -4.406, "pred_anomaly_std": 0.8514, "green_delta_c": -0.7212, "building_ratio": 0.0365, "green_ratio": 0.8061, "ndvi": 0.6316, "impervious_ratio": 0.0712, "built_surface_ratio": 0.0712, "avg_ground_floor_count": 0.7421, "elevation_m": 65.3906, "albedo": 0.1091, "nearest_park_distance_m": 521.7246, "park_area_within_500m": 230.5792, "nearest_stream_distance_m": 390.7676, "est_population_density": 783.0121, "dong_elderly_ratio": 0.3036, "dong_avg_age": 50.2, "dong_pop_density": 15104.5, "nearest_shelter_distance_m": 352.307, "shelter_count_within_500m": 2.7384, "est_population": 12.2, "est_elderly": 3.7, "shelter_capacity_within_500m": 0.0, "building_form_group": "no_building", "dong_name": "청량리동", "top1_feature": "built_surface_ratio", "top1_shap": -1.3564, "top2_feature": "impervious_ratio", "top2_shap": -1.0243, "top3_feature": "green_ratio", "top3_shap": -0.9237, "priority_score": 35.3832, "priority_rank": 236 }, "geometry": { "type": "Polygon", "coordinates": [ [ [ 127.04688225765787, 37.59578908743498 ], [ 127.044050353702687, 37.595778181446271 ], [ 127.044046727152562, 37.59637252071758 ], [ 127.04409834, 37.5963896 ], [ 127.04410411, 37.59639055 ], [ 127.04411728, 37.59639269 ], [ 127.04457127, 37.59637085 ], [ 127.044643130000011, 37.59636763000001 ], [ 127.04477685, 37.59636177 ], [ 127.04478504, 37.59636308 ], [ 127.04479136, 37.59636513 ], [ 127.045005839999988, 37.59643967 ], [ 127.04550789, 37.59661377 ], [ 127.04551497, 37.59661686 ], [ 127.045521580000013, 37.59661304 ], [ 127.04552688, 37.59660998 ], [ 127.04580661, 37.5964329 ], [ 127.04618209, 37.59619484 ], [ 127.04618935, 37.59619089 ], [ 127.04654934, 37.596097 ], [ 127.0467556, 37.59604342 ], [ 127.04676888, 37.59604229 ], [ 127.046880582867757, 37.596065278939335 ], [ 127.04688225765787, 37.59578908743498 ] ] ] } },
{ "type": "Feature", "properties": { "display_grid_id": "11230_00236", "gu_code": 11230, "gu_name": "동대문구", "source_cell_count": 9, "area_m2": 40743.17, "mean_actual_lst": 33.7238, "mean_actual_anomaly": -6.9517, "seoul_anomaly": -4.6058, "pred_anomaly": -3.8469, "pred_anomaly_std": 0.7645, "green_delta_c": -0.4943, "building_ratio": 0.0198, "green_ratio": 0.7353, "ndvi": 0.5663, "impervious_ratio": 0.1178, "built_surface_ratio": 0.1178, "avg_ground_floor_count": 2.6855, "elevation_m": 78.9456, "albedo": 0.1362, "nearest_park_distance_m": 470.067, "park_area_within_500m": 6674.8705, "nearest_stream_distance_m": 689.733, "est_population_density": 2136.0981, "dong_elderly_ratio": 0.1227, "dong_avg_age": 36.024, "dong_pop_density": 20103.6206, "nearest_shelter_distance_m": 622.1661, "shelter_count_within_500m": 0.0, "est_population": 87.0, "est_elderly": 8.8, "shelter_capacity_within_500m": 0.0, "building_form_group": "no_building", "dong_name": "회기동", "top1_feature": "green_ratio", "top1_shap": -1.0599, "top2_feature": "built_surface_ratio", "top2_shap": -0.8976, "top3_feature": "impervious_ratio", "top3_shap": -0.5044, "priority_score": 36.0584, "priority_rank": 233 }, "geometry": { "type": "Polygon", "coordinates": [ [ [ 127.049700584079758, 37.598053235302636 ], [ 127.049714163134979, 37.595799925479604 ], [ 127.04688225765787, 37.59578908743498 ], [ 127.046880582867757, 37.596065278939335 ], [ 127.04730556, 37.59615274 ], [ 127.04734273, 37.59617778 ], [ 127.04742943, 37.59646691 ], [ 127.04745546, 37.596508 ], [ 127.04780947, 37.59675198 ], [ 127.04781709, 37.59676324 ], [ 127.04791238, 37.59693749 ], [ 127.047923379999986, 37.5969693 ], [ 127.047954520000019, 37.59726491 ], [ 127.04833043, 37.59744948 ], [ 127.04855613, 37.59762592 ], [ 127.04866044, 37.59778834 ], [ 127.04868133, 37.59780381 ], [ 127.048833889999983, 37.59786654 ], [ 127.04884611, 37.59788399 ], [ 127.048986271258769, 37.598050507811074 ], [ 127.049700584079758, 37.598053235302636 ] ] ] } },
{ "type": "Feature", "properties": { "display_grid_id": "11230_00237", "gu_code": 11230, "gu_name": "동대문구", "source_cell_count": 12, "area_m2": 62500.0, "mean_actual_lst": 35.2254, "mean_actual_anomaly": -5.2982, "seoul_anomaly": -2.9523, "pred_anomaly": -2.1498, "pred_anomaly_std": 0.8594, "green_delta_c": -0.3609, "building_ratio": 0.0549, "green_ratio": 0.5807, "ndvi": 0.4789, "impervious_ratio": 0.2479, "built_surface_ratio": 0.2479, "avg_ground_floor_count": 6.72, "elevation_m": 60.5249, "albedo": 0.1321, "nearest_park_distance_m": 392.6028, "park_area_within_500m": 14966.3128, "nearest_stream_distance_m": 889.7892, "est_population_density": 6480.8, "dong_elderly_ratio": 0.1007, "dong_avg_age": 34.3, "dong_pop_density": 20711.6, "nearest_shelter_distance_m": 552.9224, "shelter_count_within_500m": 0.48, "est_population": 405.1, "est_elderly": 40.7, "shelter_capacity_within_500m": 52.5, "building_form_group": "high_floor_low_density", "dong_name": "회기동", "top1_feature": "green_ratio", "top1_shap": -1.0668, "top2_feature": "ndvi", "top2_shap": -1.0575, "top3_feature": "built_surface_ratio", "top3_shap": -0.0661, "priority_score": 36.5694, "priority_rank": 229 }, "geometry": { "type": "Polygon", "coordinates": [ [ [ 127.049714163134979, 37.595799925479604 ], [ 127.049700584079758, 37.598053235302636 ], [ 127.052532576462781, 37.598064006273795 ], [ 127.052546070124492, 37.595810695580013 ], [ 127.049714163134979, 37.595799925479604 ] ] ] } },
{ "type": "Feature", "properties": { "display_grid_id": "11230_00238", "gu_code": 11230, "gu_name": "동대문구", "source_cell_count": 13, "area_m2": 62500.0, "mean_actual_lst": 39.5331, "mean_actual_anomaly": -0.9185, "seoul_anomaly": 1.4275, "pred_anomaly": 1.7298, "pred_anomaly_std": 0.9282, "green_delta_c": -0.3246, "building_ratio": 0.208, "green_ratio": 0.2718, "ndvi": 0.2346, "impervious_ratio": 0.4702, "built_surface_ratio": 0.4702, "avg_ground_floor_count": 3.8712, "elevation_m": 59.6234, "albedo": 0.1362, "nearest_park_distance_m": 337.0904, "park_area_within_500m": 33628.7756, "nearest_stream_distance_m": 1137.4096, "est_population_density": 14776.4, "dong_elderly_ratio": 0.1257, "dong_avg_age": 36.7, "dong_pop_density": 21679.34, "nearest_shelter_distance_m": 352.8192, "shelter_count_within_500m": 2.16, "est_population": 923.5, "est_elderly": 109.6, "shelter_capacity_within_500m": 249.3, "building_form_group": "low_floor_high_density", "dong_name": "이문1동", "top1_feature": "built_surface_ratio", "top1_shap": 0.6324, "top2_feature": "impervious_ratio", "top2_shap": 0.5216, "top3_feature": "ndvi", "top3_shap": -0.1969, "priority_score": 46.9525, "priority_rank": 174 }, "geometry": { "type": "Polygon", "coordinates": [ [ [ 127.052546070124492, 37.595810695580013 ], [ 127.052532576462781, 37.598064006273795 ], [ 127.055364570348871, 37.598074709295162 ], [ 127.055377978616903, 37.595821397736103 ], [ 127.052546070124492, 37.595810695580013 ] ] ] } },
{ "type": "Feature", "properties": { "display_grid_id": "11230_00239", "gu_code": 11230, "gu_name": "동대문구", "source_cell_count": 12, "area_m2": 62500.0, "mean_actual_lst": 40.5641, "mean_actual_anomaly": 0.5626, "seoul_anomaly": 2.9085, "pred_anomaly": 2.7121, "pred_anomaly_std": 0.7212, "green_delta_c": -0.2442, "building_ratio": 0.3847, "green_ratio": 0.2199, "ndvi": 0.1237, "impervious_ratio": 0.5005, "built_surface_ratio": 0.5005, "avg_ground_floor_count": 6.1106, "elevation_m": 41.7362, "albedo": 0.1239, "nearest_park_distance_m": 231.2688, "park_area_within_500m": 130141.7196, "nearest_stream_distance_m": 1090.6992, "est_population_density": 39263.6, "dong_elderly_ratio": 0.1424, "dong_avg_age": 38.3, "dong_pop_density": 22324.5, "nearest_shelter_distance_m": 276.3736, "shelter_count_within_500m": 3.44, "est_population": 2454.0, "est_elderly": 349.4, "shelter_capacity_within_500m": 479.3, "building_form_group": "low_floor_high_density", "dong_name": "이문1동", "top1_feature": "impervious_ratio", "top1_shap": 0.4825, "top2_feature": "building_ratio", "top2_shap": 0.4718, "top3_feature": "built_surface_ratio", "top3_shap": 0.449, "priority_score": 65.0182, "priority_rank": 30 }, "geometry": { "type": "Polygon", "coordinates": [ [ [ 127.055377978616903, 37.595821397736103 ], [ 127.055364570348871, 37.598074709295162 ], [ 127.058196565728522, 37.598085344366609 ], [ 127.058209888602704, 37.595832031947772 ], [ 127.055377978616903, 37.595821397736103 ] ] ] } },
{ "type": "Feature", "properties": { "display_grid_id": "11230_00240", "gu_code": 11230, "gu_name": "동대문구", "source_cell_count": 9, "area_m2": 62500.0, "mean_actual_lst": 39.8409, "mean_actual_anomaly": -0.1261, "seoul_anomaly": 2.2198, "pred_anomaly": 1.874, "pred_anomaly_std": 0.7852, "green_delta_c": -0.1199, "building_ratio": 0.2095, "green_ratio": 0.2134, "ndvi": 0.1507, "impervious_ratio": 0.5755, "built_surface_ratio": 0.5755, "avg_ground_floor_count": 10.372, "elevation_m": 27.296, "albedo": 0.1451, "nearest_park_distance_m": 50.0192, "park_area_within_500m": 309840.38, "nearest_stream_distance_m": 831.472, "est_population_density": 31858.8, "dong_elderly_ratio": 0.1424, "dong_avg_age": 38.3, "dong_pop_density": 22324.5, "nearest_shelter_distance_m": 302.196, "shelter_count_within_500m": 4.28, "est_population": 1991.2, "est_elderly": 283.6, "shelter_capacity_within_500m": 558.7, "building_form_group": "high_floor_high_density", "dong_name": "이문1동", "top1_feature": "built_surface_ratio", "top1_shap": 0.6364, "top2_feature": "impervious_ratio", "top2_shap": 0.6162, "top3_feature": "avg_ground_floor_count", "top3_shap": -0.3149, "priority_score": 52.938, "priority_rank": 120 }, "geometry": { "type": "Polygon", "coordinates": [ [ [ 127.058209888602704, 37.595832031947772 ], [ 127.058196565728522, 37.598085344366609 ], [ 127.061028562592242, 37.598095911488009 ], [ 127.061041800072402, 37.595842598214908 ], [ 127.058209888602704, 37.595832031947772 ] ] ] } },
{ "type": "Feature", "properties": { "display_grid_id": "11230_00241", "gu_code": 11230, "gu_name": "동대문구", "source_cell_count": 13, "area_m2": 62500.0, "mean_actual_lst": 38.5609, "mean_actual_anomaly": -1.7578, "seoul_anomaly": 0.5882, "pred_anomaly": 0.7726, "pred_anomaly_std": 0.793, "green_delta_c": 0.0801, "building_ratio": 0.2542, "green_ratio": 0.1764, "ndvi": 0.051, "impervious_ratio": 0.5771, "built_surface_ratio": 0.5771, "avg_ground_floor_count": 25.1537, "elevation_m": 23.9758, "albedo": 0.1379, "nearest_park_distance_m": 0.6256, "park_area_within_500m": 462681.3288, "nearest_stream_distance_m": 592.7872, "est_population_density": 90606.0, "dong_elderly_ratio": 0.1424, "dong_avg_age": 38.3, "dong_pop_density": 22324.5, "nearest_shelter_distance_m": 272.1648, "shelter_count_within_500m": 3.96, "est_population": 5662.9, "est_elderly": 806.6, "shelter_capacity_within_500m": 473.8, "building_form_group": "high_floor_high_density", "dong_name": "이문1동", "top1_feature": "avg_ground_floor_count", "top1_shap": -0.871, "top2_feature": "built_surface_ratio", "top2_shap": 0.6851, "top3_feature": "impervious_ratio", "top3_shap": 0.5439, "priority_score": 53.2482, "priority_rank": 117 }, "geometry": { "type": "Polygon", "coordinates": [ [ [ 127.061041800072402, 37.595842598214908 ], [ 127.061028562592242, 37.598095911488009 ], [ 127.063860560930493, 37.598106410659291 ], [ 127.06387371301642, 37.59585309653739 ], [ 127.061041800072402, 37.595842598214908 ] ] ] } },
{ "type": "Feature", "properties": { "display_grid_id": "11230_00242", "gu_code": 11230, "gu_name": "동대문구", "source_cell_count": 15, "area_m2": 62500.0, "mean_actual_lst": 40.925, "mean_actual_anomaly": 0.8001, "seoul_anomaly": 3.146, "pred_anomaly": 2.8492, "pred_anomaly_std": 0.7532, "green_delta_c": -0.0614, "building_ratio": 0.3388, "green_ratio": 0.1937, "ndvi": 0.1262, "impervious_ratio": 0.5901, "built_surface_ratio": 0.5901, "avg_ground_floor_count": 9.3592, "elevation_m": 20.5398, "albedo": 0.1144, "nearest_park_distance_m": 6.9808, "park_area_within_500m": 447372.0672, "nearest_stream_distance_m": 335.416, "est_population_density": 26090.4, "dong_elderly_ratio": 0.1424, "dong_avg_age": 38.3, "dong_pop_density": 22324.5, "nearest_shelter_distance_m": 124.2996, "shelter_count_within_500m": 4.04, "est_population": 1630.7, "est_elderly": 232.2, "shelter_capacity_within_500m": 502.3, "building_form_group": "low_floor_high_density", "dong_name": "이문1동", "top1_feature": "built_surface_ratio", "top1_shap": 0.7084, "top2_feature": "impervious_ratio", "top2_shap": 0.6763, "top3_feature": "building_ratio", "top3_shap": 0.4992, "priority_score": 45.7117, "priority_rank": 182 }, "geometry": { "type": "Polygon", "coordinates": [ [ [ 127.06387371301642, 37.59585309653739 ], [ 127.063860560930493, 37.598106410659291 ], [ 127.066692560733756, 37.598116841880312 ], [ 127.066705627425335, 37.595863526915117 ], [ 127.06387371301642, 37.59585309653739 ] ] ] } },
{ "type": "Feature", "properties": { "display_grid_id": "11230_00243", "gu_code": 11230, "gu_name": "동대문구", "source_cell_count": 11, "area_m2": 61677.3, "mean_actual_lst": 39.1307, "mean_actual_anomaly": -0.8472, "seoul_anomaly": 1.4987, "pred_anomaly": 2.1596, "pred_anomaly_std": 0.9594, "green_delta_c": -0.3803, "building_ratio": 0.1797, "green_ratio": 0.2059, "ndvi": 0.2162, "impervious_ratio": 0.5675, "built_surface_ratio": 0.5675, "avg_ground_floor_count": 3.5358, "elevation_m": 21.3038, "albedo": 0.1213, "nearest_park_distance_m": 49.393, "park_area_within_500m": 298969.3503, "nearest_stream_distance_m": 101.3819, "est_population_density": 11038.9036, "dong_elderly_ratio": 0.1424, "dong_avg_age": 38.3, "dong_pop_density": 22324.5, "nearest_shelter_distance_m": 220.8384, "shelter_count_within_500m": 5.8854, "est_population": 680.9, "est_elderly": 97.0, "shelter_capacity_within_500m": 985.7, "building_form_group": "no_building", "dong_name": "이문1동", "top1_feature": "built_surface_ratio", "top1_shap": 0.8133, "top2_feature": "impervious_ratio", "top2_shap": 0.7933, "top3_feature": "building_ratio", "top3_shap": 0.0223, "priority_score": 49.8175, "priority_rank": 144 }, "geometry": { "type": "Polygon", "coordinates": [ [ [ 127.066705627425335, 37.595863526915117 ], [ 127.066692560733756, 37.598116841880312 ], [ 127.069524561992552, 37.598127205150973 ], [ 127.069529204419908, 37.597321393579385 ], [ 127.06948945000002, 37.59724378 ], [ 127.069457396283468, 37.595873597011597 ], [ 127.066705627425335, 37.595863526915117 ] ] ] } },
{ "type": "Feature", "properties": { "display_grid_id": "11230_00244", "gu_code": 11230, "gu_name": "동대문구", "source_cell_count": 2, "area_m2": 2628.55, "mean_actual_lst": 33.8271, "mean_actual_anomaly": -6.3395, "seoul_anomaly": -3.9936, "pred_anomaly": -3.6328, "pred_anomaly_std": 1.3662, "green_delta_c": -2.1651, "building_ratio": 0.0, "green_ratio": 0.2485, "ndvi": 0.1623, "impervious_ratio": 0.0918, "built_surface_ratio": 0.0918, "avg_ground_floor_count": 0.0, "elevation_m": 19.445, "albedo": 0.0664, "nearest_park_distance_m": 186.76, "park_area_within_500m": 168924.64, "nearest_stream_distance_m": 0.0, "est_population_density": 0.0, "dong_elderly_ratio": 0.1424, "dong_avg_age": 38.3, "dong_pop_density": 22324.5, "nearest_shelter_distance_m": 230.26, "shelter_count_within_500m": 10.0, "est_population": 0.0, "est_elderly": 0.0, "shelter_capacity_within_500m": 1379.0, "building_form_group": "no_building", "dong_name": "이문1동", "top1_feature": "built_surface_ratio", "top1_shap": -1.1946, "top2_feature": "impervious_ratio", "top2_shap": -0.9096, "top3_feature": "building_ratio", "top3_shap": -0.7133, "priority_score": 33.239, "priority_rank": 244 }, "geometry": { "type": "Polygon", "coordinates": [ [ [ 127.069524561992552, 37.598127205150973 ], [ 127.07026505717684, 37.598129903671243 ], [ 127.069838280000013, 37.59772871 ], [ 127.069585170000011, 37.5974273 ], [ 127.069579850000011, 37.59742027 ], [ 127.069529204419908, 37.597321393579385 ], [ 127.069524561992552, 37.598127205150973 ] ] ] } },
{ "type": "Feature", "properties": { "display_grid_id": "11230_00245", "gu_code": 11230, "gu_name": "동대문구", "source_cell_count": 5, "area_m2": 6448.57, "mean_actual_lst": 32.638, "mean_actual_anomaly": -7.9244, "seoul_anomaly": -5.5784, "pred_anomaly": -4.938, "pred_anomaly_std": 0.8145, "green_delta_c": -0.7076, "building_ratio": 0.004, "green_ratio": 0.8148, "ndvi": 0.5964, "impervious_ratio": 0.0556, "built_surface_ratio": 0.0556, "avg_ground_floor_count": 5.2553, "elevation_m": 107.1665, "albedo": 0.1424, "nearest_park_distance_m": 605.1624, "park_area_within_500m": 0.0, "nearest_stream_distance_m": 765.5679, "est_population_density": 472.9767, "dong_elderly_ratio": 0.1007, "dong_avg_age": 34.3, "dong_pop_density": 20711.6, "nearest_shelter_distance_m": 667.8585, "shelter_count_within_500m": 0.0, "est_population": 3.1, "est_elderly": 0.3, "shelter_capacity_within_500m": 0.0, "building_form_group": "no_building", "dong_name": "회기동", "top1_feature": "built_surface_ratio", "top1_shap": -1.4702, "top2_feature": "impervious_ratio", "top2_shap": -1.2404, "top3_feature": "green_ratio", "top3_shap": -1.1088, "priority_score": 36.2318, "priority_rank": 230 }, "geometry": { "type": "Polygon", "coordinates": [ [ [ 127.049700584079758, 37.598053235302636 ], [ 127.048986271258769, 37.598050507811074 ], [ 127.049048670000019, 37.59812464 ], [ 127.049056109999981, 37.59813393 ], [ 127.049098789999988, 37.59828289 ], [ 127.04914262, 37.59839701 ], [ 127.04912815, 37.59874309 ], [ 127.049264470000011, 37.59894579 ], [ 127.04929172, 37.5989863 ], [ 127.04929552, 37.59899174 ], [ 127.049320490000014, 37.59902805 ], [ 127.04937627, 37.59910855 ], [ 127.049399300000019, 37.59914599 ], [ 127.049690894810439, 37.599660919696909 ], [ 127.049700584079758, 37.598053235302636 ] ] ] } },
{ "type": "Feature", "properties": { "display_grid_id": "11230_00246", "gu_code": 11230, "gu_name": "동대문구", "source_cell_count": 14, "area_m2": 58903.6, "mean_actual_lst": 33.9441, "mean_actual_anomaly": -6.5515, "seoul_anomaly": -4.2055, "pred_anomaly": -4.3335, "pred_anomaly_std": 0.7814, "green_delta_c": -0.6772, "building_ratio": 0.0122, "green_ratio": 0.7739, "ndvi": 0.5975, "impervious_ratio": 0.0971, "built_surface_ratio": 0.0971, "avg_ground_floor_count": 2.971, "elevation_m": 99.5652, "albedo": 0.1381, "nearest_park_distance_m": 533.8475, "park_area_within_500m": 647.7331, "nearest_stream_distance_m": 890.9432, "est_population_density": 1443.8845, "dong_elderly_ratio": 0.1007, "dong_avg_age": 34.3, "dong_pop_density": 20711.6, "nearest_shelter_distance_m": 615.506, "shelter_count_within_500m": 0.0, "est_population": 85.0, "est_elderly": 8.6, "shelter_capacity_within_500m": 0.0, "building_form_group": "no_building", "dong_name": "회기동", "top1_feature": "green_ratio", "top1_shap": -1.1213, "top2_feature": "built_surface_ratio", "top2_shap": -0.9782, "top3_feature": "impervious_ratio", "top3_shap": -0.6206, "priority_score": 36.7336, "priority_rank": 228 }, "geometry": { "type": "Polygon", "coordinates": [ [ [ 127.052532576462781, 37.598064006273795 ], [ 127.049700584079758, 37.598053235302636 ], [ 127.049690894810439, 37.599660919696909 ], [ 127.0497454, 37.59975717 ], [ 127.04991808, 37.59981115 ], [ 127.0504376, 37.60010541 ], [ 127.050406354762742, 37.60030928675895 ], [ 127.051944315544802, 37.600315135469238 ], [ 127.05208426, 37.60014806 ], [ 127.05209577, 37.60015031 ], [ 127.052519525053313, 37.60024322555136 ], [ 127.052532576462781, 37.598064006273795 ] ] ] } },
{ "type": "Feature", "properties": { "display_grid_id": "11230_00247", "gu_code": 11230, "gu_name": "동대문구", "source_cell_count": 12, "area_m2": 62375.46, "mean_actual_lst": 38.1269, "mean_actual_anomaly": -2.3558, "seoul_anomaly": -0.0099, "pred_anomaly": -0.199, "pred_anomaly_std": 0.8253, "green_delta_c": -0.285, "building_ratio": 0.2219, "green_ratio": 0.4258, "ndvi": 0.3137, "impervious_ratio": 0.3427, "built_surface_ratio": 0.3427, "avg_ground_floor_count": 4.7073, "elevation_m": 64.6303, "albedo": 0.1298, "nearest_park_distance_m": 303.5963, "park_area_within_500m": 42335.7485, "nearest_stream_distance_m": 1141.7456, "est_population_density": 17802.6331, "dong_elderly_ratio": 0.1357, "dong_avg_age": 37.6587, "dong_pop_density": 22065.9208, "nearest_shelter_distance_m": 558.3119, "shelter_count_within_500m": 0.481, "est_population": 1110.4, "est_elderly": 142.2, "shelter_capacity_within_500m": 52.5, "building_form_group": "high_floor_high_density", "dong_name": "이문1동", "top1_feature": "green_ratio", "top1_shap": -0.667, "top2_feature": "ndvi", "top2_shap": -0.4432, "top3_feature": "built_surface_ratio", "top3_shap": 0.3926, "priority_score": 40.9489, "priority_rank": 208 }, "geometry": { "type": "Polygon", "coordinates": [ [ [ 127.055351160587279, 37.600328019987685 ], [ 127.055364570348871, 37.598074709295162 ], [ 127.052532576462781, 37.598064006273795 ], [ 127.052519525053313, 37.60024322555136 ], [ 127.05257888, 37.60025624 ], [ 127.05280822, 37.60030682 ], [ 127.052863866136136, 37.600318622853777 ], [ 127.055351160587279, 37.600328019987685 ] ] ] } },
{ "type": "Feature", "properties": { "display_grid_id": "11230_00248", "gu_code": 11230, "gu_name": "동대문구", "source_cell_count": 15, "area_m2": 62500.0, "mean_actual_lst": 40.3678, "mean_actual_anomaly": -0.0357, "seoul_anomaly": 2.3103, "pred_anomaly": 2.3317, "pred_anomaly_std": 0.716, "green_delta_c": -0.2194, "building_ratio": 0.3285, "green_ratio": 0.2342, "ndvi": 0.1425, "impervious_ratio": 0.4597, "built_surface_ratio": 0.4597, "avg_ground_floor_count": 6.7376, "elevation_m": 40.5796, "albedo": 0.1105, "nearest_park_distance_m": 95.5012, "park_area_within_500m": 151947.634, "nearest_stream_distance_m": 1127.5668, "est_population_density": 34379.2, "dong_elderly_ratio": 0.1424, "dong_avg_age": 38.3, "dong_pop_density": 22324.5, "nearest_shelter_distance_m": 518.114, "shelter_count_within_500m": 0.8, "est_population": 2148.7, "est_elderly": 305.9, "shelter_capacity_within_500m": 87.5, "building_form_group": "high_floor_high_density", "dong_name": "이문1동", "top1_feature": "impervious_ratio", "top1_shap": 0.5224, "top2_feature": "built_surface_ratio", "top2_shap": 0.4854, "top3_feature": "building_ratio", "top3_shap": 0.4005, "priority_score": 59.2153, "priority_rank": 65 }, "geometry": { "type": "Polygon", "coordinates": [ [ [ 127.055364570348871, 37.598074709295162 ], [ 127.055351160587279, 37.600328019987685 ], [ 127.058183241370287, 37.600338655918954 ], [ 127.058196565728522, 37.598085344366609 ], [ 127.055364570348871, 37.598074709295162 ] ] ] } },
{ "type": "Feature", "properties": { "display_grid_id": "11230_00249", "gu_code": 11230, "gu_name": "동대문구", "source_cell_count": 12, "area_m2": 62500.0, "mean_actual_lst": 38.4889, "mean_actual_anomaly": -2.1378, "seoul_anomaly": 0.2081, "pred_anomaly": 2.1295, "pred_anomaly_std": 0.9802, "green_delta_c": 0.2493, "building_ratio": 0.2451, "green_ratio": 0.2058, "ndvi": 0.0914, "impervious_ratio": 0.4842, "built_surface_ratio": 0.4842, "avg_ground_floor_count": 2.6169, "elevation_m": 36.5865, "albedo": 0.1209, "nearest_park_distance_m": 1.688, "park_area_within_500m": 305429.8692, "nearest_stream_distance_m": 876.2436, "est_population_density": 12179.6, "dong_elderly_ratio": 0.1424, "dong_avg_age": 38.3, "dong_pop_density": 22324.5, "nearest_shelter_distance_m": 410.8728, "shelter_count_within_500m": 1.8, "est_population": 761.2, "est_elderly": 108.4, "shelter_capacity_within_500m": 330.0, "building_form_group": "low_floor_low_density", "dong_name": "이문1동", "top1_feature": "built_surface_ratio", "top1_shap": 0.6241, "top2_feature": "impervious_ratio", "top2_shap": 0.6159, "top3_feature": "ndvi", "top3_shap": 0.3076, "priority_score": 32.2901, "priority_rank": 247 }, "geometry": { "type": "Polygon", "coordinates": [ [ [ 127.058196565728522, 37.598085344366609 ], [ 127.058183241370287, 37.600338655918954 ], [ 127.061015323637548, 37.600349223894689 ], [ 127.061028562592242, 37.598095911488009 ], [ 127.058196565728522, 37.598085344366609 ] ] ] } },
{ "type": "Feature", "properties": { "display_grid_id": "11230_00250", "gu_code": 11230, "gu_name": "동대문구", "source_cell_count": 14, "area_m2": 62500.0, "mean_actual_lst": 37.628, "mean_actual_anomaly": -2.5282, "seoul_anomaly": -0.1823, "pred_anomaly": 0.8933, "pred_anomaly_std": 0.8604, "green_delta_c": 0.1777, "building_ratio": 0.177, "green_ratio": 0.1868, "ndvi": 0.0607, "impervious_ratio": 0.5403, "built_surface_ratio": 0.5403, "avg_ground_floor_count": 17.6452, "elevation_m": 33.593, "albedo": 0.1478, "nearest_park_distance_m": 2.08, "park_area_within_500m": 438766.5548, "nearest_stream_distance_m": 647.106, "est_population_density": 49530.0, "dong_elderly_ratio": 0.1556, "dong_avg_age": 39.308, "dong_pop_density": 23116.228, "nearest_shelter_distance_m": 248.664, "shelter_count_within_500m": 3.24, "est_population": 3095.6, "est_elderly": 476.5, "shelter_capacity_within_500m": 380.5, "building_form_group": "high_floor_low_density", "dong_name": "이문1동", "top1_feature": "avg_ground_floor_count", "top1_shap": -0.6869, "top2_feature": "built_surface_ratio", "top2_shap": 0.6538, "top3_feature": "impervious_ratio", "top3_shap": 0.6234, "priority_score": 46.7062, "priority_rank": 176 }, "geometry": { "type": "Polygon", "coordinates": [ [ [ 127.061028562592242, 37.598095911488009 ], [ 127.061015323637548, 37.600349223894689 ], [ 127.063847407379498, 37.600359723914792 ], [ 127.063860560930493, 37.598106410659291 ], [ 127.061028562592242, 37.598095911488009 ] ] ] } },
{ "type": "Feature", "properties": { "display_grid_id": "11230_00251", "gu_code": 11230, "gu_name": "동대문구", "source_cell_count": 10, "area_m2": 62500.0, "mean_actual_lst": 39.8607, "mean_actual_anomaly": -0.0153, "seoul_anomaly": 2.3307, "pred_anomaly": 2.0048, "pred_anomaly_std": 0.8592, "green_delta_c": 0.0183, "building_ratio": 0.2738, "green_ratio": 0.1741, "ndvi": 0.1072, "impervious_ratio": 0.6459, "built_surface_ratio": 0.6459, "avg_ground_floor_count": 14.4348, "elevation_m": 27.0121, "albedo": 0.1497, "nearest_park_distance_m": 4.5004, "park_area_within_500m": 411967.9268, "nearest_stream_distance_m": 405.174, "est_population_density": 43986.0, "dong_elderly_ratio": 0.1918, "dong_avg_age": 42.08, "dong_pop_density": 25293.48, "nearest_shelter_distance_m": 156.7464, "shelter_count_within_500m": 6.08, "est_population": 2749.1, "est_elderly": 505.8, "shelter_capacity_within_500m": 6243.7, "building_form_group": "high_floor_low_density", "dong_name": "이문2동", "top1_feature": "built_surface_ratio", "top1_shap": 0.7538, "top2_feature": "impervious_ratio", "top2_shap": 0.6945, "top3_feature": "avg_ground_floor_count", "top3_shap": -0.4146, "priority_score": 53.9963, "priority_rank": 111 }, "geometry": { "type": "Polygon", "coordinates": [ [ [ 127.063860560930493, 37.598106410659291 ], [ 127.063847407379498, 37.600359723914792 ], [ 127.066679492586658, 37.600370155979164 ], [ 127.066692560733756, 37.598116841880312 ], [ 127.063860560930493, 37.598106410659291 ] ] ] } },
{ "type": "Feature", "properties": { "display_grid_id": "11230_00252", "gu_code": 11230, "gu_name": "동대문구", "source_cell_count": 12, "area_m2": 62500.0, "mean_actual_lst": 39.9514, "mean_actual_anomaly": -0.0398, "seoul_anomaly": 2.3061, "pred_anomaly": 1.9266, "pred_anomaly_std": 0.8333, "green_delta_c": -0.1855, "building_ratio": 0.251, "green_ratio": 0.2189, "ndvi": 0.1938, "impervious_ratio": 0.5877, "built_surface_ratio": 0.5877, "avg_ground_floor_count": 12.8445, "elevation_m": 29.0061, "albedo": 0.1027, "nearest_park_distance_m": 60.6916, "park_area_within_500m": 264076.8308, "nearest_stream_distance_m": 192.9868, "est_population_density": 38549.2, "dong_elderly_ratio": 0.1918, "dong_avg_age": 42.08, "dong_pop_density": 25293.48, "nearest_shelter_distance_m": 98.0848, "shelter_count_within_500m": 8.08, "est_population": 2409.3, "est_elderly": 485.9, "shelter_capacity_within_500m": 7881.3, "building_form_group": "high_floor_low_density", "dong_name": "이문2동", "top1_feature": "built_surface_ratio", "top1_shap": 0.688, "top2_feature": "impervious_ratio", "top2_shap": 0.6564, "top3_feature": "avg_ground_floor_count", "top3_shap": -0.2708, "priority_score": 53.0839, "priority_rank": 119 }, "geometry": { "type": "Polygon", "coordinates": [ [ [ 127.066692560733756, 37.598116841880312 ], [ 127.066679492586658, 37.600370155979164 ], [ 127.069511579249522, 37.600380520087676 ], [ 127.069524561992552, 37.598127205150973 ], [ 127.066692560733756, 37.598116841880312 ] ] ] } },
{ "type": "Feature", "properties": { "display_grid_id": "11230_00253", "gu_code": 11230, "gu_name": "동대문구", "source_cell_count": 8, "area_m2": 44541.42, "mean_actual_lst": 36.1236, "mean_actual_anomaly": -4.2406, "seoul_anomaly": -1.8947, "pred_anomaly": -1.3314, "pred_anomaly_std": 1.1142, "green_delta_c": -0.4586, "building_ratio": 0.0155, "green_ratio": 0.2758, "ndvi": 0.2325, "impervious_ratio": 0.3067, "built_surface_ratio": 0.3067, "avg_ground_floor_count": 6.5385, "elevation_m": 18.0468, "albedo": 0.106, "nearest_park_distance_m": 254.9109, "park_area_within_500m": 125158.7061, "nearest_stream_distance_m": 27.5339, "est_population_density": 3195.9018, "dong_elderly_ratio": 0.2248, "dong_avg_age": 44.6, "dong_pop_density": 27272.8, "nearest_shelter_distance_m": 172.9555, "shelter_count_within_500m": 8.543, "est_population": 142.3, "est_elderly": 32.0, "shelter_capacity_within_500m": 8610.9, "building_form_group": "no_building", "dong_name": "이문2동", "top1_feature": "building_ratio", "top1_shap": -0.5287, "top2_feature": "impervious_ratio", "top2_shap": 0.2173, "top3_feature": "built_surface_ratio", "top3_shap": 0.1093, "priority_score": 31.8613, "priority_rank": 252 }, "geometry": { "type": "Polygon", "coordinates": [ [ [ 127.069524561992552, 37.598127205150973 ], [ 127.069511579249522, 37.600380520087676 ], [ 127.072343667358552, 37.600390816240228 ], [ 127.072345549874001, 37.600061934495137 ], [ 127.07200395, 37.59963273000001 ], [ 127.07189148, 37.5995075 ], [ 127.07150891000002, 37.59909806 ], [ 127.0711668, 37.59881417 ], [ 127.071153, 37.59880405 ], [ 127.07079136, 37.59862463 ], [ 127.07034039, 37.59820072 ], [ 127.07026505717684, 37.598129903671243 ], [ 127.069524561992552, 37.598127205150973 ] ] ] } },
{ "type": "Feature", "properties": { "display_grid_id": "11230_00254", "gu_code": 11230, "gu_name": "동대문구", "source_cell_count": 1, "area_m2": 398.71, "mean_actual_lst": 35.6102, "mean_actual_anomaly": -4.6375, "seoul_anomaly": -2.2916, "pred_anomaly": -4.3551, "pred_anomaly_std": 1.0618, "green_delta_c": -1.5462, "building_ratio": 0.0, "green_ratio": 0.2013, "ndvi": 0.018, "impervious_ratio": 0.0924, "built_surface_ratio": 0.0924, "avg_ground_floor_count": 0.0, "elevation_m": 15.0, "albedo": 0.0633, "nearest_park_distance_m": 233.05, "park_area_within_500m": 76018.97, "nearest_stream_distance_m": 0.0, "est_population_density": 0.0, "dong_elderly_ratio": 0.2248, "dong_avg_age": 44.6, "dong_pop_density": 27272.8, "nearest_shelter_distance_m": 86.21, "shelter_count_within_500m": 8.0, "est_population": 0.0, "est_elderly": 0.0, "shelter_capacity_within_500m": 78.7, "building_form_group": "no_building", "dong_name": "이문2동", "top1_feature": "built_surface_ratio", "top1_shap": -1.373, "top2_feature": "impervious_ratio", "top2_shap": -1.085, "top3_feature": "building_ratio", "top3_shap": -0.7674, "priority_score": 27.3996, "priority_rank": 265 }, "geometry": { "type": "Polygon", "coordinates": [ [ [ 127.072343667358552, 37.600390816240228 ], [ 127.07256890061015, 37.600391632166016 ], [ 127.07249163, 37.60024342 ], [ 127.072482600000015, 37.60023413 ], [ 127.072345549874001, 37.600061934495137 ], [ 127.072343667358552, 37.600390816240228 ] ] ] } },
{ "type": "Feature", "properties": { "display_grid_id": "11230_00255", "gu_code": 11230, "gu_name": "동대문구", "source_cell_count": 4, "area_m2": 8335.43, "mean_actual_lst": 33.6128, "mean_actual_anomaly": -7.0628, "seoul_anomaly": -4.7168, "pred_anomaly": -3.613, "pred_anomaly_std": 0.8793, "green_delta_c": -0.3205, "building_ratio": 0.0, "green_ratio": 0.7017, "ndvi": 0.5576, "impervious_ratio": 0.1668, "built_surface_ratio": 0.1668, "avg_ground_floor_count": 0.0, "elevation_m": 118.9302, "albedo": 0.144, "nearest_park_distance_m": 507.5571, "park_area_within_500m": 547.8527, "nearest_stream_distance_m": 910.2731, "est_population_density": 0.0, "dong_elderly_ratio": 0.1007, "dong_avg_age": 34.3, "dong_pop_density": 20711.6, "nearest_shelter_distance_m": 501.9541, "shelter_count_within_500m": 0.2817, "est_population": 0.0, "est_elderly": 0.0, "shelter_capacity_within_500m": 500.0, "building_form_group": "no_building", "dong_name": "회기동", "top1_feature": "green_ratio", "top1_shap": -1.0914, "top2_feature": "ndvi", "top2_shap": -0.8119, "top3_feature": "built_surface_ratio", "top3_shap": -0.4691, "priority_score": 30.7755, "priority_rank": 259 }, "geometry": { "type": "Polygon", "coordinates": [ [ [ 127.050406354762742, 37.60030928675895 ], [ 127.05038488, 37.60044941 ], [ 127.05037365, 37.60045343 ], [ 127.05040258, 37.60057786 ], [ 127.0510153, 37.6010968 ], [ 127.051202190000012, 37.60115613 ], [ 127.05128497, 37.60110794 ], [ 127.05133167000001, 37.60108568 ], [ 127.05168658, 37.60077638 ], [ 127.051707959999987, 37.6007499 ], [ 127.05179026, 37.60050379 ], [ 127.05179927, 37.6004883 ], [ 127.051944315544802, 37.600315135469238 ], [ 127.050406354762742, 37.60030928675895 ] ] ] } },
{ "type": "Feature", "properties": { "display_grid_id": "11230_00256", "gu_code": 11230, "gu_name": "동대문구", "source_cell_count": 5, "area_m2": 9785.9, "mean_actual_lst": 36.828, "mean_actual_anomaly": -3.7689, "seoul_anomaly": -1.423, "pred_anomaly": 0.5585, "pred_anomaly_std": 0.903, "green_delta_c": -0.2133, "building_ratio": 0.2381, "green_ratio": 0.3478, "ndvi": 0.2343, "impervious_ratio": 0.4251, "built_surface_ratio": 0.4251, "avg_ground_floor_count": 3.9001, "elevation_m": 48.8655, "albedo": 0.1505, "nearest_park_distance_m": 195.8314, "park_area_within_500m": 67200.3228, "nearest_stream_distance_m": 1222.9763, "est_population_density": 17081.9477, "dong_elderly_ratio": 0.1424, "dong_avg_age": 38.3, "dong_pop_density": 22324.5, "nearest_shelter_distance_m": 616.6068, "shelter_count_within_500m": 0.0, "est_population": 167.2, "est_elderly": 23.8, "shelter_capacity_within_500m": 0.0, "building_form_group": "low_floor_low_density", "dong_name": "이문1동", "top1_feature": "green_ratio", "top1_shap": -0.3166, "top2_feature": "impervious_ratio", "top2_shap": 0.4464, "top3_feature": "built_surface_ratio", "top3_shap": 0.4439, "priority_score": 31.3686, "priority_rank": 255 }, "geometry": { "type": "Polygon", "coordinates": [ [ [ 127.055351160587279, 37.600328019987685 ], [ 127.052863866136136, 37.600318622853777 ], [ 127.05362297, 37.60047963 ], [ 127.05364827, 37.60047624 ], [ 127.05366683, 37.6004492 ], [ 127.05369425, 37.60043933 ], [ 127.05372909, 37.60042608 ], [ 127.053782520000013, 37.60041761 ], [ 127.05388905, 37.60042039 ], [ 127.05388905, 37.60042827 ], [ 127.053847020000021, 37.60054034 ], [ 127.05382441, 37.60060652 ], [ 127.053841750000018, 37.60061045 ], [ 127.05388021, 37.60061511 ], [ 127.05396916, 37.60062588 ], [ 127.05405144, 37.60062247 ], [ 127.05411673, 37.60063342 ], [ 127.05423636, 37.60065167 ], [ 127.054444370000013, 37.60080305 ], [ 127.05471454000002, 37.60103184 ], [ 127.05480856, 37.60112415 ], [ 127.05507519, 37.60134054 ], [ 127.05508049, 37.60133519 ], [ 127.05509429, 37.60132223 ], [ 127.0551323, 37.60128448 ], [ 127.055346716090185, 37.601074795952876 ], [ 127.055351160587279, 37.600328019987685 ] ] ] } },
{ "type": "Feature", "properties": { "display_grid_id": "11230_00257", "gu_code": 11230, "gu_name": "동대문구", "source_cell_count": 7, "area_m2": 25686.1, "mean_actual_lst": 38.4828, "mean_actual_anomaly": -2.0876, "seoul_anomaly": 0.2584, "pred_anomaly": 1.7724, "pred_anomaly_std": 0.8479, "green_delta_c": -0.2263, "building_ratio": 0.1865, "green_ratio": 0.2292, "ndvi": 0.1645, "impervious_ratio": 0.5558, "built_surface_ratio": 0.5558, "avg_ground_floor_count": 6.363, "elevation_m": 37.4409, "albedo": 0.1378, "nearest_park_distance_m": 46.5453, "park_area_within_500m": 143988.6226, "nearest_stream_distance_m": 1168.4103, "est_population_density": 19200.6521, "dong_elderly_ratio": 0.1424, "dong_avg_age": 38.3, "dong_pop_density": 22324.5, "nearest_shelter_distance_m": 580.4239, "shelter_count_within_500m": 0.0, "est_population": 493.2, "est_elderly": 70.2, "shelter_capacity_within_500m": 0.0, "building_form_group": "low_floor_low_density", "dong_name": "이문1동", "top1_feature": "built_surface_ratio", "top1_shap": 0.6402, "top2_feature": "impervious_ratio", "top2_shap": 0.6199, "top3_feature": "green_ratio", "top3_shap": 0.1881, "priority_score": 41.3777, "priority_rank": 206 }, "geometry": { "type": "Polygon", "coordinates": [ [ [ 127.058183241370287, 37.600338655918954 ], [ 127.055351160587279, 37.600328019987685 ], [ 127.055346716090185, 37.601074795952876 ], [ 127.05539557, 37.60102702 ], [ 127.05540247, 37.60102082 ], [ 127.05627573000001, 37.60134084 ], [ 127.05633643, 37.60135573 ], [ 127.05697261, 37.60146412 ], [ 127.057209039999989, 37.60150511 ], [ 127.05731698, 37.60152646 ], [ 127.05733061, 37.60152645 ], [ 127.057323169999989, 37.60151097 ], [ 127.05721771, 37.601277890000013 ], [ 127.057219839999988, 37.60127085 ], [ 127.057224760000011, 37.60124494 ], [ 127.05732451, 37.60117282 ], [ 127.057388730000014, 37.60115702 ], [ 127.057413340000011, 37.60117024 ], [ 127.057431219999984, 37.60118938 ], [ 127.05745476, 37.60120063 ], [ 127.058178636618379, 37.601117317095088 ], [ 127.058183241370287, 37.600338655918954 ] ] ] } },
{ "type": "Feature", "properties": { "display_grid_id": "11230_00258", "gu_code": 11230, "gu_name": "동대문구", "source_cell_count": 10, "area_m2": 37851.45, "mean_actual_lst": 37.5588, "mean_actual_anomaly": -3.375, "seoul_anomaly": -1.029, "pred_anomaly": 1.7831, "pred_anomaly_std": 1.177, "green_delta_c": 0.422, "building_ratio": 0.2168, "green_ratio": 0.2205, "ndvi": 0.1156, "impervious_ratio": 0.5043, "built_surface_ratio": 0.5043, "avg_ground_floor_count": 1.0458, "elevation_m": 42.629, "albedo": 0.1419, "nearest_park_distance_m": 0.0, "park_area_within_500m": 260425.7569, "nearest_stream_distance_m": 913.0376, "est_population_density": 3802.3604, "dong_elderly_ratio": 0.1424, "dong_avg_age": 38.3, "dong_pop_density": 22324.5, "nearest_shelter_distance_m": 304.9396, "shelter_count_within_500m": 2.6525, "est_population": 143.9, "est_elderly": 20.4, "shelter_capacity_within_500m": 291.0, "building_form_group": "low_floor_low_density", "dong_name": "이문1동", "top1_feature": "built_surface_ratio", "top1_shap": 0.6392, "top2_feature": "impervious_ratio", "top2_shap": 0.6323, "top3_feature": "ndvi", "top3_shap": 0.1787, "priority_score": 23.7044, "priority_rank": 272 }, "geometry": { "type": "Polygon", "coordinates": [ [ [ 127.061002083208123, 37.60260253543489 ], [ 127.061015323637548, 37.600349223894689 ], [ 127.058183241370287, 37.600338655918954 ], [ 127.058178636618379, 37.601117317095088 ], [ 127.0584496, 37.60108613 ], [ 127.05860354, 37.60108689 ], [ 127.0591584, 37.60105734 ], [ 127.05917575, 37.601069440000011 ], [ 127.05918407, 37.60107507 ], [ 127.05921711, 37.60123103 ], [ 127.0592304, 37.60125637 ], [ 127.059307780000012, 37.60133066 ], [ 127.059340869999986, 37.60135261 ], [ 127.05950919, 37.60140912 ], [ 127.05952194000001, 37.601417 ], [ 127.059664270000013, 37.60152082 ], [ 127.059987580000012, 37.60156233 ], [ 127.06001058, 37.60156767 ], [ 127.06009219000002, 37.60160395 ], [ 127.06010777, 37.60161576 ], [ 127.06011804, 37.60162223 ], [ 127.06015506, 37.60167684000001 ], [ 127.06017667, 37.60169936 ], [ 127.06018907, 37.60173229 ], [ 127.06005203, 37.60206516 ], [ 127.060031170000016, 37.60208122 ], [ 127.06001666, 37.60208544 ], [ 127.06000234, 37.60210347 ], [ 127.059991560000014, 37.60211418 ], [ 127.0599248, 37.6022778 ], [ 127.05992518, 37.60230595 ], [ 127.059951289999987, 37.60243715 ], [ 127.0599543, 37.60244616 ], [ 127.06005897, 37.602561540000011 ], [ 127.060069816349568, 37.602599063988883 ], [ 127.061002083208123, 37.60260253543489 ] ] ] } },
{ "type": "Feature", "properties": { "display_grid_id": "11230_00259", "gu_code": 11230, "gu_name": "동대문구", "source_cell_count": 10, "area_m2": 62500.0, "mean_actual_lst": 39.1523, "mean_actual_anomaly": -1.0549, "seoul_anomaly": 1.291, "pred_anomaly": 2.5963, "pred_anomaly_std": 0.8573, "green_delta_c": 0.1808, "building_ratio": 0.3224, "green_ratio": 0.1844, "ndvi": 0.075, "impervious_ratio": 0.5564, "built_surface_ratio": 0.5564, "avg_ground_floor_count": 5.3972, "elevation_m": 33.2283, "albedo": 0.1261, "nearest_park_distance_m": 32.824, "park_area_within_500m": 343355.454, "nearest_stream_distance_m": 744.542, "est_population_density": 20328.4, "dong_elderly_ratio": 0.2083, "dong_avg_age": 43.34, "dong_pop_density": 26283.14, "nearest_shelter_distance_m": 122.4856, "shelter_count_within_500m": 5.48, "est_population": 1270.5, "est_elderly": 282.1, "shelter_capacity_within_500m": 2599.5, "building_form_group": "low_floor_high_density", "dong_name": "이문2동", "top1_feature": "built_surface_ratio", "top1_shap": 0.733, "top2_feature": "impervious_ratio", "top2_shap": 0.6798, "top3_feature": "building_ratio", "top3_shap": 0.187, "priority_score": 35.9945, "priority_rank": 234 }, "geometry": { "type": "Polygon", "coordinates": [ [ [ 127.061015323637548, 37.600349223894689 ], [ 127.061002083208123, 37.60260253543489 ], [ 127.063834252363336, 37.602613036303893 ], [ 127.063847407379498, 37.600359723914792 ], [ 127.061015323637548, 37.600349223894689 ] ] ] } },
{ "type": "Feature", "properties": { "display_grid_id": "11230_00260", "gu_code": 11230, "gu_name": "동대문구", "source_cell_count": 12, "area_m2": 62500.0, "mean_actual_lst": 41.9543, "mean_actual_anomaly": 1.9794, "seoul_anomaly": 4.3253, "pred_anomaly": 3.9936, "pred_anomaly_std": 0.8322, "green_delta_c": -0.079, "building_ratio": 0.4247, "green_ratio": 0.1708, "ndvi": 0.1124, "impervious_ratio": 0.6672, "built_surface_ratio": 0.6672, "avg_ground_floor_count": 3.5375, "elevation_m": 29.9406, "albedo": 0.1325, "nearest_park_distance_m": 22.238, "park_area_within_500m": 308020.5572, "nearest_stream_distance_m": 524.3164, "est_population_density": 18778.8, "dong_elderly_ratio": 0.2248, "dong_avg_age": 44.6, "dong_pop_density": 27272.8, "nearest_shelter_distance_m": 144.6048, "shelter_count_within_500m": 8.64, "est_population": 1173.7, "est_elderly": 263.8, "shelter_capacity_within_500m": 7490.2, "building_form_group": "low_floor_high_density", "dong_name": "이문2동", "top1_feature": "built_surface_ratio", "top1_shap": 0.8441, "top2_feature": "impervious_ratio", "top2_shap": 0.7652, "top3_feature": "building_ratio", "top3_shap": 0.5828, "priority_score": 58.2299, "priority_rank": 75 }, "geometry": { "type": "Polygon", "coordinates": [ [ [ 127.063847407379498, 37.600359723914792 ], [ 127.063834252363336, 37.602613036303893 ], [ 127.066666422983886, 37.602623469211643 ], [ 127.066679492586658, 37.600370155979164 ], [ 127.063847407379498, 37.600359723914792 ] ] ] } },
{ "type": "Feature", "properties": { "display_grid_id": "11230_00261", "gu_code": 11230, "gu_name": "동대문구", "source_cell_count": 14, "area_m2": 62500.0, "mean_actual_lst": 39.4543, "mean_actual_anomaly": -0.7892, "seoul_anomaly": 1.5567, "pred_anomaly": 1.4709, "pred_anomaly_std": 0.8159, "green_delta_c": -0.068, "building_ratio": 0.2024, "green_ratio": 0.2081, "ndvi": 0.2212, "impervious_ratio": 0.6183, "built_surface_ratio": 0.6183, "avg_ground_floor_count": 12.6421, "elevation_m": 24.5282, "albedo": 0.1079, "nearest_park_distance_m": 60.81, "park_area_within_500m": 195379.6676, "nearest_stream_distance_m": 324.0988, "est_population_density": 30446.0, "dong_elderly_ratio": 0.2248, "dong_avg_age": 44.6, "dong_pop_density": 27272.8, "nearest_shelter_distance_m": 80.5464, "shelter_count_within_500m": 8.56, "est_population": 1902.9, "est_elderly": 427.9, "shelter_capacity_within_500m": 7909.8, "building_form_group": "high_floor_low_density", "dong_name": "이문2동", "top1_feature": "built_surface_ratio", "top1_shap": 0.68, "top2_feature": "impervious_ratio", "top2_shap": 0.6581, "top3_feature": "avg_ground_floor_count", "top3_shap": -0.4457, "priority_score": 42.7463, "priority_rank": 202 }, "geometry": { "type": "Polygon", "coordinates": [ [ [ 127.066679492586658, 37.600370155979164 ], [ 127.066666422983886, 37.602623469211643 ], [ 127.06949859506031, 37.602633834158055 ], [ 127.069511579249522, 37.600380520087676 ], [ 127.066679492586658, 37.600370155979164 ] ] ] } },
{ "type": "Feature", "properties": { "display_grid_id": "11230_00262", "gu_code": 11230, "gu_name": "동대문구", "source_cell_count": 12, "area_m2": 62500.0, "mean_actual_lst": 38.1574, "mean_actual_anomaly": -2.2665, "seoul_anomaly": 0.0794, "pred_anomaly": 0.0373, "pred_anomaly_std": 0.9641, "green_delta_c": -0.2975, "building_ratio": 0.0766, "green_ratio": 0.2473, "ndvi": 0.1929, "impervious_ratio": 0.473, "built_surface_ratio": 0.473, "avg_ground_floor_count": 13.9017, "elevation_m": 20.6452, "albedo": 0.1081, "nearest_park_distance_m": 144.8308, "park_area_within_500m": 117298.3028, "nearest_stream_distance_m": 94.82, "est_population_density": 22060.0, "dong_elderly_ratio": 0.2248, "dong_avg_age": 44.6, "dong_pop_density": 27272.8, "nearest_shelter_distance_m": 76.3068, "shelter_count_within_500m": 7.44, "est_population": 1378.8, "est_elderly": 310.1, "shelter_capacity_within_500m": 8748.6, "building_form_group": "high_floor_low_density", "dong_name": "이문2동", "top1_feature": "impervious_ratio", "top1_shap": 0.5488, "top2_feature": "built_surface_ratio", "top2_shap": 0.4343, "top3_feature": "avg_ground_floor_count", "top3_shap": -0.4719, "priority_score": 40.4015, "priority_rank": 210 }, "geometry": { "type": "Polygon", "coordinates": [ [ [ 127.069511579249522, 37.600380520087676 ], [ 127.06949859506031, 37.602633834158055 ], [ 127.072330768583086, 37.60264413114303 ], [ 127.072343667358552, 37.600390816240228 ], [ 127.069511579249522, 37.600380520087676 ] ] ] } },
{ "type": "Feature", "properties": { "display_grid_id": "11230_00263", "gu_code": 11230, "gu_name": "동대문구", "source_cell_count": 3, "area_m2": 8277.91, "mean_actual_lst": 37.1191, "mean_actual_anomaly": -3.1287, "seoul_anomaly": -0.7828, "pred_anomaly": -1.2671, "pred_anomaly_std": 1.5658, "green_delta_c": -0.6085, "building_ratio": 0.0, "green_ratio": 0.2366, "ndvi": 0.0444, "impervious_ratio": 0.2504, "built_surface_ratio": 0.2504, "avg_ground_floor_count": 0.0, "elevation_m": 15.0, "albedo": 0.106, "nearest_park_distance_m": 176.8112, "park_area_within_500m": 80182.2414, "nearest_stream_distance_m": 2.4521, "est_population_density": 0.0, "dong_elderly_ratio": 0.2248, "dong_avg_age": 44.6, "dong_pop_density": 27272.8, "nearest_shelter_distance_m": 117.0294, "shelter_count_within_500m": 9.3422, "est_population": 0.0, "est_elderly": 0.0, "shelter_capacity_within_500m": 1509.8, "building_form_group": "no_building", "dong_name": "이문2동", "top1_feature": "building_ratio", "top1_shap": -0.8969, "top2_feature": "impervious_ratio", "top2_shap": 0.3267, "top3_feature": "floor_area_ratio_proxy", "top3_shap": -0.3216, "priority_score": 27.8741, "priority_rank": 263 }, "geometry": { "type": "Polygon", "coordinates": [ [ [ 127.072343667358552, 37.600390816240228 ], [ 127.072330768583086, 37.60264413114303 ], [ 127.072469209038019, 37.602644632731163 ], [ 127.072482550000018, 37.60260428 ], [ 127.07264501, 37.60206416 ], [ 127.0727556, 37.60170004 ], [ 127.0727593, 37.60168623 ], [ 127.072793140000016, 37.60154318 ], [ 127.07279455, 37.60153868 ], [ 127.07283584000001, 37.60142406 ], [ 127.07287132, 37.60133057 ], [ 127.07287514, 37.60107209 ], [ 127.07280468, 37.60084576 ], [ 127.07280184, 37.60083844 ], [ 127.0727381, 37.60071617 ], [ 127.07256890061015, 37.600391632166016 ], [ 127.072343667358552, 37.600390816240228 ] ] ] } },
{ "type": "Feature", "properties": { "display_grid_id": "11230_00264", "gu_code": 11230, "gu_name": "동대문구", "source_cell_count": 3, "area_m2": 7268.35, "mean_actual_lst": 38.4756, "mean_actual_anomaly": -2.0868, "seoul_anomaly": 0.2592, "pred_anomaly": 2.0266, "pred_anomaly_std": 0.9179, "green_delta_c": 0.0808, "building_ratio": 0.2033, "green_ratio": 0.2492, "ndvi": 0.151, "impervious_ratio": 0.5036, "built_surface_ratio": 0.5036, "avg_ground_floor_count": 1.6299, "elevation_m": 31.9783, "albedo": 0.1275, "nearest_park_distance_m": 1.6984, "park_area_within_500m": 205911.4422, "nearest_stream_distance_m": 951.6671, "est_population_density": 5793.6336, "dong_elderly_ratio": 0.2255, "dong_avg_age": 44.8595, "dong_pop_density": 25265.7191, "nearest_shelter_distance_m": 264.1496, "shelter_count_within_500m": 7.0729, "est_population": 42.1, "est_elderly": 9.5, "shelter_capacity_within_500m": 428.3, "building_form_group": "low_floor_low_density", "dong_name": "이문2동", "top1_feature": "built_surface_ratio", "top1_shap": 0.6325, "top2_feature": "impervious_ratio", "top2_shap": 0.6209, "top3_feature": "ndvi", "top3_shap": 0.2799, "priority_score": 24.2518, "priority_rank": 271 }, "geometry": { "type": "Polygon", "coordinates": [ [ [ 127.061002083208123, 37.60260253543489 ], [ 127.060069816349568, 37.602599063988883 ], [ 127.060070850000017, 37.60260264 ], [ 127.06009552, 37.60269188 ], [ 127.0601035, 37.60271159 ], [ 127.06013915, 37.6028332 ], [ 127.06013863, 37.60284334 ], [ 127.06010076, 37.60305509 ], [ 127.06016897, 37.60316289 ], [ 127.06017694, 37.60317246 ], [ 127.06038661, 37.60338662 ], [ 127.06042732, 37.603414480000012 ], [ 127.06071177, 37.60353117 ], [ 127.06076481, 37.60348385 ], [ 127.06078809, 37.60350995 ], [ 127.060995385282297, 37.60374232048752 ], [ 127.061002083208123, 37.60260253543489 ] ] ] } },
{ "type": "Feature", "properties": { "display_grid_id": "11230_00265", "gu_code": 11230, "gu_name": "동대문구", "source_cell_count": 10, "area_m2": 57602.89, "mean_actual_lst": 40.3471, "mean_actual_anomaly": -0.043, "seoul_anomaly": 2.3029, "pred_anomaly": 2.1903, "pred_anomaly_std": 0.7597, "green_delta_c": -0.0834, "building_ratio": 0.2912, "green_ratio": 0.2029, "ndvi": 0.1588, "impervious_ratio": 0.5656, "built_surface_ratio": 0.5656, "avg_ground_floor_count": 6.7784, "elevation_m": 23.7257, "albedo": 0.1201, "nearest_park_distance_m": 98.8498, "park_area_within_500m": 193881.0617, "nearest_stream_distance_m": 827.9719, "est_population_density": 28326.2165, "dong_elderly_ratio": 0.2248, "dong_avg_age": 44.601, "dong_pop_density": 27264.8361, "nearest_shelter_distance_m": 135.4804, "shelter_count_within_500m": 8.383, "est_population": 1631.7, "est_elderly": 366.7, "shelter_capacity_within_500m": 2610.9, "building_form_group": "high_floor_high_density", "dong_name": "이문2동", "top1_feature": "built_surface_ratio", "top1_shap": 0.6376, "top2_feature": "impervious_ratio", "top2_shap": 0.6266, "top3_feature": "ndvi", "top3_shap": 0.2298, "priority_score": 48.6587, "priority_rank": 156 }, "geometry": { "type": "Polygon", "coordinates": [ [ [ 127.063821095881764, 37.604866347826537 ], [ 127.063834252363336, 37.602613036303893 ], [ 127.061002083208123, 37.60260253543489 ], [ 127.060995385282297, 37.60374232048752 ], [ 127.06143941, 37.60424005 ], [ 127.0614442, 37.60425103 ], [ 127.06145588, 37.60425638000001 ], [ 127.06145749, 37.60427187 ], [ 127.061460860000011, 37.60427946 ], [ 127.061483820000021, 37.60446218 ], [ 127.061487900000017, 37.60446922 ], [ 127.06173809000002, 37.60467265 ], [ 127.061754739999984, 37.6046901 ], [ 127.06180132999998, 37.60475878 ], [ 127.06180984, 37.60477088 ], [ 127.06181515, 37.60477651 ], [ 127.061828960000014, 37.60479002 ], [ 127.06189854, 37.60484432 ], [ 127.061917387584231, 37.604859296555034 ], [ 127.063821095881764, 37.604866347826537 ] ] ] } },
{ "type": "Feature", "properties": { "display_grid_id": "11230_00266", "gu_code": 11230, "gu_name": "동대문구", "source_cell_count": 16, "area_m2": 62500.0, "mean_actual_lst": 39.6875, "mean_actual_anomaly": -0.6762, "seoul_anomaly": 1.6697, "pred_anomaly": 1.4994, "pred_anomaly_std": 0.799, "green_delta_c": -0.0909, "building_ratio": 0.2501, "green_ratio": 0.17, "ndvi": 0.1843, "impervious_ratio": 0.6812, "built_surface_ratio": 0.6812, "avg_ground_floor_count": 11.3887, "elevation_m": 21.4908, "albedo": 0.1193, "nearest_park_distance_m": 46.58, "park_area_within_500m": 163707.5632, "nearest_stream_distance_m": 589.942, "est_population_density": 38835.6, "dong_elderly_ratio": 0.2248, "dong_avg_age": 44.6, "dong_pop_density": 27272.8, "nearest_shelter_distance_m": 98.4728, "shelter_count_within_500m": 8.8, "est_population": 2427.2, "est_elderly": 545.7, "shelter_capacity_within_500m": 7316.5, "building_form_group": "high_floor_low_density", "dong_name": "이문2동", "top1_feature": "built_surface_ratio", "top1_shap": 0.7666, "top2_feature": "impervious_ratio", "top2_shap": 0.7058, "top3_feature": "avg_ground_floor_count", "top3_shap": -0.4831, "priority_score": 49.7993, "priority_rank": 145 }, "geometry": { "type": "Polygon", "coordinates": [ [ [ 127.063834252363336, 37.602613036303893 ], [ 127.063821095881764, 37.604866347826537 ], [ 127.066653351925254, 37.604876781577744 ], [ 127.066666422983886, 37.602623469211643 ], [ 127.063834252363336, 37.602613036303893 ] ] ] } },
{ "type": "Feature", "properties": { "display_grid_id": "11230_00267", "gu_code": 11230, "gu_name": "동대문구", "source_cell_count": 11, "area_m2": 62500.0, "mean_actual_lst": 41.2428, "mean_actual_anomaly": 0.7996, "seoul_anomaly": 3.1455, "pred_anomaly": 2.6636, "pred_anomaly_std": 0.9649, "green_delta_c": -0.4283, "building_ratio": 0.3193, "green_ratio": 0.2223, "ndvi": 0.223, "impervious_ratio": 0.6081, "built_surface_ratio": 0.6081, "avg_ground_floor_count": 2.9826, "elevation_m": 20.7322, "albedo": 0.1266, "nearest_park_distance_m": 60.9664, "park_area_within_500m": 106754.944, "nearest_stream_distance_m": 352.7884, "est_population_density": 12946.8, "dong_elderly_ratio": 0.2248, "dong_avg_age": 44.6, "dong_pop_density": 27272.8, "nearest_shelter_distance_m": 172.7312, "shelter_count_within_500m": 8.16, "est_population": 809.2, "est_elderly": 181.9, "shelter_capacity_within_500m": 7493.0, "building_form_group": "low_floor_high_density", "dong_name": "이문2동", "top1_feature": "built_surface_ratio", "top1_shap": 0.7058, "top2_feature": "impervious_ratio", "top2_shap": 0.5761, "top3_feature": "building_ratio", "top3_shap": 0.3113, "priority_score": 59.7993, "priority_rank": 62 }, "geometry": { "type": "Polygon", "coordinates": [ [ [ 127.066666422983886, 37.602623469211643 ], [ 127.066653351925254, 37.604876781577744 ], [ 127.069485609424746, 37.604887147362106 ], [ 127.06949859506031, 37.602633834158055 ], [ 127.066666422983886, 37.602623469211643 ] ] ] } },
{ "type": "Feature", "properties": { "display_grid_id": "11230_00268", "gu_code": 11230, "gu_name": "동대문구", "source_cell_count": 12, "area_m2": 53944.9, "mean_actual_lst": 39.2539, "mean_actual_anomaly": -1.3084, "seoul_anomaly": 1.0375, "pred_anomaly": 0.4029, "pred_anomaly_std": 0.8484, "green_delta_c": -0.232, "building_ratio": 0.1027, "green_ratio": 0.2955, "ndvi": 0.2806, "impervious_ratio": 0.4783, "built_surface_ratio": 0.4783, "avg_ground_floor_count": 11.825, "elevation_m": 19.9952, "albedo": 0.1283, "nearest_park_distance_m": 35.1963, "park_area_within_500m": 90845.0858, "nearest_stream_distance_m": 117.7026, "est_population_density": 17646.8436, "dong_elderly_ratio": 0.2248, "dong_avg_age": 44.6, "dong_pop_density": 27272.8, "nearest_shelter_distance_m": 172.6654, "shelter_count_within_500m": 7.3452, "est_population": 952.0, "est_elderly": 214.1, "shelter_capacity_within_500m": 9208.3, "building_form_group": "high_floor_low_density", "dong_name": "이문2동", "top1_feature": "impervious_ratio", "top1_shap": 0.5929, "top2_feature": "built_surface_ratio", "top2_shap": 0.5911, "top3_feature": "ndvi", "top3_shap": -0.3721, "priority_score": 38.7591, "priority_rank": 216 }, "geometry": { "type": "Polygon", "coordinates": [ [ [ 127.072330768583086, 37.60264413114303 ], [ 127.06949859506031, 37.602633834158055 ], [ 127.069485609424746, 37.604887147362106 ], [ 127.071493974739212, 37.604894456593108 ], [ 127.07153161, 37.60463909 ], [ 127.07191213, 37.60378181 ], [ 127.072261020000013, 37.60316415 ], [ 127.072328540359578, 37.60303335880085 ], [ 127.072330768583086, 37.60264413114303 ] ] ] } },
{ "type": "Feature", "properties": { "display_grid_id": "11230_00269", "gu_code": 11230, "gu_name": "동대문구", "source_cell_count": 2, "area_m2": 303.43, "mean_actual_lst": 37.9211, "mean_actual_anomaly": -2.6413, "seoul_anomaly": -0.2953, "pred_anomaly": 0.0206, "pred_anomaly_std": 1.5957, "green_delta_c": -0.0077, "building_ratio": 0.0, "green_ratio": 0.3045, "ndvi": 0.144, "impervious_ratio": 0.2884, "built_surface_ratio": 0.2884, "avg_ground_floor_count": 0.0, "elevation_m": 15.0, "albedo": 0.1633, "nearest_park_distance_m": 96.03, "park_area_within_500m": 87089.53, "nearest_stream_distance_m": 16.39, "est_population_density": 0.0, "dong_elderly_ratio": 0.2248, "dong_avg_age": 44.6, "dong_pop_density": 27272.8, "nearest_shelter_distance_m": 146.15, "shelter_count_within_500m": 9.0, "est_population": 0.0, "est_elderly": 0.0, "shelter_capacity_within_500m": 100.9, "building_form_group": "no_building", "dong_name": "이문2동", "top1_feature": "building_ratio", "top1_shap": -0.7761, "top2_feature": "impervious_ratio", "top2_shap": 0.5981, "top3_feature": "built_surface_ratio", "top3_shap": 0.5176, "priority_score": 12.4544, "priority_rank": 274 }, "geometry": { "type": "Polygon", "coordinates": [ [ [ 127.072330768583086, 37.60264413114303 ], [ 127.072328540359578, 37.60303335880085 ], [ 127.072409910000019, 37.60287574 ], [ 127.072433870000012, 37.60276283 ], [ 127.072450270000019, 37.60270172 ], [ 127.07245909, 37.60267524 ], [ 127.072469209038019, 37.602644632731163 ], [ 127.072330768583086, 37.60264413114303 ] ] ] } },
{ "type": "Feature", "properties": { "display_grid_id": "11230_00270", "gu_code": 11230, "gu_name": "동대문구", "source_cell_count": 4, "area_m2": 5814.56, "mean_actual_lst": 39.2792, "mean_actual_anomaly": -1.2831, "seoul_anomaly": 1.0628, "pred_anomaly": 0.9014, "pred_anomaly_std": 0.7452, "green_delta_c": -0.1062, "building_ratio": 0.2211, "green_ratio": 0.1876, "ndvi": 0.2051, "impervious_ratio": 0.6288, "built_surface_ratio": 0.6288, "avg_ground_floor_count": 12.3969, "elevation_m": 22.8097, "albedo": 0.115, "nearest_park_distance_m": 197.2397, "park_area_within_500m": 125159.1801, "nearest_stream_distance_m": 774.1214, "est_population_density": 36188.0709, "dong_elderly_ratio": 0.2248, "dong_avg_age": 44.6, "dong_pop_density": 27272.8, "nearest_shelter_distance_m": 39.6894, "shelter_count_within_500m": 9.2837, "est_population": 210.4, "est_elderly": 47.3, "shelter_capacity_within_500m": 284.8, "building_form_group": "high_floor_low_density", "dong_name": "이문2동", "top1_feature": "built_surface_ratio", "top1_shap": 0.7062, "top2_feature": "impervious_ratio", "top2_shap": 0.6639, "top3_feature": "avg_ground_floor_count", "top3_shap": -0.616, "priority_score": 25.9306, "priority_rank": 268 }, "geometry": { "type": "Polygon", "coordinates": [ [ [ 127.063821095881764, 37.604866347826537 ], [ 127.061917387584231, 37.604859296555034 ], [ 127.06192936, 37.60486881 ], [ 127.06196158, 37.60489328 ], [ 127.061974500000019, 37.60489779000001 ], [ 127.062021910000013, 37.60489699 ], [ 127.062042640000016, 37.60489666 ], [ 127.06209765, 37.60489575 ], [ 127.06215996, 37.60492753 ], [ 127.06217820000002, 37.6049371 ], [ 127.062165010000015, 37.60503001 ], [ 127.062160070000019, 37.6050562 ], [ 127.06216114, 37.60506578 ], [ 127.06218312, 37.60511588 ], [ 127.06218773, 37.60512517 ], [ 127.062199219999982, 37.60512037 ], [ 127.06224118, 37.60513894 ], [ 127.062252860000015, 37.60514372 ], [ 127.06229481, 37.60515468 ], [ 127.06231002, 37.60515776 ], [ 127.062444700000015, 37.60517853 ], [ 127.062465770000017, 37.60518077 ], [ 127.0626114, 37.6051869 ], [ 127.062624839999984, 37.60518773 ], [ 127.062932249999989, 37.60523487 ], [ 127.062948, 37.60523684 ], [ 127.06307382, 37.60524775 ], [ 127.06308939, 37.605250560000016 ], [ 127.06309788, 37.60525084 ], [ 127.063125310000018, 37.60524773 ], [ 127.06321024, 37.60523838 ], [ 127.06326138, 37.60523442 ], [ 127.06330543, 37.6052313 ], [ 127.063321, 37.60523129 ], [ 127.06354644000001, 37.60524075 ], [ 127.0635928, 37.60523481 ], [ 127.06361421, 37.60523283 ], [ 127.06362571, 37.60523395 ], [ 127.06366535, 37.60524379000001 ], [ 127.0636735, 37.60524659 ], [ 127.06369421, 37.60525419 ], [ 127.06376396, 37.60529159 ], [ 127.063784850000019, 37.60530538 ], [ 127.063818377345982, 37.60533192024316 ], [ 127.063821095881764, 37.604866347826537 ] ] ] } },
{ "type": "Feature", "properties": { "display_grid_id": "11230_00271", "gu_code": 11230, "gu_name": "동대문구", "source_cell_count": 8, "area_m2": 20983.56, "mean_actual_lst": 38.4827, "mean_actual_anomaly": -2.0797, "seoul_anomaly": 0.2663, "pred_anomaly": 0.577, "pred_anomaly_std": 0.8199, "green_delta_c": -0.063, "building_ratio": 0.1596, "green_ratio": 0.1834, "ndvi": 0.2035, "impervious_ratio": 0.6453, "built_surface_ratio": 0.6453, "avg_ground_floor_count": 14.6197, "elevation_m": 21.4869, "albedo": 0.1052, "nearest_park_distance_m": 146.9058, "park_area_within_500m": 96397.4929, "nearest_stream_distance_m": 557.6912, "est_population_density": 37998.4178, "dong_elderly_ratio": 0.2248, "dong_avg_age": 44.6, "dong_pop_density": 27272.8, "nearest_shelter_distance_m": 125.719, "shelter_count_within_500m": 7.8463, "est_population": 797.3, "est_elderly": 179.2, "shelter_capacity_within_500m": 3050.8, "building_form_group": "high_floor_low_density", "dong_name": "이문2동", "top1_feature": "built_surface_ratio", "top1_shap": 0.7289, "top2_feature": "impervious_ratio", "top2_shap": 0.68, "top3_feature": "avg_ground_floor_count", "top3_shap": -0.6226, "priority_score": 30.8029, "priority_rank": 258 }, "geometry": { "type": "Polygon", "coordinates": [ [ [ 127.066653351925254, 37.604876781577744 ], [ 127.063821095881764, 37.604866347826537 ], [ 127.063818377345982, 37.60533192024316 ], [ 127.063834610000015, 37.60534477 ], [ 127.063841510000017, 37.60534927 ], [ 127.063897270000012, 37.6053774 ], [ 127.06395552, 37.60540665 ], [ 127.06406739, 37.60545164 ], [ 127.064122260000019, 37.60547385000001 ], [ 127.06420403, 37.60550197 ], [ 127.06422686, 37.6055073 ], [ 127.064236589999979, 37.60551039 ], [ 127.06425412, 37.60551771 ], [ 127.06433112, 37.6055537 ], [ 127.06442777, 37.6055987 ], [ 127.06443805, 37.60560348 ], [ 127.064554700000016, 37.60565804 ], [ 127.064563910000018, 37.60566282 ], [ 127.06465633, 37.60572444 ], [ 127.06466731, 37.60573315 ], [ 127.064702359999984, 37.60574694 ], [ 127.06474696, 37.60576409 ], [ 127.064789440000013, 37.60578096 ], [ 127.06485157, 37.60579078 ], [ 127.06489031, 37.60579582 ], [ 127.06489544, 37.60579807 ], [ 127.06494874, 37.60582001 ], [ 127.06495616, 37.60582001 ], [ 127.06498342, 37.60583434 ], [ 127.065068489999987, 37.60576982 ], [ 127.065139740000021, 37.60570109 ], [ 127.06519562, 37.60566755 ], [ 127.06527307, 37.6055974 ], [ 127.065359029999982, 37.60555822 ], [ 127.06542676, 37.60550947 ], [ 127.065517339999985, 37.60548239 ], [ 127.06576953, 37.60551774 ], [ 127.06581251, 37.60551377 ], [ 127.06599216, 37.60555421 ], [ 127.06606807, 37.60555051 ], [ 127.06619338, 37.60557804 ], [ 127.06621179, 37.60559351 ], [ 127.06626427, 37.60571709 ], [ 127.0662735, 37.60574299 ], [ 127.066278990000015, 37.60576044 ], [ 127.06628467, 37.60577311 ], [ 127.066301670000016, 37.60579197 ], [ 127.066363470000013, 37.60584345 ], [ 127.06637534, 37.60585471 ], [ 127.06644403, 37.60589043 ], [ 127.06652069, 37.60594304 ], [ 127.06663736, 37.606015610000014 ], [ 127.066646718884158, 37.606020151430329 ], [ 127.066653351925254, 37.604876781577744 ] ] ] } },
{ "type": "Feature", "properties": { "display_grid_id": "11230_00272", "gu_code": 11230, "gu_name": "동대문구", "source_cell_count": 10, "area_m2": 46362.08, "mean_actual_lst": 43.2734, "mean_actual_anomaly": 2.711, "seoul_anomaly": 5.0569, "pred_anomaly": 2.8141, "pred_anomaly_std": 0.8854, "green_delta_c": -0.6917, "building_ratio": 0.2592, "green_ratio": 0.2503, "ndvi": 0.2179, "impervious_ratio": 0.5263, "built_surface_ratio": 0.5263, "avg_ground_floor_count": 3.6791, "elevation_m": 20.6668, "albedo": 0.1426, "nearest_park_distance_m": 122.985, "park_area_within_500m": 66756.6418, "nearest_stream_distance_m": 305.2242, "est_population_density": 9472.353, "dong_elderly_ratio": 0.2248, "dong_avg_age": 44.6, "dong_pop_density": 27272.8, "nearest_shelter_distance_m": 225.3973, "shelter_count_within_500m": 6.8628, "est_population": 439.2, "est_elderly": 98.8, "shelter_capacity_within_500m": 6693.7, "building_form_group": "low_floor_high_density", "dong_name": "이문2동", "top1_feature": "built_surface_ratio", "top1_shap": 0.7053, "top2_feature": "impervious_ratio", "top2_shap": 0.6002, "top3_feature": "avg_ground_floor_count", "top3_shap": 0.1888, "priority_score": 67.8467, "priority_rank": 22 }, "geometry": { "type": "Polygon", "coordinates": [ [ [ 127.069485609424746, 37.604887147362106 ], [ 127.066653351925254, 37.604876781577744 ], [ 127.066646718884158, 37.606020151430329 ], [ 127.0666733, 37.60603305 ], [ 127.06679244999998, 37.60609915 ], [ 127.06681299, 37.60610871 ], [ 127.06695937, 37.60615988 ], [ 127.0670985, 37.60620513 ], [ 127.06720947, 37.60623633 ], [ 127.0673185, 37.606274560000017 ], [ 127.06732842000001, 37.60627961 ], [ 127.06739109, 37.60632266 ], [ 127.06743464, 37.60633981 ], [ 127.06746404, 37.60636232 ], [ 127.06762885, 37.60643684 ], [ 127.06764266, 37.60644189 ], [ 127.067649030000013, 37.60645062 ], [ 127.06768713000001, 37.60651339 ], [ 127.067862880000021, 37.60655271000001 ], [ 127.06788942999998, 37.60656001 ], [ 127.06805614000001, 37.60657512 ], [ 127.06806388, 37.60657552 ], [ 127.0680832, 37.606576509999989 ], [ 127.06821433, 37.60657447 ], [ 127.0682246, 37.60657587 ], [ 127.068350600000016, 37.6065941 ], [ 127.06837024, 37.606596070000016 ], [ 127.068449699999988, 37.60659573 ], [ 127.06846244, 37.60659742 ], [ 127.068607400000019, 37.6066314 ], [ 127.06862068, 37.60664406 ], [ 127.06864584, 37.60668685 ], [ 127.06867492, 37.60674709 ], [ 127.06873404, 37.60677492 ], [ 127.06873882, 37.60677914 ], [ 127.06882733, 37.606805 ], [ 127.06893494, 37.60683394 ], [ 127.06899689, 37.60685052 ], [ 127.06906861, 37.60691326 ], [ 127.069124749999986, 37.60696109 ], [ 127.06915644, 37.60698079 ], [ 127.069177330000016, 37.60699372 ], [ 127.06925292, 37.60703367 ], [ 127.06927523, 37.60704463 ], [ 127.06929754, 37.6070556 ], [ 127.06933808, 37.60707247 ], [ 127.06936144, 37.60708231 ], [ 127.06938251, 37.60709131 ], [ 127.069472698380778, 37.607127267505554 ], [ 127.069485609424746, 37.604887147362106 ] ] ] } },
{ "type": "Feature", "properties": { "display_grid_id": "11230_00273", "gu_code": 11230, "gu_name": "동대문구", "source_cell_count": 10, "area_m2": 39788.08, "mean_actual_lst": 43.3117, "mean_actual_anomaly": 2.7494, "seoul_anomaly": 5.0953, "pred_anomaly": 1.5976, "pred_anomaly_std": 1.1632, "green_delta_c": -0.4502, "building_ratio": 0.2976, "green_ratio": 0.3567, "ndvi": 0.3312, "impervious_ratio": 0.4342, "built_surface_ratio": 0.4342, "avg_ground_floor_count": 2.1789, "elevation_m": 17.9953, "albedo": 0.1622, "nearest_park_distance_m": 26.3002, "park_area_within_500m": 39851.9275, "nearest_stream_distance_m": 107.5129, "est_population_density": 5062.8976, "dong_elderly_ratio": 0.2248, "dong_avg_age": 44.6, "dong_pop_density": 27272.8, "nearest_shelter_distance_m": 301.6231, "shelter_count_within_500m": 5.1933, "est_population": 201.4, "est_elderly": 45.2, "shelter_capacity_within_500m": 3738.8, "building_form_group": "low_floor_high_density", "dong_name": "이문2동", "top1_feature": "building_ratio", "top1_shap": 0.4902, "top2_feature": "ndvi", "top2_shap": -0.5306, "top3_feature": "built_surface_ratio", "top3_shap": 0.5204, "priority_score": 64.3522, "priority_rank": 33 }, "geometry": { "type": "Polygon", "coordinates": [ [ [ 127.071105011254758, 37.607146403506668 ], [ 127.07117273, 37.60668651 ], [ 127.07121725, 37.60641901 ], [ 127.07122656, 37.6063472 ], [ 127.07123236000001, 37.60630665 ], [ 127.07132328, 37.6058868 ], [ 127.07137945, 37.60539685 ], [ 127.0714699, 37.60505781 ], [ 127.071493974739212, 37.604894456593108 ], [ 127.069485609424746, 37.604887147362106 ], [ 127.069472698380778, 37.607127267505554 ], [ 127.069506093272835, 37.607140581799918 ], [ 127.070186027392211, 37.60714306010717 ], [ 127.070223919999989, 37.60708266 ], [ 127.07025608, 37.60703336000001 ], [ 127.07030049, 37.60703559 ], [ 127.0703435, 37.60703782 ], [ 127.070355180000021, 37.60703837 ], [ 127.07037057, 37.6070364 ], [ 127.07037518, 37.60704118 ], [ 127.070383609708941, 37.607143779544835 ], [ 127.071105011254758, 37.607146403506668 ] ] ] } },
{ "type": "Feature", "properties": { "display_grid_id": "11230_00274", "gu_code": 11230, "gu_name": "동대문구", "source_cell_count": 4, "area_m2": 3033.33, "mean_actual_lst": 39.9419, "mean_actual_anomaly": -0.6205, "seoul_anomaly": 1.7255, "pred_anomaly": 0.0954, "pred_anomaly_std": 0.7993, "green_delta_c": -0.1848, "building_ratio": 0.0387, "green_ratio": 0.367, "ndvi": 0.3681, "impervious_ratio": 0.4467, "built_surface_ratio": 0.4467, "avg_ground_floor_count": 1.0, "elevation_m": 16.2077, "albedo": 0.1414, "nearest_park_distance_m": 79.1493, "park_area_within_500m": 14309.8833, "nearest_stream_distance_m": 60.6503, "est_population_density": 428.5839, "dong_elderly_ratio": 0.2248, "dong_avg_age": 44.6, "dong_pop_density": 27272.8, "nearest_shelter_distance_m": 256.9585, "shelter_count_within_500m": 3.676, "est_population": 1.3, "est_elderly": 0.3, "shelter_capacity_within_500m": 132.0, "building_form_group": "no_building", "dong_name": "이문2동", "top1_feature": "ndvi", "top1_shap": -0.7062, "top2_feature": "built_surface_ratio", "top2_shap": 0.6757, "top3_feature": "impervious_ratio", "top3_shap": 0.6588, "priority_score": 33.896, "priority_rank": 243 }, "geometry": { "type": "MultiPolygon", "coordinates": [ [ [ [ 127.06955387, 37.60715963 ], [ 127.069580060000021, 37.607170030000013 ], [ 127.06969991, 37.60722711 ], [ 127.069765070000017, 37.60725945 ], [ 127.06977392, 37.60726255 ], [ 127.069852850000018, 37.60727799 ], [ 127.069900980000014, 37.60727148 ], [ 127.069954229999979, 37.60726301 ], [ 127.06998466, 37.60725848 ], [ 127.0700597, 37.60726632 ], [ 127.07010109, 37.60725898 ], [ 127.07012091, 37.60725559 ], [ 127.07013240000002, 37.60723587 ], [ 127.07017109, 37.60716687 ], [ 127.070186027392211, 37.60714306010717 ], [ 127.069506093272835, 37.607140581799918 ], [ 127.06955387, 37.60715963 ] ] ], [ [ [ 127.07038663, 37.60718054 ], [ 127.07039018, 37.60718814 ], [ 127.0704594, 37.60722442 ], [ 127.070462420000013, 37.60722921 ], [ 127.07052571, 37.60736375 ], [ 127.07057234, 37.60746931 ], [ 127.070669760000015, 37.6075616 ], [ 127.070693299999988, 37.60756637 ], [ 127.070865500000011, 37.6075964 ], [ 127.071060710000012, 37.60762867 ], [ 127.07106035, 37.60761994 ], [ 127.07107604, 37.607364 ], [ 127.07107919, 37.60732176 ], [ 127.071105011254758, 37.607146403506668 ], [ 127.070383609708941, 37.607143779544835 ], [ 127.07038663, 37.60718054 ] ] ] ] } }
]
}
