{
"type": "FeatureCollection",
"name": "11320_도봉구",
"crs": { "type": "name", "properties": { "name": "urn:ogc:def:crs:OGC:1.3:CRS84" } },
"features": [
{ "type": "Feature", "properties": { "display_grid_id": "11320_00001", "gu_code": 11320, "gu_name": "도봉구", "source_cell_count": 2, "area_m2": 1233.88, "mean_actual_lst": 38.3763, "mean_actual_anomaly": 2.3824, "seoul_anomaly": -0.2092, "pred_anomaly": 1.7084, "pred_anomaly_std": 0.8427, "green_delta_c": -0.7135, "building_ratio": 0.0048, "green_ratio": 0.2971, "ndvi": 0.3039, "impervious_ratio": 0.4901, "built_surface_ratio": 0.4901, "avg_ground_floor_count": 4.0, "elevation_m": 28.771, "albedo": 0.1174, "nearest_park_distance_m": 41.32, "park_area_within_500m": 36476.67, "nearest_stream_distance_m": 8.6, "est_population_density": 37.0, "dong_elderly_ratio": 0.243, "dong_avg_age": 47.2, "dong_pop_density": 20201.9, "nearest_shelter_distance_m": 160.61, "shelter_count_within_500m": 16.0, "est_population": 0.0, "est_elderly": 0.0, "shelter_capacity_within_500m": 57.0, "building_form_group": "no_building", "dong_name": "창3동", "top1_feature": "built_surface_ratio", "top1_shap": 0.7845, "top2_feature": "impervious_ratio", "top2_shap": 0.7429, "top3_feature": "ndvi", "top3_shap": -0.4747, "priority_score": 48.3974, "priority_rank": 221 }, "geometry": { "type": "Polygon", "coordinates": [ [ [ 127.040996902488246, 37.631820018330863 ], [ 127.040999566573362, 37.631386872424251 ], [ 127.040879750000016, 37.63148337 ], [ 127.04079923, 37.63154816 ], [ 127.04067113, 37.63163154 ], [ 127.04043808, 37.63178366 ], [ 127.040383944334849, 37.631817632172613 ], [ 127.040996902488246, 37.631820018330863 ] ] ] } },
{ "type": "Feature", "properties": { "display_grid_id": "11320_00002", "gu_code": 11320, "gu_name": "도봉구", "source_cell_count": 5, "area_m2": 10324.98, "mean_actual_lst": 38.4566, "mean_actual_anomaly": 2.4619, "seoul_anomaly": -0.1296, "pred_anomaly": 1.951, "pred_anomaly_std": 1.1147, "green_delta_c": -0.8751, "building_ratio": 0.0, "green_ratio": 0.2875, "ndvi": 0.2092, "impervious_ratio": 0.4556, "built_surface_ratio": 0.4556, "avg_ground_floor_count": 0.0, "elevation_m": 30.6186, "albedo": 0.1184, "nearest_park_distance_m": 20.449, "park_area_within_500m": 36694.8188, "nearest_stream_distance_m": 19.3311, "est_population_density": 0.0, "dong_elderly_ratio": 0.2459, "dong_avg_age": 47.0952, "dong_pop_density": 18411.9847, "nearest_shelter_distance_m": 158.5434, "shelter_count_within_500m": 19.6528, "est_population": 0.0, "est_elderly": 0.0, "shelter_capacity_within_500m": 1073.6, "building_form_group": "no_building", "dong_name": "창3동", "top1_feature": "impervious_ratio", "top1_shap": 1.0925, "top2_feature": "built_surface_ratio", "top2_shap": 0.9561, "top3_feature": "building_ratio", "top3_shap": -0.5345, "priority_score": 52.6859, "priority_rank": 191 }, "geometry": { "type": "Polygon", "coordinates": [ [ [ 127.040996902488246, 37.631820018330863 ], [ 127.042002130050534, 37.631823924644237 ], [ 127.041836770000018, 37.63165283 ], [ 127.04182295, 37.63163876 ], [ 127.041812680000021, 37.63162806 ], [ 127.04180701, 37.63162215 ], [ 127.041794080000017, 37.63160864 ], [ 127.041657880000017, 37.63146706 ], [ 127.042649019999985, 37.63090981 ], [ 127.0426561, 37.63090755 ], [ 127.04254884, 37.63061449 ], [ 127.04256936, 37.6305714 ], [ 127.04259885, 37.630451450000017 ], [ 127.04252483, 37.63041431 ], [ 127.04240576, 37.63049713 ], [ 127.04238983, 37.63050755 ], [ 127.0421635, 37.63063264 ], [ 127.04208617, 37.63067603 ], [ 127.042076260000016, 37.63068026 ], [ 127.041895400000016, 37.63074507 ], [ 127.04171435, 37.63081018 ], [ 127.041647129999987, 37.63086509 ], [ 127.04162093, 37.63088651 ], [ 127.04156502, 37.63093129 ], [ 127.041482210000012, 37.63099861 ], [ 127.04137923, 37.63108143 ], [ 127.04104412, 37.63135099 ], [ 127.040999566573362, 37.631386872424251 ], [ 127.040996902488246, 37.631820018330863 ] ] ] } },
{ "type": "Feature", "properties": { "display_grid_id": "11320_00003", "gu_code": 11320, "gu_name": "도봉구", "source_cell_count": 8, "area_m2": 39578.49, "mean_actual_lst": 40.1623, "mean_actual_anomaly": 4.0476, "seoul_anomaly": 1.4561, "pred_anomaly": 3.5868, "pred_anomaly_std": 0.8966, "green_delta_c": -0.5951, "building_ratio": 0.2161, "green_ratio": 0.211, "ndvi": 0.1813, "impervious_ratio": 0.6027, "built_surface_ratio": 0.6027, "avg_ground_floor_count": 2.6667, "elevation_m": 30.2258, "albedo": 0.1198, "nearest_park_distance_m": 163.9619, "park_area_within_500m": 34192.748, "nearest_stream_distance_m": 57.5484, "est_population_density": 11421.7108, "dong_elderly_ratio": 0.2431, "dong_avg_age": 47.2051, "dong_pop_density": 20188.042, "nearest_shelter_distance_m": 147.2297, "shelter_count_within_500m": 14.585, "est_population": 452.1, "est_elderly": 109.8, "shelter_capacity_within_500m": 2229.0, "building_form_group": "low_floor_high_density", "dong_name": "창3동", "top1_feature": "built_surface_ratio", "top1_shap": 0.8398, "top2_feature": "impervious_ratio", "top2_shap": 0.8029, "top3_feature": "green_ratio", "top3_shap": 0.2153, "priority_score": 61.782, "priority_rank": 108 }, "geometry": { "type": "Polygon", "coordinates": [ [ [ 127.040983042573842, 37.634073311637501 ], [ 127.040996902488246, 37.631820018330863 ], [ 127.040383944334849, 37.631817632172613 ], [ 127.040261660000013, 37.63189437 ], [ 127.03993906, 37.632091 ], [ 127.03979944, 37.63217552 ], [ 127.03976493, 37.632196639999989 ], [ 127.0397545, 37.63220960000001 ], [ 127.039685329999983, 37.63229634 ], [ 127.039636679999987, 37.63235717 ], [ 127.039596519999989, 37.63240842 ], [ 127.0395493, 37.63246701 ], [ 127.03953691000001, 37.63248249 ], [ 127.039529660000014, 37.6324915 ], [ 127.039476590000021, 37.63255712 ], [ 127.039159580000018, 37.63294493 ], [ 127.03866353, 37.63356592 ], [ 127.03853797, 37.63372862 ], [ 127.03846292, 37.63382586 ], [ 127.03828535238037, 37.634062785550789 ], [ 127.040983042573842, 37.634073311637501 ] ] ] } },
{ "type": "Feature", "properties": { "display_grid_id": "11320_00004", "gu_code": 11320, "gu_name": "도봉구", "source_cell_count": 11, "area_m2": 47363.16, "mean_actual_lst": 40.0892, "mean_actual_anomaly": 3.9185, "seoul_anomaly": 1.327, "pred_anomaly": 3.1066, "pred_anomaly_std": 0.8324, "green_delta_c": -0.461, "building_ratio": 0.2572, "green_ratio": 0.2195, "ndvi": 0.1762, "impervious_ratio": 0.5489, "built_surface_ratio": 0.5489, "avg_ground_floor_count": 5.1591, "elevation_m": 30.2039, "albedo": 0.1283, "nearest_park_distance_m": 84.6304, "park_area_within_500m": 36960.817, "nearest_stream_distance_m": 193.7741, "est_population_density": 36467.027, "dong_elderly_ratio": 0.243, "dong_avg_age": 47.2, "dong_pop_density": 20201.9, "nearest_shelter_distance_m": 79.8445, "shelter_count_within_500m": 15.2549, "est_population": 1727.2, "est_elderly": 419.7, "shelter_capacity_within_500m": 2552.7, "building_form_group": "high_floor_high_density", "dong_name": "창3동", "top1_feature": "built_surface_ratio", "top1_shap": 0.6887, "top2_feature": "impervious_ratio", "top2_shap": 0.6887, "top3_feature": "building_ratio", "top3_shap": 0.2295, "priority_score": 58.6538, "priority_rank": 141 }, "geometry": { "type": "Polygon", "coordinates": [ [ [ 127.040996902488246, 37.631820018330863 ], [ 127.040983042573842, 37.634073311637501 ], [ 127.043816397972279, 37.634084300660405 ], [ 127.043820617401408, 37.6333940878108 ], [ 127.04374325, 37.63332685000001 ], [ 127.0435855, 37.63327257000001 ], [ 127.0435793, 37.63328158 ], [ 127.043502290000021, 37.6332574 ], [ 127.043491840000016, 37.63325431 ], [ 127.043516539999985, 37.63309212 ], [ 127.043444830000013, 37.63305358 ], [ 127.04332087, 37.63297815 ], [ 127.04315566, 37.63288390000001 ], [ 127.04308978, 37.6328124 ], [ 127.04302532, 37.63278202 ], [ 127.04295575, 37.63276965 ], [ 127.04285217, 37.63271986 ], [ 127.04280366, 37.63269791 ], [ 127.04273618, 37.63263458 ], [ 127.042694740000016, 37.63261743 ], [ 127.04262654, 37.63251552 ], [ 127.042568910000014, 37.63232916 ], [ 127.04256218, 37.63232381 ], [ 127.042437169999985, 37.63227402 ], [ 127.04242655, 37.63226614 ], [ 127.04233162, 37.63216734 ], [ 127.042192410000013, 37.63202239 ], [ 127.042072140000016, 37.63189658 ], [ 127.042061340000018, 37.63188532 ], [ 127.04203372, 37.63185661 ], [ 127.042002130050534, 37.631823924644237 ], [ 127.040996902488246, 37.631820018330863 ] ] ] } },
{ "type": "Feature", "properties": { "display_grid_id": "11320_00005", "gu_code": 11320, "gu_name": "도봉구", "source_cell_count": 1, "area_m2": 1669.69, "mean_actual_lst": 39.3372, "mean_actual_anomaly": 3.2078, "seoul_anomaly": 0.6163, "pred_anomaly": 3.443, "pred_anomaly_std": 0.8167, "green_delta_c": -0.335, "building_ratio": 0.4077, "green_ratio": 0.2065, "ndvi": 0.1645, "impervious_ratio": 0.5571, "built_surface_ratio": 0.5571, "avg_ground_floor_count": 3.671, "elevation_m": 35.336, "albedo": 0.1136, "nearest_park_distance_m": 31.87, "park_area_within_500m": 40425.64, "nearest_stream_distance_m": 326.29, "est_population_density": 33183.8, "dong_elderly_ratio": 0.243, "dong_avg_age": 47.2, "dong_pop_density": 20201.9, "nearest_shelter_distance_m": 67.29, "shelter_count_within_500m": 12.0, "est_population": 55.4, "est_elderly": 13.5, "shelter_capacity_within_500m": 103.7, "building_form_group": "low_floor_high_density", "dong_name": "창3동", "top1_feature": "building_ratio", "top1_shap": 0.6818, "top2_feature": "built_surface_ratio", "top2_shap": 0.655, "top3_feature": "impervious_ratio", "top3_shap": 0.6278, "priority_score": 45.4167, "priority_rank": 243 }, "geometry": { "type": "Polygon", "coordinates": [ [ [ 127.043816397972279, 37.634084300660405 ], [ 127.04425695514341, 37.634086003226138 ], [ 127.04420707, 37.6340241 ], [ 127.04417961, 37.633974 ], [ 127.04418403, 37.63395598 ], [ 127.04416191, 37.63397626 ], [ 127.044134410000012, 37.63386674 ], [ 127.044139160000014, 37.63381578 ], [ 127.04410212, 37.63374681 ], [ 127.044072900000018, 37.63372599 ], [ 127.04402686, 37.63370433 ], [ 127.04402984, 37.63364181 ], [ 127.04399617, 37.63357735 ], [ 127.04394745, 37.63352077 ], [ 127.043917160000021, 37.63347799 ], [ 127.043820617401408, 37.6333940878108 ], [ 127.043816397972279, 37.634084300660405 ] ] ] } },
{ "type": "Feature", "properties": { "display_grid_id": "11320_00006", "gu_code": 11320, "gu_name": "도봉구", "source_cell_count": 4, "area_m2": 4471.92, "mean_actual_lst": 40.4664, "mean_actual_anomaly": 4.4529, "seoul_anomaly": 1.8614, "pred_anomaly": 3.6663, "pred_anomaly_std": 1.3716, "green_delta_c": -0.859, "building_ratio": 0.2019, "green_ratio": 0.2453, "ndvi": 0.1131, "impervious_ratio": 0.4643, "built_surface_ratio": 0.4643, "avg_ground_floor_count": 2.6719, "elevation_m": 30.7983, "albedo": 0.1047, "nearest_park_distance_m": 452.8033, "park_area_within_500m": 2047.662, "nearest_stream_distance_m": 30.6304, "est_population_density": 8429.1393, "dong_elderly_ratio": 0.243, "dong_avg_age": 47.2, "dong_pop_density": 20201.9, "nearest_shelter_distance_m": 165.8812, "shelter_count_within_500m": 9.9288, "est_population": 37.7, "est_elderly": 9.2, "shelter_capacity_within_500m": 239.3, "building_form_group": "low_floor_low_density", "dong_name": "창3동", "top1_feature": "built_surface_ratio", "top1_shap": 0.7299, "top2_feature": "impervious_ratio", "top2_shap": 0.7019, "top3_feature": "ndvi", "top3_shap": 0.6479, "priority_score": 66.1154, "priority_rank": 78 }, "geometry": { "type": "Polygon", "coordinates": [ [ [ 127.038135741706384, 37.6363155461232 ], [ 127.038148555329116, 37.63424537550523 ], [ 127.03814026, 37.63425645 ], [ 127.03812841, 37.63428208 ], [ 127.038119219999984, 37.63432882 ], [ 127.03809751, 37.63444511 ], [ 127.03809081, 37.63448312 ], [ 127.03797074000002, 37.63513355 ], [ 127.03787564, 37.63540303 ], [ 127.03787229, 37.63543541 ], [ 127.0378612, 37.63555761 ], [ 127.03785116, 37.6356708 ], [ 127.03784377, 37.6357547 ], [ 127.03783462, 37.63585804 ], [ 127.03783003, 37.63591125 ], [ 127.0378267, 37.63594757 ], [ 127.03782493, 37.63596813 ], [ 127.03782387, 37.63597967 ], [ 127.03782211, 37.63599939 ], [ 127.03782035, 37.63601937 ], [ 127.037817, 37.63604049 ], [ 127.03779648, 37.63605936 ], [ 127.03776603999998, 37.63608696 ], [ 127.03775648, 37.63609569 ], [ 127.03774569, 37.63610527 ], [ 127.037729590000012, 37.6361202 ], [ 127.037724639999979, 37.63612443 ], [ 127.037708890000019, 37.63613878000001 ], [ 127.03766164, 37.63618187 ], [ 127.03762483, 37.63621539 ], [ 127.03761776, 37.63622159 ], [ 127.03760803, 37.63623061 ], [ 127.03756981, 37.63626496 ], [ 127.03754043, 37.636292 ], [ 127.037517576280266, 37.636313124590529 ], [ 127.038135741706384, 37.6363155461232 ] ] ] } },
{ "type": "Feature", "properties": { "display_grid_id": "11320_00007", "gu_code": 11320, "gu_name": "도봉구", "source_cell_count": 16, "area_m2": 62378.42, "mean_actual_lst": 41.3989, "mean_actual_anomaly": 5.3376, "seoul_anomaly": 2.746, "pred_anomaly": 4.7788, "pred_anomaly_std": 0.9693, "green_delta_c": -0.3209, "building_ratio": 0.4124, "green_ratio": 0.2268, "ndvi": 0.1088, "impervious_ratio": 0.4715, "built_surface_ratio": 0.4715, "avg_ground_floor_count": 2.285, "elevation_m": 31.8664, "albedo": 0.1146, "nearest_park_distance_m": 370.5962, "park_area_within_500m": 17025.0562, "nearest_stream_distance_m": 124.6587, "est_population_density": 20940.7272, "dong_elderly_ratio": 0.243, "dong_avg_age": 47.2, "dong_pop_density": 20201.9, "nearest_shelter_distance_m": 105.5304, "shelter_count_within_500m": 11.2424, "est_population": 1306.2, "est_elderly": 317.4, "shelter_capacity_within_500m": 2980.4, "building_form_group": "low_floor_high_density", "dong_name": "창3동", "top1_feature": "building_ratio", "top1_shap": 0.7079, "top2_feature": "built_surface_ratio", "top2_shap": 0.7014, "top3_feature": "impervious_ratio", "top3_shap": 0.672, "priority_score": 59.1859, "priority_rank": 135 }, "geometry": { "type": "Polygon", "coordinates": [ [ [ 127.038135741706384, 37.6363155461232 ], [ 127.040969181115415, 37.636326604077027 ], [ 127.040983042573842, 37.634073311637501 ], [ 127.03828535238037, 37.634062785550789 ], [ 127.038234549999984, 37.63413057 ], [ 127.038148555329116, 37.63424537550523 ], [ 127.038135741706384, 37.6363155461232 ] ] ] } },
{ "type": "Feature", "properties": { "display_grid_id": "11320_00008", "gu_code": 11320, "gu_name": "도봉구", "source_cell_count": 14, "area_m2": 62500.0, "mean_actual_lst": 39.4411, "mean_actual_anomaly": 3.3737, "seoul_anomaly": 0.7822, "pred_anomaly": 3.104, "pred_anomaly_std": 0.8391, "green_delta_c": -0.4185, "building_ratio": 0.3384, "green_ratio": 0.3066, "ndvi": 0.2072, "impervious_ratio": 0.4592, "built_surface_ratio": 0.4592, "avg_ground_floor_count": 1.819, "elevation_m": 41.2624, "albedo": 0.1286, "nearest_park_distance_m": 229.4752, "park_area_within_500m": 31116.0488, "nearest_stream_distance_m": 359.69, "est_population_density": 14827.224, "dong_elderly_ratio": 0.243, "dong_avg_age": 47.2, "dong_pop_density": 20201.9, "nearest_shelter_distance_m": 139.7092, "shelter_count_within_500m": 11.04, "est_population": 926.7, "est_elderly": 225.2, "shelter_capacity_within_500m": 2595.3, "building_form_group": "low_floor_high_density", "dong_name": "창3동", "top1_feature": "built_surface_ratio", "top1_shap": 0.5417, "top2_feature": "building_ratio", "top2_shap": 0.4839, "top3_feature": "impervious_ratio", "top3_shap": 0.4298, "priority_score": 54.2821, "priority_rank": 171 }, "geometry": { "type": "Polygon", "coordinates": [ [ [ 127.040983042573842, 37.634073311637501 ], [ 127.040969181115415, 37.636326604077027 ], [ 127.043802622068668, 37.636337593988067 ], [ 127.043816397972279, 37.634084300660405 ], [ 127.040983042573842, 37.634073311637501 ] ] ] } },
{ "type": "Feature", "properties": { "display_grid_id": "11320_00009", "gu_code": 11320, "gu_name": "도봉구", "source_cell_count": 7, "area_m2": 18605.28, "mean_actual_lst": 34.073, "mean_actual_anomaly": -1.5896, "seoul_anomaly": -4.1811, "pred_anomaly": -2.5953, "pred_anomaly_std": 0.6705, "green_delta_c": -0.8416, "building_ratio": 0.0466, "green_ratio": 0.6534, "ndvi": 0.5219, "impervious_ratio": 0.1864, "built_surface_ratio": 0.1864, "avg_ground_floor_count": 1.1905, "elevation_m": 65.6718, "albedo": 0.1341, "nearest_park_distance_m": 188.6957, "park_area_within_500m": 28099.3652, "nearest_stream_distance_m": 494.2889, "est_population_density": 1166.2796, "dong_elderly_ratio": 0.243, "dong_avg_age": 47.2, "dong_pop_density": 20201.9, "nearest_shelter_distance_m": 220.511, "shelter_count_within_500m": 9.8386, "est_population": 21.7, "est_elderly": 5.3, "shelter_capacity_within_500m": 1377.8, "building_form_group": "no_building", "dong_name": "창3동", "top1_feature": "built_surface_ratio", "top1_shap": -0.5037, "top2_feature": "green_ratio", "top2_shap": -0.7848, "top3_feature": "impervious_ratio", "top3_shap": -0.4297, "priority_score": 52.9936, "priority_rank": 185 }, "geometry": { "type": "Polygon", "coordinates": [ [ [ 127.043816397972279, 37.634084300660405 ], [ 127.043802622068668, 37.636337593988067 ], [ 127.04503943316378, 37.636342369804296 ], [ 127.04503965, 37.63625428 ], [ 127.045018, 37.6361535 ], [ 127.04502377, 37.63604256 ], [ 127.044983880000018, 37.63593418 ], [ 127.044992160000021, 37.63586463 ], [ 127.04495195, 37.63581847 ], [ 127.04495088, 37.63580129 ], [ 127.04489951, 37.63574809 ], [ 127.04488158, 37.63567039 ], [ 127.04480968999998, 37.63560961 ], [ 127.04476821, 37.63553332 ], [ 127.04471596, 37.63547561 ], [ 127.04466301, 37.63543706 ], [ 127.0446111, 37.6353636 ], [ 127.04457952, 37.63526366 ], [ 127.04457133, 37.63515836 ], [ 127.04450094, 37.63496778 ], [ 127.044503700000021, 37.6348391 ], [ 127.04451024, 37.6348208 ], [ 127.04452384, 37.63477434 ], [ 127.0444515, 37.63457023 ], [ 127.044436590000018, 37.63448803 ], [ 127.04436663, 37.634432580000016 ], [ 127.04430162, 37.63436954 ], [ 127.04427697, 37.63427804 ], [ 127.04428737, 37.634213 ], [ 127.044298330000018, 37.63418118 ], [ 127.044262, 37.63411221 ], [ 127.04426128, 37.63409137 ], [ 127.04425695514341, 37.634086003226138 ], [ 127.043816397972279, 37.634084300660405 ] ] ] } },
{ "type": "Feature", "properties": { "display_grid_id": "11320_00010", "gu_code": 11320, "gu_name": "도봉구", "source_cell_count": 3, "area_m2": 9103.68, "mean_actual_lst": 40.6373, "mean_actual_anomaly": 4.5079, "seoul_anomaly": 1.9164, "pred_anomaly": 3.4085, "pred_anomaly_std": 1.0579, "green_delta_c": -1.2031, "building_ratio": 0.2025, "green_ratio": 0.2624, "ndvi": 0.1689, "impervious_ratio": 0.4427, "built_surface_ratio": 0.4427, "avg_ground_floor_count": 2.2009, "elevation_m": 34.0982, "albedo": 0.1113, "nearest_park_distance_m": 297.9579, "park_area_within_500m": 13175.4927, "nearest_stream_distance_m": 32.8141, "est_population_density": 0.0, "dong_elderly_ratio": 0.2114, "dong_avg_age": 45.1, "dong_pop_density": 42879.7, "nearest_shelter_distance_m": 53.6902, "shelter_count_within_500m": 11.0, "est_population": 0.0, "est_elderly": 0.0, "shelter_capacity_within_500m": 954.0, "building_form_group": "low_floor_low_density", "dong_name": "창2동", "top1_feature": "impervious_ratio", "top1_shap": 0.7321, "top2_feature": "built_surface_ratio", "top2_shap": 0.7146, "top3_feature": "avg_ground_floor_count", "top3_shap": 0.3196, "priority_score": 55.6859, "priority_rank": 162 }, "geometry": { "type": "Polygon", "coordinates": [ [ [ 127.035288269720297, 37.638557709906244 ], [ 127.035296595200776, 37.637221019105148 ], [ 127.03529355000002, 37.63722209 ], [ 127.03522027, 37.63724772 ], [ 127.0351477, 37.63727309 ], [ 127.03513673, 37.63728153 ], [ 127.03508346, 37.63732351 ], [ 127.03497056, 37.63741194 ], [ 127.034894990000012, 37.63747138 ], [ 127.03485908, 37.63749926 ], [ 127.03484031, 37.63751419 ], [ 127.034830750000012, 37.63752179 ], [ 127.03481661, 37.63753362 ], [ 127.034791650000017, 37.63755418 ], [ 127.03477607, 37.63756714 ], [ 127.03474298, 37.63760121 ], [ 127.03469309, 37.63765219 ], [ 127.03464691, 37.6376995 ], [ 127.034620010000012, 37.63772739 ], [ 127.03460709, 37.63774062 ], [ 127.034599660000012, 37.63774823 ], [ 127.03458622, 37.63776174 ], [ 127.03456763, 37.63778061 ], [ 127.034563390000017, 37.63778934 ], [ 127.0345503, 37.63781835 ], [ 127.034545, 37.63783017 ], [ 127.03454075, 37.63783975 ], [ 127.034537390000011, 37.63784707 ], [ 127.034534739999984, 37.637852980000012 ], [ 127.03453261, 37.63785805 ], [ 127.03452802, 37.63786847 ], [ 127.03452094, 37.637883960000011 ], [ 127.03451688, 37.63789325 ], [ 127.0345137, 37.63790057 ], [ 127.034510340000011, 37.63790789 ], [ 127.034505379999985, 37.63791888 ], [ 127.03449724, 37.63793718 ], [ 127.034468779999983, 37.63800082 ], [ 127.034465229999981, 37.6380087 ], [ 127.03446329, 37.63801321 ], [ 127.034459219999988, 37.6380225 ], [ 127.034454630000013, 37.63803264 ], [ 127.034450729999989, 37.63804137 ], [ 127.03444348, 37.6380577 ], [ 127.034434820000016, 37.63807685 ], [ 127.034424030000011, 37.63810107 ], [ 127.03441748, 37.63811571 ], [ 127.034411300000016, 37.6381295 ], [ 127.03439857, 37.63815794 ], [ 127.03437716, 37.63820553 ], [ 127.03436603, 37.6382306 ], [ 127.03434268, 37.63828297 ], [ 127.034284140000011, 37.63841363 ], [ 127.03422171908791, 37.638553504065015 ], [ 127.035288269720297, 37.638557709906244 ] ] ] } },
{ "type": "Feature", "properties": { "display_grid_id": "11320_00011", "gu_code": 11320, "gu_name": "도봉구", "source_cell_count": 12, "area_m2": 50879.39, "mean_actual_lst": 41.8553, "mean_actual_anomaly": 5.8058, "seoul_anomaly": 3.2143, "pred_anomaly": 4.7236, "pred_anomaly_std": 0.9549, "green_delta_c": -0.5412, "building_ratio": 0.3136, "green_ratio": 0.2208, "ndvi": 0.1219, "impervious_ratio": 0.4622, "built_surface_ratio": 0.4622, "avg_ground_floor_count": 2.6968, "elevation_m": 33.428, "albedo": 0.1117, "nearest_park_distance_m": 387.8815, "park_area_within_500m": 10355.267, "nearest_stream_distance_m": 94.2526, "est_population_density": 9739.7562, "dong_elderly_ratio": 0.2262, "dong_avg_age": 46.086, "dong_pop_density": 32232.0428, "nearest_shelter_distance_m": 91.5252, "shelter_count_within_500m": 13.689, "est_population": 495.6, "est_elderly": 120.0, "shelter_capacity_within_500m": 3775.1, "building_form_group": "low_floor_high_density", "dong_name": "창2동", "top1_feature": "built_surface_ratio", "top1_shap": 0.7042, "top2_feature": "impervious_ratio", "top2_shap": 0.6132, "top3_feature": "building_ratio", "top3_shap": 0.4511, "priority_score": 61.718, "priority_rank": 109 }, "geometry": { "type": "Polygon", "coordinates": [ [ [ 127.035288269720297, 37.638557709906244 ], [ 127.038121793139567, 37.63856883680193 ], [ 127.038135741706384, 37.6363155461232 ], [ 127.037517576280266, 37.636313124590529 ], [ 127.03750752, 37.63632242 ], [ 127.03747462, 37.63635284 ], [ 127.03746081, 37.63636552 ], [ 127.03743586, 37.63638861 ], [ 127.03740012, 37.63642128 ], [ 127.03735535, 37.63646241 ], [ 127.03733146, 37.63648437 ], [ 127.0372973, 37.63650325 ], [ 127.03727518, 37.63651536 ], [ 127.03724563, 37.6365317 ], [ 127.037155900000016, 37.63658128 ], [ 127.03708511, 37.63662015 ], [ 127.03705131, 37.63663875000001 ], [ 127.03702281, 37.63665452 ], [ 127.0369991, 37.63666749 ], [ 127.036977340000021, 37.63667959 ], [ 127.03696635999998, 37.63668551 ], [ 127.03692813, 37.63670664 ], [ 127.03690495, 37.63671903 ], [ 127.03688601, 37.63672974 ], [ 127.036867250000014, 37.63673988 ], [ 127.03685451, 37.63674692 ], [ 127.036847960000017, 37.63675030000001 ], [ 127.03683256, 37.63675425 ], [ 127.03676406000001, 37.63677229 ], [ 127.03668299, 37.63679343 ], [ 127.03654705, 37.636829229999989 ], [ 127.03642524, 37.63686095 ], [ 127.03641501, 37.63686361 ], [ 127.0363359, 37.6368842 ], [ 127.03618721, 37.63692309 ], [ 127.036114280000021, 37.63694198000001 ], [ 127.036066840000018, 37.63695438 ], [ 127.03606136, 37.63695608 ], [ 127.03598383, 37.63698116 ], [ 127.03592932, 37.63699975 ], [ 127.0358479, 37.63702793 ], [ 127.035623470000019, 37.63710655 ], [ 127.03551692, 37.63714375 ], [ 127.03539373000001, 37.63718686 ], [ 127.035296595200776, 37.637221019105148 ], [ 127.035288269720297, 37.638557709906244 ] ] ] } },
{ "type": "Feature", "properties": { "display_grid_id": "11320_00012", "gu_code": 11320, "gu_name": "도봉구", "source_cell_count": 12, "area_m2": 62500.0, "mean_actual_lst": 41.925, "mean_actual_anomaly": 5.9203, "seoul_anomaly": 3.3288, "pred_anomaly": 5.6479, "pred_anomaly_std": 0.7544, "green_delta_c": -0.0167, "building_ratio": 0.4666, "green_ratio": 0.2201, "ndvi": 0.0746, "impervious_ratio": 0.4193, "built_surface_ratio": 0.4193, "avg_ground_floor_count": 1.5488, "elevation_m": 35.0765, "albedo": 0.1178, "nearest_park_distance_m": 319.1048, "park_area_within_500m": 17633.9484, "nearest_stream_distance_m": 215.0852, "est_population_density": 17310.452, "dong_elderly_ratio": 0.243, "dong_avg_age": 47.2, "dong_pop_density": 20201.9, "nearest_shelter_distance_m": 154.3056, "shelter_count_within_500m": 10.76, "est_population": 1081.9, "est_elderly": 262.9, "shelter_capacity_within_500m": 3584.1, "building_form_group": "low_floor_high_density", "dong_name": "창3동", "top1_feature": "building_ratio", "top1_shap": 0.8915, "top2_feature": "built_surface_ratio", "top2_shap": 0.6942, "top3_feature": "impervious_ratio", "top3_shap": 0.5124, "priority_score": 60.2308, "priority_rank": 125 }, "geometry": { "type": "Polygon", "coordinates": [ [ [ 127.038135741706384, 37.6363155461232 ], [ 127.038121793139567, 37.63856883680193 ], [ 127.040955318112765, 37.638579895649457 ], [ 127.040969181115415, 37.636326604077027 ], [ 127.038135741706384, 37.6363155461232 ] ] ] } },
{ "type": "Feature", "properties": { "display_grid_id": "11320_00013", "gu_code": 11320, "gu_name": "도봉구", "source_cell_count": 11, "area_m2": 62500.0, "mean_actual_lst": 38.0584, "mean_actual_anomaly": 1.9701, "seoul_anomaly": -0.6214, "pred_anomaly": 1.4277, "pred_anomaly_std": 0.7776, "green_delta_c": -1.0218, "building_ratio": 0.2393, "green_ratio": 0.4396, "ndvi": 0.2841, "impervious_ratio": 0.3043, "built_surface_ratio": 0.3043, "avg_ground_floor_count": 1.6074, "elevation_m": 46.0182, "albedo": 0.1187, "nearest_park_distance_m": 227.4608, "park_area_within_500m": 24574.7064, "nearest_stream_distance_m": 440.3764, "est_population_density": 9276.8, "dong_elderly_ratio": 0.243, "dong_avg_age": 47.2, "dong_pop_density": 20201.9, "nearest_shelter_distance_m": 84.166, "shelter_count_within_500m": 8.56, "est_population": 579.8, "est_elderly": 140.9, "shelter_capacity_within_500m": 2700.0, "building_form_group": "low_floor_high_density", "dong_name": "창3동", "top1_feature": "built_surface_ratio", "top1_shap": 0.2169, "top2_feature": "green_ratio", "top2_shap": -0.4623, "top3_feature": "impervious_ratio", "top3_shap": 0.0198, "priority_score": 57.6667, "priority_rank": 147 }, "geometry": { "type": "Polygon", "coordinates": [ [ [ 127.040969181115415, 37.636326604077027 ], [ 127.040955318112765, 37.638579895649457 ], [ 127.043788844630342, 37.638590886448675 ], [ 127.043802622068668, 37.636337593988067 ], [ 127.040969181115415, 37.636326604077027 ] ] ] } },
{ "type": "Feature", "properties": { "display_grid_id": "11320_00014", "gu_code": 11320, "gu_name": "도봉구", "source_cell_count": 10, "area_m2": 38094.88, "mean_actual_lst": 30.9135, "mean_actual_anomaly": -5.3136, "seoul_anomaly": -7.9052, "pred_anomaly": -4.603, "pred_anomaly_std": 0.5615, "green_delta_c": -0.775, "building_ratio": 0.0, "green_ratio": 0.7993, "ndvi": 0.5469, "impervious_ratio": 0.0544, "built_surface_ratio": 0.0544, "avg_ground_floor_count": 0.0, "elevation_m": 88.1168, "albedo": 0.1176, "nearest_park_distance_m": 270.3161, "park_area_within_500m": 22460.5114, "nearest_stream_distance_m": 625.8305, "est_population_density": 0.0, "dong_elderly_ratio": 0.243, "dong_avg_age": 47.2, "dong_pop_density": 20201.9, "nearest_shelter_distance_m": 176.5444, "shelter_count_within_500m": 6.7893, "est_population": 0.0, "est_elderly": 0.0, "shelter_capacity_within_500m": 2068.9, "building_form_group": "no_building", "dong_name": "창3동", "top1_feature": "built_surface_ratio", "top1_shap": -1.3973, "top2_feature": "impervious_ratio", "top2_shap": -1.2292, "top3_feature": "green_ratio", "top3_shap": -0.7954, "priority_score": 36.0128, "priority_rank": 289 }, "geometry": { "type": "Polygon", "coordinates": [ [ [ 127.043802622068668, 37.636337593988067 ], [ 127.043788844630342, 37.638590886448675 ], [ 127.046158304505113, 37.638600024958706 ], [ 127.04615754, 37.63859542 ], [ 127.046122010000019, 37.63838131 ], [ 127.04601304, 37.6379258 ], [ 127.04600187, 37.63790412 ], [ 127.04554573, 37.63770382 ], [ 127.04542544, 37.63753578 ], [ 127.04533370999998, 37.63748598 ], [ 127.04535861, 37.63739813 ], [ 127.045334340000011, 37.63737533 ], [ 127.04527731, 37.637312 ], [ 127.04524254, 37.63719883 ], [ 127.04519435, 37.63711409 ], [ 127.04517768, 37.63707665 ], [ 127.04513151, 37.63683623 ], [ 127.04511894, 37.63681906 ], [ 127.045037800000017, 37.63670984 ], [ 127.04502858, 37.63669098 ], [ 127.04500265, 37.63655528000001 ], [ 127.04500741, 37.6365046 ], [ 127.04503937, 37.63636803 ], [ 127.04503943316378, 37.636342369804296 ], [ 127.043802622068668, 37.636337593988067 ] ] ] } },
{ "type": "Feature", "properties": { "display_grid_id": "11320_00015", "gu_code": 11320, "gu_name": "도봉구", "source_cell_count": 11, "area_m2": 34271.73, "mean_actual_lst": 40.9014, "mean_actual_anomaly": 4.8556, "seoul_anomaly": 2.2641, "pred_anomaly": 3.8104, "pred_anomaly_std": 0.9399, "green_delta_c": -0.9627, "building_ratio": 0.332, "green_ratio": 0.2728, "ndvi": 0.1661, "impervious_ratio": 0.3824, "built_surface_ratio": 0.3824, "avg_ground_floor_count": 5.4358, "elevation_m": 35.3665, "albedo": 0.1125, "nearest_park_distance_m": 340.8195, "park_area_within_500m": 58946.2436, "nearest_stream_distance_m": 67.4488, "est_population_density": 23.2041, "dong_elderly_ratio": 0.2114, "dong_avg_age": 45.1, "dong_pop_density": 42879.7, "nearest_shelter_distance_m": 77.2063, "shelter_count_within_500m": 15.1864, "est_population": 0.8, "est_elderly": 0.1, "shelter_capacity_within_500m": 3313.2, "building_form_group": "low_floor_high_density", "dong_name": "창2동", "top1_feature": "building_ratio", "top1_shap": 0.605, "top2_feature": "built_surface_ratio", "top2_shap": 0.6241, "top3_feature": "impervious_ratio", "top3_shap": 0.6042, "priority_score": 61.2179, "priority_rank": 114 }, "geometry": { "type": "Polygon", "coordinates": [ [ [ 127.035274234026076, 37.64081099881853 ], [ 127.035288269720297, 37.638557709906244 ], [ 127.03422171908791, 37.638553504065015 ], [ 127.03411135, 37.63880082 ], [ 127.03398526, 37.63909339 ], [ 127.03391115, 37.63926375 ], [ 127.033867470000018, 37.63936427 ], [ 127.03384908, 37.63940623 ], [ 127.033828910000011, 37.63945242 ], [ 127.033816179999988, 37.63948141 ], [ 127.03379019, 37.63954083 ], [ 127.03376083, 37.63960785 ], [ 127.033737839999986, 37.63966107 ], [ 127.03373129, 37.63967627 ], [ 127.03372210000002, 37.63969767 ], [ 127.03371096, 37.63972302 ], [ 127.03365666, 37.6398472 ], [ 127.03363384, 37.63989986 ], [ 127.03362217, 37.63992717 ], [ 127.03359423, 37.63999137 ], [ 127.033527910000018, 37.64014428 ], [ 127.03350403, 37.64019862 ], [ 127.03347185, 37.64027239 ], [ 127.03341649, 37.64039996 ], [ 127.0334011, 37.64043291 ], [ 127.03334061, 37.6405554 ], [ 127.033235, 37.64073928 ], [ 127.033198396819756, 37.64080280365792 ], [ 127.035274234026076, 37.64081099881853 ] ] ] } },
{ "type": "Feature", "properties": { "display_grid_id": "11320_00016", "gu_code": 11320, "gu_name": "도봉구", "source_cell_count": 12, "area_m2": 62500.0, "mean_actual_lst": 42.1749, "mean_actual_anomaly": 6.0798, "seoul_anomaly": 3.4882, "pred_anomaly": 5.4339, "pred_anomaly_std": 0.9011, "green_delta_c": -0.2107, "building_ratio": 0.4871, "green_ratio": 0.2407, "ndvi": 0.0981, "impervious_ratio": 0.343, "built_surface_ratio": 0.343, "avg_ground_floor_count": 2.8294, "elevation_m": 35.3109, "albedo": 0.1158, "nearest_park_distance_m": 362.2856, "park_area_within_500m": 18934.2268, "nearest_stream_distance_m": 245.7856, "est_population_density": 396.8, "dong_elderly_ratio": 0.2114, "dong_avg_age": 45.1, "dong_pop_density": 42879.7, "nearest_shelter_distance_m": 148.7396, "shelter_count_within_500m": 14.28, "est_population": 24.8, "est_elderly": 5.3, "shelter_capacity_within_500m": 4532.5, "building_form_group": "low_floor_high_density", "dong_name": "창2동", "top1_feature": "building_ratio", "top1_shap": 0.9781, "top2_feature": "built_surface_ratio", "top2_shap": 0.6074, "top3_feature": "ndvi", "top3_shap": 0.5524, "priority_score": 54.3782, "priority_rank": 170 }, "geometry": { "type": "Polygon", "coordinates": [ [ [ 127.035288269720297, 37.638557709906244 ], [ 127.035274234026076, 37.64081099881853 ], [ 127.03810784301885, 37.640822126613457 ], [ 127.038121793139567, 37.63856883680193 ], [ 127.035288269720297, 37.638557709906244 ] ] ] } },
{ "type": "Feature", "properties": { "display_grid_id": "11320_00017", "gu_code": 11320, "gu_name": "도봉구", "source_cell_count": 15, "area_m2": 62500.0, "mean_actual_lst": 42.6342, "mean_actual_anomaly": 6.3438, "seoul_anomaly": 3.7523, "pred_anomaly": 5.4175, "pred_anomaly_std": 0.7956, "green_delta_c": -0.1692, "building_ratio": 0.4241, "green_ratio": 0.2085, "ndvi": 0.0974, "impervious_ratio": 0.4998, "built_surface_ratio": 0.4998, "avg_ground_floor_count": 2.1788, "elevation_m": 36.786, "albedo": 0.1116, "nearest_park_distance_m": 156.9528, "park_area_within_500m": 22043.83, "nearest_stream_distance_m": 403.6192, "est_population_density": 13724.0, "dong_elderly_ratio": 0.2291, "dong_avg_age": 46.276, "dong_pop_density": 30180.132, "nearest_shelter_distance_m": 123.3772, "shelter_count_within_500m": 12.6, "est_population": 857.8, "est_elderly": 204.5, "shelter_capacity_within_500m": 5094.0, "building_form_group": "low_floor_high_density", "dong_name": "창3동", "top1_feature": "built_surface_ratio", "top1_shap": 0.7168, "top2_feature": "building_ratio", "top2_shap": 0.6684, "top3_feature": "ndvi", "top3_shap": 0.5061, "priority_score": 60.6603, "priority_rank": 123 }, "geometry": { "type": "Polygon", "coordinates": [ [ [ 127.038121793139567, 37.63856883680193 ], [ 127.03810784301885, 37.640822126613457 ], [ 127.040941453565708, 37.640833186354726 ], [ 127.040955318112765, 37.638579895649457 ], [ 127.038121793139567, 37.63856883680193 ] ] ] } },
{ "type": "Feature", "properties": { "display_grid_id": "11320_00018", "gu_code": 11320, "gu_name": "도봉구", "source_cell_count": 13, "area_m2": 62500.0, "mean_actual_lst": 36.436, "mean_actual_anomaly": 0.0738, "seoul_anomaly": -2.5177, "pred_anomaly": 0.2052, "pred_anomaly_std": 0.7583, "green_delta_c": -0.5638, "building_ratio": 0.2096, "green_ratio": 0.4528, "ndvi": 0.346, "impervious_ratio": 0.339, "built_surface_ratio": 0.339, "avg_ground_floor_count": 5.0365, "elevation_m": 54.1565, "albedo": 0.1077, "nearest_park_distance_m": 47.8436, "park_area_within_500m": 22043.83, "nearest_stream_distance_m": 576.4584, "est_population_density": 19317.6, "dong_elderly_ratio": 0.243, "dong_avg_age": 47.2, "dong_pop_density": 20201.9, "nearest_shelter_distance_m": 99.3164, "shelter_count_within_500m": 7.2, "est_population": 1207.3, "est_elderly": 293.4, "shelter_capacity_within_500m": 2722.5, "building_form_group": "low_floor_high_density", "dong_name": "창3동", "top1_feature": "built_surface_ratio", "top1_shap": 0.1342, "top2_feature": "green_ratio", "top2_shap": -0.5395, "top3_feature": "impervious_ratio", "top3_shap": 0.0278, "priority_score": 48.6923, "priority_rank": 218 }, "geometry": { "type": "Polygon", "coordinates": [ [ [ 127.040955318112765, 37.638579895649457 ], [ 127.040941453565708, 37.640833186354726 ], [ 127.043775065657186, 37.640844178042194 ], [ 127.043788844630342, 37.638590886448675 ], [ 127.040955318112765, 37.638579895649457 ] ] ] } },
{ "type": "Feature", "properties": { "display_grid_id": "11320_00019", "gu_code": 11320, "gu_name": "도봉구", "source_cell_count": 14, "area_m2": 59829.57, "mean_actual_lst": 30.963, "mean_actual_anomaly": -5.7137, "seoul_anomaly": -8.3052, "pred_anomaly": -4.8185, "pred_anomaly_std": 0.6023, "green_delta_c": -0.8594, "building_ratio": 0.0, "green_ratio": 0.8052, "ndvi": 0.5393, "impervious_ratio": 0.05, "built_surface_ratio": 0.05, "avg_ground_floor_count": 0.0, "elevation_m": 93.8147, "albedo": 0.1141, "nearest_park_distance_m": 227.0196, "park_area_within_500m": 22043.4715, "nearest_stream_distance_m": 746.3099, "est_population_density": 0.0, "dong_elderly_ratio": 0.2358, "dong_avg_age": 46.5882, "dong_pop_density": 20446.3384, "nearest_shelter_distance_m": 260.4286, "shelter_count_within_500m": 5.29, "est_population": 0.0, "est_elderly": 0.0, "shelter_capacity_within_500m": 2108.1, "building_form_group": "no_building", "dong_name": "창3동", "top1_feature": "built_surface_ratio", "top1_shap": -1.4534, "top2_feature": "impervious_ratio", "top2_shap": -1.2903, "top3_feature": "green_ratio", "top3_shap": -0.7882, "priority_score": 38.9038, "priority_rank": 277 }, "geometry": { "type": "Polygon", "coordinates": [ [ [ 127.046617901219861, 37.63933763037894 ], [ 127.04652157, 37.63927088 ], [ 127.046502250000017, 37.63924273 ], [ 127.04646962, 37.63914701 ], [ 127.04644941, 37.63911211 ], [ 127.04624125, 37.63885935 ], [ 127.046239119999981, 37.63884893 ], [ 127.04626936, 37.6387881 ], [ 127.046266700000018, 37.63877262 ], [ 127.04616607, 37.6386468 ], [ 127.046158304505113, 37.638600024958706 ], [ 127.043788844630342, 37.638590886448675 ], [ 127.043775065657186, 37.640844178042194 ], [ 127.046543799992605, 37.640854852326214 ], [ 127.046541260000012, 37.64081013 ], [ 127.04650805, 37.64064177 ], [ 127.04649152, 37.64052718 ], [ 127.04647884000002, 37.64034277 ], [ 127.04649068, 37.64029603 ], [ 127.04661354368649, 37.640054677535232 ], [ 127.046614095506129, 37.639963875115043 ], [ 127.046597539999979, 37.63990688 ], [ 127.04659788, 37.63988351 ], [ 127.046614859332976, 37.639838186052465 ], [ 127.046617901219861, 37.63933763037894 ] ] ] } },
{ "type": "Feature", "properties": { "display_grid_id": "11320_00020", "gu_code": 11320, "gu_name": "도봉구", "source_cell_count": 4, "area_m2": 337.37, "mean_actual_lst": 31.1074, "mean_actual_anomaly": -5.7964, "seoul_anomaly": -8.388, "pred_anomaly": -4.4958, "pred_anomaly_std": 0.7761, "green_delta_c": -1.2014, "building_ratio": 0.0, "green_ratio": 0.7911, "ndvi": 0.4687, "impervious_ratio": 0.059, "built_surface_ratio": 0.059, "avg_ground_floor_count": 0.0, "elevation_m": 113.1881, "albedo": 0.1169, "nearest_park_distance_m": 362.3067, "park_area_within_500m": 18539.1991, "nearest_stream_distance_m": 732.436, "est_population_density": 0.0, "dong_elderly_ratio": 0.2267, "dong_avg_age": 45.5567, "dong_pop_density": 19439.3663, "nearest_shelter_distance_m": 371.7465, "shelter_count_within_500m": 3.0, "est_population": 0.0, "est_elderly": 0.0, "shelter_capacity_within_500m": 460.0, "building_form_group": "no_building", "dong_name": "창1동", "top1_feature": "built_surface_ratio", "top1_shap": -1.3274, "top2_feature": "impervious_ratio", "top2_shap": -1.163, "top3_feature": "green_ratio", "top3_shap": -0.8226, "priority_score": 43.1346, "priority_rank": 256 }, "geometry": { "type": "MultiPolygon", "coordinates": [ [ [ [ 127.0466251, 37.63981085 ], [ 127.04663359, 37.63980185 ], [ 127.046749670000011, 37.6397224 ], [ 127.04676649, 37.63970944 ], [ 127.04665164, 37.63949888 ], [ 127.04664756, 37.63947777 ], [ 127.046671929999988, 37.63938541000001 ], [ 127.04666857, 37.63937274 ], [ 127.046617901219861, 37.63933763037894 ], [ 127.046614859332976, 37.639838186052465 ], [ 127.0466251, 37.63981085 ] ] ], [ [ [ 127.04662099, 37.64004005 ], [ 127.04662379, 37.63999725 ], [ 127.046614095506129, 37.639963875115043 ], [ 127.04661354368649, 37.640054677535232 ], [ 127.04662099, 37.64004005 ] ] ] ] } },
{ "type": "Feature", "properties": { "display_grid_id": "11320_00021", "gu_code": 11320, "gu_name": "도봉구", "source_cell_count": 4, "area_m2": 5704.74, "mean_actual_lst": 37.61, "mean_actual_anomaly": 1.3111, "seoul_anomaly": -1.2804, "pred_anomaly": 0.8636, "pred_anomaly_std": 0.9308, "green_delta_c": -0.5461, "building_ratio": 0.0005, "green_ratio": 0.2879, "ndvi": 0.2056, "impervious_ratio": 0.3849, "built_surface_ratio": 0.3849, "avg_ground_floor_count": 0.671, "elevation_m": 21.7787, "albedo": 0.146, "nearest_park_distance_m": 136.3086, "park_area_within_500m": 153392.0045, "nearest_stream_distance_m": 26.4548, "est_population_density": 0.0, "dong_elderly_ratio": 0.1929, "dong_avg_age": 44.3, "dong_pop_density": 21972.2, "nearest_shelter_distance_m": 171.6176, "shelter_count_within_500m": 6.0, "est_population": 0.0, "est_elderly": 0.0, "shelter_capacity_within_500m": 250.1, "building_form_group": "no_building", "dong_name": "창4동", "top1_feature": "impervious_ratio", "top1_shap": 0.7512, "top2_feature": "built_surface_ratio", "top2_shap": 0.7181, "top3_feature": "building_ratio", "top3_shap": -0.336, "priority_score": 41.5705, "priority_rank": 265 }, "geometry": { "type": "Polygon", "coordinates": [ [ [ 127.055109529278155, 37.640887464251946 ], [ 127.055112942438953, 37.640315110053898 ], [ 127.05503869, 37.64028007 ], [ 127.05485664, 37.64019456 ], [ 127.054771980000012, 37.64015462 ], [ 127.05472843, 37.64013746 ], [ 127.05471550999998, 37.64014732 ], [ 127.054708080000012, 37.64015324 ], [ 127.054702420000012, 37.64015775 ], [ 127.05469251, 37.64016535 ], [ 127.05467304, 37.64018057 ], [ 127.05465393, 37.640195780000013 ], [ 127.05463748, 37.64021325 ], [ 127.05462103, 37.64023043000001 ], [ 127.054606710000016, 37.64024564 ], [ 127.05459998000002, 37.64025296 ], [ 127.05459627, 37.64025662 ], [ 127.05459237, 37.640260850000011 ], [ 127.05458583, 37.64026789 ], [ 127.05455823, 37.64029662 ], [ 127.05453488000002, 37.64032169 ], [ 127.054388900000021, 37.640417480000011 ], [ 127.05432714, 37.64045834 ], [ 127.05432219, 37.64046284 ], [ 127.054288580000019, 37.64049468 ], [ 127.05428115, 37.64050144 ], [ 127.054276540000018, 37.64050594 ], [ 127.0542401, 37.64054003 ], [ 127.054126880000013, 37.64064595 ], [ 127.05410812, 37.64066425 ], [ 127.054085650000019, 37.64068651 ], [ 127.05408069, 37.64069129 ], [ 127.05405929, 37.64071242 ], [ 127.05405363, 37.64071777 ], [ 127.05404549, 37.64072594 ], [ 127.05403099, 37.64073974 ], [ 127.054023200000017, 37.64074566 ], [ 127.05398604, 37.6407744 ], [ 127.0539565, 37.64079721 ], [ 127.0539181, 37.64082679 ], [ 127.05390023, 37.64084031 ], [ 127.053891560000011, 37.6408468 ], [ 127.05387935, 37.64085525 ], [ 127.053874570000019, 37.64085835 ], [ 127.05383868010459, 37.640882665094431 ], [ 127.055109529278155, 37.640887464251946 ] ] ] } },
{ "type": "Feature", "properties": { "display_grid_id": "11320_00022", "gu_code": 11320, "gu_name": "도봉구", "source_cell_count": 3, "area_m2": 2410.59, "mean_actual_lst": 37.134, "mean_actual_anomaly": 0.835, "seoul_anomaly": -1.7565, "pred_anomaly": -0.1454, "pred_anomaly_std": 0.9316, "green_delta_c": -0.3811, "building_ratio": 0.0, "green_ratio": 0.3291, "ndvi": 0.2454, "impervious_ratio": 0.2753, "built_surface_ratio": 0.2753, "avg_ground_floor_count": 0.0, "elevation_m": 20.8403, "albedo": 0.1368, "nearest_park_distance_m": 104.9403, "park_area_within_500m": 163040.2749, "nearest_stream_distance_m": 2.0274, "est_population_density": 0.0, "dong_elderly_ratio": 0.1929, "dong_avg_age": 44.3, "dong_pop_density": 21972.2, "nearest_shelter_distance_m": 199.2929, "shelter_count_within_500m": 6.0, "est_population": 0.0, "est_elderly": 0.0, "shelter_capacity_within_500m": 138.5, "building_form_group": "no_building", "dong_name": "창4동", "top1_feature": "impervious_ratio", "top1_shap": 0.628, "top2_feature": "built_surface_ratio", "top2_shap": 0.5628, "top3_feature": "building_ratio", "top3_shap": -0.5239, "priority_score": 37.5705, "priority_rank": 284 }, "geometry": { "type": "Polygon", "coordinates": [ [ [ 127.055109529278155, 37.640887464251946 ], [ 127.055532465185664, 37.640889058365303 ], [ 127.055776990000012, 37.64062633 ], [ 127.05572333, 37.6406013 ], [ 127.05540793, 37.64045334 ], [ 127.05518355000001, 37.64034843000001 ], [ 127.055112942438953, 37.640315110053898 ], [ 127.055109529278155, 37.640887464251946 ] ] ] } },
{ "type": "Feature", "properties": { "display_grid_id": "11320_00023", "gu_code": 11320, "gu_name": "도봉구", "source_cell_count": 5, "area_m2": 10855.13, "mean_actual_lst": 40.6288, "mean_actual_anomaly": 4.4282, "seoul_anomaly": 1.8366, "pred_anomaly": 2.3187, "pred_anomaly_std": 0.9684, "green_delta_c": -0.8532, "building_ratio": 0.0646, "green_ratio": 0.2498, "ndvi": 0.2334, "impervious_ratio": 0.4626, "built_surface_ratio": 0.4626, "avg_ground_floor_count": 9.4927, "elevation_m": 36.5048, "albedo": 0.1159, "nearest_park_distance_m": 20.4285, "park_area_within_500m": 158756.084, "nearest_stream_distance_m": 39.4259, "est_population_density": 4.5658, "dong_elderly_ratio": 0.2115, "dong_avg_age": 45.1038, "dong_pop_density": 42816.5005, "nearest_shelter_distance_m": 68.9112, "shelter_count_within_500m": 13.5366, "est_population": 0.0, "est_elderly": 0.0, "shelter_capacity_within_500m": 1968.5, "building_form_group": "no_building", "dong_name": "창2동", "top1_feature": "impervious_ratio", "top1_shap": 0.8555, "top2_feature": "built_surface_ratio", "top2_shap": 0.8118, "top3_feature": "green_ratio", "top3_shap": 0.3089, "priority_score": 52.8846, "priority_rank": 188 }, "geometry": { "type": "Polygon", "coordinates": [ [ [ 127.032426503756213, 37.6430530901103 ], [ 127.032434250601597, 37.64181711875478 ], [ 127.03241843, 37.64183362 ], [ 127.032408350000011, 37.64184067 ], [ 127.032394540000013, 37.64185053 ], [ 127.032386750000015, 37.64185615 ], [ 127.03237614, 37.64186376 ], [ 127.03233861, 37.64189052 ], [ 127.032300210000017, 37.64191784 ], [ 127.032272780000014, 37.64193784 ], [ 127.03224464, 37.6419584 ], [ 127.03222447, 37.64197304 ], [ 127.0321165, 37.64205022 ], [ 127.032046240000014, 37.6421012 ], [ 127.03194872, 37.64217245 ], [ 127.0308565, 37.64286958 ], [ 127.030579373687786, 37.643045754912393 ], [ 127.032426503756213, 37.6430530901103 ] ] ] } },
{ "type": "Feature", "properties": { "display_grid_id": "11320_00024", "gu_code": 11320, "gu_name": "도봉구", "source_cell_count": 15, "area_m2": 58291.61, "mean_actual_lst": 40.3727, "mean_actual_anomaly": 4.3127, "seoul_anomaly": 1.7212, "pred_anomaly": 2.5945, "pred_anomaly_std": 0.9157, "green_delta_c": -0.6905, "building_ratio": 0.2689, "green_ratio": 0.2659, "ndvi": 0.221, "impervious_ratio": 0.4306, "built_surface_ratio": 0.4306, "avg_ground_floor_count": 11.9133, "elevation_m": 35.6894, "albedo": 0.0946, "nearest_park_distance_m": 174.4813, "park_area_within_500m": 122330.6069, "nearest_stream_distance_m": 117.6153, "est_population_density": 16.3853, "dong_elderly_ratio": 0.2114, "dong_avg_age": 45.1, "dong_pop_density": 42879.7, "nearest_shelter_distance_m": 77.1377, "shelter_count_within_500m": 14.4271, "est_population": 1.0, "est_elderly": 0.2, "shelter_capacity_within_500m": 5281.3, "building_form_group": "high_floor_low_density", "dong_name": "창2동", "top1_feature": "built_surface_ratio", "top1_shap": 0.61, "top2_feature": "impervious_ratio", "top2_shap": 0.5888, "top3_feature": "building_ratio", "top3_shap": 0.3579, "priority_score": 53.5513, "priority_rank": 180 }, "geometry": { "type": "Polygon", "coordinates": [ [ [ 127.032426503756213, 37.6430530901103 ], [ 127.035260196768192, 37.643064286863577 ], [ 127.035274234026076, 37.64081099881853 ], [ 127.033198396819756, 37.64080280365792 ], [ 127.03319784, 37.64080377 ], [ 127.03318846, 37.64081926 ], [ 127.03317856, 37.64083558 ], [ 127.033172190000016, 37.64084629 ], [ 127.0331667, 37.64085502 ], [ 127.033164230000011, 37.64085924 ], [ 127.033158570000012, 37.64086854 ], [ 127.03315556, 37.6408736 ], [ 127.033151499999988, 37.64088008 ], [ 127.033148299999979, 37.64088544 ], [ 127.033137700000012, 37.64090261 ], [ 127.033128669999982, 37.64091782 ], [ 127.033122659999989, 37.64092739 ], [ 127.033100370000014, 37.64096428 ], [ 127.03309506, 37.64097329 ], [ 127.03309134, 37.64097921 ], [ 127.033068, 37.64101778 ], [ 127.03305118, 37.64104538 ], [ 127.033032780000013, 37.64107552 ], [ 127.03298396, 37.6411552 ], [ 127.032971750000016, 37.6411752 ], [ 127.032959370000015, 37.64119548 ], [ 127.032948050000016, 37.64121378 ], [ 127.03291549, 37.64126729 ], [ 127.032884540000012, 37.64131825 ], [ 127.03283712, 37.64139682 ], [ 127.03283058, 37.64140752 ], [ 127.03282332, 37.64141485 ], [ 127.0328012, 37.64143766 ], [ 127.03275873, 37.64148187 ], [ 127.032722100000015, 37.64151932 ], [ 127.032641060000017, 37.64160353 ], [ 127.03259805, 37.64164803 ], [ 127.03255169000002, 37.64169563 ], [ 127.03244516, 37.64180574 ], [ 127.032434250601597, 37.64181711875478 ], [ 127.032426503756213, 37.6430530901103 ] ] ] } },
{ "type": "Feature", "properties": { "display_grid_id": "11320_00025", "gu_code": 11320, "gu_name": "도봉구", "source_cell_count": 10, "area_m2": 62500.0, "mean_actual_lst": 41.0296, "mean_actual_anomaly": 4.8704, "seoul_anomaly": 2.2789, "pred_anomaly": 3.4959, "pred_anomaly_std": 0.9155, "green_delta_c": -0.3795, "building_ratio": 0.3384, "green_ratio": 0.2209, "ndvi": 0.1388, "impervious_ratio": 0.4855, "built_surface_ratio": 0.4855, "avg_ground_floor_count": 6.5225, "elevation_m": 41.7501, "albedo": 0.091, "nearest_park_distance_m": 325.6856, "park_area_within_500m": 52550.3828, "nearest_stream_distance_m": 334.3696, "est_population_density": 0.0, "dong_elderly_ratio": 0.2114, "dong_avg_age": 45.1, "dong_pop_density": 42879.7, "nearest_shelter_distance_m": 100.0756, "shelter_count_within_500m": 13.88, "est_population": 0.0, "est_elderly": 0.0, "shelter_capacity_within_500m": 4533.0, "building_form_group": "high_floor_high_density", "dong_name": "창2동", "top1_feature": "built_surface_ratio", "top1_shap": 0.6344, "top2_feature": "impervious_ratio", "top2_shap": 0.5953, "top3_feature": "building_ratio", "top3_shap": 0.3592, "priority_score": 45.5705, "priority_rank": 242 }, "geometry": { "type": "Polygon", "coordinates": [ [ [ 127.035274234026076, 37.64081099881853 ], [ 127.035260196768192, 37.643064286863577 ], [ 127.038093891343991, 37.643075415557789 ], [ 127.03810784301885, 37.640822126613457 ], [ 127.035274234026076, 37.64081099881853 ] ] ] } },
{ "type": "Feature", "properties": { "display_grid_id": "11320_00026", "gu_code": 11320, "gu_name": "도봉구", "source_cell_count": 11, "area_m2": 62500.0, "mean_actual_lst": 41.6646, "mean_actual_anomaly": 5.0691, "seoul_anomaly": 2.4776, "pred_anomaly": 4.398, "pred_anomaly_std": 0.8446, "green_delta_c": -0.1635, "building_ratio": 0.4074, "green_ratio": 0.2085, "ndvi": 0.1028, "impervious_ratio": 0.4802, "built_surface_ratio": 0.4802, "avg_ground_floor_count": 4.2292, "elevation_m": 42.7669, "albedo": 0.1, "nearest_park_distance_m": 163.9176, "park_area_within_500m": 22669.6356, "nearest_stream_distance_m": 553.9824, "est_population_density": 5520.8, "dong_elderly_ratio": 0.2139, "dong_avg_age": 45.268, "dong_pop_density": 41065.476, "nearest_shelter_distance_m": 90.7868, "shelter_count_within_500m": 10.6, "est_population": 345.0, "est_elderly": 75.0, "shelter_capacity_within_500m": 4017.5, "building_form_group": "low_floor_high_density", "dong_name": "창2동", "top1_feature": "building_ratio", "top1_shap": 0.7069, "top2_feature": "built_surface_ratio", "top2_shap": 0.6556, "top3_feature": "ndvi", "top3_shap": 0.381, "priority_score": 51.9295, "priority_rank": 199 }, "geometry": { "type": "Polygon", "coordinates": [ [ [ 127.03810784301885, 37.640822126613457 ], [ 127.038093891343991, 37.643075415557789 ], [ 127.040927587474116, 37.643086476192842 ], [ 127.040941453565708, 37.640833186354726 ], [ 127.03810784301885, 37.640822126613457 ] ] ] } },
{ "type": "Feature", "properties": { "display_grid_id": "11320_00027", "gu_code": 11320, "gu_name": "도봉구", "source_cell_count": 16, "area_m2": 62500.0, "mean_actual_lst": 35.4747, "mean_actual_anomaly": -0.73, "seoul_anomaly": -3.3215, "pred_anomaly": -0.8752, "pred_anomaly_std": 0.7738, "green_delta_c": -0.6996, "building_ratio": 0.0992, "green_ratio": 0.4921, "ndvi": 0.3821, "impervious_ratio": 0.3104, "built_surface_ratio": 0.3104, "avg_ground_floor_count": 6.0838, "elevation_m": 56.1925, "albedo": 0.1131, "nearest_park_distance_m": 75.6916, "park_area_within_500m": 22043.83, "nearest_stream_distance_m": 747.7072, "est_population_density": 14725.6, "dong_elderly_ratio": 0.2379, "dong_avg_age": 46.864, "dong_pop_density": 23830.348, "nearest_shelter_distance_m": 116.4316, "shelter_count_within_500m": 8.08, "est_population": 920.4, "est_elderly": 216.6, "shelter_capacity_within_500m": 2484.5, "building_form_group": "no_building", "dong_name": "창3동", "top1_feature": "green_ratio", "top1_shap": -0.5005, "top2_feature": "impervious_ratio", "top2_shap": 0.0628, "top3_feature": "built_surface_ratio", "top3_shap": -0.0438, "priority_score": 51.9231, "priority_rank": 200 }, "geometry": { "type": "Polygon", "coordinates": [ [ [ 127.040941453565708, 37.640833186354726 ], [ 127.040927587474116, 37.643086476192842 ], [ 127.04376128514896, 37.643097468768623 ], [ 127.043775065657186, 37.640844178042194 ], [ 127.040941453565708, 37.640833186354726 ] ] ] } },
{ "type": "Feature", "properties": { "display_grid_id": "11320_00028", "gu_code": 11320, "gu_name": "도봉구", "source_cell_count": 14, "area_m2": 62313.54, "mean_actual_lst": 31.0252, "mean_actual_anomaly": -5.3385, "seoul_anomaly": -7.9301, "pred_anomaly": -4.7672, "pred_anomaly_std": 0.6149, "green_delta_c": -0.693, "building_ratio": 0.0, "green_ratio": 0.8077, "ndvi": 0.5517, "impervious_ratio": 0.0465, "built_surface_ratio": 0.0465, "avg_ground_floor_count": 0.0, "elevation_m": 75.0167, "albedo": 0.1119, "nearest_park_distance_m": 259.5256, "park_area_within_500m": 21937.906, "nearest_stream_distance_m": 808.0471, "est_population_density": 0.0, "dong_elderly_ratio": 0.2251, "dong_avg_age": 45.6811, "dong_pop_density": 20808.7257, "nearest_shelter_distance_m": 259.6071, "shelter_count_within_500m": 5.8395, "est_population": 0.0, "est_elderly": 0.0, "shelter_capacity_within_500m": 1814.9, "building_form_group": "no_building", "dong_name": "창1동", "top1_feature": "built_surface_ratio", "top1_shap": -1.5033, "top2_feature": "impervious_ratio", "top2_shap": -1.3442, "top3_feature": "green_ratio", "top3_shap": -0.7743, "priority_score": 34.8526, "priority_rank": 293 }, "geometry": { "type": "Polygon", "coordinates": [ [ [ 127.043775065657186, 37.640844178042194 ], [ 127.04376128514896, 37.643097468768623 ], [ 127.046594984359061, 37.643108393284976 ], [ 127.046606863270981, 37.641153913438941 ], [ 127.046586600000012, 37.64114122 ], [ 127.046569419999983, 37.6411173 ], [ 127.046524410000018, 37.64105453 ], [ 127.04652225, 37.6409999 ], [ 127.04654788, 37.64092669 ], [ 127.046543799992605, 37.640854852326214 ], [ 127.043775065657186, 37.640844178042194 ] ] ] } },
{ "type": "Feature", "properties": { "display_grid_id": "11320_00029", "gu_code": 11320, "gu_name": "도봉구", "source_cell_count": 15, "area_m2": 40708.48, "mean_actual_lst": 31.012, "mean_actual_anomaly": -4.8856, "seoul_anomaly": -7.4771, "pred_anomaly": -4.2105, "pred_anomaly_std": 0.648, "green_delta_c": -0.8682, "building_ratio": 0.0, "green_ratio": 0.7888, "ndvi": 0.5471, "impervious_ratio": 0.066, "built_surface_ratio": 0.066, "avg_ground_floor_count": 0.0, "elevation_m": 54.3722, "albedo": 0.1213, "nearest_park_distance_m": 486.8576, "park_area_within_500m": 5348.6448, "nearest_stream_distance_m": 604.7571, "est_population_density": 0.0, "dong_elderly_ratio": 0.2239, "dong_avg_age": 45.4388, "dong_pop_density": 20138.3803, "nearest_shelter_distance_m": 341.2173, "shelter_count_within_500m": 5.3087, "est_population": 0.0, "est_elderly": 0.0, "shelter_capacity_within_500m": 1647.0, "building_form_group": "no_building", "dong_name": "창1동", "top1_feature": "built_surface_ratio", "top1_shap": -1.2691, "top2_feature": "impervious_ratio", "top2_shap": -1.06, "top3_feature": "green_ratio", "top3_shap": -0.8276, "priority_score": 42.3526, "priority_rank": 261 }, "geometry": { "type": "Polygon", "coordinates": [ [ [ 127.046594984359061, 37.643108393284976 ], [ 127.049428685094824, 37.643119249741837 ], [ 127.049430024206771, 37.642897544750696 ], [ 127.04941354, 37.64286266 ], [ 127.04940249, 37.64275821 ], [ 127.049381940000018, 37.6427281 ], [ 127.049285770000012, 37.64267689 ], [ 127.04911012, 37.64233938 ], [ 127.04906186, 37.64218003 ], [ 127.0490367, 37.64214711 ], [ 127.04875879, 37.64193549 ], [ 127.04870372, 37.64191608 ], [ 127.04853657, 37.64187053 ], [ 127.048487330000015, 37.6418455 ], [ 127.04802296, 37.64155709 ], [ 127.04785684, 37.64144566 ], [ 127.047786, 37.64140401 ], [ 127.0478103, 37.64120804 ], [ 127.04781171, 37.64119819 ], [ 127.04757166, 37.64120335 ], [ 127.04674952, 37.64122309 ], [ 127.04671731000002, 37.6412231 ], [ 127.046606863270981, 37.641153913438941 ], [ 127.046594984359061, 37.643108393284976 ] ] ] } },
{ "type": "Feature", "properties": { "display_grid_id": "11320_00030", "gu_code": 11320, "gu_name": "도봉구", "source_cell_count": 6, "area_m2": 438.34, "mean_actual_lst": 36.4916, "mean_actual_anomaly": 0.3037, "seoul_anomaly": -2.2878, "pred_anomaly": 0.9073, "pred_anomaly_std": 0.8895, "green_delta_c": -0.6718, "building_ratio": 0.0, "green_ratio": 0.3662, "ndvi": 0.2488, "impervious_ratio": 0.4346, "built_surface_ratio": 0.4346, "avg_ground_floor_count": 0.0, "elevation_m": 30.7432, "albedo": 0.1193, "nearest_park_distance_m": 410.8606, "park_area_within_500m": 47215.6855, "nearest_stream_distance_m": 295.8964, "est_population_density": 0.0, "dong_elderly_ratio": 0.2089, "dong_avg_age": 44.9315, "dong_pop_density": 19522.9609, "nearest_shelter_distance_m": 148.5853, "shelter_count_within_500m": 7.4738, "est_population": 0.0, "est_elderly": 0.0, "shelter_capacity_within_500m": 212.0, "building_form_group": "no_building", "dong_name": "창4동", "top1_feature": "built_surface_ratio", "top1_shap": 0.5811, "top2_feature": "impervious_ratio", "top2_shap": 0.8397, "top3_feature": "building_ratio", "top3_shap": -0.4595, "priority_score": 42.4936, "priority_rank": 259 }, "geometry": { "type": "MultiPolygon", "coordinates": [ [ [ [ 127.052264636817839, 37.642755254560385 ], [ 127.05226291, 37.64275843 ], [ 127.05225901, 37.64276546 ], [ 127.05225672, 37.64276969 ], [ 127.05225389, 37.64277476 ], [ 127.05224999, 37.64278179 ], [ 127.05224646, 37.64278799 ], [ 127.05224399, 37.64279278 ], [ 127.05223303, 37.6428125 ], [ 127.052227189999982, 37.64282319 ], [ 127.05222453, 37.6428277 ], [ 127.05222117, 37.64283362 ], [ 127.05221641, 37.642842070000015 ], [ 127.052208440000015, 37.64285615 ], [ 127.05220597, 37.64286065000001 ], [ 127.05220173, 37.64286966 ], [ 127.052131919999979, 37.64304961 ], [ 127.05209868, 37.64311776 ], [ 127.052093200000016, 37.6431293 ], [ 127.052093153394608, 37.643129395747088 ], [ 127.052262387346772, 37.643130038139056 ], [ 127.052264636817839, 37.642755254560385 ] ] ], [ [ [ 127.049534979391154, 37.643119655651404 ], [ 127.049430024206771, 37.642897544750696 ], [ 127.049428685094824, 37.643119249741837 ], [ 127.049534979391154, 37.643119655651404 ] ] ] ] } },
{ "type": "Feature", "properties": { "display_grid_id": "11320_00031", "gu_code": 11320, "gu_name": "도봉구", "source_cell_count": 13, "area_m2": 49511.71, "mean_actual_lst": 38.1336, "mean_actual_anomaly": 1.8892, "seoul_anomaly": -0.7023, "pred_anomaly": 2.0307, "pred_anomaly_std": 0.8968, "green_delta_c": -0.5733, "building_ratio": 0.0601, "green_ratio": 0.2365, "ndvi": 0.2205, "impervious_ratio": 0.5612, "built_surface_ratio": 0.5612, "avg_ground_floor_count": 3.2883, "elevation_m": 22.4989, "albedo": 0.1353, "nearest_park_distance_m": 185.3884, "park_area_within_500m": 145192.2669, "nearest_stream_distance_m": 71.2518, "est_population_density": 3328.5033, "dong_elderly_ratio": 0.1929, "dong_avg_age": 44.3, "dong_pop_density": 21972.2, "nearest_shelter_distance_m": 159.616, "shelter_count_within_500m": 6.6669, "est_population": 164.8, "est_elderly": 31.8, "shelter_capacity_within_500m": 967.4, "building_form_group": "low_floor_low_density", "dong_name": "창4동", "top1_feature": "built_surface_ratio", "top1_shap": 0.8475, "top2_feature": "impervious_ratio", "top2_shap": 0.8312, "top3_feature": "green_ratio", "top3_shap": 0.3548, "priority_score": 53.5769, "priority_rank": 179 }, "geometry": { "type": "Polygon", "coordinates": [ [ [ 127.055109529278155, 37.640887464251946 ], [ 127.05383868010459, 37.640882665094431 ], [ 127.05383423, 37.64088568 ], [ 127.053812109999981, 37.64090032 ], [ 127.053803269999989, 37.64090625 ], [ 127.05377477, 37.64092456 ], [ 127.053750890000018, 37.64094006 ], [ 127.05371267000001, 37.64096428 ], [ 127.05369762, 37.64097415 ], [ 127.0536916, 37.64097921 ], [ 127.05359006, 37.64109695 ], [ 127.05358493, 37.64109977 ], [ 127.05357998, 37.64110371000001 ], [ 127.05356548, 37.64111526 ], [ 127.053508329999985, 37.64116597 ], [ 127.05339226000001, 37.6412702 ], [ 127.053150590000016, 37.64150005 ], [ 127.05296783, 37.64167413 ], [ 127.05285851, 37.64179693 ], [ 127.05285179, 37.64180651 ], [ 127.05267549, 37.64210982 ], [ 127.05266966, 37.64211968 ], [ 127.05265604, 37.64214024000001 ], [ 127.05262703, 37.64217995 ], [ 127.05258317, 37.64223995 ], [ 127.05257645, 37.64224924 ], [ 127.052570250000016, 37.64225796 ], [ 127.052541419999983, 37.64229909 ], [ 127.052534179999981, 37.64230895 ], [ 127.05250075, 37.64235344 ], [ 127.052496320000017, 37.64235852 ], [ 127.05242982, 37.64244442 ], [ 127.05242469, 37.64245118 ], [ 127.05241495, 37.6424647 ], [ 127.05239958, 37.64249764 ], [ 127.05232743, 37.64261424 ], [ 127.0523246, 37.64262015 ], [ 127.05230181, 37.64267985 ], [ 127.05229261, 37.64270491 ], [ 127.052289069999986, 37.64271111 ], [ 127.05228607, 37.64271647 ], [ 127.05228254, 37.64272294 ], [ 127.05227211, 37.64274153 ], [ 127.0522698, 37.64274576 ], [ 127.052264636817839, 37.642755254560385 ], [ 127.052262387346772, 37.643130038139056 ], [ 127.055096091105341, 37.643140758476548 ], [ 127.055096519547718, 37.643068921742056 ], [ 127.055071899999987, 37.64289346000001 ], [ 127.055056420000014, 37.6427845 ], [ 127.055050900000012, 37.64274706 ], [ 127.05500536, 37.64243314 ], [ 127.054994150000013, 37.64235544 ], [ 127.05503533, 37.64201671 ], [ 127.05504449, 37.64194491 ], [ 127.055106078599849, 37.641466093252177 ], [ 127.055109529278155, 37.640887464251946 ] ] ] } },
{ "type": "Feature", "properties": { "display_grid_id": "11320_00032", "gu_code": 11320, "gu_name": "도봉구", "source_cell_count": 4, "area_m2": 963.77, "mean_actual_lst": 37.1405, "mean_actual_anomaly": 0.8409, "seoul_anomaly": -1.7506, "pred_anomaly": -0.1679, "pred_anomaly_std": 0.9233, "green_delta_c": -0.3826, "building_ratio": 0.0, "green_ratio": 0.3276, "ndvi": 0.2465, "impervious_ratio": 0.2735, "built_surface_ratio": 0.2735, "avg_ground_floor_count": 0.0, "elevation_m": 20.0135, "albedo": 0.1346, "nearest_park_distance_m": 104.5509, "park_area_within_500m": 164036.9313, "nearest_stream_distance_m": 0.0, "est_population_density": 0.0, "dong_elderly_ratio": 0.1929, "dong_avg_age": 44.3, "dong_pop_density": 21972.2, "nearest_shelter_distance_m": 199.5358, "shelter_count_within_500m": 6.0038, "est_population": 0.0, "est_elderly": 0.0, "shelter_capacity_within_500m": 12.0, "building_form_group": "no_building", "dong_name": "창4동", "top1_feature": "impervious_ratio", "top1_shap": 0.6286, "top2_feature": "built_surface_ratio", "top2_shap": 0.5617, "top3_feature": "building_ratio", "top3_shap": -0.5264, "priority_score": 37.7756, "priority_rank": 281 }, "geometry": { "type": "MultiPolygon", "coordinates": [ [ [ [ 127.055106078599849, 37.641466093252177 ], [ 127.05512301, 37.64133446000001 ], [ 127.055129190000017, 37.64132235 ], [ 127.055532465185664, 37.640889058365303 ], [ 127.055109529278155, 37.640887464251946 ], [ 127.055106078599849, 37.641466093252177 ] ] ], [ [ [ 127.055106604764788, 37.643140798124591 ], [ 127.055096519547718, 37.643068921742056 ], [ 127.055096091105341, 37.643140758476548 ], [ 127.055106604764788, 37.643140798124591 ] ] ] ] } },
{ "type": "Feature", "properties": { "display_grid_id": "11320_00033", "gu_code": 11320, "gu_name": "도봉구", "source_cell_count": 9, "area_m2": 20390.45, "mean_actual_lst": 41.2404, "mean_actual_anomaly": 4.9285, "seoul_anomaly": 2.337, "pred_anomaly": 3.1248, "pred_anomaly_std": 0.8388, "green_delta_c": -0.7984, "building_ratio": 0.1078, "green_ratio": 0.2304, "ndvi": 0.1951, "impervious_ratio": 0.4914, "built_surface_ratio": 0.4914, "avg_ground_floor_count": 3.228, "elevation_m": 39.9405, "albedo": 0.1244, "nearest_park_distance_m": 85.4453, "park_area_within_500m": 158778.5998, "nearest_stream_distance_m": 56.8042, "est_population_density": 9427.0342, "dong_elderly_ratio": 0.2254, "dong_avg_age": 45.7, "dong_pop_density": 32768.1, "nearest_shelter_distance_m": 89.3916, "shelter_count_within_500m": 13.2427, "est_population": 192.2, "est_elderly": 43.4, "shelter_capacity_within_500m": 2676.4, "building_form_group": "low_floor_low_density", "dong_name": "쌍문3동", "top1_feature": "built_surface_ratio", "top1_shap": 0.7354, "top2_feature": "impervious_ratio", "top2_shap": 0.7195, "top3_feature": "green_ratio", "top3_shap": 0.4784, "priority_score": 63.7949, "priority_rank": 91 }, "geometry": { "type": "Polygon", "coordinates": [ [ [ 127.029578602311304, 37.645295110660648 ], [ 127.029588816554096, 37.643675460285479 ], [ 127.02934919, 37.64382779000001 ], [ 127.029221750000019, 37.64390582 ], [ 127.029004930000013, 37.64404242 ], [ 127.0286003, 37.64430127 ], [ 127.02856224, 37.64432521 ], [ 127.028525610000017, 37.64434859 ], [ 127.028511260000016, 37.6443576 ], [ 127.02848348000002, 37.64437534 ], [ 127.02847906, 37.64437816 ], [ 127.02847463, 37.64438098 ], [ 127.028468430000018, 37.64438492 ], [ 127.028462950000019, 37.64438858 ], [ 127.02845817, 37.64439168 ], [ 127.028452500000014, 37.64439534 ], [ 127.02844667, 37.644399 ], [ 127.028433560000011, 37.64440717 ], [ 127.028421349999988, 37.64441506 ], [ 127.02840984, 37.64442238 ], [ 127.02839586, 37.64443139 ], [ 127.028350370000013, 37.64446012 ], [ 127.028277980000013, 37.64450603 ], [ 127.02827214, 37.64450969 ], [ 127.028266830000021, 37.64451307 ], [ 127.02825585, 37.64452011 ], [ 127.02824895, 37.64452462 ], [ 127.028244, 37.64452772 ], [ 127.02823815, 37.64453138 ], [ 127.02823072000001, 37.64453617 ], [ 127.02822559, 37.64453927 ], [ 127.02821285, 37.64454743 ], [ 127.02820117, 37.64455504 ], [ 127.028192669999981, 37.64456039 ], [ 127.028181690000011, 37.64456743 ], [ 127.028176030000012, 37.64457109 ], [ 127.02816257, 37.64457954 ], [ 127.02815213, 37.644586020000013 ], [ 127.02814258, 37.64459222 ], [ 127.02813302, 37.64459813 ], [ 127.02812081, 37.64460602 ], [ 127.02810858, 37.6446139 ], [ 127.028103630000018, 37.644617 ], [ 127.02809903, 37.64461981 ], [ 127.02809372, 37.6446232 ], [ 127.02807708, 37.6446339 ], [ 127.0280716, 37.64463728 ], [ 127.027544829999982, 37.64496147 ], [ 127.027410649999979, 37.6450333 ], [ 127.026854832494635, 37.645284218115172 ], [ 127.029578602311304, 37.645295110660648 ] ] ] } },
{ "type": "Feature", "properties": { "display_grid_id": "11320_00034", "gu_code": 11320, "gu_name": "도봉구", "source_cell_count": 14, "area_m2": 59440.54, "mean_actual_lst": 41.5889, "mean_actual_anomaly": 5.5627, "seoul_anomaly": 2.9712, "pred_anomaly": 4.1026, "pred_anomaly_std": 0.7943, "green_delta_c": -0.6501, "building_ratio": 0.2698, "green_ratio": 0.2234, "ndvi": 0.1459, "impervious_ratio": 0.4752, "built_surface_ratio": 0.4752, "avg_ground_floor_count": 4.8903, "elevation_m": 39.4016, "albedo": 0.1105, "nearest_park_distance_m": 24.2027, "park_area_within_500m": 174490.8115, "nearest_stream_distance_m": 134.8286, "est_population_density": 23236.248, "dong_elderly_ratio": 0.223, "dong_avg_age": 45.5991, "dong_pop_density": 34469.2285, "nearest_shelter_distance_m": 99.1677, "shelter_count_within_500m": 13.145, "est_population": 1381.2, "est_elderly": 311.1, "shelter_capacity_within_500m": 3686.5, "building_form_group": "high_floor_low_density", "dong_name": "쌍문3동", "top1_feature": "built_surface_ratio", "top1_shap": 0.6694, "top2_feature": "impervious_ratio", "top2_shap": 0.6529, "top3_feature": "building_ratio", "top3_shap": 0.2827, "priority_score": 67.4231, "priority_rank": 64 }, "geometry": { "type": "Polygon", "coordinates": [ [ [ 127.029578602311304, 37.645295110660648 ], [ 127.032412379342119, 37.645306376383211 ], [ 127.032426503756213, 37.6430530901103 ], [ 127.030579373687786, 37.643045754912393 ], [ 127.029588816554096, 37.643675460285479 ], [ 127.029578602311304, 37.645295110660648 ] ] ] } },
{ "type": "Feature", "properties": { "display_grid_id": "11320_00035", "gu_code": 11320, "gu_name": "도봉구", "source_cell_count": 14, "area_m2": 62500.0, "mean_actual_lst": 41.234, "mean_actual_anomaly": 5.0065, "seoul_anomaly": 2.4149, "pred_anomaly": 3.0514, "pred_anomaly_std": 0.9245, "green_delta_c": -0.5632, "building_ratio": 0.2837, "green_ratio": 0.2424, "ndvi": 0.1503, "impervious_ratio": 0.3724, "built_surface_ratio": 0.3724, "avg_ground_floor_count": 9.2609, "elevation_m": 39.6645, "albedo": 0.0917, "nearest_park_distance_m": 58.6256, "park_area_within_500m": 153654.8824, "nearest_stream_distance_m": 278.1384, "est_population_density": 1258.8, "dong_elderly_ratio": 0.212, "dong_avg_age": 45.124, "dong_pop_density": 42475.236, "nearest_shelter_distance_m": 109.2612, "shelter_count_within_500m": 14.16, "est_population": 78.7, "est_elderly": 17.5, "shelter_capacity_within_500m": 4426.5, "building_form_group": "high_floor_high_density", "dong_name": "창2동", "top1_feature": "built_surface_ratio", "top1_shap": 0.5692, "top2_feature": "impervious_ratio", "top2_shap": 0.4333, "top3_feature": "ndvi", "top3_shap": 0.3349, "priority_score": 56.6795, "priority_rank": 155 }, "geometry": { "type": "Polygon", "coordinates": [ [ [ 127.032426503756213, 37.6430530901103 ], [ 127.032412379342119, 37.645306376383211 ], [ 127.035246157946489, 37.645317574041322 ], [ 127.035260196768192, 37.643064286863577 ], [ 127.032426503756213, 37.6430530901103 ] ] ] } },
{ "type": "Feature", "properties": { "display_grid_id": "11320_00036", "gu_code": 11320, "gu_name": "도봉구", "source_cell_count": 15, "area_m2": 62500.0, "mean_actual_lst": 41.8974, "mean_actual_anomaly": 5.6478, "seoul_anomaly": 3.0563, "pred_anomaly": 4.6431, "pred_anomaly_std": 0.9711, "green_delta_c": -0.482, "building_ratio": 0.5101, "green_ratio": 0.2543, "ndvi": 0.1001, "impervious_ratio": 0.3553, "built_surface_ratio": 0.3553, "avg_ground_floor_count": 4.0854, "elevation_m": 42.3487, "albedo": 0.0988, "nearest_park_distance_m": 272.4872, "park_area_within_500m": 108000.7604, "nearest_stream_distance_m": 464.8532, "est_population_density": 0.0, "dong_elderly_ratio": 0.2114, "dong_avg_age": 45.1, "dong_pop_density": 42879.7, "nearest_shelter_distance_m": 112.308, "shelter_count_within_500m": 12.56, "est_population": 0.0, "est_elderly": 0.0, "shelter_capacity_within_500m": 4251.0, "building_form_group": "high_floor_high_density", "dong_name": "창2동", "top1_feature": "building_ratio", "top1_shap": 1.0179, "top2_feature": "built_surface_ratio", "top2_shap": 0.5885, "top3_feature": "ndvi", "top3_shap": 0.4669, "priority_score": 49.2372, "priority_rank": 213 }, "geometry": { "type": "Polygon", "coordinates": [ [ [ 127.035260196768192, 37.643064286863577 ], [ 127.035246157946489, 37.645317574041322 ], [ 127.038079938114862, 37.645328703634902 ], [ 127.038093891343991, 37.643075415557789 ], [ 127.035260196768192, 37.643064286863577 ] ] ] } },
{ "type": "Feature", "properties": { "display_grid_id": "11320_00037", "gu_code": 11320, "gu_name": "도봉구", "source_cell_count": 13, "area_m2": 62500.0, "mean_actual_lst": 40.7948, "mean_actual_anomaly": 4.458, "seoul_anomaly": 1.8665, "pred_anomaly": 3.8569, "pred_anomaly_std": 1.0736, "green_delta_c": -0.9677, "building_ratio": 0.4219, "green_ratio": 0.2721, "ndvi": 0.1513, "impervious_ratio": 0.349, "built_surface_ratio": 0.349, "avg_ground_floor_count": 3.1387, "elevation_m": 49.781, "albedo": 0.0995, "nearest_park_distance_m": 319.3216, "park_area_within_500m": 29023.7052, "nearest_stream_distance_m": 663.7996, "est_population_density": 3501.6, "dong_elderly_ratio": 0.2114, "dong_avg_age": 45.1, "dong_pop_density": 42879.7, "nearest_shelter_distance_m": 178.1248, "shelter_count_within_500m": 9.92, "est_population": 218.8, "est_elderly": 46.2, "shelter_capacity_within_500m": 3269.0, "building_form_group": "low_floor_high_density", "dong_name": "창2동", "top1_feature": "building_ratio", "top1_shap": 0.8196, "top2_feature": "built_surface_ratio", "top2_shap": 0.5686, "top3_feature": "ndvi", "top3_shap": 0.2379, "priority_score": 69.1026, "priority_rank": 52 }, "geometry": { "type": "Polygon", "coordinates": [ [ [ 127.038093891343991, 37.643075415557789 ], [ 127.038079938114862, 37.645328703634902 ], [ 127.040913719837718, 37.64533976516379 ], [ 127.040927587474116, 37.643086476192842 ], [ 127.038093891343991, 37.643075415557789 ] ] ] } },
{ "type": "Feature", "properties": { "display_grid_id": "11320_00038", "gu_code": 11320, "gu_name": "도봉구", "source_cell_count": 11, "area_m2": 62500.0, "mean_actual_lst": 34.595, "mean_actual_anomaly": -1.5182, "seoul_anomaly": -4.1098, "pred_anomaly": -1.5122, "pred_anomaly_std": 0.781, "green_delta_c": -0.5295, "building_ratio": 0.0617, "green_ratio": 0.5731, "ndvi": 0.4704, "impervious_ratio": 0.2705, "built_surface_ratio": 0.2705, "avg_ground_floor_count": 1.445, "elevation_m": 55.2086, "albedo": 0.1321, "nearest_park_distance_m": 289.4352, "park_area_within_500m": 17815.1148, "nearest_stream_distance_m": 890.828, "est_population_density": 1317.2, "dong_elderly_ratio": 0.2158, "dong_avg_age": 45.308, "dong_pop_density": 36681.736, "nearest_shelter_distance_m": 163.6748, "shelter_count_within_500m": 7.4, "est_population": 82.3, "est_elderly": 17.4, "shelter_capacity_within_500m": 1998.5, "building_form_group": "low_floor_low_density", "dong_name": "창2동", "top1_feature": "green_ratio", "top1_shap": -0.9215, "top2_feature": "ndvi", "top2_shap": -0.8367, "top3_feature": "built_surface_ratio", "top3_shap": 0.0827, "priority_score": 43.7564, "priority_rank": 254 }, "geometry": { "type": "Polygon", "coordinates": [ [ [ 127.040927587474116, 37.643086476192842 ], [ 127.040913719837718, 37.64533976516379 ], [ 127.043747503105521, 37.645350758627906 ], [ 127.04376128514896, 37.643097468768623 ], [ 127.040927587474116, 37.643086476192842 ] ] ] } },
{ "type": "Feature", "properties": { "display_grid_id": "11320_00039", "gu_code": 11320, "gu_name": "도봉구", "source_cell_count": 12, "area_m2": 62500.0, "mean_actual_lst": 33.4406, "mean_actual_anomaly": -2.7474, "seoul_anomaly": -5.3389, "pred_anomaly": -1.9405, "pred_anomaly_std": 0.7407, "green_delta_c": -0.6213, "building_ratio": 0.0305, "green_ratio": 0.5957, "ndvi": 0.4819, "impervious_ratio": 0.2376, "built_surface_ratio": 0.2376, "avg_ground_floor_count": 2.7413, "elevation_m": 50.4807, "albedo": 0.1214, "nearest_park_distance_m": 412.4376, "park_area_within_500m": 10822.8372, "nearest_stream_distance_m": 867.6272, "est_population_density": 1158.8, "dong_elderly_ratio": 0.2224, "dong_avg_age": 45.452, "dong_pop_density": 20900.272, "nearest_shelter_distance_m": 93.0044, "shelter_count_within_500m": 6.68, "est_population": 72.4, "est_elderly": 16.0, "shelter_capacity_within_500m": 1493.5, "building_form_group": "no_building", "dong_name": "창1동", "top1_feature": "green_ratio", "top1_shap": -0.9211, "top2_feature": "built_surface_ratio", "top2_shap": -0.0961, "top3_feature": "ndvi", "top3_shap": -0.5718, "priority_score": 41.0641, "priority_rank": 268 }, "geometry": { "type": "Polygon", "coordinates": [ [ [ 127.04376128514896, 37.643097468768623 ], [ 127.043747503105521, 37.645350758627906 ], [ 127.046581287908722, 37.645361684027122 ], [ 127.046594984359061, 37.643108393284976 ], [ 127.04376128514896, 37.643097468768623 ] ] ] } },
{ "type": "Feature", "properties": { "display_grid_id": "11320_00040", "gu_code": 11320, "gu_name": "도봉구", "source_cell_count": 10, "area_m2": 62500.0, "mean_actual_lst": 34.7163, "mean_actual_anomaly": -1.5021, "seoul_anomaly": -4.0936, "pred_anomaly": -1.097, "pred_anomaly_std": 0.8795, "green_delta_c": -0.669, "building_ratio": 0.0852, "green_ratio": 0.5191, "ndvi": 0.3826, "impervious_ratio": 0.2394, "built_surface_ratio": 0.2394, "avg_ground_floor_count": 9.5128, "elevation_m": 38.5443, "albedo": 0.1074, "nearest_park_distance_m": 585.7876, "park_area_within_500m": 35.2912, "nearest_stream_distance_m": 614.3456, "est_population_density": 25694.8, "dong_elderly_ratio": 0.2206, "dong_avg_age": 45.3, "dong_pop_density": 20961.0, "nearest_shelter_distance_m": 169.9716, "shelter_count_within_500m": 7.0, "est_population": 1605.9, "est_elderly": 354.3, "shelter_capacity_within_500m": 1936.4, "building_form_group": "high_floor_low_density", "dong_name": "창1동", "top1_feature": "green_ratio", "top1_shap": -0.575, "top2_feature": "built_surface_ratio", "top2_shap": -0.0586, "top3_feature": "ndvi", "top3_shap": -0.5146, "priority_score": 54.2692, "priority_rank": 172 }, "geometry": { "type": "Polygon", "coordinates": [ [ [ 127.046594984359061, 37.643108393284976 ], [ 127.046581287908722, 37.645361684027122 ], [ 127.0494150742378, 37.645372541361326 ], [ 127.049428685094824, 37.643119249741837 ], [ 127.046594984359061, 37.643108393284976 ] ] ] } },
{ "type": "Feature", "properties": { "display_grid_id": "11320_00041", "gu_code": 11320, "gu_name": "도봉구", "source_cell_count": 11, "area_m2": 38667.78, "mean_actual_lst": 35.9971, "mean_actual_anomaly": -0.1908, "seoul_anomaly": -2.7823, "pred_anomaly": -0.542, "pred_anomaly_std": 0.8057, "green_delta_c": -0.7642, "building_ratio": 0.0235, "green_ratio": 0.4997, "ndvi": 0.3913, "impervious_ratio": 0.3029, "built_surface_ratio": 0.3029, "avg_ground_floor_count": 1.3131, "elevation_m": 32.7923, "albedo": 0.1358, "nearest_park_distance_m": 505.0525, "park_area_within_500m": 15980.6021, "nearest_stream_distance_m": 396.029, "est_population_density": 453.2141, "dong_elderly_ratio": 0.2162, "dong_avg_age": 45.1801, "dong_pop_density": 19747.0797, "nearest_shelter_distance_m": 137.0618, "shelter_count_within_500m": 7.3571, "est_population": 17.5, "est_elderly": 3.4, "shelter_capacity_within_500m": 1797.6, "building_form_group": "no_building", "dong_name": "창1동", "top1_feature": "built_surface_ratio", "top1_shap": 0.1026, "top2_feature": "green_ratio", "top2_shap": -0.4413, "top3_feature": "ndvi", "top3_shap": -0.4416, "priority_score": 49.7244, "priority_rank": 211 }, "geometry": { "type": "Polygon", "coordinates": [ [ [ 127.049428685094824, 37.643119249741837 ], [ 127.0494150742378, 37.645372541361326 ], [ 127.052248862083232, 37.645383330630388 ], [ 127.052262387346772, 37.643130038139056 ], [ 127.052093153394608, 37.643129395747088 ], [ 127.05204193, 37.64323463 ], [ 127.05202125000001, 37.6432749 ], [ 127.052012750000017, 37.64329152 ], [ 127.052004440000019, 37.64330784 ], [ 127.0520002, 37.64331602 ], [ 127.05199561000002, 37.64332503 ], [ 127.051993309999986, 37.64332954 ], [ 127.05198677, 37.64334193 ], [ 127.05198447, 37.64334643 ], [ 127.05198111, 37.64335291 ], [ 127.0519698, 37.64337459 ], [ 127.05196254, 37.64338867 ], [ 127.05195813, 37.64339712 ], [ 127.05194327, 37.64342557 ], [ 127.05193673, 37.64343965 ], [ 127.05189557, 37.64357171000001 ], [ 127.05189309, 37.64357932 ], [ 127.051891510000019, 37.6435841 ], [ 127.05188268000002, 37.64361226 ], [ 127.05188108, 37.64361733 ], [ 127.051878789999989, 37.64362437 ], [ 127.05187225, 37.6436424 ], [ 127.05180827, 37.64379249 ], [ 127.05179112, 37.64383275 ], [ 127.05177556, 37.64386965 ], [ 127.0517372, 37.64395667 ], [ 127.051732250000015, 37.64396427 ], [ 127.05172889, 37.64396905 ], [ 127.05172623, 37.64397328 ], [ 127.05169405, 37.64402116 ], [ 127.051690510000014, 37.64402652 ], [ 127.051621890000021, 37.64413016 ], [ 127.051616769999981, 37.64415156 ], [ 127.051575650000018, 37.6443526 ], [ 127.05157265, 37.6443664 ], [ 127.05156771, 37.64438977 ], [ 127.05156507, 37.64440216 ], [ 127.05155836, 37.64443257 ], [ 127.05155588, 37.64444411 ], [ 127.05155377, 37.64445369 ], [ 127.051549699999981, 37.64447256 ], [ 127.0515467, 37.64448663 ], [ 127.051543170000016, 37.6444993 ], [ 127.05153769, 37.64450776000001 ], [ 127.05149382, 37.6445638 ], [ 127.051480380000015, 37.64458099 ], [ 127.051459500000021, 37.64460774 ], [ 127.05143138, 37.644643790000011 ], [ 127.05141758000002, 37.6446621 ], [ 127.05135288000001, 37.64481557 ], [ 127.051240980000017, 37.64478268 ], [ 127.05123, 37.64477959 ], [ 127.051209279999981, 37.6447734 ], [ 127.05116642, 37.64476047 ], [ 127.05111384, 37.64475035 ], [ 127.051093120000019, 37.64474641 ], [ 127.05106851, 37.64473939 ], [ 127.05105186, 37.64473461 ], [ 127.051031400000014, 37.64472889 ], [ 127.0509573, 37.64470819 ], [ 127.05092525, 37.64470003 ], [ 127.05073374, 37.64478373 ], [ 127.05053, 37.64481957 ], [ 127.050482369999983, 37.64482805 ], [ 127.05046715, 37.644831430000011 ], [ 127.050352979999985, 37.64460933 ], [ 127.05035527, 37.64459159 ], [ 127.0503795, 37.64454061 ], [ 127.05041063, 37.64449443 ], [ 127.05051953, 37.64425338 ], [ 127.05052428, 37.64421424 ], [ 127.050523679999984, 37.64410049 ], [ 127.05069026000001, 37.64381098 ], [ 127.05069273, 37.64380563 ], [ 127.0506017, 37.64376147 ], [ 127.05058842, 37.64375499 ], [ 127.0505507, 37.64373727 ], [ 127.05054078, 37.64373277 ], [ 127.05051263, 37.64371926 ], [ 127.05049616, 37.64371139 ], [ 127.05048925, 37.64370829 ], [ 127.05048376000002, 37.64370576 ], [ 127.05047649, 37.64370211 ], [ 127.05044479, 37.6436872 ], [ 127.0504324, 37.64368129 ], [ 127.05039804, 37.64366695 ], [ 127.05025018, 37.64360535 ], [ 127.05024292, 37.64360535 ], [ 127.0501049, 37.64362101 ], [ 127.05009846, 37.64362173 ], [ 127.04993359, 37.64354973 ], [ 127.049877460000019, 37.64353877 ], [ 127.049759019999982, 37.64352474 ], [ 127.04972042, 37.64351209 ], [ 127.049534979391154, 37.643119655651404 ], [ 127.049428685094824, 37.643119249741837 ] ] ] } },
{ "type": "Feature", "properties": { "display_grid_id": "11320_00042", "gu_code": 11320, "gu_name": "도봉구", "source_cell_count": 11, "area_m2": 62500.0, "mean_actual_lst": 37.7776, "mean_actual_anomaly": 1.6724, "seoul_anomaly": -0.9192, "pred_anomaly": 1.7724, "pred_anomaly_std": 0.8854, "green_delta_c": -0.7193, "building_ratio": 0.1289, "green_ratio": 0.2809, "ndvi": 0.2548, "impervious_ratio": 0.4017, "built_surface_ratio": 0.4017, "avg_ground_floor_count": 10.2338, "elevation_m": 28.7884, "albedo": 0.105, "nearest_park_distance_m": 236.9072, "park_area_within_500m": 165269.1616, "nearest_stream_distance_m": 130.2548, "est_population_density": 37277.6, "dong_elderly_ratio": 0.1929, "dong_avg_age": 44.3, "dong_pop_density": 21972.2, "nearest_shelter_distance_m": 136.298, "shelter_count_within_500m": 8.88, "est_population": 2329.8, "est_elderly": 449.4, "shelter_capacity_within_500m": 1267.1, "building_form_group": "high_floor_low_density", "dong_name": "창4동", "top1_feature": "impervious_ratio", "top1_shap": 0.6707, "top2_feature": "built_surface_ratio", "top2_shap": 0.6644, "top3_feature": "avg_ground_floor_count", "top3_shap": -0.1283, "priority_score": 62.1346, "priority_rank": 103 }, "geometry": { "type": "Polygon", "coordinates": [ [ [ 127.052262387346772, 37.643130038139056 ], [ 127.052248862083232, 37.645383330630388 ], [ 127.05508265143547, 37.645394051834224 ], [ 127.055096091105341, 37.643140758476548 ], [ 127.052262387346772, 37.643130038139056 ] ] ] } },
{ "type": "Feature", "properties": { "display_grid_id": "11320_00043", "gu_code": 11320, "gu_name": "도봉구", "source_cell_count": 5, "area_m2": 8457.13, "mean_actual_lst": 38.4007, "mean_actual_anomaly": 2.505, "seoul_anomaly": -0.0865, "pred_anomaly": 2.2616, "pred_anomaly_std": 0.9509, "green_delta_c": -0.4883, "building_ratio": 0.0, "green_ratio": 0.2363, "ndvi": 0.197, "impervious_ratio": 0.5128, "built_surface_ratio": 0.5128, "avg_ground_floor_count": 0.0, "elevation_m": 25.3304, "albedo": 0.1295, "nearest_park_distance_m": 126.2313, "park_area_within_500m": 264514.352, "nearest_stream_distance_m": 25.8929, "est_population_density": 0.0, "dong_elderly_ratio": 0.1929, "dong_avg_age": 44.3, "dong_pop_density": 21972.2, "nearest_shelter_distance_m": 245.0792, "shelter_count_within_500m": 9.2137, "est_population": 0.0, "est_elderly": 0.0, "shelter_capacity_within_500m": 350.8, "building_form_group": "no_building", "dong_name": "창4동", "top1_feature": "impervious_ratio", "top1_shap": 1.1316, "top2_feature": "built_surface_ratio", "top2_shap": 1.027, "top3_feature": "building_ratio", "top3_shap": -0.4159, "priority_score": 46.5, "priority_rank": 231 }, "geometry": { "type": "Polygon", "coordinates": [ [ [ 127.055096091105341, 37.643140758476548 ], [ 127.05508265143547, 37.645394051834224 ], [ 127.055780863932043, 37.645396682961099 ], [ 127.055666299999984, 37.6447064 ], [ 127.05565064, 37.64459829 ], [ 127.055228580000019, 37.64364232 ], [ 127.0552183, 37.64361868 ], [ 127.055210500000015, 37.64360094 ], [ 127.055201100000019, 37.64357955 ], [ 127.055156060000016, 37.6434754 ], [ 127.0551518, 37.64346019 ], [ 127.05514984, 37.64344893 ], [ 127.055106604764788, 37.643140798124591 ], [ 127.055096091105341, 37.643140758476548 ] ] ] } },
{ "type": "Feature", "properties": { "display_grid_id": "11320_00044", "gu_code": 11320, "gu_name": "도봉구", "source_cell_count": 10, "area_m2": 29796.56, "mean_actual_lst": 41.1049, "mean_actual_anomaly": 4.9755, "seoul_anomaly": 2.384, "pred_anomaly": 3.9244, "pred_anomaly_std": 0.8884, "green_delta_c": -0.7867, "building_ratio": 0.2168, "green_ratio": 0.218, "ndvi": 0.1572, "impervious_ratio": 0.468, "built_surface_ratio": 0.468, "avg_ground_floor_count": 3.474, "elevation_m": 38.7461, "albedo": 0.1116, "nearest_park_distance_m": 10.7625, "park_area_within_500m": 29142.8513, "nearest_stream_distance_m": 63.2133, "est_population_density": 19175.6537, "dong_elderly_ratio": 0.226, "dong_avg_age": 45.7, "dong_pop_density": 31644.1975, "nearest_shelter_distance_m": 116.9969, "shelter_count_within_500m": 12.4921, "est_population": 571.4, "est_elderly": 128.9, "shelter_capacity_within_500m": 4015.7, "building_form_group": "low_floor_low_density", "dong_name": "쌍문3동", "top1_feature": "built_surface_ratio", "top1_shap": 0.691, "top2_feature": "impervious_ratio", "top2_shap": 0.6792, "top3_feature": "green_ratio", "top3_shap": 0.333, "priority_score": 67.9744, "priority_rank": 60 }, "geometry": { "type": "Polygon", "coordinates": [ [ [ 127.026730529672633, 37.647537060453004 ], [ 127.02674450807055, 37.645334022429978 ], [ 127.02588688, 37.64572118 ], [ 127.02576972, 37.64585691 ], [ 127.02576175, 37.64586592 ], [ 127.02575326, 37.64587578 ], [ 127.02574318, 37.64588733 ], [ 127.025721579999981, 37.6459121 ], [ 127.02567026, 37.645970400000024 ], [ 127.025580010000013, 37.6460836 ], [ 127.02548302, 37.64620441 ], [ 127.025346570000011, 37.64637506 ], [ 127.025332410000019, 37.6463928 ], [ 127.025329049999982, 37.64639702 ], [ 127.02531294, 37.64641758 ], [ 127.0252979, 37.64643673 ], [ 127.02528604, 37.64645137 ], [ 127.025275080000014, 37.64646545 ], [ 127.0252142, 37.64654346 ], [ 127.025170840000015, 37.64659865 ], [ 127.02514712, 37.64662878 ], [ 127.02512164, 37.64666145 ], [ 127.02509367, 37.64669805 ], [ 127.02508502, 37.64670929 ], [ 127.025082, 37.6467141 ], [ 127.02506677, 37.64673747 ], [ 127.025032620000019, 37.64679126 ], [ 127.02500732, 37.6468304 ], [ 127.02498396, 37.64686842 ], [ 127.02497547, 37.646881090000015 ], [ 127.024872290000019, 37.64704582 ], [ 127.0247854, 37.64718464 ], [ 127.02473957, 37.64725785000001 ], [ 127.02473267, 37.64726884000001 ], [ 127.024691620000013, 37.647333890000013 ], [ 127.02468224, 37.64734318 ], [ 127.023912360526523, 37.647525721001998 ], [ 127.026730529672633, 37.647537060453004 ] ] ] } },
{ "type": "Feature", "properties": { "display_grid_id": "11320_00045", "gu_code": 11320, "gu_name": "도봉구", "source_cell_count": 12, "area_m2": 62472.95, "mean_actual_lst": 40.5152, "mean_actual_anomaly": 4.3858, "seoul_anomaly": 1.7943, "pred_anomaly": 2.9519, "pred_anomaly_std": 0.894, "green_delta_c": -0.7082, "building_ratio": 0.2648, "green_ratio": 0.2483, "ndvi": 0.2209, "impervious_ratio": 0.4531, "built_surface_ratio": 0.4531, "avg_ground_floor_count": 7.0887, "elevation_m": 43.7706, "albedo": 0.1168, "nearest_park_distance_m": 76.0961, "park_area_within_500m": 110571.0515, "nearest_stream_distance_m": 160.8504, "est_population_density": 41424.4916, "dong_elderly_ratio": 0.2254, "dong_avg_age": 45.7, "dong_pop_density": 32768.1, "nearest_shelter_distance_m": 80.4658, "shelter_count_within_500m": 13.0, "est_population": 2587.9, "est_elderly": 583.4, "shelter_capacity_within_500m": 4987.0, "building_form_group": "high_floor_low_density", "dong_name": "쌍문3동", "top1_feature": "built_surface_ratio", "top1_shap": 0.6242, "top2_feature": "impervious_ratio", "top2_shap": 0.608, "top3_feature": "building_ratio", "top3_shap": 0.2665, "priority_score": 67.0577, "priority_rank": 70 }, "geometry": { "type": "Polygon", "coordinates": [ [ [ 127.026730529672633, 37.647537060453004 ], [ 127.02956439072193, 37.647548395155809 ], [ 127.029578602311304, 37.645295110660648 ], [ 127.026854832494635, 37.645284218115172 ], [ 127.02674450807055, 37.645334022429978 ], [ 127.026730529672633, 37.647537060453004 ] ] ] } },
{ "type": "Feature", "properties": { "display_grid_id": "11320_00046", "gu_code": 11320, "gu_name": "도봉구", "source_cell_count": 14, "area_m2": 62500.0, "mean_actual_lst": 41.6377, "mean_actual_anomaly": 5.4656, "seoul_anomaly": 2.8741, "pred_anomaly": 3.7646, "pred_anomaly_std": 0.8625, "green_delta_c": -0.7964, "building_ratio": 0.2901, "green_ratio": 0.2474, "ndvi": 0.1648, "impervious_ratio": 0.371, "built_surface_ratio": 0.371, "avg_ground_floor_count": 6.5658, "elevation_m": 43.7723, "albedo": 0.1017, "nearest_park_distance_m": 100.82, "park_area_within_500m": 196382.7128, "nearest_stream_distance_m": 315.992, "est_population_density": 38266.0, "dong_elderly_ratio": 0.2254, "dong_avg_age": 45.7, "dong_pop_density": 32768.1, "nearest_shelter_distance_m": 138.6932, "shelter_count_within_500m": 13.44, "est_population": 2391.6, "est_elderly": 539.1, "shelter_capacity_within_500m": 4132.5, "building_form_group": "high_floor_low_density", "dong_name": "쌍문3동", "top1_feature": "built_surface_ratio", "top1_shap": 0.5978, "top2_feature": "impervious_ratio", "top2_shap": 0.4944, "top3_feature": "building_ratio", "top3_shap": 0.3544, "priority_score": 76.5513, "priority_rank": 11 }, "geometry": { "type": "Polygon", "coordinates": [ [ [ 127.029578602311304, 37.645295110660648 ], [ 127.02956439072193, 37.647548395155809 ], [ 127.032398253354458, 37.647559661788769 ], [ 127.032412379342119, 37.645306376383211 ], [ 127.029578602311304, 37.645295110660648 ] ] ] } },
{ "type": "Feature", "properties": { "display_grid_id": "11320_00047", "gu_code": 11320, "gu_name": "도봉구", "source_cell_count": 11, "area_m2": 62500.0, "mean_actual_lst": 41.7681, "mean_actual_anomaly": 5.4461, "seoul_anomaly": 2.8546, "pred_anomaly": 3.8821, "pred_anomaly_std": 0.9619, "green_delta_c": -0.7893, "building_ratio": 0.3404, "green_ratio": 0.2673, "ndvi": 0.121, "impervious_ratio": 0.2854, "built_surface_ratio": 0.2854, "avg_ground_floor_count": 4.9978, "elevation_m": 46.8159, "albedo": 0.0975, "nearest_park_distance_m": 10.9696, "park_area_within_500m": 207081.9368, "nearest_stream_distance_m": 464.1752, "est_population_density": 15002.0, "dong_elderly_ratio": 0.2179, "dong_avg_age": 45.348, "dong_pop_density": 35732.532, "nearest_shelter_distance_m": 110.2372, "shelter_count_within_500m": 11.68, "est_population": 937.6, "est_elderly": 207.3, "shelter_capacity_within_500m": 3122.5, "building_form_group": "high_floor_high_density", "dong_name": "창2동", "top1_feature": "ndvi", "top1_shap": 0.5958, "top2_feature": "built_surface_ratio", "top2_shap": 0.5318, "top3_feature": "building_ratio", "top3_shap": 0.4542, "priority_score": 67.8846, "priority_rank": 61 }, "geometry": { "type": "Polygon", "coordinates": [ [ [ 127.032412379342119, 37.645306376383211 ], [ 127.032398253354458, 37.647559661788769 ], [ 127.035232117560767, 37.647570860351792 ], [ 127.035246157946489, 37.645317574041322 ], [ 127.032412379342119, 37.645306376383211 ] ] ] } },
{ "type": "Feature", "properties": { "display_grid_id": "11320_00048", "gu_code": 11320, "gu_name": "도봉구", "source_cell_count": 15, "area_m2": 62500.0, "mean_actual_lst": 41.2943, "mean_actual_anomaly": 5.2052, "seoul_anomaly": 2.6136, "pred_anomaly": 4.359, "pred_anomaly_std": 0.9572, "green_delta_c": -1.0307, "building_ratio": 0.4832, "green_ratio": 0.2978, "ndvi": 0.1159, "impervious_ratio": 0.2055, "built_surface_ratio": 0.2055, "avg_ground_floor_count": 3.9964, "elevation_m": 46.4303, "albedo": 0.0994, "nearest_park_distance_m": 174.0864, "park_area_within_500m": 169222.1796, "nearest_stream_distance_m": 629.7708, "est_population_density": 27316.8, "dong_elderly_ratio": 0.2151, "dong_avg_age": 45.18, "dong_pop_density": 34112.22, "nearest_shelter_distance_m": 91.6248, "shelter_count_within_500m": 7.04, "est_population": 1707.3, "est_elderly": 371.5, "shelter_capacity_within_500m": 2011.5, "building_form_group": "high_floor_high_density", "dong_name": "창2동", "top1_feature": "building_ratio", "top1_shap": 1.0589, "top2_feature": "ndvi", "top2_shap": 0.6116, "top3_feature": "built_surface_ratio", "top3_shap": 0.4043, "priority_score": 71.8975, "priority_rank": 36 }, "geometry": { "type": "Polygon", "coordinates": [ [ [ 127.035246157946489, 37.645317574041322 ], [ 127.035232117560767, 37.647570860351792 ], [ 127.038065983331251, 37.647581990844756 ], [ 127.038079938114862, 37.645328703634902 ], [ 127.035246157946489, 37.645317574041322 ] ] ] } },
{ "type": "Feature", "properties": { "display_grid_id": "11320_00049", "gu_code": 11320, "gu_name": "도봉구", "source_cell_count": 14, "area_m2": 62500.0, "mean_actual_lst": 39.6334, "mean_actual_anomaly": 3.4705, "seoul_anomaly": 0.879, "pred_anomaly": 2.6238, "pred_anomaly_std": 0.9071, "green_delta_c": -0.7501, "building_ratio": 0.2962, "green_ratio": 0.3092, "ndvi": 0.244, "impervious_ratio": 0.3563, "built_surface_ratio": 0.3563, "avg_ground_floor_count": 3.2693, "elevation_m": 49.2984, "albedo": 0.1075, "nearest_park_distance_m": 316.5976, "park_area_within_500m": 65339.4604, "nearest_stream_distance_m": 801.5796, "est_population_density": 9788.0, "dong_elderly_ratio": 0.2166, "dong_avg_age": 45.212, "dong_pop_density": 30605.228, "nearest_shelter_distance_m": 215.2144, "shelter_count_within_500m": 7.92, "est_population": 611.8, "est_elderly": 133.2, "shelter_capacity_within_500m": 1963.5, "building_form_group": "low_floor_high_density", "dong_name": "창1동", "top1_feature": "ndvi", "top1_shap": -0.0688, "top2_feature": "built_surface_ratio", "top2_shap": 0.589, "top3_feature": "building_ratio", "top3_shap": 0.4297, "priority_score": 64.3718, "priority_rank": 88 }, "geometry": { "type": "Polygon", "coordinates": [ [ [ 127.038079938114862, 37.645328703634902 ], [ 127.038065983331251, 37.647581990844756 ], [ 127.040899850656402, 37.647593053267563 ], [ 127.040913719837718, 37.64533976516379 ], [ 127.038079938114862, 37.645328703634902 ] ] ] } },
{ "type": "Feature", "properties": { "display_grid_id": "11320_00050", "gu_code": 11320, "gu_name": "도봉구", "source_cell_count": 13, "area_m2": 62500.0, "mean_actual_lst": 36.7411, "mean_actual_anomaly": 0.5014, "seoul_anomaly": -2.0902, "pred_anomaly": 0.0111, "pred_anomaly_std": 0.8009, "green_delta_c": -0.4134, "building_ratio": 0.102, "green_ratio": 0.3995, "ndvi": 0.4096, "impervious_ratio": 0.4576, "built_surface_ratio": 0.4576, "avg_ground_floor_count": 3.5026, "elevation_m": 42.6152, "albedo": 0.109, "nearest_park_distance_m": 451.2192, "park_area_within_500m": 4204.8788, "nearest_stream_distance_m": 984.2496, "est_population_density": 5407.6, "dong_elderly_ratio": 0.2199, "dong_avg_age": 45.284, "dong_pop_density": 22714.496, "nearest_shelter_distance_m": 210.7236, "shelter_count_within_500m": 7.72, "est_population": 338.0, "est_elderly": 74.6, "shelter_capacity_within_500m": 2039.5, "building_form_group": "low_floor_low_density", "dong_name": "창1동", "top1_feature": "ndvi", "top1_shap": -0.8955, "top2_feature": "impervious_ratio", "top2_shap": 0.5019, "top3_feature": "built_surface_ratio", "top3_shap": 0.4987, "priority_score": 48.0128, "priority_rank": 225 }, "geometry": { "type": "Polygon", "coordinates": [ [ [ 127.040913719837718, 37.64533976516379 ], [ 127.040899850656402, 37.647593053267563 ], [ 127.043733719526671, 37.647604047620071 ], [ 127.043747503105521, 37.645350758627906 ], [ 127.040913719837718, 37.64533976516379 ] ] ] } },
{ "type": "Feature", "properties": { "display_grid_id": "11320_00051", "gu_code": 11320, "gu_name": "도봉구", "source_cell_count": 14, "area_m2": 62500.0, "mean_actual_lst": 35.5342, "mean_actual_anomaly": -0.5242, "seoul_anomaly": -3.1158, "pred_anomaly": -0.2686, "pred_anomaly_std": 0.864, "green_delta_c": -0.452, "building_ratio": 0.0755, "green_ratio": 0.4593, "ndvi": 0.4205, "impervious_ratio": 0.4005, "built_surface_ratio": 0.4005, "avg_ground_floor_count": 3.7651, "elevation_m": 39.1768, "albedo": 0.1378, "nearest_park_distance_m": 598.148, "park_area_within_500m": 236.3612, "nearest_stream_distance_m": 875.3816, "est_population_density": 4543.6, "dong_elderly_ratio": 0.2206, "dong_avg_age": 45.3, "dong_pop_density": 20961.0, "nearest_shelter_distance_m": 153.138, "shelter_count_within_500m": 8.12, "est_population": 284.0, "est_elderly": 62.6, "shelter_capacity_within_500m": 1917.5, "building_form_group": "no_building", "dong_name": "창1동", "top1_feature": "ndvi", "top1_shap": -0.9202, "top2_feature": "green_ratio", "top2_shap": -0.5576, "top3_feature": "built_surface_ratio", "top3_shap": 0.3979, "priority_score": 44.8974, "priority_rank": 245 }, "geometry": { "type": "Polygon", "coordinates": [ [ [ 127.043747503105521, 37.645350758627906 ], [ 127.043733719526671, 37.647604047620071 ], [ 127.046567589932536, 37.647614973902186 ], [ 127.046581287908722, 37.645361684027122 ], [ 127.043747503105521, 37.645350758627906 ] ] ] } },
{ "type": "Feature", "properties": { "display_grid_id": "11320_00052", "gu_code": 11320, "gu_name": "도봉구", "source_cell_count": 12, "area_m2": 62500.0, "mean_actual_lst": 36.9978, "mean_actual_anomaly": 0.8203, "seoul_anomaly": -1.7712, "pred_anomaly": 0.8062, "pred_anomaly_std": 0.8223, "green_delta_c": -0.6713, "building_ratio": 0.1087, "green_ratio": 0.348, "ndvi": 0.2976, "impervious_ratio": 0.4417, "built_surface_ratio": 0.4417, "avg_ground_floor_count": 7.5738, "elevation_m": 34.4258, "albedo": 0.1236, "nearest_park_distance_m": 670.9428, "park_area_within_500m": 0.0, "nearest_stream_distance_m": 631.9752, "est_population_density": 25551.6, "dong_elderly_ratio": 0.2206, "dong_avg_age": 45.3, "dong_pop_density": 20961.0, "nearest_shelter_distance_m": 93.15, "shelter_count_within_500m": 10.44, "est_population": 1597.0, "est_elderly": 352.2, "shelter_capacity_within_500m": 2973.0, "building_form_group": "high_floor_low_density", "dong_name": "창1동", "top1_feature": "built_surface_ratio", "top1_shap": 0.4988, "top2_feature": "impervious_ratio", "top2_shap": 0.4516, "top3_feature": "green_ratio", "top3_shap": -0.1542, "priority_score": 53.7307, "priority_rank": 175 }, "geometry": { "type": "Polygon", "coordinates": [ [ [ 127.046581287908722, 37.645361684027122 ], [ 127.046567589932536, 37.647614973902186 ], [ 127.049401461864434, 37.647625832113789 ], [ 127.0494150742378, 37.645372541361326 ], [ 127.046581287908722, 37.645361684027122 ] ] ] } },
{ "type": "Feature", "properties": { "display_grid_id": "11320_00053", "gu_code": 11320, "gu_name": "도봉구", "source_cell_count": 16, "area_m2": 62500.0, "mean_actual_lst": 38.2587, "mean_actual_anomaly": 2.2124, "seoul_anomaly": -0.3791, "pred_anomaly": 1.6158, "pred_anomaly_std": 0.8165, "green_delta_c": -0.5342, "building_ratio": 0.1252, "green_ratio": 0.2761, "ndvi": 0.2669, "impervious_ratio": 0.5444, "built_surface_ratio": 0.5444, "avg_ground_floor_count": 6.0396, "elevation_m": 30.4658, "albedo": 0.1281, "nearest_park_distance_m": 486.2492, "park_area_within_500m": 16468.0944, "nearest_stream_distance_m": 405.196, "est_population_density": 17502.0, "dong_elderly_ratio": 0.2051, "dong_avg_age": 44.74, "dong_pop_density": 21527.272, "nearest_shelter_distance_m": 85.0364, "shelter_count_within_500m": 7.48, "est_population": 1093.9, "est_elderly": 232.0, "shelter_capacity_within_500m": 2546.0, "building_form_group": "high_floor_low_density", "dong_name": "창4동", "top1_feature": "built_surface_ratio", "top1_shap": 0.6697, "top2_feature": "impervious_ratio", "top2_shap": 0.6002, "top3_feature": "ndvi", "top3_shap": -0.341, "priority_score": 51.5769, "priority_rank": 201 }, "geometry": { "type": "Polygon", "coordinates": [ [ [ 127.0494150742378, 37.645372541361326 ], [ 127.049401461864434, 37.647625832113789 ], [ 127.052235335312872, 37.647636622254751 ], [ 127.052248862083232, 37.645383330630388 ], [ 127.0494150742378, 37.645372541361326 ] ] ] } },
{ "type": "Feature", "properties": { "display_grid_id": "11320_00054", "gu_code": 11320, "gu_name": "도봉구", "source_cell_count": 15, "area_m2": 62500.0, "mean_actual_lst": 38.9952, "mean_actual_anomaly": 3.0928, "seoul_anomaly": 0.5013, "pred_anomaly": 2.4157, "pred_anomaly_std": 0.8184, "green_delta_c": -0.5508, "building_ratio": 0.1284, "green_ratio": 0.2521, "ndvi": 0.2036, "impervious_ratio": 0.4567, "built_surface_ratio": 0.4567, "avg_ground_floor_count": 8.2703, "elevation_m": 30.4064, "albedo": 0.106, "nearest_park_distance_m": 236.6264, "park_area_within_500m": 191252.0, "nearest_stream_distance_m": 155.194, "est_population_density": 30722.4, "dong_elderly_ratio": 0.1929, "dong_avg_age": 44.3, "dong_pop_density": 21972.2, "nearest_shelter_distance_m": 136.4228, "shelter_count_within_500m": 7.52, "est_population": 1920.2, "est_elderly": 370.3, "shelter_capacity_within_500m": 1853.0, "building_form_group": "high_floor_low_density", "dong_name": "창4동", "top1_feature": "impervious_ratio", "top1_shap": 0.7009, "top2_feature": "built_surface_ratio", "top2_shap": 0.6906, "top3_feature": "green_ratio", "top3_shap": 0.2685, "priority_score": 59.3974, "priority_rank": 130 }, "geometry": { "type": "Polygon", "coordinates": [ [ [ 127.052248862083232, 37.645383330630388 ], [ 127.052235335312872, 37.647636622254751 ], [ 127.055069210268286, 37.64764734432498 ], [ 127.05508265143547, 37.645394051834224 ], [ 127.052248862083232, 37.645383330630388 ] ] ] } },
{ "type": "Feature", "properties": { "display_grid_id": "11320_00055", "gu_code": 11320, "gu_name": "도봉구", "source_cell_count": 7, "area_m2": 16387.38, "mean_actual_lst": 38.3849, "mean_actual_anomaly": 2.5583, "seoul_anomaly": -0.0333, "pred_anomaly": 1.7003, "pred_anomaly_std": 1.0387, "green_delta_c": -0.4752, "building_ratio": 0.0, "green_ratio": 0.2756, "ndvi": 0.1686, "impervious_ratio": 0.4267, "built_surface_ratio": 0.4267, "avg_ground_floor_count": 0.0, "elevation_m": 26.2749, "albedo": 0.1228, "nearest_park_distance_m": 109.1517, "park_area_within_500m": 314220.5375, "nearest_stream_distance_m": 31.4098, "est_population_density": 0.0, "dong_elderly_ratio": 0.1929, "dong_avg_age": 44.3, "dong_pop_density": 21972.2, "nearest_shelter_distance_m": 236.3129, "shelter_count_within_500m": 7.4695, "est_population": 0.0, "est_elderly": 0.0, "shelter_capacity_within_500m": 675.1, "building_form_group": "no_building", "dong_name": "창4동", "top1_feature": "impervious_ratio", "top1_shap": 0.9833, "top2_feature": "built_surface_ratio", "top2_shap": 0.8272, "top3_feature": "building_ratio", "top3_shap": -0.5477, "priority_score": 44.4808, "priority_rank": 250 }, "geometry": { "type": "Polygon", "coordinates": [ [ [ 127.05508265143547, 37.645394051834224 ], [ 127.055069210268286, 37.64764734432498 ], [ 127.055634996620782, 37.647649476845913 ], [ 127.05566695, 37.6475532 ], [ 127.05570652, 37.6474338 ], [ 127.055776640000019, 37.64721106 ], [ 127.05582116, 37.64706632 ], [ 127.05582239, 37.64705985 ], [ 127.05582468, 37.64704887 ], [ 127.05587198, 37.64659526 ], [ 127.055871780000018, 37.64655922 ], [ 127.05587292, 37.64595134 ], [ 127.055780863932043, 37.645396682961099 ], [ 127.05508265143547, 37.645394051834224 ] ] ] } },
{ "type": "Feature", "properties": { "display_grid_id": "11320_00056", "gu_code": 11320, "gu_name": "도봉구", "source_cell_count": 3, "area_m2": 2627.45, "mean_actual_lst": 39.3679, "mean_actual_anomaly": 3.2006, "seoul_anomaly": 0.6091, "pred_anomaly": 2.1372, "pred_anomaly_std": 0.9469, "green_delta_c": -0.4092, "building_ratio": 0.0742, "green_ratio": 0.2322, "ndvi": 0.3279, "impervious_ratio": 0.623, "built_surface_ratio": 0.623, "avg_ground_floor_count": 1.0655, "elevation_m": 42.4934, "albedo": 0.1198, "nearest_park_distance_m": 60.3423, "park_area_within_500m": 90106.61, "nearest_stream_distance_m": 38.847, "est_population_density": 2095.295, "dong_elderly_ratio": 0.2349, "dong_avg_age": 45.7, "dong_pop_density": 18239.2, "nearest_shelter_distance_m": 205.4729, "shelter_count_within_500m": 5.8331, "est_population": 5.5, "est_elderly": 1.3, "shelter_capacity_within_500m": 86.1, "building_form_group": "low_floor_low_density", "dong_name": "쌍문1동", "top1_feature": "built_surface_ratio", "top1_shap": 0.8359, "top2_feature": "impervious_ratio", "top2_shap": 0.8115, "top3_feature": "ndvi", "top3_shap": -0.8031, "priority_score": 52.9359, "priority_rank": 186 }, "geometry": { "type": "Polygon", "coordinates": [ [ [ 127.015380460272709, 37.649744319938954 ], [ 127.015384054595529, 37.649191178391014 ], [ 127.015236459999983, 37.6492384 ], [ 127.01516368999998, 37.64926121 ], [ 127.01511253, 37.64927698000001 ], [ 127.01509341, 37.64928346 ], [ 127.01508681, 37.64928839 ], [ 127.01476668, 37.64957367 ], [ 127.01470407, 37.6495673 ], [ 127.014676420000015, 37.64959625 ], [ 127.014615228450182, 37.649741173848682 ], [ 127.015380460272709, 37.649744319938954 ] ] ] } },
{ "type": "Feature", "properties": { "display_grid_id": "11320_00057", "gu_code": 11320, "gu_name": "도봉구", "source_cell_count": 8, "area_m2": 26030.09, "mean_actual_lst": 40.0481, "mean_actual_anomaly": 3.9187, "seoul_anomaly": 1.3272, "pred_anomaly": 2.5389, "pred_anomaly_std": 0.9109, "green_delta_c": -0.6471, "building_ratio": 0.0643, "green_ratio": 0.2418, "ndvi": 0.2687, "impervious_ratio": 0.5844, "built_surface_ratio": 0.5844, "avg_ground_floor_count": 1.2044, "elevation_m": 42.2416, "albedo": 0.1705, "nearest_park_distance_m": 96.438, "park_area_within_500m": 89836.3111, "nearest_stream_distance_m": 61.031, "est_population_density": 2271.2251, "dong_elderly_ratio": 0.2349, "dong_avg_age": 45.7, "dong_pop_density": 18239.2, "nearest_shelter_distance_m": 151.1963, "shelter_count_within_500m": 5.5737, "est_population": 59.1, "est_elderly": 13.9, "shelter_capacity_within_500m": 694.8, "building_form_group": "low_floor_low_density", "dong_name": "쌍문1동", "top1_feature": "built_surface_ratio", "top1_shap": 0.7746, "top2_feature": "impervious_ratio", "top2_shap": 0.7654, "top3_feature": "ndvi", "top3_shap": -0.5181, "priority_score": 59.2949, "priority_rank": 132 }, "geometry": { "type": "Polygon", "coordinates": [ [ [ 127.015380460272709, 37.649744319938954 ], [ 127.018214400503894, 37.649755927857811 ], [ 127.018221581056068, 37.6486443750332 ], [ 127.01818074, 37.64863886 ], [ 127.018153469999987, 37.64863746 ], [ 127.0178006, 37.64863244 ], [ 127.017783600000016, 37.64862737 ], [ 127.01769825, 37.64857643 ], [ 127.017311050000018, 37.648648 ], [ 127.01657349, 37.64882857 ], [ 127.01655827, 37.648832229999989 ], [ 127.016506570000018, 37.64884462 ], [ 127.01647293, 37.64885251 ], [ 127.01646496, 37.64885449 ], [ 127.016447430000014, 37.64885955 ], [ 127.01639857, 37.64887364 ], [ 127.01603864, 37.64897898000001 ], [ 127.01594109, 37.64900884 ], [ 127.01576033000002, 37.64906827 ], [ 127.01565641, 37.64910404 ], [ 127.015384054595529, 37.649191178391014 ], [ 127.015380460272709, 37.649744319938954 ] ] ] } },
{ "type": "Feature", "properties": { "display_grid_id": "11320_00058", "gu_code": 11320, "gu_name": "도봉구", "source_cell_count": 6, "area_m2": 23589.61, "mean_actual_lst": 40.8932, "mean_actual_anomaly": 4.7043, "seoul_anomaly": 2.1128, "pred_anomaly": 4.0904, "pred_anomaly_std": 0.9283, "green_delta_c": -0.8724, "building_ratio": 0.3015, "green_ratio": 0.2301, "ndvi": 0.1932, "impervious_ratio": 0.5602, "built_surface_ratio": 0.5602, "avg_ground_floor_count": 1.7917, "elevation_m": 41.7224, "albedo": 0.1232, "nearest_park_distance_m": 283.1061, "park_area_within_500m": 45750.8879, "nearest_stream_distance_m": 61.6247, "est_population_density": 13028.2809, "dong_elderly_ratio": 0.2349, "dong_avg_age": 45.7, "dong_pop_density": 18239.2, "nearest_shelter_distance_m": 200.7521, "shelter_count_within_500m": 9.3348, "est_population": 307.3, "est_elderly": 72.1, "shelter_capacity_within_500m": 1396.8, "building_form_group": "low_floor_high_density", "dong_name": "쌍문1동", "top1_feature": "built_surface_ratio", "top1_shap": 0.7341, "top2_feature": "impervious_ratio", "top2_shap": 0.7099, "top3_feature": "avg_ground_floor_count", "top3_shap": 0.2347, "priority_score": 72.0769, "priority_rank": 34 }, "geometry": { "type": "Polygon", "coordinates": [ [ [ 127.018214400503894, 37.649755927857811 ], [ 127.021048342356664, 37.649767467701814 ], [ 127.021053194000757, 37.64901199385519 ], [ 127.020627540000021, 37.64907885 ], [ 127.0205985, 37.64908111 ], [ 127.020204559999982, 37.64908651 ], [ 127.02017039, 37.64908314 ], [ 127.01956783, 37.648925559999988 ], [ 127.01911331, 37.6488102 ], [ 127.01909861999998, 37.64880654 ], [ 127.018570080000018, 37.64869146 ], [ 127.018546720000018, 37.6486878 ], [ 127.01850316, 37.6486819 ], [ 127.01848793, 37.64867993 ], [ 127.0183307, 37.64865911 ], [ 127.018221581056068, 37.6486443750332 ], [ 127.018214400503894, 37.649755927857811 ] ] ] } },
{ "type": "Feature", "properties": { "display_grid_id": "11320_00059", "gu_code": 11320, "gu_name": "도봉구", "source_cell_count": 10, "area_m2": 45554.69, "mean_actual_lst": 40.4119, "mean_actual_anomaly": 4.0155, "seoul_anomaly": 1.424, "pred_anomaly": 2.9342, "pred_anomaly_std": 0.9254, "green_delta_c": -0.5602, "building_ratio": 0.1888, "green_ratio": 0.2353, "ndvi": 0.2111, "impervious_ratio": 0.536, "built_surface_ratio": 0.536, "avg_ground_floor_count": 6.1458, "elevation_m": 41.1059, "albedo": 0.1125, "nearest_park_distance_m": 332.8113, "park_area_within_500m": 14969.6099, "nearest_stream_distance_m": 83.7424, "est_population_density": 23837.6829, "dong_elderly_ratio": 0.2368, "dong_avg_age": 45.8427, "dong_pop_density": 19303.0607, "nearest_shelter_distance_m": 79.5681, "shelter_count_within_500m": 12.1568, "est_population": 1085.9, "est_elderly": 258.0, "shelter_capacity_within_500m": 3715.7, "building_form_group": "high_floor_low_density", "dong_name": "쌍문1동", "top1_feature": "built_surface_ratio", "top1_shap": 0.7147, "top2_feature": "impervious_ratio", "top2_shap": 0.6839, "top3_feature": "ndvi", "top3_shap": -0.2458, "priority_score": 58.0641, "priority_rank": 145 }, "geometry": { "type": "Polygon", "coordinates": [ [ [ 127.021048342356664, 37.649767467701814 ], [ 127.023882285821529, 37.649778939470849 ], [ 127.023896646028049, 37.647529446900386 ], [ 127.02322876, 37.6476878 ], [ 127.023182729999988, 37.64769907 ], [ 127.02293771, 37.64776979 ], [ 127.0226649, 37.64784726 ], [ 127.02263516, 37.64786134 ], [ 127.02253744, 37.64792076 ], [ 127.02250824, 37.64793879 ], [ 127.02250027, 37.6479433 ], [ 127.022213670000014, 37.6481182 ], [ 127.02220871, 37.6481213 ], [ 127.022188720000017, 37.64813368 ], [ 127.02216039, 37.64815087 ], [ 127.02214092, 37.64816298 ], [ 127.02211932, 37.64818269 ], [ 127.02176658, 37.64863239 ], [ 127.02173950000001, 37.64865802 ], [ 127.021446180000012, 37.64887458 ], [ 127.021436619999989, 37.64887993 ], [ 127.02141166, 37.64889373 ], [ 127.02116699, 37.64898922 ], [ 127.021154780000018, 37.64899373 ], [ 127.02113, 37.64899993 ], [ 127.021053194000757, 37.64901199385519 ], [ 127.021048342356664, 37.649767467701814 ] ] ] } },
{ "type": "Feature", "properties": { "display_grid_id": "11320_00060", "gu_code": 11320, "gu_name": "도봉구", "source_cell_count": 11, "area_m2": 62499.71, "mean_actual_lst": 41.3987, "mean_actual_anomaly": 5.2693, "seoul_anomaly": 2.6778, "pred_anomaly": 4.2724, "pred_anomaly_std": 0.8068, "green_delta_c": -0.6006, "building_ratio": 0.3054, "green_ratio": 0.2052, "ndvi": 0.1389, "impervious_ratio": 0.5364, "built_surface_ratio": 0.5364, "avg_ground_floor_count": 4.0527, "elevation_m": 43.082, "albedo": 0.1176, "nearest_park_distance_m": 163.2368, "park_area_within_500m": 21404.2506, "nearest_stream_distance_m": 167.5897, "est_population_density": 29691.3317, "dong_elderly_ratio": 0.2341, "dong_avg_age": 45.7, "dong_pop_density": 19401.5174, "nearest_shelter_distance_m": 67.5388, "shelter_count_within_500m": 15.2, "est_population": 1855.7, "est_elderly": 434.6, "shelter_capacity_within_500m": 5177.0, "building_form_group": "low_floor_high_density", "dong_name": "쌍문1동", "top1_feature": "built_surface_ratio", "top1_shap": 0.7163, "top2_feature": "impervious_ratio", "top2_shap": 0.6874, "top3_feature": "ndvi", "top3_shap": 0.2729, "priority_score": 66.5, "priority_rank": 73 }, "geometry": { "type": "Polygon", "coordinates": [ [ [ 127.023882285821529, 37.649778939470849 ], [ 127.026716230888908, 37.649790343164796 ], [ 127.026730529672633, 37.647537060453004 ], [ 127.023912360526523, 37.647525721001998 ], [ 127.023896646028049, 37.647529446900386 ], [ 127.023882285821529, 37.649778939470849 ] ] ] } },
{ "type": "Feature", "properties": { "display_grid_id": "11320_00061", "gu_code": 11320, "gu_name": "도봉구", "source_cell_count": 12, "area_m2": 62500.0, "mean_actual_lst": 41.4418, "mean_actual_anomaly": 5.3124, "seoul_anomaly": 2.7209, "pred_anomaly": 4.1244, "pred_anomaly_std": 0.8633, "green_delta_c": -1.0984, "building_ratio": 0.369, "green_ratio": 0.2603, "ndvi": 0.1559, "impervious_ratio": 0.3375, "built_surface_ratio": 0.3375, "avg_ground_floor_count": 4.3136, "elevation_m": 49.8977, "albedo": 0.1039, "nearest_park_distance_m": 184.2696, "park_area_within_500m": 72173.8656, "nearest_stream_distance_m": 335.4196, "est_population_density": 36261.6, "dong_elderly_ratio": 0.2273, "dong_avg_age": 45.7, "dong_pop_density": 29862.32, "nearest_shelter_distance_m": 78.2548, "shelter_count_within_500m": 15.12, "est_population": 2266.3, "est_elderly": 515.9, "shelter_capacity_within_500m": 5255.0, "building_form_group": "low_floor_high_density", "dong_name": "쌍문3동", "top1_feature": "building_ratio", "top1_shap": 0.6663, "top2_feature": "built_surface_ratio", "top2_shap": 0.565, "top3_feature": "impervious_ratio", "top3_shap": 0.4682, "priority_score": 75.4231, "priority_rank": 17 }, "geometry": { "type": "Polygon", "coordinates": [ [ [ 127.026730529672633, 37.647537060453004 ], [ 127.026716230888908, 37.649790343164796 ], [ 127.029550177549268, 37.649801678783533 ], [ 127.02956439072193, 37.647548395155809 ], [ 127.026730529672633, 37.647537060453004 ] ] ] } },
{ "type": "Feature", "properties": { "display_grid_id": "11320_00062", "gu_code": 11320, "gu_name": "도봉구", "source_cell_count": 15, "area_m2": 62500.0, "mean_actual_lst": 42.7689, "mean_actual_anomaly": 6.6395, "seoul_anomaly": 4.048, "pred_anomaly": 5.2885, "pred_anomaly_std": 0.8008, "green_delta_c": -1.1523, "building_ratio": 0.4938, "green_ratio": 0.2845, "ndvi": 0.1183, "impervious_ratio": 0.2502, "built_surface_ratio": 0.2502, "avg_ground_floor_count": 2.7191, "elevation_m": 50.3348, "albedo": 0.1055, "nearest_park_distance_m": 122.2272, "park_area_within_500m": 189069.6856, "nearest_stream_distance_m": 520.3124, "est_population_density": 32455.6, "dong_elderly_ratio": 0.2254, "dong_avg_age": 45.7, "dong_pop_density": 32768.1, "nearest_shelter_distance_m": 115.468, "shelter_count_within_500m": 12.8, "est_population": 2028.5, "est_elderly": 457.3, "shelter_capacity_within_500m": 4059.5, "building_form_group": "low_floor_high_density", "dong_name": "쌍문3동", "top1_feature": "building_ratio", "top1_shap": 1.0884, "top2_feature": "ndvi", "top2_shap": 0.627, "top3_feature": "built_surface_ratio", "top3_shap": 0.402, "priority_score": 80.4359, "priority_rank": 2 }, "geometry": { "type": "Polygon", "coordinates": [ [ [ 127.02956439072193, 37.647548395155809 ], [ 127.029550177549268, 37.649801678783533 ], [ 127.032384125793101, 37.649812946326961 ], [ 127.032398253354458, 37.647559661788769 ], [ 127.02956439072193, 37.647548395155809 ] ] ] } },
{ "type": "Feature", "properties": { "display_grid_id": "11320_00063", "gu_code": 11320, "gu_name": "도봉구", "source_cell_count": 13, "area_m2": 62500.0, "mean_actual_lst": 42.696, "mean_actual_anomaly": 6.6493, "seoul_anomaly": 4.0578, "pred_anomaly": 4.5815, "pred_anomaly_std": 0.8649, "green_delta_c": -0.6645, "building_ratio": 0.3872, "green_ratio": 0.2495, "ndvi": 0.1051, "impervious_ratio": 0.3013, "built_surface_ratio": 0.3013, "avg_ground_floor_count": 3.537, "elevation_m": 47.6665, "albedo": 0.1057, "nearest_park_distance_m": 16.2832, "park_area_within_500m": 206277.3816, "nearest_stream_distance_m": 668.8404, "est_population_density": 21091.6, "dong_elderly_ratio": 0.2246, "dong_avg_age": 45.636, "dong_pop_density": 30878.964, "nearest_shelter_distance_m": 183.812, "shelter_count_within_500m": 9.28, "est_population": 1318.2, "est_elderly": 295.7, "shelter_capacity_within_500m": 2387.0, "building_form_group": "low_floor_high_density", "dong_name": "쌍문3동", "top1_feature": "ndvi", "top1_shap": 0.6278, "top2_feature": "building_ratio", "top2_shap": 0.518, "top3_feature": "built_surface_ratio", "top3_shap": 0.4792, "priority_score": 73.1154, "priority_rank": 27 }, "geometry": { "type": "Polygon", "coordinates": [ [ [ 127.032398253354458, 37.647559661788769 ], [ 127.032384125793101, 37.649812946326961 ], [ 127.035218075610857, 37.649824145794931 ], [ 127.035232117560767, 37.647570860351792 ], [ 127.032398253354458, 37.647559661788769 ] ] ] } },
{ "type": "Feature", "properties": { "display_grid_id": "11320_00064", "gu_code": 11320, "gu_name": "도봉구", "source_cell_count": 14, "area_m2": 62500.0, "mean_actual_lst": 41.8288, "mean_actual_anomaly": 5.5963, "seoul_anomaly": 3.0048, "pred_anomaly": 4.5288, "pred_anomaly_std": 0.8085, "green_delta_c": -0.8738, "building_ratio": 0.4456, "green_ratio": 0.2667, "ndvi": 0.1022, "impervious_ratio": 0.2515, "built_surface_ratio": 0.2515, "avg_ground_floor_count": 3.068, "elevation_m": 41.4861, "albedo": 0.0972, "nearest_park_distance_m": 30.9076, "park_area_within_500m": 177625.9456, "nearest_stream_distance_m": 829.3084, "est_population_density": 24370.4, "dong_elderly_ratio": 0.2206, "dong_avg_age": 45.3, "dong_pop_density": 20961.0, "nearest_shelter_distance_m": 124.1208, "shelter_count_within_500m": 6.08, "est_population": 1523.1, "est_elderly": 336.0, "shelter_capacity_within_500m": 1326.5, "building_form_group": "low_floor_high_density", "dong_name": "창1동", "top1_feature": "building_ratio", "top1_shap": 0.9555, "top2_feature": "ndvi", "top2_shap": 0.6531, "top3_feature": "built_surface_ratio", "top3_shap": 0.3547, "priority_score": 73.4359, "priority_rank": 25 }, "geometry": { "type": "Polygon", "coordinates": [ [ [ 127.035232117560767, 37.647570860351792 ], [ 127.035218075610857, 37.649824145794931 ], [ 127.038052026992972, 37.649835277187364 ], [ 127.038065983331251, 37.647581990844756 ], [ 127.035232117560767, 37.647570860351792 ] ] ] } },
{ "type": "Feature", "properties": { "display_grid_id": "11320_00065", "gu_code": 11320, "gu_name": "도봉구", "source_cell_count": 11, "area_m2": 62500.0, "mean_actual_lst": 39.6402, "mean_actual_anomaly": 3.108, "seoul_anomaly": 0.5165, "pred_anomaly": 0.6599, "pred_anomaly_std": 0.8281, "green_delta_c": -0.6072, "building_ratio": 0.1493, "green_ratio": 0.4208, "ndvi": 0.3402, "impervious_ratio": 0.3453, "built_surface_ratio": 0.3453, "avg_ground_floor_count": 3.5703, "elevation_m": 42.2034, "albedo": 0.1189, "nearest_park_distance_m": 154.418, "park_area_within_500m": 101399.2712, "nearest_stream_distance_m": 983.142, "est_population_density": 11863.2, "dong_elderly_ratio": 0.2206, "dong_avg_age": 45.3, "dong_pop_density": 20961.0, "nearest_shelter_distance_m": 173.2048, "shelter_count_within_500m": 6.64, "est_population": 741.5, "est_elderly": 163.6, "shelter_capacity_within_500m": 1624.5, "building_form_group": "no_building", "dong_name": "창1동", "top1_feature": "ndvi", "top1_shap": -0.5355, "top2_feature": "impervious_ratio", "top2_shap": 0.5006, "top3_feature": "green_ratio", "top3_shap": -0.4092, "priority_score": 57.0, "priority_rank": 152 }, "geometry": { "type": "Polygon", "coordinates": [ [ [ 127.038065983331251, 37.647581990844756 ], [ 127.038052026992972, 37.649835277187364 ], [ 127.040885979929939, 37.649846340504119 ], [ 127.040899850656402, 37.647593053267563 ], [ 127.038065983331251, 37.647581990844756 ] ] ] } },
{ "type": "Feature", "properties": { "display_grid_id": "11320_00066", "gu_code": 11320, "gu_name": "도봉구", "source_cell_count": 15, "area_m2": 62500.0, "mean_actual_lst": 39.6502, "mean_actual_anomaly": 3.4044, "seoul_anomaly": 0.8129, "pred_anomaly": 1.2391, "pred_anomaly_std": 0.8953, "green_delta_c": -0.6589, "building_ratio": 0.1326, "green_ratio": 0.306, "ndvi": 0.3006, "impervious_ratio": 0.4865, "built_surface_ratio": 0.4865, "avg_ground_floor_count": 6.8241, "elevation_m": 36.1726, "albedo": 0.1154, "nearest_park_distance_m": 401.9552, "park_area_within_500m": 15644.1344, "nearest_stream_distance_m": 1032.4336, "est_population_density": 20111.2, "dong_elderly_ratio": 0.2206, "dong_avg_age": 45.3, "dong_pop_density": 20961.0, "nearest_shelter_distance_m": 149.9316, "shelter_count_within_500m": 6.72, "est_population": 1256.9, "est_elderly": 277.3, "shelter_capacity_within_500m": 1716.5, "building_form_group": "high_floor_low_density", "dong_name": "창1동", "top1_feature": "impervious_ratio", "top1_shap": 0.6326, "top2_feature": "built_surface_ratio", "top2_shap": 0.6316, "top3_feature": "ndvi", "top3_shap": -0.4377, "priority_score": 61.9615, "priority_rank": 106 }, "geometry": { "type": "Polygon", "coordinates": [ [ [ 127.040899850656402, 37.647593053267563 ], [ 127.040885979929939, 37.649846340504119 ], [ 127.043719934412223, 37.649857335745068 ], [ 127.043733719526671, 37.647604047620071 ], [ 127.040899850656402, 37.647593053267563 ] ] ] } },
{ "type": "Feature", "properties": { "display_grid_id": "11320_00067", "gu_code": 11320, "gu_name": "도봉구", "source_cell_count": 14, "area_m2": 62500.0, "mean_actual_lst": 38.0947, "mean_actual_anomaly": 1.7544, "seoul_anomaly": -0.8371, "pred_anomaly": 0.9069, "pred_anomaly_std": 0.8362, "green_delta_c": -0.6689, "building_ratio": 0.1396, "green_ratio": 0.3358, "ndvi": 0.3136, "impervious_ratio": 0.4299, "built_surface_ratio": 0.4299, "avg_ground_floor_count": 7.4808, "elevation_m": 34.2946, "albedo": 0.1198, "nearest_park_distance_m": 564.7576, "park_area_within_500m": 182.096, "nearest_stream_distance_m": 809.0528, "est_population_density": 26142.4, "dong_elderly_ratio": 0.2206, "dong_avg_age": 45.3, "dong_pop_density": 20961.0, "nearest_shelter_distance_m": 78.4932, "shelter_count_within_500m": 9.2, "est_population": 1633.9, "est_elderly": 360.4, "shelter_capacity_within_500m": 2535.5, "building_form_group": "high_floor_low_density", "dong_name": "창1동", "top1_feature": "impervious_ratio", "top1_shap": 0.6219, "top2_feature": "built_surface_ratio", "top2_shap": 0.5995, "top3_feature": "ndvi", "top3_shap": -0.5273, "priority_score": 53.9231, "priority_rank": 173 }, "geometry": { "type": "Polygon", "coordinates": [ [ [ 127.043733719526671, 37.647604047620071 ], [ 127.043719934412223, 37.649857335745068 ], [ 127.046553890430275, 37.64986826291014 ], [ 127.046567589932536, 37.647614973902186 ], [ 127.043733719526671, 37.647604047620071 ] ] ] } },
{ "type": "Feature", "properties": { "display_grid_id": "11320_00068", "gu_code": 11320, "gu_name": "도봉구", "source_cell_count": 16, "area_m2": 62500.0, "mean_actual_lst": 39.1754, "mean_actual_anomaly": 2.9137, "seoul_anomaly": 0.3222, "pred_anomaly": 1.2269, "pred_anomaly_std": 0.8423, "green_delta_c": -0.7643, "building_ratio": 0.1611, "green_ratio": 0.3067, "ndvi": 0.2162, "impervious_ratio": 0.3317, "built_surface_ratio": 0.3317, "avg_ground_floor_count": 11.6807, "elevation_m": 32.6715, "albedo": 0.1198, "nearest_park_distance_m": 526.4212, "park_area_within_500m": 2056.8384, "nearest_stream_distance_m": 555.1556, "est_population_density": 42475.2, "dong_elderly_ratio": 0.2195, "dong_avg_age": 45.26, "dong_pop_density": 21001.448, "nearest_shelter_distance_m": 149.1648, "shelter_count_within_500m": 10.96, "est_population": 2654.7, "est_elderly": 585.3, "shelter_capacity_within_500m": 3342.0, "building_form_group": "high_floor_low_density", "dong_name": "창1동", "top1_feature": "built_surface_ratio", "top1_shap": 0.4845, "top2_feature": "impervious_ratio", "top2_shap": 0.4508, "top3_feature": "avg_ground_floor_count", "top3_shap": -0.2696, "priority_score": 67.1025, "priority_rank": 69 }, "geometry": { "type": "Polygon", "coordinates": [ [ [ 127.046567589932536, 37.647614973902186 ], [ 127.046553890430275, 37.64986826291014 ], [ 127.049387847974558, 37.649879121999184 ], [ 127.049401461864434, 37.647625832113789 ], [ 127.046567589932536, 37.647614973902186 ] ] ] } },
{ "type": "Feature", "properties": { "display_grid_id": "11320_00069", "gu_code": 11320, "gu_name": "도봉구", "source_cell_count": 14, "area_m2": 62500.0, "mean_actual_lst": 38.3211, "mean_actual_anomaly": 2.4607, "seoul_anomaly": -0.1308, "pred_anomaly": 1.1202, "pred_anomaly_std": 0.8872, "green_delta_c": -0.7344, "building_ratio": 0.1359, "green_ratio": 0.3418, "ndvi": 0.2426, "impervious_ratio": 0.3398, "built_surface_ratio": 0.3398, "avg_ground_floor_count": 12.3659, "elevation_m": 33.8672, "albedo": 0.1071, "nearest_park_distance_m": 409.8964, "park_area_within_500m": 39035.4616, "nearest_stream_distance_m": 325.514, "est_population_density": 33979.2, "dong_elderly_ratio": 0.1973, "dong_avg_age": 44.46, "dong_pop_density": 21810.408, "nearest_shelter_distance_m": 124.98, "shelter_count_within_500m": 9.12, "est_population": 2123.7, "est_elderly": 420.6, "shelter_capacity_within_500m": 2887.0, "building_form_group": "high_floor_low_density", "dong_name": "창4동", "top1_feature": "built_surface_ratio", "top1_shap": 0.5126, "top2_feature": "impervious_ratio", "top2_shap": 0.411, "top3_feature": "green_ratio", "top3_shap": -0.1121, "priority_score": 62.0513, "priority_rank": 104 }, "geometry": { "type": "Polygon", "coordinates": [ [ [ 127.049401461864434, 37.647625832113789 ], [ 127.049387847974558, 37.649879121999184 ], [ 127.052221807035536, 37.64988991301211 ], [ 127.052235335312872, 37.647636622254751 ], [ 127.049401461864434, 37.647625832113789 ] ] ] } },
{ "type": "Feature", "properties": { "display_grid_id": "11320_00070", "gu_code": 11320, "gu_name": "도봉구", "source_cell_count": 10, "area_m2": 59371.6, "mean_actual_lst": 38.4889, "mean_actual_anomaly": 2.7728, "seoul_anomaly": 0.1812, "pred_anomaly": 2.1423, "pred_anomaly_std": 0.9317, "green_delta_c": -0.7502, "building_ratio": 0.1401, "green_ratio": 0.2865, "ndvi": 0.1976, "impervious_ratio": 0.4278, "built_surface_ratio": 0.4278, "avg_ground_floor_count": 3.6532, "elevation_m": 27.4666, "albedo": 0.13, "nearest_park_distance_m": 174.6436, "park_area_within_500m": 212375.7188, "nearest_stream_distance_m": 93.3963, "est_population_density": 17254.8825, "dong_elderly_ratio": 0.1929, "dong_avg_age": 44.3, "dong_pop_density": 21972.2, "nearest_shelter_distance_m": 244.3571, "shelter_count_within_500m": 8.6893, "est_population": 1024.4, "est_elderly": 197.5, "shelter_capacity_within_500m": 2566.1, "building_form_group": "low_floor_low_density", "dong_name": "창4동", "top1_feature": "impervious_ratio", "top1_shap": 0.6353, "top2_feature": "built_surface_ratio", "top2_shap": 0.5933, "top3_feature": "avg_ground_floor_count", "top3_shap": 0.0828, "priority_score": 64.4359, "priority_rank": 87 }, "geometry": { "type": "Polygon", "coordinates": [ [ [ 127.055069210268286, 37.64764734432498 ], [ 127.052235335312872, 37.647636622254751 ], [ 127.052221807035536, 37.64988991301211 ], [ 127.054404671550756, 37.649898178402275 ], [ 127.054435250000012, 37.64985604 ], [ 127.05465441, 37.649562 ], [ 127.054726729999985, 37.649436110000011 ], [ 127.054730280000015, 37.64943019 ], [ 127.05474795, 37.64939527 ], [ 127.05476882, 37.64935725 ], [ 127.054792170000013, 37.64931923 ], [ 127.05493453, 37.6490821 ], [ 127.05495468, 37.64904914 ], [ 127.05496635, 37.64902971 ], [ 127.0550019, 37.64896888 ], [ 127.05504805, 37.64889172 ], [ 127.05505495, 37.64888045 ], [ 127.05505778, 37.64887566 ], [ 127.055061923679531, 37.648868771038266 ], [ 127.055069210268286, 37.64764734432498 ] ] ] } },
{ "type": "Feature", "properties": { "display_grid_id": "11320_00071", "gu_code": 11320, "gu_name": "도봉구", "source_cell_count": 2, "area_m2": 3879.44, "mean_actual_lst": 37.2248, "mean_actual_anomaly": 1.5086, "seoul_anomaly": -1.0829, "pred_anomaly": 0.5135, "pred_anomaly_std": 1.1013, "green_delta_c": -0.7656, "building_ratio": 0.0, "green_ratio": 0.3416, "ndvi": 0.1961, "impervious_ratio": 0.216, "built_surface_ratio": 0.216, "avg_ground_floor_count": 0.0, "elevation_m": 27.6907, "albedo": 0.1258, "nearest_park_distance_m": 78.8796, "park_area_within_500m": 316588.5872, "nearest_stream_distance_m": 7.2374, "est_population_density": 0.0, "dong_elderly_ratio": 0.1929, "dong_avg_age": 44.3, "dong_pop_density": 21972.2, "nearest_shelter_distance_m": 286.6901, "shelter_count_within_500m": 5.1561, "est_population": 0.0, "est_elderly": 0.0, "shelter_capacity_within_500m": 86.6, "building_form_group": "no_building", "dong_name": "창4동", "top1_feature": "building_ratio", "top1_shap": -0.6096, "top2_feature": "impervious_ratio", "top2_shap": 0.5267, "top3_feature": "built_surface_ratio", "top3_shap": 0.4119, "priority_score": 49.1987, "priority_rank": 214 }, "geometry": { "type": "Polygon", "coordinates": [ [ [ 127.055069210268286, 37.64764734432498 ], [ 127.055061923679531, 37.648868771038266 ], [ 127.055073870000015, 37.64884891 ], [ 127.055116129999988, 37.64877991 ], [ 127.0551966, 37.64864867 ], [ 127.055263980000021, 37.64853799 ], [ 127.05537998, 37.64833944 ], [ 127.05543817, 37.64824058 ], [ 127.055450889999989, 37.64820567 ], [ 127.055569779999985, 37.6478455 ], [ 127.05558073, 37.64781256 ], [ 127.05561818, 37.64770048 ], [ 127.055633210000011, 37.64765486 ], [ 127.055634996620782, 37.647649476845913 ], [ 127.055069210268286, 37.64764734432498 ] ] ] } },
{ "type": "Feature", "properties": { "display_grid_id": "11320_00072", "gu_code": 11320, "gu_name": "도봉구", "source_cell_count": 3, "area_m2": 52.83, "mean_actual_lst": 38.7803, "mean_actual_anomaly": 2.7512, "seoul_anomaly": 0.1596, "pred_anomaly": 0.8367, "pred_anomaly_std": 0.8255, "green_delta_c": -0.374, "building_ratio": 0.0, "green_ratio": 0.366, "ndvi": 0.393, "impervious_ratio": 0.4898, "built_surface_ratio": 0.4898, "avg_ground_floor_count": 0.0, "elevation_m": 51.0, "albedo": 0.1135, "nearest_park_distance_m": 178.85, "park_area_within_500m": 68622.65, "nearest_stream_distance_m": 187.55, "est_population_density": 0.0, "dong_elderly_ratio": 0.2349, "dong_avg_age": 45.7, "dong_pop_density": 18239.2, "nearest_shelter_distance_m": 200.55, "shelter_count_within_500m": 5.0, "est_population": 0.0, "est_elderly": 0.0, "shelter_capacity_within_500m": 150.0, "building_form_group": "no_building", "dong_name": "쌍문1동", "top1_feature": "impervious_ratio", "top1_shap": 1.0142, "top2_feature": "built_surface_ratio", "top2_shap": 0.8768, "top3_feature": "ndvi", "top3_shap": -0.7136, "priority_score": 41.5705, "priority_rank": 264 }, "geometry": { "type": "Polygon", "coordinates": [ [ [ 127.012531793195706, 37.651985921127107 ], [ 127.012532926084546, 37.651812611903161 ], [ 127.01251268999998, 37.65185066 ], [ 127.01250313, 37.65187741 ], [ 127.012480788213026, 37.65198571034923 ], [ 127.012531793195706, 37.651985921127107 ] ] ] } },
{ "type": "Feature", "properties": { "display_grid_id": "11320_00073", "gu_code": 11320, "gu_name": "도봉구", "source_cell_count": 11, "area_m2": 46398.6, "mean_actual_lst": 39.6084, "mean_actual_anomaly": 3.5746, "seoul_anomaly": 0.9831, "pred_anomaly": 3.3652, "pred_anomaly_std": 0.8816, "green_delta_c": -0.6085, "building_ratio": 0.1852, "green_ratio": 0.2179, "ndvi": 0.202, "impervious_ratio": 0.6075, "built_surface_ratio": 0.6075, "avg_ground_floor_count": 3.1359, "elevation_m": 45.8372, "albedo": 0.1204, "nearest_park_distance_m": 97.1816, "park_area_within_500m": 85341.0284, "nearest_stream_distance_m": 54.3397, "est_population_density": 15507.0354, "dong_elderly_ratio": 0.2349, "dong_avg_age": 45.7, "dong_pop_density": 18239.2, "nearest_shelter_distance_m": 241.4456, "shelter_count_within_500m": 5.3651, "est_population": 719.5, "est_elderly": 169.0, "shelter_capacity_within_500m": 1054.3, "building_form_group": "low_floor_low_density", "dong_name": "쌍문1동", "top1_feature": "built_surface_ratio", "top1_shap": 0.7982, "top2_feature": "impervious_ratio", "top2_shap": 0.7563, "top3_feature": "ndvi", "top3_shap": -0.0594, "priority_score": 65.141, "priority_rank": 84 }, "geometry": { "type": "Polygon", "coordinates": [ [ [ 127.012531793195706, 37.651985921127107 ], [ 127.015365817415415, 37.651997598064199 ], [ 127.015380460272709, 37.649744319938954 ], [ 127.014615228450182, 37.649741173848682 ], [ 127.01461238, 37.64974792 ], [ 127.01453789, 37.64980587 ], [ 127.01430160000001, 37.65028608 ], [ 127.01429889, 37.65029793 ], [ 127.01423114, 37.65028074 ], [ 127.01416164, 37.65026311 ], [ 127.01414344, 37.65025849 ], [ 127.014133210000011, 37.65028097 ], [ 127.01401301, 37.65026173 ], [ 127.01399566000002, 37.65025325 ], [ 127.013965580000018, 37.6503152 ], [ 127.01396451, 37.65033181 ], [ 127.01395265, 37.65034449 ], [ 127.013891029999982, 37.65035491 ], [ 127.013862, 37.65036589 ], [ 127.01381259999998, 37.65038532 ], [ 127.01378694, 37.65040137 ], [ 127.01372214, 37.65045206 ], [ 127.013699480000014, 37.650485 ], [ 127.013677880000017, 37.65049514 ], [ 127.01333633, 37.65043351 ], [ 127.01314051, 37.65048844 ], [ 127.012905070000016, 37.650746930000011 ], [ 127.01289958, 37.65076354 ], [ 127.01290171, 37.6507886 ], [ 127.01290241, 37.65079817 ], [ 127.01290206, 37.65080493 ], [ 127.01287146, 37.6509474 ], [ 127.01271271, 37.65147899 ], [ 127.012633239999985, 37.651624 ], [ 127.012532926084546, 37.651812611903161 ], [ 127.012531793195706, 37.651985921127107 ] ] ] } },
{ "type": "Feature", "properties": { "display_grid_id": "11320_00074", "gu_code": 11320, "gu_name": "도봉구", "source_cell_count": 12, "area_m2": 62500.0, "mean_actual_lst": 39.7168, "mean_actual_anomaly": 3.5875, "seoul_anomaly": 0.9959, "pred_anomaly": 2.3388, "pred_anomaly_std": 0.9685, "green_delta_c": -0.6348, "building_ratio": 0.1746, "green_ratio": 0.2871, "ndvi": 0.2745, "impervious_ratio": 0.5298, "built_surface_ratio": 0.5298, "avg_ground_floor_count": 2.2565, "elevation_m": 47.3981, "albedo": 0.1612, "nearest_park_distance_m": 208.6692, "park_area_within_500m": 79621.1436, "nearest_stream_distance_m": 162.1696, "est_population_density": 10679.52, "dong_elderly_ratio": 0.2349, "dong_avg_age": 45.7, "dong_pop_density": 18239.2, "nearest_shelter_distance_m": 289.8532, "shelter_count_within_500m": 5.6, "est_population": 667.5, "est_elderly": 156.8, "shelter_capacity_within_500m": 1215.8, "building_form_group": "low_floor_low_density", "dong_name": "쌍문1동", "top1_feature": "built_surface_ratio", "top1_shap": 0.6846, "top2_feature": "impervious_ratio", "top2_shap": 0.666, "top3_feature": "ndvi", "top3_shap": -0.4676, "priority_score": 63.8462, "priority_rank": 90 }, "geometry": { "type": "Polygon", "coordinates": [ [ [ 127.015380460272709, 37.649744319938954 ], [ 127.015365817415415, 37.651997598064199 ], [ 127.01819984326643, 37.652009206921072 ], [ 127.018214400503894, 37.649755927857811 ], [ 127.015380460272709, 37.649744319938954 ] ] ] } },
{ "type": "Feature", "properties": { "display_grid_id": "11320_00075", "gu_code": 11320, "gu_name": "도봉구", "source_cell_count": 11, "area_m2": 62500.0, "mean_actual_lst": 38.2464, "mean_actual_anomaly": 2.0744, "seoul_anomaly": -0.5172, "pred_anomaly": 0.7046, "pred_anomaly_std": 0.8594, "green_delta_c": -0.8248, "building_ratio": 0.1269, "green_ratio": 0.4296, "ndvi": 0.379, "impervious_ratio": 0.4101, "built_surface_ratio": 0.4101, "avg_ground_floor_count": 2.5317, "elevation_m": 50.5917, "albedo": 0.1447, "nearest_park_distance_m": 375.0544, "park_area_within_500m": 23146.348, "nearest_stream_distance_m": 209.1676, "est_population_density": 8392.4, "dong_elderly_ratio": 0.2349, "dong_avg_age": 45.7, "dong_pop_density": 18239.2, "nearest_shelter_distance_m": 207.7784, "shelter_count_within_500m": 8.12, "est_population": 524.5, "est_elderly": 123.3, "shelter_capacity_within_500m": 1873.3, "building_form_group": "low_floor_low_density", "dong_name": "쌍문1동", "top1_feature": "ndvi", "top1_shap": -0.6733, "top2_feature": "built_surface_ratio", "top2_shap": 0.3765, "top3_feature": "impervious_ratio", "top3_shap": 0.4405, "priority_score": 61.4359, "priority_rank": 113 }, "geometry": { "type": "Polygon", "coordinates": [ [ [ 127.018214400503894, 37.649755927857811 ], [ 127.01819984326643, 37.652009206921072 ], [ 127.021033870739259, 37.652020747697577 ], [ 127.021048342356664, 37.649767467701814 ], [ 127.018214400503894, 37.649755927857811 ] ] ] } },
{ "type": "Feature", "properties": { "display_grid_id": "11320_00076", "gu_code": 11320, "gu_name": "도봉구", "source_cell_count": 12, "area_m2": 62500.0, "mean_actual_lst": 40.2622, "mean_actual_anomaly": 3.9764, "seoul_anomaly": 1.3848, "pred_anomaly": 2.8629, "pred_anomaly_std": 0.8392, "green_delta_c": -0.7338, "building_ratio": 0.3044, "green_ratio": 0.3071, "ndvi": 0.2516, "impervious_ratio": 0.4307, "built_surface_ratio": 0.4307, "avg_ground_floor_count": 3.7464, "elevation_m": 53.347, "albedo": 0.121, "nearest_park_distance_m": 475.7248, "park_area_within_500m": 2717.5952, "nearest_stream_distance_m": 239.054, "est_population_density": 27763.6, "dong_elderly_ratio": 0.2349, "dong_avg_age": 45.7, "dong_pop_density": 18239.2, "nearest_shelter_distance_m": 76.6984, "shelter_count_within_500m": 11.0, "est_population": 1735.2, "est_elderly": 407.6, "shelter_capacity_within_500m": 3184.2, "building_form_group": "low_floor_high_density", "dong_name": "쌍문1동", "top1_feature": "built_surface_ratio", "top1_shap": 0.5705, "top2_feature": "impervious_ratio", "top2_shap": 0.5182, "top3_feature": "building_ratio", "top3_shap": 0.3849, "priority_score": 63.3334, "priority_rank": 94 }, "geometry": { "type": "Polygon", "coordinates": [ [ [ 127.021048342356664, 37.649767467701814 ], [ 127.021033870739259, 37.652020747697577 ], [ 127.023867899824353, 37.652032220393629 ], [ 127.023882285821529, 37.649778939470849 ], [ 127.021048342356664, 37.649767467701814 ] ] ] } },
{ "type": "Feature", "properties": { "display_grid_id": "11320_00077", "gu_code": 11320, "gu_name": "도봉구", "source_cell_count": 12, "area_m2": 62500.0, "mean_actual_lst": 41.5117, "mean_actual_anomaly": 5.3823, "seoul_anomaly": 2.7908, "pred_anomaly": 3.7007, "pred_anomaly_std": 0.8789, "green_delta_c": -0.6891, "building_ratio": 0.3377, "green_ratio": 0.2389, "ndvi": 0.1669, "impervious_ratio": 0.4316, "built_surface_ratio": 0.4316, "avg_ground_floor_count": 5.5066, "elevation_m": 50.3253, "albedo": 0.1073, "nearest_park_distance_m": 374.8656, "park_area_within_500m": 10964.8328, "nearest_stream_distance_m": 375.0972, "est_population_density": 41519.2, "dong_elderly_ratio": 0.2349, "dong_avg_age": 45.7, "dong_pop_density": 18239.2, "nearest_shelter_distance_m": 107.9604, "shelter_count_within_500m": 14.0, "est_population": 2594.9, "est_elderly": 609.5, "shelter_capacity_within_500m": 4682.5, "building_form_group": "low_floor_high_density", "dong_name": "쌍문1동", "top1_feature": "built_surface_ratio", "top1_shap": 0.6089, "top2_feature": "impervious_ratio", "top2_shap": 0.5984, "top3_feature": "building_ratio", "top3_shap": 0.4745, "priority_score": 72.3334, "priority_rank": 33 }, "geometry": { "type": "Polygon", "coordinates": [ [ [ 127.023882285821529, 37.649778939470849 ], [ 127.023867899824353, 37.652032220393629 ], [ 127.026701930512175, 37.652043625009078 ], [ 127.026716230888908, 37.649790343164796 ], [ 127.023882285821529, 37.649778939470849 ] ] ] } },
{ "type": "Feature", "properties": { "display_grid_id": "11320_00078", "gu_code": 11320, "gu_name": "도봉구", "source_cell_count": 12, "area_m2": 62500.0, "mean_actual_lst": 40.2349, "mean_actual_anomaly": 4.0826, "seoul_anomaly": 1.491, "pred_anomaly": 2.8164, "pred_anomaly_std": 0.8397, "green_delta_c": -0.4618, "building_ratio": 0.2655, "green_ratio": 0.2331, "ndvi": 0.1935, "impervious_ratio": 0.4799, "built_surface_ratio": 0.4799, "avg_ground_floor_count": 6.9598, "elevation_m": 57.9782, "albedo": 0.114, "nearest_park_distance_m": 269.06, "park_area_within_500m": 38408.5072, "nearest_stream_distance_m": 494.606, "est_population_density": 41582.4, "dong_elderly_ratio": 0.2275, "dong_avg_age": 45.492, "dong_pop_density": 23904.696, "nearest_shelter_distance_m": 81.9788, "shelter_count_within_500m": 14.4, "est_population": 2598.9, "est_elderly": 586.1, "shelter_capacity_within_500m": 4677.5, "building_form_group": "high_floor_low_density", "dong_name": "쌍문1동", "top1_feature": "built_surface_ratio", "top1_shap": 0.6054, "top2_feature": "impervious_ratio", "top2_shap": 0.5949, "top3_feature": "ndvi", "top3_shap": 0.021, "priority_score": 60.6795, "priority_rank": 122 }, "geometry": { "type": "Polygon", "coordinates": [ [ [ 127.026716230888908, 37.649790343164796 ], [ 127.026701930512175, 37.652043625009078 ], [ 127.029535962793162, 37.65205496154384 ], [ 127.029550177549268, 37.649801678783533 ], [ 127.026716230888908, 37.649790343164796 ] ] ] } },
{ "type": "Feature", "properties": { "display_grid_id": "11320_00079", "gu_code": 11320, "gu_name": "도봉구", "source_cell_count": 14, "area_m2": 62500.0, "mean_actual_lst": 42.0924, "mean_actual_anomaly": 5.9275, "seoul_anomaly": 3.336, "pred_anomaly": 4.4801, "pred_anomaly_std": 0.873, "green_delta_c": -0.8309, "building_ratio": 0.4298, "green_ratio": 0.242, "ndvi": 0.1312, "impervious_ratio": 0.4429, "built_surface_ratio": 0.4429, "avg_ground_floor_count": 3.062, "elevation_m": 59.9015, "albedo": 0.1082, "nearest_park_distance_m": 63.8008, "park_area_within_500m": 122623.5744, "nearest_stream_distance_m": 682.2828, "est_population_density": 32168.4, "dong_elderly_ratio": 0.2163, "dong_avg_age": 45.18, "dong_pop_density": 32402.94, "nearest_shelter_distance_m": 102.4184, "shelter_count_within_500m": 10.16, "est_population": 2010.5, "est_elderly": 432.7, "shelter_capacity_within_500m": 3142.0, "building_form_group": "low_floor_high_density", "dong_name": "쌍문3동", "top1_feature": "building_ratio", "top1_shap": 0.8394, "top2_feature": "built_surface_ratio", "top2_shap": 0.6214, "top3_feature": "impervious_ratio", "top3_shap": 0.5465, "priority_score": 75.9231, "priority_rank": 14 }, "geometry": { "type": "Polygon", "coordinates": [ [ [ 127.029550177549268, 37.649801678783533 ], [ 127.029535962793162, 37.65205496154384 ], [ 127.032369996657792, 37.652066229997757 ], [ 127.032384125793101, 37.649812946326961 ], [ 127.029550177549268, 37.649801678783533 ] ] ] } },
{ "type": "Feature", "properties": { "display_grid_id": "11320_00080", "gu_code": 11320, "gu_name": "도봉구", "source_cell_count": 13, "area_m2": 62500.0, "mean_actual_lst": 42.2764, "mean_actual_anomaly": 6.24, "seoul_anomaly": 3.6485, "pred_anomaly": 4.4221, "pred_anomaly_std": 0.7943, "green_delta_c": -0.8377, "building_ratio": 0.4269, "green_ratio": 0.2509, "ndvi": 0.1187, "impervious_ratio": 0.3581, "built_surface_ratio": 0.3581, "avg_ground_floor_count": 2.6584, "elevation_m": 48.326, "albedo": 0.1057, "nearest_park_distance_m": 25.068, "park_area_within_500m": 163201.2016, "nearest_stream_distance_m": 841.7212, "est_population_density": 24145.2, "dong_elderly_ratio": 0.2281, "dong_avg_age": 45.916, "dong_pop_density": 32879.452, "nearest_shelter_distance_m": 157.5608, "shelter_count_within_500m": 9.2, "est_population": 1509.1, "est_elderly": 342.6, "shelter_capacity_within_500m": 2255.5, "building_form_group": "low_floor_high_density", "dong_name": "쌍문3동", "top1_feature": "building_ratio", "top1_shap": 0.8362, "top2_feature": "built_surface_ratio", "top2_shap": 0.5381, "top3_feature": "ndvi", "top3_shap": 0.4081, "priority_score": 76.7949, "priority_rank": 10 }, "geometry": { "type": "Polygon", "coordinates": [ [ [ 127.032384125793101, 37.649812946326961 ], [ 127.032369996657792, 37.652066229997757 ], [ 127.03520403209653, 37.652077430370753 ], [ 127.035218075610857, 37.649824145794931 ], [ 127.032384125793101, 37.649812946326961 ] ] ] } },
{ "type": "Feature", "properties": { "display_grid_id": "11320_00081", "gu_code": 11320, "gu_name": "도봉구", "source_cell_count": 10, "area_m2": 62500.0, "mean_actual_lst": 41.6352, "mean_actual_anomaly": 5.7825, "seoul_anomaly": 3.191, "pred_anomaly": 3.8073, "pred_anomaly_std": 0.7953, "green_delta_c": -0.4846, "building_ratio": 0.2912, "green_ratio": 0.2224, "ndvi": 0.0966, "impervious_ratio": 0.43, "built_surface_ratio": 0.43, "avg_ground_floor_count": 3.5196, "elevation_m": 37.3942, "albedo": 0.1089, "nearest_park_distance_m": 21.3148, "park_area_within_500m": 164045.8544, "nearest_stream_distance_m": 972.2308, "est_population_density": 17124.8, "dong_elderly_ratio": 0.2229, "dong_avg_age": 45.588, "dong_pop_density": 27845.408, "nearest_shelter_distance_m": 197.2832, "shelter_count_within_500m": 7.6, "est_population": 1070.3, "est_elderly": 239.2, "shelter_capacity_within_500m": 1688.5, "building_form_group": "low_floor_high_density", "dong_name": "창1동", "top1_feature": "ndvi", "top1_shap": 0.6763, "top2_feature": "built_surface_ratio", "top2_shap": 0.6404, "top3_feature": "impervious_ratio", "top3_shap": 0.4435, "priority_score": 67.3077, "priority_rank": 66 }, "geometry": { "type": "Polygon", "coordinates": [ [ [ 127.035218075610857, 37.649824145794931 ], [ 127.03520403209653, 37.652077430370753 ], [ 127.038038069099855, 37.652088562662684 ], [ 127.038052026992972, 37.649835277187364 ], [ 127.035218075610857, 37.649824145794931 ] ] ] } },
{ "type": "Feature", "properties": { "display_grid_id": "11320_00082", "gu_code": 11320, "gu_name": "도봉구", "source_cell_count": 12, "area_m2": 62500.0, "mean_actual_lst": 38.8201, "mean_actual_anomaly": 3.0929, "seoul_anomaly": 0.5014, "pred_anomaly": 1.8054, "pred_anomaly_std": 0.8543, "green_delta_c": -0.577, "building_ratio": 0.2003, "green_ratio": 0.3197, "ndvi": 0.2814, "impervious_ratio": 0.4755, "built_surface_ratio": 0.4755, "avg_ground_floor_count": 2.5259, "elevation_m": 35.8471, "albedo": 0.1307, "nearest_park_distance_m": 146.5308, "park_area_within_500m": 126830.2808, "nearest_stream_distance_m": 1084.098, "est_population_density": 11964.8, "dong_elderly_ratio": 0.2182, "dong_avg_age": 45.3, "dong_pop_density": 25984.24, "nearest_shelter_distance_m": 187.1304, "shelter_count_within_500m": 7.84, "est_population": 747.8, "est_elderly": 163.0, "shelter_capacity_within_500m": 2012.5, "building_form_group": "low_floor_low_density", "dong_name": "창1동", "top1_feature": "built_surface_ratio", "top1_shap": 0.6298, "top2_feature": "ndvi", "top2_shap": -0.331, "top3_feature": "impervious_ratio", "top3_shap": 0.4842, "priority_score": 58.2179, "priority_rank": 144 }, "geometry": { "type": "Polygon", "coordinates": [ [ [ 127.038052026992972, 37.649835277187364 ], [ 127.038038069099855, 37.652088562662684 ], [ 127.040872107658188, 37.652099626873436 ], [ 127.040885979929939, 37.649846340504119 ], [ 127.038052026992972, 37.649835277187364 ] ] ] } },
{ "type": "Feature", "properties": { "display_grid_id": "11320_00083", "gu_code": 11320, "gu_name": "도봉구", "source_cell_count": 11, "area_m2": 62500.0, "mean_actual_lst": 38.466, "mean_actual_anomaly": 2.6264, "seoul_anomaly": 0.0349, "pred_anomaly": 1.0359, "pred_anomaly_std": 0.8973, "green_delta_c": -0.7141, "building_ratio": 0.1278, "green_ratio": 0.3203, "ndvi": 0.2698, "impervious_ratio": 0.3721, "built_surface_ratio": 0.3721, "avg_ground_floor_count": 9.8395, "elevation_m": 34.2004, "albedo": 0.0972, "nearest_park_distance_m": 346.2248, "park_area_within_500m": 52873.8088, "nearest_stream_distance_m": 1026.0728, "est_population_density": 26606.4, "dong_elderly_ratio": 0.2191, "dong_avg_age": 45.3, "dong_pop_density": 23974.944, "nearest_shelter_distance_m": 181.0596, "shelter_count_within_500m": 10.4, "est_population": 1662.9, "est_elderly": 365.8, "shelter_capacity_within_500m": 2699.0, "building_form_group": "high_floor_low_density", "dong_name": "창1동", "top1_feature": "impervious_ratio", "top1_shap": 0.5566, "top2_feature": "built_surface_ratio", "top2_shap": 0.5462, "top3_feature": "avg_ground_floor_count", "top3_shap": -0.1871, "priority_score": 63.3462, "priority_rank": 93 }, "geometry": { "type": "Polygon", "coordinates": [ [ [ 127.040885979929939, 37.649846340504119 ], [ 127.040872107658188, 37.652099626873436 ], [ 127.043706147762009, 37.652110623002898 ], [ 127.043719934412223, 37.649857335745068 ], [ 127.040885979929939, 37.649846340504119 ] ] ] } },
{ "type": "Feature", "properties": { "display_grid_id": "11320_00084", "gu_code": 11320, "gu_name": "도봉구", "source_cell_count": 11, "area_m2": 62500.0, "mean_actual_lst": 39.6417, "mean_actual_anomaly": 3.4232, "seoul_anomaly": 0.8317, "pred_anomaly": 1.7626, "pred_anomaly_std": 0.8564, "green_delta_c": -0.6406, "building_ratio": 0.1913, "green_ratio": 0.2832, "ndvi": 0.1989, "impervious_ratio": 0.3269, "built_surface_ratio": 0.3269, "avg_ground_floor_count": 10.8551, "elevation_m": 32.0596, "albedo": 0.0941, "nearest_park_distance_m": 392.5328, "park_area_within_500m": 21755.8744, "nearest_stream_distance_m": 786.3832, "est_population_density": 32028.0, "dong_elderly_ratio": 0.2182, "dong_avg_age": 45.3, "dong_pop_density": 25984.24, "nearest_shelter_distance_m": 184.338, "shelter_count_within_500m": 11.44, "est_population": 2001.7, "est_elderly": 439.1, "shelter_capacity_within_500m": 3185.0, "building_form_group": "high_floor_low_density", "dong_name": "창1동", "top1_feature": "built_surface_ratio", "top1_shap": 0.4935, "top2_feature": "impervious_ratio", "top2_shap": 0.4933, "top3_feature": "ndvi", "top3_shap": 0.039, "priority_score": 65.859, "priority_rank": 82 }, "geometry": { "type": "Polygon", "coordinates": [ [ [ 127.043719934412223, 37.649857335745068 ], [ 127.043706147762009, 37.652110623002898 ], [ 127.046540189401796, 37.652121551050982 ], [ 127.046553890430275, 37.64986826291014 ], [ 127.043719934412223, 37.649857335745068 ] ] ] } },
{ "type": "Feature", "properties": { "display_grid_id": "11320_00085", "gu_code": 11320, "gu_name": "도봉구", "source_cell_count": 12, "area_m2": 62500.0, "mean_actual_lst": 39.6734, "mean_actual_anomaly": 3.5381, "seoul_anomaly": 0.9466, "pred_anomaly": 1.5603, "pred_anomaly_std": 0.8272, "green_delta_c": -0.5962, "building_ratio": 0.231, "green_ratio": 0.2809, "ndvi": 0.1691, "impervious_ratio": 0.3516, "built_surface_ratio": 0.3516, "avg_ground_floor_count": 12.2707, "elevation_m": 32.8003, "albedo": 0.1103, "nearest_park_distance_m": 296.438, "park_area_within_500m": 23653.3928, "nearest_stream_distance_m": 526.9108, "est_population_density": 56068.8, "dong_elderly_ratio": 0.2131, "dong_avg_age": 45.1, "dong_pop_density": 25181.832, "nearest_shelter_distance_m": 92.4416, "shelter_count_within_500m": 10.72, "est_population": 3504.3, "est_elderly": 754.3, "shelter_capacity_within_500m": 3400.5, "building_form_group": "high_floor_low_density", "dong_name": "창1동", "top1_feature": "built_surface_ratio", "top1_shap": 0.5124, "top2_feature": "impervious_ratio", "top2_shap": 0.416, "top3_feature": "ndvi", "top3_shap": 0.2495, "priority_score": 62.8141, "priority_rank": 100 }, "geometry": { "type": "Polygon", "coordinates": [ [ [ 127.046553890430275, 37.64986826291014 ], [ 127.046540189401796, 37.652121551050982 ], [ 127.049374232567985, 37.652132411017526 ], [ 127.049387847974558, 37.649879121999184 ], [ 127.046553890430275, 37.64986826291014 ] ] ] } },
{ "type": "Feature", "properties": { "display_grid_id": "11320_00086", "gu_code": 11320, "gu_name": "도봉구", "source_cell_count": 9, "area_m2": 62500.0, "mean_actual_lst": 39.5404, "mean_actual_anomaly": 3.7711, "seoul_anomaly": 1.1796, "pred_anomaly": 2.1999, "pred_anomaly_std": 0.8369, "green_delta_c": -0.6433, "building_ratio": 0.1568, "green_ratio": 0.2777, "ndvi": 0.1835, "impervious_ratio": 0.3871, "built_surface_ratio": 0.3871, "avg_ground_floor_count": 10.441, "elevation_m": 31.2174, "albedo": 0.1003, "nearest_park_distance_m": 305.3596, "park_area_within_500m": 78447.8432, "nearest_stream_distance_m": 287.778, "est_population_density": 38516.8, "dong_elderly_ratio": 0.1929, "dong_avg_age": 44.3, "dong_pop_density": 21972.2, "nearest_shelter_distance_m": 84.7736, "shelter_count_within_500m": 6.96, "est_population": 2407.3, "est_elderly": 464.3, "shelter_capacity_within_500m": 2286.5, "building_form_group": "high_floor_low_density", "dong_name": "창4동", "top1_feature": "built_surface_ratio", "top1_shap": 0.5894, "top2_feature": "impervious_ratio", "top2_shap": 0.5763, "top3_feature": "ndvi", "top3_shap": 0.2021, "priority_score": 61.8654, "priority_rank": 107 }, "geometry": { "type": "Polygon", "coordinates": [ [ [ 127.049387847974558, 37.649879121999184 ], [ 127.049374232567985, 37.652132411017526 ], [ 127.052208277251054, 37.652143202902444 ], [ 127.052221807035536, 37.64988991301211 ], [ 127.049387847974558, 37.649879121999184 ] ] ] } },
{ "type": "Feature", "properties": { "display_grid_id": "11320_00087", "gu_code": 11320, "gu_name": "도봉구", "source_cell_count": 9, "area_m2": 37750.41, "mean_actual_lst": 38.8721, "mean_actual_anomaly": 3.266, "seoul_anomaly": 0.6744, "pred_anomaly": 1.9504, "pred_anomaly_std": 0.8545, "green_delta_c": -0.5529, "building_ratio": 0.0936, "green_ratio": 0.2687, "ndvi": 0.2046, "impervious_ratio": 0.4988, "built_surface_ratio": 0.4988, "avg_ground_floor_count": 9.1502, "elevation_m": 30.248, "albedo": 0.1174, "nearest_park_distance_m": 171.3036, "park_area_within_500m": 211937.8142, "nearest_stream_distance_m": 82.5396, "est_population_density": 31449.9858, "dong_elderly_ratio": 0.1929, "dong_avg_age": 44.3, "dong_pop_density": 21972.2, "nearest_shelter_distance_m": 189.7359, "shelter_count_within_500m": 7.8388, "est_population": 1187.3, "est_elderly": 229.1, "shelter_capacity_within_500m": 1725.3, "building_form_group": "high_floor_low_density", "dong_name": "창4동", "top1_feature": "impervious_ratio", "top1_shap": 0.7476, "top2_feature": "built_surface_ratio", "top2_shap": 0.7197, "top3_feature": "avg_ground_floor_count", "top3_shap": -0.2314, "priority_score": 60.3333, "priority_rank": 124 }, "geometry": { "type": "Polygon", "coordinates": [ [ [ 127.052221807035536, 37.64988991301211 ], [ 127.052208277251054, 37.652143202902444 ], [ 127.05375623325213, 37.652149068681908 ], [ 127.05374789, 37.65210033 ], [ 127.05374591, 37.6520536 ], [ 127.05382956, 37.65114864 ], [ 127.05383344, 37.65112386 ], [ 127.053949030000012, 37.65057619 ], [ 127.053960340000017, 37.65055253 ], [ 127.054226170000021, 37.65014416 ], [ 127.054404671550756, 37.649898178402275 ], [ 127.052221807035536, 37.64988991301211 ] ] ] } },
{ "type": "Feature", "properties": { "display_grid_id": "11320_00088", "gu_code": 11320, "gu_name": "도봉구", "source_cell_count": 1, "area_m2": 269.46, "mean_actual_lst": 37.5652, "mean_actual_anomaly": 1.8502, "seoul_anomaly": -0.7414, "pred_anomaly": 0.1287, "pred_anomaly_std": 0.8099, "green_delta_c": -0.9651, "building_ratio": 0.0, "green_ratio": 0.4479, "ndvi": 0.4568, "impervious_ratio": 0.4101, "built_surface_ratio": 0.4101, "avg_ground_floor_count": 0.0, "elevation_m": 49.66, "albedo": 0.1156, "nearest_park_distance_m": 207.1, "park_area_within_500m": 61974.04, "nearest_stream_distance_m": 185.07, "est_population_density": 0.0, "dong_elderly_ratio": 0.2349, "dong_avg_age": 45.7, "dong_pop_density": 18239.2, "nearest_shelter_distance_m": 172.58, "shelter_count_within_500m": 5.0, "est_population": 0.0, "est_elderly": 0.0, "shelter_capacity_within_500m": 150.0, "building_form_group": "no_building", "dong_name": "쌍문1동", "top1_feature": "impervious_ratio", "top1_shap": 0.965, "top2_feature": "ndvi", "top2_shap": -0.853, "top3_feature": "built_surface_ratio", "top3_shap": 0.8395, "priority_score": 51.9808, "priority_rank": 197 }, "geometry": { "type": "Polygon", "coordinates": [ [ [ 127.012531793195706, 37.651985921127107 ], [ 127.012480788213026, 37.65198571034923 ], [ 127.01244493, 37.65215953 ], [ 127.012444050000013, 37.65218374 ], [ 127.01251526, 37.65243968 ], [ 127.01252808386063, 37.652553364407545 ], [ 127.012531793195706, 37.651985921127107 ] ] ] } },
{ "type": "Feature", "properties": { "display_grid_id": "11320_00089", "gu_code": 11320, "gu_name": "도봉구", "source_cell_count": 13, "area_m2": 59607.45, "mean_actual_lst": 39.4127, "mean_actual_anomaly": 3.4016, "seoul_anomaly": 0.8101, "pred_anomaly": 3.3, "pred_anomaly_std": 0.9187, "green_delta_c": -0.6163, "building_ratio": 0.2591, "green_ratio": 0.2417, "ndvi": 0.1881, "impervious_ratio": 0.5437, "built_surface_ratio": 0.5437, "avg_ground_floor_count": 3.9267, "elevation_m": 49.627, "albedo": 0.1331, "nearest_park_distance_m": 267.121, "park_area_within_500m": 40711.9657, "nearest_stream_distance_m": 68.9738, "est_population_density": 23409.6035, "dong_elderly_ratio": 0.2349, "dong_avg_age": 45.7, "dong_pop_density": 18239.2, "nearest_shelter_distance_m": 113.27, "shelter_count_within_500m": 4.272, "est_population": 1395.4, "est_elderly": 327.7, "shelter_capacity_within_500m": 761.1, "building_form_group": "low_floor_high_density", "dong_name": "쌍문1동", "top1_feature": "built_surface_ratio", "top1_shap": 0.6672, "top2_feature": "impervious_ratio", "top2_shap": 0.64, "top3_feature": "green_ratio", "top3_shap": 0.1761, "priority_score": 61.141, "priority_rank": 115 }, "geometry": { "type": "Polygon", "coordinates": [ [ [ 127.015351172926728, 37.654250875321708 ], [ 127.015365817415415, 37.651997598064199 ], [ 127.012531793195706, 37.651985921127107 ], [ 127.01252808386063, 37.652553364407545 ], [ 127.01256579, 37.65288763 ], [ 127.01257021, 37.65290621 ], [ 127.012641070000015, 37.65307231 ], [ 127.01264762, 37.65309625 ], [ 127.0126563, 37.65312666 ], [ 127.01265472, 37.6531579 ], [ 127.01265312000001, 37.65317762 ], [ 127.012640909999988, 37.65323365 ], [ 127.01266431, 37.6534282 ], [ 127.01271923, 37.65362697 ], [ 127.01273979, 37.65368075 ], [ 127.01280602, 37.65380631 ], [ 127.01282055, 37.65384489 ], [ 127.012892300000019, 37.65407997 ], [ 127.01290753, 37.65416275 ], [ 127.01290851383267, 37.654240814457346 ], [ 127.015351172926728, 37.654250875321708 ] ] ] } },
{ "type": "Feature", "properties": { "display_grid_id": "11320_00090", "gu_code": 11320, "gu_name": "도봉구", "source_cell_count": 11, "area_m2": 62500.0, "mean_actual_lst": 39.3463, "mean_actual_anomaly": 3.2531, "seoul_anomaly": 0.6616, "pred_anomaly": 2.7919, "pred_anomaly_std": 0.9551, "green_delta_c": -0.705, "building_ratio": 0.2572, "green_ratio": 0.2781, "ndvi": 0.2491, "impervious_ratio": 0.5014, "built_surface_ratio": 0.5014, "avg_ground_floor_count": 2.0292, "elevation_m": 49.9252, "albedo": 0.1397, "nearest_park_distance_m": 357.52, "park_area_within_500m": 24710.1356, "nearest_stream_distance_m": 192.2104, "est_population_density": 11632.8, "dong_elderly_ratio": 0.2349, "dong_avg_age": 45.7, "dong_pop_density": 18239.2, "nearest_shelter_distance_m": 228.4868, "shelter_count_within_500m": 4.92, "est_population": 727.0, "est_elderly": 170.7, "shelter_capacity_within_500m": 1031.5, "building_form_group": "low_floor_low_density", "dong_name": "쌍문1동", "top1_feature": "impervious_ratio", "top1_shap": 0.6128, "top2_feature": "built_surface_ratio", "top2_shap": 0.5361, "top3_feature": "ndvi", "top3_shap": -0.4009, "priority_score": 64.4744, "priority_rank": 86 }, "geometry": { "type": "Polygon", "coordinates": [ [ [ 127.015365817415415, 37.651997598064199 ], [ 127.015351172926728, 37.654250875321708 ], [ 127.018185284407167, 37.654262485116639 ], [ 127.01819984326643, 37.652009206921072 ], [ 127.015365817415415, 37.651997598064199 ] ] ] } },
{ "type": "Feature", "properties": { "display_grid_id": "11320_00091", "gu_code": 11320, "gu_name": "도봉구", "source_cell_count": 13, "area_m2": 62500.0, "mean_actual_lst": 35.1194, "mean_actual_anomaly": -1.0139, "seoul_anomaly": -3.6054, "pred_anomaly": -1.2356, "pred_anomaly_std": 0.8396, "green_delta_c": -0.5548, "building_ratio": 0.1226, "green_ratio": 0.5567, "ndvi": 0.4579, "impervious_ratio": 0.2945, "built_surface_ratio": 0.2945, "avg_ground_floor_count": 3.6697, "elevation_m": 70.1883, "albedo": 0.1316, "nearest_park_distance_m": 540.6876, "park_area_within_500m": 1110.3336, "nearest_stream_distance_m": 413.7144, "est_population_density": 16316.8, "dong_elderly_ratio": 0.2349, "dong_avg_age": 45.7, "dong_pop_density": 18239.2, "nearest_shelter_distance_m": 228.7776, "shelter_count_within_500m": 7.16, "est_population": 1019.8, "est_elderly": 239.6, "shelter_capacity_within_500m": 1370.0, "building_form_group": "no_building", "dong_name": "쌍문1동", "top1_feature": "green_ratio", "top1_shap": -0.7909, "top2_feature": "ndvi", "top2_shap": -0.686, "top3_feature": "built_surface_ratio", "top3_shap": -0.1106, "priority_score": 51.9616, "priority_rank": 198 }, "geometry": { "type": "Polygon", "coordinates": [ [ [ 127.01819984326643, 37.652009206921072 ], [ 127.018185284407167, 37.654262485116639 ], [ 127.021019397509619, 37.654274026825711 ], [ 127.021033870739259, 37.652020747697577 ], [ 127.01819984326643, 37.652009206921072 ] ] ] } },
{ "type": "Feature", "properties": { "display_grid_id": "11320_00092", "gu_code": 11320, "gu_name": "도봉구", "source_cell_count": 14, "area_m2": 62500.0, "mean_actual_lst": 38.8239, "mean_actual_anomaly": 2.5096, "seoul_anomaly": -0.0819, "pred_anomaly": 2.333, "pred_anomaly_std": 0.8691, "green_delta_c": -0.6145, "building_ratio": 0.3355, "green_ratio": 0.3262, "ndvi": 0.2576, "impervious_ratio": 0.4728, "built_surface_ratio": 0.4728, "avg_ground_floor_count": 3.7852, "elevation_m": 80.0338, "albedo": 0.1179, "nearest_park_distance_m": 671.646, "park_area_within_500m": 0.0, "nearest_stream_distance_m": 476.2696, "est_population_density": 28313.6, "dong_elderly_ratio": 0.2357, "dong_avg_age": 45.732, "dong_pop_density": 17433.824, "nearest_shelter_distance_m": 101.128, "shelter_count_within_500m": 9.24, "est_population": 1769.6, "est_elderly": 416.6, "shelter_capacity_within_500m": 1745.5, "building_form_group": "low_floor_high_density", "dong_name": "쌍문1동", "top1_feature": "building_ratio", "top1_shap": 0.4657, "top2_feature": "built_surface_ratio", "top2_shap": 0.526, "top3_feature": "impervious_ratio", "top3_shap": 0.4955, "priority_score": 57.4487, "priority_rank": 150 }, "geometry": { "type": "Polygon", "coordinates": [ [ [ 127.021033870739259, 37.652020747697577 ], [ 127.021019397509619, 37.654274026825711 ], [ 127.023853512224463, 37.654285500448822 ], [ 127.023867899824353, 37.652032220393629 ], [ 127.021033870739259, 37.652020747697577 ] ] ] } },
{ "type": "Feature", "properties": { "display_grid_id": "11320_00093", "gu_code": 11320, "gu_name": "도봉구", "source_cell_count": 14, "area_m2": 62500.0, "mean_actual_lst": 35.4464, "mean_actual_anomaly": -0.7345, "seoul_anomaly": -3.3261, "pred_anomaly": -2.1953, "pred_anomaly_std": 0.8117, "green_delta_c": -0.9325, "building_ratio": 0.0453, "green_ratio": 0.6401, "ndvi": 0.5449, "impervious_ratio": 0.1973, "built_surface_ratio": 0.1973, "avg_ground_floor_count": 2.2954, "elevation_m": 78.5377, "albedo": 0.1311, "nearest_park_distance_m": 572.2352, "park_area_within_500m": 371.9736, "nearest_stream_distance_m": 534.2008, "est_population_density": 4778.4, "dong_elderly_ratio": 0.2314, "dong_avg_age": 45.56, "dong_pop_density": 19470.432, "nearest_shelter_distance_m": 174.5824, "shelter_count_within_500m": 13.2, "est_population": 298.7, "est_elderly": 68.2, "shelter_capacity_within_500m": 2926.3, "building_form_group": "no_building", "dong_name": "쌍문1동", "top1_feature": "green_ratio", "top1_shap": -0.9055, "top2_feature": "ndvi", "top2_shap": -0.7415, "top3_feature": "built_surface_ratio", "top3_shap": -0.3161, "priority_score": 56.7949, "priority_rank": 154 }, "geometry": { "type": "Polygon", "coordinates": [ [ [ 127.023867899824353, 37.652032220393629 ], [ 127.023853512224463, 37.654285500448822 ], [ 127.026687628542248, 37.654296905985852 ], [ 127.026701930512175, 37.652043625009078 ], [ 127.023867899824353, 37.652032220393629 ] ] ] } },
{ "type": "Feature", "properties": { "display_grid_id": "11320_00094", "gu_code": 11320, "gu_name": "도봉구", "source_cell_count": 11, "area_m2": 62500.0, "mean_actual_lst": 35.1848, "mean_actual_anomaly": -1.042, "seoul_anomaly": -3.6336, "pred_anomaly": -1.5612, "pred_anomaly_std": 0.7851, "green_delta_c": -0.692, "building_ratio": 0.0429, "green_ratio": 0.5854, "ndvi": 0.5062, "impervious_ratio": 0.2401, "built_surface_ratio": 0.2401, "avg_ground_floor_count": 3.3409, "elevation_m": 73.6972, "albedo": 0.128, "nearest_park_distance_m": 386.1704, "park_area_within_500m": 13438.9504, "nearest_stream_distance_m": 586.3984, "est_population_density": 2998.4, "dong_elderly_ratio": 0.2129, "dong_avg_age": 44.816, "dong_pop_density": 27498.08, "nearest_shelter_distance_m": 163.912, "shelter_count_within_500m": 14.8, "est_population": 187.4, "est_elderly": 39.7, "shelter_capacity_within_500m": 3777.7, "building_form_group": "no_building", "dong_name": "쌍문4동", "top1_feature": "green_ratio", "top1_shap": -1.0191, "top2_feature": "ndvi", "top2_shap": -0.9528, "top3_feature": "built_surface_ratio", "top3_shap": 0.0375, "priority_score": 49.5128, "priority_rank": 212 }, "geometry": { "type": "Polygon", "coordinates": [ [ [ 127.026701930512175, 37.652043625009078 ], [ 127.026687628542248, 37.654296905985852 ], [ 127.029521746453412, 37.654308243436667 ], [ 127.029535962793162, 37.65205496154384 ], [ 127.026701930512175, 37.652043625009078 ] ] ] } },
{ "type": "Feature", "properties": { "display_grid_id": "11320_00095", "gu_code": 11320, "gu_name": "도봉구", "source_cell_count": 12, "area_m2": 62500.0, "mean_actual_lst": 37.9884, "mean_actual_anomaly": 1.7386, "seoul_anomaly": -0.8529, "pred_anomaly": 0.1909, "pred_anomaly_std": 0.8451, "green_delta_c": -0.5857, "building_ratio": 0.1346, "green_ratio": 0.4448, "ndvi": 0.3628, "impervious_ratio": 0.3828, "built_surface_ratio": 0.3828, "avg_ground_floor_count": 2.8521, "elevation_m": 66.335, "albedo": 0.1262, "nearest_park_distance_m": 267.4636, "park_area_within_500m": 54655.0176, "nearest_stream_distance_m": 663.8616, "est_population_density": 13686.4, "dong_elderly_ratio": 0.2026, "dong_avg_age": 44.4, "dong_pop_density": 31855.2, "nearest_shelter_distance_m": 139.78, "shelter_count_within_500m": 13.44, "est_population": 855.4, "est_elderly": 173.3, "shelter_capacity_within_500m": 3638.8, "building_form_group": "no_building", "dong_name": "쌍문4동", "top1_feature": "green_ratio", "top1_shap": -0.5396, "top2_feature": "ndvi", "top2_shap": -0.595, "top3_feature": "built_surface_ratio", "top3_shap": 0.3458, "priority_score": 52.3333, "priority_rank": 193 }, "geometry": { "type": "Polygon", "coordinates": [ [ [ 127.029535962793162, 37.65205496154384 ], [ 127.029521746453412, 37.654308243436667 ], [ 127.032355865948389, 37.654319512801159 ], [ 127.032369996657792, 37.652066229997757 ], [ 127.029535962793162, 37.65205496154384 ] ] ] } },
{ "type": "Feature", "properties": { "display_grid_id": "11320_00096", "gu_code": 11320, "gu_name": "도봉구", "source_cell_count": 13, "area_m2": 62500.0, "mean_actual_lst": 41.0272, "mean_actual_anomaly": 4.9047, "seoul_anomaly": 2.3132, "pred_anomaly": 2.866, "pred_anomaly_std": 0.8459, "green_delta_c": -0.7593, "building_ratio": 0.3449, "green_ratio": 0.3342, "ndvi": 0.2202, "impervious_ratio": 0.3616, "built_surface_ratio": 0.3616, "avg_ground_floor_count": 2.731, "elevation_m": 55.9772, "albedo": 0.1106, "nearest_park_distance_m": 227.082, "park_area_within_500m": 121534.8808, "nearest_stream_distance_m": 716.4224, "est_population_density": 23828.8, "dong_elderly_ratio": 0.2321, "dong_avg_age": 46.24, "dong_pop_density": 33046.48, "nearest_shelter_distance_m": 104.4328, "shelter_count_within_500m": 11.44, "est_population": 1489.3, "est_elderly": 347.1, "shelter_capacity_within_500m": 2781.2, "building_form_group": "low_floor_high_density", "dong_name": "쌍문2동", "top1_feature": "building_ratio", "top1_shap": 0.5482, "top2_feature": "ndvi", "top2_shap": -0.0613, "top3_feature": "built_surface_ratio", "top3_shap": 0.309, "priority_score": 66.4231, "priority_rank": 74 }, "geometry": { "type": "Polygon", "coordinates": [ [ [ 127.032369996657792, 37.652066229997757 ], [ 127.032355865948389, 37.654319512801159 ], [ 127.03518998701766, 37.654330714079208 ], [ 127.03520403209653, 37.652077430370753 ], [ 127.032369996657792, 37.652066229997757 ] ] ] } },
{ "type": "Feature", "properties": { "display_grid_id": "11320_00097", "gu_code": 11320, "gu_name": "도봉구", "source_cell_count": 13, "area_m2": 62500.0, "mean_actual_lst": 42.0532, "mean_actual_anomaly": 6.306, "seoul_anomaly": 3.7145, "pred_anomaly": 4.4093, "pred_anomaly_std": 0.7761, "green_delta_c": -0.7256, "building_ratio": 0.3696, "green_ratio": 0.2351, "ndvi": 0.1239, "impervious_ratio": 0.4288, "built_surface_ratio": 0.4288, "avg_ground_floor_count": 3.3191, "elevation_m": 41.1606, "albedo": 0.107, "nearest_park_distance_m": 160.3468, "park_area_within_500m": 190811.2144, "nearest_stream_distance_m": 794.0744, "est_population_density": 27277.6, "dong_elderly_ratio": 0.2355, "dong_avg_age": 46.476, "dong_pop_density": 33372.268, "nearest_shelter_distance_m": 125.8208, "shelter_count_within_500m": 9.88, "est_population": 1704.8, "est_elderly": 402.0, "shelter_capacity_within_500m": 2320.0, "building_form_group": "low_floor_high_density", "dong_name": "쌍문2동", "top1_feature": "built_surface_ratio", "top1_shap": 0.554, "top2_feature": "building_ratio", "top2_shap": 0.4789, "top3_feature": "impervious_ratio", "top3_shap": 0.4534, "priority_score": 75.2564, "priority_rank": 19 }, "geometry": { "type": "Polygon", "coordinates": [ [ [ 127.03520403209653, 37.652077430370753 ], [ 127.03518998701766, 37.654330714079208 ], [ 127.038024109651687, 37.654341847270693 ], [ 127.038038069099855, 37.652088562662684 ], [ 127.03520403209653, 37.652077430370753 ] ] ] } },
{ "type": "Feature", "properties": { "display_grid_id": "11320_00098", "gu_code": 11320, "gu_name": "도봉구", "source_cell_count": 12, "area_m2": 62500.0, "mean_actual_lst": 40.5025, "mean_actual_anomaly": 5.012, "seoul_anomaly": 2.4205, "pred_anomaly": 2.6417, "pred_anomaly_std": 0.8385, "green_delta_c": -0.6957, "building_ratio": 0.2585, "green_ratio": 0.2502, "ndvi": 0.2106, "impervious_ratio": 0.4629, "built_surface_ratio": 0.4629, "avg_ground_floor_count": 6.3042, "elevation_m": 38.1462, "albedo": 0.1151, "nearest_park_distance_m": 111.81, "park_area_within_500m": 199054.4608, "nearest_stream_distance_m": 877.3536, "est_population_density": 34774.4, "dong_elderly_ratio": 0.2155, "dong_avg_age": 45.356, "dong_pop_density": 33512.108, "nearest_shelter_distance_m": 87.2768, "shelter_count_within_500m": 11.32, "est_population": 2173.4, "est_elderly": 467.5, "shelter_capacity_within_500m": 3005.5, "building_form_group": "high_floor_low_density", "dong_name": "창5동", "top1_feature": "built_surface_ratio", "top1_shap": 0.636, "top2_feature": "impervious_ratio", "top2_shap": 0.6225, "top3_feature": "green_ratio", "top3_shap": 0.2041, "priority_score": 68.7692, "priority_rank": 55 }, "geometry": { "type": "Polygon", "coordinates": [ [ [ 127.038038069099855, 37.652088562662684 ], [ 127.038024109651687, 37.654341847270693 ], [ 127.040858233840936, 37.654352912375508 ], [ 127.040872107658188, 37.652099626873436 ], [ 127.038038069099855, 37.652088562662684 ] ] ] } },
{ "type": "Feature", "properties": { "display_grid_id": "11320_00099", "gu_code": 11320, "gu_name": "도봉구", "source_cell_count": 14, "area_m2": 62500.0, "mean_actual_lst": 39.9094, "mean_actual_anomaly": 4.3446, "seoul_anomaly": 1.7531, "pred_anomaly": 1.9996, "pred_anomaly_std": 0.8454, "green_delta_c": -0.6661, "building_ratio": 0.1993, "green_ratio": 0.2498, "ndvi": 0.2352, "impervious_ratio": 0.4188, "built_surface_ratio": 0.4188, "avg_ground_floor_count": 10.0726, "elevation_m": 34.8431, "albedo": 0.0985, "nearest_park_distance_m": 134.7072, "park_area_within_500m": 146472.8376, "nearest_stream_distance_m": 912.7428, "est_population_density": 46780.8, "dong_elderly_ratio": 0.2145, "dong_avg_age": 45.3, "dong_pop_density": 33519.1, "nearest_shelter_distance_m": 71.1676, "shelter_count_within_500m": 14.44, "est_population": 2923.8, "est_elderly": 627.1, "shelter_capacity_within_500m": 4697.0, "building_form_group": "high_floor_low_density", "dong_name": "창5동", "top1_feature": "built_surface_ratio", "top1_shap": 0.5928, "top2_feature": "impervious_ratio", "top2_shap": 0.5783, "top3_feature": "green_ratio", "top3_shap": 0.2776, "priority_score": 64.9551, "priority_rank": 85 }, "geometry": { "type": "Polygon", "coordinates": [ [ [ 127.040872107658188, 37.652099626873436 ], [ 127.040858233840936, 37.654352912375508 ], [ 127.043692359575829, 37.654363909393545 ], [ 127.043706147762009, 37.652110623002898 ], [ 127.040872107658188, 37.652099626873436 ] ] ] } },
{ "type": "Feature", "properties": { "display_grid_id": "11320_00100", "gu_code": 11320, "gu_name": "도봉구", "source_cell_count": 15, "area_m2": 62500.0, "mean_actual_lst": 41.1483, "mean_actual_anomaly": 5.0769, "seoul_anomaly": 2.4854, "pred_anomaly": 2.9339, "pred_anomaly_std": 0.8329, "green_delta_c": -0.4366, "building_ratio": 0.246, "green_ratio": 0.2241, "ndvi": 0.1399, "impervious_ratio": 0.4575, "built_surface_ratio": 0.4575, "avg_ground_floor_count": 5.5934, "elevation_m": 31.2758, "albedo": 0.1011, "nearest_park_distance_m": 203.8408, "park_area_within_500m": 96071.3096, "nearest_stream_distance_m": 772.8588, "est_population_density": 36732.8, "dong_elderly_ratio": 0.2145, "dong_avg_age": 45.3, "dong_pop_density": 33519.1, "nearest_shelter_distance_m": 87.1804, "shelter_count_within_500m": 14.2, "est_population": 2295.8, "est_elderly": 492.4, "shelter_capacity_within_500m": 4968.0, "building_form_group": "high_floor_high_density", "dong_name": "창5동", "top1_feature": "built_surface_ratio", "top1_shap": 0.6315, "top2_feature": "impervious_ratio", "top2_shap": 0.6183, "top3_feature": "ndvi", "top3_shap": 0.2631, "priority_score": 63.282, "priority_rank": 96 }, "geometry": { "type": "Polygon", "coordinates": [ [ [ 127.043706147762009, 37.652110623002898 ], [ 127.043692359575829, 37.654363909393545 ], [ 127.046526486846886, 37.654374838324657 ], [ 127.046540189401796, 37.652121551050982 ], [ 127.043706147762009, 37.652110623002898 ] ] ] } },
{ "type": "Feature", "properties": { "display_grid_id": "11320_00101", "gu_code": 11320, "gu_name": "도봉구", "source_cell_count": 14, "area_m2": 62500.0, "mean_actual_lst": 39.3349, "mean_actual_anomaly": 3.3705, "seoul_anomaly": 0.779, "pred_anomaly": 3.183, "pred_anomaly_std": 0.8369, "green_delta_c": -0.2894, "building_ratio": 0.4702, "green_ratio": 0.2109, "ndvi": 0.1191, "impervious_ratio": 0.5351, "built_surface_ratio": 0.5351, "avg_ground_floor_count": 8.8151, "elevation_m": 30.698, "albedo": 0.1301, "nearest_park_distance_m": 75.396, "park_area_within_500m": 38550.694, "nearest_stream_distance_m": 518.4072, "est_population_density": 63811.2, "dong_elderly_ratio": 0.2015, "dong_avg_age": 44.7, "dong_pop_density": 26590.96, "nearest_shelter_distance_m": 179.976, "shelter_count_within_500m": 11.32, "est_population": 3988.2, "est_elderly": 813.2, "shelter_capacity_within_500m": 4114.2, "building_form_group": "high_floor_high_density", "dong_name": "창4동", "top1_feature": "building_ratio", "top1_shap": 0.6246, "top2_feature": "built_surface_ratio", "top2_shap": 0.534, "top3_feature": "impervious_ratio", "top3_shap": 0.519, "priority_score": 63.109, "priority_rank": 98 }, "geometry": { "type": "Polygon", "coordinates": [ [ [ 127.046540189401796, 37.652121551050982 ], [ 127.046526486846886, 37.654374838324657 ], [ 127.049360615644517, 37.654385699168763 ], [ 127.049374232567985, 37.652132411017526 ], [ 127.046540189401796, 37.652121551050982 ] ] ] } },
{ "type": "Feature", "properties": { "display_grid_id": "11320_00102", "gu_code": 11320, "gu_name": "도봉구", "source_cell_count": 12, "area_m2": 62500.0, "mean_actual_lst": 39.7292, "mean_actual_anomaly": 3.7868, "seoul_anomaly": 1.1953, "pred_anomaly": 2.8903, "pred_anomaly_std": 0.8277, "green_delta_c": -0.4512, "building_ratio": 0.2666, "green_ratio": 0.2227, "ndvi": 0.1306, "impervious_ratio": 0.4749, "built_surface_ratio": 0.4749, "avg_ground_floor_count": 10.8539, "elevation_m": 30.8412, "albedo": 0.1031, "nearest_park_distance_m": 110.7728, "park_area_within_500m": 83962.1372, "nearest_stream_distance_m": 279.0624, "est_population_density": 7114.4, "dong_elderly_ratio": 0.1929, "dong_avg_age": 44.3, "dong_pop_density": 21972.2, "nearest_shelter_distance_m": 154.6144, "shelter_count_within_500m": 8.04, "est_population": 444.7, "est_elderly": 85.7, "shelter_capacity_within_500m": 2680.3, "building_form_group": "high_floor_high_density", "dong_name": "창4동", "top1_feature": "built_surface_ratio", "top1_shap": 0.6148, "top2_feature": "impervious_ratio", "top2_shap": 0.6066, "top3_feature": "ndvi", "top3_shap": 0.3199, "priority_score": 56.468, "priority_rank": 158 }, "geometry": { "type": "Polygon", "coordinates": [ [ [ 127.049374232567985, 37.652132411017526 ], [ 127.049360615644517, 37.654385699168763 ], [ 127.052194745959213, 37.654396491925745 ], [ 127.052208277251054, 37.652143202902444 ], [ 127.049374232567985, 37.652132411017526 ] ] ] } },
{ "type": "Feature", "properties": { "display_grid_id": "11320_00103", "gu_code": 11320, "gu_name": "도봉구", "source_cell_count": 9, "area_m2": 38068.91, "mean_actual_lst": 40.416, "mean_actual_anomaly": 4.5564, "seoul_anomaly": 1.9648, "pred_anomaly": 3.0741, "pred_anomaly_std": 0.8625, "green_delta_c": -0.7209, "building_ratio": 0.1095, "green_ratio": 0.2367, "ndvi": 0.1552, "impervious_ratio": 0.4855, "built_surface_ratio": 0.4855, "avg_ground_floor_count": 3.9976, "elevation_m": 29.3637, "albedo": 0.1217, "nearest_park_distance_m": 160.9775, "park_area_within_500m": 202760.6568, "nearest_stream_distance_m": 73.1666, "est_population_density": 13583.2615, "dong_elderly_ratio": 0.1929, "dong_avg_age": 44.3, "dong_pop_density": 21972.2, "nearest_shelter_distance_m": 161.3834, "shelter_count_within_500m": 6.1819, "est_population": 517.1, "est_elderly": 99.7, "shelter_capacity_within_500m": 1406.0, "building_form_group": "no_building", "dong_name": "창4동", "top1_feature": "impervious_ratio", "top1_shap": 0.8192, "top2_feature": "built_surface_ratio", "top2_shap": 0.7982, "top3_feature": "ndvi", "top3_shap": 0.2465, "priority_score": 66.1923, "priority_rank": 76 }, "geometry": { "type": "Polygon", "coordinates": [ [ [ 127.052208277251054, 37.652143202902444 ], [ 127.052194745959213, 37.654396491925745 ], [ 127.0540465514228, 37.654403507073901 ], [ 127.05402932, 37.65420934 ], [ 127.054025020000012, 37.65415809 ], [ 127.05402413, 37.6541488 ], [ 127.05402378, 37.65414345 ], [ 127.05402289, 37.65413331 ], [ 127.05402217, 37.65412459 ], [ 127.054020210000019, 37.65410291 ], [ 127.05401789, 37.6540725 ], [ 127.054000020000018, 37.65384445 ], [ 127.05395289, 37.65330107 ], [ 127.053942550000016, 37.65318705 ], [ 127.05394201, 37.65318058 ], [ 127.053940580000017, 37.65316565 ], [ 127.05392421, 37.65305782 ], [ 127.05383946, 37.65263525000001 ], [ 127.05375623325213, 37.652149068681908 ], [ 127.052208277251054, 37.652143202902444 ] ] ] } },
{ "type": "Feature", "properties": { "display_grid_id": "11320_00104", "gu_code": 11320, "gu_name": "도봉구", "source_cell_count": 10, "area_m2": 48594.17, "mean_actual_lst": 41.0599, "mean_actual_anomaly": 5.0597, "seoul_anomaly": 2.4681, "pred_anomaly": 4.3318, "pred_anomaly_std": 0.8467, "green_delta_c": -0.5556, "building_ratio": 0.3258, "green_ratio": 0.2043, "ndvi": 0.1423, "impervious_ratio": 0.6015, "built_surface_ratio": 0.6015, "avg_ground_floor_count": 4.1371, "elevation_m": 50.6748, "albedo": 0.1112, "nearest_park_distance_m": 128.1966, "park_area_within_500m": 5070.654, "nearest_stream_distance_m": 48.5596, "est_population_density": 31822.0081, "dong_elderly_ratio": 0.2349, "dong_avg_age": 45.7, "dong_pop_density": 18239.2, "nearest_shelter_distance_m": 123.5938, "shelter_count_within_500m": 4.6688, "est_population": 1546.4, "est_elderly": 363.3, "shelter_capacity_within_500m": 782.9, "building_form_group": "high_floor_high_density", "dong_name": "쌍문1동", "top1_feature": "built_surface_ratio", "top1_shap": 0.7575, "top2_feature": "impervious_ratio", "top2_shap": 0.7262, "top3_feature": "green_ratio", "top3_shap": 0.2153, "priority_score": 67.1282, "priority_rank": 68 }, "geometry": { "type": "Polygon", "coordinates": [ [ [ 127.015336526806564, 37.656504151711452 ], [ 127.015351172926728, 37.654250875321708 ], [ 127.01290851383267, 37.654240814457346 ], [ 127.01291237, 37.65454679 ], [ 127.012924589999983, 37.65457129 ], [ 127.01294974000001, 37.65461267 ], [ 127.013007680000015, 37.65477428 ], [ 127.013035310000021, 37.65488493 ], [ 127.013036910000011, 37.65489168 ], [ 127.01303903, 37.65490126 ], [ 127.0130424, 37.65491561000001 ], [ 127.01310885, 37.655218 ], [ 127.013400328237239, 37.656496180618817 ], [ 127.015336526806564, 37.656504151711452 ] ] ] } },
{ "type": "Feature", "properties": { "display_grid_id": "11320_00105", "gu_code": 11320, "gu_name": "도봉구", "source_cell_count": 16, "area_m2": 62500.0, "mean_actual_lst": 41.5777, "mean_actual_anomaly": 5.5775, "seoul_anomaly": 2.986, "pred_anomaly": 4.5269, "pred_anomaly_std": 0.8089, "green_delta_c": -0.8582, "building_ratio": 0.383, "green_ratio": 0.2253, "ndvi": 0.1888, "impervious_ratio": 0.5695, "built_surface_ratio": 0.5695, "avg_ground_floor_count": 1.856, "elevation_m": 57.8292, "albedo": 0.1157, "nearest_park_distance_m": 258.724, "park_area_within_500m": 3401.202, "nearest_stream_distance_m": 202.2072, "est_population_density": 17128.0, "dong_elderly_ratio": 0.2349, "dong_avg_age": 45.7, "dong_pop_density": 18239.2, "nearest_shelter_distance_m": 167.0796, "shelter_count_within_500m": 5.16, "est_population": 1070.5, "est_elderly": 251.3, "shelter_capacity_within_500m": 897.5, "building_form_group": "low_floor_high_density", "dong_name": "쌍문1동", "top1_feature": "built_surface_ratio", "top1_shap": 0.7363, "top2_feature": "building_ratio", "top2_shap": 0.7181, "top3_feature": "impervious_ratio", "top3_shap": 0.7113, "priority_score": 77.0192, "priority_rank": 9 }, "geometry": { "type": "Polygon", "coordinates": [ [ [ 127.015351172926728, 37.654250875321708 ], [ 127.015336526806564, 37.656504151711452 ], [ 127.01817072392592, 37.656515762444506 ], [ 127.018185284407167, 37.654262485116639 ], [ 127.015351172926728, 37.654250875321708 ] ] ] } },
{ "type": "Feature", "properties": { "display_grid_id": "11320_00106", "gu_code": 11320, "gu_name": "도봉구", "source_cell_count": 11, "area_m2": 62500.0, "mean_actual_lst": 36.2013, "mean_actual_anomaly": 0.1094, "seoul_anomaly": -2.4822, "pred_anomaly": -0.2268, "pred_anomaly_std": 0.7744, "green_delta_c": -0.7707, "building_ratio": 0.1562, "green_ratio": 0.5019, "ndvi": 0.4165, "impervious_ratio": 0.3595, "built_surface_ratio": 0.3595, "avg_ground_floor_count": 2.8724, "elevation_m": 77.5705, "albedo": 0.1206, "nearest_park_distance_m": 500.3684, "park_area_within_500m": 1104.2072, "nearest_stream_distance_m": 456.3856, "est_population_density": 9100.0, "dong_elderly_ratio": 0.2366, "dong_avg_age": 45.764, "dong_pop_density": 16628.448, "nearest_shelter_distance_m": 154.6488, "shelter_count_within_500m": 6.68, "est_population": 568.7, "est_elderly": 133.8, "shelter_capacity_within_500m": 1073.0, "building_form_group": "low_floor_high_density", "dong_name": "쌍문1동", "top1_feature": "green_ratio", "top1_shap": -0.8598, "top2_feature": "ndvi", "top2_shap": -0.6836, "top3_feature": "built_surface_ratio", "top3_shap": 0.1101, "priority_score": 55.2821, "priority_rank": 166 }, "geometry": { "type": "Polygon", "coordinates": [ [ [ 127.018185284407167, 37.654262485116639 ], [ 127.01817072392592, 37.656515762444506 ], [ 127.021004922667501, 37.656527305086207 ], [ 127.021019397509619, 37.654274026825711 ], [ 127.018185284407167, 37.654262485116639 ] ] ] } },
{ "type": "Feature", "properties": { "display_grid_id": "11320_00107", "gu_code": 11320, "gu_name": "도봉구", "source_cell_count": 12, "area_m2": 62500.0, "mean_actual_lst": 34.1889, "mean_actual_anomaly": -2.0574, "seoul_anomaly": -4.649, "pred_anomaly": -2.8531, "pred_anomaly_std": 0.7924, "green_delta_c": -1.7196, "building_ratio": 0.051, "green_ratio": 0.7102, "ndvi": 0.527, "impervious_ratio": 0.1272, "built_surface_ratio": 0.1272, "avg_ground_floor_count": 2.755, "elevation_m": 78.7424, "albedo": 0.1105, "nearest_park_distance_m": 730.4564, "park_area_within_500m": 0.0, "nearest_stream_distance_m": 498.8976, "est_population_density": 7090.4, "dong_elderly_ratio": 0.2399, "dong_avg_age": 45.892, "dong_pop_density": 13406.944, "nearest_shelter_distance_m": 121.5096, "shelter_count_within_500m": 10.84, "est_population": 443.1, "est_elderly": 106.4, "shelter_capacity_within_500m": 1721.5, "building_form_group": "no_building", "dong_name": "방학3동", "top1_feature": "built_surface_ratio", "top1_shap": -0.9129, "top2_feature": "impervious_ratio", "top2_shap": -0.756, "top3_feature": "green_ratio", "top3_shap": -0.8358, "priority_score": 55.8333, "priority_rank": 161 }, "geometry": { "type": "Polygon", "coordinates": [ [ [ 127.021019397509619, 37.654274026825711 ], [ 127.021004922667501, 37.656527305086207 ], [ 127.023839123021688, 37.656538779636449 ], [ 127.023853512224463, 37.654285500448822 ], [ 127.021019397509619, 37.654274026825711 ] ] ] } },
{ "type": "Feature", "properties": { "display_grid_id": "11320_00108", "gu_code": 11320, "gu_name": "도봉구", "source_cell_count": 11, "area_m2": 62500.0, "mean_actual_lst": 35.7195, "mean_actual_anomaly": -0.5532, "seoul_anomaly": -3.1447, "pred_anomaly": -2.3216, "pred_anomaly_std": 0.8702, "green_delta_c": -1.1968, "building_ratio": 0.0538, "green_ratio": 0.6772, "ndvi": 0.4928, "impervious_ratio": 0.1392, "built_surface_ratio": 0.1392, "avg_ground_floor_count": 2.9497, "elevation_m": 79.8499, "albedo": 0.1193, "nearest_park_distance_m": 722.5456, "park_area_within_500m": 0.0, "nearest_stream_distance_m": 374.2896, "est_population_density": 5999.2, "dong_elderly_ratio": 0.2236, "dong_avg_age": 45.24, "dong_pop_density": 21411.424, "nearest_shelter_distance_m": 142.7928, "shelter_count_within_500m": 16.0, "est_population": 374.9, "est_elderly": 76.3, "shelter_capacity_within_500m": 3523.2, "building_form_group": "no_building", "dong_name": "방학3동", "top1_feature": "built_surface_ratio", "top1_shap": -0.7211, "top2_feature": "green_ratio", "top2_shap": -0.8677, "top3_feature": "ndvi", "top3_shap": -0.4107, "priority_score": 57.4744, "priority_rank": 149 }, "geometry": { "type": "Polygon", "coordinates": [ [ [ 127.023853512224463, 37.654285500448822 ], [ 127.023839123021688, 37.656538779636449 ], [ 127.026673324978987, 37.656550186095089 ], [ 127.026687628542248, 37.654296905985852 ], [ 127.023853512224463, 37.654285500448822 ] ] ] } },
{ "type": "Feature", "properties": { "display_grid_id": "11320_00109", "gu_code": 11320, "gu_name": "도봉구", "source_cell_count": 11, "area_m2": 62500.0, "mean_actual_lst": 39.4793, "mean_actual_anomaly": 3.2066, "seoul_anomaly": 0.6151, "pred_anomaly": 1.264, "pred_anomaly_std": 0.9351, "green_delta_c": -0.6538, "building_ratio": 0.1566, "green_ratio": 0.3409, "ndvi": 0.2578, "impervious_ratio": 0.3769, "built_surface_ratio": 0.3769, "avg_ground_floor_count": 8.3291, "elevation_m": 68.5391, "albedo": 0.1129, "nearest_park_distance_m": 577.5, "park_area_within_500m": 509.8488, "nearest_stream_distance_m": 369.5336, "est_population_density": 30508.8, "dong_elderly_ratio": 0.2026, "dong_avg_age": 44.4, "dong_pop_density": 31855.2, "nearest_shelter_distance_m": 128.1976, "shelter_count_within_500m": 18.08, "est_population": 1906.8, "est_elderly": 386.3, "shelter_capacity_within_500m": 4412.7, "building_form_group": "high_floor_low_density", "dong_name": "쌍문4동", "top1_feature": "built_surface_ratio", "top1_shap": 0.549, "top2_feature": "impervious_ratio", "top2_shap": 0.4206, "top3_feature": "ndvi", "top3_shap": -0.2422, "priority_score": 61.0128, "priority_rank": 117 }, "geometry": { "type": "Polygon", "coordinates": [ [ [ 127.026687628542248, 37.654296905985852 ], [ 127.026673324978987, 37.656550186095089 ], [ 127.029507528529834, 37.656561524462028 ], [ 127.029521746453412, 37.654308243436667 ], [ 127.026687628542248, 37.654296905985852 ] ] ] } },
{ "type": "Feature", "properties": { "display_grid_id": "11320_00110", "gu_code": 11320, "gu_name": "도봉구", "source_cell_count": 14, "area_m2": 62500.0, "mean_actual_lst": 37.063, "mean_actual_anomaly": 1.0146, "seoul_anomaly": -1.577, "pred_anomaly": -0.227, "pred_anomaly_std": 0.8717, "green_delta_c": -0.7481, "building_ratio": 0.1108, "green_ratio": 0.455, "ndvi": 0.3326, "impervious_ratio": 0.2607, "built_surface_ratio": 0.2607, "avg_ground_floor_count": 10.7137, "elevation_m": 57.6088, "albedo": 0.0978, "nearest_park_distance_m": 469.0332, "park_area_within_500m": 9010.8008, "nearest_stream_distance_m": 429.2432, "est_population_density": 35023.2, "dong_elderly_ratio": 0.2026, "dong_avg_age": 44.4, "dong_pop_density": 31855.2, "nearest_shelter_distance_m": 80.1816, "shelter_count_within_500m": 17.12, "est_population": 2189.0, "est_elderly": 443.5, "shelter_capacity_within_500m": 4710.3, "building_form_group": "high_floor_low_density", "dong_name": "쌍문4동", "top1_feature": "green_ratio", "top1_shap": -0.5794, "top2_feature": "ndvi", "top2_shap": -0.4347, "top3_feature": "built_surface_ratio", "top3_shap": 0.2825, "priority_score": 56.282, "priority_rank": 159 }, "geometry": { "type": "Polygon", "coordinates": [ [ [ 127.029521746453412, 37.654308243436667 ], [ 127.029507528529834, 37.656561524462028 ], [ 127.032341733664708, 37.65657279473713 ], [ 127.032355865948389, 37.654319512801159 ], [ 127.029521746453412, 37.654308243436667 ] ] ] } },
{ "type": "Feature", "properties": { "display_grid_id": "11320_00111", "gu_code": 11320, "gu_name": "도봉구", "source_cell_count": 9, "area_m2": 62500.0, "mean_actual_lst": 37.8653, "mean_actual_anomaly": 2.4253, "seoul_anomaly": -0.1662, "pred_anomaly": 0.8457, "pred_anomaly_std": 0.8434, "green_delta_c": -0.7742, "building_ratio": 0.1589, "green_ratio": 0.3807, "ndvi": 0.2903, "impervious_ratio": 0.3542, "built_surface_ratio": 0.3542, "avg_ground_floor_count": 7.8002, "elevation_m": 49.656, "albedo": 0.1069, "nearest_park_distance_m": 276.9492, "park_area_within_500m": 66410.4192, "nearest_stream_distance_m": 488.3592, "est_population_density": 33192.8, "dong_elderly_ratio": 0.2203, "dong_avg_age": 45.504, "dong_pop_density": 32569.968, "nearest_shelter_distance_m": 65.3704, "shelter_count_within_500m": 15.12, "est_population": 2074.5, "est_elderly": 446.8, "shelter_capacity_within_500m": 4857.7, "building_form_group": "high_floor_low_density", "dong_name": "쌍문4동", "top1_feature": "built_surface_ratio", "top1_shap": 0.4288, "top2_feature": "ndvi", "top2_shap": -0.3217, "top3_feature": "impervious_ratio", "top3_shap": 0.3914, "priority_score": 59.0385, "priority_rank": 138 }, "geometry": { "type": "Polygon", "coordinates": [ [ [ 127.032355865948389, 37.654319512801159 ], [ 127.032341733664708, 37.65657279473713 ], [ 127.03517594037406, 37.656583996920297 ], [ 127.03518998701766, 37.654330714079208 ], [ 127.032355865948389, 37.654319512801159 ] ] ] } },
{ "type": "Feature", "properties": { "display_grid_id": "11320_00112", "gu_code": 11320, "gu_name": "도봉구", "source_cell_count": 12, "area_m2": 62500.0, "mean_actual_lst": 41.6034, "mean_actual_anomaly": 5.9335, "seoul_anomaly": 3.342, "pred_anomaly": 4.1619, "pred_anomaly_std": 0.8029, "green_delta_c": -0.5718, "building_ratio": 0.3167, "green_ratio": 0.2227, "ndvi": 0.1334, "impervious_ratio": 0.4959, "built_surface_ratio": 0.4959, "avg_ground_floor_count": 3.2385, "elevation_m": 39.2525, "albedo": 0.117, "nearest_park_distance_m": 60.6668, "park_area_within_500m": 173529.5088, "nearest_stream_distance_m": 566.352, "est_population_density": 26179.2, "dong_elderly_ratio": 0.2395, "dong_avg_age": 46.7, "dong_pop_density": 33344.3, "nearest_shelter_distance_m": 142.3, "shelter_count_within_500m": 14.12, "est_population": 1636.2, "est_elderly": 391.8, "shelter_capacity_within_500m": 4562.0, "building_form_group": "low_floor_high_density", "dong_name": "쌍문2동", "top1_feature": "built_surface_ratio", "top1_shap": 0.6615, "top2_feature": "impervious_ratio", "top2_shap": 0.6431, "top3_feature": "building_ratio", "top3_shap": 0.3452, "priority_score": 71.1346, "priority_rank": 42 }, "geometry": { "type": "Polygon", "coordinates": [ [ [ 127.03518998701766, 37.654330714079208 ], [ 127.03517594037406, 37.656583996920297 ], [ 127.03801014864834, 37.656595131011386 ], [ 127.038024109651687, 37.654341847270693 ], [ 127.03518998701766, 37.654330714079208 ] ] ] } },
{ "type": "Feature", "properties": { "display_grid_id": "11320_00113", "gu_code": 11320, "gu_name": "도봉구", "source_cell_count": 9, "area_m2": 62500.0, "mean_actual_lst": 41.4612, "mean_actual_anomaly": 5.6738, "seoul_anomaly": 3.0823, "pred_anomaly": 3.7711, "pred_anomaly_std": 0.7281, "green_delta_c": -0.5444, "building_ratio": 0.3437, "green_ratio": 0.2055, "ndvi": 0.131, "impervious_ratio": 0.5393, "built_surface_ratio": 0.5393, "avg_ground_floor_count": 5.3793, "elevation_m": 35.5162, "albedo": 0.1093, "nearest_park_distance_m": 3.73, "park_area_within_500m": 203239.056, "nearest_stream_distance_m": 657.6552, "est_population_density": 46986.4, "dong_elderly_ratio": 0.2235, "dong_avg_age": 45.804, "dong_pop_density": 33456.172, "nearest_shelter_distance_m": 112.0568, "shelter_count_within_500m": 15.24, "est_population": 2936.6, "est_elderly": 652.7, "shelter_capacity_within_500m": 5617.5, "building_form_group": "high_floor_high_density", "dong_name": "창5동", "top1_feature": "built_surface_ratio", "top1_shap": 0.6655, "top2_feature": "impervious_ratio", "top2_shap": 0.6454, "top3_feature": "building_ratio", "top3_shap": 0.4424, "priority_score": 71.6282, "priority_rank": 39 }, "geometry": { "type": "Polygon", "coordinates": [ [ [ 127.038024109651687, 37.654341847270693 ], [ 127.03801014864834, 37.656595131011386 ], [ 127.040844358478012, 37.656606197010326 ], [ 127.040858233840936, 37.654352912375508 ], [ 127.038024109651687, 37.654341847270693 ] ] ] } },
{ "type": "Feature", "properties": { "display_grid_id": "11320_00114", "gu_code": 11320, "gu_name": "도봉구", "source_cell_count": 12, "area_m2": 62500.0, "mean_actual_lst": 40.6895, "mean_actual_anomaly": 4.7864, "seoul_anomaly": 2.1949, "pred_anomaly": 2.6819, "pred_anomaly_std": 0.8062, "green_delta_c": -0.5154, "building_ratio": 0.3283, "green_ratio": 0.2361, "ndvi": 0.1806, "impervious_ratio": 0.4765, "built_surface_ratio": 0.4765, "avg_ground_floor_count": 9.2072, "elevation_m": 32.7788, "albedo": 0.101, "nearest_park_distance_m": 6.0888, "park_area_within_500m": 202868.8968, "nearest_stream_distance_m": 682.8676, "est_population_density": 64680.8, "dong_elderly_ratio": 0.2145, "dong_avg_age": 45.3, "dong_pop_density": 33519.1, "nearest_shelter_distance_m": 68.7388, "shelter_count_within_500m": 14.44, "est_population": 4042.6, "est_elderly": 867.1, "shelter_capacity_within_500m": 4870.5, "building_form_group": "high_floor_high_density", "dong_name": "창5동", "top1_feature": "built_surface_ratio", "top1_shap": 0.6012, "top2_feature": "impervious_ratio", "top2_shap": 0.5043, "top3_feature": "building_ratio", "top3_shap": 0.3455, "priority_score": 64.359, "priority_rank": 89 }, "geometry": { "type": "Polygon", "coordinates": [ [ [ 127.040858233840936, 37.654352912375508 ], [ 127.040844358478012, 37.656606197010326 ], [ 127.04367856985354, 37.656617194916969 ], [ 127.043692359575829, 37.654363909393545 ], [ 127.040858233840936, 37.654352912375508 ] ] ] } },
{ "type": "Feature", "properties": { "display_grid_id": "11320_00115", "gu_code": 11320, "gu_name": "도봉구", "source_cell_count": 14, "area_m2": 62500.0, "mean_actual_lst": 40.4793, "mean_actual_anomaly": 4.4045, "seoul_anomaly": 1.813, "pred_anomaly": 2.5363, "pred_anomaly_std": 0.8538, "green_delta_c": -0.3632, "building_ratio": 0.2462, "green_ratio": 0.2292, "ndvi": 0.2051, "impervious_ratio": 0.5293, "built_surface_ratio": 0.5293, "avg_ground_floor_count": 9.676, "elevation_m": 30.6164, "albedo": 0.1158, "nearest_park_distance_m": 109.368, "park_area_within_500m": 154608.964, "nearest_stream_distance_m": 673.9436, "est_population_density": 12572.0, "dong_elderly_ratio": 0.2145, "dong_avg_age": 45.3, "dong_pop_density": 33519.1, "nearest_shelter_distance_m": 74.7868, "shelter_count_within_500m": 14.2, "est_population": 785.8, "est_elderly": 168.6, "shelter_capacity_within_500m": 5185.5, "building_form_group": "high_floor_low_density", "dong_name": "창5동", "top1_feature": "built_surface_ratio", "top1_shap": 0.6264, "top2_feature": "impervious_ratio", "top2_shap": 0.6123, "top3_feature": "avg_ground_floor_count", "top3_shap": -0.069, "priority_score": 53.0, "priority_rank": 184 }, "geometry": { "type": "Polygon", "coordinates": [ [ [ 127.043692359575829, 37.654363909393545 ], [ 127.04367856985354, 37.656617194916969 ], [ 127.046512782765376, 37.656628124731199 ], [ 127.046526486846886, 37.654374838324657 ], [ 127.043692359575829, 37.654363909393545 ] ] ] } },
{ "type": "Feature", "properties": { "display_grid_id": "11320_00116", "gu_code": 11320, "gu_name": "도봉구", "source_cell_count": 11, "area_m2": 62500.0, "mean_actual_lst": 39.6048, "mean_actual_anomaly": 3.5461, "seoul_anomaly": 0.9546, "pred_anomaly": 1.9573, "pred_anomaly_std": 0.8166, "green_delta_c": -0.3283, "building_ratio": 0.1852, "green_ratio": 0.2159, "ndvi": 0.1751, "impervious_ratio": 0.5776, "built_surface_ratio": 0.5776, "avg_ground_floor_count": 13.5992, "elevation_m": 30.0315, "albedo": 0.1304, "nearest_park_distance_m": 88.6896, "park_area_within_500m": 64436.3668, "nearest_stream_distance_m": 475.4472, "est_population_density": 32599.2, "dong_elderly_ratio": 0.1946, "dong_avg_age": 44.38, "dong_pop_density": 22895.952, "nearest_shelter_distance_m": 127.528, "shelter_count_within_500m": 11.24, "est_population": 2037.4, "est_elderly": 403.5, "shelter_capacity_within_500m": 4325.2, "building_form_group": "high_floor_low_density", "dong_name": "창4동", "top1_feature": "built_surface_ratio", "top1_shap": 0.6439, "top2_feature": "impervious_ratio", "top2_shap": 0.6339, "top3_feature": "avg_ground_floor_count", "top3_shap": -0.3353, "priority_score": 58.5256, "priority_rank": 142 }, "geometry": { "type": "Polygon", "coordinates": [ [ [ 127.046526486846886, 37.654374838324657 ], [ 127.046512782765376, 37.656628124731199 ], [ 127.049346997204012, 37.656638986452911 ], [ 127.049360615644517, 37.654385699168763 ], [ 127.046526486846886, 37.654374838324657 ] ] ] } },
{ "type": "Feature", "properties": { "display_grid_id": "11320_00117", "gu_code": 11320, "gu_name": "도봉구", "source_cell_count": 12, "area_m2": 62500.0, "mean_actual_lst": 41.9316, "mean_actual_anomaly": 5.912, "seoul_anomaly": 3.3204, "pred_anomaly": 3.2577, "pred_anomaly_std": 0.9397, "green_delta_c": -0.4915, "building_ratio": 0.2121, "green_ratio": 0.2149, "ndvi": 0.1156, "impervious_ratio": 0.5748, "built_surface_ratio": 0.5748, "avg_ground_floor_count": 9.022, "elevation_m": 29.2654, "albedo": 0.1332, "nearest_park_distance_m": 103.7064, "park_area_within_500m": 69427.9748, "nearest_stream_distance_m": 251.9056, "est_population_density": 5526.4, "dong_elderly_ratio": 0.1929, "dong_avg_age": 44.3, "dong_pop_density": 21972.2, "nearest_shelter_distance_m": 226.7056, "shelter_count_within_500m": 6.68, "est_population": 345.4, "est_elderly": 66.6, "shelter_capacity_within_500m": 1925.3, "building_form_group": "no_building", "dong_name": "창4동", "top1_feature": "built_surface_ratio", "top1_shap": 0.7684, "top2_feature": "impervious_ratio", "top2_shap": 0.758, "top3_feature": "ndvi", "top3_shap": 0.3264, "priority_score": 66.6282, "priority_rank": 72 }, "geometry": { "type": "Polygon", "coordinates": [ [ [ 127.049360615644517, 37.654385699168763 ], [ 127.049346997204012, 37.656638986452911 ], [ 127.052181213159869, 37.656649780081992 ], [ 127.052194745959213, 37.654396491925745 ], [ 127.049360615644517, 37.654385699168763 ] ] ] } },
{ "type": "Feature", "properties": { "display_grid_id": "11320_00118", "gu_code": 11320, "gu_name": "도봉구", "source_cell_count": 9, "area_m2": 36451.6, "mean_actual_lst": 41.6352, "mean_actual_anomaly": 5.4971, "seoul_anomaly": 2.9056, "pred_anomaly": 3.1721, "pred_anomaly_std": 1.0676, "green_delta_c": -0.758, "building_ratio": 0.1124, "green_ratio": 0.2355, "ndvi": 0.1217, "impervious_ratio": 0.5204, "built_surface_ratio": 0.5204, "avg_ground_floor_count": 1.8086, "elevation_m": 26.7342, "albedo": 0.1423, "nearest_park_distance_m": 145.0385, "park_area_within_500m": 150090.2329, "nearest_stream_distance_m": 57.1304, "est_population_density": 318.2302, "dong_elderly_ratio": 0.1929, "dong_avg_age": 44.3, "dong_pop_density": 21972.2, "nearest_shelter_distance_m": 293.1409, "shelter_count_within_500m": 5.2901, "est_population": 11.6, "est_elderly": 2.2, "shelter_capacity_within_500m": 1161.0, "building_form_group": "low_floor_low_density", "dong_name": "창4동", "top1_feature": "impervious_ratio", "top1_shap": 0.8219, "top2_feature": "built_surface_ratio", "top2_shap": 0.8105, "top3_feature": "ndvi", "top3_shap": 0.5218, "priority_score": 70.0256, "priority_rank": 49 }, "geometry": { "type": "Polygon", "coordinates": [ [ [ 127.052194745959213, 37.654396491925745 ], [ 127.052181213159869, 37.656649780081992 ], [ 127.053598941259651, 37.656655153706353 ], [ 127.053599149999982, 37.65663878 ], [ 127.05357472, 37.65615198 ], [ 127.05357614, 37.65614579 ], [ 127.05358056, 37.65613171 ], [ 127.05366667, 37.65596724000001 ], [ 127.05368701, 37.65592865 ], [ 127.05378815, 37.65573068 ], [ 127.05391546, 37.65548257 ], [ 127.05392944, 37.65545498 ], [ 127.05394871, 37.65541725 ], [ 127.054006360000017, 37.65530093 ], [ 127.05402035, 37.655051469999989 ], [ 127.05402088, 37.65504443 ], [ 127.05402803, 37.65490337 ], [ 127.054031010000017, 37.65485438 ], [ 127.054035559999988, 37.65478596 ], [ 127.054037490000013, 37.65475612 ], [ 127.05403784, 37.65475132000001 ], [ 127.05405377000001, 37.65448947 ], [ 127.05405358, 37.65448272 ], [ 127.05405255, 37.6544711 ], [ 127.0540465514228, 37.654403507073901 ], [ 127.052194745959213, 37.654396491925745 ] ] ] } },
{ "type": "Feature", "properties": { "display_grid_id": "11320_00119", "gu_code": 11320, "gu_name": "도봉구", "source_cell_count": 8, "area_m2": 36308.49, "mean_actual_lst": 40.877, "mean_actual_anomaly": 4.8107, "seoul_anomaly": 2.2192, "pred_anomaly": 4.0414, "pred_anomaly_std": 0.83, "green_delta_c": -0.7091, "building_ratio": 0.2667, "green_ratio": 0.219, "ndvi": 0.1687, "impervious_ratio": 0.5418, "built_surface_ratio": 0.5418, "avg_ground_floor_count": 4.2173, "elevation_m": 55.4324, "albedo": 0.1089, "nearest_park_distance_m": 109.322, "park_area_within_500m": 3092.67, "nearest_stream_distance_m": 41.5448, "est_population_density": 26413.1993, "dong_elderly_ratio": 0.2349, "dong_avg_age": 45.7, "dong_pop_density": 18239.2, "nearest_shelter_distance_m": 163.659, "shelter_count_within_500m": 5.177, "est_population": 959.0, "est_elderly": 225.4, "shelter_capacity_within_500m": 757.2, "building_form_group": "low_floor_high_density", "dong_name": "쌍문1동", "top1_feature": "built_surface_ratio", "top1_shap": 0.7182, "top2_feature": "impervious_ratio", "top2_shap": 0.6919, "top3_feature": "building_ratio", "top3_shap": 0.235, "priority_score": 69.4487, "priority_rank": 51 }, "geometry": { "type": "Polygon", "coordinates": [ [ [ 127.015321879054667, 37.658757427233425 ], [ 127.015336526806564, 37.656504151711452 ], [ 127.013400328237239, 37.656496180618817 ], [ 127.01343347000001, 37.65664151 ], [ 127.01344144, 37.6566767 ], [ 127.01344374, 37.65668712 ], [ 127.01346129, 37.65676595 ], [ 127.01346482, 37.65678116 ], [ 127.01347705000002, 37.65682395 ], [ 127.01351178, 37.65694248 ], [ 127.01353588, 37.65703652 ], [ 127.01367461, 37.65759595 ], [ 127.01367975, 37.65760693 ], [ 127.01368276, 37.65762636 ], [ 127.013682770000017, 37.65763875 ], [ 127.013684889999979, 37.65767563 ], [ 127.01368897, 37.65768999 ], [ 127.01379703, 37.65794816 ], [ 127.01381688, 37.65805796 ], [ 127.01382007, 37.65807598 ], [ 127.013843100000017, 37.65819508 ], [ 127.01384328, 37.65819959 ], [ 127.013844170000013, 37.65821 ], [ 127.01383852, 37.65829194 ], [ 127.01383905, 37.65829869 ], [ 127.01391967, 37.65863571 ], [ 127.013940062502925, 37.658751741423558 ], [ 127.015321879054667, 37.658757427233425 ] ] ] } },
{ "type": "Feature", "properties": { "display_grid_id": "11320_00120", "gu_code": 11320, "gu_name": "도봉구", "source_cell_count": 10, "area_m2": 62500.0, "mean_actual_lst": 38.7117, "mean_actual_anomaly": 2.6404, "seoul_anomaly": 0.0488, "pred_anomaly": 2.4256, "pred_anomaly_std": 0.7568, "green_delta_c": -0.6015, "building_ratio": 0.2628, "green_ratio": 0.3155, "ndvi": 0.2652, "impervious_ratio": 0.489, "built_surface_ratio": 0.489, "avg_ground_floor_count": 3.0176, "elevation_m": 67.9036, "albedo": 0.1128, "nearest_park_distance_m": 253.4596, "park_area_within_500m": 3092.67, "nearest_stream_distance_m": 185.9616, "est_population_density": 19380.0, "dong_elderly_ratio": 0.2353, "dong_avg_age": 45.716, "dong_pop_density": 17836.512, "nearest_shelter_distance_m": 230.3116, "shelter_count_within_500m": 4.64, "est_population": 1211.2, "est_elderly": 284.5, "shelter_capacity_within_500m": 878.2, "building_form_group": "low_floor_high_density", "dong_name": "쌍문1동", "top1_feature": "built_surface_ratio", "top1_shap": 0.596, "top2_feature": "impervious_ratio", "top2_shap": 0.5048, "top3_feature": "green_ratio", "top3_shap": -0.163, "priority_score": 60.6923, "priority_rank": 121 }, "geometry": { "type": "Polygon", "coordinates": [ [ [ 127.015336526806564, 37.656504151711452 ], [ 127.015321879054667, 37.658757427233425 ], [ 127.018156161822517, 37.658769038904673 ], [ 127.01817072392592, 37.656515762444506 ], [ 127.015336526806564, 37.656504151711452 ] ] ] } },
{ "type": "Feature", "properties": { "display_grid_id": "11320_00121", "gu_code": 11320, "gu_name": "도봉구", "source_cell_count": 12, "area_m2": 62500.0, "mean_actual_lst": 35.3173, "mean_actual_anomaly": -0.8029, "seoul_anomaly": -3.3944, "pred_anomaly": -1.1385, "pred_anomaly_std": 0.7333, "green_delta_c": -0.5707, "building_ratio": 0.0662, "green_ratio": 0.5545, "ndvi": 0.4528, "impervious_ratio": 0.2724, "built_surface_ratio": 0.2724, "avg_ground_floor_count": 2.3016, "elevation_m": 75.2612, "albedo": 0.1184, "nearest_park_distance_m": 495.5488, "park_area_within_500m": 1149.864, "nearest_stream_distance_m": 402.8268, "est_population_density": 6379.2, "dong_elderly_ratio": 0.2393, "dong_avg_age": 45.868, "dong_pop_density": 14010.976, "nearest_shelter_distance_m": 146.7964, "shelter_count_within_500m": 7.0, "est_population": 398.7, "est_elderly": 95.4, "shelter_capacity_within_500m": 1071.5, "building_form_group": "no_building", "dong_name": "방학3동", "top1_feature": "green_ratio", "top1_shap": -0.9907, "top2_feature": "ndvi", "top2_shap": -0.8441, "top3_feature": "built_surface_ratio", "top3_shap": 0.1455, "priority_score": 47.0641, "priority_rank": 229 }, "geometry": { "type": "Polygon", "coordinates": [ [ [ 127.01817072392592, 37.656515762444506 ], [ 127.018156161822517, 37.658769038904673 ], [ 127.02099044621275, 37.658780582479061 ], [ 127.021004922667501, 37.656527305086207 ], [ 127.01817072392592, 37.656515762444506 ] ] ] } },
{ "type": "Feature", "properties": { "display_grid_id": "11320_00122", "gu_code": 11320, "gu_name": "도봉구", "source_cell_count": 12, "area_m2": 62500.0, "mean_actual_lst": 37.8483, "mean_actual_anomaly": 1.6272, "seoul_anomaly": -0.9644, "pred_anomaly": 1.0469, "pred_anomaly_std": 0.9207, "green_delta_c": -0.6631, "building_ratio": 0.1847, "green_ratio": 0.3404, "ndvi": 0.2755, "impervious_ratio": 0.297, "built_surface_ratio": 0.297, "avg_ground_floor_count": 9.0495, "elevation_m": 59.0286, "albedo": 0.1047, "nearest_park_distance_m": 729.98, "park_area_within_500m": 0.0, "nearest_stream_distance_m": 305.6244, "est_population_density": 44146.4, "dong_elderly_ratio": 0.2401, "dong_avg_age": 45.9, "dong_pop_density": 13205.6, "nearest_shelter_distance_m": 108.0644, "shelter_count_within_500m": 11.08, "est_population": 2759.2, "est_elderly": 662.5, "shelter_capacity_within_500m": 2007.5, "building_form_group": "high_floor_low_density", "dong_name": "방학3동", "top1_feature": "built_surface_ratio", "top1_shap": 0.4412, "top2_feature": "impervious_ratio", "top2_shap": 0.3733, "top3_feature": "ndvi", "top3_shap": -0.3533, "priority_score": 59.0, "priority_rank": 140 }, "geometry": { "type": "Polygon", "coordinates": [ [ [ 127.021004922667501, 37.656527305086207 ], [ 127.02099044621275, 37.658780582479061 ], [ 127.023824732215786, 37.658792057956461 ], [ 127.023839123021688, 37.656538779636449 ], [ 127.021004922667501, 37.656527305086207 ] ] ] } },
{ "type": "Feature", "properties": { "display_grid_id": "11320_00123", "gu_code": 11320, "gu_name": "도봉구", "source_cell_count": 14, "area_m2": 62500.0, "mean_actual_lst": 38.0454, "mean_actual_anomaly": 1.8534, "seoul_anomaly": -0.7381, "pred_anomaly": 1.3564, "pred_anomaly_std": 0.9981, "green_delta_c": -0.785, "building_ratio": 0.2031, "green_ratio": 0.3212, "ndvi": 0.2494, "impervious_ratio": 0.2581, "built_surface_ratio": 0.2581, "avg_ground_floor_count": 10.8402, "elevation_m": 56.4939, "albedo": 0.0885, "nearest_park_distance_m": 898.526, "park_area_within_500m": 0.0, "nearest_stream_distance_m": 146.8864, "est_population_density": 53836.8, "dong_elderly_ratio": 0.2371, "dong_avg_age": 45.78, "dong_pop_density": 14697.568, "nearest_shelter_distance_m": 54.186, "shelter_count_within_500m": 17.64, "est_population": 3364.8, "est_elderly": 798.1, "shelter_capacity_within_500m": 4145.8, "building_form_group": "high_floor_low_density", "dong_name": "방학3동", "top1_feature": "impervious_ratio", "top1_shap": 0.4143, "top2_feature": "built_surface_ratio", "top2_shap": 0.3704, "top3_feature": "green_ratio", "top3_shap": -0.0221, "priority_score": 60.8205, "priority_rank": 119 }, "geometry": { "type": "Polygon", "coordinates": [ [ [ 127.023839123021688, 37.656538779636449 ], [ 127.023824732215786, 37.658792057956461 ], [ 127.026659019822134, 37.658803465336788 ], [ 127.026673324978987, 37.656550186095089 ], [ 127.023839123021688, 37.656538779636449 ] ] ] } },
{ "type": "Feature", "properties": { "display_grid_id": "11320_00124", "gu_code": 11320, "gu_name": "도봉구", "source_cell_count": 14, "area_m2": 62500.0, "mean_actual_lst": 39.5217, "mean_actual_anomaly": 3.4136, "seoul_anomaly": 0.8221, "pred_anomaly": 2.276, "pred_anomaly_std": 0.893, "green_delta_c": -0.8676, "building_ratio": 0.1979, "green_ratio": 0.2769, "ndvi": 0.2065, "impervious_ratio": 0.3085, "built_surface_ratio": 0.3085, "avg_ground_floor_count": 11.4872, "elevation_m": 51.9895, "albedo": 0.0875, "nearest_park_distance_m": 787.5988, "park_area_within_500m": 0.0, "nearest_stream_distance_m": 126.4808, "est_population_density": 55000.8, "dong_elderly_ratio": 0.2071, "dong_avg_age": 44.58, "dong_pop_density": 29617.248, "nearest_shelter_distance_m": 74.5964, "shelter_count_within_500m": 20.52, "est_population": 3437.6, "est_elderly": 711.5, "shelter_capacity_within_500m": 4941.3, "building_form_group": "high_floor_low_density", "dong_name": "쌍문4동", "top1_feature": "built_surface_ratio", "top1_shap": 0.5146, "top2_feature": "impervious_ratio", "top2_shap": 0.5008, "top3_feature": "green_ratio", "top3_shap": 0.2138, "priority_score": 68.1667, "priority_rank": 57 }, "geometry": { "type": "Polygon", "coordinates": [ [ [ 127.026673324978987, 37.656550186095089 ], [ 127.026659019822134, 37.658803465336788 ], [ 127.029493309022229, 37.65881480461988 ], [ 127.029507528529834, 37.656561524462028 ], [ 127.026673324978987, 37.656550186095089 ] ] ] } },
{ "type": "Feature", "properties": { "display_grid_id": "11320_00125", "gu_code": 11320, "gu_name": "도봉구", "source_cell_count": 15, "area_m2": 62500.0, "mean_actual_lst": 39.5185, "mean_actual_anomaly": 4.1388, "seoul_anomaly": 1.5473, "pred_anomaly": 2.3624, "pred_anomaly_std": 0.9821, "green_delta_c": -1.2895, "building_ratio": 0.2189, "green_ratio": 0.2734, "ndvi": 0.2035, "impervious_ratio": 0.2435, "built_surface_ratio": 0.2435, "avg_ground_floor_count": 12.1708, "elevation_m": 51.0802, "albedo": 0.0826, "nearest_park_distance_m": 568.378, "park_area_within_500m": 1232.0048, "nearest_stream_distance_m": 175.0284, "est_population_density": 65584.8, "dong_elderly_ratio": 0.2026, "dong_avg_age": 44.4, "dong_pop_density": 31855.2, "nearest_shelter_distance_m": 70.2632, "shelter_count_within_500m": 21.32, "est_population": 4099.1, "est_elderly": 830.4, "shelter_capacity_within_500m": 6307.3, "building_form_group": "high_floor_low_density", "dong_name": "쌍문4동", "top1_feature": "built_surface_ratio", "top1_shap": 0.4501, "top2_feature": "impervious_ratio", "top2_shap": 0.4291, "top3_feature": "green_ratio", "top3_shap": 0.2086, "priority_score": 73.0384, "priority_rank": 28 }, "geometry": { "type": "Polygon", "coordinates": [ [ [ 127.029507528529834, 37.656561524462028 ], [ 127.029493309022229, 37.65881480461988 ], [ 127.032327599806536, 37.658826075805656 ], [ 127.032341733664708, 37.65657279473713 ], [ 127.029507528529834, 37.656561524462028 ] ] ] } },
{ "type": "Feature", "properties": { "display_grid_id": "11320_00126", "gu_code": 11320, "gu_name": "도봉구", "source_cell_count": 13, "area_m2": 62500.0, "mean_actual_lst": 39.6439, "mean_actual_anomaly": 4.4465, "seoul_anomaly": 1.855, "pred_anomaly": 2.563, "pred_anomaly_std": 0.8807, "green_delta_c": -0.3426, "building_ratio": 0.1924, "green_ratio": 0.2326, "ndvi": 0.1459, "impervious_ratio": 0.3611, "built_surface_ratio": 0.3611, "avg_ground_floor_count": 12.3316, "elevation_m": 45.7333, "albedo": 0.0932, "nearest_park_distance_m": 354.906, "park_area_within_500m": 48164.3256, "nearest_stream_distance_m": 242.7948, "est_population_density": 57780.0, "dong_elderly_ratio": 0.2233, "dong_avg_age": 45.688, "dong_pop_density": 32689.096, "nearest_shelter_distance_m": 81.9984, "shelter_count_within_500m": 18.52, "est_population": 3611.2, "est_elderly": 799.9, "shelter_capacity_within_500m": 5971.7, "building_form_group": "high_floor_low_density", "dong_name": "쌍문2동", "top1_feature": "built_surface_ratio", "top1_shap": 0.5736, "top2_feature": "impervious_ratio", "top2_shap": 0.5615, "top3_feature": "ndvi", "top3_shap": 0.2807, "priority_score": 59.6538, "priority_rank": 129 }, "geometry": { "type": "Polygon", "coordinates": [ [ [ 127.032341733664708, 37.65657279473713 ], [ 127.032327599806536, 37.658826075805656 ], [ 127.035161892165505, 37.658837278893998 ], [ 127.03517594037406, 37.656583996920297 ], [ 127.032341733664708, 37.65657279473713 ] ] ] } },
{ "type": "Feature", "properties": { "display_grid_id": "11320_00127", "gu_code": 11320, "gu_name": "도봉구", "source_cell_count": 16, "area_m2": 62500.0, "mean_actual_lst": 41.5536, "mean_actual_anomaly": 6.3116, "seoul_anomaly": 3.7201, "pred_anomaly": 3.6025, "pred_anomaly_std": 0.8269, "green_delta_c": -0.3763, "building_ratio": 0.2894, "green_ratio": 0.2109, "ndvi": 0.1237, "impervious_ratio": 0.4782, "built_surface_ratio": 0.4782, "avg_ground_floor_count": 8.8594, "elevation_m": 43.8078, "albedo": 0.1037, "nearest_park_distance_m": 129.1388, "park_area_within_500m": 152737.7932, "nearest_stream_distance_m": 324.4088, "est_population_density": 56562.8, "dong_elderly_ratio": 0.2395, "dong_avg_age": 46.7, "dong_pop_density": 33344.3, "nearest_shelter_distance_m": 119.2908, "shelter_count_within_500m": 14.52, "est_population": 3535.2, "est_elderly": 846.8, "shelter_capacity_within_500m": 4694.5, "building_form_group": "low_floor_high_density", "dong_name": "쌍문2동", "top1_feature": "built_surface_ratio", "top1_shap": 0.6441, "top2_feature": "impervious_ratio", "top2_shap": 0.606, "top3_feature": "ndvi", "top3_shap": 0.295, "priority_score": 71.25, "priority_rank": 41 }, "geometry": { "type": "Polygon", "coordinates": [ [ [ 127.03517594037406, 37.656583996920297 ], [ 127.035161892165505, 37.658837278893998 ], [ 127.037996186089572, 37.658848413884769 ], [ 127.03801014864834, 37.656595131011386 ], [ 127.03517594037406, 37.656583996920297 ] ] ] } },
{ "type": "Feature", "properties": { "display_grid_id": "11320_00128", "gu_code": 11320, "gu_name": "도봉구", "source_cell_count": 11, "area_m2": 62500.0, "mean_actual_lst": 42.5101, "mean_actual_anomaly": 6.7811, "seoul_anomaly": 4.1896, "pred_anomaly": 4.6788, "pred_anomaly_std": 0.7816, "green_delta_c": -0.5522, "building_ratio": 0.3523, "green_ratio": 0.2161, "ndvi": 0.1114, "impervious_ratio": 0.4439, "built_surface_ratio": 0.4439, "avg_ground_floor_count": 3.9754, "elevation_m": 37.0427, "albedo": 0.0974, "nearest_park_distance_m": 8.0972, "park_area_within_500m": 198607.4228, "nearest_stream_distance_m": 416.5704, "est_population_density": 33523.6, "dong_elderly_ratio": 0.2315, "dong_avg_age": 46.252, "dong_pop_density": 33400.236, "nearest_shelter_distance_m": 117.9076, "shelter_count_within_500m": 12.6, "est_population": 2095.2, "est_elderly": 481.7, "shelter_capacity_within_500m": 5347.0, "building_form_group": "low_floor_high_density", "dong_name": "쌍문2동", "top1_feature": "built_surface_ratio", "top1_shap": 0.6482, "top2_feature": "impervious_ratio", "top2_shap": 0.5578, "top3_feature": "ndvi", "top3_shap": 0.4554, "priority_score": 72.8333, "priority_rank": 29 }, "geometry": { "type": "Polygon", "coordinates": [ [ [ 127.03801014864834, 37.656595131011386 ], [ 127.037996186089572, 37.658848413884769 ], [ 127.040830481569216, 37.658859480777856 ], [ 127.040844358478012, 37.656606197010326 ], [ 127.03801014864834, 37.656595131011386 ] ] ] } },
{ "type": "Feature", "properties": { "display_grid_id": "11320_00129", "gu_code": 11320, "gu_name": "도봉구", "source_cell_count": 14, "area_m2": 62500.0, "mean_actual_lst": 40.0323, "mean_actual_anomaly": 3.9762, "seoul_anomaly": 1.3847, "pred_anomaly": 2.1479, "pred_anomaly_std": 0.8149, "green_delta_c": -0.558, "building_ratio": 0.2492, "green_ratio": 0.2533, "ndvi": 0.1835, "impervious_ratio": 0.4727, "built_surface_ratio": 0.4727, "avg_ground_floor_count": 12.7852, "elevation_m": 31.0421, "albedo": 0.088, "nearest_park_distance_m": 46.8388, "park_area_within_500m": 210037.1264, "nearest_stream_distance_m": 424.9112, "est_population_density": 31479.2, "dong_elderly_ratio": 0.2145, "dong_avg_age": 45.3, "dong_pop_density": 33519.1, "nearest_shelter_distance_m": 115.134, "shelter_count_within_500m": 14.8, "est_population": 1967.5, "est_elderly": 422.1, "shelter_capacity_within_500m": 5380.0, "building_form_group": "high_floor_low_density", "dong_name": "창5동", "top1_feature": "built_surface_ratio", "top1_shap": 0.5894, "top2_feature": "impervious_ratio", "top2_shap": 0.5748, "top3_feature": "avg_ground_floor_count", "top3_shap": -0.3515, "priority_score": 62.7051, "priority_rank": 102 }, "geometry": { "type": "Polygon", "coordinates": [ [ [ 127.040844358478012, 37.656606197010326 ], [ 127.040830481569216, 37.658859480777856 ], [ 127.043664778594916, 37.65887047957316 ], [ 127.04367856985354, 37.656617194916969 ], [ 127.040844358478012, 37.656606197010326 ] ] ] } },
{ "type": "Feature", "properties": { "display_grid_id": "11320_00130", "gu_code": 11320, "gu_name": "도봉구", "source_cell_count": 11, "area_m2": 62500.0, "mean_actual_lst": 39.0742, "mean_actual_anomaly": 3.0269, "seoul_anomaly": 0.4354, "pred_anomaly": 1.7962, "pred_anomaly_std": 0.8116, "green_delta_c": -0.5662, "building_ratio": 0.1809, "green_ratio": 0.2615, "ndvi": 0.1995, "impervious_ratio": 0.4868, "built_surface_ratio": 0.4868, "avg_ground_floor_count": 11.9374, "elevation_m": 28.094, "albedo": 0.0977, "nearest_park_distance_m": 83.3428, "park_area_within_500m": 146293.6888, "nearest_stream_distance_m": 457.4728, "est_population_density": 3816.0, "dong_elderly_ratio": 0.2093, "dong_avg_age": 45.06, "dong_pop_density": 30747.844, "nearest_shelter_distance_m": 127.2876, "shelter_count_within_500m": 15.6, "est_population": 238.5, "est_elderly": 51.0, "shelter_capacity_within_500m": 5574.5, "building_form_group": "high_floor_low_density", "dong_name": "창5동", "top1_feature": "built_surface_ratio", "top1_shap": 0.6218, "top2_feature": "impervious_ratio", "top2_shap": 0.6019, "top3_feature": "avg_ground_floor_count", "top3_shap": -0.3886, "priority_score": 53.6282, "priority_rank": 176 }, "geometry": { "type": "Polygon", "coordinates": [ [ [ 127.04367856985354, 37.656617194916969 ], [ 127.043664778594916, 37.65887047957316 ], [ 127.046499077157108, 37.65888141027056 ], [ 127.046512782765376, 37.656628124731199 ], [ 127.04367856985354, 37.656617194916969 ] ] ] } },
{ "type": "Feature", "properties": { "display_grid_id": "11320_00131", "gu_code": 11320, "gu_name": "도봉구", "source_cell_count": 13, "area_m2": 62500.0, "mean_actual_lst": 39.0829, "mean_actual_anomaly": 3.0233, "seoul_anomaly": 0.4318, "pred_anomaly": 1.2697, "pred_anomaly_std": 0.8097, "green_delta_c": -0.4772, "building_ratio": 0.1751, "green_ratio": 0.251, "ndvi": 0.1919, "impervious_ratio": 0.5166, "built_surface_ratio": 0.5166, "avg_ground_floor_count": 16.5421, "elevation_m": 37.7694, "albedo": 0.0943, "nearest_park_distance_m": 139.8576, "park_area_within_500m": 66384.9928, "nearest_stream_distance_m": 364.9572, "est_population_density": 57165.6, "dong_elderly_ratio": 0.1929, "dong_avg_age": 44.3, "dong_pop_density": 21972.2, "nearest_shelter_distance_m": 120.6664, "shelter_count_within_500m": 12.36, "est_population": 3572.9, "est_elderly": 689.3, "shelter_capacity_within_500m": 4475.5, "building_form_group": "high_floor_low_density", "dong_name": "창4동", "top1_feature": "built_surface_ratio", "top1_shap": 0.6117, "top2_feature": "impervious_ratio", "top2_shap": 0.5962, "top3_feature": "avg_ground_floor_count", "top3_shap": -0.5072, "priority_score": 61.0385, "priority_rank": 116 }, "geometry": { "type": "Polygon", "coordinates": [ [ [ 127.046512782765376, 37.656628124731199 ], [ 127.046499077157108, 37.65888141027056 ], [ 127.049333377246271, 37.658892272869927 ], [ 127.049346997204012, 37.656638986452911 ], [ 127.046512782765376, 37.656628124731199 ] ] ] } },
{ "type": "Feature", "properties": { "display_grid_id": "11320_00132", "gu_code": 11320, "gu_name": "도봉구", "source_cell_count": 13, "area_m2": 62500.0, "mean_actual_lst": 40.7542, "mean_actual_anomaly": 4.7228, "seoul_anomaly": 2.1312, "pred_anomaly": 2.9775, "pred_anomaly_std": 0.8867, "green_delta_c": -0.5458, "building_ratio": 0.1136, "green_ratio": 0.2377, "ndvi": 0.1402, "impervious_ratio": 0.5635, "built_surface_ratio": 0.5635, "avg_ground_floor_count": 3.3918, "elevation_m": 29.8565, "albedo": 0.1464, "nearest_park_distance_m": 206.3784, "park_area_within_500m": 75546.9968, "nearest_stream_distance_m": 157.99, "est_population_density": 13100.8, "dong_elderly_ratio": 0.1929, "dong_avg_age": 44.3, "dong_pop_density": 21972.2, "nearest_shelter_distance_m": 96.5952, "shelter_count_within_500m": 6.92, "est_population": 818.8, "est_elderly": 157.9, "shelter_capacity_within_500m": 1917.5, "building_form_group": "no_building", "dong_name": "창4동", "top1_feature": "impervious_ratio", "top1_shap": 0.788, "top2_feature": "built_surface_ratio", "top2_shap": 0.7567, "top3_feature": "ndvi", "top3_shap": 0.3315, "priority_score": 59.2179, "priority_rank": 134 }, "geometry": { "type": "Polygon", "coordinates": [ [ [ 127.049346997204012, 37.656638986452911 ], [ 127.049333377246271, 37.658892272869927 ], [ 127.05216767885284, 37.65890306737117 ], [ 127.052181213159869, 37.656649780081992 ], [ 127.049346997204012, 37.656638986452911 ] ] ] } },
{ "type": "Feature", "properties": { "display_grid_id": "11320_00133", "gu_code": 11320, "gu_name": "도봉구", "source_cell_count": 10, "area_m2": 22295.64, "mean_actual_lst": 37.7818, "mean_actual_anomaly": 2.4652, "seoul_anomaly": -0.1263, "pred_anomaly": 0.4723, "pred_anomaly_std": 1.2883, "green_delta_c": -0.5849, "building_ratio": 0.0, "green_ratio": 0.2618, "ndvi": 0.1145, "impervious_ratio": 0.3126, "built_surface_ratio": 0.3126, "avg_ground_floor_count": 0.0, "elevation_m": 27.0588, "albedo": 0.1132, "nearest_park_distance_m": 92.4922, "park_area_within_500m": 120856.8449, "nearest_stream_distance_m": 10.7689, "est_population_density": 0.0, "dong_elderly_ratio": 0.1929, "dong_avg_age": 44.3, "dong_pop_density": 21972.2, "nearest_shelter_distance_m": 196.4727, "shelter_count_within_500m": 5.7572, "est_population": 0.0, "est_elderly": 0.0, "shelter_capacity_within_500m": 824.3, "building_form_group": "no_building", "dong_name": "창4동", "top1_feature": "impervious_ratio", "top1_shap": 0.6407, "top2_feature": "building_ratio", "top2_shap": -0.7841, "top3_feature": "built_surface_ratio", "top3_shap": 0.3404, "priority_score": 45.7628, "priority_rank": 239 }, "geometry": { "type": "Polygon", "coordinates": [ [ [ 127.052181213159869, 37.656649780081992 ], [ 127.05216767885284, 37.65890306737117 ], [ 127.05254943042199, 37.658904516076383 ], [ 127.0531853, 37.65787977 ], [ 127.05320123, 37.65785414 ], [ 127.053312120000015, 37.65767446 ], [ 127.0533146, 37.65767024 ], [ 127.05332397, 37.65765503 ], [ 127.05332698, 37.657649960000015 ], [ 127.05333246, 37.65764095 ], [ 127.053347860000017, 37.65761588 ], [ 127.05335864, 37.65759842 ], [ 127.053382700000014, 37.65755899 ], [ 127.053407990000011, 37.65751788 ], [ 127.053415410000014, 37.65750211000001 ], [ 127.053598, 37.65677027 ], [ 127.05359831, 37.65670467 ], [ 127.053598941259651, 37.656655153706353 ], [ 127.052181213159869, 37.656649780081992 ] ] ] } },
{ "type": "Feature", "properties": { "display_grid_id": "11320_00134", "gu_code": 11320, "gu_name": "도봉구", "source_cell_count": 6, "area_m2": 23025.87, "mean_actual_lst": 39.947, "mean_actual_anomaly": 3.8282, "seoul_anomaly": 1.2367, "pred_anomaly": 4.0247, "pred_anomaly_std": 0.8815, "green_delta_c": -0.6697, "building_ratio": 0.3317, "green_ratio": 0.2148, "ndvi": 0.1718, "impervious_ratio": 0.5977, "built_surface_ratio": 0.5977, "avg_ground_floor_count": 3.924, "elevation_m": 59.9048, "albedo": 0.1124, "nearest_park_distance_m": 330.6849, "park_area_within_500m": 3092.67, "nearest_stream_distance_m": 39.3876, "est_population_density": 34544.9161, "dong_elderly_ratio": 0.2349, "dong_avg_age": 45.7, "dong_pop_density": 18239.2, "nearest_shelter_distance_m": 228.9921, "shelter_count_within_500m": 3.1879, "est_population": 795.4, "est_elderly": 186.8, "shelter_capacity_within_500m": 399.8, "building_form_group": "high_floor_high_density", "dong_name": "쌍문1동", "top1_feature": "built_surface_ratio", "top1_shap": 0.7589, "top2_feature": "impervious_ratio", "top2_shap": 0.7401, "top3_feature": "building_ratio", "top3_shap": 0.4572, "priority_score": 67.3077, "priority_rank": 65 }, "geometry": { "type": "Polygon", "coordinates": [ [ [ 127.015307229670839, 37.661010701887633 ], [ 127.015321879054667, 37.658757427233425 ], [ 127.013940062502925, 37.658751741423558 ], [ 127.014021950000014, 37.65921767 ], [ 127.01402425000002, 37.65922725 ], [ 127.014073859999982, 37.65937928 ], [ 127.01407864, 37.65939392 ], [ 127.01408714999998, 37.659420100000013 ], [ 127.01409068, 37.65943108 ], [ 127.014113010000017, 37.65950006 ], [ 127.01426482, 37.65980215 ], [ 127.014303090000013, 37.65991364 ], [ 127.01432613, 37.66003667 ], [ 127.01432861, 37.6600592 ], [ 127.01433092, 37.66009608 ], [ 127.01433679, 37.66023658000001 ], [ 127.01437612, 37.66037933 ], [ 127.014382850000018, 37.66038354 ], [ 127.014398969999988, 37.66038383 ], [ 127.014403930000014, 37.66038664 ], [ 127.01441988, 37.66045675 ], [ 127.01442803, 37.66046012000001 ], [ 127.01456491, 37.66045589 ], [ 127.014570050000017, 37.6604587 ], [ 127.014591, 37.66079938 ], [ 127.01459562, 37.66087231 ], [ 127.01460218, 37.66096156 ], [ 127.014605228622173, 37.661007815215861 ], [ 127.015307229670839, 37.661010701887633 ] ] ] } },
{ "type": "Feature", "properties": { "display_grid_id": "11320_00135", "gu_code": 11320, "gu_name": "도봉구", "source_cell_count": 11, "area_m2": 62500.0, "mean_actual_lst": 34.7522, "mean_actual_anomaly": -1.3493, "seoul_anomaly": -3.9408, "pred_anomaly": -1.188, "pred_anomaly_std": 0.7251, "green_delta_c": -0.6892, "building_ratio": 0.139, "green_ratio": 0.5742, "ndvi": 0.4108, "impervious_ratio": 0.2695, "built_surface_ratio": 0.2695, "avg_ground_floor_count": 2.7248, "elevation_m": 78.4101, "albedo": 0.1221, "nearest_park_distance_m": 413.246, "park_area_within_500m": 2336.0812, "nearest_stream_distance_m": 175.1912, "est_population_density": 13401.6, "dong_elderly_ratio": 0.237, "dong_avg_age": 45.78, "dong_pop_density": 16225.76, "nearest_shelter_distance_m": 310.4444, "shelter_count_within_500m": 3.6, "est_population": 837.6, "est_elderly": 196.8, "shelter_capacity_within_500m": 821.7, "building_form_group": "no_building", "dong_name": "쌍문1동", "top1_feature": "green_ratio", "top1_shap": -0.8333, "top2_feature": "built_surface_ratio", "top2_shap": -0.1651, "top3_feature": "impervious_ratio", "top3_shap": -0.1773, "priority_score": 55.3205, "priority_rank": 165 }, "geometry": { "type": "Polygon", "coordinates": [ [ [ 127.015321879054667, 37.658757427233425 ], [ 127.015307229670839, 37.661010701887633 ], [ 127.018141598096733, 37.661022314497096 ], [ 127.018156161822517, 37.658769038904673 ], [ 127.015321879054667, 37.658757427233425 ] ] ] } },
{ "type": "Feature", "properties": { "display_grid_id": "11320_00136", "gu_code": 11320, "gu_name": "도봉구", "source_cell_count": 14, "area_m2": 62500.0, "mean_actual_lst": 33.9045, "mean_actual_anomaly": -2.3403, "seoul_anomaly": -4.9318, "pred_anomaly": -1.8554, "pred_anomaly_std": 0.7372, "green_delta_c": -0.7223, "building_ratio": 0.0254, "green_ratio": 0.6147, "ndvi": 0.4814, "impervious_ratio": 0.2342, "built_surface_ratio": 0.2342, "avg_ground_floor_count": 0.8701, "elevation_m": 70.7301, "albedo": 0.1313, "nearest_park_distance_m": 594.3768, "park_area_within_500m": 160.1632, "nearest_stream_distance_m": 305.8892, "est_population_density": 0.0, "dong_elderly_ratio": 0.2401, "dong_avg_age": 45.9, "dong_pop_density": 13205.6, "nearest_shelter_distance_m": 238.2844, "shelter_count_within_500m": 5.56, "est_population": 0.0, "est_elderly": 0.0, "shelter_capacity_within_500m": 979.0, "building_form_group": "no_building", "dong_name": "방학3동", "top1_feature": "green_ratio", "top1_shap": -1.0157, "top2_feature": "ndvi", "top2_shap": -0.7609, "top3_feature": "built_surface_ratio", "top3_shap": -0.107, "priority_score": 43.3397, "priority_rank": 255 }, "geometry": { "type": "Polygon", "coordinates": [ [ [ 127.018156161822517, 37.658769038904673 ], [ 127.018141598096733, 37.661022314497096 ], [ 127.020975968145166, 37.661033859004206 ], [ 127.02099044621275, 37.658780582479061 ], [ 127.018156161822517, 37.658769038904673 ] ] ] } },
{ "type": "Feature", "properties": { "display_grid_id": "11320_00137", "gu_code": 11320, "gu_name": "도봉구", "source_cell_count": 11, "area_m2": 62500.0, "mean_actual_lst": 38.0494, "mean_actual_anomaly": 1.8363, "seoul_anomaly": -0.7553, "pred_anomaly": 1.3683, "pred_anomaly_std": 0.8219, "green_delta_c": -0.3689, "building_ratio": 0.1389, "green_ratio": 0.2908, "ndvi": 0.304, "impervious_ratio": 0.4943, "built_surface_ratio": 0.4943, "avg_ground_floor_count": 7.0623, "elevation_m": 52.4631, "albedo": 0.1129, "nearest_park_distance_m": 800.5408, "park_area_within_500m": 0.0, "nearest_stream_distance_m": 151.6852, "est_population_density": 23629.6, "dong_elderly_ratio": 0.2401, "dong_avg_age": 45.9, "dong_pop_density": 13205.6, "nearest_shelter_distance_m": 83.5748, "shelter_count_within_500m": 9.64, "est_population": 1476.8, "est_elderly": 354.5, "shelter_capacity_within_500m": 1811.0, "building_form_group": "high_floor_low_density", "dong_name": "방학3동", "top1_feature": "built_surface_ratio", "top1_shap": 0.6429, "top2_feature": "impervious_ratio", "top2_shap": 0.5529, "top3_feature": "ndvi", "top3_shap": -0.4728, "priority_score": 48.141, "priority_rank": 224 }, "geometry": { "type": "Polygon", "coordinates": [ [ [ 127.02099044621275, 37.658780582479061 ], [ 127.020975968145166, 37.661033859004206 ], [ 127.02381033980663, 37.661045335408858 ], [ 127.023824732215786, 37.658792057956461 ], [ 127.02099044621275, 37.658780582479061 ] ] ] } },
{ "type": "Feature", "properties": { "display_grid_id": "11320_00138", "gu_code": 11320, "gu_name": "도봉구", "source_cell_count": 11, "area_m2": 62500.0, "mean_actual_lst": 39.0328, "mean_actual_anomaly": 2.8301, "seoul_anomaly": 0.2386, "pred_anomaly": 2.2899, "pred_anomaly_std": 0.9263, "green_delta_c": -0.6913, "building_ratio": 0.1729, "green_ratio": 0.2592, "ndvi": 0.2142, "impervious_ratio": 0.446, "built_surface_ratio": 0.446, "avg_ground_floor_count": 9.9486, "elevation_m": 49.7187, "albedo": 0.1063, "nearest_park_distance_m": 1011.0652, "park_area_within_500m": 0.0, "nearest_stream_distance_m": 67.2608, "est_population_density": 44463.2, "dong_elderly_ratio": 0.2401, "dong_avg_age": 45.9, "dong_pop_density": 13205.6, "nearest_shelter_distance_m": 125.6724, "shelter_count_within_500m": 15.88, "est_population": 2778.9, "est_elderly": 667.1, "shelter_capacity_within_500m": 3615.7, "building_form_group": "high_floor_low_density", "dong_name": "방학3동", "top1_feature": "built_surface_ratio", "top1_shap": 0.6045, "top2_feature": "impervious_ratio", "top2_shap": 0.5955, "top3_feature": "green_ratio", "top3_shap": 0.2497, "priority_score": 65.8846, "priority_rank": 81 }, "geometry": { "type": "Polygon", "coordinates": [ [ [ 127.023824732215786, 37.658792057956461 ], [ 127.02381033980663, 37.661045335408858 ], [ 127.026644713071548, 37.661056743710901 ], [ 127.026659019822134, 37.658803465336788 ], [ 127.023824732215786, 37.658792057956461 ] ] ] } },
{ "type": "Feature", "properties": { "display_grid_id": "11320_00139", "gu_code": 11320, "gu_name": "도봉구", "source_cell_count": 14, "area_m2": 62500.0, "mean_actual_lst": 39.0466, "mean_actual_anomaly": 2.9944, "seoul_anomaly": 0.4029, "pred_anomaly": 1.5389, "pred_anomaly_std": 0.984, "green_delta_c": -1.094, "building_ratio": 0.2013, "green_ratio": 0.323, "ndvi": 0.2443, "impervious_ratio": 0.2445, "built_surface_ratio": 0.2445, "avg_ground_floor_count": 10.7566, "elevation_m": 46.2, "albedo": 0.091, "nearest_park_distance_m": 907.826, "park_area_within_500m": 0.0, "nearest_stream_distance_m": 97.7384, "est_population_density": 54067.2, "dong_elderly_ratio": 0.2341, "dong_avg_age": 45.66, "dong_pop_density": 16189.536, "nearest_shelter_distance_m": 66.094, "shelter_count_within_500m": 20.36, "est_population": 3379.2, "est_elderly": 795.9, "shelter_capacity_within_500m": 4737.2, "building_form_group": "high_floor_low_density", "dong_name": "방학3동", "top1_feature": "built_surface_ratio", "top1_shap": 0.4098, "top2_feature": "impervious_ratio", "top2_shap": 0.3559, "top3_feature": "green_ratio", "top3_shap": -0.0182, "priority_score": 67.5513, "priority_rank": 63 }, "geometry": { "type": "Polygon", "coordinates": [ [ [ 127.026659019822134, 37.658803465336788 ], [ 127.026644713071548, 37.661056743710901 ], [ 127.02947908793044, 37.66106808391023 ], [ 127.029493309022229, 37.65881480461988 ], [ 127.026659019822134, 37.658803465336788 ] ] ] } },
{ "type": "Feature", "properties": { "display_grid_id": "11320_00140", "gu_code": 11320, "gu_name": "도봉구", "source_cell_count": 10, "area_m2": 62500.0, "mean_actual_lst": 38.1713, "mean_actual_anomaly": 2.6028, "seoul_anomaly": 0.0113, "pred_anomaly": 1.2962, "pred_anomaly_std": 1.0178, "green_delta_c": -1.179, "building_ratio": 0.1777, "green_ratio": 0.3316, "ndvi": 0.2535, "impervious_ratio": 0.229, "built_surface_ratio": 0.229, "avg_ground_floor_count": 11.8759, "elevation_m": 44.1599, "albedo": 0.0933, "nearest_park_distance_m": 678.7692, "park_area_within_500m": 0.0, "nearest_stream_distance_m": 73.934, "est_population_density": 52116.8, "dong_elderly_ratio": 0.2236, "dong_avg_age": 45.24, "dong_pop_density": 21411.424, "nearest_shelter_distance_m": 84.7656, "shelter_count_within_500m": 20.04, "est_population": 3257.3, "est_elderly": 735.2, "shelter_capacity_within_500m": 5898.2, "building_form_group": "high_floor_low_density", "dong_name": "방학3동", "top1_feature": "impervious_ratio", "top1_shap": 0.3344, "top2_feature": "green_ratio", "top2_shap": -0.0827, "top3_feature": "built_surface_ratio", "top3_shap": 0.2702, "priority_score": 67.859, "priority_rank": 62 }, "geometry": { "type": "Polygon", "coordinates": [ [ [ 127.029493309022229, 37.65881480461988 ], [ 127.02947908793044, 37.66106808391023 ], [ 127.032313464373701, 37.661079356006731 ], [ 127.032327599806536, 37.658826075805656 ], [ 127.029493309022229, 37.65881480461988 ] ] ] } },
{ "type": "Feature", "properties": { "display_grid_id": "11320_00141", "gu_code": 11320, "gu_name": "도봉구", "source_cell_count": 11, "area_m2": 62500.0, "mean_actual_lst": 38.2508, "mean_actual_anomaly": 3.0549, "seoul_anomaly": 0.4634, "pred_anomaly": 1.7239, "pred_anomaly_std": 0.9141, "green_delta_c": -0.8637, "building_ratio": 0.1746, "green_ratio": 0.3011, "ndvi": 0.2356, "impervious_ratio": 0.3276, "built_surface_ratio": 0.3276, "avg_ground_floor_count": 12.6874, "elevation_m": 40.8354, "albedo": 0.0954, "nearest_park_distance_m": 464.7596, "park_area_within_500m": 15466.9336, "nearest_stream_distance_m": 62.6428, "est_population_density": 52862.4, "dong_elderly_ratio": 0.2265, "dong_avg_age": 45.552, "dong_pop_density": 24752.744, "nearest_shelter_distance_m": 92.872, "shelter_count_within_500m": 16.44, "est_population": 3303.9, "est_elderly": 746.0, "shelter_capacity_within_500m": 5350.7, "building_form_group": "high_floor_low_density", "dong_name": "방학3동", "top1_feature": "impervious_ratio", "top1_shap": 0.5195, "top2_feature": "built_surface_ratio", "top2_shap": 0.5011, "top3_feature": "green_ratio", "top3_shap": 0.0257, "priority_score": 68.0513, "priority_rank": 59 }, "geometry": { "type": "Polygon", "coordinates": [ [ [ 127.032327599806536, 37.658826075805656 ], [ 127.032313464373701, 37.661079356006731 ], [ 127.035147842391822, 37.661090560000289 ], [ 127.035161892165505, 37.658837278893998 ], [ 127.032327599806536, 37.658826075805656 ] ] ] } },
{ "type": "Feature", "properties": { "display_grid_id": "11320_00142", "gu_code": 11320, "gu_name": "도봉구", "source_cell_count": 11, "area_m2": 62500.0, "mean_actual_lst": 41.2879, "mean_actual_anomaly": 6.2413, "seoul_anomaly": 3.6497, "pred_anomaly": 4.7317, "pred_anomaly_std": 0.7693, "green_delta_c": -0.6043, "building_ratio": 0.3736, "green_ratio": 0.235, "ndvi": 0.1512, "impervious_ratio": 0.4751, "built_surface_ratio": 0.4751, "avg_ground_floor_count": 3.613, "elevation_m": 38.8768, "albedo": 0.1018, "nearest_park_distance_m": 248.9836, "park_area_within_500m": 96336.3612, "nearest_stream_distance_m": 112.62, "est_population_density": 30295.6, "dong_elderly_ratio": 0.2395, "dong_avg_age": 46.7, "dong_pop_density": 33344.3, "nearest_shelter_distance_m": 115.6692, "shelter_count_within_500m": 11.88, "est_population": 1893.5, "est_elderly": 453.5, "shelter_capacity_within_500m": 3932.5, "building_form_group": "low_floor_high_density", "dong_name": "쌍문2동", "top1_feature": "built_surface_ratio", "top1_shap": 0.6755, "top2_feature": "building_ratio", "top2_shap": 0.604, "top3_feature": "impervious_ratio", "top3_shap": 0.529, "priority_score": 72.359, "priority_rank": 32 }, "geometry": { "type": "Polygon", "coordinates": [ [ [ 127.035161892165505, 37.658837278893998 ], [ 127.035147842391822, 37.661090560000289 ], [ 127.037982221975227, 37.661101695890785 ], [ 127.037996186089572, 37.658848413884769 ], [ 127.035161892165505, 37.658837278893998 ] ] ] } },
{ "type": "Feature", "properties": { "display_grid_id": "11320_00143", "gu_code": 11320, "gu_name": "도봉구", "source_cell_count": 11, "area_m2": 62500.0, "mean_actual_lst": 42.3408, "mean_actual_anomaly": 6.6806, "seoul_anomaly": 4.0891, "pred_anomaly": 5.2641, "pred_anomaly_std": 0.725, "green_delta_c": -0.5842, "building_ratio": 0.3949, "green_ratio": 0.2193, "ndvi": 0.1223, "impervious_ratio": 0.4483, "built_surface_ratio": 0.4483, "avg_ground_floor_count": 2.7967, "elevation_m": 36.2012, "albedo": 0.1016, "nearest_park_distance_m": 127.0668, "park_area_within_500m": 161053.8324, "nearest_stream_distance_m": 186.0024, "est_population_density": 26808.4, "dong_elderly_ratio": 0.2395, "dong_avg_age": 46.7, "dong_pop_density": 33344.3, "nearest_shelter_distance_m": 91.4428, "shelter_count_within_500m": 10.44, "est_population": 1675.5, "est_elderly": 401.4, "shelter_capacity_within_500m": 4084.0, "building_form_group": "low_floor_high_density", "dong_name": "쌍문2동", "top1_feature": "building_ratio", "top1_shap": 0.6705, "top2_feature": "built_surface_ratio", "top2_shap": 0.6667, "top3_feature": "impervious_ratio", "top3_shap": 0.4691, "priority_score": 69.9359, "priority_rank": 50 }, "geometry": { "type": "Polygon", "coordinates": [ [ [ 127.037996186089572, 37.658848413884769 ], [ 127.037982221975227, 37.661101695890785 ], [ 127.040816603114422, 37.661112763678091 ], [ 127.040830481569216, 37.658859480777856 ], [ 127.037996186089572, 37.658848413884769 ] ] ] } },
{ "type": "Feature", "properties": { "display_grid_id": "11320_00144", "gu_code": 11320, "gu_name": "도봉구", "source_cell_count": 13, "area_m2": 62500.0, "mean_actual_lst": 42.0086, "mean_actual_anomaly": 6.0928, "seoul_anomaly": 3.5013, "pred_anomaly": 3.7035, "pred_anomaly_std": 0.9052, "green_delta_c": -0.6268, "building_ratio": 0.265, "green_ratio": 0.2223, "ndvi": 0.1456, "impervious_ratio": 0.5009, "built_surface_ratio": 0.5009, "avg_ground_floor_count": 6.1031, "elevation_m": 30.0657, "albedo": 0.0998, "nearest_park_distance_m": 113.1764, "park_area_within_500m": 199807.3112, "nearest_stream_distance_m": 187.0152, "est_population_density": 4016.8, "dong_elderly_ratio": 0.2185, "dong_avg_age": 45.524, "dong_pop_density": 33491.132, "nearest_shelter_distance_m": 183.07, "shelter_count_within_500m": 12.4, "est_population": 251.0, "est_elderly": 56.7, "shelter_capacity_within_500m": 4686.5, "building_form_group": "high_floor_high_density", "dong_name": "창5동", "top1_feature": "built_surface_ratio", "top1_shap": 0.6772, "top2_feature": "impervious_ratio", "top2_shap": 0.658, "top3_feature": "green_ratio", "top3_shap": 0.1772, "priority_score": 68.6154, "priority_rank": 56 }, "geometry": { "type": "Polygon", "coordinates": [ [ [ 127.040830481569216, 37.658859480777856 ], [ 127.040816603114422, 37.661112763678091 ], [ 127.043650985799815, 37.661123763362113 ], [ 127.043664778594916, 37.65887047957316 ], [ 127.040830481569216, 37.658859480777856 ] ] ] } },
{ "type": "Feature", "properties": { "display_grid_id": "11320_00145", "gu_code": 11320, "gu_name": "도봉구", "source_cell_count": 10, "area_m2": 62500.0, "mean_actual_lst": 41.3898, "mean_actual_anomaly": 5.5326, "seoul_anomaly": 2.9411, "pred_anomaly": 3.0127, "pred_anomaly_std": 0.9395, "green_delta_c": -0.5692, "building_ratio": 0.2306, "green_ratio": 0.2075, "ndvi": 0.1797, "impervious_ratio": 0.6085, "built_surface_ratio": 0.6085, "avg_ground_floor_count": 8.0271, "elevation_m": 32.7597, "albedo": 0.104, "nearest_park_distance_m": 67.9236, "park_area_within_500m": 134786.3472, "nearest_stream_distance_m": 230.924, "est_population_density": 0.0, "dong_elderly_ratio": 0.2059, "dong_avg_age": 44.9, "dong_pop_density": 28900.34, "nearest_shelter_distance_m": 112.702, "shelter_count_within_500m": 12.24, "est_population": 0.0, "est_elderly": 0.0, "shelter_capacity_within_500m": 4466.0, "building_form_group": "high_floor_low_density", "dong_name": "창5동", "top1_feature": "built_surface_ratio", "top1_shap": 0.7756, "top2_feature": "impervious_ratio", "top2_shap": 0.7361, "top3_feature": "green_ratio", "top3_shap": 0.2091, "priority_score": 53.8782, "priority_rank": 174 }, "geometry": { "type": "Polygon", "coordinates": [ [ [ 127.043664778594916, 37.65887047957316 ], [ 127.043650985799815, 37.661123763362113 ], [ 127.046485370021898, 37.661134694942724 ], [ 127.046499077157108, 37.65888141027056 ], [ 127.043664778594916, 37.65887047957316 ] ] ] } },
{ "type": "Feature", "properties": { "display_grid_id": "11320_00146", "gu_code": 11320, "gu_name": "도봉구", "source_cell_count": 12, "area_m2": 62500.0, "mean_actual_lst": 39.4812, "mean_actual_anomaly": 3.8065, "seoul_anomaly": 1.215, "pred_anomaly": 1.5613, "pred_anomaly_std": 0.873, "green_delta_c": -0.6793, "building_ratio": 0.1868, "green_ratio": 0.26, "ndvi": 0.1792, "impervious_ratio": 0.4561, "built_surface_ratio": 0.4561, "avg_ground_floor_count": 15.8378, "elevation_m": 38.999, "albedo": 0.0744, "nearest_park_distance_m": 93.52, "park_area_within_500m": 73998.128, "nearest_stream_distance_m": 180.0308, "est_population_density": 4456.8, "dong_elderly_ratio": 0.1929, "dong_avg_age": 44.3, "dong_pop_density": 21972.2, "nearest_shelter_distance_m": 90.8792, "shelter_count_within_500m": 11.08, "est_population": 278.6, "est_elderly": 53.7, "shelter_capacity_within_500m": 3469.5, "building_form_group": "high_floor_low_density", "dong_name": "창4동", "top1_feature": "built_surface_ratio", "top1_shap": 0.6001, "top2_feature": "impervious_ratio", "top2_shap": 0.586, "top3_feature": "avg_ground_floor_count", "top3_shap": -0.3847, "priority_score": 56.6154, "priority_rank": 157 }, "geometry": { "type": "Polygon", "coordinates": [ [ [ 127.046499077157108, 37.65888141027056 ], [ 127.046485370021898, 37.661134694942724 ], [ 127.049319755771108, 37.661145558419804 ], [ 127.049333377246271, 37.658892272869927 ], [ 127.046499077157108, 37.65888141027056 ] ] ] } },
{ "type": "Feature", "properties": { "display_grid_id": "11320_00147", "gu_code": 11320, "gu_name": "도봉구", "source_cell_count": 10, "area_m2": 53981.75, "mean_actual_lst": 40.4211, "mean_actual_anomaly": 4.7194, "seoul_anomaly": 2.1279, "pred_anomaly": 2.3825, "pred_anomaly_std": 0.9446, "green_delta_c": -0.7685, "building_ratio": 0.1433, "green_ratio": 0.254, "ndvi": 0.1837, "impervious_ratio": 0.4693, "built_surface_ratio": 0.4693, "avg_ground_floor_count": 6.8228, "elevation_m": 27.8211, "albedo": 0.1075, "nearest_park_distance_m": 168.403, "park_area_within_500m": 116142.433, "nearest_stream_distance_m": 72.7313, "est_population_density": 4499.6658, "dong_elderly_ratio": 0.1971, "dong_avg_age": 44.5256, "dong_pop_density": 22362.1532, "nearest_shelter_distance_m": 102.0629, "shelter_count_within_500m": 8.531, "est_population": 242.9, "est_elderly": 46.9, "shelter_capacity_within_500m": 2107.5, "building_form_group": "high_floor_low_density", "dong_name": "창4동", "top1_feature": "built_surface_ratio", "top1_shap": 0.6834, "top2_feature": "impervious_ratio", "top2_shap": 0.678, "top3_feature": "green_ratio", "top3_shap": 0.1747, "priority_score": 62.7308, "priority_rank": 101 }, "geometry": { "type": "Polygon", "coordinates": [ [ [ 127.05216767885284, 37.65890306737117 ], [ 127.049333377246271, 37.658892272869927 ], [ 127.049319755771108, 37.661145558419804 ], [ 127.051589346715147, 37.661154208078742 ], [ 127.051615139999981, 37.66069712 ], [ 127.051591730000013, 37.66065743 ], [ 127.05145309000001, 37.66042239 ], [ 127.05148194, 37.65987532 ], [ 127.05179541, 37.65992193 ], [ 127.052164546715048, 37.659424491958958 ], [ 127.05216767885284, 37.65890306737117 ] ] ] } },
{ "type": "Feature", "properties": { "display_grid_id": "11320_00148", "gu_code": 11320, "gu_name": "도봉구", "source_cell_count": 4, "area_m2": 976.44, "mean_actual_lst": 36.0201, "mean_actual_anomaly": 1.1352, "seoul_anomaly": -1.4563, "pred_anomaly": -2.7714, "pred_anomaly_std": 1.6299, "green_delta_c": -3.1199, "building_ratio": 0.0, "green_ratio": 0.2519, "ndvi": 0.0712, "impervious_ratio": 0.089, "built_surface_ratio": 0.089, "avg_ground_floor_count": 0.0, "elevation_m": 26.6316, "albedo": 0.0637, "nearest_park_distance_m": 68.6559, "park_area_within_500m": 142071.91, "nearest_stream_distance_m": 0.0, "est_population_density": 0.0, "dong_elderly_ratio": 0.1929, "dong_avg_age": 44.3, "dong_pop_density": 21972.2, "nearest_shelter_distance_m": 160.9753, "shelter_count_within_500m": 8.0, "est_population": 0.0, "est_elderly": 0.0, "shelter_capacity_within_500m": 310.7, "building_form_group": "no_building", "dong_name": "창4동", "top1_feature": "built_surface_ratio", "top1_shap": -1.2521, "top2_feature": "impervious_ratio", "top2_shap": -0.9587, "top3_feature": "building_ratio", "top3_shap": -0.7271, "priority_score": 52.9166, "priority_rank": 187 }, "geometry": { "type": "Polygon", "coordinates": [ [ [ 127.05216767885284, 37.65890306737117 ], [ 127.052164546715048, 37.659424491958958 ], [ 127.05254447, 37.65891251 ], [ 127.05254943042199, 37.658904516076383 ], [ 127.05216767885284, 37.65890306737117 ] ] ] } },
{ "type": "Feature", "properties": { "display_grid_id": "11320_00149", "gu_code": 11320, "gu_name": "도봉구", "source_cell_count": 5, "area_m2": 4098.69, "mean_actual_lst": 37.1435, "mean_actual_anomaly": 1.0247, "seoul_anomaly": -1.5668, "pred_anomaly": 1.5564, "pred_anomaly_std": 0.9358, "green_delta_c": -0.7224, "building_ratio": 0.1434, "green_ratio": 0.2978, "ndvi": 0.2364, "impervious_ratio": 0.5028, "built_surface_ratio": 0.5028, "avg_ground_floor_count": 3.6488, "elevation_m": 66.4951, "albedo": 0.1102, "nearest_park_distance_m": 508.8471, "park_area_within_500m": 0.0, "nearest_stream_distance_m": 33.6613, "est_population_density": 17166.6308, "dong_elderly_ratio": 0.2449, "dong_avg_age": 46.3242, "dong_pop_density": 13789.257, "nearest_shelter_distance_m": 122.6719, "shelter_count_within_500m": 2.9901, "est_population": 70.4, "est_elderly": 16.5, "shelter_capacity_within_500m": 240.7, "building_form_group": "high_floor_low_density", "dong_name": "쌍문1동", "top1_feature": "impervious_ratio", "top1_shap": 0.7412, "top2_feature": "built_surface_ratio", "top2_shap": 0.7287, "top3_feature": "slope_deg", "top3_shap": -0.2076, "priority_score": 52.4103, "priority_rank": 192 }, "geometry": { "type": "Polygon", "coordinates": [ [ [ 127.015307229670839, 37.661010701887633 ], [ 127.014605228622173, 37.661007815215861 ], [ 127.014613370000021, 37.66113134 ], [ 127.014613900000015, 37.66114851 ], [ 127.014609870000015, 37.66136164 ], [ 127.01460793, 37.66138585 ], [ 127.01460457, 37.66142922 ], [ 127.01465912, 37.66148242 ], [ 127.014528, 37.66199318000001 ], [ 127.01452144, 37.66201571 ], [ 127.014553309999982, 37.66198557 ], [ 127.01466627, 37.66186675 ], [ 127.01482809, 37.66168794 ], [ 127.0148952, 37.66162317 ], [ 127.015138470000011, 37.66145337 ], [ 127.0151955, 37.66142972 ], [ 127.01523888, 37.66140014 ], [ 127.015304893189921, 37.66137006117048 ], [ 127.015307229670839, 37.661010701887633 ] ] ] } },
{ "type": "Feature", "properties": { "display_grid_id": "11320_00150", "gu_code": 11320, "gu_name": "도봉구", "source_cell_count": 12, "area_m2": 43169.83, "mean_actual_lst": 32.0304, "mean_actual_anomaly": -4.0985, "seoul_anomaly": -6.69, "pred_anomaly": -3.2673, "pred_anomaly_std": 0.6429, "green_delta_c": -0.9489, "building_ratio": 0.0159, "green_ratio": 0.7422, "ndvi": 0.5018, "impervious_ratio": 0.113, "built_surface_ratio": 0.113, "avg_ground_floor_count": 1.1952, "elevation_m": 89.439, "albedo": 0.125, "nearest_park_distance_m": 654.111, "park_area_within_500m": 0.0, "nearest_stream_distance_m": 230.8129, "est_population_density": 994.6669, "dong_elderly_ratio": 0.2391, "dong_avg_age": 45.8597, "dong_pop_density": 14219.8748, "nearest_shelter_distance_m": 297.9476, "shelter_count_within_500m": 1.5461, "est_population": 42.9, "est_elderly": 10.1, "shelter_capacity_within_500m": 449.7, "building_form_group": "no_building", "dong_name": "방학3동", "top1_feature": "built_surface_ratio", "top1_shap": -0.9511, "top2_feature": "green_ratio", "top2_shap": -0.8734, "top3_feature": "impervious_ratio", "top3_shap": -0.5174, "priority_score": 53.6154, "priority_rank": 178 }, "geometry": { "type": "Polygon", "coordinates": [ [ [ 127.018127032748382, 37.663275589221762 ], [ 127.018141598096733, 37.661022314497096 ], [ 127.015307229670839, 37.661010701887633 ], [ 127.015304893189921, 37.66137006117048 ], [ 127.01530562, 37.66136973 ], [ 127.01533573, 37.66135565 ], [ 127.01553796, 37.66132972 ], [ 127.01588079, 37.6613232 ], [ 127.015945950000017, 37.66134178 ], [ 127.016026700000012, 37.66136768 ], [ 127.0162038, 37.661431 ], [ 127.016237810000021, 37.66145014 ], [ 127.01624773, 37.66145548 ], [ 127.016499580000016, 37.66166212000001 ], [ 127.01650915, 37.6616731 ], [ 127.016748979999988, 37.66200248 ], [ 127.016787599999986, 37.66205203 ], [ 127.01689883, 37.66216887 ], [ 127.01694311, 37.66223075 ], [ 127.016766210000014, 37.66221421 ], [ 127.01665251999998, 37.66220719 ], [ 127.01617622000002, 37.66253891 ], [ 127.015979869999981, 37.662768130000011 ], [ 127.01597088, 37.66298098 ], [ 127.01599166, 37.66321946 ], [ 127.01596568798935, 37.663266739757482 ], [ 127.018127032748382, 37.663275589221762 ] ] ] } },
{ "type": "Feature", "properties": { "display_grid_id": "11320_00151", "gu_code": 11320, "gu_name": "도봉구", "source_cell_count": 15, "area_m2": 62500.0, "mean_actual_lst": 33.5418, "mean_actual_anomaly": -2.6494, "seoul_anomaly": -5.241, "pred_anomaly": -1.4448, "pred_anomaly_std": 0.7363, "green_delta_c": -0.503, "building_ratio": 0.036, "green_ratio": 0.571, "ndvi": 0.4506, "impervious_ratio": 0.2734, "built_surface_ratio": 0.2734, "avg_ground_floor_count": 1.0065, "elevation_m": 69.7474, "albedo": 0.1318, "nearest_park_distance_m": 773.2872, "park_area_within_500m": 0.0, "nearest_stream_distance_m": 157.9644, "est_population_density": 0.0, "dong_elderly_ratio": 0.2401, "dong_avg_age": 45.9, "dong_pop_density": 13205.6, "nearest_shelter_distance_m": 325.66, "shelter_count_within_500m": 2.4, "est_population": 0.0, "est_elderly": 0.0, "shelter_capacity_within_500m": 603.3, "building_form_group": "no_building", "dong_name": "방학3동", "top1_feature": "green_ratio", "top1_shap": -0.9514, "top2_feature": "ndvi", "top2_shap": -0.7911, "top3_feature": "built_surface_ratio", "top3_shap": 0.0383, "priority_score": 37.6859, "priority_rank": 282 }, "geometry": { "type": "Polygon", "coordinates": [ [ [ 127.018141598096733, 37.661022314497096 ], [ 127.018127032748382, 37.663275589221762 ], [ 127.020961488464565, 37.663287134661672 ], [ 127.020975968145166, 37.661033859004206 ], [ 127.018141598096733, 37.661022314497096 ] ] ] } },
{ "type": "Feature", "properties": { "display_grid_id": "11320_00152", "gu_code": 11320, "gu_name": "도봉구", "source_cell_count": 13, "area_m2": 62500.0, "mean_actual_lst": 38.0038, "mean_actual_anomaly": 1.8657, "seoul_anomaly": -0.7258, "pred_anomaly": 1.3889, "pred_anomaly_std": 0.7868, "green_delta_c": -0.4678, "building_ratio": 0.0875, "green_ratio": 0.2968, "ndvi": 0.3662, "impervious_ratio": 0.5758, "built_surface_ratio": 0.5758, "avg_ground_floor_count": 1.2042, "elevation_m": 51.558, "albedo": 0.1355, "nearest_park_distance_m": 938.0072, "park_area_within_500m": 0.0, "nearest_stream_distance_m": 56.4604, "est_population_density": 683.2, "dong_elderly_ratio": 0.2401, "dong_avg_age": 45.9, "dong_pop_density": 13205.6, "nearest_shelter_distance_m": 230.9736, "shelter_count_within_500m": 5.28, "est_population": 42.7, "est_elderly": 10.2, "shelter_capacity_within_500m": 1125.2, "building_form_group": "low_floor_low_density", "dong_name": "방학3동", "top1_feature": "built_surface_ratio", "top1_shap": 0.7656, "top2_feature": "ndvi", "top2_shap": -0.7523, "top3_feature": "impervious_ratio", "top3_shap": 0.7088, "priority_score": 50.859, "priority_rank": 205 }, "geometry": { "type": "Polygon", "coordinates": [ [ [ 127.020975968145166, 37.661033859004206 ], [ 127.020961488464565, 37.663287134661672 ], [ 127.023795945793964, 37.663298611993596 ], [ 127.02381033980663, 37.661045335408858 ], [ 127.020975968145166, 37.661033859004206 ] ] ] } },
{ "type": "Feature", "properties": { "display_grid_id": "11320_00153", "gu_code": 11320, "gu_name": "도봉구", "source_cell_count": 16, "area_m2": 62500.0, "mean_actual_lst": 35.9214, "mean_actual_anomaly": -0.0518, "seoul_anomaly": -2.6433, "pred_anomaly": -0.458, "pred_anomaly_std": 0.8675, "green_delta_c": -0.7462, "building_ratio": 0.0685, "green_ratio": 0.5069, "ndvi": 0.3914, "impervious_ratio": 0.3352, "built_surface_ratio": 0.3352, "avg_ground_floor_count": 2.5613, "elevation_m": 54.2232, "albedo": 0.1302, "nearest_park_distance_m": 981.8964, "park_area_within_500m": 0.0, "nearest_stream_distance_m": 181.1988, "est_population_density": 4126.0, "dong_elderly_ratio": 0.2401, "dong_avg_age": 45.9, "dong_pop_density": 13205.6, "nearest_shelter_distance_m": 212.8068, "shelter_count_within_500m": 11.24, "est_population": 257.9, "est_elderly": 62.0, "shelter_capacity_within_500m": 2601.0, "building_form_group": "low_floor_low_density", "dong_name": "방학3동", "top1_feature": "green_ratio", "top1_shap": -0.5063, "top2_feature": "built_surface_ratio", "top2_shap": -0.0271, "top3_feature": "ndvi", "top3_shap": -0.485, "priority_score": 54.9103, "priority_rank": 167 }, "geometry": { "type": "Polygon", "coordinates": [ [ [ 127.02381033980663, 37.661045335408858 ], [ 127.023795945793964, 37.663298611993596 ], [ 127.026630404727058, 37.663310021217434 ], [ 127.026644713071548, 37.661056743710901 ], [ 127.02381033980663, 37.661045335408858 ] ] ] } },
{ "type": "Feature", "properties": { "display_grid_id": "11320_00154", "gu_code": 11320, "gu_name": "도봉구", "source_cell_count": 15, "area_m2": 62500.0, "mean_actual_lst": 38.4956, "mean_actual_anomaly": 2.6712, "seoul_anomaly": 0.0797, "pred_anomaly": 1.8021, "pred_anomaly_std": 0.8602, "green_delta_c": -0.6411, "building_ratio": 0.1794, "green_ratio": 0.3031, "ndvi": 0.2429, "impervious_ratio": 0.3812, "built_surface_ratio": 0.3812, "avg_ground_floor_count": 8.6766, "elevation_m": 45.7052, "albedo": 0.1026, "nearest_park_distance_m": 856.2804, "park_area_within_500m": 0.0, "nearest_stream_distance_m": 315.4876, "est_population_density": 39182.0, "dong_elderly_ratio": 0.2401, "dong_avg_age": 45.9, "dong_pop_density": 13205.6, "nearest_shelter_distance_m": 84.1356, "shelter_count_within_500m": 13.64, "est_population": 2448.9, "est_elderly": 588.0, "shelter_capacity_within_500m": 3067.5, "building_form_group": "high_floor_low_density", "dong_name": "방학3동", "top1_feature": "impervious_ratio", "top1_shap": 0.488, "top2_feature": "built_surface_ratio", "top2_shap": 0.4853, "top3_feature": "green_ratio", "top3_shap": 0.0584, "priority_score": 59.1026, "priority_rank": 137 }, "geometry": { "type": "Polygon", "coordinates": [ [ [ 127.026644713071548, 37.661056743710901 ], [ 127.026630404727058, 37.663310021217434 ], [ 127.029464865254255, 37.663321362333051 ], [ 127.02947908793044, 37.66106808391023 ], [ 127.026644713071548, 37.661056743710901 ] ] ] } },
{ "type": "Feature", "properties": { "display_grid_id": "11320_00155", "gu_code": 11320, "gu_name": "도봉구", "source_cell_count": 14, "area_m2": 62500.0, "mean_actual_lst": 40.3184, "mean_actual_anomaly": 5.1221, "seoul_anomaly": 2.5306, "pred_anomaly": 3.3452, "pred_anomaly_std": 0.9293, "green_delta_c": -0.6714, "building_ratio": 0.259, "green_ratio": 0.2363, "ndvi": 0.1709, "impervious_ratio": 0.4436, "built_surface_ratio": 0.4436, "avg_ground_floor_count": 7.191, "elevation_m": 40.9204, "albedo": 0.1055, "nearest_park_distance_m": 668.504, "park_area_within_500m": 0.0, "nearest_stream_distance_m": 291.0996, "est_population_density": 44430.0, "dong_elderly_ratio": 0.2458, "dong_avg_age": 46.62, "dong_pop_density": 14596.064, "nearest_shelter_distance_m": 139.4072, "shelter_count_within_500m": 14.52, "est_population": 2776.9, "est_elderly": 674.4, "shelter_capacity_within_500m": 3339.3, "building_form_group": "high_floor_low_density", "dong_name": "방학3동", "top1_feature": "built_surface_ratio", "top1_shap": 0.6217, "top2_feature": "impervious_ratio", "top2_shap": 0.6074, "top3_feature": "green_ratio", "top3_shap": 0.2642, "priority_score": 73.7115, "priority_rank": 23 }, "geometry": { "type": "Polygon", "coordinates": [ [ [ 127.02947908793044, 37.66106808391023 ], [ 127.029464865254255, 37.663321362333051 ], [ 127.032299327366019, 37.663332635340325 ], [ 127.032313464373701, 37.661079356006731 ], [ 127.02947908793044, 37.66106808391023 ] ] ] } },
{ "type": "Feature", "properties": { "display_grid_id": "11320_00156", "gu_code": 11320, "gu_name": "도봉구", "source_cell_count": 14, "area_m2": 62500.0, "mean_actual_lst": 41.1214, "mean_actual_anomaly": 6.0268, "seoul_anomaly": 3.4352, "pred_anomaly": 4.2315, "pred_anomaly_std": 0.9033, "green_delta_c": -0.5104, "building_ratio": 0.3249, "green_ratio": 0.2384, "ndvi": 0.1288, "impervious_ratio": 0.4262, "built_surface_ratio": 0.4262, "avg_ground_floor_count": 5.9272, "elevation_m": 36.4164, "albedo": 0.1035, "nearest_park_distance_m": 440.1424, "park_area_within_500m": 7108.0032, "nearest_stream_distance_m": 225.4028, "est_population_density": 47202.8, "dong_elderly_ratio": 0.2446, "dong_avg_age": 46.46, "dong_pop_density": 14287.072, "nearest_shelter_distance_m": 114.044, "shelter_count_within_500m": 13.32, "est_population": 2950.2, "est_elderly": 715.7, "shelter_capacity_within_500m": 3482.2, "building_form_group": "low_floor_high_density", "dong_name": "방학3동", "top1_feature": "built_surface_ratio", "top1_shap": 0.6282, "top2_feature": "impervious_ratio", "top2_shap": 0.4629, "top3_feature": "ndvi", "top3_shap": 0.4085, "priority_score": 70.5769, "priority_rank": 47 }, "geometry": { "type": "Polygon", "coordinates": [ [ [ 127.032313464373701, 37.661079356006731 ], [ 127.032299327366019, 37.663332635340325 ], [ 127.035133791052829, 37.663343840239165 ], [ 127.035147842391822, 37.661090560000289 ], [ 127.032313464373701, 37.661079356006731 ] ] ] } },
{ "type": "Feature", "properties": { "display_grid_id": "11320_00157", "gu_code": 11320, "gu_name": "도봉구", "source_cell_count": 16, "area_m2": 62500.0, "mean_actual_lst": 41.1314, "mean_actual_anomaly": 6.1867, "seoul_anomaly": 3.5952, "pred_anomaly": 3.8864, "pred_anomaly_std": 0.9833, "green_delta_c": -0.8261, "building_ratio": 0.2877, "green_ratio": 0.2575, "ndvi": 0.1674, "impervious_ratio": 0.3991, "built_surface_ratio": 0.3991, "avg_ground_floor_count": 5.0551, "elevation_m": 35.0387, "albedo": 0.0989, "nearest_park_distance_m": 200.4256, "park_area_within_500m": 38791.0816, "nearest_stream_distance_m": 109.7684, "est_population_density": 32468.8, "dong_elderly_ratio": 0.2416, "dong_avg_age": 46.884, "dong_pop_density": 27015.896, "nearest_shelter_distance_m": 94.122, "shelter_count_within_500m": 11.08, "est_population": 2029.3, "est_elderly": 489.9, "shelter_capacity_within_500m": 3445.3, "building_form_group": "low_floor_high_density", "dong_name": "방학1동", "top1_feature": "built_surface_ratio", "top1_shap": 0.6374, "top2_feature": "impervious_ratio", "top2_shap": 0.5559, "top3_feature": "ndvi", "top3_shap": 0.2705, "priority_score": 76.2692, "priority_rank": 12 }, "geometry": { "type": "Polygon", "coordinates": [ [ [ 127.035147842391822, 37.661090560000289 ], [ 127.035133791052829, 37.663343840239165 ], [ 127.037968256305149, 37.663354977029428 ], [ 127.037982221975227, 37.661101695890785 ], [ 127.035147842391822, 37.661090560000289 ] ] ] } },
{ "type": "Feature", "properties": { "display_grid_id": "11320_00158", "gu_code": 11320, "gu_name": "도봉구", "source_cell_count": 14, "area_m2": 62500.0, "mean_actual_lst": 41.6777, "mean_actual_anomaly": 6.1756, "seoul_anomaly": 3.584, "pred_anomaly": 5.0178, "pred_anomaly_std": 0.7592, "green_delta_c": -0.5197, "building_ratio": 0.3782, "green_ratio": 0.24, "ndvi": 0.1204, "impervious_ratio": 0.3923, "built_surface_ratio": 0.3923, "avg_ground_floor_count": 3.733, "elevation_m": 32.358, "albedo": 0.1062, "nearest_park_distance_m": 95.5352, "park_area_within_500m": 124068.4536, "nearest_stream_distance_m": 75.4716, "est_population_density": 31447.2, "dong_elderly_ratio": 0.2409, "dong_avg_age": 46.82, "dong_pop_density": 29217.08, "nearest_shelter_distance_m": 160.2868, "shelter_count_within_500m": 8.04, "est_population": 1965.4, "est_elderly": 473.2, "shelter_capacity_within_500m": 2558.8, "building_form_group": "low_floor_high_density", "dong_name": "방학1동", "top1_feature": "building_ratio", "top1_shap": 0.6725, "top2_feature": "built_surface_ratio", "top2_shap": 0.6409, "top3_feature": "impervious_ratio", "top3_shap": 0.4983, "priority_score": 71.5769, "priority_rank": 40 }, "geometry": { "type": "Polygon", "coordinates": [ [ [ 127.037982221975227, 37.661101695890785 ], [ 127.037968256305149, 37.663354977029428 ], [ 127.040802723113387, 37.663366045711015 ], [ 127.040816603114422, 37.661112763678091 ], [ 127.037982221975227, 37.661101695890785 ] ] ] } },
{ "type": "Feature", "properties": { "display_grid_id": "11320_00159", "gu_code": 11320, "gu_name": "도봉구", "source_cell_count": 15, "area_m2": 62500.0, "mean_actual_lst": 42.0219, "mean_actual_anomaly": 6.3027, "seoul_anomaly": 3.7112, "pred_anomaly": 3.9881, "pred_anomaly_std": 1.0142, "green_delta_c": -1.0022, "building_ratio": 0.1788, "green_ratio": 0.2218, "ndvi": 0.1492, "impervious_ratio": 0.5039, "built_surface_ratio": 0.5039, "avg_ground_floor_count": 3.1293, "elevation_m": 30.6061, "albedo": 0.11, "nearest_park_distance_m": 78.9008, "park_area_within_500m": 208680.5692, "nearest_stream_distance_m": 67.9412, "est_population_density": 9033.6, "dong_elderly_ratio": 0.2349, "dong_avg_age": 46.484, "dong_pop_density": 29259.032, "nearest_shelter_distance_m": 181.6504, "shelter_count_within_500m": 9.96, "est_population": 564.6, "est_elderly": 134.4, "shelter_capacity_within_500m": 2353.0, "building_form_group": "low_floor_low_density", "dong_name": "방학1동", "top1_feature": "built_surface_ratio", "top1_shap": 0.7637, "top2_feature": "impervious_ratio", "top2_shap": 0.7451, "top3_feature": "ndvi", "top3_shap": 0.2598, "priority_score": 79.6667, "priority_rank": 4 }, "geometry": { "type": "Polygon", "coordinates": [ [ [ 127.040816603114422, 37.661112763678091 ], [ 127.040802723113387, 37.663366045711015 ], [ 127.043637191468036, 37.663377046283799 ], [ 127.043650985799815, 37.661123763362113 ], [ 127.040816603114422, 37.661112763678091 ] ] ] } },
{ "type": "Feature", "properties": { "display_grid_id": "11320_00160", "gu_code": 11320, "gu_name": "도봉구", "source_cell_count": 14, "area_m2": 62500.0, "mean_actual_lst": 41.6552, "mean_actual_anomaly": 5.7763, "seoul_anomaly": 3.1847, "pred_anomaly": 3.1445, "pred_anomaly_std": 0.8568, "green_delta_c": -0.4887, "building_ratio": 0.2016, "green_ratio": 0.1961, "ndvi": 0.1536, "impervious_ratio": 0.6089, "built_surface_ratio": 0.6089, "avg_ground_floor_count": 8.5516, "elevation_m": 31.7351, "albedo": 0.1051, "nearest_park_distance_m": 35.0544, "park_area_within_500m": 204320.886, "nearest_stream_distance_m": 64.574, "est_population_density": 0.0, "dong_elderly_ratio": 0.2274, "dong_avg_age": 46.1, "dong_pop_density": 27439.496, "nearest_shelter_distance_m": 90.3776, "shelter_count_within_500m": 10.68, "est_population": 0.0, "est_elderly": 0.0, "shelter_capacity_within_500m": 2808.0, "building_form_group": "high_floor_low_density", "dong_name": "방학1동", "top1_feature": "built_surface_ratio", "top1_shap": 0.7736, "top2_feature": "impervious_ratio", "top2_shap": 0.7308, "top3_feature": "green_ratio", "top3_shap": 0.2654, "priority_score": 51.109, "priority_rank": 203 }, "geometry": { "type": "Polygon", "coordinates": [ [ [ 127.043650985799815, 37.661123763362113 ], [ 127.043637191468036, 37.663377046283799 ], [ 127.046471661359533, 37.663387978747686 ], [ 127.046485370021898, 37.661134694942724 ], [ 127.043650985799815, 37.661123763362113 ] ] ] } },
{ "type": "Feature", "properties": { "display_grid_id": "11320_00161", "gu_code": 11320, "gu_name": "도봉구", "source_cell_count": 15, "area_m2": 62500.0, "mean_actual_lst": 41.0939, "mean_actual_anomaly": 5.7242, "seoul_anomaly": 3.1327, "pred_anomaly": 3.4425, "pred_anomaly_std": 0.9419, "green_delta_c": -0.8465, "building_ratio": 0.176, "green_ratio": 0.2317, "ndvi": 0.1631, "impervious_ratio": 0.4915, "built_surface_ratio": 0.4915, "avg_ground_floor_count": 4.625, "elevation_m": 31.383, "albedo": 0.132, "nearest_park_distance_m": 144.2052, "park_area_within_500m": 196014.9332, "nearest_stream_distance_m": 73.5472, "est_population_density": 2988.4, "dong_elderly_ratio": 0.234, "dong_avg_age": 46.484, "dong_pop_density": 25746.656, "nearest_shelter_distance_m": 174.746, "shelter_count_within_500m": 12.6, "est_population": 186.8, "est_elderly": 45.0, "shelter_capacity_within_500m": 2902.5, "building_form_group": "low_floor_low_density", "dong_name": "방학1동", "top1_feature": "built_surface_ratio", "top1_shap": 0.6767, "top2_feature": "impervious_ratio", "top2_shap": 0.6602, "top3_feature": "green_ratio", "top3_shap": 0.2789, "priority_score": 72.7692, "priority_rank": 30 }, "geometry": { "type": "Polygon", "coordinates": [ [ [ 127.046485370021898, 37.661134694942724 ], [ 127.046471661359533, 37.663387978747686 ], [ 127.049306132778369, 37.663398843102527 ], [ 127.049319755771108, 37.661145558419804 ], [ 127.046485370021898, 37.661134694942724 ] ] ] } },
{ "type": "Feature", "properties": { "display_grid_id": "11320_00162", "gu_code": 11320, "gu_name": "도봉구", "source_cell_count": 12, "area_m2": 49594.52, "mean_actual_lst": 40.0042, "mean_actual_anomaly": 4.9054, "seoul_anomaly": 2.3139, "pred_anomaly": 2.1019, "pred_anomaly_std": 0.9927, "green_delta_c": -0.8648, "building_ratio": 0.1231, "green_ratio": 0.2798, "ndvi": 0.1887, "impervious_ratio": 0.4066, "built_surface_ratio": 0.4066, "avg_ground_floor_count": 1.7238, "elevation_m": 28.1146, "albedo": 0.1181, "nearest_park_distance_m": 153.1348, "park_area_within_500m": 230691.2985, "nearest_stream_distance_m": 56.3193, "est_population_density": 1098.4077, "dong_elderly_ratio": 0.2418, "dong_avg_age": 46.9, "dong_pop_density": 26465.6, "nearest_shelter_distance_m": 103.1471, "shelter_count_within_500m": 11.4619, "est_population": 54.5, "est_elderly": 13.1, "shelter_capacity_within_500m": 2181.6, "building_form_group": "low_floor_low_density", "dong_name": "방학1동", "top1_feature": "built_surface_ratio", "top1_shap": 0.5612, "top2_feature": "impervious_ratio", "top2_shap": 0.5723, "top3_feature": "ndvi", "top3_shap": 0.1396, "priority_score": 63.3846, "priority_rank": 92 }, "geometry": { "type": "Polygon", "coordinates": [ [ [ 127.049319755771108, 37.661145558419804 ], [ 127.049306132778369, 37.663398843102527 ], [ 127.051498946348943, 37.663407201291463 ], [ 127.05155932, 37.66302785 ], [ 127.05156985, 37.66186738 ], [ 127.05157383, 37.66142918 ], [ 127.051589346715147, 37.661154208078742 ], [ 127.049319755771108, 37.661145558419804 ] ] ] } },
{ "type": "Feature", "properties": { "display_grid_id": "11320_00163", "gu_code": 11320, "gu_name": "도봉구", "source_cell_count": 14, "area_m2": 56208.69, "mean_actual_lst": 30.8589, "mean_actual_anomaly": -5.2704, "seoul_anomaly": -7.862, "pred_anomaly": -4.397, "pred_anomaly_std": 0.5786, "green_delta_c": -0.9969, "building_ratio": 0.0014, "green_ratio": 0.8097, "ndvi": 0.5449, "impervious_ratio": 0.0585, "built_surface_ratio": 0.0585, "avg_ground_floor_count": 0.089, "elevation_m": 109.8597, "albedo": 0.1373, "nearest_park_distance_m": 874.6939, "park_area_within_500m": 0.0, "nearest_stream_distance_m": 301.4234, "est_population_density": 0.0, "dong_elderly_ratio": 0.2401, "dong_avg_age": 45.9, "dong_pop_density": 13205.6, "nearest_shelter_distance_m": 386.491, "shelter_count_within_500m": 1.0, "est_population": 0.0, "est_elderly": 0.0, "shelter_capacity_within_500m": 505.6, "building_form_group": "no_building", "dong_name": "방학3동", "top1_feature": "built_surface_ratio", "top1_shap": -1.3548, "top2_feature": "impervious_ratio", "top2_shap": -1.114, "top3_feature": "green_ratio", "top3_shap": -0.8573, "priority_score": 42.75, "priority_rank": 258 }, "geometry": { "type": "Polygon", "coordinates": [ [ [ 127.01811246577725, 37.66552886307867 ], [ 127.018127032748382, 37.663275589221762 ], [ 127.01596568798935, 37.663266739757482 ], [ 127.01595129, 37.66329295 ], [ 127.01556527, 37.66343772 ], [ 127.01553484, 37.66359876 ], [ 127.015511649999979, 37.66366775 ], [ 127.01536645, 37.663672 ], [ 127.01533901, 37.66374942 ], [ 127.01532153, 37.66403492 ], [ 127.015322770000012, 37.66403971 ], [ 127.01533216, 37.66407547 ], [ 127.015459340000021, 37.66424184000001 ], [ 127.015587060000016, 37.66440992 ], [ 127.015612569999988, 37.66444343 ], [ 127.01564853, 37.66450789000001 ], [ 127.015735529999986, 37.66477227 ], [ 127.01579259, 37.6649426 ], [ 127.01578656, 37.6649685 ], [ 127.015763560000011, 37.66506874 ], [ 127.015403643050703, 37.665517765159969 ], [ 127.01811246577725, 37.66552886307867 ] ] ] } },
{ "type": "Feature", "properties": { "display_grid_id": "11320_00164", "gu_code": 11320, "gu_name": "도봉구", "source_cell_count": 11, "area_m2": 62500.0, "mean_actual_lst": 32.6186, "mean_actual_anomaly": -3.5914, "seoul_anomaly": -6.1829, "pred_anomaly": -3.0755, "pred_anomaly_std": 0.7978, "green_delta_c": -0.9372, "building_ratio": 0.0088, "green_ratio": 0.7344, "ndvi": 0.5186, "impervious_ratio": 0.1318, "built_surface_ratio": 0.1318, "avg_ground_floor_count": 0.3798, "elevation_m": 75.0284, "albedo": 0.1422, "nearest_park_distance_m": 970.9856, "park_area_within_500m": 0.0, "nearest_stream_distance_m": 166.33, "est_population_density": 0.0, "dong_elderly_ratio": 0.2401, "dong_avg_age": 45.9, "dong_pop_density": 13205.6, "nearest_shelter_distance_m": 499.8384, "shelter_count_within_500m": 0.8, "est_population": 0.0, "est_elderly": 0.0, "shelter_capacity_within_500m": 247.7, "building_form_group": "no_building", "dong_name": "방학3동", "top1_feature": "green_ratio", "top1_shap": -0.9329, "top2_feature": "built_surface_ratio", "top2_shap": -0.7754, "top3_feature": "impervious_ratio", "top3_shap": -0.6251, "priority_score": 48.3013, "priority_rank": 222 }, "geometry": { "type": "Polygon", "coordinates": [ [ [ 127.018127032748382, 37.663275589221762 ], [ 127.01811246577725, 37.66552886307867 ], [ 127.020947007170761, 37.665540409451417 ], [ 127.020961488464565, 37.663287134661672 ], [ 127.018127032748382, 37.663275589221762 ] ] ] } },
{ "type": "Feature", "properties": { "display_grid_id": "11320_00165", "gu_code": 11320, "gu_name": "도봉구", "source_cell_count": 12, "area_m2": 62500.0, "mean_actual_lst": 33.4966, "mean_actual_anomaly": -2.6473, "seoul_anomaly": -5.2389, "pred_anomaly": -2.9031, "pred_anomaly_std": 0.9612, "green_delta_c": -0.9583, "building_ratio": 0.0125, "green_ratio": 0.7106, "ndvi": 0.5038, "impervious_ratio": 0.1601, "built_surface_ratio": 0.1601, "avg_ground_floor_count": 0.2921, "elevation_m": 68.3978, "albedo": 0.1363, "nearest_park_distance_m": 1000.52, "park_area_within_500m": 0.0, "nearest_stream_distance_m": 151.6276, "est_population_density": 0.0, "dong_elderly_ratio": 0.2401, "dong_avg_age": 45.9, "dong_pop_density": 13205.6, "nearest_shelter_distance_m": 396.3792, "shelter_count_within_500m": 2.24, "est_population": 0.0, "est_elderly": 0.0, "shelter_capacity_within_500m": 465.8, "building_form_group": "no_building", "dong_name": "방학3동", "top1_feature": "built_surface_ratio", "top1_shap": -0.7925, "top2_feature": "impervious_ratio", "top2_shap": -0.6264, "top3_feature": "green_ratio", "top3_shap": -0.7978, "priority_score": 49.032, "priority_rank": 217 }, "geometry": { "type": "Polygon", "coordinates": [ [ [ 127.020961488464565, 37.663287134661672 ], [ 127.020947007170761, 37.665540409451417 ], [ 127.023781550177674, 37.665551887710684 ], [ 127.023795945793964, 37.663298611993596 ], [ 127.020961488464565, 37.663287134661672 ] ] ] } },
{ "type": "Feature", "properties": { "display_grid_id": "11320_00166", "gu_code": 11320, "gu_name": "도봉구", "source_cell_count": 12, "area_m2": 62500.0, "mean_actual_lst": 32.7528, "mean_actual_anomaly": -2.8352, "seoul_anomaly": -5.4268, "pred_anomaly": -3.4152, "pred_anomaly_std": 0.738, "green_delta_c": -1.1633, "building_ratio": 0.0279, "green_ratio": 0.7579, "ndvi": 0.5425, "impervious_ratio": 0.1045, "built_surface_ratio": 0.1045, "avg_ground_floor_count": 1.8044, "elevation_m": 73.8263, "albedo": 0.1359, "nearest_park_distance_m": 818.486, "park_area_within_500m": 0.0, "nearest_stream_distance_m": 340.402, "est_population_density": 2861.2, "dong_elderly_ratio": 0.2401, "dong_avg_age": 45.9, "dong_pop_density": 13205.6, "nearest_shelter_distance_m": 176.298, "shelter_count_within_500m": 5.16, "est_population": 178.8, "est_elderly": 43.0, "shelter_capacity_within_500m": 946.0, "building_form_group": "no_building", "dong_name": "방학3동", "top1_feature": "built_surface_ratio", "top1_shap": -1.0304, "top2_feature": "impervious_ratio", "top2_shap": -0.9126, "top3_feature": "green_ratio", "top3_shap": -0.8348, "priority_score": 54.7244, "priority_rank": 168 }, "geometry": { "type": "Polygon", "coordinates": [ [ [ 127.023795945793964, 37.663298611993596 ], [ 127.023781550177674, 37.665551887710684 ], [ 127.026616094788409, 37.665563297856352 ], [ 127.026630404727058, 37.663310021217434 ], [ 127.023795945793964, 37.663298611993596 ] ] ] } },
{ "type": "Feature", "properties": { "display_grid_id": "11320_00167", "gu_code": 11320, "gu_name": "도봉구", "source_cell_count": 11, "area_m2": 62500.0, "mean_actual_lst": 37.4746, "mean_actual_anomaly": 2.1044, "seoul_anomaly": -0.4871, "pred_anomaly": 1.1551, "pred_anomaly_std": 0.8384, "green_delta_c": -0.6321, "building_ratio": 0.1281, "green_ratio": 0.3739, "ndvi": 0.3062, "impervious_ratio": 0.4342, "built_surface_ratio": 0.4342, "avg_ground_floor_count": 3.8946, "elevation_m": 48.7269, "albedo": 0.1292, "nearest_park_distance_m": 656.6956, "park_area_within_500m": 0.0, "nearest_stream_distance_m": 502.0892, "est_population_density": 10491.6, "dong_elderly_ratio": 0.2401, "dong_avg_age": 45.9, "dong_pop_density": 13205.6, "nearest_shelter_distance_m": 92.182, "shelter_count_within_500m": 7.08, "est_population": 655.7, "est_elderly": 157.6, "shelter_capacity_within_500m": 1333.5, "building_form_group": "low_floor_low_density", "dong_name": "방학3동", "top1_feature": "green_ratio", "top1_shap": -0.3786, "top2_feature": "built_surface_ratio", "top2_shap": 0.5581, "top3_feature": "ndvi", "top3_shap": -0.4139, "priority_score": 51.2821, "priority_rank": 202 }, "geometry": { "type": "Polygon", "coordinates": [ [ [ 127.026630404727058, 37.663310021217434 ], [ 127.026616094788409, 37.665563297856352 ], [ 127.029450640993474, 37.665574639888305 ], [ 127.029464865254255, 37.663321362333051 ], [ 127.026630404727058, 37.663310021217434 ] ] ] } },
{ "type": "Feature", "properties": { "display_grid_id": "11320_00168", "gu_code": 11320, "gu_name": "도봉구", "source_cell_count": 13, "area_m2": 62500.0, "mean_actual_lst": 40.9853, "mean_actual_anomaly": 5.7988, "seoul_anomaly": 3.2073, "pred_anomaly": 3.7975, "pred_anomaly_std": 0.9253, "green_delta_c": -0.8127, "building_ratio": 0.2944, "green_ratio": 0.2235, "ndvi": 0.1578, "impervious_ratio": 0.5599, "built_surface_ratio": 0.5599, "avg_ground_floor_count": 4.2243, "elevation_m": 42.2528, "albedo": 0.1348, "nearest_park_distance_m": 531.9304, "park_area_within_500m": 1862.6224, "nearest_stream_distance_m": 518.4044, "est_population_density": 30060.4, "dong_elderly_ratio": 0.2496, "dong_avg_age": 47.1, "dong_pop_density": 15523.04, "nearest_shelter_distance_m": 87.652, "shelter_count_within_500m": 10.84, "est_population": 1878.8, "est_elderly": 464.9, "shelter_capacity_within_500m": 2257.2, "building_form_group": "low_floor_high_density", "dong_name": "방학2동", "top1_feature": "built_surface_ratio", "top1_shap": 0.6844, "top2_feature": "impervious_ratio", "top2_shap": 0.673, "top3_feature": "green_ratio", "top3_shap": 0.212, "priority_score": 76.0577, "priority_rank": 13 }, "geometry": { "type": "Polygon", "coordinates": [ [ [ 127.029464865254255, 37.663321362333051 ], [ 127.029450640993474, 37.665574639888305 ], [ 127.03228518878332, 37.665585913806424 ], [ 127.032299327366019, 37.663332635340325 ], [ 127.029464865254255, 37.663321362333051 ] ] ] } },
{ "type": "Feature", "properties": { "display_grid_id": "11320_00169", "gu_code": 11320, "gu_name": "도봉구", "source_cell_count": 11, "area_m2": 62500.0, "mean_actual_lst": 42.8377, "mean_actual_anomaly": 7.6715, "seoul_anomaly": 5.0799, "pred_anomaly": 5.1763, "pred_anomaly_std": 0.9423, "green_delta_c": -1.3378, "building_ratio": 0.3811, "green_ratio": 0.2606, "ndvi": 0.1422, "impervious_ratio": 0.4238, "built_surface_ratio": 0.4238, "avg_ground_floor_count": 2.5511, "elevation_m": 38.8814, "albedo": 0.1145, "nearest_park_distance_m": 405.1272, "park_area_within_500m": 12068.2704, "nearest_stream_distance_m": 439.5236, "est_population_density": 23660.4, "dong_elderly_ratio": 0.256, "dong_avg_age": 47.9, "dong_pop_density": 17068.0, "nearest_shelter_distance_m": 144.9624, "shelter_count_within_500m": 11.88, "est_population": 1478.8, "est_elderly": 378.6, "shelter_capacity_within_500m": 2881.2, "building_form_group": "low_floor_high_density", "dong_name": "방학2동", "top1_feature": "building_ratio", "top1_shap": 0.7202, "top2_feature": "built_surface_ratio", "top2_shap": 0.6559, "top3_feature": "impervious_ratio", "top3_shap": 0.3818, "priority_score": 82.6539, "priority_rank": 1 }, "geometry": { "type": "Polygon", "coordinates": [ [ [ 127.032299327366019, 37.663332635340325 ], [ 127.03228518878332, 37.665585913806424 ], [ 127.035119738148339, 37.665597119610581 ], [ 127.035133791052829, 37.663343840239165 ], [ 127.032299327366019, 37.663332635340325 ] ] ] } },
{ "type": "Feature", "properties": { "display_grid_id": "11320_00170", "gu_code": 11320, "gu_name": "도봉구", "source_cell_count": 11, "area_m2": 62500.0, "mean_actual_lst": 41.9354, "mean_actual_anomaly": 6.8479, "seoul_anomaly": 4.2564, "pred_anomaly": 5.5445, "pred_anomaly_std": 0.7644, "green_delta_c": -0.5079, "building_ratio": 0.4001, "green_ratio": 0.2404, "ndvi": 0.1077, "impervious_ratio": 0.3167, "built_surface_ratio": 0.3167, "avg_ground_floor_count": 2.7991, "elevation_m": 35.5132, "albedo": 0.1031, "nearest_park_distance_m": 176.22, "park_area_within_500m": 43307.484, "nearest_stream_distance_m": 322.442, "est_population_density": 27237.6, "dong_elderly_ratio": 0.2441, "dong_avg_age": 47.06, "dong_pop_density": 24961.984, "nearest_shelter_distance_m": 154.7292, "shelter_count_within_500m": 10.2, "est_population": 1702.3, "est_elderly": 414.6, "shelter_capacity_within_500m": 2618.7, "building_form_group": "low_floor_high_density", "dong_name": "방학1동", "top1_feature": "building_ratio", "top1_shap": 0.8222, "top2_feature": "ndvi", "top2_shap": 0.6777, "top3_feature": "built_surface_ratio", "top3_shap": 0.6022, "priority_score": 70.6923, "priority_rank": 45 }, "geometry": { "type": "Polygon", "coordinates": [ [ [ 127.035133791052829, 37.663343840239165 ], [ 127.035119738148339, 37.665597119610581 ], [ 127.037954289079082, 37.665608257300676 ], [ 127.037968256305149, 37.663354977029428 ], [ 127.035133791052829, 37.663343840239165 ] ] ] } },
{ "type": "Feature", "properties": { "display_grid_id": "11320_00171", "gu_code": 11320, "gu_name": "도봉구", "source_cell_count": 12, "area_m2": 62500.0, "mean_actual_lst": 41.4696, "mean_actual_anomaly": 6.096, "seoul_anomaly": 3.5045, "pred_anomaly": 5.0979, "pred_anomaly_std": 0.7128, "green_delta_c": -0.9507, "building_ratio": 0.4355, "green_ratio": 0.2633, "ndvi": 0.1265, "impervious_ratio": 0.2823, "built_surface_ratio": 0.2823, "avg_ground_floor_count": 4.0967, "elevation_m": 33.0164, "albedo": 0.1012, "nearest_park_distance_m": 57.4288, "park_area_within_500m": 162025.6608, "nearest_stream_distance_m": 305.6124, "est_population_density": 36995.2, "dong_elderly_ratio": 0.2418, "dong_avg_age": 46.9, "dong_pop_density": 26465.6, "nearest_shelter_distance_m": 110.9132, "shelter_count_within_500m": 8.92, "est_population": 2312.2, "est_elderly": 559.2, "shelter_capacity_within_500m": 1910.2, "building_form_group": "low_floor_high_density", "dong_name": "방학1동", "top1_feature": "building_ratio", "top1_shap": 0.8062, "top2_feature": "ndvi", "top2_shap": 0.5727, "top3_feature": "built_surface_ratio", "top3_shap": 0.5513, "priority_score": 79.1795, "priority_rank": 5 }, "geometry": { "type": "Polygon", "coordinates": [ [ [ 127.037968256305149, 37.663354977029428 ], [ 127.037954289079082, 37.665608257300676 ], [ 127.040788841565941, 37.665619326876588 ], [ 127.040802723113387, 37.663366045711015 ], [ 127.037968256305149, 37.663354977029428 ] ] ] } },
{ "type": "Feature", "properties": { "display_grid_id": "11320_00172", "gu_code": 11320, "gu_name": "도봉구", "source_cell_count": 11, "area_m2": 62500.0, "mean_actual_lst": 42.3542, "mean_actual_anomaly": 6.6167, "seoul_anomaly": 4.0251, "pred_anomaly": 4.7545, "pred_anomaly_std": 0.8032, "green_delta_c": -0.7505, "building_ratio": 0.341, "green_ratio": 0.2188, "ndvi": 0.1129, "impervious_ratio": 0.499, "built_surface_ratio": 0.499, "avg_ground_floor_count": 3.4402, "elevation_m": 31.9384, "albedo": 0.1165, "nearest_park_distance_m": 14.3056, "park_area_within_500m": 286813.0924, "nearest_stream_distance_m": 285.4244, "est_population_density": 18912.0, "dong_elderly_ratio": 0.2418, "dong_avg_age": 46.9, "dong_pop_density": 26465.6, "nearest_shelter_distance_m": 209.3184, "shelter_count_within_500m": 10.36, "est_population": 1182.0, "est_elderly": 285.9, "shelter_capacity_within_500m": 2208.0, "building_form_group": "low_floor_high_density", "dong_name": "방학1동", "top1_feature": "built_surface_ratio", "top1_shap": 0.7107, "top2_feature": "ndvi", "top2_shap": 0.5165, "top3_feature": "impervious_ratio", "top3_shap": 0.4853, "priority_score": 78.9231, "priority_rank": 6 }, "geometry": { "type": "Polygon", "coordinates": [ [ [ 127.040802723113387, 37.663366045711015 ], [ 127.040788841565941, 37.665619326876588 ], [ 127.043623395599383, 37.665630328338203 ], [ 127.043637191468036, 37.663377046283799 ], [ 127.040802723113387, 37.663366045711015 ] ] ] } },
{ "type": "Feature", "properties": { "display_grid_id": "11320_00173", "gu_code": 11320, "gu_name": "도봉구", "source_cell_count": 12, "area_m2": 62500.0, "mean_actual_lst": 40.7905, "mean_actual_anomaly": 5.0591, "seoul_anomaly": 2.4676, "pred_anomaly": 3.1056, "pred_anomaly_std": 0.8326, "green_delta_c": -0.4227, "building_ratio": 0.2365, "green_ratio": 0.2042, "ndvi": 0.1606, "impervious_ratio": 0.576, "built_surface_ratio": 0.576, "avg_ground_floor_count": 9.5377, "elevation_m": 29.6118, "albedo": 0.1089, "nearest_park_distance_m": 0.0, "park_area_within_500m": 322902.5564, "nearest_stream_distance_m": 252.8252, "est_population_density": 225.6, "dong_elderly_ratio": 0.2418, "dong_avg_age": 46.9, "dong_pop_density": 26465.6, "nearest_shelter_distance_m": 76.3896, "shelter_count_within_500m": 11.88, "est_population": 14.1, "est_elderly": 3.4, "shelter_capacity_within_500m": 2683.0, "building_form_group": "high_floor_low_density", "dong_name": "방학1동", "top1_feature": "built_surface_ratio", "top1_shap": 0.6893, "top2_feature": "impervious_ratio", "top2_shap": 0.6737, "top3_feature": "green_ratio", "top3_shap": 0.1903, "priority_score": 52.7885, "priority_rank": 190 }, "geometry": { "type": "Polygon", "coordinates": [ [ [ 127.043637191468036, 37.663377046283799 ], [ 127.043623395599383, 37.665630328338203 ], [ 127.046457951169856, 37.665641261685394 ], [ 127.046471661359533, 37.663387978747686 ], [ 127.043637191468036, 37.663377046283799 ] ] ] } },
{ "type": "Feature", "properties": { "display_grid_id": "11320_00174", "gu_code": 11320, "gu_name": "도봉구", "source_cell_count": 11, "area_m2": 62500.0, "mean_actual_lst": 39.3325, "mean_actual_anomaly": 3.6382, "seoul_anomaly": 1.0466, "pred_anomaly": 1.9319, "pred_anomaly_std": 0.8773, "green_delta_c": -0.8285, "building_ratio": 0.1895, "green_ratio": 0.2819, "ndvi": 0.2413, "impervious_ratio": 0.4539, "built_surface_ratio": 0.4539, "avg_ground_floor_count": 12.0724, "elevation_m": 36.0672, "albedo": 0.1123, "nearest_park_distance_m": 111.882, "park_area_within_500m": 352118.5964, "nearest_stream_distance_m": 191.2352, "est_population_density": 39763.6, "dong_elderly_ratio": 0.2418, "dong_avg_age": 46.9, "dong_pop_density": 26465.6, "nearest_shelter_distance_m": 86.3604, "shelter_count_within_500m": 14.2, "est_population": 2485.2, "est_elderly": 601.0, "shelter_capacity_within_500m": 2977.5, "building_form_group": "high_floor_low_density", "dong_name": "방학1동", "top1_feature": "built_surface_ratio", "top1_shap": 0.5462, "top2_feature": "impervious_ratio", "top2_shap": 0.5335, "top3_feature": "green_ratio", "top3_shap": 0.172, "priority_score": 68.8333, "priority_rank": 54 }, "geometry": { "type": "Polygon", "coordinates": [ [ [ 127.046471661359533, 37.663387978747686 ], [ 127.046457951169856, 37.665641261685394 ], [ 127.04929250826784, 37.665652126918062 ], [ 127.049306132778369, 37.663398843102527 ], [ 127.046471661359533, 37.663387978747686 ] ] ] } },
{ "type": "Feature", "properties": { "display_grid_id": "11320_00175", "gu_code": 11320, "gu_name": "도봉구", "source_cell_count": 8, "area_m2": 37175.24, "mean_actual_lst": 38.2083, "mean_actual_anomaly": 2.9577, "seoul_anomaly": 0.3662, "pred_anomaly": 0.8963, "pred_anomaly_std": 0.9137, "green_delta_c": -0.8638, "building_ratio": 0.1081, "green_ratio": 0.3535, "ndvi": 0.2541, "impervious_ratio": 0.3382, "built_surface_ratio": 0.3382, "avg_ground_floor_count": 5.0751, "elevation_m": 33.4505, "albedo": 0.1336, "nearest_park_distance_m": 130.1737, "park_area_within_500m": 372623.9288, "nearest_stream_distance_m": 64.2149, "est_population_density": 12923.2478, "dong_elderly_ratio": 0.2418, "dong_avg_age": 46.9, "dong_pop_density": 26465.6, "nearest_shelter_distance_m": 102.74, "shelter_count_within_500m": 13.1454, "est_population": 480.4, "est_elderly": 116.2, "shelter_capacity_within_500m": 1663.4, "building_form_group": "high_floor_low_density", "dong_name": "방학1동", "top1_feature": "impervious_ratio", "top1_shap": 0.377, "top2_feature": "built_surface_ratio", "top2_shap": 0.2826, "top3_feature": "green_ratio", "top3_shap": -0.2834, "priority_score": 59.282, "priority_rank": 133 }, "geometry": { "type": "Polygon", "coordinates": [ [ [ 127.049306132778369, 37.663398843102527 ], [ 127.04929250826784, 37.665652126918062 ], [ 127.050393963308906, 37.66565633056301 ], [ 127.050868810000011, 37.66482333 ], [ 127.05088048, 37.66479629 ], [ 127.05103055, 37.6643694 ], [ 127.05105264, 37.66430661 ], [ 127.05116771, 37.66397939 ], [ 127.051409960000015, 37.66396633 ], [ 127.051498946348943, 37.663407201291463 ], [ 127.049306132778369, 37.663398843102527 ] ] ] } },
{ "type": "Feature", "properties": { "display_grid_id": "11320_00176", "gu_code": 11320, "gu_name": "도봉구", "source_cell_count": 14, "area_m2": 51105.34, "mean_actual_lst": 31.7742, "mean_actual_anomaly": -4.3552, "seoul_anomaly": -6.9467, "pred_anomaly": -4.7439, "pred_anomaly_std": 0.6182, "green_delta_c": -0.919, "building_ratio": 0.0, "green_ratio": 0.8211, "ndvi": 0.5542, "impervious_ratio": 0.0494, "built_surface_ratio": 0.0494, "avg_ground_floor_count": 0.0, "elevation_m": 125.8233, "albedo": 0.146, "nearest_park_distance_m": 1116.0884, "park_area_within_500m": 0.0, "nearest_stream_distance_m": 458.9055, "est_population_density": 0.0, "dong_elderly_ratio": 0.2401, "dong_avg_age": 45.9, "dong_pop_density": 13205.6, "nearest_shelter_distance_m": 591.2144, "shelter_count_within_500m": 0.0637, "est_population": 0.0, "est_elderly": 0.0, "shelter_capacity_within_500m": 63.0, "building_form_group": "no_building", "dong_name": "방학3동", "top1_feature": "built_surface_ratio", "top1_shap": -1.4204, "top2_feature": "impervious_ratio", "top2_shap": -1.2476, "top3_feature": "green_ratio", "top3_shap": -0.8345, "priority_score": 43.8654, "priority_rank": 253 }, "geometry": { "type": "Polygon", "coordinates": [ [ [ 127.018097897183196, 37.667782136067778 ], [ 127.01811246577725, 37.66552886307867 ], [ 127.015403643050703, 37.665517765159969 ], [ 127.01537423000002, 37.66555446 ], [ 127.015366269999987, 37.66560148 ], [ 127.01547013, 37.66607645 ], [ 127.01547775, 37.66609334 ], [ 127.01549972, 37.66614684 ], [ 127.01572097, 37.66647116 ], [ 127.015729300000018, 37.66649312 ], [ 127.01574861, 37.66654521 ], [ 127.01574121, 37.66674765 ], [ 127.0157439, 37.666857449999988 ], [ 127.015764459999986, 37.66699428 ], [ 127.01577155, 37.66700273 ], [ 127.01578767, 37.66703369 ], [ 127.01615059, 37.66726819 ], [ 127.01617998, 37.66728479 ], [ 127.01621204, 37.66730253 ], [ 127.01634559, 37.66735685 ], [ 127.01637375, 37.66737036 ], [ 127.0162204, 37.66745513 ], [ 127.01622341, 37.66749651 ], [ 127.01636123, 37.66763784 ], [ 127.01637859, 37.667655860000011 ], [ 127.016410830000012, 37.66768908 ], [ 127.016495220792351, 37.667775577162196 ], [ 127.018097897183196, 37.667782136067778 ] ] ] } },
{ "type": "Feature", "properties": { "display_grid_id": "11320_00177", "gu_code": 11320, "gu_name": "도봉구", "source_cell_count": 13, "area_m2": 62500.0, "mean_actual_lst": 31.7708, "mean_actual_anomaly": -4.3366, "seoul_anomaly": -6.9282, "pred_anomaly": -4.3456, "pred_anomaly_std": 0.7858, "green_delta_c": -1.1549, "building_ratio": 0.0, "green_ratio": 0.8204, "ndvi": 0.5395, "impervious_ratio": 0.0577, "built_surface_ratio": 0.0577, "avg_ground_floor_count": 0.0, "elevation_m": 109.4212, "albedo": 0.1468, "nearest_park_distance_m": 1120.0088, "park_area_within_500m": 0.0, "nearest_stream_distance_m": 366.7048, "est_population_density": 0.0, "dong_elderly_ratio": 0.2401, "dong_avg_age": 45.9, "dong_pop_density": 13205.6, "nearest_shelter_distance_m": 663.7936, "shelter_count_within_500m": 0.0, "est_population": 0.0, "est_elderly": 0.0, "shelter_capacity_within_500m": 0.0, "building_form_group": "no_building", "dong_name": "방학3동", "top1_feature": "built_surface_ratio", "top1_shap": -1.3404, "top2_feature": "impervious_ratio", "top2_shap": -1.1599, "top3_feature": "green_ratio", "top3_shap": -0.8566, "priority_score": 46.1474, "priority_rank": 234 }, "geometry": { "type": "Polygon", "coordinates": [ [ [ 127.01811246577725, 37.66552886307867 ], [ 127.018097897183196, 37.667782136067778 ], [ 127.020932524263557, 37.667793683373425 ], [ 127.020947007170761, 37.665540409451417 ], [ 127.01811246577725, 37.66552886307867 ] ] ] } },
{ "type": "Feature", "properties": { "display_grid_id": "11320_00178", "gu_code": 11320, "gu_name": "도봉구", "source_cell_count": 15, "area_m2": 62500.0, "mean_actual_lst": 31.7352, "mean_actual_anomaly": -4.2846, "seoul_anomaly": -6.8761, "pred_anomaly": -4.3502, "pred_anomaly_std": 0.6066, "green_delta_c": -1.1859, "building_ratio": 0.0, "green_ratio": 0.813, "ndvi": 0.515, "impervious_ratio": 0.0584, "built_surface_ratio": 0.0584, "avg_ground_floor_count": 0.0, "elevation_m": 102.8538, "albedo": 0.1396, "nearest_park_distance_m": 921.4296, "park_area_within_500m": 0.0, "nearest_stream_distance_m": 365.1376, "est_population_density": 0.0, "dong_elderly_ratio": 0.2401, "dong_avg_age": 45.9, "dong_pop_density": 13205.6, "nearest_shelter_distance_m": 481.9152, "shelter_count_within_500m": 0.56, "est_population": 0.0, "est_elderly": 0.0, "shelter_capacity_within_500m": 84.0, "building_form_group": "no_building", "dong_name": "방학3동", "top1_feature": "built_surface_ratio", "top1_shap": -1.3653, "top2_feature": "impervious_ratio", "top2_shap": -1.1808, "top3_feature": "green_ratio", "top3_shap": -0.8438, "priority_score": 46.109, "priority_rank": 236 }, "geometry": { "type": "Polygon", "coordinates": [ [ [ 127.020947007170761, 37.665540409451417 ], [ 127.020932524263557, 37.667793683373425 ], [ 127.023767152957475, 37.667805162560086 ], [ 127.023781550177674, 37.665551887710684 ], [ 127.020947007170761, 37.665540409451417 ] ] ] } },
{ "type": "Feature", "properties": { "display_grid_id": "11320_00179", "gu_code": 11320, "gu_name": "도봉구", "source_cell_count": 14, "area_m2": 62500.0, "mean_actual_lst": 31.6408, "mean_actual_anomaly": -3.5458, "seoul_anomaly": -6.1373, "pred_anomaly": -4.3126, "pred_anomaly_std": 0.6172, "green_delta_c": -1.3109, "building_ratio": 0.0, "green_ratio": 0.8063, "ndvi": 0.5222, "impervious_ratio": 0.052, "built_surface_ratio": 0.052, "avg_ground_floor_count": 0.0, "elevation_m": 91.3988, "albedo": 0.1305, "nearest_park_distance_m": 678.746, "park_area_within_500m": 0.0, "nearest_stream_distance_m": 504.5704, "est_population_density": 0.0, "dong_elderly_ratio": 0.2401, "dong_avg_age": 45.9, "dong_pop_density": 13205.6, "nearest_shelter_distance_m": 290.914, "shelter_count_within_500m": 2.16, "est_population": 0.0, "est_elderly": 0.0, "shelter_capacity_within_500m": 322.5, "building_form_group": "no_building", "dong_name": "방학3동", "top1_feature": "built_surface_ratio", "top1_shap": -1.4038, "top2_feature": "impervious_ratio", "top2_shap": -1.2217, "top3_feature": "green_ratio", "top3_shap": -0.7643, "priority_score": 46.3397, "priority_rank": 233 }, "geometry": { "type": "Polygon", "coordinates": [ [ [ 127.023781550177674, 37.665551887710684 ], [ 127.023767152957475, 37.667805162560086 ], [ 127.026601783255458, 37.667816573627647 ], [ 127.026616094788409, 37.665563297856352 ], [ 127.023781550177674, 37.665551887710684 ] ] ] } },
{ "type": "Feature", "properties": { "display_grid_id": "11320_00180", "gu_code": 11320, "gu_name": "도봉구", "source_cell_count": 16, "area_m2": 62500.0, "mean_actual_lst": 32.5565, "mean_actual_anomaly": -2.5841, "seoul_anomaly": -5.1756, "pred_anomaly": -3.1175, "pred_anomaly_std": 0.7226, "green_delta_c": -1.0862, "building_ratio": 0.0357, "green_ratio": 0.733, "ndvi": 0.4392, "impervious_ratio": 0.1149, "built_surface_ratio": 0.1149, "avg_ground_floor_count": 1.0626, "elevation_m": 61.8816, "albedo": 0.1378, "nearest_park_distance_m": 471.254, "park_area_within_500m": 5646.9504, "nearest_stream_distance_m": 685.4552, "est_population_density": 1747.2, "dong_elderly_ratio": 0.2414, "dong_avg_age": 46.06, "dong_pop_density": 13514.592, "nearest_shelter_distance_m": 252.1556, "shelter_count_within_500m": 5.36, "est_population": 109.2, "est_elderly": 26.3, "shelter_capacity_within_500m": 1276.0, "building_form_group": "no_building", "dong_name": "방학3동", "top1_feature": "built_surface_ratio", "top1_shap": -0.8672, "top2_feature": "green_ratio", "top2_shap": -0.905, "top3_feature": "impervious_ratio", "top3_shap": -0.6321, "priority_score": 56.6539, "priority_rank": 156 }, "geometry": { "type": "Polygon", "coordinates": [ [ [ 127.026616094788409, 37.665563297856352 ], [ 127.026601783255458, 37.667816573627647 ], [ 127.029436415147927, 37.667827916575995 ], [ 127.029450640993474, 37.665574639888305 ], [ 127.026616094788409, 37.665563297856352 ] ] ] } },
{ "type": "Feature", "properties": { "display_grid_id": "11320_00181", "gu_code": 11320, "gu_name": "도봉구", "source_cell_count": 13, "area_m2": 62500.0, "mean_actual_lst": 38.2244, "mean_actual_anomaly": 3.0379, "seoul_anomaly": 0.4464, "pred_anomaly": 1.508, "pred_anomaly_std": 0.885, "green_delta_c": -0.6458, "building_ratio": 0.2465, "green_ratio": 0.3927, "ndvi": 0.2777, "impervious_ratio": 0.3534, "built_surface_ratio": 0.3534, "avg_ground_floor_count": 2.8314, "elevation_m": 44.7974, "albedo": 0.1265, "nearest_park_distance_m": 302.0348, "park_area_within_500m": 21388.6688, "nearest_stream_distance_m": 761.8272, "est_population_density": 14812.8, "dong_elderly_ratio": 0.256, "dong_avg_age": 47.9, "dong_pop_density": 17068.0, "nearest_shelter_distance_m": 198.5108, "shelter_count_within_500m": 8.88, "est_population": 925.8, "est_elderly": 237.0, "shelter_capacity_within_500m": 3378.2, "building_form_group": "low_floor_high_density", "dong_name": "방학2동", "top1_feature": "ndvi", "top1_shap": -0.3985, "top2_feature": "green_ratio", "top2_shap": -0.5386, "top3_feature": "building_ratio", "top3_shap": 0.3803, "priority_score": 59.9487, "priority_rank": 128 }, "geometry": { "type": "Polygon", "coordinates": [ [ [ 127.029450640993474, 37.665574639888305 ], [ 127.029436415147927, 37.667827916575995 ], [ 127.032271048625375, 37.667839191404994 ], [ 127.03228518878332, 37.665585913806424 ], [ 127.029450640993474, 37.665574639888305 ] ] ] } },
{ "type": "Feature", "properties": { "display_grid_id": "11320_00182", "gu_code": 11320, "gu_name": "도봉구", "source_cell_count": 14, "area_m2": 62500.0, "mean_actual_lst": 41.416, "mean_actual_anomaly": 6.3106, "seoul_anomaly": 3.719, "pred_anomaly": 4.9697, "pred_anomaly_std": 0.8881, "green_delta_c": -0.8118, "building_ratio": 0.4373, "green_ratio": 0.2608, "ndvi": 0.1122, "impervious_ratio": 0.3016, "built_surface_ratio": 0.3016, "avg_ground_floor_count": 2.9934, "elevation_m": 38.9463, "albedo": 0.1099, "nearest_park_distance_m": 219.2748, "park_area_within_500m": 24340.024, "nearest_stream_distance_m": 660.6552, "est_population_density": 32067.2, "dong_elderly_ratio": 0.256, "dong_avg_age": 47.9, "dong_pop_density": 17068.0, "nearest_shelter_distance_m": 112.238, "shelter_count_within_500m": 9.68, "est_population": 2004.2, "est_elderly": 513.2, "shelter_capacity_within_500m": 3839.3, "building_form_group": "low_floor_high_density", "dong_name": "방학2동", "top1_feature": "building_ratio", "top1_shap": 0.921, "top2_feature": "ndvi", "top2_shap": 0.6027, "top3_feature": "built_surface_ratio", "top3_shap": 0.5574, "priority_score": 77.0385, "priority_rank": 8 }, "geometry": { "type": "Polygon", "coordinates": [ [ [ 127.03228518878332, 37.665585913806424 ], [ 127.032271048625375, 37.667839191404994 ], [ 127.035105683678211, 37.667850398114545 ], [ 127.035119738148339, 37.665597119610581 ], [ 127.03228518878332, 37.665585913806424 ] ] ] } },
{ "type": "Feature", "properties": { "display_grid_id": "11320_00183", "gu_code": 11320, "gu_name": "도봉구", "source_cell_count": 15, "area_m2": 62500.0, "mean_actual_lst": 41.4263, "mean_actual_anomaly": 6.3427, "seoul_anomaly": 3.7512, "pred_anomaly": 5.4547, "pred_anomaly_std": 0.7458, "green_delta_c": -0.6769, "building_ratio": 0.449, "green_ratio": 0.2539, "ndvi": 0.1054, "impervious_ratio": 0.2691, "built_surface_ratio": 0.2691, "avg_ground_floor_count": 2.5822, "elevation_m": 36.3691, "albedo": 0.1057, "nearest_park_distance_m": 246.5224, "park_area_within_500m": 52757.3736, "nearest_stream_distance_m": 574.2456, "est_population_density": 27852.4, "dong_elderly_ratio": 0.2549, "dong_avg_age": 47.82, "dong_pop_density": 17819.808, "nearest_shelter_distance_m": 89.5772, "shelter_count_within_500m": 10.04, "est_population": 1740.8, "est_elderly": 443.7, "shelter_capacity_within_500m": 3495.0, "building_form_group": "low_floor_high_density", "dong_name": "방학2동", "top1_feature": "building_ratio", "top1_shap": 0.9789, "top2_feature": "ndvi", "top2_shap": 0.7485, "top3_feature": "built_surface_ratio", "top3_shap": 0.3625, "priority_score": 70.7308, "priority_rank": 44 }, "geometry": { "type": "Polygon", "coordinates": [ [ [ 127.035119738148339, 37.665597119610581 ], [ 127.035105683678211, 37.667850398114545 ], [ 127.037940320296897, 37.667861536704521 ], [ 127.037954289079082, 37.665608257300676 ], [ 127.035119738148339, 37.665597119610581 ] ] ] } },
{ "type": "Feature", "properties": { "display_grid_id": "11320_00184", "gu_code": 11320, "gu_name": "도봉구", "source_cell_count": 16, "area_m2": 62500.0, "mean_actual_lst": 41.2257, "mean_actual_anomaly": 5.8922, "seoul_anomaly": 3.3007, "pred_anomaly": 4.401, "pred_anomaly_std": 0.8227, "green_delta_c": -0.7921, "building_ratio": 0.4058, "green_ratio": 0.2691, "ndvi": 0.107, "impervious_ratio": 0.2631, "built_surface_ratio": 0.2631, "avg_ground_floor_count": 4.247, "elevation_m": 34.36, "albedo": 0.0972, "nearest_park_distance_m": 136.028, "park_area_within_500m": 183269.0648, "nearest_stream_distance_m": 565.5944, "est_population_density": 39438.8, "dong_elderly_ratio": 0.2446, "dong_avg_age": 47.1, "dong_pop_density": 24586.08, "nearest_shelter_distance_m": 93.0268, "shelter_count_within_500m": 8.6, "est_population": 2464.9, "est_elderly": 599.6, "shelter_capacity_within_500m": 2407.5, "building_form_group": "high_floor_high_density", "dong_name": "방학1동", "top1_feature": "building_ratio", "top1_shap": 0.8407, "top2_feature": "ndvi", "top2_shap": 0.6941, "top3_feature": "built_surface_ratio", "top3_shap": 0.3713, "priority_score": 74.3975, "priority_rank": 21 }, "geometry": { "type": "Polygon", "coordinates": [ [ [ 127.037954289079082, 37.665608257300676 ], [ 127.037940320296897, 37.667861536704521 ], [ 127.040774958471928, 37.667872607174807 ], [ 127.040788841565941, 37.665619326876588 ], [ 127.037954289079082, 37.665608257300676 ] ] ] } },
{ "type": "Feature", "properties": { "display_grid_id": "11320_00185", "gu_code": 11320, "gu_name": "도봉구", "source_cell_count": 12, "area_m2": 62500.0, "mean_actual_lst": 41.9568, "mean_actual_anomaly": 6.3136, "seoul_anomaly": 3.722, "pred_anomaly": 4.6236, "pred_anomaly_std": 0.7653, "green_delta_c": -0.4297, "building_ratio": 0.3732, "green_ratio": 0.239, "ndvi": 0.0928, "impervious_ratio": 0.3854, "built_surface_ratio": 0.3854, "avg_ground_floor_count": 3.3804, "elevation_m": 31.6384, "albedo": 0.1061, "nearest_park_distance_m": 8.864, "park_area_within_500m": 345921.5396, "nearest_stream_distance_m": 512.664, "est_population_density": 25455.6, "dong_elderly_ratio": 0.2418, "dong_avg_age": 46.9, "dong_pop_density": 26465.6, "nearest_shelter_distance_m": 118.6224, "shelter_count_within_500m": 11.76, "est_population": 1591.0, "est_elderly": 384.7, "shelter_capacity_within_500m": 3388.0, "building_form_group": "low_floor_high_density", "dong_name": "방학1동", "top1_feature": "ndvi", "top1_shap": 0.6359, "top2_feature": "built_surface_ratio", "top2_shap": 0.6053, "top3_feature": "building_ratio", "top3_shap": 0.5407, "priority_score": 66.141, "priority_rank": 77 }, "geometry": { "type": "Polygon", "coordinates": [ [ [ 127.040788841565941, 37.665619326876588 ], [ 127.040774958471928, 37.667872607174807 ], [ 127.043609598193697, 37.667883609525298 ], [ 127.043623395599383, 37.665630328338203 ], [ 127.040788841565941, 37.665619326876588 ] ] ] } },
{ "type": "Feature", "properties": { "display_grid_id": "11320_00186", "gu_code": 11320, "gu_name": "도봉구", "source_cell_count": 15, "area_m2": 62500.0, "mean_actual_lst": 40.9863, "mean_actual_anomaly": 5.2713, "seoul_anomaly": 2.6798, "pred_anomaly": 2.9977, "pred_anomaly_std": 0.8606, "green_delta_c": -0.3534, "building_ratio": 0.2451, "green_ratio": 0.2268, "ndvi": 0.1357, "impervious_ratio": 0.4906, "built_surface_ratio": 0.4906, "avg_ground_floor_count": 8.672, "elevation_m": 28.8684, "albedo": 0.1003, "nearest_park_distance_m": 0.0, "park_area_within_500m": 387278.3348, "nearest_stream_distance_m": 344.0808, "est_population_density": 20926.8, "dong_elderly_ratio": 0.2418, "dong_avg_age": 46.9, "dong_pop_density": 26465.6, "nearest_shelter_distance_m": 125.4408, "shelter_count_within_500m": 15.6, "est_population": 1307.9, "est_elderly": 316.2, "shelter_capacity_within_500m": 5200.5, "building_form_group": "high_floor_low_density", "dong_name": "방학1동", "top1_feature": "built_surface_ratio", "top1_shap": 0.6161, "top2_feature": "impervious_ratio", "top2_shap": 0.6123, "top3_feature": "ndvi", "top3_shap": 0.2195, "priority_score": 61.4551, "priority_rank": 112 }, "geometry": { "type": "Polygon", "coordinates": [ [ [ 127.043623395599383, 37.665630328338203 ], [ 127.043609598193697, 37.667883609525298 ], [ 127.046444239452711, 37.667894543755864 ], [ 127.046457951169856, 37.665641261685394 ], [ 127.043623395599383, 37.665630328338203 ] ] ] } },
{ "type": "Feature", "properties": { "display_grid_id": "11320_00187", "gu_code": 11320, "gu_name": "도봉구", "source_cell_count": 14, "area_m2": 60366.23, "mean_actual_lst": 37.4149, "mean_actual_anomaly": 1.6787, "seoul_anomaly": -0.9128, "pred_anomaly": 0.6252, "pred_anomaly_std": 0.8949, "green_delta_c": -0.846, "building_ratio": 0.132, "green_ratio": 0.3187, "ndvi": 0.264, "impervious_ratio": 0.3092, "built_surface_ratio": 0.3092, "avg_ground_floor_count": 16.1667, "elevation_m": 30.1878, "albedo": 0.0862, "nearest_park_distance_m": 6.7486, "park_area_within_500m": 443623.332, "nearest_stream_distance_m": 108.2633, "est_population_density": 31392.7411, "dong_elderly_ratio": 0.2418, "dong_avg_age": 46.9, "dong_pop_density": 26465.6, "nearest_shelter_distance_m": 88.0594, "shelter_count_within_500m": 17.0747, "est_population": 1895.1, "est_elderly": 458.2, "shelter_capacity_within_500m": 5841.7, "building_form_group": "high_floor_low_density", "dong_name": "방학1동", "top1_feature": "built_surface_ratio", "top1_shap": 0.3235, "top2_feature": "impervious_ratio", "top2_shap": 0.3384, "top3_feature": "avg_ground_floor_count", "top3_shap": -0.4272, "priority_score": 61.5769, "priority_rank": 110 }, "geometry": { "type": "Polygon", "coordinates": [ [ [ 127.04929250826784, 37.665652126918062 ], [ 127.046457951169856, 37.665641261685394 ], [ 127.046444239452711, 37.667894543755864 ], [ 127.048848212814747, 37.667903763358943 ], [ 127.048919899999987, 37.6675842 ], [ 127.04910163, 37.66733271 ], [ 127.04927414, 37.6670905 ], [ 127.049283889322652, 37.667077437396053 ], [ 127.04929250826784, 37.665652126918062 ] ] ] } },
{ "type": "Feature", "properties": { "display_grid_id": "11320_00188", "gu_code": 11320, "gu_name": "도봉구", "source_cell_count": 5, "area_m2": 7651.08, "mean_actual_lst": 35.5868, "mean_actual_anomaly": 0.3189, "seoul_anomaly": -2.2726, "pred_anomaly": -0.648, "pred_anomaly_std": 1.0713, "green_delta_c": -1.6241, "building_ratio": 0.0178, "green_ratio": 0.3766, "ndvi": 0.2555, "impervious_ratio": 0.1496, "built_surface_ratio": 0.1496, "avg_ground_floor_count": 13.1307, "elevation_m": 32.1316, "albedo": 0.1114, "nearest_park_distance_m": 37.448, "park_area_within_500m": 454260.3878, "nearest_stream_distance_m": 15.1003, "est_population_density": 645.4694, "dong_elderly_ratio": 0.2209, "dong_avg_age": 45.2133, "dong_pop_density": 27997.8665, "nearest_shelter_distance_m": 124.7119, "shelter_count_within_500m": 17.2559, "est_population": 4.9, "est_elderly": 1.2, "shelter_capacity_within_500m": 910.4, "building_form_group": "high_floor_low_density", "dong_name": "방학1동", "top1_feature": "built_surface_ratio", "top1_shap": -0.3247, "top2_feature": "ndvi", "top2_shap": -0.0337, "top3_feature": "green_ratio", "top3_shap": -0.2748, "priority_score": 55.359, "priority_rank": 164 }, "geometry": { "type": "Polygon", "coordinates": [ [ [ 127.04929250826784, 37.665652126918062 ], [ 127.049283889322652, 37.667077437396053 ], [ 127.04945975, 37.66684181 ], [ 127.04965738, 37.66655567 ], [ 127.05028189, 37.66584449 ], [ 127.05030613000001, 37.66581041 ], [ 127.050393963308906, 37.66565633056301 ], [ 127.04929250826784, 37.665652126918062 ] ] ] } },
{ "type": "Feature", "properties": { "display_grid_id": "11320_00189", "gu_code": 11320, "gu_name": "도봉구", "source_cell_count": 4, "area_m2": 6176.18, "mean_actual_lst": 31.8489, "mean_actual_anomaly": -4.2805, "seoul_anomaly": -6.8719, "pred_anomaly": -5.1436, "pred_anomaly_std": 0.5944, "green_delta_c": -0.7083, "building_ratio": 0.0, "green_ratio": 0.8369, "ndvi": 0.603, "impervious_ratio": 0.0391, "built_surface_ratio": 0.0391, "avg_ground_floor_count": 0.0, "elevation_m": 150.7598, "albedo": 0.1461, "nearest_park_distance_m": 1250.8488, "park_area_within_500m": 0.0, "nearest_stream_distance_m": 556.8639, "est_population_density": 0.0, "dong_elderly_ratio": 0.2401, "dong_avg_age": 45.9, "dong_pop_density": 13205.6, "nearest_shelter_distance_m": 739.6837, "shelter_count_within_500m": 0.0, "est_population": 0.0, "est_elderly": 0.0, "shelter_capacity_within_500m": 0.0, "building_form_group": "no_building", "dong_name": "방학3동", "top1_feature": "built_surface_ratio", "top1_shap": -1.4812, "top2_feature": "impervious_ratio", "top2_shap": -1.3056, "top3_feature": "green_ratio", "top3_shap": -0.7964, "priority_score": 39.2885, "priority_rank": 276 }, "geometry": { "type": "Polygon", "coordinates": [ [ [ 127.018097897183196, 37.667782136067778 ], [ 127.016495220792351, 37.667775577162196 ], [ 127.01660035, 37.66788333 ], [ 127.016630829999983, 37.66790838 ], [ 127.017116820000012, 37.66807134 ], [ 127.01717756, 37.66808457 ], [ 127.01745526000002, 37.66812113 ], [ 127.0175068, 37.66815237 ], [ 127.017512650000015, 37.66815463 ], [ 127.017527, 37.66818503 ], [ 127.017580509999988, 37.66829708 ], [ 127.017830620000012, 37.66847415 ], [ 127.018092212023788, 37.668661371269089 ], [ 127.018097897183196, 37.667782136067778 ] ] ] } },
{ "type": "Feature", "properties": { "display_grid_id": "11320_00190", "gu_code": 11320, "gu_name": "도봉구", "source_cell_count": 14, "area_m2": 57898.55, "mean_actual_lst": 30.8245, "mean_actual_anomaly": -4.8266, "seoul_anomaly": -7.4181, "pred_anomaly": -5.2881, "pred_anomaly_std": 0.535, "green_delta_c": -0.5255, "building_ratio": 0.0, "green_ratio": 0.8154, "ndvi": 0.5197, "impervious_ratio": 0.0489, "built_surface_ratio": 0.0489, "avg_ground_floor_count": 0.0, "elevation_m": 167.4886, "albedo": 0.1556, "nearest_park_distance_m": 1097.0676, "park_area_within_500m": 0.0, "nearest_stream_distance_m": 535.336, "est_population_density": 0.0, "dong_elderly_ratio": 0.2401, "dong_avg_age": 45.9, "dong_pop_density": 13205.6, "nearest_shelter_distance_m": 798.8663, "shelter_count_within_500m": 0.0, "est_population": 0.0, "est_elderly": 0.0, "shelter_capacity_within_500m": 0.0, "building_form_group": "no_building", "dong_name": "방학3동", "top1_feature": "built_surface_ratio", "top1_shap": -1.4274, "top2_feature": "impervious_ratio", "top2_shap": -1.2424, "top3_feature": "green_ratio", "top3_shap": -0.8584, "priority_score": 33.2884, "priority_rank": 299 }, "geometry": { "type": "Polygon", "coordinates": [ [ [ 127.020918039742739, 37.670046956427683 ], [ 127.020932524263557, 37.667793683373425 ], [ 127.018097897183196, 37.667782136067778 ], [ 127.018092212023788, 37.668661371269089 ], [ 127.01823730000001, 37.66876521 ], [ 127.01840593, 37.66888795 ], [ 127.01836366, 37.66918612 ], [ 127.018365619999983, 37.66920048 ], [ 127.01845881, 37.669363200000014 ], [ 127.01852083, 37.669473 ], [ 127.018526320000021, 37.66949525 ], [ 127.018537309999985, 37.66953832 ], [ 127.018502791020808, 37.670037121324128 ], [ 127.020918039742739, 37.670046956427683 ] ] ] } },
{ "type": "Feature", "properties": { "display_grid_id": "11320_00191", "gu_code": 11320, "gu_name": "도봉구", "source_cell_count": 13, "area_m2": 62500.0, "mean_actual_lst": 30.3608, "mean_actual_anomaly": -4.8257, "seoul_anomaly": -7.4172, "pred_anomaly": -5.0319, "pred_anomaly_std": 0.5565, "green_delta_c": -0.6718, "building_ratio": 0.0, "green_ratio": 0.8125, "ndvi": 0.5138, "impervious_ratio": 0.0459, "built_surface_ratio": 0.0459, "avg_ground_floor_count": 0.0, "elevation_m": 139.2696, "albedo": 0.1512, "nearest_park_distance_m": 868.1824, "park_area_within_500m": 0.0, "nearest_stream_distance_m": 545.2064, "est_population_density": 0.0, "dong_elderly_ratio": 0.2401, "dong_avg_age": 45.9, "dong_pop_density": 13205.6, "nearest_shelter_distance_m": 634.4584, "shelter_count_within_500m": 0.08, "est_population": 0.0, "est_elderly": 0.0, "shelter_capacity_within_500m": 12.0, "building_form_group": "no_building", "dong_name": "방학3동", "top1_feature": "built_surface_ratio", "top1_shap": -1.4817, "top2_feature": "impervious_ratio", "top2_shap": -1.3063, "top3_feature": "green_ratio", "top3_shap": -0.8236, "priority_score": 36.9295, "priority_rank": 286 }, "geometry": { "type": "Polygon", "coordinates": [ [ [ 127.020932524263557, 37.667793683373425 ], [ 127.020918039742739, 37.670046956427683 ], [ 127.02375275413327, 37.670058436541808 ], [ 127.023767152957475, 37.667805162560086 ], [ 127.020932524263557, 37.667793683373425 ] ] ] } },
{ "type": "Feature", "properties": { "display_grid_id": "11320_00192", "gu_code": 11320, "gu_name": "도봉구", "source_cell_count": 14, "area_m2": 62500.0, "mean_actual_lst": 30.7105, "mean_actual_anomaly": -4.3655, "seoul_anomaly": -6.957, "pred_anomaly": -4.5973, "pred_anomaly_std": 0.5684, "green_delta_c": -1.0448, "building_ratio": 0.0, "green_ratio": 0.822, "ndvi": 0.5512, "impervious_ratio": 0.0516, "built_surface_ratio": 0.0516, "avg_ground_floor_count": 0.0, "elevation_m": 104.4681, "albedo": 0.1353, "nearest_park_distance_m": 612.9332, "park_area_within_500m": 161.0072, "nearest_stream_distance_m": 620.6848, "est_population_density": 0.0, "dong_elderly_ratio": 0.2414, "dong_avg_age": 46.06, "dong_pop_density": 13514.592, "nearest_shelter_distance_m": 482.6404, "shelter_count_within_500m": 0.64, "est_population": 0.0, "est_elderly": 0.0, "shelter_capacity_within_500m": 103.5, "building_form_group": "no_building", "dong_name": "방학3동", "top1_feature": "built_surface_ratio", "top1_shap": -1.4276, "top2_feature": "impervious_ratio", "top2_shap": -1.2515, "top3_feature": "green_ratio", "top3_shap": -0.8023, "priority_score": 44.8141, "priority_rank": 247 }, "geometry": { "type": "Polygon", "coordinates": [ [ [ 127.023767152957475, 37.667805162560086 ], [ 127.02375275413327, 37.670058436541808 ], [ 127.026587470128021, 37.670069848531313 ], [ 127.026601783255458, 37.667816573627647 ], [ 127.023767152957475, 37.667805162560086 ] ] ] } },
{ "type": "Feature", "properties": { "display_grid_id": "11320_00193", "gu_code": 11320, "gu_name": "도봉구", "source_cell_count": 12, "area_m2": 62500.0, "mean_actual_lst": 32.7577, "mean_actual_anomaly": -2.291, "seoul_anomaly": -4.8825, "pred_anomaly": -2.4407, "pred_anomaly_std": 0.7126, "green_delta_c": -0.73, "building_ratio": 0.0612, "green_ratio": 0.6443, "ndvi": 0.4522, "impervious_ratio": 0.2143, "built_surface_ratio": 0.2143, "avg_ground_floor_count": 0.707, "elevation_m": 64.8317, "albedo": 0.1289, "nearest_park_distance_m": 378.4524, "park_area_within_500m": 17052.58, "nearest_stream_distance_m": 680.7504, "est_population_density": 1876.8, "dong_elderly_ratio": 0.2528, "dong_avg_age": 47.5, "dong_pop_density": 16295.52, "nearest_shelter_distance_m": 306.9236, "shelter_count_within_500m": 3.52, "est_population": 117.3, "est_elderly": 30.1, "shelter_capacity_within_500m": 1821.0, "building_form_group": "no_building", "dong_name": "방학2동", "top1_feature": "green_ratio", "top1_shap": -0.8153, "top2_feature": "built_surface_ratio", "top2_shap": -0.4659, "top3_feature": "impervious_ratio", "top3_shap": -0.2508, "priority_score": 52.3333, "priority_rank": 194 }, "geometry": { "type": "Polygon", "coordinates": [ [ [ 127.026601783255458, 37.667816573627647 ], [ 127.026587470128021, 37.670069848531313 ], [ 127.029422187717444, 37.670081192396111 ], [ 127.029436415147927, 37.667827916575995 ], [ 127.026601783255458, 37.667816573627647 ] ] ] } },
{ "type": "Feature", "properties": { "display_grid_id": "11320_00194", "gu_code": 11320, "gu_name": "도봉구", "source_cell_count": 14, "area_m2": 62500.0, "mean_actual_lst": 40.2133, "mean_actual_anomaly": 5.0268, "seoul_anomaly": 2.4353, "pred_anomaly": 3.9681, "pred_anomaly_std": 0.919, "green_delta_c": -0.8116, "building_ratio": 0.4106, "green_ratio": 0.2534, "ndvi": 0.1656, "impervious_ratio": 0.518, "built_surface_ratio": 0.518, "avg_ground_floor_count": 2.4325, "elevation_m": 44.3293, "albedo": 0.1123, "nearest_park_distance_m": 138.7548, "park_area_within_500m": 25210.04, "nearest_stream_distance_m": 766.516, "est_population_density": 24142.4, "dong_elderly_ratio": 0.256, "dong_avg_age": 47.9, "dong_pop_density": 17068.0, "nearest_shelter_distance_m": 105.9252, "shelter_count_within_500m": 6.64, "est_population": 1508.9, "est_elderly": 386.2, "shelter_capacity_within_500m": 3404.2, "building_form_group": "low_floor_high_density", "dong_name": "방학2동", "top1_feature": "building_ratio", "top1_shap": 0.7353, "top2_feature": "built_surface_ratio", "top2_shap": 0.6527, "top3_feature": "impervious_ratio", "top3_shap": 0.6104, "priority_score": 71.8333, "priority_rank": 37 }, "geometry": { "type": "Polygon", "coordinates": [ [ [ 127.029436415147927, 37.667827916575995 ], [ 127.029422187717444, 37.670081192396111 ], [ 127.032256906892016, 37.670092468136055 ], [ 127.032271048625375, 37.667839191404994 ], [ 127.029436415147927, 37.667827916575995 ] ] ] } },
{ "type": "Feature", "properties": { "display_grid_id": "11320_00195", "gu_code": 11320, "gu_name": "도봉구", "source_cell_count": 14, "area_m2": 62500.0, "mean_actual_lst": 40.4917, "mean_actual_anomaly": 5.4066, "seoul_anomaly": 2.8151, "pred_anomaly": 3.8405, "pred_anomaly_std": 0.8636, "green_delta_c": -0.7699, "building_ratio": 0.3679, "green_ratio": 0.2881, "ndvi": 0.1741, "impervious_ratio": 0.4304, "built_surface_ratio": 0.4304, "avg_ground_floor_count": 2.5606, "elevation_m": 43.1942, "albedo": 0.1138, "nearest_park_distance_m": 43.078, "park_area_within_500m": 25210.04, "nearest_stream_distance_m": 757.8016, "est_population_density": 21462.4, "dong_elderly_ratio": 0.256, "dong_avg_age": 47.9, "dong_pop_density": 17068.0, "nearest_shelter_distance_m": 98.1164, "shelter_count_within_500m": 7.92, "est_population": 1341.4, "est_elderly": 343.4, "shelter_capacity_within_500m": 3764.3, "building_form_group": "low_floor_high_density", "dong_name": "방학2동", "top1_feature": "building_ratio", "top1_shap": 0.7376, "top2_feature": "built_surface_ratio", "top2_shap": 0.6217, "top3_feature": "impervious_ratio", "top3_shap": 0.4502, "priority_score": 68.8846, "priority_rank": 53 }, "geometry": { "type": "Polygon", "coordinates": [ [ [ 127.032271048625375, 37.667839191404994 ], [ 127.032256906892016, 37.670092468136055 ], [ 127.035091627642203, 37.670103675751037 ], [ 127.035105683678211, 37.667850398114545 ], [ 127.032271048625375, 37.667839191404994 ] ] ] } },
{ "type": "Feature", "properties": { "display_grid_id": "11320_00196", "gu_code": 11320, "gu_name": "도봉구", "source_cell_count": 15, "area_m2": 62500.0, "mean_actual_lst": 40.2058, "mean_actual_anomaly": 4.646, "seoul_anomaly": 2.0545, "pred_anomaly": 4.0439, "pred_anomaly_std": 0.9078, "green_delta_c": -0.8068, "building_ratio": 0.4413, "green_ratio": 0.2844, "ndvi": 0.1462, "impervious_ratio": 0.3194, "built_surface_ratio": 0.3194, "avg_ground_floor_count": 2.4289, "elevation_m": 41.138, "albedo": 0.1158, "nearest_park_distance_m": 167.0608, "park_area_within_500m": 40558.0016, "nearest_stream_distance_m": 764.0304, "est_population_density": 26131.6, "dong_elderly_ratio": 0.256, "dong_avg_age": 47.9, "dong_pop_density": 17068.0, "nearest_shelter_distance_m": 136.7516, "shelter_count_within_500m": 9.24, "est_population": 1633.2, "est_elderly": 418.1, "shelter_capacity_within_500m": 4070.0, "building_form_group": "low_floor_high_density", "dong_name": "방학2동", "top1_feature": "building_ratio", "top1_shap": 0.8117, "top2_feature": "built_surface_ratio", "top2_shap": 0.4467, "top3_feature": "ndvi", "top3_shap": 0.4068, "priority_score": 70.7692, "priority_rank": 43 }, "geometry": { "type": "Polygon", "coordinates": [ [ [ 127.035105683678211, 37.667850398114545 ], [ 127.035091627642203, 37.670103675751037 ], [ 127.037926349958425, 37.67011481524095 ], [ 127.037940320296897, 37.667861536704521 ], [ 127.035105683678211, 37.667850398114545 ] ] ] } },
{ "type": "Feature", "properties": { "display_grid_id": "11320_00197", "gu_code": 11320, "gu_name": "도봉구", "source_cell_count": 15, "area_m2": 62500.0, "mean_actual_lst": 41.1519, "mean_actual_anomaly": 5.5614, "seoul_anomaly": 2.9699, "pred_anomaly": 5.0677, "pred_anomaly_std": 0.8156, "green_delta_c": -0.8814, "building_ratio": 0.5076, "green_ratio": 0.2812, "ndvi": 0.1097, "impervious_ratio": 0.2796, "built_surface_ratio": 0.2796, "avg_ground_floor_count": 2.1007, "elevation_m": 34.9503, "albedo": 0.1058, "nearest_park_distance_m": 198.544, "park_area_within_500m": 133141.9424, "nearest_stream_distance_m": 758.7584, "est_population_density": 25854.0, "dong_elderly_ratio": 0.2503, "dong_avg_age": 47.5, "dong_pop_density": 20827.04, "nearest_shelter_distance_m": 98.6124, "shelter_count_within_500m": 8.28, "est_population": 1615.9, "est_elderly": 404.4, "shelter_capacity_within_500m": 2812.5, "building_form_group": "low_floor_high_density", "dong_name": "방학2동", "top1_feature": "building_ratio", "top1_shap": 1.0613, "top2_feature": "ndvi", "top2_shap": 0.6746, "top3_feature": "avg_ground_floor_count", "top3_shap": 0.4596, "priority_score": 73.2564, "priority_rank": 26 }, "geometry": { "type": "Polygon", "coordinates": [ [ [ 127.037940320296897, 37.667861536704521 ], [ 127.037926349958425, 37.67011481524095 ], [ 127.040761073831121, 37.670125886605668 ], [ 127.040774958471928, 37.667872607174807 ], [ 127.037940320296897, 37.667861536704521 ] ] ] } },
{ "type": "Feature", "properties": { "display_grid_id": "11320_00198", "gu_code": 11320, "gu_name": "도봉구", "source_cell_count": 14, "area_m2": 62500.0, "mean_actual_lst": 42.0919, "mean_actual_anomaly": 6.4487, "seoul_anomaly": 3.8572, "pred_anomaly": 5.0615, "pred_anomaly_std": 0.7589, "green_delta_c": -0.6929, "building_ratio": 0.4122, "green_ratio": 0.2488, "ndvi": 0.1056, "impervious_ratio": 0.3463, "built_surface_ratio": 0.3463, "avg_ground_floor_count": 2.6349, "elevation_m": 30.7289, "albedo": 0.1063, "nearest_park_distance_m": 42.7648, "park_area_within_500m": 260940.3732, "nearest_stream_distance_m": 554.2272, "est_population_density": 23516.4, "dong_elderly_ratio": 0.2418, "dong_avg_age": 46.9, "dong_pop_density": 26465.6, "nearest_shelter_distance_m": 200.2808, "shelter_count_within_500m": 10.8, "est_population": 1469.8, "est_elderly": 355.4, "shelter_capacity_within_500m": 4347.0, "building_form_group": "low_floor_high_density", "dong_name": "방학1동", "top1_feature": "building_ratio", "top1_shap": 0.7838, "top2_feature": "ndvi", "top2_shap": 0.6058, "top3_feature": "built_surface_ratio", "top3_shap": 0.5241, "priority_score": 75.5769, "priority_rank": 16 }, "geometry": { "type": "Polygon", "coordinates": [ [ [ 127.040774958471928, 37.667872607174807 ], [ 127.040761073831121, 37.670125886605668 ], [ 127.043595799250767, 37.670136889845082 ], [ 127.043609598193697, 37.667883609525298 ], [ 127.040774958471928, 37.667872607174807 ] ] ] } },
{ "type": "Feature", "properties": { "display_grid_id": "11320_00199", "gu_code": 11320, "gu_name": "도봉구", "source_cell_count": 15, "area_m2": 62500.0, "mean_actual_lst": 41.302, "mean_actual_anomaly": 5.587, "seoul_anomaly": 2.9954, "pred_anomaly": 3.8437, "pred_anomaly_std": 0.8767, "green_delta_c": -0.7121, "building_ratio": 0.2433, "green_ratio": 0.2115, "ndvi": 0.1387, "impervious_ratio": 0.5153, "built_surface_ratio": 0.5153, "avg_ground_floor_count": 4.7142, "elevation_m": 30.2293, "albedo": 0.1005, "nearest_park_distance_m": 9.4128, "park_area_within_500m": 327516.8068, "nearest_stream_distance_m": 314.66, "est_population_density": 26584.4, "dong_elderly_ratio": 0.2557, "dong_avg_age": 47.412, "dong_pop_density": 25285.6, "nearest_shelter_distance_m": 86.464, "shelter_count_within_500m": 13.68, "est_population": 1661.5, "est_elderly": 419.3, "shelter_capacity_within_500m": 4917.5, "building_form_group": "high_floor_high_density", "dong_name": "방학1동", "top1_feature": "built_surface_ratio", "top1_shap": 0.6747, "top2_feature": "impervious_ratio", "top2_shap": 0.6594, "top3_feature": "green_ratio", "top3_shap": 0.272, "priority_score": 71.718, "priority_rank": 38 }, "geometry": { "type": "Polygon", "coordinates": [ [ [ 127.043609598193697, 37.667883609525298 ], [ 127.043595799250767, 37.670136889845082 ], [ 127.046430526207857, 37.670147824959074 ], [ 127.046444239452711, 37.667894543755864 ], [ 127.043609598193697, 37.667883609525298 ] ] ] } },
{ "type": "Feature", "properties": { "display_grid_id": "11320_00200", "gu_code": 11320, "gu_name": "도봉구", "source_cell_count": 12, "area_m2": 46991.27, "mean_actual_lst": 38.7079, "mean_actual_anomaly": 2.9929, "seoul_anomaly": 0.4014, "pred_anomaly": 2.1348, "pred_anomaly_std": 0.8117, "green_delta_c": -0.5558, "building_ratio": 0.2793, "green_ratio": 0.2582, "ndvi": 0.2239, "impervious_ratio": 0.4919, "built_surface_ratio": 0.4919, "avg_ground_floor_count": 11.6754, "elevation_m": 33.2484, "albedo": 0.1119, "nearest_park_distance_m": 20.7005, "park_area_within_500m": 388353.521, "nearest_stream_distance_m": 91.0689, "est_population_density": 17001.0301, "dong_elderly_ratio": 0.2578, "dong_avg_age": 47.4866, "dong_pop_density": 25107.5912, "nearest_shelter_distance_m": 54.7965, "shelter_count_within_500m": 16.5077, "est_population": 798.9, "est_elderly": 217.1, "shelter_capacity_within_500m": 5104.9, "building_form_group": "high_floor_high_density", "dong_name": "방학1동", "top1_feature": "impervious_ratio", "top1_shap": 0.591, "top2_feature": "built_surface_ratio", "top2_shap": 0.4683, "top3_feature": "building_ratio", "top3_shap": 0.3813, "priority_score": 52.0641, "priority_rank": 195 }, "geometry": { "type": "Polygon", "coordinates": [ [ [ 127.046444239452711, 37.667894543755864 ], [ 127.046430526207857, 37.670147824959074 ], [ 127.048281956120945, 37.670154930170447 ], [ 127.04836507, 37.66986417 ], [ 127.04840219, 37.66973436 ], [ 127.048520849999989, 37.66917543 ], [ 127.048540090000017, 37.6690749 ], [ 127.04872882, 37.66843598 ], [ 127.048848212814747, 37.667903763358943 ], [ 127.046444239452711, 37.667894543755864 ] ] ] } },
{ "type": "Feature", "properties": { "display_grid_id": "11320_00201", "gu_code": 11320, "gu_name": "도봉구", "source_cell_count": 6, "area_m2": 7834.53, "mean_actual_lst": 28.6643, "mean_actual_anomaly": -6.7139, "seoul_anomaly": -9.3054, "pred_anomaly": -5.9057, "pred_anomaly_std": 0.4859, "green_delta_c": -0.2107, "building_ratio": 0.0, "green_ratio": 0.8104, "ndvi": 0.5232, "impervious_ratio": 0.044, "built_surface_ratio": 0.044, "avg_ground_floor_count": 0.0, "elevation_m": 213.8063, "albedo": 0.1272, "nearest_park_distance_m": 1250.5412, "park_area_within_500m": 0.0, "nearest_stream_distance_m": 361.2223, "est_population_density": 0.0, "dong_elderly_ratio": 0.3099, "dong_avg_age": 50.5, "dong_pop_density": 2346.0, "nearest_shelter_distance_m": 1140.9091, "shelter_count_within_500m": 0.0, "est_population": 0.0, "est_elderly": 0.0, "shelter_capacity_within_500m": 0.0, "building_form_group": "no_building", "dong_name": "도봉1동", "top1_feature": "built_surface_ratio", "top1_shap": -1.4927, "top2_feature": "impervious_ratio", "top2_shap": -1.3115, "top3_feature": "green_ratio", "top3_shap": -0.8822, "priority_score": 22.5898, "priority_rank": 390 }, "geometry": { "type": "Polygon", "coordinates": [ [ [ 127.018068755125498, 37.672288679442573 ], [ 127.018078733451929, 37.670745739144209 ], [ 127.01795137, 37.67078935 ], [ 127.01789401, 37.67085524 ], [ 127.01786585, 37.67087523 ], [ 127.01783773, 37.67102728 ], [ 127.01783489, 37.6710315 ], [ 127.01778903, 37.67106613 ], [ 127.01767253, 37.67119567000001 ], [ 127.01764526, 37.67126071 ], [ 127.0175927, 37.67143471 ], [ 127.017558170000015, 37.67148484 ], [ 127.0173795, 37.67161748 ], [ 127.01736533, 37.67164366 ], [ 127.017303940000019, 37.67191339 ], [ 127.01730944, 37.67194718 ], [ 127.017313160000015, 37.6719728 ], [ 127.01739254, 37.67212005 ], [ 127.01739219000001, 37.67213384 ], [ 127.01739733, 37.67216932 ], [ 127.017360813325624, 37.672285784604398 ], [ 127.018068755125498, 37.672288679442573 ] ] ] } },
{ "type": "Feature", "properties": { "display_grid_id": "11320_00202", "gu_code": 11320, "gu_name": "도봉구", "source_cell_count": 12, "area_m2": 58528.08, "mean_actual_lst": 28.8903, "mean_actual_anomaly": -6.5093, "seoul_anomaly": -9.1008, "pred_anomaly": -5.713, "pred_anomaly_std": 0.5146, "green_delta_c": -0.2912, "building_ratio": 0.0, "green_ratio": 0.7935, "ndvi": 0.5177, "impervious_ratio": 0.0423, "built_surface_ratio": 0.0423, "avg_ground_floor_count": 0.0, "elevation_m": 203.6899, "albedo": 0.1293, "nearest_park_distance_m": 1083.8698, "park_area_within_500m": 0.0, "nearest_stream_distance_m": 348.3504, "est_population_density": 0.0, "dong_elderly_ratio": 0.2669, "dong_avg_age": 47.6684, "dong_pop_density": 9030.8344, "nearest_shelter_distance_m": 984.4504, "shelter_count_within_500m": 0.0, "est_population": 0.0, "est_elderly": 0.0, "shelter_capacity_within_500m": 0.0, "building_form_group": "no_building", "dong_name": "방학3동", "top1_feature": "built_surface_ratio", "top1_shap": -1.5, "top2_feature": "impervious_ratio", "top2_shap": -1.3143, "top3_feature": "green_ratio", "top3_shap": -0.8467, "priority_score": 24.5513, "priority_rank": 377 }, "geometry": { "type": "Polygon", "coordinates": [ [ [ 127.018068755125498, 37.672288679442573 ], [ 127.020903553608164, 37.672300228614183 ], [ 127.020918039742739, 37.670046956427683 ], [ 127.018502791020808, 37.670037121324128 ], [ 127.01849458, 37.67015577 ], [ 127.018499899999981, 37.67017069 ], [ 127.01852382, 37.6702011 ], [ 127.01853853, 37.67021996 ], [ 127.01856599, 37.67025515 ], [ 127.01872454, 37.67045785 ], [ 127.01873145, 37.67047896 ], [ 127.01874492, 37.67051753 ], [ 127.018707100000015, 37.67085512 ], [ 127.01869842, 37.67086244 ], [ 127.018694, 37.67085963000001 ], [ 127.01824835, 37.67068766 ], [ 127.018078733451929, 37.670745739144209 ], [ 127.018068755125498, 37.672288679442573 ] ] ] } },
{ "type": "Feature", "properties": { "display_grid_id": "11320_00203", "gu_code": 11320, "gu_name": "도봉구", "source_cell_count": 14, "area_m2": 62500.0, "mean_actual_lst": 29.0386, "mean_actual_anomaly": -6.3541, "seoul_anomaly": -8.9456, "pred_anomaly": -5.628, "pred_anomaly_std": 0.5124, "green_delta_c": -0.2898, "building_ratio": 0.0, "green_ratio": 0.8087, "ndvi": 0.5036, "impervious_ratio": 0.0453, "built_surface_ratio": 0.0453, "avg_ground_floor_count": 0.0, "elevation_m": 175.8254, "albedo": 0.1336, "nearest_park_distance_m": 851.3336, "park_area_within_500m": 0.0, "nearest_stream_distance_m": 381.0, "est_population_density": 0.0, "dong_elderly_ratio": 0.2541, "dong_avg_age": 46.82, "dong_pop_density": 11033.68, "nearest_shelter_distance_m": 812.1588, "shelter_count_within_500m": 0.0, "est_population": 0.0, "est_elderly": 0.0, "shelter_capacity_within_500m": 0.0, "building_form_group": "no_building", "dong_name": "방학3동", "top1_feature": "built_surface_ratio", "top1_shap": -1.5165, "top2_feature": "impervious_ratio", "top2_shap": -1.3297, "top3_feature": "green_ratio", "top3_shap": -0.8534, "priority_score": 23.9423, "priority_rank": 381 }, "geometry": { "type": "Polygon", "coordinates": [ [ [ 127.020918039742739, 37.670046956427683 ], [ 127.020903553608164, 37.672300228614183 ], [ 127.023738353704815, 37.672311709655808 ], [ 127.02375275413327, 37.670058436541808 ], [ 127.020918039742739, 37.670046956427683 ] ] ] } },
{ "type": "Feature", "properties": { "display_grid_id": "11320_00204", "gu_code": 11320, "gu_name": "도봉구", "source_cell_count": 16, "area_m2": 62500.0, "mean_actual_lst": 29.9007, "mean_actual_anomaly": -5.6292, "seoul_anomaly": -8.2207, "pred_anomaly": -5.0277, "pred_anomaly_std": 0.5827, "green_delta_c": -0.6362, "building_ratio": 0.0, "green_ratio": 0.816, "ndvi": 0.5041, "impervious_ratio": 0.0481, "built_surface_ratio": 0.0481, "avg_ground_floor_count": 0.0, "elevation_m": 135.7346, "albedo": 0.1448, "nearest_park_distance_m": 592.382, "park_area_within_500m": 385.9724, "nearest_stream_distance_m": 412.8188, "est_population_density": 0.0, "dong_elderly_ratio": 0.2471, "dong_avg_age": 46.78, "dong_pop_density": 14905.056, "nearest_shelter_distance_m": 580.4032, "shelter_count_within_500m": 0.24, "est_population": 0.0, "est_elderly": 0.0, "shelter_capacity_within_500m": 80.0, "building_form_group": "no_building", "dong_name": "방학3동", "top1_feature": "built_surface_ratio", "top1_shap": -1.4745, "top2_feature": "impervious_ratio", "top2_shap": -1.2916, "top3_feature": "green_ratio", "top3_shap": -0.8277, "priority_score": 33.9038, "priority_rank": 294 }, "geometry": { "type": "Polygon", "coordinates": [ [ [ 127.02375275413327, 37.670058436541808 ], [ 127.023738353704815, 37.672311709655808 ], [ 127.02657315540587, 37.67232312256732 ], [ 127.026587470128021, 37.670069848531313 ], [ 127.02375275413327, 37.670058436541808 ] ] ] } },
{ "type": "Feature", "properties": { "display_grid_id": "11320_00205", "gu_code": 11320, "gu_name": "도봉구", "source_cell_count": 14, "area_m2": 62500.0, "mean_actual_lst": 31.0328, "mean_actual_anomaly": -4.1902, "seoul_anomaly": -6.7818, "pred_anomaly": -4.0055, "pred_anomaly_std": 0.5678, "green_delta_c": -0.88, "building_ratio": 0.0027, "green_ratio": 0.7995, "ndvi": 0.5383, "impervious_ratio": 0.0782, "built_surface_ratio": 0.0782, "avg_ground_floor_count": 0.16, "elevation_m": 88.6689, "albedo": 0.1399, "nearest_park_distance_m": 354.7468, "park_area_within_500m": 15778.5748, "nearest_stream_distance_m": 442.85, "est_population_density": 17.6, "dong_elderly_ratio": 0.256, "dong_avg_age": 47.9, "dong_pop_density": 17068.0, "nearest_shelter_distance_m": 364.8256, "shelter_count_within_500m": 2.56, "est_population": 1.1, "est_elderly": 0.3, "shelter_capacity_within_500m": 1630.0, "building_form_group": "no_building", "dong_name": "방학2동", "top1_feature": "built_surface_ratio", "top1_shap": -1.1519, "top2_feature": "impervious_ratio", "top2_shap": -1.0002, "top3_feature": "green_ratio", "top3_shap": -0.9333, "priority_score": 50.4231, "priority_rank": 206 }, "geometry": { "type": "Polygon", "coordinates": [ [ [ 127.026587470128021, 37.670069848531313 ], [ 127.02657315540587, 37.67232312256732 ], [ 127.02940795870181, 37.672334467348612 ], [ 127.029422187717444, 37.670081192396111 ], [ 127.026587470128021, 37.670069848531313 ] ] ] } },
{ "type": "Feature", "properties": { "display_grid_id": "11320_00206", "gu_code": 11320, "gu_name": "도봉구", "source_cell_count": 13, "area_m2": 62500.0, "mean_actual_lst": 33.6584, "mean_actual_anomaly": -1.5983, "seoul_anomaly": -4.1898, "pred_anomaly": -2.216, "pred_anomaly_std": 0.7184, "green_delta_c": -0.7276, "building_ratio": 0.0659, "green_ratio": 0.6732, "ndvi": 0.4533, "impervious_ratio": 0.176, "built_surface_ratio": 0.176, "avg_ground_floor_count": 1.3037, "elevation_m": 60.8732, "albedo": 0.1318, "nearest_park_distance_m": 114.384, "park_area_within_500m": 24931.9296, "nearest_stream_distance_m": 529.2076, "est_population_density": 1576.8, "dong_elderly_ratio": 0.256, "dong_avg_age": 47.9, "dong_pop_density": 17068.0, "nearest_shelter_distance_m": 155.0172, "shelter_count_within_500m": 3.56, "est_population": 98.6, "est_elderly": 25.2, "shelter_capacity_within_500m": 2527.5, "building_form_group": "no_building", "dong_name": "방학2동", "top1_feature": "green_ratio", "top1_shap": -0.9797, "top2_feature": "built_surface_ratio", "top2_shap": -0.4332, "top3_feature": "impervious_ratio", "top3_shap": -0.4541, "priority_score": 49.0898, "priority_rank": 216 }, "geometry": { "type": "Polygon", "coordinates": [ [ [ 127.029422187717444, 37.670081192396111 ], [ 127.02940795870181, 37.672334467348612 ], [ 127.032242763583085, 37.67234574399955 ], [ 127.032256906892016, 37.670092468136055 ], [ 127.029422187717444, 37.670081192396111 ] ] ] } },
{ "type": "Feature", "properties": { "display_grid_id": "11320_00207", "gu_code": 11320, "gu_name": "도봉구", "source_cell_count": 13, "area_m2": 62500.0, "mean_actual_lst": 33.782, "mean_actual_anomaly": -1.3695, "seoul_anomaly": -3.961, "pred_anomaly": -2.0054, "pred_anomaly_std": 0.7034, "green_delta_c": -0.9259, "building_ratio": 0.086, "green_ratio": 0.6625, "ndvi": 0.4231, "impervious_ratio": 0.1831, "built_surface_ratio": 0.1831, "avg_ground_floor_count": 0.613, "elevation_m": 57.1873, "albedo": 0.126, "nearest_park_distance_m": 94.7376, "park_area_within_500m": 25210.04, "nearest_stream_distance_m": 528.6628, "est_population_density": 2554.4, "dong_elderly_ratio": 0.256, "dong_avg_age": 47.9, "dong_pop_density": 17068.0, "nearest_shelter_distance_m": 164.0988, "shelter_count_within_500m": 5.4, "est_population": 159.7, "est_elderly": 40.9, "shelter_capacity_within_500m": 3300.5, "building_form_group": "no_building", "dong_name": "방학2동", "top1_feature": "built_surface_ratio", "top1_shap": -0.5642, "top2_feature": "green_ratio", "top2_shap": -0.7488, "top3_feature": "impervious_ratio", "top3_shap": -0.3029, "priority_score": 54.6538, "priority_rank": 169 }, "geometry": { "type": "Polygon", "coordinates": [ [ [ 127.032256906892016, 37.670092468136055 ], [ 127.032242763583085, 37.67234574399955 ], [ 127.035077570040144, 37.672356952520026 ], [ 127.035091627642203, 37.670103675751037 ], [ 127.032256906892016, 37.670092468136055 ] ] ] } },
{ "type": "Feature", "properties": { "display_grid_id": "11320_00208", "gu_code": 11320, "gu_name": "도봉구", "source_cell_count": 14, "area_m2": 62500.0, "mean_actual_lst": 33.0263, "mean_actual_anomaly": -2.4252, "seoul_anomaly": -5.0167, "pred_anomaly": -3.1234, "pred_anomaly_std": 0.6677, "green_delta_c": -0.8786, "building_ratio": 0.0353, "green_ratio": 0.7417, "ndvi": 0.5118, "impervious_ratio": 0.11, "built_surface_ratio": 0.11, "avg_ground_floor_count": 1.5582, "elevation_m": 56.3349, "albedo": 0.1337, "nearest_park_distance_m": 268.72, "park_area_within_500m": 26234.504, "nearest_stream_distance_m": 613.2896, "est_population_density": 615.2, "dong_elderly_ratio": 0.256, "dong_avg_age": 47.9, "dong_pop_density": 17068.0, "nearest_shelter_distance_m": 248.4384, "shelter_count_within_500m": 7.0, "est_population": 38.5, "est_elderly": 9.8, "shelter_capacity_within_500m": 3643.0, "building_form_group": "no_building", "dong_name": "방학2동", "top1_feature": "green_ratio", "top1_shap": -1.0421, "top2_feature": "built_surface_ratio", "top2_shap": -0.8283, "top3_feature": "impervious_ratio", "top3_shap": -0.6799, "priority_score": 53.6154, "priority_rank": 177 }, "geometry": { "type": "Polygon", "coordinates": [ [ [ 127.035091627642203, 37.670103675751037 ], [ 127.035077570040144, 37.672356952520026 ], [ 127.037912378063425, 37.672368092909927 ], [ 127.037926349958425, 37.67011481524095 ], [ 127.035091627642203, 37.670103675751037 ] ] ] } },
{ "type": "Feature", "properties": { "display_grid_id": "11320_00209", "gu_code": 11320, "gu_name": "도봉구", "source_cell_count": 12, "area_m2": 62500.0, "mean_actual_lst": 37.7315, "mean_actual_anomaly": 2.0563, "seoul_anomaly": -0.5353, "pred_anomaly": 0.7966, "pred_anomaly_std": 0.8456, "green_delta_c": -0.7877, "building_ratio": 0.2432, "green_ratio": 0.4684, "ndvi": 0.2903, "impervious_ratio": 0.2969, "built_surface_ratio": 0.2969, "avg_ground_floor_count": 2.5564, "elevation_m": 41.8522, "albedo": 0.1277, "nearest_park_distance_m": 311.1496, "park_area_within_500m": 62576.4592, "nearest_stream_distance_m": 725.1816, "est_population_density": 13041.6, "dong_elderly_ratio": 0.2819, "dong_avg_age": 49.148, "dong_pop_density": 10001.44, "nearest_shelter_distance_m": 132.2312, "shelter_count_within_500m": 4.76, "est_population": 815.1, "est_elderly": 244.6, "shelter_capacity_within_500m": 1691.0, "building_form_group": "low_floor_high_density", "dong_name": "방학2동", "top1_feature": "green_ratio", "top1_shap": -0.6282, "top2_feature": "built_surface_ratio", "top2_shap": 0.0786, "top3_feature": "impervious_ratio", "top3_shap": 0.1805, "priority_score": 59.0128, "priority_rank": 139 }, "geometry": { "type": "Polygon", "coordinates": [ [ [ 127.037926349958425, 37.67011481524095 ], [ 127.037912378063425, 37.672368092909927 ], [ 127.040747187643376, 37.67237916516914 ], [ 127.040761073831121, 37.670125886605668 ], [ 127.037926349958425, 37.67011481524095 ] ] ] } },
{ "type": "Feature", "properties": { "display_grid_id": "11320_00210", "gu_code": 11320, "gu_name": "도봉구", "source_cell_count": 10, "area_m2": 62500.0, "mean_actual_lst": 42.0774, "mean_actual_anomaly": 6.4761, "seoul_anomaly": 3.8846, "pred_anomaly": 5.0057, "pred_anomaly_std": 0.8297, "green_delta_c": -0.7277, "building_ratio": 0.4092, "green_ratio": 0.2398, "ndvi": 0.1222, "impervious_ratio": 0.4453, "built_surface_ratio": 0.4453, "avg_ground_floor_count": 2.4021, "elevation_m": 32.2108, "albedo": 0.1075, "nearest_park_distance_m": 97.3408, "park_area_within_500m": 143687.6832, "nearest_stream_distance_m": 564.2576, "est_population_density": 22265.2, "dong_elderly_ratio": 0.3099, "dong_avg_age": 50.5, "dong_pop_density": 2346.0, "nearest_shelter_distance_m": 227.0692, "shelter_count_within_500m": 10.16, "est_population": 1391.6, "est_elderly": 431.2, "shelter_capacity_within_500m": 4325.0, "building_form_group": "low_floor_high_density", "dong_name": "도봉1동", "top1_feature": "building_ratio", "top1_shap": 0.762, "top2_feature": "built_surface_ratio", "top2_shap": 0.6586, "top3_feature": "impervious_ratio", "top3_shap": 0.4578, "priority_score": 80.2308, "priority_rank": 3 }, "geometry": { "type": "Polygon", "coordinates": [ [ [ 127.040761073831121, 37.670125886605668 ], [ 127.040747187643376, 37.67237916516914 ], [ 127.043581998770478, 37.672390169297529 ], [ 127.043595799250767, 37.670136889845082 ], [ 127.040761073831121, 37.670125886605668 ] ] ] } },
{ "type": "Feature", "properties": { "display_grid_id": "11320_00211", "gu_code": 11320, "gu_name": "도봉구", "source_cell_count": 12, "area_m2": 62500.0, "mean_actual_lst": 42.3347, "mean_actual_anomaly": 6.6855, "seoul_anomaly": 4.094, "pred_anomaly": 4.9039, "pred_anomaly_std": 0.7739, "green_delta_c": -0.5964, "building_ratio": 0.3521, "green_ratio": 0.2235, "ndvi": 0.141, "impervious_ratio": 0.5164, "built_surface_ratio": 0.5164, "avg_ground_floor_count": 2.5758, "elevation_m": 30.646, "albedo": 0.1057, "nearest_park_distance_m": 59.0704, "park_area_within_500m": 211664.3576, "nearest_stream_distance_m": 325.2968, "est_population_density": 21091.6, "dong_elderly_ratio": 0.2901, "dong_avg_age": 48.9, "dong_pop_density": 18691.68, "nearest_shelter_distance_m": 200.158, "shelter_count_within_500m": 13.6, "est_population": 1318.2, "est_elderly": 382.3, "shelter_capacity_within_500m": 5232.5, "building_form_group": "low_floor_high_density", "dong_name": "도봉2동", "top1_feature": "built_surface_ratio", "top1_shap": 0.6887, "top2_feature": "building_ratio", "top2_shap": 0.5551, "top3_feature": "impervious_ratio", "top3_shap": 0.5417, "priority_score": 75.8654, "priority_rank": 15 }, "geometry": { "type": "Polygon", "coordinates": [ [ [ 127.043595799250767, 37.670136889845082 ], [ 127.043581998770478, 37.672390169297529 ], [ 127.046416811435151, 37.672401105295009 ], [ 127.046430526207857, 37.670147824959074 ], [ 127.043595799250767, 37.670136889845082 ] ] ] } },
{ "type": "Feature", "properties": { "display_grid_id": "11320_00212", "gu_code": 11320, "gu_name": "도봉구", "source_cell_count": 7, "area_m2": 39682.3, "mean_actual_lst": 39.8077, "mean_actual_anomaly": 4.124, "seoul_anomaly": 1.5325, "pred_anomaly": 2.7587, "pred_anomaly_std": 0.8498, "green_delta_c": -0.4451, "building_ratio": 0.2198, "green_ratio": 0.2129, "ndvi": 0.167, "impervious_ratio": 0.5505, "built_surface_ratio": 0.5505, "avg_ground_floor_count": 9.8085, "elevation_m": 31.1277, "albedo": 0.0977, "nearest_park_distance_m": 166.112, "park_area_within_500m": 258128.6582, "nearest_stream_distance_m": 116.5665, "est_population_density": 44591.047, "dong_elderly_ratio": 0.2852, "dong_avg_age": 48.5, "dong_pop_density": 22778.1, "nearest_shelter_distance_m": 71.0166, "shelter_count_within_500m": 17.1334, "est_population": 1769.5, "est_elderly": 504.6, "shelter_capacity_within_500m": 3859.0, "building_form_group": "high_floor_low_density", "dong_name": "도봉2동", "top1_feature": "built_surface_ratio", "top1_shap": 0.668, "top2_feature": "impervious_ratio", "top2_shap": 0.6515, "top3_feature": "ndvi", "top3_shap": 0.2135, "priority_score": 60.1538, "priority_rank": 126 }, "geometry": { "type": "Polygon", "coordinates": [ [ [ 127.046430526207857, 37.670147824959074 ], [ 127.046416811435151, 37.672401105295009 ], [ 127.048340805270499, 37.672408488765988 ], [ 127.04833121999998, 37.67236945 ], [ 127.04832644, 37.67234298000001 ], [ 127.04817586, 37.67128925 ], [ 127.048161530000016, 37.67118896 ], [ 127.048172670000014, 37.67088038 ], [ 127.048173010000014, 37.67087362 ], [ 127.04818731, 37.670496610000015 ], [ 127.048189600000015, 37.67047802 ], [ 127.048281956120945, 37.670154930170447 ], [ 127.046430526207857, 37.670147824959074 ] ] ] } },
{ "type": "Feature", "properties": { "display_grid_id": "11320_00213", "gu_code": 11320, "gu_name": "도봉구", "source_cell_count": 2, "area_m2": 1246.27, "mean_actual_lst": 28.4803, "mean_actual_anomaly": -6.7675, "seoul_anomaly": -9.3591, "pred_anomaly": -5.9971, "pred_anomaly_std": 0.5509, "green_delta_c": -0.1914, "building_ratio": 0.0, "green_ratio": 0.7986, "ndvi": 0.5593, "impervious_ratio": 0.0492, "built_surface_ratio": 0.0492, "avg_ground_floor_count": 0.0, "elevation_m": 227.805, "albedo": 0.121, "nearest_park_distance_m": 1500.8, "park_area_within_500m": 0.0, "nearest_stream_distance_m": 440.75, "est_population_density": 0.0, "dong_elderly_ratio": 0.2717, "dong_avg_age": 48.0, "dong_pop_density": 1843.1, "nearest_shelter_distance_m": 1389.58, "shelter_count_within_500m": 0.0, "est_population": 0.0, "est_elderly": 0.0, "shelter_capacity_within_500m": 0.0, "building_form_group": "no_building", "dong_name": "도봉1동", "top1_feature": "built_surface_ratio", "top1_shap": -1.4804, "top2_feature": "impervious_ratio", "top2_shap": -1.2924, "top3_feature": "green_ratio", "top3_shap": -0.8875, "priority_score": 22.9295, "priority_rank": 389 }, "geometry": { "type": "Polygon", "coordinates": [ [ [ 127.015219299087008, 37.674530331588137 ], [ 127.015221836679686, 37.674140295035365 ], [ 127.01511707, 37.67415428 ], [ 127.01484523000002, 37.67433929 ], [ 127.014729670647469, 37.674528318035911 ], [ 127.015219299087008, 37.674530331588137 ] ] ] } },
{ "type": "Feature", "properties": { "display_grid_id": "11320_00214", "gu_code": 11320, "gu_name": "도봉구", "source_cell_count": 11, "area_m2": 38060.55, "mean_actual_lst": 28.5238, "mean_actual_anomaly": -6.5672, "seoul_anomaly": -9.1588, "pred_anomaly": -5.721, "pred_anomaly_std": 0.6229, "green_delta_c": -0.3106, "building_ratio": 0.0, "green_ratio": 0.7948, "ndvi": 0.5707, "impervious_ratio": 0.0561, "built_surface_ratio": 0.0561, "avg_ground_floor_count": 0.0, "elevation_m": 210.5016, "albedo": 0.1166, "nearest_park_distance_m": 1337.4613, "park_area_within_500m": 0.0, "nearest_stream_distance_m": 307.5234, "est_population_density": 0.0, "dong_elderly_ratio": 0.3075, "dong_avg_age": 50.3398, "dong_pop_density": 2313.7762, "nearest_shelter_distance_m": 1309.6866, "shelter_count_within_500m": 0.0, "est_population": 0.0, "est_elderly": 0.0, "shelter_capacity_within_500m": 0.0, "building_form_group": "no_building", "dong_name": "도봉1동", "top1_feature": "built_surface_ratio", "top1_shap": -1.3998, "top2_feature": "impervious_ratio", "top2_shap": -1.207, "top3_feature": "green_ratio", "top3_shap": -0.8758, "priority_score": 25.609, "priority_rank": 369 }, "geometry": { "type": "Polygon", "coordinates": [ [ [ 127.015219299087008, 37.674530331588137 ], [ 127.018054181661455, 37.674541949828203 ], [ 127.018068755125498, 37.672288679442573 ], [ 127.017360813325624, 37.672285784604398 ], [ 127.017326350000019, 37.6723957 ], [ 127.01729874, 37.67244807 ], [ 127.017179019999986, 37.67248131 ], [ 127.01712645, 37.6726083 ], [ 127.017116359999989, 37.67263251 ], [ 127.01700779, 37.67262915 ], [ 127.01695785, 37.67266294 ], [ 127.01668568, 37.67290652 ], [ 127.01665753, 37.67294791 ], [ 127.016221329999979, 37.67393256 ], [ 127.016148880000017, 37.67390075 ], [ 127.016111689999988, 37.67389513 ], [ 127.01559419, 37.67409059 ], [ 127.015221836679686, 37.674140295035365 ], [ 127.015219299087008, 37.674530331588137 ] ] ] } },
{ "type": "Feature", "properties": { "display_grid_id": "11320_00215", "gu_code": 11320, "gu_name": "도봉구", "source_cell_count": 15, "area_m2": 62500.0, "mean_actual_lst": 28.9424, "mean_actual_anomaly": -6.4927, "seoul_anomaly": -9.0842, "pred_anomaly": -5.1289, "pred_anomaly_std": 0.6295, "green_delta_c": -0.6172, "building_ratio": 0.0, "green_ratio": 0.7844, "ndvi": 0.5479, "impervious_ratio": 0.0625, "built_surface_ratio": 0.0625, "avg_ground_floor_count": 0.0, "elevation_m": 173.4745, "albedo": 0.1119, "nearest_park_distance_m": 1119.9176, "park_area_within_500m": 0.0, "nearest_stream_distance_m": 147.528, "est_population_density": 0.0, "dong_elderly_ratio": 0.3099, "dong_avg_age": 50.5, "dong_pop_density": 2346.0, "nearest_shelter_distance_m": 1128.5324, "shelter_count_within_500m": 0.0, "est_population": 0.0, "est_elderly": 0.0, "shelter_capacity_within_500m": 0.0, "building_form_group": "no_building", "dong_name": "도봉1동", "top1_feature": "built_surface_ratio", "top1_shap": -1.305, "top2_feature": "impervious_ratio", "top2_shap": -1.1172, "top3_feature": "green_ratio", "top3_shap": -0.8271, "priority_score": 33.3013, "priority_rank": 298 }, "geometry": { "type": "Polygon", "coordinates": [ [ [ 127.018068755125498, 37.672288679442573 ], [ 127.018054181661455, 37.674541949828203 ], [ 127.020889065859606, 37.674553499932891 ], [ 127.020903553608164, 37.672300228614183 ], [ 127.018068755125498, 37.672288679442573 ] ] ] } },
{ "type": "Feature", "properties": { "display_grid_id": "11320_00216", "gu_code": 11320, "gu_name": "도봉구", "source_cell_count": 14, "area_m2": 62500.0, "mean_actual_lst": 29.0995, "mean_actual_anomaly": -6.4952, "seoul_anomaly": -9.0867, "pred_anomaly": -5.1705, "pred_anomaly_std": 0.5859, "green_delta_c": -0.5796, "building_ratio": 0.0, "green_ratio": 0.8032, "ndvi": 0.5567, "impervious_ratio": 0.0466, "built_surface_ratio": 0.0466, "avg_ground_floor_count": 0.0, "elevation_m": 150.3851, "albedo": 0.0997, "nearest_park_distance_m": 888.4592, "park_area_within_500m": 0.0, "nearest_stream_distance_m": 154.6248, "est_population_density": 0.0, "dong_elderly_ratio": 0.3099, "dong_avg_age": 50.5, "dong_pop_density": 2346.0, "nearest_shelter_distance_m": 916.7988, "shelter_count_within_500m": 0.0, "est_population": 0.0, "est_elderly": 0.0, "shelter_capacity_within_500m": 0.0, "building_form_group": "no_building", "dong_name": "도봉1동", "top1_feature": "built_surface_ratio", "top1_shap": -1.4832, "top2_feature": "impervious_ratio", "top2_shap": -1.304, "top3_feature": "green_ratio", "top3_shap": -0.7924, "priority_score": 30.8141, "priority_rank": 310 }, "geometry": { "type": "Polygon", "coordinates": [ [ [ 127.020903553608164, 37.672300228614183 ], [ 127.020889065859606, 37.674553499932891 ], [ 127.02372395167194, 37.674564981902073 ], [ 127.023738353704815, 37.672311709655808 ], [ 127.020903553608164, 37.672300228614183 ] ] ] } },
{ "type": "Feature", "properties": { "display_grid_id": "11320_00217", "gu_code": 11320, "gu_name": "도봉구", "source_cell_count": 14, "area_m2": 62500.0, "mean_actual_lst": 29.5266, "mean_actual_anomaly": -6.1223, "seoul_anomaly": -8.7138, "pred_anomaly": -5.0887, "pred_anomaly_std": 0.5805, "green_delta_c": -0.6268, "building_ratio": 0.0, "green_ratio": 0.8166, "ndvi": 0.5486, "impervious_ratio": 0.0413, "built_surface_ratio": 0.0413, "avg_ground_floor_count": 0.0, "elevation_m": 136.156, "albedo": 0.1029, "nearest_park_distance_m": 644.8636, "park_area_within_500m": 6.7332, "nearest_stream_distance_m": 176.7516, "est_population_density": 0.0, "dong_elderly_ratio": 0.2935, "dong_avg_age": 49.612, "dong_pop_density": 6159.168, "nearest_shelter_distance_m": 691.9216, "shelter_count_within_500m": 0.0, "est_population": 0.0, "est_elderly": 0.0, "shelter_capacity_within_500m": 0.0, "building_form_group": "no_building", "dong_name": "도봉1동", "top1_feature": "built_surface_ratio", "top1_shap": -1.5259, "top2_feature": "impervious_ratio", "top2_shap": -1.3464, "top3_feature": "green_ratio", "top3_shap": -0.7711, "priority_score": 32.0449, "priority_rank": 305 }, "geometry": { "type": "Polygon", "coordinates": [ [ [ 127.023738353704815, 37.672311709655808 ], [ 127.02372395167194, 37.674564981902073 ], [ 127.026558839088864, 37.674576395735635 ], [ 127.02657315540587, 37.67232312256732 ], [ 127.023738353704815, 37.672311709655808 ] ] ] } },
{ "type": "Feature", "properties": { "display_grid_id": "11320_00218", "gu_code": 11320, "gu_name": "도봉구", "source_cell_count": 14, "area_m2": 62500.0, "mean_actual_lst": 30.2504, "mean_actual_anomaly": -5.3169, "seoul_anomaly": -7.9085, "pred_anomaly": -4.731, "pred_anomaly_std": 0.597, "green_delta_c": -0.7447, "building_ratio": 0.0, "green_ratio": 0.8191, "ndvi": 0.5208, "impervious_ratio": 0.0416, "built_surface_ratio": 0.0416, "avg_ground_floor_count": 0.0, "elevation_m": 112.6306, "albedo": 0.119, "nearest_park_distance_m": 436.9388, "park_area_within_500m": 5625.9852, "nearest_stream_distance_m": 231.426, "est_population_density": 0.0, "dong_elderly_ratio": 0.2776, "dong_avg_age": 48.94, "dong_pop_density": 11179.2, "nearest_shelter_distance_m": 496.2224, "shelter_count_within_500m": 1.04, "est_population": 0.0, "est_elderly": 0.0, "shelter_capacity_within_500m": 560.0, "building_form_group": "no_building", "dong_name": "방학2동", "top1_feature": "built_surface_ratio", "top1_shap": -1.5177, "top2_feature": "impervious_ratio", "top2_shap": -1.3467, "top3_feature": "green_ratio", "top3_shap": -0.7504, "priority_score": 37.5833, "priority_rank": 283 }, "geometry": { "type": "Polygon", "coordinates": [ [ [ 127.02657315540587, 37.67232312256732 ], [ 127.026558839088864, 37.674576395735635 ], [ 127.029393728100857, 37.674587741433491 ], [ 127.02940795870181, 37.672334467348612 ], [ 127.02657315540587, 37.67232312256732 ] ] ] } },
{ "type": "Feature", "properties": { "display_grid_id": "11320_00219", "gu_code": 11320, "gu_name": "도봉구", "source_cell_count": 12, "area_m2": 62500.0, "mean_actual_lst": 31.1122, "mean_actual_anomaly": -4.4026, "seoul_anomaly": -6.9941, "pred_anomaly": -4.4227, "pred_anomaly_std": 0.5538, "green_delta_c": -0.8283, "building_ratio": 0.0, "green_ratio": 0.8276, "ndvi": 0.5262, "impervious_ratio": 0.0434, "built_surface_ratio": 0.0434, "avg_ground_floor_count": 0.0, "elevation_m": 89.5726, "albedo": 0.1325, "nearest_park_distance_m": 276.7088, "park_area_within_500m": 19011.5848, "nearest_stream_distance_m": 319.31, "est_population_density": 0.0, "dong_elderly_ratio": 0.2646, "dong_avg_age": 48.316, "dong_pop_density": 14712.48, "nearest_shelter_distance_m": 344.5804, "shelter_count_within_500m": 2.2, "est_population": 0.0, "est_elderly": 0.0, "shelter_capacity_within_500m": 1487.5, "building_form_group": "no_building", "dong_name": "방학2동", "top1_feature": "built_surface_ratio", "top1_shap": -1.4953, "top2_feature": "impervious_ratio", "top2_shap": -1.3269, "top3_feature": "green_ratio", "top3_shap": -0.7221, "priority_score": 40.3141, "priority_rank": 272 }, "geometry": { "type": "Polygon", "coordinates": [ [ [ 127.02940795870181, 37.672334467348612 ], [ 127.029393728100857, 37.674587741433491 ], [ 127.032228618698383, 37.674599018995487 ], [ 127.032242763583085, 37.67234574399955 ], [ 127.02940795870181, 37.672334467348612 ] ] ] } },
{ "type": "Feature", "properties": { "display_grid_id": "11320_00220", "gu_code": 11320, "gu_name": "도봉구", "source_cell_count": 12, "area_m2": 62500.0, "mean_actual_lst": 31.1842, "mean_actual_anomaly": -4.5, "seoul_anomaly": -7.0915, "pred_anomaly": -4.3469, "pred_anomaly_std": 0.5484, "green_delta_c": -0.9364, "building_ratio": 0.0, "green_ratio": 0.836, "ndvi": 0.5766, "impervious_ratio": 0.0442, "built_surface_ratio": 0.0442, "avg_ground_floor_count": 0.0, "elevation_m": 78.2104, "albedo": 0.1212, "nearest_park_distance_m": 261.8176, "park_area_within_500m": 26085.612, "nearest_stream_distance_m": 295.3924, "est_population_density": 0.0, "dong_elderly_ratio": 0.2646, "dong_avg_age": 48.316, "dong_pop_density": 14712.48, "nearest_shelter_distance_m": 347.3548, "shelter_count_within_500m": 2.6, "est_population": 0.0, "est_elderly": 0.0, "shelter_capacity_within_500m": 1732.5, "building_form_group": "no_building", "dong_name": "방학2동", "top1_feature": "built_surface_ratio", "top1_shap": -1.5219, "top2_feature": "impervious_ratio", "top2_shap": -1.3647, "top3_feature": "green_ratio", "top3_shap": -0.6969, "priority_score": 42.1987, "priority_rank": 262 }, "geometry": { "type": "Polygon", "coordinates": [ [ [ 127.032242763583085, 37.67234574399955 ], [ 127.032228618698383, 37.674599018995487 ], [ 127.035063510871851, 37.674610228421507 ], [ 127.035077570040144, 37.672356952520026 ], [ 127.032242763583085, 37.67234574399955 ] ] ] } },
{ "type": "Feature", "properties": { "display_grid_id": "11320_00221", "gu_code": 11320, "gu_name": "도봉구", "source_cell_count": 14, "area_m2": 62500.0, "mean_actual_lst": 31.3098, "mean_actual_anomaly": -4.3858, "seoul_anomaly": -6.9773, "pred_anomaly": -3.9904, "pred_anomaly_std": 0.6047, "green_delta_c": -1.1191, "building_ratio": 0.0007, "green_ratio": 0.798, "ndvi": 0.4765, "impervious_ratio": 0.0678, "built_surface_ratio": 0.0678, "avg_ground_floor_count": 0.12, "elevation_m": 70.5917, "albedo": 0.1325, "nearest_park_distance_m": 364.4248, "park_area_within_500m": 19707.8024, "nearest_stream_distance_m": 422.1968, "est_population_density": 0.0, "dong_elderly_ratio": 0.2732, "dong_avg_age": 48.732, "dong_pop_density": 12356.96, "nearest_shelter_distance_m": 284.4912, "shelter_count_within_500m": 2.84, "est_population": 0.0, "est_elderly": 0.0, "shelter_capacity_within_500m": 1352.5, "building_form_group": "no_building", "dong_name": "방학2동", "top1_feature": "built_surface_ratio", "top1_shap": -1.2587, "top2_feature": "impervious_ratio", "top2_shap": -1.0556, "top3_feature": "green_ratio", "top3_shap": -0.832, "priority_score": 44.8654, "priority_rank": 246 }, "geometry": { "type": "Polygon", "coordinates": [ [ [ 127.035077570040144, 37.672356952520026 ], [ 127.035063510871851, 37.674610228421507 ], [ 127.037898404611738, 37.674621369711446 ], [ 127.037912378063425, 37.672368092909927 ], [ 127.035077570040144, 37.672356952520026 ] ] ] } },
{ "type": "Feature", "properties": { "display_grid_id": "11320_00222", "gu_code": 11320, "gu_name": "도봉구", "source_cell_count": 14, "area_m2": 62500.0, "mean_actual_lst": 35.2211, "mean_actual_anomaly": -0.5068, "seoul_anomaly": -3.0983, "pred_anomaly": -0.4406, "pred_anomaly_std": 0.8424, "green_delta_c": -0.697, "building_ratio": 0.0909, "green_ratio": 0.508, "ndvi": 0.3525, "impervious_ratio": 0.3231, "built_surface_ratio": 0.3231, "avg_ground_floor_count": 1.1101, "elevation_m": 43.8134, "albedo": 0.1329, "nearest_park_distance_m": 372.08, "park_area_within_500m": 29534.1576, "nearest_stream_distance_m": 546.6552, "est_population_density": 2365.6, "dong_elderly_ratio": 0.3077, "dong_avg_age": 50.396, "dong_pop_density": 2934.88, "nearest_shelter_distance_m": 143.8744, "shelter_count_within_500m": 3.48, "est_population": 147.9, "est_elderly": 45.8, "shelter_capacity_within_500m": 1072.5, "building_form_group": "no_building", "dong_name": "도봉1동", "top1_feature": "green_ratio", "top1_shap": -0.7119, "top2_feature": "ndvi", "top2_shap": -0.5353, "top3_feature": "built_surface_ratio", "top3_shap": 0.1082, "priority_score": 50.1538, "priority_rank": 207 }, "geometry": { "type": "Polygon", "coordinates": [ [ [ 127.037912378063425, 37.672368092909927 ], [ 127.037898404611738, 37.674621369711446 ], [ 127.04073329990851, 37.674632442865196 ], [ 127.040747187643376, 37.67237916516914 ], [ 127.037912378063425, 37.672368092909927 ] ] ] } },
{ "type": "Feature", "properties": { "display_grid_id": "11320_00223", "gu_code": 11320, "gu_name": "도봉구", "source_cell_count": 16, "area_m2": 62500.0, "mean_actual_lst": 40.2584, "mean_actual_anomaly": 4.9567, "seoul_anomaly": 2.3652, "pred_anomaly": 4.083, "pred_anomaly_std": 0.8965, "green_delta_c": -0.8766, "building_ratio": 0.3569, "green_ratio": 0.2829, "ndvi": 0.1712, "impervious_ratio": 0.3843, "built_surface_ratio": 0.3843, "avg_ground_floor_count": 2.9462, "elevation_m": 33.9636, "albedo": 0.113, "nearest_park_distance_m": 156.2944, "park_area_within_500m": 101279.456, "nearest_stream_distance_m": 534.3392, "est_population_density": 18963.6, "dong_elderly_ratio": 0.3099, "dong_avg_age": 50.5, "dong_pop_density": 2346.0, "nearest_shelter_distance_m": 98.2188, "shelter_count_within_500m": 6.24, "est_population": 1185.2, "est_elderly": 367.3, "shelter_capacity_within_500m": 2122.5, "building_form_group": "low_floor_high_density", "dong_name": "도봉1동", "top1_feature": "building_ratio", "top1_shap": 0.7132, "top2_feature": "built_surface_ratio", "top2_shap": 0.6218, "top3_feature": "impervious_ratio", "top3_shap": 0.3342, "priority_score": 70.5769, "priority_rank": 46 }, "geometry": { "type": "Polygon", "coordinates": [ [ [ 127.040747187643376, 37.67237916516914 ], [ 127.04073329990851, 37.674632442865196 ], [ 127.043568196752574, 37.674643447882623 ], [ 127.043581998770478, 37.672390169297529 ], [ 127.040747187643376, 37.67237916516914 ] ] ] } },
{ "type": "Feature", "properties": { "display_grid_id": "11320_00224", "gu_code": 11320, "gu_name": "도봉구", "source_cell_count": 15, "area_m2": 62500.0, "mean_actual_lst": 41.4647, "mean_actual_anomaly": 6.1629, "seoul_anomaly": 3.5714, "pred_anomaly": 5.2418, "pred_anomaly_std": 0.7387, "green_delta_c": -0.3405, "building_ratio": 0.3374, "green_ratio": 0.2116, "ndvi": 0.105, "impervious_ratio": 0.473, "built_surface_ratio": 0.473, "avg_ground_floor_count": 2.5005, "elevation_m": 32.4391, "albedo": 0.1055, "nearest_park_distance_m": 90.4368, "park_area_within_500m": 169717.5272, "nearest_stream_distance_m": 350.5432, "est_population_density": 19567.6, "dong_elderly_ratio": 0.2901, "dong_avg_age": 48.9, "dong_pop_density": 18691.68, "nearest_shelter_distance_m": 130.33, "shelter_count_within_500m": 10.8, "est_population": 1223.0, "est_elderly": 356.9, "shelter_capacity_within_500m": 3897.0, "building_form_group": "low_floor_high_density", "dong_name": "도봉2동", "top1_feature": "built_surface_ratio", "top1_shap": 0.7135, "top2_feature": "ndvi", "top2_shap": 0.5908, "top3_feature": "building_ratio", "top3_shap": 0.4631, "priority_score": 65.1923, "priority_rank": 83 }, "geometry": { "type": "Polygon", "coordinates": [ [ [ 127.043581998770478, 37.672390169297529 ], [ 127.043568196752574, 37.674643447882623 ], [ 127.046403095134423, 37.674654384763627 ], [ 127.046416811435151, 37.672401105295009 ], [ 127.043581998770478, 37.672390169297529 ] ] ] } },
{ "type": "Feature", "properties": { "display_grid_id": "11320_00225", "gu_code": 11320, "gu_name": "도봉구", "source_cell_count": 13, "area_m2": 48719.0, "mean_actual_lst": 39.308, "mean_actual_anomaly": 3.9318, "seoul_anomaly": 1.3403, "pred_anomaly": 3.0934, "pred_anomaly_std": 0.8422, "green_delta_c": -0.4208, "building_ratio": 0.1783, "green_ratio": 0.2204, "ndvi": 0.1308, "impervious_ratio": 0.5296, "built_surface_ratio": 0.5296, "avg_ground_floor_count": 8.5559, "elevation_m": 30.9203, "albedo": 0.1099, "nearest_park_distance_m": 104.8677, "park_area_within_500m": 190635.8924, "nearest_stream_distance_m": 126.3506, "est_population_density": 36347.7314, "dong_elderly_ratio": 0.2843, "dong_avg_age": 48.4578, "dong_pop_density": 22528.3881, "nearest_shelter_distance_m": 131.2068, "shelter_count_within_500m": 14.044, "est_population": 1770.8, "est_elderly": 505.0, "shelter_capacity_within_500m": 3953.0, "building_form_group": "high_floor_low_density", "dong_name": "도봉2동", "top1_feature": "built_surface_ratio", "top1_shap": 0.708, "top2_feature": "impervious_ratio", "top2_shap": 0.6884, "top3_feature": "ndvi", "top3_shap": 0.3627, "priority_score": 63.2436, "priority_rank": 97 }, "geometry": { "type": "Polygon", "coordinates": [ [ [ 127.046416811435151, 37.672401105295009 ], [ 127.046403095134423, 37.674654384763627 ], [ 127.048740503055726, 37.674663351099596 ], [ 127.04876288, 37.67383786 ], [ 127.0487611, 37.67381196 ], [ 127.048746719999983, 37.67376607 ], [ 127.048447349999989, 37.67284242 ], [ 127.048340805270499, 37.672408488765988 ], [ 127.046416811435151, 37.672401105295009 ] ] ] } },
{ "type": "Feature", "properties": { "display_grid_id": "11320_00226", "gu_code": 11320, "gu_name": "도봉구", "source_cell_count": 6, "area_m2": 26503.34, "mean_actual_lst": 28.7126, "mean_actual_anomaly": -6.4015, "seoul_anomaly": -8.993, "pred_anomaly": -6.1303, "pred_anomaly_std": 0.6501, "green_delta_c": -0.223, "building_ratio": 0.0, "green_ratio": 0.785, "ndvi": 0.4998, "impervious_ratio": 0.0608, "built_surface_ratio": 0.0608, "avg_ground_floor_count": 0.0, "elevation_m": 247.19, "albedo": 0.1338, "nearest_park_distance_m": 1603.7912, "park_area_within_500m": 0.0, "nearest_stream_distance_m": 530.8358, "est_population_density": 0.0, "dong_elderly_ratio": 0.3047, "dong_avg_age": 50.1574, "dong_pop_density": 2277.0782, "nearest_shelter_distance_m": 1550.5437, "shelter_count_within_500m": 0.0, "est_population": 0.0, "est_elderly": 0.0, "shelter_capacity_within_500m": 0.0, "building_form_group": "no_building", "dong_name": "도봉1동", "top1_feature": "built_surface_ratio", "top1_shap": -1.3795, "top2_feature": "impervious_ratio", "top2_shap": -1.1834, "top3_feature": "green_ratio", "top3_shap": -0.8993, "priority_score": 26.1987, "priority_rank": 362 }, "geometry": { "type": "Polygon", "coordinates": [ [ [ 127.015204638274426, 37.676783600167298 ], [ 127.015219299087008, 37.674530331588137 ], [ 127.014729670647469, 37.674528318035911 ], [ 127.01457291, 37.67478474 ], [ 127.01440199, 37.67479996 ], [ 127.014362670000011, 37.67481685 ], [ 127.013906150000011, 37.6752398 ], [ 127.01386246, 37.6755726 ], [ 127.01386866, 37.67558865 ], [ 127.01397479000002, 37.67583274 ], [ 127.013981, 37.67588314 ], [ 127.01385211, 37.67618976 ], [ 127.0138399, 37.67625143 ], [ 127.01379813, 37.67647049 ], [ 127.013753870000016, 37.67659155 ], [ 127.013667082831091, 37.676777269960432 ], [ 127.015204638274426, 37.676783600167298 ] ] ] } },
{ "type": "Feature", "properties": { "display_grid_id": "11320_00227", "gu_code": 11320, "gu_name": "도봉구", "source_cell_count": 14, "area_m2": 62500.0, "mean_actual_lst": 28.9385, "mean_actual_anomaly": -6.27, "seoul_anomaly": -8.8616, "pred_anomaly": -5.6938, "pred_anomaly_std": 0.6601, "green_delta_c": -0.3465, "building_ratio": 0.0, "green_ratio": 0.7915, "ndvi": 0.5342, "impervious_ratio": 0.0584, "built_surface_ratio": 0.0584, "avg_ground_floor_count": 0.0, "elevation_m": 200.598, "albedo": 0.1254, "nearest_park_distance_m": 1444.5288, "park_area_within_500m": 0.0, "nearest_stream_distance_m": 375.974, "est_population_density": 0.0, "dong_elderly_ratio": 0.3099, "dong_avg_age": 50.5, "dong_pop_density": 2346.0, "nearest_shelter_distance_m": 1469.3332, "shelter_count_within_500m": 0.0, "est_population": 0.0, "est_elderly": 0.0, "shelter_capacity_within_500m": 0.0, "building_form_group": "no_building", "dong_name": "도봉1동", "top1_feature": "built_surface_ratio", "top1_shap": -1.369, "top2_feature": "impervious_ratio", "top2_shap": -1.1771, "top3_feature": "green_ratio", "top3_shap": -0.8757, "priority_score": 28.3782, "priority_rank": 339 }, "geometry": { "type": "Polygon", "coordinates": [ [ [ 127.015219299087008, 37.674530331588137 ], [ 127.015204638274426, 37.676783600167298 ], [ 127.018039606573709, 37.676795219345983 ], [ 127.018054181661455, 37.674541949828203 ], [ 127.015219299087008, 37.674530331588137 ] ] ] } },
{ "type": "Feature", "properties": { "display_grid_id": "11320_00228", "gu_code": 11320, "gu_name": "도봉구", "source_cell_count": 12, "area_m2": 62500.0, "mean_actual_lst": 29.399, "mean_actual_anomaly": -5.7853, "seoul_anomaly": -8.3768, "pred_anomaly": -4.9574, "pred_anomaly_std": 0.676, "green_delta_c": -0.7907, "building_ratio": 0.0, "green_ratio": 0.7997, "ndvi": 0.5323, "impervious_ratio": 0.0636, "built_surface_ratio": 0.0636, "avg_ground_floor_count": 0.0, "elevation_m": 152.5038, "albedo": 0.1273, "nearest_park_distance_m": 1205.4536, "park_area_within_500m": 0.0, "nearest_stream_distance_m": 180.4988, "est_population_density": 0.0, "dong_elderly_ratio": 0.3099, "dong_avg_age": 50.5, "dong_pop_density": 2346.0, "nearest_shelter_distance_m": 1253.7704, "shelter_count_within_500m": 0.0, "est_population": 0.0, "est_elderly": 0.0, "shelter_capacity_within_500m": 0.0, "building_form_group": "no_building", "dong_name": "도봉1동", "top1_feature": "built_surface_ratio", "top1_shap": -1.284, "top2_feature": "impervious_ratio", "top2_shap": -1.1024, "top3_feature": "green_ratio", "top3_shap": -0.8644, "priority_score": 40.75, "priority_rank": 271 }, "geometry": { "type": "Polygon", "coordinates": [ [ [ 127.018054181661455, 37.674541949828203 ], [ 127.018039606573709, 37.676795219345983 ], [ 127.020874576496894, 37.676806770383784 ], [ 127.020889065859606, 37.674553499932891 ], [ 127.018054181661455, 37.674541949828203 ] ] ] } },
{ "type": "Feature", "properties": { "display_grid_id": "11320_00229", "gu_code": 11320, "gu_name": "도봉구", "source_cell_count": 9, "area_m2": 62500.0, "mean_actual_lst": 29.8738, "mean_actual_anomaly": -5.2102, "seoul_anomaly": -7.8017, "pred_anomaly": -3.8351, "pred_anomaly_std": 0.8248, "green_delta_c": -1.1481, "building_ratio": 0.0097, "green_ratio": 0.7714, "ndvi": 0.5525, "impervious_ratio": 0.089, "built_surface_ratio": 0.089, "avg_ground_floor_count": 0.56, "elevation_m": 119.6814, "albedo": 0.1255, "nearest_park_distance_m": 990.704, "park_area_within_500m": 0.0, "nearest_stream_distance_m": 94.574, "est_population_density": 0.0, "dong_elderly_ratio": 0.3099, "dong_avg_age": 50.5, "dong_pop_density": 2346.0, "nearest_shelter_distance_m": 1050.4848, "shelter_count_within_500m": 0.0, "est_population": 0.0, "est_elderly": 0.0, "shelter_capacity_within_500m": 0.0, "building_form_group": "no_building", "dong_name": "도봉1동", "top1_feature": "built_surface_ratio", "top1_shap": -1.0527, "top2_feature": "green_ratio", "top2_shap": -0.9869, "top3_feature": "impervious_ratio", "top3_shap": -0.6795, "priority_score": 47.359, "priority_rank": 227 }, "geometry": { "type": "Polygon", "coordinates": [ [ [ 127.020889065859606, 37.674553499932891 ], [ 127.020874576496894, 37.676806770383784 ], [ 127.023709548034446, 37.676818253280594 ], [ 127.02372395167194, 37.674564981902073 ], [ 127.020889065859606, 37.674553499932891 ] ] ] } },
{ "type": "Feature", "properties": { "display_grid_id": "11320_00230", "gu_code": 11320, "gu_name": "도봉구", "source_cell_count": 15, "area_m2": 62500.0, "mean_actual_lst": 30.2557, "mean_actual_anomaly": -5.1294, "seoul_anomaly": -7.7209, "pred_anomaly": -4.3981, "pred_anomaly_std": 0.684, "green_delta_c": -1.2429, "building_ratio": 0.0009, "green_ratio": 0.8002, "ndvi": 0.5307, "impervious_ratio": 0.0584, "built_surface_ratio": 0.0584, "avg_ground_floor_count": 0.08, "elevation_m": 96.3859, "albedo": 0.1193, "nearest_park_distance_m": 765.528, "park_area_within_500m": 0.0, "nearest_stream_distance_m": 71.8012, "est_population_density": 0.0, "dong_elderly_ratio": 0.3099, "dong_avg_age": 50.5, "dong_pop_density": 2346.0, "nearest_shelter_distance_m": 846.1052, "shelter_count_within_500m": 0.0, "est_population": 0.0, "est_elderly": 0.0, "shelter_capacity_within_500m": 0.0, "building_form_group": "no_building", "dong_name": "도봉1동", "top1_feature": "built_surface_ratio", "top1_shap": -1.382, "top2_feature": "impervious_ratio", "top2_shap": -1.2055, "top3_feature": "green_ratio", "top3_shap": -0.812, "priority_score": 46.1218, "priority_rank": 235 }, "geometry": { "type": "Polygon", "coordinates": [ [ [ 127.02372395167194, 37.674564981902073 ], [ 127.023709548034446, 37.676818253280594 ], [ 127.026544521176788, 37.676829668036277 ], [ 127.026558839088864, 37.674576395735635 ], [ 127.02372395167194, 37.674564981902073 ] ] ] } },
{ "type": "Feature", "properties": { "display_grid_id": "11320_00231", "gu_code": 11320, "gu_name": "도봉구", "source_cell_count": 15, "area_m2": 62500.0, "mean_actual_lst": 30.7456, "mean_actual_anomaly": -4.487, "seoul_anomaly": -7.0786, "pred_anomaly": -4.1179, "pred_anomaly_std": 0.7746, "green_delta_c": -0.965, "building_ratio": 0.0037, "green_ratio": 0.7512, "ndvi": 0.4555, "impervious_ratio": 0.0753, "built_surface_ratio": 0.0753, "avg_ground_floor_count": 0.24, "elevation_m": 83.7512, "albedo": 0.1145, "nearest_park_distance_m": 559.0536, "park_area_within_500m": 69.2224, "nearest_stream_distance_m": 65.2796, "est_population_density": 0.0, "dong_elderly_ratio": 0.3099, "dong_avg_age": 50.5, "dong_pop_density": 2346.0, "nearest_shelter_distance_m": 691.1548, "shelter_count_within_500m": 0.0, "est_population": 0.0, "est_elderly": 0.0, "shelter_capacity_within_500m": 0.0, "building_form_group": "no_building", "dong_name": "도봉1동", "top1_feature": "built_surface_ratio", "top1_shap": -1.2713, "top2_feature": "impervious_ratio", "top2_shap": -1.105, "top3_feature": "green_ratio", "top3_shap": -0.7654, "priority_score": 47.1603, "priority_rank": 228 }, "geometry": { "type": "Polygon", "coordinates": [ [ [ 127.026558839088864, 37.674576395735635 ], [ 127.026544521176788, 37.676829668036277 ], [ 127.029379495914398, 37.676841014650734 ], [ 127.029393728100857, 37.674587741433491 ], [ 127.026558839088864, 37.674576395735635 ] ] ] } },
{ "type": "Feature", "properties": { "display_grid_id": "11320_00232", "gu_code": 11320, "gu_name": "도봉구", "source_cell_count": 11, "area_m2": 62500.0, "mean_actual_lst": 30.9718, "mean_actual_anomaly": -4.3728, "seoul_anomaly": -6.9643, "pred_anomaly": -3.8733, "pred_anomaly_std": 0.6087, "green_delta_c": -0.8235, "building_ratio": 0.0074, "green_ratio": 0.7714, "ndvi": 0.5291, "impervious_ratio": 0.0872, "built_surface_ratio": 0.0872, "avg_ground_floor_count": 0.36, "elevation_m": 80.752, "albedo": 0.1092, "nearest_park_distance_m": 342.8916, "park_area_within_500m": 10982.1008, "nearest_stream_distance_m": 106.8908, "est_population_density": 0.0, "dong_elderly_ratio": 0.3099, "dong_avg_age": 50.5, "dong_pop_density": 2346.0, "nearest_shelter_distance_m": 591.6056, "shelter_count_within_500m": 0.08, "est_population": 0.0, "est_elderly": 0.0, "shelter_capacity_within_500m": 50.0, "building_form_group": "no_building", "dong_name": "도봉1동", "top1_feature": "built_surface_ratio", "top1_shap": -1.1758, "top2_feature": "impervious_ratio", "top2_shap": -1.0271, "top3_feature": "green_ratio", "top3_shap": -0.8568, "priority_score": 44.1154, "priority_rank": 252 }, "geometry": { "type": "Polygon", "coordinates": [ [ [ 127.029393728100857, 37.674587741433491 ], [ 127.029379495914398, 37.676841014650734 ], [ 127.032214472237698, 37.676852293123837 ], [ 127.032228618698383, 37.674599018995487 ], [ 127.029393728100857, 37.674587741433491 ] ] ] } },
{ "type": "Feature", "properties": { "display_grid_id": "11320_00233", "gu_code": 11320, "gu_name": "도봉구", "source_cell_count": 13, "area_m2": 62500.0, "mean_actual_lst": 32.4553, "mean_actual_anomaly": -3.4563, "seoul_anomaly": -6.0478, "pred_anomaly": -3.1193, "pred_anomaly_std": 0.638, "green_delta_c": -0.8411, "building_ratio": 0.0101, "green_ratio": 0.7138, "ndvi": 0.5015, "impervious_ratio": 0.1361, "built_surface_ratio": 0.1361, "avg_ground_floor_count": 0.36, "elevation_m": 69.6469, "albedo": 0.1081, "nearest_park_distance_m": 165.7012, "park_area_within_500m": 35433.5248, "nearest_stream_distance_m": 81.9796, "est_population_density": 20.0, "dong_elderly_ratio": 0.3099, "dong_avg_age": 50.5, "dong_pop_density": 2346.0, "nearest_shelter_distance_m": 578.8336, "shelter_count_within_500m": 0.08, "est_population": 1.2, "est_elderly": 0.4, "shelter_capacity_within_500m": 50.0, "building_form_group": "no_building", "dong_name": "도봉1동", "top1_feature": "built_surface_ratio", "top1_shap": -0.8413, "top2_feature": "impervious_ratio", "top2_shap": -0.6686, "top3_feature": "green_ratio", "top3_shap": -0.7572, "priority_score": 53.0192, "priority_rank": 183 }, "geometry": { "type": "Polygon", "coordinates": [ [ [ 127.032228618698383, 37.674599018995487 ], [ 127.032214472237698, 37.676852293123837 ], [ 127.035049450137137, 37.676863503455458 ], [ 127.035063510871851, 37.674610228421507 ], [ 127.032228618698383, 37.674599018995487 ] ] ] } },
{ "type": "Feature", "properties": { "display_grid_id": "11320_00234", "gu_code": 11320, "gu_name": "도봉구", "source_cell_count": 14, "area_m2": 62500.0, "mean_actual_lst": 31.3654, "mean_actual_anomaly": -4.6218, "seoul_anomaly": -7.2133, "pred_anomaly": -4.2347, "pred_anomaly_std": 0.7512, "green_delta_c": -0.537, "building_ratio": 0.0016, "green_ratio": 0.7636, "ndvi": 0.4506, "impervious_ratio": 0.0813, "built_surface_ratio": 0.0813, "avg_ground_floor_count": 0.1174, "elevation_m": 71.9994, "albedo": 0.1205, "nearest_park_distance_m": 185.46, "park_area_within_500m": 62047.8188, "nearest_stream_distance_m": 227.7816, "est_population_density": 1.6, "dong_elderly_ratio": 0.3099, "dong_avg_age": 50.5, "dong_pop_density": 2346.0, "nearest_shelter_distance_m": 451.9224, "shelter_count_within_500m": 1.24, "est_population": 0.1, "est_elderly": 0.1, "shelter_capacity_within_500m": 362.0, "building_form_group": "no_building", "dong_name": "도봉1동", "top1_feature": "built_surface_ratio", "top1_shap": -1.2786, "top2_feature": "impervious_ratio", "top2_shap": -1.1824, "top3_feature": "green_ratio", "top3_shap": -0.8348, "priority_score": 40.9295, "priority_rank": 269 }, "geometry": { "type": "Polygon", "coordinates": [ [ [ 127.035063510871851, 37.674610228421507 ], [ 127.035049450137137, 37.676863503455458 ], [ 127.03788442960321, 37.676874645645498 ], [ 127.037898404611738, 37.674621369711446 ], [ 127.035063510871851, 37.674610228421507 ] ] ] } },
{ "type": "Feature", "properties": { "display_grid_id": "11320_00235", "gu_code": 11320, "gu_name": "도봉구", "source_cell_count": 12, "area_m2": 62500.0, "mean_actual_lst": 31.6457, "mean_actual_anomaly": -3.7025, "seoul_anomaly": -6.294, "pred_anomaly": -3.5353, "pred_anomaly_std": 0.798, "green_delta_c": -1.1698, "building_ratio": 0.0079, "green_ratio": 0.7559, "ndvi": 0.4188, "impervious_ratio": 0.0984, "built_surface_ratio": 0.0984, "avg_ground_floor_count": 0.16, "elevation_m": 55.1382, "albedo": 0.133, "nearest_park_distance_m": 252.7728, "park_area_within_500m": 92948.078, "nearest_stream_distance_m": 299.392, "est_population_density": 0.0, "dong_elderly_ratio": 0.3099, "dong_avg_age": 50.5, "dong_pop_density": 2346.0, "nearest_shelter_distance_m": 311.4216, "shelter_count_within_500m": 5.32, "est_population": 0.0, "est_elderly": 0.0, "shelter_capacity_within_500m": 1843.5, "building_form_group": "no_building", "dong_name": "도봉1동", "top1_feature": "built_surface_ratio", "top1_shap": -1.0244, "top2_feature": "impervious_ratio", "top2_shap": -0.9289, "top3_feature": "green_ratio", "top3_shap": -0.9019, "priority_score": 48.2372, "priority_rank": 223 }, "geometry": { "type": "Polygon", "coordinates": [ [ [ 127.037898404611738, 37.674621369711446 ], [ 127.03788442960321, 37.676874645645498 ], [ 127.040719410626309, 37.676885719693836 ], [ 127.04073329990851, 37.674632442865196 ], [ 127.037898404611738, 37.674621369711446 ] ] ] } },
{ "type": "Feature", "properties": { "display_grid_id": "11320_00236", "gu_code": 11320, "gu_name": "도봉구", "source_cell_count": 10, "area_m2": 62500.0, "mean_actual_lst": 36.818, "mean_actual_anomaly": 1.9992, "seoul_anomaly": -0.5923, "pred_anomaly": 0.0758, "pred_anomaly_std": 0.7999, "green_delta_c": -0.9411, "building_ratio": 0.1683, "green_ratio": 0.5306, "ndvi": 0.3339, "impervious_ratio": 0.2597, "built_surface_ratio": 0.2597, "avg_ground_floor_count": 0.9572, "elevation_m": 42.9086, "albedo": 0.1347, "nearest_park_distance_m": 118.9508, "park_area_within_500m": 148010.4484, "nearest_stream_distance_m": 333.544, "est_population_density": 5937.6, "dong_elderly_ratio": 0.3099, "dong_avg_age": 50.5, "dong_pop_density": 2346.0, "nearest_shelter_distance_m": 179.01, "shelter_count_within_500m": 7.88, "est_population": 371.1, "est_elderly": 115.0, "shelter_capacity_within_500m": 2926.0, "building_form_group": "no_building", "dong_name": "도봉1동", "top1_feature": "green_ratio", "top1_shap": -0.7794, "top2_feature": "ndvi", "top2_shap": -0.3531, "top3_feature": "built_surface_ratio", "top3_shap": -0.0781, "priority_score": 61.5769, "priority_rank": 111 }, "geometry": { "type": "Polygon", "coordinates": [ [ [ 127.04073329990851, 37.674632442865196 ], [ 127.040719410626309, 37.676885719693836 ], [ 127.043554393196899, 37.676896725600344 ], [ 127.043568196752574, 37.674643447882623 ], [ 127.04073329990851, 37.674632442865196 ] ] ] } },
{ "type": "Feature", "properties": { "display_grid_id": "11320_00237", "gu_code": 11320, "gu_name": "도봉구", "source_cell_count": 11, "area_m2": 62500.0, "mean_actual_lst": 41.1414, "mean_actual_anomaly": 6.1252, "seoul_anomaly": 3.5337, "pred_anomaly": 4.6606, "pred_anomaly_std": 0.7936, "green_delta_c": -0.5066, "building_ratio": 0.3202, "green_ratio": 0.1901, "ndvi": 0.1201, "impervious_ratio": 0.5831, "built_surface_ratio": 0.5831, "avg_ground_floor_count": 3.8208, "elevation_m": 33.7446, "albedo": 0.1122, "nearest_park_distance_m": 15.1988, "park_area_within_500m": 194442.518, "nearest_stream_distance_m": 361.5848, "est_population_density": 28792.8, "dong_elderly_ratio": 0.2961, "dong_avg_age": 49.38, "dong_pop_density": 13787.976, "nearest_shelter_distance_m": 117.4916, "shelter_count_within_500m": 10.04, "est_population": 1799.5, "est_elderly": 527.0, "shelter_capacity_within_500m": 3241.0, "building_form_group": "low_floor_low_density", "dong_name": "도봉2동", "top1_feature": "built_surface_ratio", "top1_shap": 0.8045, "top2_feature": "impervious_ratio", "top2_shap": 0.6955, "top3_feature": "building_ratio", "top3_shap": 0.3902, "priority_score": 71.9231, "priority_rank": 35 }, "geometry": { "type": "Polygon", "coordinates": [ [ [ 127.043568196752574, 37.674643447882623 ], [ 127.043554393196899, 37.676896725600344 ], [ 127.046389377305474, 37.676907663364936 ], [ 127.046403095134423, 37.674654384763627 ], [ 127.043568196752574, 37.674643447882623 ] ] ] } },
{ "type": "Feature", "properties": { "display_grid_id": "11320_00238", "gu_code": 11320, "gu_name": "도봉구", "source_cell_count": 12, "area_m2": 59005.56, "mean_actual_lst": 40.007, "mean_actual_anomaly": 4.9335, "seoul_anomaly": 2.342, "pred_anomaly": 3.0846, "pred_anomaly_std": 0.8685, "green_delta_c": -0.5359, "building_ratio": 0.2847, "green_ratio": 0.2483, "ndvi": 0.1747, "impervious_ratio": 0.5024, "built_surface_ratio": 0.5024, "avg_ground_floor_count": 5.5051, "elevation_m": 32.8193, "albedo": 0.107, "nearest_park_distance_m": 2.433, "park_area_within_500m": 206784.737, "nearest_stream_distance_m": 164.657, "est_population_density": 38290.0718, "dong_elderly_ratio": 0.2852, "dong_avg_age": 48.5, "dong_pop_density": 22778.1, "nearest_shelter_distance_m": 176.2081, "shelter_count_within_500m": 12.7132, "est_population": 2259.3, "est_elderly": 644.4, "shelter_capacity_within_500m": 2693.7, "building_form_group": "high_floor_high_density", "dong_name": "도봉2동", "top1_feature": "built_surface_ratio", "top1_shap": 0.622, "top2_feature": "impervious_ratio", "top2_shap": 0.6199, "top3_feature": "green_ratio", "top3_shap": 0.1241, "priority_score": 70.4551, "priority_rank": 48 }, "geometry": { "type": "Polygon", "coordinates": [ [ [ 127.046403095134423, 37.674654384763627 ], [ 127.046389377305474, 37.676907663364936 ], [ 127.049224362942397, 37.676918532987479 ], [ 127.0492308826271, 37.675840911708207 ], [ 127.04886328, 37.67518252 ], [ 127.04884963, 37.67515155 ], [ 127.048736930000018, 37.67479516 ], [ 127.048740503055726, 37.674663351099596 ], [ 127.046403095134423, 37.674654384763627 ] ] ] } },
{ "type": "Feature", "properties": { "display_grid_id": "11320_00239", "gu_code": 11320, "gu_name": "도봉구", "source_cell_count": 2, "area_m2": 3170.12, "mean_actual_lst": 40.0394, "mean_actual_anomaly": 4.8658, "seoul_anomaly": 2.2743, "pred_anomaly": 1.9525, "pred_anomaly_std": 0.9802, "green_delta_c": -0.7926, "building_ratio": 0.2511, "green_ratio": 0.3524, "ndvi": 0.2234, "impervious_ratio": 0.4068, "built_surface_ratio": 0.4068, "avg_ground_floor_count": 3.636, "elevation_m": 31.7105, "albedo": 0.1295, "nearest_park_distance_m": 6.4211, "park_area_within_500m": 236541.5942, "nearest_stream_distance_m": 68.2306, "est_population_density": 17514.1151, "dong_elderly_ratio": 0.2852, "dong_avg_age": 48.5, "dong_pop_density": 22778.1, "nearest_shelter_distance_m": 85.6998, "shelter_count_within_500m": 13.3431, "est_population": 55.5, "est_elderly": 15.8, "shelter_capacity_within_500m": 116.5, "building_form_group": "low_floor_low_density", "dong_name": "도봉2동", "top1_feature": "built_surface_ratio", "top1_shap": 0.5894, "top2_feature": "impervious_ratio", "top2_shap": 0.5776, "top3_feature": "green_ratio", "top3_shap": -0.4619, "priority_score": 59.141, "priority_rank": 136 }, "geometry": { "type": "Polygon", "coordinates": [ [ [ 127.049224362942397, 37.676918532987479 ], [ 127.049790261868722, 37.67692069454209 ], [ 127.049725239999987, 37.676731 ], [ 127.04972063, 37.67671805 ], [ 127.0492308826271, 37.675840911708207 ], [ 127.049224362942397, 37.676918532987479 ] ] ] } },
{ "type": "Feature", "properties": { "display_grid_id": "11320_00240", "gu_code": 11320, "gu_name": "도봉구", "source_cell_count": 4, "area_m2": 233.53, "mean_actual_lst": 28.4266, "mean_actual_anomaly": -6.5694, "seoul_anomaly": -9.1609, "pred_anomaly": -6.2827, "pred_anomaly_std": 0.5466, "green_delta_c": -0.2308, "building_ratio": 0.0, "green_ratio": 0.8026, "ndvi": 0.5541, "impervious_ratio": 0.0651, "built_surface_ratio": 0.0651, "avg_ground_floor_count": 0.0, "elevation_m": 310.237, "albedo": 0.1293, "nearest_park_distance_m": 1925.08, "park_area_within_500m": 0.0, "nearest_stream_distance_m": 877.66, "est_population_density": 0.0, "dong_elderly_ratio": 0.3099, "dong_avg_age": 50.5, "dong_pop_density": 2346.0, "nearest_shelter_distance_m": 1898.78, "shelter_count_within_500m": 0.0, "est_population": 0.0, "est_elderly": 0.0, "shelter_capacity_within_500m": 0.0, "building_form_group": "no_building", "dong_name": "도봉1동", "top1_feature": "built_surface_ratio", "top1_shap": -1.3773, "top2_feature": "impervious_ratio", "top2_shap": -1.19, "top3_feature": "elevation_m", "top3_shap": -0.9815, "priority_score": 25.891, "priority_rank": 365 }, "geometry": { "type": "Polygon", "coordinates": [ [ [ 127.012354923428333, 37.679025179614889 ], [ 127.012356714266218, 37.678751584010612 ], [ 127.012180441140217, 37.679024458038583 ], [ 127.012354923428333, 37.679025179614889 ] ] ] } },
{ "type": "Feature", "properties": { "display_grid_id": "11320_00241", "gu_code": 11320, "gu_name": "도봉구", "source_cell_count": 11, "area_m2": 46627.9, "mean_actual_lst": 28.9122, "mean_actual_anomaly": -6.2408, "seoul_anomaly": -8.8323, "pred_anomaly": -6.0423, "pred_anomaly_std": 0.5412, "green_delta_c": -0.2973, "building_ratio": 0.0, "green_ratio": 0.7761, "ndvi": 0.4764, "impervious_ratio": 0.0729, "built_surface_ratio": 0.0729, "avg_ground_floor_count": 0.0, "elevation_m": 257.9476, "albedo": 0.1315, "nearest_park_distance_m": 1734.3973, "park_area_within_500m": 0.0, "nearest_stream_distance_m": 685.6581, "est_population_density": 0.0, "dong_elderly_ratio": 0.3099, "dong_avg_age": 50.5, "dong_pop_density": 2346.0, "nearest_shelter_distance_m": 1765.9652, "shelter_count_within_500m": 0.0, "est_population": 0.0, "est_elderly": 0.0, "shelter_capacity_within_500m": 0.0, "building_form_group": "no_building", "dong_name": "도봉1동", "top1_feature": "built_surface_ratio", "top1_shap": -1.2625, "top2_feature": "impervious_ratio", "top2_shap": -0.8775, "top3_feature": "green_ratio", "top3_shap": -0.7523, "priority_score": 28.7884, "priority_rank": 335 }, "geometry": { "type": "Polygon", "coordinates": [ [ [ 127.012354923428333, 37.679025179614889 ], [ 127.015189975828363, 37.679036867878516 ], [ 127.015204638274426, 37.676783600167298 ], [ 127.013667082831091, 37.676777269960432 ], [ 127.013476240000017, 37.67718566 ], [ 127.01331073999998, 37.67782959 ], [ 127.01328135, 37.67787971 ], [ 127.01278123, 37.67839979 ], [ 127.01238806, 37.67870306 ], [ 127.012356714266218, 37.678751584010612 ], [ 127.012354923428333, 37.679025179614889 ] ] ] } },
{ "type": "Feature", "properties": { "display_grid_id": "11320_00242", "gu_code": 11320, "gu_name": "도봉구", "source_cell_count": 11, "area_m2": 62500.0, "mean_actual_lst": 29.1147, "mean_actual_anomaly": -6.0265, "seoul_anomaly": -8.618, "pred_anomaly": -5.8431, "pred_anomaly_std": 0.5631, "green_delta_c": -0.3481, "building_ratio": 0.0, "green_ratio": 0.7927, "ndvi": 0.4811, "impervious_ratio": 0.0637, "built_surface_ratio": 0.0637, "avg_ground_floor_count": 0.0, "elevation_m": 205.7211, "albedo": 0.1382, "nearest_park_distance_m": 1530.7344, "park_area_within_500m": 0.0, "nearest_stream_distance_m": 524.6324, "est_population_density": 0.0, "dong_elderly_ratio": 0.3099, "dong_avg_age": 50.5, "dong_pop_density": 2346.0, "nearest_shelter_distance_m": 1600.3492, "shelter_count_within_500m": 0.0, "est_population": 0.0, "est_elderly": 0.0, "shelter_capacity_within_500m": 0.0, "building_form_group": "no_building", "dong_name": "도봉1동", "top1_feature": "built_surface_ratio", "top1_shap": -1.3513, "top2_feature": "impervious_ratio", "top2_shap": -1.1575, "top3_feature": "green_ratio", "top3_shap": -0.8908, "priority_score": 29.6987, "priority_rank": 327 }, "geometry": { "type": "Polygon", "coordinates": [ [ [ 127.015204638274426, 37.676783600167298 ], [ 127.015189975828363, 37.679036867878516 ], [ 127.018025029862059, 37.679048487995885 ], [ 127.018039606573709, 37.676795219345983 ], [ 127.015204638274426, 37.676783600167298 ] ] ] } },
{ "type": "Feature", "properties": { "display_grid_id": "11320_00243", "gu_code": 11320, "gu_name": "도봉구", "source_cell_count": 12, "area_m2": 62500.0, "mean_actual_lst": 29.4037, "mean_actual_anomaly": -5.7221, "seoul_anomaly": -8.3137, "pred_anomaly": -5.309, "pred_anomaly_std": 0.7781, "green_delta_c": -0.6031, "building_ratio": 0.0, "green_ratio": 0.7935, "ndvi": 0.5044, "impervious_ratio": 0.0661, "built_surface_ratio": 0.0661, "avg_ground_floor_count": 0.0, "elevation_m": 170.0639, "albedo": 0.1447, "nearest_park_distance_m": 1280.5032, "park_area_within_500m": 0.0, "nearest_stream_distance_m": 391.802, "est_population_density": 0.0, "dong_elderly_ratio": 0.3099, "dong_avg_age": 50.5, "dong_pop_density": 2346.0, "nearest_shelter_distance_m": 1384.0696, "shelter_count_within_500m": 0.0, "est_population": 0.0, "est_elderly": 0.0, "shelter_capacity_within_500m": 0.0, "building_form_group": "no_building", "dong_name": "도봉1동", "top1_feature": "built_surface_ratio", "top1_shap": -1.2971, "top2_feature": "impervious_ratio", "top2_shap": -1.1087, "top3_feature": "green_ratio", "top3_shap": -0.8843, "priority_score": 36.2051, "priority_rank": 288 }, "geometry": { "type": "Polygon", "coordinates": [ [ [ 127.018039606573709, 37.676795219345983 ], [ 127.018025029862059, 37.679048487995885 ], [ 127.020860085519828, 37.679060039966856 ], [ 127.020874576496894, 37.676806770383784 ], [ 127.018039606573709, 37.676795219345983 ] ] ] } },
{ "type": "Feature", "properties": { "display_grid_id": "11320_00244", "gu_code": 11320, "gu_name": "도봉구", "source_cell_count": 11, "area_m2": 62500.0, "mean_actual_lst": 29.6974, "mean_actual_anomaly": -5.4285, "seoul_anomaly": -8.02, "pred_anomaly": -4.7018, "pred_anomaly_std": 0.6969, "green_delta_c": -0.9484, "building_ratio": 0.002, "green_ratio": 0.7939, "ndvi": 0.5279, "impervious_ratio": 0.0612, "built_surface_ratio": 0.0612, "avg_ground_floor_count": 0.08, "elevation_m": 134.068, "albedo": 0.1446, "nearest_park_distance_m": 1045.8016, "park_area_within_500m": 0.0, "nearest_stream_distance_m": 327.5476, "est_population_density": 0.0, "dong_elderly_ratio": 0.3099, "dong_avg_age": 50.5, "dong_pop_density": 2346.0, "nearest_shelter_distance_m": 1198.96, "shelter_count_within_500m": 0.0, "est_population": 0.0, "est_elderly": 0.0, "shelter_capacity_within_500m": 0.0, "building_form_group": "no_building", "dong_name": "도봉1동", "top1_feature": "built_surface_ratio", "top1_shap": -1.328, "top2_feature": "impervious_ratio", "top2_shap": -1.1486, "top3_feature": "green_ratio", "top3_shap": -0.8973, "priority_score": 44.6859, "priority_rank": 248 }, "geometry": { "type": "Polygon", "coordinates": [ [ [ 127.020874576496894, 37.676806770383784 ], [ 127.020860085519828, 37.679060039966856 ], [ 127.023695142792135, 37.679071523791343 ], [ 127.023709548034446, 37.676818253280594 ], [ 127.020874576496894, 37.676806770383784 ] ] ] } },
{ "type": "Feature", "properties": { "display_grid_id": "11320_00245", "gu_code": 11320, "gu_name": "도봉구", "source_cell_count": 12, "area_m2": 62500.0, "mean_actual_lst": 30.5323, "mean_actual_anomaly": -5.0024, "seoul_anomaly": -7.5939, "pred_anomaly": -4.4847, "pred_anomaly_std": 0.5826, "green_delta_c": -1.0624, "building_ratio": 0.0009, "green_ratio": 0.8028, "ndvi": 0.483, "impervious_ratio": 0.055, "built_surface_ratio": 0.055, "avg_ground_floor_count": 0.08, "elevation_m": 106.0347, "albedo": 0.1439, "nearest_park_distance_m": 787.4888, "park_area_within_500m": 0.0, "nearest_stream_distance_m": 273.8572, "est_population_density": 0.0, "dong_elderly_ratio": 0.3099, "dong_avg_age": 50.5, "dong_pop_density": 2346.0, "nearest_shelter_distance_m": 1024.5412, "shelter_count_within_500m": 0.0, "est_population": 0.0, "est_elderly": 0.0, "shelter_capacity_within_500m": 0.0, "building_form_group": "no_building", "dong_name": "도봉1동", "top1_feature": "built_surface_ratio", "top1_shap": -1.4171, "top2_feature": "impervious_ratio", "top2_shap": -1.2354, "top3_feature": "green_ratio", "top3_shap": -0.8412, "priority_score": 45.5962, "priority_rank": 241 }, "geometry": { "type": "Polygon", "coordinates": [ [ [ 127.023709548034446, 37.676818253280594 ], [ 127.023695142792135, 37.679071523791343 ], [ 127.026530201669459, 37.679082939469204 ], [ 127.026544521176788, 37.676829668036277 ], [ 127.023709548034446, 37.676818253280594 ] ] ] } },
{ "type": "Feature", "properties": { "display_grid_id": "11320_00246", "gu_code": 11320, "gu_name": "도봉구", "source_cell_count": 15, "area_m2": 62500.0, "mean_actual_lst": 32.0765, "mean_actual_anomaly": -3.7908, "seoul_anomaly": -6.3823, "pred_anomaly": -2.9848, "pred_anomaly_std": 0.7874, "green_delta_c": -1.2793, "building_ratio": 0.0046, "green_ratio": 0.7199, "ndvi": 0.3928, "impervious_ratio": 0.1156, "built_surface_ratio": 0.1156, "avg_ground_floor_count": 0.24, "elevation_m": 77.1479, "albedo": 0.1386, "nearest_park_distance_m": 550.0, "park_area_within_500m": 213.9936, "nearest_stream_distance_m": 152.3612, "est_population_density": 0.0, "dong_elderly_ratio": 0.3099, "dong_avg_age": 50.5, "dong_pop_density": 2346.0, "nearest_shelter_distance_m": 900.8276, "shelter_count_within_500m": 0.0, "est_population": 0.0, "est_elderly": 0.0, "shelter_capacity_within_500m": 0.0, "building_form_group": "no_building", "dong_name": "도봉1동", "top1_feature": "green_ratio", "top1_shap": -0.9126, "top2_feature": "built_surface_ratio", "top2_shap": -0.7518, "top3_feature": "impervious_ratio", "top3_shap": -0.5326, "priority_score": 51.0705, "priority_rank": 204 }, "geometry": { "type": "Polygon", "coordinates": [ [ [ 127.026544521176788, 37.676829668036277 ], [ 127.026530201669459, 37.679082939469204 ], [ 127.029365262142221, 37.679094287000318 ], [ 127.029379495914398, 37.676841014650734 ], [ 127.026544521176788, 37.676829668036277 ] ] ] } },
{ "type": "Feature", "properties": { "display_grid_id": "11320_00247", "gu_code": 11320, "gu_name": "도봉구", "source_cell_count": 12, "area_m2": 62500.0, "mean_actual_lst": 32.4513, "mean_actual_anomaly": -3.4018, "seoul_anomaly": -5.9933, "pred_anomaly": -2.4825, "pred_anomaly_std": 0.7599, "green_delta_c": -0.6937, "building_ratio": 0.0223, "green_ratio": 0.6742, "ndvi": 0.4249, "impervious_ratio": 0.1708, "built_surface_ratio": 0.1708, "avg_ground_floor_count": 1.0702, "elevation_m": 65.5005, "albedo": 0.1346, "nearest_park_distance_m": 297.7484, "park_area_within_500m": 19823.4072, "nearest_stream_distance_m": 92.2708, "est_population_density": 0.0, "dong_elderly_ratio": 0.3099, "dong_avg_age": 50.5, "dong_pop_density": 2346.0, "nearest_shelter_distance_m": 820.8856, "shelter_count_within_500m": 0.0, "est_population": 0.0, "est_elderly": 0.0, "shelter_capacity_within_500m": 0.0, "building_form_group": "low_floor_low_density", "dong_name": "도봉1동", "top1_feature": "green_ratio", "top1_shap": -1.228, "top2_feature": "ndvi", "top2_shap": -0.7217, "top3_feature": "built_surface_ratio", "top3_shap": -0.4062, "priority_score": 44.1346, "priority_rank": 251 }, "geometry": { "type": "Polygon", "coordinates": [ [ [ 127.029379495914398, 37.676841014650734 ], [ 127.029365262142221, 37.679094287000318 ], [ 127.032200324200872, 37.679105566384578 ], [ 127.032214472237698, 37.676852293123837 ], [ 127.029379495914398, 37.676841014650734 ] ] ] } },
{ "type": "Feature", "properties": { "display_grid_id": "11320_00248", "gu_code": 11320, "gu_name": "도봉구", "source_cell_count": 13, "area_m2": 62500.0, "mean_actual_lst": 34.997, "mean_actual_anomaly": -1.0563, "seoul_anomaly": -3.6478, "pred_anomaly": -0.8059, "pred_anomaly_std": 0.7402, "green_delta_c": -0.4575, "building_ratio": 0.0167, "green_ratio": 0.5262, "ndvi": 0.3993, "impervious_ratio": 0.3192, "built_surface_ratio": 0.3192, "avg_ground_floor_count": 1.0699, "elevation_m": 56.4744, "albedo": 0.1391, "nearest_park_distance_m": 96.7292, "park_area_within_500m": 53569.38, "nearest_stream_distance_m": 99.2636, "est_population_density": 23.2, "dong_elderly_ratio": 0.3099, "dong_avg_age": 50.5, "dong_pop_density": 2346.0, "nearest_shelter_distance_m": 704.8768, "shelter_count_within_500m": 0.0, "est_population": 1.5, "est_elderly": 0.5, "shelter_capacity_within_500m": 0.0, "building_form_group": "no_building", "dong_name": "도봉1동", "top1_feature": "green_ratio", "top1_shap": -0.9535, "top2_feature": "ndvi", "top2_shap": -0.6782, "top3_feature": "impervious_ratio", "top3_shap": 0.4555, "priority_score": 45.9167, "priority_rank": 237 }, "geometry": { "type": "Polygon", "coordinates": [ [ [ 127.032214472237698, 37.676852293123837 ], [ 127.032200324200872, 37.679105566384578 ], [ 127.035035387835848, 37.679116777621857 ], [ 127.035049450137137, 37.676863503455458 ], [ 127.032214472237698, 37.676852293123837 ] ] ] } },
{ "type": "Feature", "properties": { "display_grid_id": "11320_00249", "gu_code": 11320, "gu_name": "도봉구", "source_cell_count": 14, "area_m2": 62500.0, "mean_actual_lst": 37.2821, "mean_actual_anomaly": 1.4931, "seoul_anomaly": -1.0984, "pred_anomaly": 1.7481, "pred_anomaly_std": 0.785, "green_delta_c": -0.5713, "building_ratio": 0.0848, "green_ratio": 0.3098, "ndvi": 0.3135, "impervious_ratio": 0.5544, "built_surface_ratio": 0.5544, "avg_ground_floor_count": 1.2023, "elevation_m": 46.8834, "albedo": 0.1372, "nearest_park_distance_m": 28.4488, "park_area_within_500m": 80167.8548, "nearest_stream_distance_m": 60.4752, "est_population_density": 2558.4, "dong_elderly_ratio": 0.3099, "dong_avg_age": 50.5, "dong_pop_density": 2346.0, "nearest_shelter_distance_m": 477.66, "shelter_count_within_500m": 1.4, "est_population": 159.9, "est_elderly": 49.5, "shelter_capacity_within_500m": 383.5, "building_form_group": "low_floor_low_density", "dong_name": "도봉1동", "top1_feature": "built_surface_ratio", "top1_shap": 0.7362, "top2_feature": "impervious_ratio", "top2_shap": 0.6923, "top3_feature": "green_ratio", "top3_shap": 0.0273, "priority_score": 55.6539, "priority_rank": 163 }, "geometry": { "type": "Polygon", "coordinates": [ [ [ 127.035049450137137, 37.676863503455458 ], [ 127.035035387835848, 37.679116777621857 ], [ 127.037870453037613, 37.679127920712048 ], [ 127.03788442960321, 37.676874645645498 ], [ 127.035049450137137, 37.676863503455458 ] ] ] } },
{ "type": "Feature", "properties": { "display_grid_id": "11320_00250", "gu_code": 11320, "gu_name": "도봉구", "source_cell_count": 11, "area_m2": 62500.0, "mean_actual_lst": 35.6105, "mean_actual_anomaly": 0.4413, "seoul_anomaly": -2.1503, "pred_anomaly": 0.4393, "pred_anomaly_std": 0.7915, "green_delta_c": -0.9023, "building_ratio": 0.0614, "green_ratio": 0.4543, "ndvi": 0.2983, "impervious_ratio": 0.3913, "built_surface_ratio": 0.3913, "avg_ground_floor_count": 1.214, "elevation_m": 48.7916, "albedo": 0.1279, "nearest_park_distance_m": 49.1632, "park_area_within_500m": 104873.0964, "nearest_stream_distance_m": 75.3832, "est_population_density": 1758.4, "dong_elderly_ratio": 0.3099, "dong_avg_age": 50.5, "dong_pop_density": 2346.0, "nearest_shelter_distance_m": 255.5528, "shelter_count_within_500m": 4.84, "est_population": 109.9, "est_elderly": 34.2, "shelter_capacity_within_500m": 2065.0, "building_form_group": "low_floor_low_density", "dong_name": "도봉1동", "top1_feature": "green_ratio", "top1_shap": -0.318, "top2_feature": "impervious_ratio", "top2_shap": 0.3338, "top3_feature": "built_surface_ratio", "top3_shap": 0.2036, "priority_score": 59.3718, "priority_rank": 131 }, "geometry": { "type": "Polygon", "coordinates": [ [ [ 127.03788442960321, 37.676874645645498 ], [ 127.037870453037613, 37.679127920712048 ], [ 127.040705519796603, 37.67913899565503 ], [ 127.040719410626309, 37.676885719693836 ], [ 127.03788442960321, 37.676874645645498 ] ] ] } },
{ "type": "Feature", "properties": { "display_grid_id": "11320_00251", "gu_code": 11320, "gu_name": "도봉구", "source_cell_count": 12, "area_m2": 62500.0, "mean_actual_lst": 38.8985, "mean_actual_anomaly": 4.0403, "seoul_anomaly": 1.4487, "pred_anomaly": 2.934, "pred_anomaly_std": 0.7962, "green_delta_c": -0.7324, "building_ratio": 0.2543, "green_ratio": 0.3085, "ndvi": 0.2044, "impervious_ratio": 0.5102, "built_surface_ratio": 0.5102, "avg_ground_floor_count": 2.618, "elevation_m": 42.4458, "albedo": 0.1141, "nearest_park_distance_m": 81.5428, "park_area_within_500m": 172149.8108, "nearest_stream_distance_m": 111.5528, "est_population_density": 16519.2, "dong_elderly_ratio": 0.3099, "dong_avg_age": 50.5, "dong_pop_density": 2346.0, "nearest_shelter_distance_m": 75.3932, "shelter_count_within_500m": 8.04, "est_population": 1032.4, "est_elderly": 320.0, "shelter_capacity_within_500m": 3184.0, "building_form_group": "low_floor_high_density", "dong_name": "도봉1동", "top1_feature": "built_surface_ratio", "top1_shap": 0.5821, "top2_feature": "impervious_ratio", "top2_shap": 0.5279, "top3_feature": "green_ratio", "top3_shap": -0.1178, "priority_score": 61.9744, "priority_rank": 105 }, "geometry": { "type": "Polygon", "coordinates": [ [ [ 127.040719410626309, 37.676885719693836 ], [ 127.040705519796603, 37.67913899565503 ], [ 127.043540588103298, 37.67915000245069 ], [ 127.043554393196899, 37.676896725600344 ], [ 127.040719410626309, 37.676885719693836 ] ] ] } },
{ "type": "Feature", "properties": { "display_grid_id": "11320_00252", "gu_code": 11320, "gu_name": "도봉구", "source_cell_count": 12, "area_m2": 62500.0, "mean_actual_lst": 40.5395, "mean_actual_anomaly": 5.5234, "seoul_anomaly": 2.9319, "pred_anomaly": 3.6612, "pred_anomaly_std": 0.8166, "green_delta_c": -0.6348, "building_ratio": 0.2197, "green_ratio": 0.2154, "ndvi": 0.1484, "impervious_ratio": 0.5704, "built_surface_ratio": 0.5704, "avg_ground_floor_count": 5.9005, "elevation_m": 37.8749, "albedo": 0.1124, "nearest_park_distance_m": 17.4532, "park_area_within_500m": 217608.0244, "nearest_stream_distance_m": 240.9264, "est_population_density": 26724.8, "dong_elderly_ratio": 0.3, "dong_avg_age": 49.7, "dong_pop_density": 10518.84, "nearest_shelter_distance_m": 133.158, "shelter_count_within_500m": 11.48, "est_population": 1670.3, "est_elderly": 503.0, "shelter_capacity_within_500m": 3659.0, "building_form_group": "high_floor_low_density", "dong_name": "도봉1동", "top1_feature": "built_surface_ratio", "top1_shap": 0.7429, "top2_feature": "impervious_ratio", "top2_shap": 0.7068, "top3_feature": "ndvi", "top3_shap": 0.2187, "priority_score": 73.5385, "priority_rank": 24 }, "geometry": { "type": "Polygon", "coordinates": [ [ [ 127.043554393196899, 37.676896725600344 ], [ 127.043540588103298, 37.67915000245069 ], [ 127.046375657948118, 37.679160941098914 ], [ 127.046389377305474, 37.676907663364936 ], [ 127.043554393196899, 37.676896725600344 ] ] ] } },
{ "type": "Feature", "properties": { "display_grid_id": "11320_00253", "gu_code": 11320, "gu_name": "도봉구", "source_cell_count": 10, "area_m2": 62500.0, "mean_actual_lst": 40.6952, "mean_actual_anomaly": 5.5762, "seoul_anomaly": 2.9847, "pred_anomaly": 1.4942, "pred_anomaly_std": 0.8643, "green_delta_c": -0.6853, "building_ratio": 0.0952, "green_ratio": 0.3821, "ndvi": 0.2705, "impervious_ratio": 0.3934, "built_surface_ratio": 0.3934, "avg_ground_floor_count": 5.9385, "elevation_m": 35.853, "albedo": 0.1401, "nearest_park_distance_m": 0.0912, "park_area_within_500m": 232298.7292, "nearest_stream_distance_m": 187.2952, "est_population_density": 11998.804, "dong_elderly_ratio": 0.2852, "dong_avg_age": 48.5, "dong_pop_density": 22778.1, "nearest_shelter_distance_m": 147.9368, "shelter_count_within_500m": 14.04, "est_population": 749.9, "est_elderly": 213.9, "shelter_capacity_within_500m": 3431.2, "building_form_group": "high_floor_low_density", "dong_name": "도봉2동", "top1_feature": "impervious_ratio", "top1_shap": 0.5122, "top2_feature": "built_surface_ratio", "top2_shap": 0.5095, "top3_feature": "green_ratio", "top3_shap": -0.3248, "priority_score": 66.7821, "priority_rank": 71 }, "geometry": { "type": "Polygon", "coordinates": [ [ [ 127.046389377305474, 37.676907663364936 ], [ 127.046375657948118, 37.679160941098914 ], [ 127.049210729321516, 37.679171811599574 ], [ 127.049224362942397, 37.676918532987479 ], [ 127.046389377305474, 37.676907663364936 ] ] ] } },
{ "type": "Feature", "properties": { "display_grid_id": "11320_00254", "gu_code": 11320, "gu_name": "도봉구", "source_cell_count": 6, "area_m2": 19068.66, "mean_actual_lst": 40.1138, "mean_actual_anomaly": 4.9755, "seoul_anomaly": 2.3839, "pred_anomaly": 1.8363, "pred_anomaly_std": 0.8952, "green_delta_c": -0.8123, "building_ratio": 0.1621, "green_ratio": 0.3395, "ndvi": 0.2465, "impervious_ratio": 0.4449, "built_surface_ratio": 0.4449, "avg_ground_floor_count": 5.5785, "elevation_m": 35.1635, "albedo": 0.1296, "nearest_park_distance_m": 8.4215, "park_area_within_500m": 279525.3181, "nearest_stream_distance_m": 83.3734, "est_population_density": 11187.2107, "dong_elderly_ratio": 0.2841, "dong_avg_age": 48.4515, "dong_pop_density": 22491.2672, "nearest_shelter_distance_m": 63.0411, "shelter_count_within_500m": 13.6549, "est_population": 213.3, "est_elderly": 60.9, "shelter_capacity_within_500m": 1211.7, "building_form_group": "high_floor_low_density", "dong_name": "도봉2동", "top1_feature": "built_surface_ratio", "top1_shap": 0.627, "top2_feature": "impervious_ratio", "top2_shap": 0.6129, "top3_feature": "green_ratio", "top3_shap": -0.18, "priority_score": 60.8333, "priority_rank": 118 }, "geometry": { "type": "Polygon", "coordinates": [ [ [ 127.049224362942397, 37.676918532987479 ], [ 127.049210729321516, 37.679171811599574 ], [ 127.050401776173061, 37.679176358094487 ], [ 127.050399179999985, 37.67917066 ], [ 127.050263789999988, 37.67878555 ], [ 127.050126080000013, 37.67839481 ], [ 127.04995895, 37.67741282 ], [ 127.049790261868722, 37.67692069454209 ], [ 127.049224362942397, 37.676918532987479 ] ] ] } },
{ "type": "Feature", "properties": { "display_grid_id": "11320_00255", "gu_code": 11320, "gu_name": "도봉구", "source_cell_count": 5, "area_m2": 7377.56, "mean_actual_lst": 28.3441, "mean_actual_anomaly": -6.7743, "seoul_anomaly": -9.3658, "pred_anomaly": -6.3465, "pred_anomaly_std": 0.647, "green_delta_c": -0.5119, "building_ratio": 0.0, "green_ratio": 0.7537, "ndvi": 0.4756, "impervious_ratio": 0.0896, "built_surface_ratio": 0.0896, "avg_ground_floor_count": 0.0, "elevation_m": 407.7786, "albedo": 0.1481, "nearest_park_distance_m": 2189.1368, "park_area_within_500m": 0.0, "nearest_stream_distance_m": 1183.7554, "est_population_density": 0.0, "dong_elderly_ratio": 0.3099, "dong_avg_age": 50.5, "dong_pop_density": 2346.0, "nearest_shelter_distance_m": 2114.6024, "shelter_count_within_500m": 0.0, "est_population": 0.0, "est_elderly": 0.0, "shelter_capacity_within_500m": 0.0, "building_form_group": "no_building", "dong_name": "도봉1동", "top1_feature": "elevation_m", "top1_shap": -1.2648, "top2_feature": "built_surface_ratio", "top2_shap": -1.0909, "top3_feature": "green_ratio", "top3_shap": -0.8612, "priority_score": 32.75, "priority_rank": 302 }, "geometry": { "type": "Polygon", "coordinates": [ [ [ 127.009505037104489, 37.681266688154395 ], [ 127.009516321672351, 37.67955278123145 ], [ 127.009416550000012, 37.67957189 ], [ 127.00938342, 37.67959103 ], [ 127.00889995999998, 37.68059452 ], [ 127.008986239487314, 37.681264529314568 ], [ 127.009505037104489, 37.681266688154395 ] ] ] } },
{ "type": "Feature", "properties": { "display_grid_id": "11320_00256", "gu_code": 11320, "gu_name": "도봉구", "source_cell_count": 12, "area_m2": 55074.7, "mean_actual_lst": 28.3828, "mean_actual_anomaly": -6.7037, "seoul_anomaly": -9.2952, "pred_anomaly": -6.3738, "pred_anomaly_std": 0.5696, "green_delta_c": -0.3161, "building_ratio": 0.0, "green_ratio": 0.7727, "ndvi": 0.4966, "impervious_ratio": 0.0756, "built_surface_ratio": 0.0756, "avg_ground_floor_count": 0.0, "elevation_m": 351.7063, "albedo": 0.1373, "nearest_park_distance_m": 2062.5503, "park_area_within_500m": 0.0, "nearest_stream_distance_m": 1067.7113, "est_population_density": 0.0, "dong_elderly_ratio": 0.3099, "dong_avg_age": 50.5, "dong_pop_density": 2346.0, "nearest_shelter_distance_m": 2065.204, "shelter_count_within_500m": 0.0, "est_population": 0.0, "est_elderly": 0.0, "shelter_capacity_within_500m": 0.0, "building_form_group": "no_building", "dong_name": "도봉1동", "top1_feature": "built_surface_ratio", "top1_shap": -1.2358, "top2_feature": "elevation_m", "top2_shap": -1.1214, "top3_feature": "impervious_ratio", "top3_shap": -0.7455, "priority_score": 28.0641, "priority_rank": 342 }, "geometry": { "type": "Polygon", "coordinates": [ [ [ 127.009505037104489, 37.681266688154395 ], [ 127.012340173604883, 37.681278445513911 ], [ 127.012354923428333, 37.679025179614889 ], [ 127.012180441140217, 37.679024458038583 ], [ 127.01213305, 37.67909782 ], [ 127.01142368, 37.67918825 ], [ 127.01128270000001, 37.67921446 ], [ 127.009516321672351, 37.67955278123145 ], [ 127.009505037104489, 37.681266688154395 ] ] ] } },
{ "type": "Feature", "properties": { "display_grid_id": "11320_00257", "gu_code": 11320, "gu_name": "도봉구", "source_cell_count": 15, "area_m2": 62500.0, "mean_actual_lst": 28.5809, "mean_actual_anomaly": -6.587, "seoul_anomaly": -9.1785, "pred_anomaly": -6.1799, "pred_anomaly_std": 0.5679, "green_delta_c": -0.1967, "building_ratio": 0.0, "green_ratio": 0.7764, "ndvi": 0.4773, "impervious_ratio": 0.0754, "built_surface_ratio": 0.0754, "avg_ground_floor_count": 0.0, "elevation_m": 272.7759, "albedo": 0.1365, "nearest_park_distance_m": 1811.3044, "park_area_within_500m": 0.0, "nearest_stream_distance_m": 876.3584, "est_population_density": 0.0, "dong_elderly_ratio": 0.3099, "dong_avg_age": 50.5, "dong_pop_density": 2346.0, "nearest_shelter_distance_m": 1940.7588, "shelter_count_within_500m": 0.0, "est_population": 0.0, "est_elderly": 0.0, "shelter_capacity_within_500m": 0.0, "building_form_group": "no_building", "dong_name": "도봉1동", "top1_feature": "built_surface_ratio", "top1_shap": -1.2404, "top2_feature": "impervious_ratio", "top2_shap": -0.704, "top3_feature": "green_ratio", "top3_shap": -0.6752, "priority_score": 26.25, "priority_rank": 361 }, "geometry": { "type": "Polygon", "coordinates": [ [ [ 127.012354923428333, 37.679025179614889 ], [ 127.012340173604883, 37.681278445513911 ], [ 127.015175311748678, 37.681290134721785 ], [ 127.015189975828363, 37.679036867878516 ], [ 127.012354923428333, 37.679025179614889 ] ] ] } },
{ "type": "Feature", "properties": { "display_grid_id": "11320_00258", "gu_code": 11320, "gu_name": "도봉구", "source_cell_count": 15, "area_m2": 62500.0, "mean_actual_lst": 28.8907, "mean_actual_anomaly": -6.2466, "seoul_anomaly": -8.8381, "pred_anomaly": -6.1215, "pred_anomaly_std": 0.4954, "green_delta_c": -0.1993, "building_ratio": 0.0, "green_ratio": 0.7938, "ndvi": 0.4986, "impervious_ratio": 0.0649, "built_surface_ratio": 0.0649, "avg_ground_floor_count": 0.0, "elevation_m": 250.346, "albedo": 0.1462, "nearest_park_distance_m": 1575.7956, "park_area_within_500m": 0.0, "nearest_stream_distance_m": 738.1584, "est_population_density": 0.0, "dong_elderly_ratio": 0.3099, "dong_avg_age": 50.5, "dong_pop_density": 2346.0, "nearest_shelter_distance_m": 1747.8396, "shelter_count_within_500m": 0.0, "est_population": 0.0, "est_elderly": 0.0, "shelter_capacity_within_500m": 0.0, "building_form_group": "no_building", "dong_name": "도봉1동", "top1_feature": "built_surface_ratio", "top1_shap": -1.3333, "top2_feature": "impervious_ratio", "top2_shap": -0.9929, "top3_feature": "green_ratio", "top3_shap": -0.8939, "priority_score": 26.7244, "priority_rank": 355 }, "geometry": { "type": "Polygon", "coordinates": [ [ [ 127.015189975828363, 37.679036867878516 ], [ 127.015175311748678, 37.681290134721785 ], [ 127.018010451526308, 37.681301755777888 ], [ 127.018025029862059, 37.679048487995885 ], [ 127.015189975828363, 37.679036867878516 ] ] ] } },
{ "type": "Feature", "properties": { "display_grid_id": "11320_00259", "gu_code": 11320, "gu_name": "도봉구", "source_cell_count": 16, "area_m2": 62500.0, "mean_actual_lst": 29.2706, "mean_actual_anomaly": -5.8698, "seoul_anomaly": -8.4614, "pred_anomaly": -5.969, "pred_anomaly_std": 0.4646, "green_delta_c": -0.1988, "building_ratio": 0.0, "green_ratio": 0.7979, "ndvi": 0.4884, "impervious_ratio": 0.0554, "built_surface_ratio": 0.0554, "avg_ground_floor_count": 0.0, "elevation_m": 217.5742, "albedo": 0.1442, "nearest_park_distance_m": 1322.4908, "park_area_within_500m": 0.0, "nearest_stream_distance_m": 636.4564, "est_population_density": 0.0, "dong_elderly_ratio": 0.3099, "dong_avg_age": 50.5, "dong_pop_density": 2346.0, "nearest_shelter_distance_m": 1551.4748, "shelter_count_within_500m": 0.0, "est_population": 0.0, "est_elderly": 0.0, "shelter_capacity_within_500m": 0.0, "building_form_group": "no_building", "dong_name": "도봉1동", "top1_feature": "built_surface_ratio", "top1_shap": -1.4165, "top2_feature": "impervious_ratio", "top2_shap": -1.2162, "top3_feature": "green_ratio", "top3_shap": -0.8985, "priority_score": 27.3782, "priority_rank": 346 }, "geometry": { "type": "Polygon", "coordinates": [ [ [ 127.018025029862059, 37.679048487995885 ], [ 127.018010451526308, 37.681301755777888 ], [ 127.020845592928211, 37.681313308682107 ], [ 127.020860085519828, 37.679060039966856 ], [ 127.018025029862059, 37.679048487995885 ] ] ] } },
{ "type": "Feature", "properties": { "display_grid_id": "11320_00260", "gu_code": 11320, "gu_name": "도봉구", "source_cell_count": 13, "area_m2": 62500.0, "mean_actual_lst": 29.4192, "mean_actual_anomaly": -5.7796, "seoul_anomaly": -8.3711, "pred_anomaly": -5.5815, "pred_anomaly_std": 0.4894, "green_delta_c": -0.3875, "building_ratio": 0.0, "green_ratio": 0.7963, "ndvi": 0.4831, "impervious_ratio": 0.0537, "built_surface_ratio": 0.0537, "avg_ground_floor_count": 0.0, "elevation_m": 173.107, "albedo": 0.1437, "nearest_park_distance_m": 1091.4548, "park_area_within_500m": 0.0, "nearest_stream_distance_m": 582.1044, "est_population_density": 0.0, "dong_elderly_ratio": 0.3099, "dong_avg_age": 50.5, "dong_pop_density": 2346.0, "nearest_shelter_distance_m": 1388.8604, "shelter_count_within_500m": 0.0, "est_population": 0.0, "est_elderly": 0.0, "shelter_capacity_within_500m": 0.0, "building_form_group": "no_building", "dong_name": "도봉1동", "top1_feature": "built_surface_ratio", "top1_shap": -1.4162, "top2_feature": "impervious_ratio", "top2_shap": -1.2232, "top3_feature": "green_ratio", "top3_shap": -0.8869, "priority_score": 30.7372, "priority_rank": 313 }, "geometry": { "type": "Polygon", "coordinates": [ [ [ 127.020860085519828, 37.679060039966856 ], [ 127.020845592928211, 37.681313308682107 ], [ 127.023680735944865, 37.681324793434314 ], [ 127.023695142792135, 37.679071523791343 ], [ 127.020860085519828, 37.679060039966856 ] ] ] } },
{ "type": "Feature", "properties": { "display_grid_id": "11320_00261", "gu_code": 11320, "gu_name": "도봉구", "source_cell_count": 13, "area_m2": 62500.0, "mean_actual_lst": 30.0797, "mean_actual_anomaly": -5.4009, "seoul_anomaly": -7.9924, "pred_anomaly": -5.0945, "pred_anomaly_std": 0.5414, "green_delta_c": -0.6739, "building_ratio": 0.0, "green_ratio": 0.8112, "ndvi": 0.4875, "impervious_ratio": 0.047, "built_surface_ratio": 0.047, "avg_ground_floor_count": 0.0, "elevation_m": 128.6506, "albedo": 0.1417, "nearest_park_distance_m": 846.672, "park_area_within_500m": 0.0, "nearest_stream_distance_m": 496.9432, "est_population_density": 0.0, "dong_elderly_ratio": 0.3099, "dong_avg_age": 50.5, "dong_pop_density": 2346.0, "nearest_shelter_distance_m": 1241.4144, "shelter_count_within_500m": 0.0, "est_population": 0.0, "est_elderly": 0.0, "shelter_capacity_within_500m": 0.0, "building_form_group": "no_building", "dong_name": "도봉1동", "top1_feature": "built_surface_ratio", "top1_shap": -1.5119, "top2_feature": "impervious_ratio", "top2_shap": -1.3356, "top3_feature": "green_ratio", "top3_shap": -0.8323, "priority_score": 37.1474, "priority_rank": 285 }, "geometry": { "type": "Polygon", "coordinates": [ [ [ 127.023695142792135, 37.679071523791343 ], [ 127.023680735944865, 37.681324793434314 ], [ 127.026515880566691, 37.681336210034388 ], [ 127.026530201669459, 37.679082939469204 ], [ 127.023695142792135, 37.679071523791343 ] ] ] } },
{ "type": "Feature", "properties": { "display_grid_id": "11320_00262", "gu_code": 11320, "gu_name": "도봉구", "source_cell_count": 12, "area_m2": 62500.0, "mean_actual_lst": 31.027, "mean_actual_anomaly": -4.8491, "seoul_anomaly": -7.4406, "pred_anomaly": -4.0686, "pred_anomaly_std": 0.6271, "green_delta_c": -1.0564, "building_ratio": 0.0096, "green_ratio": 0.7707, "ndvi": 0.4567, "impervious_ratio": 0.0865, "built_surface_ratio": 0.0865, "avg_ground_floor_count": 0.16, "elevation_m": 97.6887, "albedo": 0.1404, "nearest_park_distance_m": 627.1584, "park_area_within_500m": 0.0, "nearest_stream_distance_m": 380.2472, "est_population_density": 0.0, "dong_elderly_ratio": 0.3099, "dong_avg_age": 50.5, "dong_pop_density": 2346.0, "nearest_shelter_distance_m": 1127.0136, "shelter_count_within_500m": 0.0, "est_population": 0.0, "est_elderly": 0.0, "shelter_capacity_within_500m": 0.0, "building_form_group": "no_building", "dong_name": "도봉1동", "top1_feature": "built_surface_ratio", "top1_shap": -1.1727, "top2_feature": "impervious_ratio", "top2_shap": -1.0229, "top3_feature": "green_ratio", "top3_shap": -0.935, "priority_score": 47.6474, "priority_rank": 226 }, "geometry": { "type": "Polygon", "coordinates": [ [ [ 127.026530201669459, 37.679082939469204 ], [ 127.026515880566691, 37.681336210034388 ], [ 127.029351026784155, 37.68134755848223 ], [ 127.029365262142221, 37.679094287000318 ], [ 127.026530201669459, 37.679082939469204 ] ] ] } },
{ "type": "Feature", "properties": { "display_grid_id": "11320_00263", "gu_code": 11320, "gu_name": "도봉구", "source_cell_count": 11, "area_m2": 62500.0, "mean_actual_lst": 31.2989, "mean_actual_anomaly": -4.3836, "seoul_anomaly": -6.9752, "pred_anomaly": -4.3913, "pred_anomaly_std": 0.782, "green_delta_c": -0.6421, "building_ratio": 0.0044, "green_ratio": 0.7721, "ndvi": 0.4288, "impervious_ratio": 0.0769, "built_surface_ratio": 0.0769, "avg_ground_floor_count": 0.16, "elevation_m": 91.0929, "albedo": 0.1419, "nearest_park_distance_m": 391.1524, "park_area_within_500m": 15580.6088, "nearest_stream_distance_m": 326.5648, "est_population_density": 0.0, "dong_elderly_ratio": 0.3099, "dong_avg_age": 50.5, "dong_pop_density": 2346.0, "nearest_shelter_distance_m": 936.3436, "shelter_count_within_500m": 0.0, "est_population": 0.0, "est_elderly": 0.0, "shelter_capacity_within_500m": 0.0, "building_form_group": "no_building", "dong_name": "도봉1동", "top1_feature": "built_surface_ratio", "top1_shap": -1.3076, "top2_feature": "impervious_ratio", "top2_shap": -1.1574, "top3_feature": "green_ratio", "top3_shap": -0.9166, "priority_score": 39.7949, "priority_rank": 274 }, "geometry": { "type": "Polygon", "coordinates": [ [ [ 127.029365262142221, 37.679094287000318 ], [ 127.029351026784155, 37.68134755848223 ], [ 127.032186174587693, 37.681358838777705 ], [ 127.032200324200872, 37.679105566384578 ], [ 127.029365262142221, 37.679094287000318 ] ] ] } },
{ "type": "Feature", "properties": { "display_grid_id": "11320_00264", "gu_code": 11320, "gu_name": "도봉구", "source_cell_count": 11, "area_m2": 62500.0, "mean_actual_lst": 31.8307, "mean_actual_anomaly": -3.9738, "seoul_anomaly": -6.5653, "pred_anomaly": -3.9937, "pred_anomaly_std": 0.6688, "green_delta_c": -0.846, "building_ratio": 0.0059, "green_ratio": 0.783, "ndvi": 0.4576, "impervious_ratio": 0.065, "built_surface_ratio": 0.065, "avg_ground_floor_count": 0.32, "elevation_m": 79.0706, "albedo": 0.1442, "nearest_park_distance_m": 168.1252, "park_area_within_500m": 52129.268, "nearest_stream_distance_m": 320.8624, "est_population_density": 0.0, "dong_elderly_ratio": 0.3099, "dong_avg_age": 50.5, "dong_pop_density": 2346.0, "nearest_shelter_distance_m": 697.9828, "shelter_count_within_500m": 0.0, "est_population": 0.0, "est_elderly": 0.0, "shelter_capacity_within_500m": 0.0, "building_form_group": "no_building", "dong_name": "도봉1동", "top1_feature": "built_surface_ratio", "top1_shap": -1.316, "top2_feature": "impervious_ratio", "top2_shap": -1.0431, "top3_feature": "green_ratio", "top3_shap": -0.8676, "priority_score": 45.4167, "priority_rank": 244 }, "geometry": { "type": "Polygon", "coordinates": [ [ [ 127.032200324200872, 37.679105566384578 ], [ 127.032186174587693, 37.681358838777705 ], [ 127.035021323967754, 37.681370050920691 ], [ 127.035035387835848, 37.679116777621857 ], [ 127.032200324200872, 37.679105566384578 ] ] ] } },
{ "type": "Feature", "properties": { "display_grid_id": "11320_00265", "gu_code": 11320, "gu_name": "도봉구", "source_cell_count": 14, "area_m2": 62500.0, "mean_actual_lst": 34.8319, "mean_actual_anomaly": -0.7429, "seoul_anomaly": -3.3345, "pred_anomaly": -0.7049, "pred_anomaly_std": 0.744, "green_delta_c": -0.6811, "building_ratio": 0.0711, "green_ratio": 0.519, "ndvi": 0.3951, "impervious_ratio": 0.3494, "built_surface_ratio": 0.3494, "avg_ground_floor_count": 1.1105, "elevation_m": 60.1041, "albedo": 0.1426, "nearest_park_distance_m": 31.342, "park_area_within_500m": 80286.3628, "nearest_stream_distance_m": 222.2936, "est_population_density": 1266.4, "dong_elderly_ratio": 0.3099, "dong_avg_age": 50.5, "dong_pop_density": 2346.0, "nearest_shelter_distance_m": 441.8264, "shelter_count_within_500m": 0.84, "est_population": 79.2, "est_elderly": 24.5, "shelter_capacity_within_500m": 251.3, "building_form_group": "low_floor_low_density", "dong_name": "도봉1동", "top1_feature": "green_ratio", "top1_shap": -0.5877, "top2_feature": "built_surface_ratio", "top2_shap": 0.0394, "top3_feature": "impervious_ratio", "top3_shap": 0.0386, "priority_score": 52.8462, "priority_rank": 189 }, "geometry": { "type": "Polygon", "coordinates": [ [ [ 127.035035387835848, 37.679116777621857 ], [ 127.035021323967754, 37.681370050920691 ], [ 127.03785647491479, 37.68138119491109 ], [ 127.037870453037613, 37.679127920712048 ], [ 127.035035387835848, 37.679116777621857 ] ] ] } },
{ "type": "Feature", "properties": { "display_grid_id": "11320_00266", "gu_code": 11320, "gu_name": "도봉구", "source_cell_count": 16, "area_m2": 62500.0, "mean_actual_lst": 36.2536, "mean_actual_anomaly": 0.9944, "seoul_anomaly": -1.5971, "pred_anomaly": 0.0496, "pred_anomaly_std": 0.7232, "green_delta_c": -0.8002, "building_ratio": 0.1245, "green_ratio": 0.4909, "ndvi": 0.3486, "impervious_ratio": 0.354, "built_surface_ratio": 0.354, "avg_ground_floor_count": 1.2487, "elevation_m": 56.4437, "albedo": 0.1471, "nearest_park_distance_m": 45.478, "park_area_within_500m": 81969.3108, "nearest_stream_distance_m": 189.4144, "est_population_density": 3384.8, "dong_elderly_ratio": 0.3099, "dong_avg_age": 50.5, "dong_pop_density": 2346.0, "nearest_shelter_distance_m": 213.8136, "shelter_count_within_500m": 4.92, "est_population": 211.6, "est_elderly": 65.6, "shelter_capacity_within_500m": 2333.8, "building_form_group": "no_building", "dong_name": "도봉1동", "top1_feature": "green_ratio", "top1_shap": -0.4406, "top2_feature": "built_surface_ratio", "top2_shap": 0.0256, "top3_feature": "impervious_ratio", "top3_shap": 0.0703, "priority_score": 57.5, "priority_rank": 148 }, "geometry": { "type": "Polygon", "coordinates": [ [ [ 127.037870453037613, 37.679127920712048 ], [ 127.03785647491479, 37.68138119491109 ], [ 127.040691627419235, 37.681392270748759 ], [ 127.040705519796603, 37.67913899565503 ], [ 127.037870453037613, 37.679127920712048 ] ] ] } },
{ "type": "Feature", "properties": { "display_grid_id": "11320_00267", "gu_code": 11320, "gu_name": "도봉구", "source_cell_count": 12, "area_m2": 62500.0, "mean_actual_lst": 38.0665, "mean_actual_anomaly": 3.0503, "seoul_anomaly": 0.4588, "pred_anomaly": 2.0782, "pred_anomaly_std": 0.8504, "green_delta_c": -0.6934, "building_ratio": 0.2556, "green_ratio": 0.3798, "ndvi": 0.2493, "impervious_ratio": 0.4051, "built_surface_ratio": 0.4051, "avg_ground_floor_count": 2.89, "elevation_m": 42.3789, "albedo": 0.1217, "nearest_park_distance_m": 136.432, "park_area_within_500m": 113880.0428, "nearest_stream_distance_m": 111.5088, "est_population_density": 17492.4, "dong_elderly_ratio": 0.3099, "dong_avg_age": 50.5, "dong_pop_density": 2346.0, "nearest_shelter_distance_m": 91.2892, "shelter_count_within_500m": 7.68, "est_population": 1093.3, "est_elderly": 338.7, "shelter_capacity_within_500m": 3185.5, "building_form_group": "low_floor_high_density", "dong_name": "도봉1동", "top1_feature": "built_surface_ratio", "top1_shap": 0.4156, "top2_feature": "green_ratio", "top2_shap": -0.4768, "top3_feature": "impervious_ratio", "top3_shap": 0.2254, "priority_score": 57.8077, "priority_rank": 146 }, "geometry": { "type": "Polygon", "coordinates": [ [ [ 127.040705519796603, 37.67913899565503 ], [ 127.040691627419235, 37.681392270748759 ], [ 127.043526781471556, 37.681403278433613 ], [ 127.043540588103298, 37.67915000245069 ], [ 127.040705519796603, 37.67913899565503 ] ] ] } },
{ "type": "Feature", "properties": { "display_grid_id": "11320_00268", "gu_code": 11320, "gu_name": "도봉구", "source_cell_count": 9, "area_m2": 62500.0, "mean_actual_lst": 39.2902, "mean_actual_anomaly": 4.353, "seoul_anomaly": 1.7615, "pred_anomaly": 3.2545, "pred_anomaly_std": 0.874, "green_delta_c": -0.5917, "building_ratio": 0.1866, "green_ratio": 0.2343, "ndvi": 0.1534, "impervious_ratio": 0.494, "built_surface_ratio": 0.494, "avg_ground_floor_count": 7.8006, "elevation_m": 38.0394, "albedo": 0.1011, "nearest_park_distance_m": 177.6808, "park_area_within_500m": 163366.1316, "nearest_stream_distance_m": 64.6432, "est_population_density": 31518.0, "dong_elderly_ratio": 0.3, "dong_avg_age": 49.7, "dong_pop_density": 10518.84, "nearest_shelter_distance_m": 99.9628, "shelter_count_within_500m": 12.48, "est_population": 1969.9, "est_elderly": 596.4, "shelter_capacity_within_500m": 3903.5, "building_form_group": "high_floor_low_density", "dong_name": "도봉1동", "top1_feature": "built_surface_ratio", "top1_shap": 0.6798, "top2_feature": "impervious_ratio", "top2_shap": 0.6388, "top3_feature": "ndvi", "top3_shap": 0.336, "priority_score": 66.218, "priority_rank": 75 }, "geometry": { "type": "Polygon", "coordinates": [ [ [ 127.043540588103298, 37.67915000245069 ], [ 127.043526781471556, 37.681403278433613 ], [ 127.046361937062173, 37.681414217965525 ], [ 127.046375657948118, 37.679160941098914 ], [ 127.043540588103298, 37.67915000245069 ] ] ] } },
{ "type": "Feature", "properties": { "display_grid_id": "11320_00269", "gu_code": 11320, "gu_name": "도봉구", "source_cell_count": 13, "area_m2": 62500.0, "mean_actual_lst": 39.415, "mean_actual_anomaly": 4.3747, "seoul_anomaly": 1.7832, "pred_anomaly": 1.6918, "pred_anomaly_std": 0.9094, "green_delta_c": -0.8297, "building_ratio": 0.1375, "green_ratio": 0.2971, "ndvi": 0.2539, "impervious_ratio": 0.4577, "built_surface_ratio": 0.4577, "avg_ground_floor_count": 10.9163, "elevation_m": 36.4515, "albedo": 0.119, "nearest_park_distance_m": 75.596, "park_area_within_500m": 216443.9784, "nearest_stream_distance_m": 62.0696, "est_population_density": 12849.6, "dong_elderly_ratio": 0.2852, "dong_avg_age": 48.5, "dong_pop_density": 22778.1, "nearest_shelter_distance_m": 71.3496, "shelter_count_within_500m": 14.12, "est_population": 803.1, "est_elderly": 229.0, "shelter_capacity_within_500m": 3666.3, "building_form_group": "high_floor_low_density", "dong_name": "도봉2동", "top1_feature": "built_surface_ratio", "top1_shap": 0.6568, "top2_feature": "impervious_ratio", "top2_shap": 0.6492, "top3_feature": "avg_ground_floor_count", "top3_shap": -0.1984, "priority_score": 63.3013, "priority_rank": 95 }, "geometry": { "type": "Polygon", "coordinates": [ [ [ 127.046375657948118, 37.679160941098914 ], [ 127.046361937062173, 37.681414217965525 ], [ 127.049197094181551, 37.681425089344387 ], [ 127.049210729321516, 37.679171811599574 ], [ 127.046375657948118, 37.679160941098914 ] ] ] } },
{ "type": "Feature", "properties": { "display_grid_id": "11320_00270", "gu_code": 11320, "gu_name": "도봉구", "source_cell_count": 10, "area_m2": 37175.43, "mean_actual_lst": 38.4905, "mean_actual_anomaly": 3.3647, "seoul_anomaly": 0.7731, "pred_anomaly": 2.0178, "pred_anomaly_std": 0.834, "green_delta_c": -0.6916, "building_ratio": 0.0841, "green_ratio": 0.2912, "ndvi": 0.2664, "impervious_ratio": 0.4779, "built_surface_ratio": 0.4779, "avg_ground_floor_count": 3.9858, "elevation_m": 36.9151, "albedo": 0.126, "nearest_park_distance_m": 30.7282, "park_area_within_500m": 300487.2623, "nearest_stream_distance_m": 52.1956, "est_population_density": 1271.0008, "dong_elderly_ratio": 0.2852, "dong_avg_age": 48.5, "dong_pop_density": 22778.1, "nearest_shelter_distance_m": 85.8353, "shelter_count_within_500m": 13.9066, "est_population": 47.3, "est_elderly": 13.5, "shelter_capacity_within_500m": 1555.8, "building_form_group": "no_building", "dong_name": "도봉2동", "top1_feature": "impervious_ratio", "top1_shap": 0.8163, "top2_feature": "built_surface_ratio", "top2_shap": 0.7919, "top3_feature": "ndvi", "top3_shap": -0.2309, "priority_score": 53.109, "priority_rank": 181 }, "geometry": { "type": "Polygon", "coordinates": [ [ [ 127.049210729321516, 37.679171811599574 ], [ 127.049197094181551, 37.681425089344387 ], [ 127.051150447309681, 37.681432539798507 ], [ 127.05114851, 37.68141828 ], [ 127.05114406, 37.68138533 ], [ 127.05114013, 37.68135549 ], [ 127.051131950000013, 37.68129383 ], [ 127.051116820000018, 37.68117756 ], [ 127.051062520000016, 37.68077862 ], [ 127.05106164, 37.68077383 ], [ 127.051052929999983, 37.68073273 ], [ 127.05104672, 37.68070261 ], [ 127.05103854, 37.68066404 ], [ 127.05103285, 37.68063729 ], [ 127.05102521, 37.68060126 ], [ 127.05102307, 37.68059112 ], [ 127.05101135000001, 37.68053538 ], [ 127.050999440000012, 37.68047766 ], [ 127.050995360000016, 37.68045824 ], [ 127.05099127, 37.68043825 ], [ 127.050987010000014, 37.68041798 ], [ 127.05098043, 37.68038589 ], [ 127.05097635, 37.68036675 ], [ 127.050968880000013, 37.68033071 ], [ 127.05095663, 37.68027187 ], [ 127.05091966, 37.68009423 ], [ 127.050917360000014, 37.680088310000016 ], [ 127.05090654, 37.68006918 ], [ 127.050902629999982, 37.68006213 ], [ 127.05090015, 37.68005792 ], [ 127.05089624999998, 37.68005087 ], [ 127.05079836, 37.67987889 ], [ 127.05068754, 37.67968353 ], [ 127.050403800000012, 37.6791808 ], [ 127.050401776173061, 37.679176358094487 ], [ 127.049210729321516, 37.679171811599574 ] ] ] } },
{ "type": "Feature", "properties": { "display_grid_id": "11320_00271", "gu_code": 11320, "gu_name": "도봉구", "source_cell_count": 5, "area_m2": 17571.7, "mean_actual_lst": 28.0898, "mean_actual_anomaly": -7.158, "seoul_anomaly": -9.7496, "pred_anomaly": -6.0253, "pred_anomaly_std": 0.759, "green_delta_c": -0.52, "building_ratio": 0.0, "green_ratio": 0.7066, "ndvi": 0.4667, "impervious_ratio": 0.1335, "built_surface_ratio": 0.1335, "avg_ground_floor_count": 0.0, "elevation_m": 465.5587, "albedo": 0.1479, "nearest_park_distance_m": 2258.1449, "park_area_within_500m": 0.0, "nearest_stream_distance_m": 1339.4936, "est_population_density": 0.0, "dong_elderly_ratio": 0.3099, "dong_avg_age": 50.5, "dong_pop_density": 2346.0, "nearest_shelter_distance_m": 2328.3629, "shelter_count_within_500m": 0.0, "est_population": 0.0, "est_elderly": 0.0, "shelter_capacity_within_500m": 0.0, "building_form_group": "no_building", "dong_name": "도봉1동", "top1_feature": "elevation_m", "top1_shap": -1.3338, "top2_feature": "green_ratio", "top2_shap": -1.1669, "top3_feature": "built_surface_ratio", "top3_shap": -0.5524, "priority_score": 33.1346, "priority_rank": 300 }, "geometry": { "type": "Polygon", "coordinates": [ [ [ 127.009490199884539, 37.683519952235585 ], [ 127.009505037104489, 37.681266688154395 ], [ 127.008986239487314, 37.681264529314568 ], [ 127.00903469, 37.68164077 ], [ 127.00882482999998, 37.68200905 ], [ 127.00869997, 37.68222782 ], [ 127.008545899999987, 37.68274166 ], [ 127.008418780000014, 37.6832161 ], [ 127.008419300000014, 37.68322989 ], [ 127.00841948, 37.68323524 ], [ 127.008511779653261, 37.683515878684773 ], [ 127.009490199884539, 37.683519952235585 ] ] ] } },
{ "type": "Feature", "properties": { "display_grid_id": "11320_00272", "gu_code": 11320, "gu_name": "도봉구", "source_cell_count": 14, "area_m2": 62500.0, "mean_actual_lst": 28.4067, "mean_actual_anomaly": -6.8352, "seoul_anomaly": -9.4267, "pred_anomaly": -5.8021, "pred_anomaly_std": 0.6589, "green_delta_c": -0.492, "building_ratio": 0.0053, "green_ratio": 0.7193, "ndvi": 0.4828, "impervious_ratio": 0.1275, "built_surface_ratio": 0.1275, "avg_ground_floor_count": 0.16, "elevation_m": 387.3077, "albedo": 0.1481, "nearest_park_distance_m": 2117.5944, "park_area_within_500m": 0.0, "nearest_stream_distance_m": 1227.7196, "est_population_density": 0.0, "dong_elderly_ratio": 0.3099, "dong_avg_age": 50.5, "dong_pop_density": 2346.0, "nearest_shelter_distance_m": 2265.4656, "shelter_count_within_500m": 0.0, "est_population": 0.0, "est_elderly": 0.0, "shelter_capacity_within_500m": 0.0, "building_form_group": "no_building", "dong_name": "도봉1동", "top1_feature": "elevation_m", "top1_shap": -1.1782, "top2_feature": "green_ratio", "top2_shap": -1.0841, "top3_feature": "built_surface_ratio", "top3_shap": -0.7561, "priority_score": 32.968, "priority_rank": 301 }, "geometry": { "type": "Polygon", "coordinates": [ [ [ 127.009505037104489, 37.681266688154395 ], [ 127.009490199884539, 37.683519952235585 ], [ 127.012325422138048, 37.683531710544905 ], [ 127.012340173604883, 37.681278445513911 ], [ 127.009505037104489, 37.681266688154395 ] ] ] } },
{ "type": "Feature", "properties": { "display_grid_id": "11320_00273", "gu_code": 11320, "gu_name": "도봉구", "source_cell_count": 11, "area_m2": 62500.0, "mean_actual_lst": 27.9272, "mean_actual_anomaly": -7.187, "seoul_anomaly": -9.7785, "pred_anomaly": -6.5105, "pred_anomaly_std": 0.5977, "green_delta_c": -0.1711, "building_ratio": 0.0, "green_ratio": 0.7913, "ndvi": 0.4747, "impervious_ratio": 0.0599, "built_surface_ratio": 0.0599, "avg_ground_floor_count": 0.0, "elevation_m": 315.0904, "albedo": 0.1432, "nearest_park_distance_m": 1868.2764, "park_area_within_500m": 0.0, "nearest_stream_distance_m": 1067.6256, "est_population_density": 0.0, "dong_elderly_ratio": 0.3099, "dong_avg_age": 50.5, "dong_pop_density": 2346.0, "nearest_shelter_distance_m": 2084.9012, "shelter_count_within_500m": 0.0, "est_population": 0.0, "est_elderly": 0.0, "shelter_capacity_within_500m": 0.0, "building_form_group": "no_building", "dong_name": "도봉1동", "top1_feature": "built_surface_ratio", "top1_shap": -1.4072, "top2_feature": "impervious_ratio", "top2_shap": -1.2107, "top3_feature": "elevation_m", "top3_shap": -0.6141, "priority_score": 23.7372, "priority_rank": 383 }, "geometry": { "type": "Polygon", "coordinates": [ [ [ 127.012340173604883, 37.681278445513911 ], [ 127.012325422138048, 37.683531710544905 ], [ 127.015160646035142, 37.683543400697076 ], [ 127.015175311748678, 37.681290134721785 ], [ 127.012340173604883, 37.681278445513911 ] ] ] } },
{ "type": "Feature", "properties": { "display_grid_id": "11320_00274", "gu_code": 11320, "gu_name": "도봉구", "source_cell_count": 14, "area_m2": 62500.0, "mean_actual_lst": 28.5173, "mean_actual_anomaly": -6.524, "seoul_anomaly": -9.1155, "pred_anomaly": -6.2058, "pred_anomaly_std": 0.5357, "green_delta_c": -0.2041, "building_ratio": 0.0, "green_ratio": 0.7724, "ndvi": 0.4768, "impervious_ratio": 0.0804, "built_surface_ratio": 0.0804, "avg_ground_floor_count": 0.0, "elevation_m": 299.6588, "albedo": 0.1496, "nearest_park_distance_m": 1640.9644, "park_area_within_500m": 0.0, "nearest_stream_distance_m": 952.3696, "est_population_density": 0.0, "dong_elderly_ratio": 0.3099, "dong_avg_age": 50.5, "dong_pop_density": 2346.0, "nearest_shelter_distance_m": 1904.9132, "shelter_count_within_500m": 0.0, "est_population": 0.0, "est_elderly": 0.0, "shelter_capacity_within_500m": 0.0, "building_form_group": "no_building", "dong_name": "도봉1동", "top1_feature": "built_surface_ratio", "top1_shap": -1.1431, "top2_feature": "elevation_m", "top2_shap": -1.0019, "top3_feature": "green_ratio", "top3_shap": -0.7772, "priority_score": 27.0833, "priority_rank": 350 }, "geometry": { "type": "Polygon", "coordinates": [ [ [ 127.015175311748678, 37.681290134721785 ], [ 127.015160646035142, 37.683543400697076 ], [ 127.017995871566256, 37.683555022691984 ], [ 127.018010451526308, 37.681301755777888 ], [ 127.015175311748678, 37.681290134721785 ] ] ] } },
{ "type": "Feature", "properties": { "display_grid_id": "11320_00275", "gu_code": 11320, "gu_name": "도봉구", "source_cell_count": 9, "area_m2": 62500.0, "mean_actual_lst": 29.1063, "mean_actual_anomaly": -6.0925, "seoul_anomaly": -8.684, "pred_anomaly": -6.0264, "pred_anomaly_std": 0.4913, "green_delta_c": -0.1943, "building_ratio": 0.0, "green_ratio": 0.792, "ndvi": 0.4924, "impervious_ratio": 0.0656, "built_surface_ratio": 0.0656, "avg_ground_floor_count": 0.0, "elevation_m": 243.308, "albedo": 0.1409, "nearest_park_distance_m": 1399.4964, "park_area_within_500m": 0.0, "nearest_stream_distance_m": 867.1836, "est_population_density": 0.0, "dong_elderly_ratio": 0.3099, "dong_avg_age": 50.5, "dong_pop_density": 2346.0, "nearest_shelter_distance_m": 1726.5068, "shelter_count_within_500m": 0.0, "est_population": 0.0, "est_elderly": 0.0, "shelter_capacity_within_500m": 0.0, "building_form_group": "no_building", "dong_name": "도봉1동", "top1_feature": "built_surface_ratio", "top1_shap": -1.3297, "top2_feature": "impervious_ratio", "top2_shap": -1.1393, "top3_feature": "green_ratio", "top3_shap": -0.7679, "priority_score": 27.1603, "priority_rank": 348 }, "geometry": { "type": "Polygon", "coordinates": [ [ [ 127.018010451526308, 37.681301755777888 ], [ 127.017995871566256, 37.683555022691984 ], [ 127.020831098721857, 37.683566576529479 ], [ 127.020845592928211, 37.681313308682107 ], [ 127.018010451526308, 37.681301755777888 ] ] ] } },
{ "type": "Feature", "properties": { "display_grid_id": "11320_00276", "gu_code": 11320, "gu_name": "도봉구", "source_cell_count": 11, "area_m2": 62500.0, "mean_actual_lst": 29.2772, "mean_actual_anomaly": -6.0772, "seoul_anomaly": -8.6687, "pred_anomaly": -5.9073, "pred_anomaly_std": 0.4459, "green_delta_c": -0.1612, "building_ratio": 0.0, "green_ratio": 0.7987, "ndvi": 0.4791, "impervious_ratio": 0.0494, "built_surface_ratio": 0.0494, "avg_ground_floor_count": 0.0, "elevation_m": 195.2839, "albedo": 0.1502, "nearest_park_distance_m": 1179.3132, "park_area_within_500m": 0.0, "nearest_stream_distance_m": 813.334, "est_population_density": 0.0, "dong_elderly_ratio": 0.3099, "dong_avg_age": 50.5, "dong_pop_density": 2346.0, "nearest_shelter_distance_m": 1581.9868, "shelter_count_within_500m": 0.0, "est_population": 0.0, "est_elderly": 0.0, "shelter_capacity_within_500m": 0.0, "building_form_group": "no_building", "dong_name": "도봉1동", "top1_feature": "built_surface_ratio", "top1_shap": -1.4588, "top2_feature": "impervious_ratio", "top2_shap": -1.2691, "top3_feature": "green_ratio", "top3_shap": -0.9009, "priority_score": 25.5962, "priority_rank": 370 }, "geometry": { "type": "Polygon", "coordinates": [ [ [ 127.020845592928211, 37.681313308682107 ], [ 127.020831098721857, 37.683566576529479 ], [ 127.023666327492407, 37.683578062209477 ], [ 127.023680735944865, 37.681324793434314 ], [ 127.020845592928211, 37.681313308682107 ] ] ] } },
{ "type": "Feature", "properties": { "display_grid_id": "11320_00277", "gu_code": 11320, "gu_name": "도봉구", "source_cell_count": 11, "area_m2": 62500.0, "mean_actual_lst": 29.2238, "mean_actual_anomaly": -6.1949, "seoul_anomaly": -8.7864, "pred_anomaly": -5.5026, "pred_anomaly_std": 0.5073, "green_delta_c": -0.3355, "building_ratio": 0.0, "green_ratio": 0.8057, "ndvi": 0.5065, "impervious_ratio": 0.0421, "built_surface_ratio": 0.0421, "avg_ground_floor_count": 0.0, "elevation_m": 155.833, "albedo": 0.1472, "nearest_park_distance_m": 938.784, "park_area_within_500m": 0.0, "nearest_stream_distance_m": 702.6272, "est_population_density": 0.0, "dong_elderly_ratio": 0.3099, "dong_avg_age": 50.5, "dong_pop_density": 2346.0, "nearest_shelter_distance_m": 1424.7992, "shelter_count_within_500m": 0.0, "est_population": 0.0, "est_elderly": 0.0, "shelter_capacity_within_500m": 0.0, "building_form_group": "no_building", "dong_name": "도봉1동", "top1_feature": "built_surface_ratio", "top1_shap": -1.5173, "top2_feature": "impervious_ratio", "top2_shap": -1.3454, "top3_feature": "green_ratio", "top3_shap": -0.8503, "priority_score": 27.2115, "priority_rank": 347 }, "geometry": { "type": "Polygon", "coordinates": [ [ [ 127.023680735944865, 37.681324793434314 ], [ 127.023666327492407, 37.683578062209477 ], [ 127.026501557868286, 37.683589479731836 ], [ 127.026515880566691, 37.681336210034388 ], [ 127.023680735944865, 37.681324793434314 ] ] ] } },
{ "type": "Feature", "properties": { "display_grid_id": "11320_00278", "gu_code": 11320, "gu_name": "도봉구", "source_cell_count": 11, "area_m2": 62500.0, "mean_actual_lst": 29.7482, "mean_actual_anomaly": -6.1171, "seoul_anomaly": -8.7087, "pred_anomaly": -5.2008, "pred_anomaly_std": 0.6238, "green_delta_c": -0.5278, "building_ratio": 0.0, "green_ratio": 0.8104, "ndvi": 0.4764, "impervious_ratio": 0.0421, "built_surface_ratio": 0.0421, "avg_ground_floor_count": 0.0, "elevation_m": 121.0034, "albedo": 0.149, "nearest_park_distance_m": 714.7264, "park_area_within_500m": 0.0, "nearest_stream_distance_m": 600.6512, "est_population_density": 0.0, "dong_elderly_ratio": 0.3099, "dong_avg_age": 50.5, "dong_pop_density": 2346.0, "nearest_shelter_distance_m": 1222.9536, "shelter_count_within_500m": 0.0, "est_population": 0.0, "est_elderly": 0.0, "shelter_capacity_within_500m": 0.0, "building_form_group": "no_building", "dong_name": "도봉1동", "top1_feature": "built_surface_ratio", "top1_shap": -1.577, "top2_feature": "impervious_ratio", "top2_shap": -1.4075, "top3_feature": "green_ratio", "top3_shap": -0.8124, "priority_score": 30.9103, "priority_rank": 309 }, "geometry": { "type": "Polygon", "coordinates": [ [ [ 127.026515880566691, 37.681336210034388 ], [ 127.026501557868286, 37.683589479731836 ], [ 127.029336789840031, 37.683600829096449 ], [ 127.029351026784155, 37.68134755848223 ], [ 127.026515880566691, 37.681336210034388 ] ] ] } },
{ "type": "Feature", "properties": { "display_grid_id": "11320_00279", "gu_code": 11320, "gu_name": "도봉구", "source_cell_count": 10, "area_m2": 62500.0, "mean_actual_lst": 30.5775, "mean_actual_anomaly": -5.1446, "seoul_anomaly": -7.7361, "pred_anomaly": -5.391, "pred_anomaly_std": 0.6664, "green_delta_c": -0.3522, "building_ratio": 0.0, "green_ratio": 0.8035, "ndvi": 0.4602, "impervious_ratio": 0.036, "built_surface_ratio": 0.036, "avg_ground_floor_count": 0.0, "elevation_m": 119.3552, "albedo": 0.1372, "nearest_park_distance_m": 478.61, "park_area_within_500m": 2959.0184, "nearest_stream_distance_m": 563.06, "est_population_density": 0.0, "dong_elderly_ratio": 0.3099, "dong_avg_age": 50.5, "dong_pop_density": 2346.0, "nearest_shelter_distance_m": 976.2348, "shelter_count_within_500m": 0.0, "est_population": 0.0, "est_elderly": 0.0, "shelter_capacity_within_500m": 0.0, "building_form_group": "no_building", "dong_name": "도봉1동", "top1_feature": "built_surface_ratio", "top1_shap": -1.6543, "top2_feature": "impervious_ratio", "top2_shap": -1.4732, "top3_feature": "green_ratio", "top3_shap": -0.7963, "priority_score": 29.5192, "priority_rank": 328 }, "geometry": { "type": "Polygon", "coordinates": [ [ [ 127.029351026784155, 37.68134755848223 ], [ 127.029336789840031, 37.683600829096449 ], [ 127.03217202339799, 37.683612110303173 ], [ 127.032186174587693, 37.681358838777705 ], [ 127.029351026784155, 37.68134755848223 ] ] ] } },
{ "type": "Feature", "properties": { "display_grid_id": "11320_00280", "gu_code": 11320, "gu_name": "도봉구", "source_cell_count": 9, "area_m2": 62500.0, "mean_actual_lst": 30.4451, "mean_actual_anomaly": -4.9778, "seoul_anomaly": -7.5693, "pred_anomaly": -4.994, "pred_anomaly_std": 0.6736, "green_delta_c": -0.481, "building_ratio": 0.0, "green_ratio": 0.804, "ndvi": 0.4841, "impervious_ratio": 0.0384, "built_surface_ratio": 0.0384, "avg_ground_floor_count": 0.0, "elevation_m": 106.72, "albedo": 0.1428, "nearest_park_distance_m": 292.2212, "park_area_within_500m": 23171.372, "nearest_stream_distance_m": 538.9224, "est_population_density": 0.0, "dong_elderly_ratio": 0.3099, "dong_avg_age": 50.5, "dong_pop_density": 2346.0, "nearest_shelter_distance_m": 754.5908, "shelter_count_within_500m": 0.0, "est_population": 0.0, "est_elderly": 0.0, "shelter_capacity_within_500m": 0.0, "building_form_group": "no_building", "dong_name": "도봉1동", "top1_feature": "built_surface_ratio", "top1_shap": -1.5857, "top2_feature": "impervious_ratio", "top2_shap": -1.4175, "top3_feature": "green_ratio", "top3_shap": -0.773, "priority_score": 31.8782, "priority_rank": 306 }, "geometry": { "type": "Polygon", "coordinates": [ [ [ 127.032186174587693, 37.681358838777705 ], [ 127.03217202339799, 37.683612110303173 ], [ 127.035007258532701, 37.683623323351938 ], [ 127.035021323967754, 37.681370050920691 ], [ 127.032186174587693, 37.681358838777705 ] ] ] } },
{ "type": "Feature", "properties": { "display_grid_id": "11320_00281", "gu_code": 11320, "gu_name": "도봉구", "source_cell_count": 12, "area_m2": 62500.0, "mean_actual_lst": 31.0851, "mean_actual_anomaly": -4.2709, "seoul_anomaly": -6.8625, "pred_anomaly": -4.5424, "pred_anomaly_std": 0.5613, "green_delta_c": -0.9327, "building_ratio": 0.0, "green_ratio": 0.8098, "ndvi": 0.4781, "impervious_ratio": 0.0507, "built_surface_ratio": 0.0507, "avg_ground_floor_count": 0.0, "elevation_m": 93.593, "albedo": 0.133, "nearest_park_distance_m": 225.61, "park_area_within_500m": 53228.5428, "nearest_stream_distance_m": 452.5736, "est_population_density": 0.0, "dong_elderly_ratio": 0.3099, "dong_avg_age": 50.5, "dong_pop_density": 2346.0, "nearest_shelter_distance_m": 529.3984, "shelter_count_within_500m": 0.44, "est_population": 0.0, "est_elderly": 0.0, "shelter_capacity_within_500m": 118.2, "building_form_group": "no_building", "dong_name": "도봉1동", "top1_feature": "built_surface_ratio", "top1_shap": -1.4508, "top2_feature": "impervious_ratio", "top2_shap": -1.2758, "top3_feature": "green_ratio", "top3_shap": -0.7948, "priority_score": 44.5064, "priority_rank": 249 }, "geometry": { "type": "Polygon", "coordinates": [ [ [ 127.035021323967754, 37.681370050920691 ], [ 127.035007258532701, 37.683623323351938 ], [ 127.037842495234528, 37.68363446824258 ], [ 127.03785647491479, 37.68138119491109 ], [ 127.035021323967754, 37.681370050920691 ] ] ] } },
{ "type": "Feature", "properties": { "display_grid_id": "11320_00282", "gu_code": 11320, "gu_name": "도봉구", "source_cell_count": 13, "area_m2": 62500.0, "mean_actual_lst": 30.473, "mean_actual_anomaly": -4.8542, "seoul_anomaly": -7.4457, "pred_anomaly": -4.7727, "pred_anomaly_std": 0.5865, "green_delta_c": -0.6834, "building_ratio": 0.0, "green_ratio": 0.7947, "ndvi": 0.467, "impervious_ratio": 0.0455, "built_surface_ratio": 0.0455, "avg_ground_floor_count": 0.0, "elevation_m": 91.5822, "albedo": 0.1323, "nearest_park_distance_m": 235.954, "park_area_within_500m": 56967.6988, "nearest_stream_distance_m": 417.2848, "est_population_density": 0.0, "dong_elderly_ratio": 0.3099, "dong_avg_age": 50.5, "dong_pop_density": 2346.0, "nearest_shelter_distance_m": 349.992, "shelter_count_within_500m": 3.4, "est_population": 0.0, "est_elderly": 0.0, "shelter_capacity_within_500m": 1513.7, "building_form_group": "no_building", "dong_name": "도봉1동", "top1_feature": "built_surface_ratio", "top1_shap": -1.5419, "top2_feature": "impervious_ratio", "top2_shap": -1.3694, "top3_feature": "green_ratio", "top3_shap": -0.7789, "priority_score": 36.4039, "priority_rank": 287 }, "geometry": { "type": "Polygon", "coordinates": [ [ [ 127.03785647491479, 37.68138119491109 ], [ 127.037842495234528, 37.68363446824258 ], [ 127.040677733493993, 37.683645544975015 ], [ 127.040691627419235, 37.681392270748759 ], [ 127.03785647491479, 37.68138119491109 ] ] ] } },
{ "type": "Feature", "properties": { "display_grid_id": "11320_00283", "gu_code": 11320, "gu_name": "도봉구", "source_cell_count": 12, "area_m2": 62500.0, "mean_actual_lst": 35.1587, "mean_actual_anomaly": 0.3107, "seoul_anomaly": -2.2808, "pred_anomaly": -1.0355, "pred_anomaly_std": 0.8719, "green_delta_c": -0.8847, "building_ratio": 0.1531, "green_ratio": 0.5947, "ndvi": 0.3706, "impervious_ratio": 0.1584, "built_surface_ratio": 0.1584, "avg_ground_floor_count": 1.9255, "elevation_m": 50.7806, "albedo": 0.1256, "nearest_park_distance_m": 298.0264, "park_area_within_500m": 38278.41, "nearest_stream_distance_m": 297.9208, "est_population_density": 8882.8, "dong_elderly_ratio": 0.3099, "dong_avg_age": 50.5, "dong_pop_density": 2346.0, "nearest_shelter_distance_m": 154.5172, "shelter_count_within_500m": 7.28, "est_population": 555.2, "est_elderly": 172.1, "shelter_capacity_within_500m": 2963.5, "building_form_group": "no_building", "dong_name": "도봉1동", "top1_feature": "built_surface_ratio", "top1_shap": -0.4117, "top2_feature": "green_ratio", "top2_shap": -0.7703, "top3_feature": "impervious_ratio", "top3_shap": -0.4463, "priority_score": 58.4487, "priority_rank": 143 }, "geometry": { "type": "Polygon", "coordinates": [ [ [ 127.040691627419235, 37.681392270748759 ], [ 127.040677733493993, 37.683645544975015 ], [ 127.043512973301489, 37.683656553549113 ], [ 127.043526781471556, 37.681403278433613 ], [ 127.040691627419235, 37.681392270748759 ] ] ] } },
{ "type": "Feature", "properties": { "display_grid_id": "11320_00284", "gu_code": 11320, "gu_name": "도봉구", "source_cell_count": 11, "area_m2": 62500.0, "mean_actual_lst": 40.0244, "mean_actual_anomaly": 5.2554, "seoul_anomaly": 2.6639, "pred_anomaly": 4.7926, "pred_anomaly_std": 0.9589, "green_delta_c": -0.8565, "building_ratio": 0.3153, "green_ratio": 0.2443, "ndvi": 0.1163, "impervious_ratio": 0.4369, "built_surface_ratio": 0.4369, "avg_ground_floor_count": 3.2384, "elevation_m": 38.0869, "albedo": 0.0996, "nearest_park_distance_m": 365.3248, "park_area_within_500m": 55227.6924, "nearest_stream_distance_m": 194.1384, "est_population_density": 20551.6, "dong_elderly_ratio": 0.3079, "dong_avg_age": 50.34, "dong_pop_density": 3980.568, "nearest_shelter_distance_m": 138.266, "shelter_count_within_500m": 11.28, "est_population": 1284.5, "est_elderly": 396.6, "shelter_capacity_within_500m": 3806.5, "building_form_group": "low_floor_high_density", "dong_name": "도봉1동", "top1_feature": "built_surface_ratio", "top1_shap": 0.6787, "top2_feature": "impervious_ratio", "top2_shap": 0.5869, "top3_feature": "building_ratio", "top3_shap": 0.4739, "priority_score": 75.2564, "priority_rank": 18 }, "geometry": { "type": "Polygon", "coordinates": [ [ [ 127.043526781471556, 37.681403278433613 ], [ 127.043512973301489, 37.683656553549113 ], [ 127.046348214647495, 37.683667493964762 ], [ 127.046361937062173, 37.681414217965525 ], [ 127.043526781471556, 37.681403278433613 ] ] ] } },
{ "type": "Feature", "properties": { "display_grid_id": "11320_00285", "gu_code": 11320, "gu_name": "도봉구", "source_cell_count": 12, "area_m2": 62500.0, "mean_actual_lst": 38.0814, "mean_actual_anomaly": 3.149, "seoul_anomaly": 0.5575, "pred_anomaly": 2.1048, "pred_anomaly_std": 0.9684, "green_delta_c": -0.2066, "building_ratio": 0.2284, "green_ratio": 0.2369, "ndvi": 0.1641, "impervious_ratio": 0.4044, "built_surface_ratio": 0.4044, "avg_ground_floor_count": 13.0396, "elevation_m": 36.8553, "albedo": 0.0943, "nearest_park_distance_m": 183.1368, "park_area_within_500m": 142593.0472, "nearest_stream_distance_m": 209.9008, "est_population_density": 0.0, "dong_elderly_ratio": 0.2852, "dong_avg_age": 48.5, "dong_pop_density": 22778.1, "nearest_shelter_distance_m": 84.9264, "shelter_count_within_500m": 12.6, "est_population": 0.0, "est_elderly": 0.0, "shelter_capacity_within_500m": 3172.3, "building_form_group": "high_floor_low_density", "dong_name": "도봉2동", "top1_feature": "built_surface_ratio", "top1_shap": 0.5737, "top2_feature": "impervious_ratio", "top2_shap": 0.565, "top3_feature": "avg_ground_floor_count", "top3_shap": -0.4496, "priority_score": 35.1218, "priority_rank": 291 }, "geometry": { "type": "Polygon", "coordinates": [ [ [ 127.046361937062173, 37.681414217965525 ], [ 127.046348214647495, 37.683667493964762 ], [ 127.049183457522417, 37.683678366221848 ], [ 127.049197094181551, 37.681425089344387 ], [ 127.046361937062173, 37.681414217965525 ] ] ] } },
{ "type": "Feature", "properties": { "display_grid_id": "11320_00286", "gu_code": 11320, "gu_name": "도봉구", "source_cell_count": 11, "area_m2": 54015.72, "mean_actual_lst": 38.8057, "mean_actual_anomaly": 3.3211, "seoul_anomaly": 0.7296, "pred_anomaly": 2.4325, "pred_anomaly_std": 0.8346, "green_delta_c": -0.4619, "building_ratio": 0.1362, "green_ratio": 0.2394, "ndvi": 0.206, "impervious_ratio": 0.5179, "built_surface_ratio": 0.5179, "avg_ground_floor_count": 9.3636, "elevation_m": 36.8505, "albedo": 0.1199, "nearest_park_distance_m": 29.6374, "park_area_within_500m": 284959.7743, "nearest_stream_distance_m": 99.4544, "est_population_density": 5377.1313, "dong_elderly_ratio": 0.2852, "dong_avg_age": 48.5, "dong_pop_density": 22778.1, "nearest_shelter_distance_m": 73.726, "shelter_count_within_500m": 13.9354, "est_population": 290.5, "est_elderly": 82.8, "shelter_capacity_within_500m": 2238.7, "building_form_group": "high_floor_low_density", "dong_name": "도봉2동", "top1_feature": "built_surface_ratio", "top1_shap": 0.7105, "top2_feature": "impervious_ratio", "top2_shap": 0.709, "top3_feature": "green_ratio", "top3_shap": 0.2443, "priority_score": 50.0513, "priority_rank": 208 }, "geometry": { "type": "Polygon", "coordinates": [ [ [ 127.049197094181551, 37.681425089344387 ], [ 127.049183457522417, 37.683678366221848 ], [ 127.052017832356782, 37.683689167017135 ], [ 127.051990640000014, 37.68332291 ], [ 127.051938480000018, 37.68295128 ], [ 127.051809490000011, 37.682637680000013 ], [ 127.051801340000011, 37.68261938 ], [ 127.05180115, 37.68260981 ], [ 127.051796540000012, 37.68260081 ], [ 127.05179051, 37.68259433 ], [ 127.05170632, 37.68250568 ], [ 127.05154838, 37.68233766 ], [ 127.051227359999984, 37.68199796 ], [ 127.05117182, 37.68158916 ], [ 127.05116541, 37.68154356 ], [ 127.051164170000021, 37.68153398 ], [ 127.051162930000018, 37.68152442 ], [ 127.051150447309681, 37.681432539798507 ], [ 127.049197094181551, 37.681425089344387 ] ] ] } },
{ "type": "Feature", "properties": { "display_grid_id": "11320_00287", "gu_code": 11320, "gu_name": "도봉구", "source_cell_count": 7, "area_m2": 20237.09, "mean_actual_lst": 27.4326, "mean_actual_anomaly": -7.6228, "seoul_anomaly": -10.2144, "pred_anomaly": -6.3429, "pred_anomaly_std": 0.757, "green_delta_c": -0.4887, "building_ratio": 0.0, "green_ratio": 0.7108, "ndvi": 0.4452, "impervious_ratio": 0.1013, "built_surface_ratio": 0.1013, "avg_ground_floor_count": 0.0, "elevation_m": 493.4383, "albedo": 0.1237, "nearest_park_distance_m": 2337.2878, "park_area_within_500m": 0.0, "nearest_stream_distance_m": 1521.0615, "est_population_density": 0.0, "dong_elderly_ratio": 0.3099, "dong_avg_age": 50.5, "dong_pop_density": 2346.0, "nearest_shelter_distance_m": 2554.3656, "shelter_count_within_500m": 0.0, "est_population": 0.0, "est_elderly": 0.0, "shelter_capacity_within_500m": 0.0, "building_form_group": "no_building", "dong_name": "도봉1동", "top1_feature": "elevation_m", "top1_shap": -1.3064, "top2_feature": "built_surface_ratio", "top2_shap": -1.0478, "top3_feature": "green_ratio", "top3_shap": -0.5661, "priority_score": 31.609, "priority_rank": 307 }, "geometry": { "type": "Polygon", "coordinates": [ [ [ 127.009475361011454, 37.685773215448677 ], [ 127.009490199884539, 37.683519952235585 ], [ 127.008511779653261, 37.683515878684773 ], [ 127.008622180000017, 37.68385155 ], [ 127.00862998, 37.68388843 ], [ 127.008643100000015, 37.683947 ], [ 127.00866352, 37.68444956 ], [ 127.008665640000018, 37.6844856 ], [ 127.008474580000012, 37.68523257 ], [ 127.008439869999989, 37.68543164 ], [ 127.008464799914975, 37.685769007732524 ], [ 127.009475361011454, 37.685773215448677 ] ] ] } },
{ "type": "Feature", "properties": { "display_grid_id": "11320_00288", "gu_code": 11320, "gu_name": "도봉구", "source_cell_count": 12, "area_m2": 62500.0, "mean_actual_lst": 27.6194, "mean_actual_anomaly": -7.3678, "seoul_anomaly": -9.9593, "pred_anomaly": -6.4478, "pred_anomaly_std": 0.638, "green_delta_c": -0.3604, "building_ratio": 0.0, "green_ratio": 0.7423, "ndvi": 0.4522, "impervious_ratio": 0.083, "built_surface_ratio": 0.083, "avg_ground_floor_count": 0.0, "elevation_m": 435.6879, "albedo": 0.1405, "nearest_park_distance_m": 2200.37, "park_area_within_500m": 0.0, "nearest_stream_distance_m": 1429.0096, "est_population_density": 0.0, "dong_elderly_ratio": 0.3099, "dong_avg_age": 50.5, "dong_pop_density": 2346.0, "nearest_shelter_distance_m": 2449.8508, "shelter_count_within_500m": 0.0, "est_population": 0.0, "est_elderly": 0.0, "shelter_capacity_within_500m": 0.0, "building_form_group": "no_building", "dong_name": "도봉1동", "top1_feature": "built_surface_ratio", "top1_shap": -1.1882, "top2_feature": "elevation_m", "top2_shap": -1.1816, "top3_feature": "impervious_ratio", "top3_shap": -0.7795, "priority_score": 29.0705, "priority_rank": 332 }, "geometry": { "type": "Polygon", "coordinates": [ [ [ 127.009490199884539, 37.683519952235585 ], [ 127.009475361011454, 37.685773215448677 ], [ 127.012310669027627, 37.685784974707865 ], [ 127.012325422138048, 37.683531710544905 ], [ 127.009490199884539, 37.683519952235585 ] ] ] } },
{ "type": "Feature", "properties": { "display_grid_id": "11320_00289", "gu_code": 11320, "gu_name": "도봉구", "source_cell_count": 13, "area_m2": 62500.0, "mean_actual_lst": 27.474, "mean_actual_anomaly": -7.4211, "seoul_anomaly": -10.0126, "pred_anomaly": -6.8515, "pred_anomaly_std": 0.5629, "green_delta_c": -0.13, "building_ratio": 0.0, "green_ratio": 0.7867, "ndvi": 0.4915, "impervious_ratio": 0.0545, "built_surface_ratio": 0.0545, "avg_ground_floor_count": 0.0, "elevation_m": 403.388, "albedo": 0.1408, "nearest_park_distance_m": 1960.5568, "park_area_within_500m": 0.0, "nearest_stream_distance_m": 1290.984, "est_population_density": 0.0, "dong_elderly_ratio": 0.3099, "dong_avg_age": 50.5, "dong_pop_density": 2346.0, "nearest_shelter_distance_m": 2257.9336, "shelter_count_within_500m": 0.0, "est_population": 0.0, "est_elderly": 0.0, "shelter_capacity_within_500m": 0.0, "building_form_group": "no_building", "dong_name": "도봉1동", "top1_feature": "built_surface_ratio", "top1_shap": -1.4602, "top2_feature": "impervious_ratio", "top2_shap": -1.2644, "top3_feature": "elevation_m", "top3_shap": -1.0872, "priority_score": 23.2756, "priority_rank": 387 }, "geometry": { "type": "Polygon", "coordinates": [ [ [ 127.012325422138048, 37.683531710544905 ], [ 127.012310669027627, 37.685784974707865 ], [ 127.015145978687571, 37.685796665804389 ], [ 127.015160646035142, 37.683543400697076 ], [ 127.012325422138048, 37.683531710544905 ] ] ] } },
{ "type": "Feature", "properties": { "display_grid_id": "11320_00290", "gu_code": 11320, "gu_name": "도봉구", "source_cell_count": 15, "area_m2": 62500.0, "mean_actual_lst": 28.0638, "mean_actual_anomaly": -6.9515, "seoul_anomaly": -9.543, "pred_anomaly": -6.5695, "pred_anomaly_std": 0.5512, "green_delta_c": -0.1532, "building_ratio": 0.0, "green_ratio": 0.7779, "ndvi": 0.4779, "impervious_ratio": 0.0637, "built_surface_ratio": 0.0637, "avg_ground_floor_count": 0.0, "elevation_m": 349.0175, "albedo": 0.1442, "nearest_park_distance_m": 1739.7024, "park_area_within_500m": 0.0, "nearest_stream_distance_m": 1192.8208, "est_population_density": 0.0, "dong_elderly_ratio": 0.3099, "dong_avg_age": 50.5, "dong_pop_density": 2346.0, "nearest_shelter_distance_m": 2087.8992, "shelter_count_within_500m": 0.0, "est_population": 0.0, "est_elderly": 0.0, "shelter_capacity_within_500m": 0.0, "building_form_group": "no_building", "dong_name": "도봉1동", "top1_feature": "built_surface_ratio", "top1_shap": -1.3232, "top2_feature": "elevation_m", "top2_shap": -1.0702, "top3_feature": "impervious_ratio", "top3_shap": -0.8517, "priority_score": 24.6475, "priority_rank": 375 }, "geometry": { "type": "Polygon", "coordinates": [ [ [ 127.015160646035142, 37.683543400697076 ], [ 127.015145978687571, 37.685796665804389 ], [ 127.017981289981748, 37.685808288738123 ], [ 127.017995871566256, 37.683555022691984 ], [ 127.015160646035142, 37.683543400697076 ] ] ] } },
{ "type": "Feature", "properties": { "display_grid_id": "11320_00291", "gu_code": 11320, "gu_name": "도봉구", "source_cell_count": 14, "area_m2": 62500.0, "mean_actual_lst": 28.4873, "mean_actual_anomaly": -6.4695, "seoul_anomaly": -9.061, "pred_anomaly": -6.2706, "pred_anomaly_std": 0.5749, "green_delta_c": -0.2514, "building_ratio": 0.0, "green_ratio": 0.793, "ndvi": 0.509, "impervious_ratio": 0.0591, "built_surface_ratio": 0.0591, "avg_ground_floor_count": 0.08, "elevation_m": 306.8634, "albedo": 0.1464, "nearest_park_distance_m": 1498.2276, "park_area_within_500m": 0.0, "nearest_stream_distance_m": 1119.872, "est_population_density": 0.0, "dong_elderly_ratio": 0.3099, "dong_avg_age": 50.5, "dong_pop_density": 2346.0, "nearest_shelter_distance_m": 1892.8056, "shelter_count_within_500m": 0.0, "est_population": 0.0, "est_elderly": 0.0, "shelter_capacity_within_500m": 0.0, "building_form_group": "no_building", "dong_name": "도봉1동", "top1_feature": "built_surface_ratio", "top1_shap": -1.3654, "top2_feature": "impervious_ratio", "top2_shap": -1.0948, "top3_feature": "elevation_m", "top3_shap": -0.848, "priority_score": 26.7884, "priority_rank": 354 }, "geometry": { "type": "Polygon", "coordinates": [ [ [ 127.017995871566256, 37.683555022691984 ], [ 127.017981289981748, 37.685808288738123 ], [ 127.020816602900581, 37.685819843508988 ], [ 127.020831098721857, 37.683566576529479 ], [ 127.017995871566256, 37.683555022691984 ] ] ] } },
{ "type": "Feature", "properties": { "display_grid_id": "11320_00292", "gu_code": 11320, "gu_name": "도봉구", "source_cell_count": 14, "area_m2": 62500.0, "mean_actual_lst": 29.0128, "mean_actual_anomaly": -6.1738, "seoul_anomaly": -8.7653, "pred_anomaly": -6.0908, "pred_anomaly_std": 0.5286, "green_delta_c": -0.0943, "building_ratio": 0.0, "green_ratio": 0.7949, "ndvi": 0.4974, "impervious_ratio": 0.0551, "built_surface_ratio": 0.0551, "avg_ground_floor_count": 0.08, "elevation_m": 245.2796, "albedo": 0.1461, "nearest_park_distance_m": 1274.9476, "park_area_within_500m": 0.0, "nearest_stream_distance_m": 1051.756, "est_population_density": 0.0, "dong_elderly_ratio": 0.3099, "dong_avg_age": 50.5, "dong_pop_density": 2346.0, "nearest_shelter_distance_m": 1678.4056, "shelter_count_within_500m": 0.0, "est_population": 0.0, "est_elderly": 0.0, "shelter_capacity_within_500m": 0.0, "building_form_group": "no_building", "dong_name": "도봉1동", "top1_feature": "built_surface_ratio", "top1_shap": -1.3911, "top2_feature": "impervious_ratio", "top2_shap": -1.1249, "top3_feature": "green_ratio", "top3_shap": -0.9344, "priority_score": 25.5833, "priority_rank": 371 }, "geometry": { "type": "Polygon", "coordinates": [ [ [ 127.020831098721857, 37.683566576529479 ], [ 127.020816602900581, 37.685819843508988 ], [ 127.023651917434563, 37.68583133011682 ], [ 127.023666327492407, 37.683578062209477 ], [ 127.020831098721857, 37.683566576529479 ] ] ] } },
{ "type": "Feature", "properties": { "display_grid_id": "11320_00293", "gu_code": 11320, "gu_name": "도봉구", "source_cell_count": 12, "area_m2": 62500.0, "mean_actual_lst": 29.0725, "mean_actual_anomaly": -6.3437, "seoul_anomaly": -8.9352, "pred_anomaly": -5.6103, "pred_anomaly_std": 0.4869, "green_delta_c": -0.2948, "building_ratio": 0.0, "green_ratio": 0.8113, "ndvi": 0.5153, "impervious_ratio": 0.0411, "built_surface_ratio": 0.0411, "avg_ground_floor_count": 0.0, "elevation_m": 193.4262, "albedo": 0.1432, "nearest_park_distance_m": 1039.2008, "park_area_within_500m": 0.0, "nearest_stream_distance_m": 933.8068, "est_population_density": 0.0, "dong_elderly_ratio": 0.3099, "dong_avg_age": 50.5, "dong_pop_density": 2346.0, "nearest_shelter_distance_m": 1422.8824, "shelter_count_within_500m": 0.0, "est_population": 0.0, "est_elderly": 0.0, "shelter_capacity_within_500m": 0.0, "building_form_group": "no_building", "dong_name": "도봉1동", "top1_feature": "built_surface_ratio", "top1_shap": -1.4463, "top2_feature": "impervious_ratio", "top2_shap": -1.2696, "top3_feature": "green_ratio", "top3_shap": -0.8691, "priority_score": 25.4102, "priority_rank": 374 }, "geometry": { "type": "Polygon", "coordinates": [ [ [ 127.023666327492407, 37.683578062209477 ], [ 127.023651917434563, 37.68583133011682 ], [ 127.026487233574073, 37.685842748561505 ], [ 127.026501557868286, 37.683589479731836 ], [ 127.023666327492407, 37.683578062209477 ] ] ] } },
{ "type": "Feature", "properties": { "display_grid_id": "11320_00294", "gu_code": 11320, "gu_name": "도봉구", "source_cell_count": 14, "area_m2": 62500.0, "mean_actual_lst": 29.2087, "mean_actual_anomaly": -6.5722, "seoul_anomaly": -9.1637, "pred_anomaly": -5.5445, "pred_anomaly_std": 0.508, "green_delta_c": -0.2652, "building_ratio": 0.0, "green_ratio": 0.8043, "ndvi": 0.5136, "impervious_ratio": 0.0467, "built_surface_ratio": 0.0467, "avg_ground_floor_count": 0.0, "elevation_m": 165.3684, "albedo": 0.1454, "nearest_park_distance_m": 834.2344, "park_area_within_500m": 0.0, "nearest_stream_distance_m": 848.3028, "est_population_density": 0.0, "dong_elderly_ratio": 0.3099, "dong_avg_age": 50.5, "dong_pop_density": 2346.0, "nearest_shelter_distance_m": 1187.4352, "shelter_count_within_500m": 0.0, "est_population": 0.0, "est_elderly": 0.0, "shelter_capacity_within_500m": 0.0, "building_form_group": "no_building", "dong_name": "도봉1동", "top1_feature": "built_surface_ratio", "top1_shap": -1.4601, "top2_feature": "impervious_ratio", "top2_shap": -1.2762, "top3_feature": "green_ratio", "top3_shap": -0.8639, "priority_score": 23.9551, "priority_rank": 380 }, "geometry": { "type": "Polygon", "coordinates": [ [ [ 127.026501557868286, 37.683589479731836 ], [ 127.026487233574073, 37.685842748561505 ], [ 127.029322551309619, 37.685854098842945 ], [ 127.029336789840031, 37.683600829096449 ], [ 127.026501557868286, 37.683589479731836 ] ] ] } },
{ "type": "Feature", "properties": { "display_grid_id": "11320_00295", "gu_code": 11320, "gu_name": "도봉구", "source_cell_count": 16, "area_m2": 62500.0, "mean_actual_lst": 30.4326, "mean_actual_anomaly": -5.2824, "seoul_anomaly": -7.874, "pred_anomaly": -4.4965, "pred_anomaly_std": 0.7005, "green_delta_c": -0.4505, "building_ratio": 0.0107, "green_ratio": 0.7566, "ndvi": 0.5219, "impervious_ratio": 0.0947, "built_surface_ratio": 0.0947, "avg_ground_floor_count": 0.52, "elevation_m": 130.5711, "albedo": 0.1323, "nearest_park_distance_m": 640.4536, "park_area_within_500m": 0.2312, "nearest_stream_distance_m": 820.3572, "est_population_density": 0.0, "dong_elderly_ratio": 0.3099, "dong_avg_age": 50.5, "dong_pop_density": 2346.0, "nearest_shelter_distance_m": 935.0028, "shelter_count_within_500m": 0.0, "est_population": 0.0, "est_elderly": 0.0, "shelter_capacity_within_500m": 0.0, "building_form_group": "no_building", "dong_name": "도봉1동", "top1_feature": "green_ratio", "top1_shap": -1.07, "top2_feature": "built_surface_ratio", "top2_shap": -1.0403, "top3_feature": "impervious_ratio", "top3_shap": -0.7855, "priority_score": 33.6987, "priority_rank": 295 }, "geometry": { "type": "Polygon", "coordinates": [ [ [ 127.029336789840031, 37.683600829096449 ], [ 127.029322551309619, 37.685854098842945 ], [ 127.032157870631593, 37.685865380961005 ], [ 127.03217202339799, 37.683612110303173 ], [ 127.029336789840031, 37.683600829096449 ] ] ] } },
{ "type": "Feature", "properties": { "display_grid_id": "11320_00296", "gu_code": 11320, "gu_name": "도봉구", "source_cell_count": 15, "area_m2": 62500.0, "mean_actual_lst": 30.8347, "mean_actual_anomaly": -4.5975, "seoul_anomaly": -7.189, "pred_anomaly": -4.7169, "pred_anomaly_std": 0.6306, "green_delta_c": -0.6424, "building_ratio": 0.0063, "green_ratio": 0.7811, "ndvi": 0.4761, "impervious_ratio": 0.0571, "built_surface_ratio": 0.0571, "avg_ground_floor_count": 0.12, "elevation_m": 110.1982, "albedo": 0.1194, "nearest_park_distance_m": 515.48, "park_area_within_500m": 784.1976, "nearest_stream_distance_m": 778.2364, "est_population_density": 0.0, "dong_elderly_ratio": 0.3099, "dong_avg_age": 50.5, "dong_pop_density": 2346.0, "nearest_shelter_distance_m": 706.8492, "shelter_count_within_500m": 0.0, "est_population": 0.0, "est_elderly": 0.0, "shelter_capacity_within_500m": 0.0, "building_form_group": "no_building", "dong_name": "도봉1동", "top1_feature": "built_surface_ratio", "top1_shap": -1.3757, "top2_feature": "impervious_ratio", "top2_shap": -1.2056, "top3_feature": "green_ratio", "top3_shap": -0.845, "priority_score": 38.0577, "priority_rank": 279 }, "geometry": { "type": "Polygon", "coordinates": [ [ [ 127.03217202339799, 37.683612110303173 ], [ 127.032157870631593, 37.685865380961005 ], [ 127.034993191530461, 37.685876594915577 ], [ 127.035007258532701, 37.683623323351938 ], [ 127.03217202339799, 37.683612110303173 ] ] ] } },
{ "type": "Feature", "properties": { "display_grid_id": "11320_00297", "gu_code": 11320, "gu_name": "도봉구", "source_cell_count": 14, "area_m2": 62500.0, "mean_actual_lst": 31.204, "mean_actual_anomaly": -4.042, "seoul_anomaly": -6.6335, "pred_anomaly": -4.2997, "pred_anomaly_std": 0.635, "green_delta_c": -0.876, "building_ratio": 0.0114, "green_ratio": 0.7721, "ndvi": 0.4699, "impervious_ratio": 0.0757, "built_surface_ratio": 0.0757, "avg_ground_floor_count": 0.2, "elevation_m": 94.8602, "albedo": 0.1112, "nearest_park_distance_m": 433.3212, "park_area_within_500m": 6114.818, "nearest_stream_distance_m": 706.6176, "est_population_density": 0.0, "dong_elderly_ratio": 0.3099, "dong_avg_age": 50.5, "dong_pop_density": 2346.0, "nearest_shelter_distance_m": 473.2604, "shelter_count_within_500m": 0.68, "est_population": 0.0, "est_elderly": 0.0, "shelter_capacity_within_500m": 170.0, "building_form_group": "no_building", "dong_name": "도봉1동", "top1_feature": "built_surface_ratio", "top1_shap": -1.2108, "top2_feature": "impervious_ratio", "top2_shap": -1.0142, "top3_feature": "green_ratio", "top3_shap": -0.87, "priority_score": 45.8205, "priority_rank": 238 }, "geometry": { "type": "Polygon", "coordinates": [ [ [ 127.035007258532701, 37.683623323351938 ], [ 127.034993191530461, 37.685876594915577 ], [ 127.037828513996686, 37.685887740706541 ], [ 127.037842495234528, 37.68363446824258 ], [ 127.035007258532701, 37.683623323351938 ] ] ] } },
{ "type": "Feature", "properties": { "display_grid_id": "11320_00298", "gu_code": 11320, "gu_name": "도봉구", "source_cell_count": 14, "area_m2": 62500.0, "mean_actual_lst": 31.4633, "mean_actual_anomaly": -3.6725, "seoul_anomaly": -6.2641, "pred_anomaly": -3.2569, "pred_anomaly_std": 0.6669, "green_delta_c": -0.719, "building_ratio": 0.0101, "green_ratio": 0.6997, "ndvi": 0.4944, "impervious_ratio": 0.1355, "built_surface_ratio": 0.1355, "avg_ground_floor_count": 0.52, "elevation_m": 74.9746, "albedo": 0.1239, "nearest_park_distance_m": 324.914, "park_area_within_500m": 28803.0828, "nearest_stream_distance_m": 649.7504, "est_population_density": 0.0, "dong_elderly_ratio": 0.3099, "dong_avg_age": 50.5, "dong_pop_density": 2346.0, "nearest_shelter_distance_m": 298.5884, "shelter_count_within_500m": 3.24, "est_population": 0.0, "est_elderly": 0.0, "shelter_capacity_within_500m": 983.0, "building_form_group": "no_building", "dong_name": "도봉1동", "top1_feature": "green_ratio", "top1_shap": -0.941, "top2_feature": "built_surface_ratio", "top2_shap": -0.7726, "top3_feature": "impervious_ratio", "top3_shap": -0.5446, "priority_score": 42.3654, "priority_rank": 260 }, "geometry": { "type": "Polygon", "coordinates": [ [ [ 127.037842495234528, 37.68363446824258 ], [ 127.037828513996686, 37.685887740706541 ], [ 127.040663838020706, 37.685898818333783 ], [ 127.040677733493993, 37.683645544975015 ], [ 127.037842495234528, 37.68363446824258 ] ] ] } },
{ "type": "Feature", "properties": { "display_grid_id": "11320_00299", "gu_code": 11320, "gu_name": "도봉구", "source_cell_count": 14, "area_m2": 62500.0, "mean_actual_lst": 37.1464, "mean_actual_anomaly": 2.3554, "seoul_anomaly": -0.2361, "pred_anomaly": 1.6645, "pred_anomaly_std": 0.8879, "green_delta_c": -1.0698, "building_ratio": 0.2495, "green_ratio": 0.4113, "ndvi": 0.2627, "impervious_ratio": 0.3081, "built_surface_ratio": 0.3081, "avg_ground_floor_count": 2.21, "elevation_m": 46.9326, "albedo": 0.1136, "nearest_park_distance_m": 277.4016, "park_area_within_500m": 41774.7868, "nearest_stream_distance_m": 517.8196, "est_population_density": 13700.8, "dong_elderly_ratio": 0.3099, "dong_avg_age": 50.5, "dong_pop_density": 2346.0, "nearest_shelter_distance_m": 174.0668, "shelter_count_within_500m": 6.12, "est_population": 856.3, "est_elderly": 265.3, "shelter_capacity_within_500m": 2056.8, "building_form_group": "low_floor_high_density", "dong_name": "도봉1동", "top1_feature": "built_surface_ratio", "top1_shap": 0.2981, "top2_feature": "green_ratio", "top2_shap": -0.4106, "top3_feature": "building_ratio", "top3_shap": 0.3945, "priority_score": 65.9616, "priority_rank": 80 }, "geometry": { "type": "Polygon", "coordinates": [ [ [ 127.040677733493993, 37.683645544975015 ], [ 127.040663838020706, 37.685898818333783 ], [ 127.043499163592926, 37.685909827797175 ], [ 127.043512973301489, 37.683656553549113 ], [ 127.040677733493993, 37.683645544975015 ] ] ] } },
{ "type": "Feature", "properties": { "display_grid_id": "11320_00300", "gu_code": 11320, "gu_name": "도봉구", "source_cell_count": 13, "area_m2": 62500.0, "mean_actual_lst": 40.7209, "mean_actual_anomaly": 5.9292, "seoul_anomaly": 3.3377, "pred_anomaly": 5.0936, "pred_anomaly_std": 0.7929, "green_delta_c": -0.9592, "building_ratio": 0.3527, "green_ratio": 0.2478, "ndvi": 0.1196, "impervious_ratio": 0.438, "built_surface_ratio": 0.438, "avg_ground_floor_count": 2.3321, "elevation_m": 41.3638, "albedo": 0.1031, "nearest_park_distance_m": 320.1944, "park_area_within_500m": 56803.0516, "nearest_stream_distance_m": 431.1892, "est_population_density": 19126.4, "dong_elderly_ratio": 0.3099, "dong_avg_age": 50.5, "dong_pop_density": 2346.0, "nearest_shelter_distance_m": 111.8076, "shelter_count_within_500m": 9.48, "est_population": 1195.4, "est_elderly": 370.4, "shelter_capacity_within_500m": 2619.3, "building_form_group": "low_floor_high_density", "dong_name": "도봉1동", "top1_feature": "built_surface_ratio", "top1_shap": 0.6806, "top2_feature": "building_ratio", "top2_shap": 0.6095, "top3_feature": "impervious_ratio", "top3_shap": 0.5025, "priority_score": 77.3205, "priority_rank": 7 }, "geometry": { "type": "Polygon", "coordinates": [ [ [ 127.043512973301489, 37.683656553549113 ], [ 127.043499163592926, 37.685909827797175 ], [ 127.046334490703856, 37.685920769096619 ], [ 127.046348214647495, 37.683667493964762 ], [ 127.043512973301489, 37.683656553549113 ] ] ] } },
{ "type": "Feature", "properties": { "display_grid_id": "11320_00301", "gu_code": 11320, "gu_name": "도봉구", "source_cell_count": 16, "area_m2": 62500.0, "mean_actual_lst": 38.0173, "mean_actual_anomaly": 2.7266, "seoul_anomaly": 0.1351, "pred_anomaly": 1.6994, "pred_anomaly_std": 0.9438, "green_delta_c": -0.919, "building_ratio": 0.2285, "green_ratio": 0.291, "ndvi": 0.2221, "impervious_ratio": 0.2882, "built_surface_ratio": 0.2882, "avg_ground_floor_count": 11.8324, "elevation_m": 42.7691, "albedo": 0.091, "nearest_park_distance_m": 174.3232, "park_area_within_500m": 123416.6784, "nearest_stream_distance_m": 309.4776, "est_population_density": 494.0, "dong_elderly_ratio": 0.2852, "dong_avg_age": 48.5, "dong_pop_density": 22778.1, "nearest_shelter_distance_m": 106.8268, "shelter_count_within_500m": 11.08, "est_population": 30.9, "est_elderly": 8.8, "shelter_capacity_within_500m": 2094.5, "building_form_group": "high_floor_low_density", "dong_name": "도봉2동", "top1_feature": "built_surface_ratio", "top1_shap": 0.4602, "top2_feature": "impervious_ratio", "top2_shap": 0.4412, "top3_feature": "avg_ground_floor_count", "top3_shap": -0.2005, "priority_score": 56.8718, "priority_rank": 153 }, "geometry": { "type": "Polygon", "coordinates": [ [ [ 127.046348214647495, 37.683667493964762 ], [ 127.046334490703856, 37.685920769096619 ], [ 127.049169819343888, 37.685931642231992 ], [ 127.049183457522417, 37.683678366221848 ], [ 127.046348214647495, 37.683667493964762 ] ] ] } },
{ "type": "Feature", "properties": { "display_grid_id": "11320_00302", "gu_code": 11320, "gu_name": "도봉구", "source_cell_count": 13, "area_m2": 61078.63, "mean_actual_lst": 39.0915, "mean_actual_anomaly": 3.5533, "seoul_anomaly": 0.9618, "pred_anomaly": 2.1056, "pred_anomaly_std": 0.8665, "green_delta_c": -0.7435, "building_ratio": 0.121, "green_ratio": 0.2777, "ndvi": 0.2173, "impervious_ratio": 0.4035, "built_surface_ratio": 0.4035, "avg_ground_floor_count": 11.3486, "elevation_m": 36.1688, "albedo": 0.1258, "nearest_park_distance_m": 22.5355, "park_area_within_500m": 281669.9345, "nearest_stream_distance_m": 106.3543, "est_population_density": 6939.7835, "dong_elderly_ratio": 0.2852, "dong_avg_age": 48.5, "dong_pop_density": 22778.1, "nearest_shelter_distance_m": 101.5248, "shelter_count_within_500m": 11.1993, "est_population": 423.9, "est_elderly": 120.9, "shelter_capacity_within_500m": 1607.1, "building_form_group": "high_floor_low_density", "dong_name": "도봉2동", "top1_feature": "impervious_ratio", "top1_shap": 0.6335, "top2_feature": "built_surface_ratio", "top2_shap": 0.6308, "top3_feature": "avg_ground_floor_count", "top3_shap": -0.2241, "priority_score": 59.9808, "priority_rank": 127 }, "geometry": { "type": "Polygon", "coordinates": [ [ [ 127.052018636774292, 37.683700001758694 ], [ 127.052017832356782, 37.683689167017135 ], [ 127.049183457522417, 37.683678366221848 ], [ 127.049169819343888, 37.685931642231992 ], [ 127.051329387145657, 37.685939878172874 ], [ 127.051367970000015, 37.68592162 ], [ 127.05180331, 37.6858136 ], [ 127.05180331, 37.68580544 ], [ 127.051820800000016, 37.68573815 ], [ 127.05185066, 37.68561959 ], [ 127.05196408, 37.68516906 ], [ 127.05201152289176, 37.684882814284066 ], [ 127.052018636774292, 37.683700001758694 ] ] ] } },
{ "type": "Feature", "properties": { "display_grid_id": "11320_00303", "gu_code": 11320, "gu_name": "도봉구", "source_cell_count": 4, "area_m2": 362.54, "mean_actual_lst": 38.9121, "mean_actual_anomaly": 3.374, "seoul_anomaly": 0.7825, "pred_anomaly": 2.2438, "pred_anomaly_std": 1.1694, "green_delta_c": -0.4283, "building_ratio": 0.0, "green_ratio": 0.2967, "ndvi": 0.1577, "impervious_ratio": 0.3669, "built_surface_ratio": 0.3669, "avg_ground_floor_count": 0.0, "elevation_m": 28.8612, "albedo": 0.1709, "nearest_park_distance_m": 59.2827, "park_area_within_500m": 357569.3306, "nearest_stream_distance_m": 1.3434, "est_population_density": 0.0, "dong_elderly_ratio": 0.2852, "dong_avg_age": 48.5, "dong_pop_density": 22778.1, "nearest_shelter_distance_m": 100.225, "shelter_count_within_500m": 13.8159, "est_population": 0.0, "est_elderly": 0.0, "shelter_capacity_within_500m": 598.0, "building_form_group": "no_building", "dong_name": "도봉2동", "top1_feature": "impervious_ratio", "top1_shap": 0.8065, "top2_feature": "built_surface_ratio", "top2_shap": 0.6853, "top3_feature": "building_ratio", "top3_shap": -0.6595, "priority_score": 39.8654, "priority_rank": 273 }, "geometry": { "type": "Polygon", "coordinates": [ [ [ 127.05201152289176, 37.684882814284066 ], [ 127.052071510000019, 37.68452088 ], [ 127.052071430000012, 37.68441107000001 ], [ 127.052018636774292, 37.683700001758694 ], [ 127.05201152289176, 37.684882814284066 ] ] ] } },
{ "type": "Feature", "properties": { "display_grid_id": "11320_00304", "gu_code": 11320, "gu_name": "도봉구", "source_cell_count": 6, "area_m2": 20765.91, "mean_actual_lst": 27.0236, "mean_actual_anomaly": -8.0175, "seoul_anomaly": -10.609, "pred_anomaly": -6.9961, "pred_anomaly_std": 0.5641, "green_delta_c": -0.1951, "building_ratio": 0.0, "green_ratio": 0.774, "ndvi": 0.5088, "impervious_ratio": 0.0465, "built_surface_ratio": 0.0465, "avg_ground_floor_count": 0.0, "elevation_m": 498.3433, "albedo": 0.1182, "nearest_park_distance_m": 2427.6804, "park_area_within_500m": 0.0, "nearest_stream_distance_m": 1706.96, "est_population_density": 0.0, "dong_elderly_ratio": 0.3099, "dong_avg_age": 50.5, "dong_pop_density": 2346.0, "nearest_shelter_distance_m": 2717.1278, "shelter_count_within_500m": 0.0, "est_population": 0.0, "est_elderly": 0.0, "shelter_capacity_within_500m": 0.0, "building_form_group": "no_building", "dong_name": "도봉1동", "top1_feature": "built_surface_ratio", "top1_shap": -1.5372, "top2_feature": "impervious_ratio", "top2_shap": -1.3529, "top3_feature": "elevation_m", "top3_shap": -1.0047, "priority_score": 23.5577, "priority_rank": 386 }, "geometry": { "type": "Polygon", "coordinates": [ [ [ 127.009460520485021, 37.688026477793649 ], [ 127.009475361011454, 37.685773215448677 ], [ 127.008464799914975, 37.685769007732524 ], [ 127.00858834, 37.68744079 ], [ 127.00850937, 37.68780737 ], [ 127.008453376375243, 37.688022284107795 ], [ 127.009460520485021, 37.688026477793649 ] ] ] } },
{ "type": "Feature", "properties": { "display_grid_id": "11320_00305", "gu_code": 11320, "gu_name": "도봉구", "source_cell_count": 14, "area_m2": 62500.0, "mean_actual_lst": 27.3524, "mean_actual_anomaly": -7.607, "seoul_anomaly": -10.1985, "pred_anomaly": -6.6759, "pred_anomaly_std": 0.5495, "green_delta_c": -0.4111, "building_ratio": 0.0, "green_ratio": 0.7524, "ndvi": 0.4462, "impervious_ratio": 0.052, "built_surface_ratio": 0.052, "avg_ground_floor_count": 0.0, "elevation_m": 455.7021, "albedo": 0.1268, "nearest_park_distance_m": 2292.5412, "park_area_within_500m": 0.0, "nearest_stream_distance_m": 1628.3792, "est_population_density": 0.0, "dong_elderly_ratio": 0.3099, "dong_avg_age": 50.5, "dong_pop_density": 2346.0, "nearest_shelter_distance_m": 2606.7892, "shelter_count_within_500m": 0.0, "est_population": 0.0, "est_elderly": 0.0, "shelter_capacity_within_500m": 0.0, "building_form_group": "no_building", "dong_name": "도봉1동", "top1_feature": "built_surface_ratio", "top1_shap": -1.4735, "top2_feature": "impervious_ratio", "top2_shap": -1.2826, "top3_feature": "elevation_m", "top3_shap": -0.9998, "priority_score": 28.8782, "priority_rank": 334 }, "geometry": { "type": "Polygon", "coordinates": [ [ [ 127.009475361011454, 37.685773215448677 ], [ 127.009460520485021, 37.688026477793649 ], [ 127.012295914273423, 37.688038238002754 ], [ 127.012310669027627, 37.685784974707865 ], [ 127.009475361011454, 37.685773215448677 ] ] ] } },
{ "type": "Feature", "properties": { "display_grid_id": "11320_00306", "gu_code": 11320, "gu_name": "도봉구", "source_cell_count": 12, "area_m2": 62500.0, "mean_actual_lst": 27.1241, "mean_actual_anomaly": -7.8008, "seoul_anomaly": -10.3923, "pred_anomaly": -6.596, "pred_anomaly_std": 0.4502, "green_delta_c": -0.2884, "building_ratio": 0.0, "green_ratio": 0.7688, "ndvi": 0.4733, "impervious_ratio": 0.044, "built_surface_ratio": 0.044, "avg_ground_floor_count": 0.0, "elevation_m": 395.2229, "albedo": 0.0964, "nearest_park_distance_m": 2050.5352, "park_area_within_500m": 0.0, "nearest_stream_distance_m": 1506.2144, "est_population_density": 0.0, "dong_elderly_ratio": 0.3099, "dong_avg_age": 50.5, "dong_pop_density": 2346.0, "nearest_shelter_distance_m": 2387.6824, "shelter_count_within_500m": 0.0, "est_population": 0.0, "est_elderly": 0.0, "shelter_capacity_within_500m": 0.0, "building_form_group": "no_building", "dong_name": "도봉1동", "top1_feature": "built_surface_ratio", "top1_shap": -1.4888, "top2_feature": "impervious_ratio", "top2_shap": -1.3048, "top3_feature": "green_ratio", "top3_shap": -0.5416, "priority_score": 24.5962, "priority_rank": 376 }, "geometry": { "type": "Polygon", "coordinates": [ [ [ 127.012310669027627, 37.685784974707865 ], [ 127.012295914273423, 37.688038238002754 ], [ 127.015131309705765, 37.688049930043697 ], [ 127.015145978687571, 37.685796665804389 ], [ 127.012310669027627, 37.685784974707865 ] ] ] } },
{ "type": "Feature", "properties": { "display_grid_id": "11320_00307", "gu_code": 11320, "gu_name": "도봉구", "source_cell_count": 11, "area_m2": 62500.0, "mean_actual_lst": 27.3496, "mean_actual_anomaly": -7.4697, "seoul_anomaly": -10.0613, "pred_anomaly": -6.401, "pred_anomaly_std": 0.5032, "green_delta_c": -0.3761, "building_ratio": 0.0, "green_ratio": 0.7733, "ndvi": 0.5197, "impervious_ratio": 0.0441, "built_surface_ratio": 0.0441, "avg_ground_floor_count": 0.0, "elevation_m": 359.4425, "albedo": 0.1083, "nearest_park_distance_m": 1828.2744, "park_area_within_500m": 0.0, "nearest_stream_distance_m": 1419.3472, "est_population_density": 0.0, "dong_elderly_ratio": 0.3099, "dong_avg_age": 50.5, "dong_pop_density": 2346.0, "nearest_shelter_distance_m": 2160.7968, "shelter_count_within_500m": 0.0, "est_population": 0.0, "est_elderly": 0.0, "shelter_capacity_within_500m": 0.0, "building_form_group": "no_building", "dong_name": "도봉1동", "top1_feature": "built_surface_ratio", "top1_shap": -1.466, "top2_feature": "impervious_ratio", "top2_shap": -1.2791, "top3_feature": "green_ratio", "top3_shap": -0.5519, "priority_score": 26.9038, "priority_rank": 352 }, "geometry": { "type": "Polygon", "coordinates": [ [ [ 127.015145978687571, 37.685796665804389 ], [ 127.015131309705765, 37.688049930043697 ], [ 127.017966706772569, 37.688061553916356 ], [ 127.017981289981748, 37.685808288738123 ], [ 127.015145978687571, 37.685796665804389 ] ] ] } },
{ "type": "Feature", "properties": { "display_grid_id": "11320_00308", "gu_code": 11320, "gu_name": "도봉구", "source_cell_count": 14, "area_m2": 62500.0, "mean_actual_lst": 28.1797, "mean_actual_anomaly": -6.9609, "seoul_anomaly": -9.5524, "pred_anomaly": -6.0317, "pred_anomaly_std": 0.5207, "green_delta_c": -0.4764, "building_ratio": 0.0034, "green_ratio": 0.768, "ndvi": 0.5337, "impervious_ratio": 0.05, "built_surface_ratio": 0.05, "avg_ground_floor_count": 0.72, "elevation_m": 310.8849, "albedo": 0.1051, "nearest_park_distance_m": 1592.7204, "park_area_within_500m": 0.0, "nearest_stream_distance_m": 1352.5936, "est_population_density": 0.0, "dong_elderly_ratio": 0.3099, "dong_avg_age": 50.5, "dong_pop_density": 2346.0, "nearest_shelter_distance_m": 1901.8808, "shelter_count_within_500m": 0.0, "est_population": 0.0, "est_elderly": 0.0, "shelter_capacity_within_500m": 0.0, "building_form_group": "no_building", "dong_name": "도봉1동", "top1_feature": "built_surface_ratio", "top1_shap": -1.4179, "top2_feature": "impervious_ratio", "top2_shap": -1.2078, "top3_feature": "green_ratio", "top3_shap": -0.7807, "priority_score": 29.7885, "priority_rank": 325 }, "geometry": { "type": "Polygon", "coordinates": [ [ [ 127.017981289981748, 37.685808288738123 ], [ 127.017966706772569, 37.688061553916356 ], [ 127.020802105464199, 37.688073109620596 ], [ 127.020816602900581, 37.685819843508988 ], [ 127.017981289981748, 37.685808288738123 ] ] ] } },
{ "type": "Feature", "properties": { "display_grid_id": "11320_00309", "gu_code": 11320, "gu_name": "도봉구", "source_cell_count": 14, "area_m2": 62500.0, "mean_actual_lst": 29.1011, "mean_actual_anomaly": -6.0757, "seoul_anomaly": -8.6672, "pred_anomaly": -5.8661, "pred_anomaly_std": 0.5547, "green_delta_c": -0.3442, "building_ratio": 0.0049, "green_ratio": 0.7925, "ndvi": 0.5155, "impervious_ratio": 0.0503, "built_surface_ratio": 0.0503, "avg_ground_floor_count": 1.04, "elevation_m": 256.6851, "albedo": 0.1199, "nearest_park_distance_m": 1383.05, "park_area_within_500m": 0.0, "nearest_stream_distance_m": 1265.4632, "est_population_density": 0.0, "dong_elderly_ratio": 0.3099, "dong_avg_age": 50.5, "dong_pop_density": 2346.0, "nearest_shelter_distance_m": 1662.0952, "shelter_count_within_500m": 0.0, "est_population": 0.0, "est_elderly": 0.0, "shelter_capacity_within_500m": 0.0, "building_form_group": "no_building", "dong_name": "도봉1동", "top1_feature": "built_surface_ratio", "top1_shap": -1.4182, "top2_feature": "impervious_ratio", "top2_shap": -1.196, "top3_feature": "green_ratio", "top3_shap": -1.044, "priority_score": 29.25, "priority_rank": 329 }, "geometry": { "type": "Polygon", "coordinates": [ [ [ 127.020816602900581, 37.685819843508988 ], [ 127.020802105464199, 37.688073109620596 ], [ 127.023637505771163, 37.688084597156326 ], [ 127.023651917434563, 37.68583133011682 ], [ 127.020816602900581, 37.685819843508988 ] ] ] } },
{ "type": "Feature", "properties": { "display_grid_id": "11320_00310", "gu_code": 11320, "gu_name": "도봉구", "source_cell_count": 15, "area_m2": 62500.0, "mean_actual_lst": 28.8928, "mean_actual_anomaly": -6.2857, "seoul_anomaly": -8.8772, "pred_anomaly": -5.5226, "pred_anomaly_std": 0.5855, "green_delta_c": -0.3845, "building_ratio": 0.0023, "green_ratio": 0.7885, "ndvi": 0.5082, "impervious_ratio": 0.0535, "built_surface_ratio": 0.0535, "avg_ground_floor_count": 0.4, "elevation_m": 189.9897, "albedo": 0.1155, "nearest_park_distance_m": 1169.1896, "park_area_within_500m": 0.0, "nearest_stream_distance_m": 1152.1004, "est_population_density": 0.0, "dong_elderly_ratio": 0.3099, "dong_avg_age": 50.5, "dong_pop_density": 2346.0, "nearest_shelter_distance_m": 1402.4096, "shelter_count_within_500m": 0.0, "est_population": 0.0, "est_elderly": 0.0, "shelter_capacity_within_500m": 0.0, "building_form_group": "no_building", "dong_name": "도봉1동", "top1_feature": "built_surface_ratio", "top1_shap": -1.3609, "top2_feature": "impervious_ratio", "top2_shap": -1.1634, "top3_feature": "green_ratio", "top3_shap": -0.9276, "priority_score": 29.109, "priority_rank": 331 }, "geometry": { "type": "Polygon", "coordinates": [ [ [ 127.023651917434563, 37.68583133011682 ], [ 127.023637505771163, 37.688084597156326 ], [ 127.026472907683853, 37.688096016523403 ], [ 127.026487233574073, 37.685842748561505 ], [ 127.023651917434563, 37.68583133011682 ] ] ] } },
{ "type": "Feature", "properties": { "display_grid_id": "11320_00311", "gu_code": 11320, "gu_name": "도봉구", "source_cell_count": 11, "area_m2": 62500.0, "mean_actual_lst": 28.9987, "mean_actual_anomaly": -6.245, "seoul_anomaly": -8.8365, "pred_anomaly": -5.3491, "pred_anomaly_std": 0.5478, "green_delta_c": -0.4384, "building_ratio": 0.0004, "green_ratio": 0.7993, "ndvi": 0.5106, "impervious_ratio": 0.0509, "built_surface_ratio": 0.0509, "avg_ground_floor_count": 0.08, "elevation_m": 156.0379, "albedo": 0.1214, "nearest_park_distance_m": 991.4744, "park_area_within_500m": 0.0, "nearest_stream_distance_m": 1081.7564, "est_population_density": 0.0, "dong_elderly_ratio": 0.3099, "dong_avg_age": 50.5, "dong_pop_density": 2346.0, "nearest_shelter_distance_m": 1162.8232, "shelter_count_within_500m": 0.0, "est_population": 0.0, "est_elderly": 0.0, "shelter_capacity_within_500m": 0.0, "building_form_group": "no_building", "dong_name": "도봉1동", "top1_feature": "built_surface_ratio", "top1_shap": -1.3991, "top2_feature": "impervious_ratio", "top2_shap": -1.2184, "top3_feature": "green_ratio", "top3_shap": -0.8666, "priority_score": 28.8974, "priority_rank": 333 }, "geometry": { "type": "Polygon", "coordinates": [ [ [ 127.026487233574073, 37.685842748561505 ], [ 127.026472907683853, 37.688096016523403 ], [ 127.02930831119275, 37.68810736772172 ], [ 127.029322551309619, 37.685854098842945 ], [ 127.026487233574073, 37.685842748561505 ] ] ] } },
{ "type": "Feature", "properties": { "display_grid_id": "11320_00312", "gu_code": 11320, "gu_name": "도봉구", "source_cell_count": 11, "area_m2": 62500.0, "mean_actual_lst": 30.1136, "mean_actual_anomaly": -5.1301, "seoul_anomaly": -7.7216, "pred_anomaly": -4.52, "pred_anomaly_std": 0.7123, "green_delta_c": -0.7104, "building_ratio": 0.0098, "green_ratio": 0.7579, "ndvi": 0.4873, "impervious_ratio": 0.0844, "built_surface_ratio": 0.0844, "avg_ground_floor_count": 0.6, "elevation_m": 125.5253, "albedo": 0.1231, "nearest_park_distance_m": 817.7168, "park_area_within_500m": 0.0, "nearest_stream_distance_m": 1055.6756, "est_population_density": 0.0, "dong_elderly_ratio": 0.3099, "dong_avg_age": 50.5, "dong_pop_density": 2346.0, "nearest_shelter_distance_m": 903.5284, "shelter_count_within_500m": 0.0, "est_population": 0.0, "est_elderly": 0.0, "shelter_capacity_within_500m": 0.0, "building_form_group": "no_building", "dong_name": "도봉1동", "top1_feature": "built_surface_ratio", "top1_shap": -1.1113, "top2_feature": "green_ratio", "top2_shap": -1.042, "top3_feature": "impervious_ratio", "top3_shap": -0.9122, "priority_score": 40.7564, "priority_rank": 270 }, "geometry": { "type": "Polygon", "coordinates": [ [ [ 127.029322551309619, 37.685854098842945 ], [ 127.02930831119275, 37.68810736772172 ], [ 127.032143716288303, 37.688118650751157 ], [ 127.032157870631593, 37.685865380961005 ], [ 127.029322551309619, 37.685854098842945 ] ] ] } },
{ "type": "Feature", "properties": { "display_grid_id": "11320_00313", "gu_code": 11320, "gu_name": "도봉구", "source_cell_count": 12, "area_m2": 62500.0, "mean_actual_lst": 31.7763, "mean_actual_anomaly": -3.338, "seoul_anomaly": -5.9295, "pred_anomaly": -2.5382, "pred_anomaly_std": 0.8194, "green_delta_c": -0.7852, "building_ratio": 0.059, "green_ratio": 0.6453, "ndvi": 0.4352, "impervious_ratio": 0.1985, "built_surface_ratio": 0.1985, "avg_ground_floor_count": 0.7021, "elevation_m": 92.1515, "albedo": 0.1331, "nearest_park_distance_m": 645.4424, "park_area_within_500m": 0.0, "nearest_stream_distance_m": 1003.6044, "est_population_density": 0.0, "dong_elderly_ratio": 0.3099, "dong_avg_age": 50.5, "dong_pop_density": 2346.0, "nearest_shelter_distance_m": 664.674, "shelter_count_within_500m": 0.0, "est_population": 0.0, "est_elderly": 0.0, "shelter_capacity_within_500m": 0.0, "building_form_group": "no_building", "dong_name": "도봉1동", "top1_feature": "green_ratio", "top1_shap": -0.9266, "top2_feature": "built_surface_ratio", "top2_shap": -0.3621, "top3_feature": "ndvi", "top3_shap": -0.6507, "priority_score": 46.3654, "priority_rank": 232 }, "geometry": { "type": "Polygon", "coordinates": [ [ [ 127.032157870631593, 37.685865380961005 ], [ 127.032143716288303, 37.688118650751157 ], [ 127.034979122960905, 37.6881298656116 ], [ 127.034993191530461, 37.685876594915577 ], [ 127.032157870631593, 37.685865380961005 ] ] ] } },
{ "type": "Feature", "properties": { "display_grid_id": "11320_00314", "gu_code": 11320, "gu_name": "도봉구", "source_cell_count": 11, "area_m2": 62500.0, "mean_actual_lst": 32.3593, "mean_actual_anomaly": -2.5985, "seoul_anomaly": -5.19, "pred_anomaly": -2.3355, "pred_anomaly_std": 0.7501, "green_delta_c": -0.6346, "building_ratio": 0.0476, "green_ratio": 0.6189, "ndvi": 0.4518, "impervious_ratio": 0.2179, "built_surface_ratio": 0.2179, "avg_ground_floor_count": 0.8398, "elevation_m": 81.3991, "albedo": 0.1306, "nearest_park_distance_m": 413.242, "park_area_within_500m": 18177.8564, "nearest_stream_distance_m": 941.1152, "est_population_density": 0.0, "dong_elderly_ratio": 0.3099, "dong_avg_age": 50.5, "dong_pop_density": 2346.0, "nearest_shelter_distance_m": 407.5412, "shelter_count_within_500m": 1.48, "est_population": 0.0, "est_elderly": 0.0, "shelter_capacity_within_500m": 370.0, "building_form_group": "low_floor_low_density", "dong_name": "도봉1동", "top1_feature": "green_ratio", "top1_shap": -0.9679, "top2_feature": "built_surface_ratio", "top2_shap": -0.2367, "top3_feature": "ndvi", "top3_shap": -0.6339, "priority_score": 41.3397, "priority_rank": 266 }, "geometry": { "type": "Polygon", "coordinates": [ [ [ 127.034993191530461, 37.685876594915577 ], [ 127.034979122960905, 37.6881298656116 ], [ 127.037814531201064, 37.688141012302928 ], [ 127.037828513996686, 37.685887740706541 ], [ 127.034993191530461, 37.685876594915577 ] ] ] } },
{ "type": "Feature", "properties": { "display_grid_id": "11320_00315", "gu_code": 11320, "gu_name": "도봉구", "source_cell_count": 14, "area_m2": 62500.0, "mean_actual_lst": 35.4233, "mean_actual_anomaly": 0.271, "seoul_anomaly": -2.3205, "pred_anomaly": 0.1012, "pred_anomaly_std": 0.8207, "green_delta_c": -0.6181, "building_ratio": 0.0935, "green_ratio": 0.4288, "ndvi": 0.3484, "impervious_ratio": 0.3777, "built_surface_ratio": 0.3777, "avg_ground_floor_count": 1.5696, "elevation_m": 62.814, "albedo": 0.1301, "nearest_park_distance_m": 186.0716, "park_area_within_500m": 57824.9804, "nearest_stream_distance_m": 850.5456, "est_population_density": 1944.0, "dong_elderly_ratio": 0.3099, "dong_avg_age": 50.5, "dong_pop_density": 2346.0, "nearest_shelter_distance_m": 178.9236, "shelter_count_within_500m": 4.2, "est_population": 121.5, "est_elderly": 37.7, "shelter_capacity_within_500m": 930.0, "building_form_group": "low_floor_low_density", "dong_name": "도봉1동", "top1_feature": "built_surface_ratio", "top1_shap": 0.4193, "top2_feature": "ndvi", "top2_shap": -0.5206, "top3_feature": "green_ratio", "top3_shap": -0.5079, "priority_score": 49.7949, "priority_rank": 210 }, "geometry": { "type": "Polygon", "coordinates": [ [ [ 127.037828513996686, 37.685887740706541 ], [ 127.037814531201064, 37.688141012302928 ], [ 127.040649940999174, 37.688152090825021 ], [ 127.040663838020706, 37.685898818333783 ], [ 127.037828513996686, 37.685887740706541 ] ] ] } },
{ "type": "Feature", "properties": { "display_grid_id": "11320_00316", "gu_code": 11320, "gu_name": "도봉구", "source_cell_count": 13, "area_m2": 62500.0, "mean_actual_lst": 39.5554, "mean_actual_anomaly": 4.6388, "seoul_anomaly": 2.0473, "pred_anomaly": 3.4114, "pred_anomaly_std": 0.799, "green_delta_c": -0.9424, "building_ratio": 0.2612, "green_ratio": 0.2324, "ndvi": 0.185, "impervious_ratio": 0.5202, "built_surface_ratio": 0.5202, "avg_ground_floor_count": 3.5152, "elevation_m": 50.7067, "albedo": 0.118, "nearest_park_distance_m": 56.4472, "park_area_within_500m": 65365.2516, "nearest_stream_distance_m": 667.8668, "est_population_density": 21710.4, "dong_elderly_ratio": 0.3099, "dong_avg_age": 50.5, "dong_pop_density": 2346.0, "nearest_shelter_distance_m": 100.2324, "shelter_count_within_500m": 5.8, "est_population": 1356.9, "est_elderly": 420.4, "shelter_capacity_within_500m": 1522.7, "building_form_group": "low_floor_low_density", "dong_name": "도봉1동", "top1_feature": "built_surface_ratio", "top1_shap": 0.6923, "top2_feature": "impervious_ratio", "top2_shap": 0.672, "top3_feature": "green_ratio", "top3_shap": 0.3409, "priority_score": 74.2564, "priority_rank": 22 }, "geometry": { "type": "Polygon", "coordinates": [ [ [ 127.040663838020706, 37.685898818333783 ], [ 127.040649940999174, 37.688152090825021 ], [ 127.043485352345712, 37.688163101177764 ], [ 127.043499163592926, 37.685909827797175 ], [ 127.040663838020706, 37.685898818333783 ] ] ] } },
{ "type": "Feature", "properties": { "display_grid_id": "11320_00317", "gu_code": 11320, "gu_name": "도봉구", "source_cell_count": 12, "area_m2": 62500.0, "mean_actual_lst": 39.9795, "mean_actual_anomaly": 5.0242, "seoul_anomaly": 2.4327, "pred_anomaly": 4.0927, "pred_anomaly_std": 0.8026, "green_delta_c": -0.9487, "building_ratio": 0.2186, "green_ratio": 0.2253, "ndvi": 0.1629, "impervious_ratio": 0.5017, "built_surface_ratio": 0.5017, "avg_ground_floor_count": 2.3225, "elevation_m": 45.4204, "albedo": 0.1099, "nearest_park_distance_m": 140.3296, "park_area_within_500m": 79262.5676, "nearest_stream_distance_m": 456.2316, "est_population_density": 12790.4, "dong_elderly_ratio": 0.3099, "dong_avg_age": 50.5, "dong_pop_density": 2346.0, "nearest_shelter_distance_m": 128.2404, "shelter_count_within_500m": 7.08, "est_population": 799.4, "est_elderly": 247.6, "shelter_capacity_within_500m": 1882.2, "building_form_group": "low_floor_low_density", "dong_name": "도봉1동", "top1_feature": "built_surface_ratio", "top1_shap": 0.7862, "top2_feature": "impervious_ratio", "top2_shap": 0.6708, "top3_feature": "green_ratio", "top3_shap": 0.3065, "priority_score": 74.5192, "priority_rank": 20 }, "geometry": { "type": "Polygon", "coordinates": [ [ [ 127.043499163592926, 37.685909827797175 ], [ 127.043485352345712, 37.688163101177764 ], [ 127.046320765231087, 37.688174043361066 ], [ 127.046334490703856, 37.685920769096619 ], [ 127.043499163592926, 37.685909827797175 ] ] ] } },
{ "type": "Feature", "properties": { "display_grid_id": "11320_00318", "gu_code": 11320, "gu_name": "도봉구", "source_cell_count": 14, "area_m2": 62500.0, "mean_actual_lst": 37.0961, "mean_actual_anomaly": 1.4634, "seoul_anomaly": -1.1281, "pred_anomaly": 0.9537, "pred_anomaly_std": 0.8821, "green_delta_c": -0.8216, "building_ratio": 0.1892, "green_ratio": 0.304, "ndvi": 0.2857, "impervious_ratio": 0.2786, "built_surface_ratio": 0.2786, "avg_ground_floor_count": 13.9484, "elevation_m": 44.7122, "albedo": 0.0918, "nearest_park_distance_m": 67.5328, "park_area_within_500m": 166342.4728, "nearest_stream_distance_m": 212.7408, "est_population_density": 8697.2, "dong_elderly_ratio": 0.2852, "dong_avg_age": 48.5, "dong_pop_density": 22778.1, "nearest_shelter_distance_m": 123.0308, "shelter_count_within_500m": 8.04, "est_population": 543.6, "est_elderly": 155.1, "shelter_capacity_within_500m": 1349.5, "building_form_group": "high_floor_low_density", "dong_name": "도봉2동", "top1_feature": "built_surface_ratio", "top1_shap": 0.4364, "top2_feature": "impervious_ratio", "top2_shap": 0.3662, "top3_feature": "avg_ground_floor_count", "top3_shap": -0.2484, "priority_score": 57.0769, "priority_rank": 151 }, "geometry": { "type": "Polygon", "coordinates": [ [ [ 127.046334490703856, 37.685920769096619 ], [ 127.046320765231087, 37.688174043361066 ], [ 127.049156179645806, 37.688184917374777 ], [ 127.049169819343888, 37.685931642231992 ], [ 127.046334490703856, 37.685920769096619 ] ] ] } },
{ "type": "Feature", "properties": { "display_grid_id": "11320_00319", "gu_code": 11320, "gu_name": "도봉구", "source_cell_count": 7, "area_m2": 26257.23, "mean_actual_lst": 39.0312, "mean_actual_anomaly": 3.1937, "seoul_anomaly": 0.6022, "pred_anomaly": 1.9896, "pred_anomaly_std": 0.7937, "green_delta_c": -0.8335, "building_ratio": 0.1181, "green_ratio": 0.2978, "ndvi": 0.2471, "impervious_ratio": 0.4211, "built_surface_ratio": 0.4211, "avg_ground_floor_count": 5.8357, "elevation_m": 36.6885, "albedo": 0.1307, "nearest_park_distance_m": 11.2063, "park_area_within_500m": 261879.6656, "nearest_stream_distance_m": 72.8479, "est_population_density": 11542.6305, "dong_elderly_ratio": 0.2852, "dong_avg_age": 48.5, "dong_pop_density": 22778.1, "nearest_shelter_distance_m": 114.7322, "shelter_count_within_500m": 8.4182, "est_population": 303.1, "est_elderly": 86.5, "shelter_capacity_within_500m": 613.9, "building_form_group": "high_floor_low_density", "dong_name": "도봉2동", "top1_feature": "built_surface_ratio", "top1_shap": 0.6337, "top2_feature": "impervious_ratio", "top2_shap": 0.6297, "top3_feature": "ndvi", "top3_shap": -0.1679, "priority_score": 60.6923, "priority_rank": 120 }, "geometry": { "type": "Polygon", "coordinates": [ [ [ 127.049169819343888, 37.685931642231992 ], [ 127.049156179645806, 37.688184917374777 ], [ 127.049808255336927, 37.688187408488723 ], [ 127.04982002, 37.68797705 ], [ 127.04998471, 37.68761039 ], [ 127.050466209999982, 37.68682692 ], [ 127.05064314, 37.68650785 ], [ 127.050920670000011, 37.6861586 ], [ 127.05108569, 37.6860552 ], [ 127.051329387145657, 37.685939878172874 ], [ 127.049169819343888, 37.685931642231992 ] ] ] } },
{ "type": "Feature", "properties": { "display_grid_id": "11320_00320", "gu_code": 11320, "gu_name": "도봉구", "source_cell_count": 8, "area_m2": 24911.31, "mean_actual_lst": 27.2944, "mean_actual_anomaly": -7.7015, "seoul_anomaly": -10.293, "pred_anomaly": -7.0867, "pred_anomaly_std": 0.4143, "green_delta_c": -0.2345, "building_ratio": 0.0, "green_ratio": 0.7726, "ndvi": 0.4565, "impervious_ratio": 0.0583, "built_surface_ratio": 0.0583, "avg_ground_floor_count": 0.0, "elevation_m": 492.855, "albedo": 0.1235, "nearest_park_distance_m": 2535.7465, "park_area_within_500m": 0.0, "nearest_stream_distance_m": 1933.7407, "est_population_density": 0.0, "dong_elderly_ratio": 0.3099, "dong_avg_age": 50.5, "dong_pop_density": 2346.0, "nearest_shelter_distance_m": 2817.9727, "shelter_count_within_500m": 0.0, "est_population": 0.0, "est_elderly": 0.0, "shelter_capacity_within_500m": 0.0, "building_form_group": "no_building", "dong_name": "도봉1동", "top1_feature": "built_surface_ratio", "top1_shap": -1.4547, "top2_feature": "impervious_ratio", "top2_shap": -1.269, "top3_feature": "elevation_m", "top3_shap": -1.1323, "priority_score": 25.5513, "priority_rank": 373 }, "geometry": { "type": "Polygon", "coordinates": [ [ [ 127.00944567830507, 37.690279739270487 ], [ 127.009460520485021, 37.688026477793649 ], [ 127.008453376375243, 37.688022284107795 ], [ 127.008327150000014, 37.68850676 ], [ 127.00831902, 37.68880042 ], [ 127.008292749999981, 37.69011499 ], [ 127.008224924492168, 37.690274654764671 ], [ 127.00944567830507, 37.690279739270487 ] ] ] } },
{ "type": "Feature", "properties": { "display_grid_id": "11320_00321", "gu_code": 11320, "gu_name": "도봉구", "source_cell_count": 15, "area_m2": 62500.0, "mean_actual_lst": 27.5781, "mean_actual_anomaly": -7.3841, "seoul_anomaly": -9.9756, "pred_anomaly": -6.692, "pred_anomaly_std": 0.425, "green_delta_c": -0.4388, "building_ratio": 0.0, "green_ratio": 0.7621, "ndvi": 0.437, "impervious_ratio": 0.0626, "built_surface_ratio": 0.0626, "avg_ground_floor_count": 0.0, "elevation_m": 437.9552, "albedo": 0.1259, "nearest_park_distance_m": 2390.2396, "park_area_within_500m": 0.0, "nearest_stream_distance_m": 1853.9472, "est_population_density": 0.0, "dong_elderly_ratio": 0.3099, "dong_avg_age": 50.5, "dong_pop_density": 2346.0, "nearest_shelter_distance_m": 2660.3764, "shelter_count_within_500m": 0.0, "est_population": 0.0, "est_elderly": 0.0, "shelter_capacity_within_500m": 0.0, "building_form_group": "no_building", "dong_name": "도봉1동", "top1_feature": "built_surface_ratio", "top1_shap": -1.3784, "top2_feature": "impervious_ratio", "top2_shap": -1.192, "top3_feature": "elevation_m", "top3_shap": -1.0385, "priority_score": 29.9807, "priority_rank": 322 }, "geometry": { "type": "Polygon", "coordinates": [ [ [ 127.009460520485021, 37.688026477793649 ], [ 127.00944567830507, 37.690279739270487 ], [ 127.012281157875222, 37.690291500429559 ], [ 127.012295914273423, 37.688038238002754 ], [ 127.009460520485021, 37.688026477793649 ] ] ] } },
{ "type": "Feature", "properties": { "display_grid_id": "11320_00322", "gu_code": 11320, "gu_name": "도봉구", "source_cell_count": 13, "area_m2": 62500.0, "mean_actual_lst": 27.4982, "mean_actual_anomaly": -7.3754, "seoul_anomaly": -9.967, "pred_anomaly": -6.4729, "pred_anomaly_std": 0.4757, "green_delta_c": -0.3678, "building_ratio": 0.0, "green_ratio": 0.7617, "ndvi": 0.438, "impervious_ratio": 0.0549, "built_surface_ratio": 0.0549, "avg_ground_floor_count": 0.0, "elevation_m": 361.205, "albedo": 0.1291, "nearest_park_distance_m": 2155.776, "park_area_within_500m": 0.0, "nearest_stream_distance_m": 1745.3868, "est_population_density": 0.0, "dong_elderly_ratio": 0.3099, "dong_avg_age": 50.5, "dong_pop_density": 2346.0, "nearest_shelter_distance_m": 2400.5636, "shelter_count_within_500m": 0.0, "est_population": 0.0, "est_elderly": 0.0, "shelter_capacity_within_500m": 0.0, "building_form_group": "no_building", "dong_name": "도봉1동", "top1_feature": "built_surface_ratio", "top1_shap": -1.421, "top2_feature": "impervious_ratio", "top2_shap": -1.163, "top3_feature": "green_ratio", "top3_shap": -0.6456, "priority_score": 28.1474, "priority_rank": 341 }, "geometry": { "type": "Polygon", "coordinates": [ [ [ 127.012295914273423, 37.688038238002754 ], [ 127.012281157875222, 37.690291500429559 ], [ 127.015116639089555, 37.690303193414969 ], [ 127.015131309705765, 37.688049930043697 ], [ 127.012295914273423, 37.688038238002754 ] ] ] } },
{ "type": "Feature", "properties": { "display_grid_id": "11320_00323", "gu_code": 11320, "gu_name": "도봉구", "source_cell_count": 13, "area_m2": 62500.0, "mean_actual_lst": 27.3136, "mean_actual_anomaly": -7.3804, "seoul_anomaly": -9.9719, "pred_anomaly": -6.2666, "pred_anomaly_std": 0.5129, "green_delta_c": -0.4145, "building_ratio": 0.0, "green_ratio": 0.7629, "ndvi": 0.4717, "impervious_ratio": 0.0555, "built_surface_ratio": 0.0555, "avg_ground_floor_count": 0.0, "elevation_m": 316.3924, "albedo": 0.1241, "nearest_park_distance_m": 1945.108, "park_area_within_500m": 0.0, "nearest_stream_distance_m": 1668.0684, "est_population_density": 0.0, "dong_elderly_ratio": 0.3099, "dong_avg_age": 50.5, "dong_pop_density": 2346.0, "nearest_shelter_distance_m": 2160.774, "shelter_count_within_500m": 0.0, "est_population": 0.0, "est_elderly": 0.0, "shelter_capacity_within_500m": 0.0, "building_form_group": "no_building", "dong_name": "도봉1동", "top1_feature": "built_surface_ratio", "top1_shap": -1.3856, "top2_feature": "impervious_ratio", "top2_shap": -1.1383, "top3_feature": "green_ratio", "top3_shap": -0.7633, "priority_score": 28.5577, "priority_rank": 336 }, "geometry": { "type": "Polygon", "coordinates": [ [ [ 127.015131309705765, 37.688049930043697 ], [ 127.015116639089555, 37.690303193414969 ], [ 127.017952121938507, 37.690314818226582 ], [ 127.017966706772569, 37.688061553916356 ], [ 127.015131309705765, 37.688049930043697 ] ] ] } },
{ "type": "Feature", "properties": { "display_grid_id": "11320_00324", "gu_code": 11320, "gu_name": "도봉구", "source_cell_count": 16, "area_m2": 62500.0, "mean_actual_lst": 28.3825, "mean_actual_anomaly": -6.5843, "seoul_anomaly": -9.1759, "pred_anomaly": -5.9725, "pred_anomaly_std": 0.5101, "green_delta_c": -0.4204, "building_ratio": 0.0021, "green_ratio": 0.7742, "ndvi": 0.5197, "impervious_ratio": 0.0621, "built_surface_ratio": 0.0621, "avg_ground_floor_count": 0.08, "elevation_m": 280.5215, "albedo": 0.1296, "nearest_park_distance_m": 1725.5668, "park_area_within_500m": 0.0, "nearest_stream_distance_m": 1598.9344, "est_population_density": 0.0, "dong_elderly_ratio": 0.3099, "dong_avg_age": 50.5, "dong_pop_density": 2346.0, "nearest_shelter_distance_m": 1901.0632, "shelter_count_within_500m": 0.0, "est_population": 0.0, "est_elderly": 0.0, "shelter_capacity_within_500m": 0.0, "building_form_group": "no_building", "dong_name": "도봉1동", "top1_feature": "built_surface_ratio", "top1_shap": -1.2703, "top2_feature": "impervious_ratio", "top2_shap": -1.0661, "top3_feature": "green_ratio", "top3_shap": -0.9861, "priority_score": 29.968, "priority_rank": 323 }, "geometry": { "type": "Polygon", "coordinates": [ [ [ 127.017966706772569, 37.688061553916356 ], [ 127.017952121938507, 37.690314818226582 ], [ 127.020787606412512, 37.690326374864284 ], [ 127.020802105464199, 37.688073109620596 ], [ 127.017966706772569, 37.688061553916356 ] ] ] } },
{ "type": "Feature", "properties": { "display_grid_id": "11320_00325", "gu_code": 11320, "gu_name": "도봉구", "source_cell_count": 12, "area_m2": 62500.0, "mean_actual_lst": 29.1486, "mean_actual_anomaly": -5.9555, "seoul_anomaly": -8.547, "pred_anomaly": -5.6561, "pred_anomaly_std": 0.5332, "green_delta_c": -0.3347, "building_ratio": 0.0142, "green_ratio": 0.7651, "ndvi": 0.5512, "impervious_ratio": 0.0871, "built_surface_ratio": 0.0871, "avg_ground_floor_count": 0.72, "elevation_m": 240.1907, "albedo": 0.1293, "nearest_park_distance_m": 1528.9428, "park_area_within_500m": 0.0, "nearest_stream_distance_m": 1496.7072, "est_population_density": 0.0, "dong_elderly_ratio": 0.3099, "dong_avg_age": 50.5, "dong_pop_density": 2346.0, "nearest_shelter_distance_m": 1661.412, "shelter_count_within_500m": 0.0, "est_population": 0.0, "est_elderly": 0.0, "shelter_capacity_within_500m": 0.0, "building_form_group": "no_building", "dong_name": "도봉1동", "top1_feature": "green_ratio", "top1_shap": -1.1633, "top2_feature": "built_surface_ratio", "top2_shap": -1.1059, "top3_feature": "impervious_ratio", "top3_shap": -0.6282, "priority_score": 30.7628, "priority_rank": 312 }, "geometry": { "type": "Polygon", "coordinates": [ [ [ 127.020802105464199, 37.688073109620596 ], [ 127.020787606412512, 37.690326374864284 ], [ 127.023623092501992, 37.690337863327969 ], [ 127.023637505771163, 37.688084597156326 ], [ 127.020802105464199, 37.688073109620596 ] ] ] } },
{ "type": "Feature", "properties": { "display_grid_id": "11320_00326", "gu_code": 11320, "gu_name": "도봉구", "source_cell_count": 15, "area_m2": 62500.0, "mean_actual_lst": 29.2225, "mean_actual_anomaly": -5.9033, "seoul_anomaly": -8.4949, "pred_anomaly": -5.5678, "pred_anomaly_std": 0.7747, "green_delta_c": -0.3279, "building_ratio": 0.001, "green_ratio": 0.794, "ndvi": 0.5144, "impervious_ratio": 0.0643, "built_surface_ratio": 0.0643, "avg_ground_floor_count": 0.08, "elevation_m": 188.7252, "albedo": 0.1341, "nearest_park_distance_m": 1311.0564, "park_area_within_500m": 0.0, "nearest_stream_distance_m": 1395.1312, "est_population_density": 0.0, "dong_elderly_ratio": 0.3099, "dong_avg_age": 50.5, "dong_pop_density": 2346.0, "nearest_shelter_distance_m": 1401.9232, "shelter_count_within_500m": 0.0, "est_population": 0.0, "est_elderly": 0.0, "shelter_capacity_within_500m": 0.0, "building_form_group": "no_building", "dong_name": "도봉1동", "top1_feature": "built_surface_ratio", "top1_shap": -1.2872, "top2_feature": "impervious_ratio", "top2_shap": -1.0915, "top3_feature": "green_ratio", "top3_shap": -0.9241, "priority_score": 29.1987, "priority_rank": 330 }, "geometry": { "type": "Polygon", "coordinates": [ [ [ 127.023637505771163, 37.688084597156326 ], [ 127.023623092501992, 37.690337863327969 ], [ 127.026458580197442, 37.690349283617493 ], [ 127.026472907683853, 37.688096016523403 ], [ 127.023637505771163, 37.688084597156326 ] ] ] } },
{ "type": "Feature", "properties": { "display_grid_id": "11320_00327", "gu_code": 11320, "gu_name": "도봉구", "source_cell_count": 15, "area_m2": 62500.0, "mean_actual_lst": 28.9933, "mean_actual_anomaly": -6.1326, "seoul_anomaly": -8.7241, "pred_anomaly": -5.4741, "pred_anomaly_std": 0.5352, "green_delta_c": -0.3148, "building_ratio": 0.0041, "green_ratio": 0.7966, "ndvi": 0.4946, "impervious_ratio": 0.0495, "built_surface_ratio": 0.0495, "avg_ground_floor_count": 0.24, "elevation_m": 157.5132, "albedo": 0.1447, "nearest_park_distance_m": 1089.8404, "park_area_within_500m": 0.0, "nearest_stream_distance_m": 1337.2088, "est_population_density": 0.0, "dong_elderly_ratio": 0.3099, "dong_avg_age": 50.5, "dong_pop_density": 2346.0, "nearest_shelter_distance_m": 1162.6, "shelter_count_within_500m": 0.0, "est_population": 0.0, "est_elderly": 0.0, "shelter_capacity_within_500m": 0.0, "building_form_group": "no_building", "dong_name": "도봉1동", "top1_feature": "built_surface_ratio", "top1_shap": -1.4614, "top2_feature": "impervious_ratio", "top2_shap": -1.262, "top3_feature": "green_ratio", "top3_shap": -0.9479, "priority_score": 26.5449, "priority_rank": 360 }, "geometry": { "type": "Polygon", "coordinates": [ [ [ 127.026472907683853, 37.688096016523403 ], [ 127.026458580197442, 37.690349283617493 ], [ 127.029294069489268, 37.690360635732752 ], [ 127.02930831119275, 37.68810736772172 ], [ 127.026472907683853, 37.688096016523403 ] ] ] } },
{ "type": "Feature", "properties": { "display_grid_id": "11320_00328", "gu_code": 11320, "gu_name": "도봉구", "source_cell_count": 14, "area_m2": 62500.0, "mean_actual_lst": 29.3471, "mean_actual_anomaly": -5.7787, "seoul_anomaly": -8.3702, "pred_anomaly": -5.324, "pred_anomaly_std": 0.546, "green_delta_c": -0.4748, "building_ratio": 0.0, "green_ratio": 0.8007, "ndvi": 0.4702, "impervious_ratio": 0.0477, "built_surface_ratio": 0.0477, "avg_ground_floor_count": 0.0, "elevation_m": 134.9897, "albedo": 0.1398, "nearest_park_distance_m": 832.0996, "park_area_within_500m": 0.0, "nearest_stream_distance_m": 1311.498, "est_population_density": 0.0, "dong_elderly_ratio": 0.3099, "dong_avg_age": 50.5, "dong_pop_density": 2346.0, "nearest_shelter_distance_m": 903.744, "shelter_count_within_500m": 0.0, "est_population": 0.0, "est_elderly": 0.0, "shelter_capacity_within_500m": 0.0, "building_form_group": "no_building", "dong_name": "도봉1동", "top1_feature": "built_surface_ratio", "top1_shap": -1.4793, "top2_feature": "impervious_ratio", "top2_shap": -1.2932, "top3_feature": "green_ratio", "top3_shap": -0.8552, "priority_score": 30.6859, "priority_rank": 314 }, "geometry": { "type": "Polygon", "coordinates": [ [ [ 127.02930831119275, 37.68810736772172 ], [ 127.029294069489268, 37.690360635732752 ], [ 127.03212956036792, 37.690371919673623 ], [ 127.032143716288303, 37.688118650751157 ], [ 127.02930831119275, 37.68810736772172 ] ] ] } },
{ "type": "Feature", "properties": { "display_grid_id": "11320_00329", "gu_code": 11320, "gu_name": "도봉구", "source_cell_count": 16, "area_m2": 62500.0, "mean_actual_lst": 30.319, "mean_actual_anomaly": -4.7298, "seoul_anomaly": -7.3213, "pred_anomaly": -4.6098, "pred_anomaly_std": 0.6372, "green_delta_c": -0.7362, "building_ratio": 0.0006, "green_ratio": 0.7827, "ndvi": 0.4605, "impervious_ratio": 0.0701, "built_surface_ratio": 0.0701, "avg_ground_floor_count": 0.32, "elevation_m": 115.9348, "albedo": 0.1412, "nearest_park_distance_m": 594.2796, "park_area_within_500m": 0.0, "nearest_stream_distance_m": 1249.6572, "est_population_density": 0.0, "dong_elderly_ratio": 0.3099, "dong_avg_age": 50.5, "dong_pop_density": 2346.0, "nearest_shelter_distance_m": 665.5976, "shelter_count_within_500m": 0.0, "est_population": 0.0, "est_elderly": 0.0, "shelter_capacity_within_500m": 0.0, "building_form_group": "no_building", "dong_name": "도봉1동", "top1_feature": "built_surface_ratio", "top1_shap": -1.1666, "top2_feature": "impervious_ratio", "top2_shap": -1.0089, "top3_feature": "green_ratio", "top3_shap": -0.9394, "priority_score": 41.1602, "priority_rank": 267 }, "geometry": { "type": "Polygon", "coordinates": [ [ [ 127.032143716288303, 37.688118650751157 ], [ 127.03212956036792, 37.690371919673623 ], [ 127.034965052823821, 37.690383135439987 ], [ 127.034979122960905, 37.6881298656116 ], [ 127.032143716288303, 37.688118650751157 ] ] ] } },
{ "type": "Feature", "properties": { "display_grid_id": "11320_00330", "gu_code": 11320, "gu_name": "도봉구", "source_cell_count": 14, "area_m2": 62500.0, "mean_actual_lst": 30.773, "mean_actual_anomaly": -4.2029, "seoul_anomaly": -6.7944, "pred_anomaly": -4.5359, "pred_anomaly_std": 0.6554, "green_delta_c": -0.6342, "building_ratio": 0.0, "green_ratio": 0.7773, "ndvi": 0.4583, "impervious_ratio": 0.0709, "built_surface_ratio": 0.0709, "avg_ground_floor_count": 0.0, "elevation_m": 89.2125, "albedo": 0.1331, "nearest_park_distance_m": 340.3608, "park_area_within_500m": 29166.3988, "nearest_stream_distance_m": 1134.8204, "est_population_density": 0.0, "dong_elderly_ratio": 0.3099, "dong_avg_age": 50.5, "dong_pop_density": 2346.0, "nearest_shelter_distance_m": 410.1984, "shelter_count_within_500m": 1.72, "est_population": 0.0, "est_elderly": 0.0, "shelter_capacity_within_500m": 430.0, "building_form_group": "no_building", "dong_name": "도봉1동", "top1_feature": "built_surface_ratio", "top1_shap": -1.2619, "top2_feature": "impervious_ratio", "top2_shap": -1.115, "top3_feature": "green_ratio", "top3_shap": -0.9003, "priority_score": 37.9295, "priority_rank": 280 }, "geometry": { "type": "Polygon", "coordinates": [ [ [ 127.034979122960905, 37.6881298656116 ], [ 127.034965052823821, 37.690383135439987 ], [ 127.037800546847464, 37.690394283031715 ], [ 127.037814531201064, 37.688141012302928 ], [ 127.034979122960905, 37.6881298656116 ] ] ] } },
{ "type": "Feature", "properties": { "display_grid_id": "11320_00331", "gu_code": 11320, "gu_name": "도봉구", "source_cell_count": 16, "area_m2": 62500.0, "mean_actual_lst": 33.0879, "mean_actual_anomaly": -1.7903, "seoul_anomaly": -4.3819, "pred_anomaly": -2.6307, "pred_anomaly_std": 0.7029, "green_delta_c": -0.7237, "building_ratio": 0.0187, "green_ratio": 0.6601, "ndvi": 0.4812, "impervious_ratio": 0.1912, "built_surface_ratio": 0.1912, "avg_ground_floor_count": 0.6908, "elevation_m": 60.3624, "albedo": 0.1284, "nearest_park_distance_m": 119.3216, "park_area_within_500m": 64514.7916, "nearest_stream_distance_m": 928.2252, "est_population_density": 30.4, "dong_elderly_ratio": 0.3099, "dong_avg_age": 50.5, "dong_pop_density": 2346.0, "nearest_shelter_distance_m": 187.0696, "shelter_count_within_500m": 3.72, "est_population": 1.9, "est_elderly": 0.6, "shelter_capacity_within_500m": 795.0, "building_form_group": "no_building", "dong_name": "도봉1동", "top1_feature": "green_ratio", "top1_shap": -1.0031, "top2_feature": "built_surface_ratio", "top2_shap": -0.4002, "top3_feature": "ndvi", "top3_shap": -0.5983, "priority_score": 48.5641, "priority_rank": 220 }, "geometry": { "type": "Polygon", "coordinates": [ [ [ 127.037814531201064, 37.688141012302928 ], [ 127.037800546847464, 37.690394283031715 ], [ 127.040636042429242, 37.690405362448736 ], [ 127.040649940999174, 37.688152090825021 ], [ 127.037814531201064, 37.688141012302928 ] ] ] } },
{ "type": "Feature", "properties": { "display_grid_id": "11320_00332", "gu_code": 11320, "gu_name": "도봉구", "source_cell_count": 15, "area_m2": 62500.0, "mean_actual_lst": 39.1604, "mean_actual_anomaly": 4.4045, "seoul_anomaly": 1.813, "pred_anomaly": 3.1258, "pred_anomaly_std": 0.8106, "green_delta_c": -0.9378, "building_ratio": 0.1604, "green_ratio": 0.2131, "ndvi": 0.2485, "impervious_ratio": 0.6508, "built_surface_ratio": 0.6508, "avg_ground_floor_count": 1.4749, "elevation_m": 44.6874, "albedo": 0.1172, "nearest_park_distance_m": 20.6344, "park_area_within_500m": 77267.408, "nearest_stream_distance_m": 672.2076, "est_population_density": 4604.8, "dong_elderly_ratio": 0.3099, "dong_avg_age": 50.5, "dong_pop_density": 2346.0, "nearest_shelter_distance_m": 86.204, "shelter_count_within_500m": 4.32, "est_population": 287.8, "est_elderly": 89.3, "shelter_capacity_within_500m": 896.0, "building_form_group": "low_floor_low_density", "dong_name": "도봉1동", "top1_feature": "built_surface_ratio", "top1_shap": 0.9116, "top2_feature": "impervious_ratio", "top2_shap": 0.8658, "top3_feature": "green_ratio", "top3_shap": 0.497, "priority_score": 67.2692, "priority_rank": 67 }, "geometry": { "type": "Polygon", "coordinates": [ [ [ 127.040649940999174, 37.688152090825021 ], [ 127.040636042429242, 37.690405362448736 ], [ 127.043471539559619, 37.69041637369088 ], [ 127.043485352345712, 37.688163101177764 ], [ 127.040649940999174, 37.688152090825021 ] ] ] } },
{ "type": "Feature", "properties": { "display_grid_id": "11320_00333", "gu_code": 11320, "gu_name": "도봉구", "source_cell_count": 14, "area_m2": 62500.0, "mean_actual_lst": 39.96, "mean_actual_anomaly": 5.0345, "seoul_anomaly": 2.443, "pred_anomaly": 3.7392, "pred_anomaly_std": 0.808, "green_delta_c": -0.8921, "building_ratio": 0.1399, "green_ratio": 0.1955, "ndvi": 0.1967, "impervious_ratio": 0.6501, "built_surface_ratio": 0.6501, "avg_ground_floor_count": 2.135, "elevation_m": 38.9261, "albedo": 0.1239, "nearest_park_distance_m": 80.9072, "park_area_within_500m": 101371.7704, "nearest_stream_distance_m": 436.0876, "est_population_density": 1237.6, "dong_elderly_ratio": 0.3, "dong_avg_age": 49.7, "dong_pop_density": 10518.84, "nearest_shelter_distance_m": 181.5816, "shelter_count_within_500m": 5.52, "est_population": 77.4, "est_elderly": 24.0, "shelter_capacity_within_500m": 1250.0, "building_form_group": "low_floor_low_density", "dong_name": "도봉1동", "top1_feature": "built_surface_ratio", "top1_shap": 0.9637, "top2_feature": "impervious_ratio", "top2_shap": 0.8905, "top3_feature": "green_ratio", "top3_shap": 0.4051, "priority_score": 72.5641, "priority_rank": 31 }, "geometry": { "type": "Polygon", "coordinates": [ [ [ 127.043485352345712, 37.688163101177764 ], [ 127.043471539559619, 37.69041637369088 ], [ 127.04630703822906, 37.690427316758068 ], [ 127.046320765231087, 37.688174043361066 ], [ 127.043485352345712, 37.688163101177764 ] ] ] } },
{ "type": "Feature", "properties": { "display_grid_id": "11320_00334", "gu_code": 11320, "gu_name": "도봉구", "source_cell_count": 15, "area_m2": 62500.0, "mean_actual_lst": 36.7475, "mean_actual_anomaly": 1.0836, "seoul_anomaly": -1.5079, "pred_anomaly": 0.5309, "pred_anomaly_std": 0.8329, "green_delta_c": -0.5752, "building_ratio": 0.0406, "green_ratio": 0.4283, "ndvi": 0.3568, "impervious_ratio": 0.4054, "built_surface_ratio": 0.4054, "avg_ground_floor_count": 1.4512, "elevation_m": 33.2772, "albedo": 0.1452, "nearest_park_distance_m": 145.7264, "park_area_within_500m": 157549.1952, "nearest_stream_distance_m": 179.3644, "est_population_density": 0.0, "dong_elderly_ratio": 0.2852, "dong_avg_age": 48.5, "dong_pop_density": 22778.1, "nearest_shelter_distance_m": 221.9276, "shelter_count_within_500m": 4.36, "est_population": 0.0, "est_elderly": 0.0, "shelter_capacity_within_500m": 833.3, "building_form_group": "low_floor_low_density", "dong_name": "도봉2동", "top1_feature": "green_ratio", "top1_shap": -0.478, "top2_feature": "ndvi", "top2_shap": -0.587, "top3_feature": "impervious_ratio", "top3_shap": 0.5704, "priority_score": 42.9807, "priority_rank": 257 }, "geometry": { "type": "Polygon", "coordinates": [ [ [ 127.046320765231087, 37.688174043361066 ], [ 127.04630703822906, 37.690427316758068 ], [ 127.049142538427958, 37.690438191650188 ], [ 127.049156179645806, 37.688184917374777 ], [ 127.046320765231087, 37.688174043361066 ] ] ] } },
{ "type": "Feature", "properties": { "display_grid_id": "11320_00335", "gu_code": 11320, "gu_name": "도봉구", "source_cell_count": 8, "area_m2": 15153.44, "mean_actual_lst": 37.0582, "mean_actual_anomaly": 1.0573, "seoul_anomaly": -1.5342, "pred_anomaly": 0.0983, "pred_anomaly_std": 0.8938, "green_delta_c": -0.8342, "building_ratio": 0.0041, "green_ratio": 0.4922, "ndvi": 0.3521, "impervious_ratio": 0.3053, "built_surface_ratio": 0.3053, "avg_ground_floor_count": 0.33, "elevation_m": 31.0535, "albedo": 0.1463, "nearest_park_distance_m": 100.3291, "park_area_within_500m": 204282.6933, "nearest_stream_distance_m": 52.8575, "est_population_density": 0.0, "dong_elderly_ratio": 0.2852, "dong_avg_age": 48.5, "dong_pop_density": 22778.1, "nearest_shelter_distance_m": 192.0484, "shelter_count_within_500m": 4.8226, "est_population": 0.0, "est_elderly": 0.0, "shelter_capacity_within_500m": 275.4, "building_form_group": "no_building", "dong_name": "도봉2동", "top1_feature": "impervious_ratio", "top1_shap": 0.6111, "top2_feature": "green_ratio", "top2_shap": -0.5424, "top3_feature": "ndvi", "top3_shap": -0.3329, "priority_score": 48.5962, "priority_rank": 219 }, "geometry": { "type": "Polygon", "coordinates": [ [ [ 127.049156179645806, 37.688184917374777 ], [ 127.049142538427958, 37.690438191650188 ], [ 127.050010259073858, 37.690441505963122 ], [ 127.05001258, 37.69041915 ], [ 127.049861730000018, 37.68972041 ], [ 127.04975103, 37.68920718 ], [ 127.049791490000018, 37.68848611 ], [ 127.04980462, 37.68825241 ], [ 127.049808255336927, 37.688187408488723 ], [ 127.049156179645806, 37.688184917374777 ] ] ] } },
{ "type": "Feature", "properties": { "display_grid_id": "11320_00336", "gu_code": 11320, "gu_name": "도봉구", "source_cell_count": 8, "area_m2": 31187.88, "mean_actual_lst": 27.4417, "mean_actual_anomaly": -7.6319, "seoul_anomaly": -10.2235, "pred_anomaly": -6.9063, "pred_anomaly_std": 0.8428, "green_delta_c": -0.2288, "building_ratio": 0.0, "green_ratio": 0.78, "ndvi": 0.4991, "impervious_ratio": 0.0656, "built_surface_ratio": 0.0656, "avg_ground_floor_count": 0.0, "elevation_m": 514.3336, "albedo": 0.1483, "nearest_park_distance_m": 2649.3807, "park_area_within_500m": 0.0, "nearest_stream_distance_m": 2143.6013, "est_population_density": 0.0, "dong_elderly_ratio": 0.3099, "dong_avg_age": 50.5, "dong_pop_density": 2346.0, "nearest_shelter_distance_m": 2839.287, "shelter_count_within_500m": 0.0, "est_population": 0.0, "est_elderly": 0.0, "shelter_capacity_within_500m": 0.0, "building_form_group": "no_building", "dong_name": "도봉1동", "top1_feature": "built_surface_ratio", "top1_shap": -1.3508, "top2_feature": "elevation_m", "top2_shap": -1.2429, "top3_feature": "impervious_ratio", "top3_shap": -0.8603, "priority_score": 25.5577, "priority_rank": 372 }, "geometry": { "type": "Polygon", "coordinates": [ [ [ 127.009430834471374, 37.692532999879155 ], [ 127.00944567830507, 37.690279739270487 ], [ 127.008224924492168, 37.690274654764671 ], [ 127.008062859999981, 37.69065616 ], [ 127.00762076, 37.69161853 ], [ 127.00826636, 37.69215908 ], [ 127.008711386047381, 37.692530004715486 ], [ 127.009430834471374, 37.692532999879155 ] ] ] } },
{ "type": "Feature", "properties": { "display_grid_id": "11320_00337", "gu_code": 11320, "gu_name": "도봉구", "source_cell_count": 12, "area_m2": 62500.0, "mean_actual_lst": 27.8848, "mean_actual_anomaly": -7.232, "seoul_anomaly": -9.8235, "pred_anomaly": -6.7553, "pred_anomaly_std": 0.6374, "green_delta_c": -0.3253, "building_ratio": 0.0, "green_ratio": 0.7703, "ndvi": 0.4899, "impervious_ratio": 0.0737, "built_surface_ratio": 0.0737, "avg_ground_floor_count": 0.0, "elevation_m": 464.6672, "albedo": 0.1543, "nearest_park_distance_m": 2498.05, "park_area_within_500m": 0.0, "nearest_stream_distance_m": 2068.8408, "est_population_density": 0.0, "dong_elderly_ratio": 0.3099, "dong_avg_age": 50.5, "dong_pop_density": 2346.0, "nearest_shelter_distance_m": 2665.8492, "shelter_count_within_500m": 0.0, "est_population": 0.0, "est_elderly": 0.0, "shelter_capacity_within_500m": 0.0, "building_form_group": "no_building", "dong_name": "도봉1동", "top1_feature": "built_surface_ratio", "top1_shap": -1.2541, "top2_feature": "elevation_m", "top2_shap": -1.212, "top3_feature": "impervious_ratio", "top3_shap": -0.7779, "priority_score": 27.8654, "priority_rank": 344 }, "geometry": { "type": "Polygon", "coordinates": [ [ [ 127.00944567830507, 37.690279739270487 ], [ 127.009430834471374, 37.692532999879155 ], [ 127.012266399832868, 37.692544761988266 ], [ 127.012281157875222, 37.690291500429559 ], [ 127.00944567830507, 37.690279739270487 ] ] ] } },
{ "type": "Feature", "properties": { "display_grid_id": "11320_00338", "gu_code": 11320, "gu_name": "도봉구", "source_cell_count": 9, "area_m2": 62500.0, "mean_actual_lst": 27.9283, "mean_actual_anomaly": -7.0429, "seoul_anomaly": -9.6345, "pred_anomaly": -6.5372, "pred_anomaly_std": 0.4118, "green_delta_c": -0.3042, "building_ratio": 0.0, "green_ratio": 0.7544, "ndvi": 0.4997, "impervious_ratio": 0.0884, "built_surface_ratio": 0.0884, "avg_ground_floor_count": 0.0, "elevation_m": 404.0559, "albedo": 0.1465, "nearest_park_distance_m": 2274.3536, "park_area_within_500m": 0.0, "nearest_stream_distance_m": 1969.7444, "est_population_density": 0.0, "dong_elderly_ratio": 0.3099, "dong_avg_age": 50.5, "dong_pop_density": 2346.0, "nearest_shelter_distance_m": 2406.6252, "shelter_count_within_500m": 0.0, "est_population": 0.0, "est_elderly": 0.0, "shelter_capacity_within_500m": 0.0, "building_form_group": "no_building", "dong_name": "도봉1동", "top1_feature": "elevation_m", "top1_shap": -1.1415, "top2_feature": "built_surface_ratio", "top2_shap": -0.9791, "top3_feature": "green_ratio", "top3_shap": -0.7526, "priority_score": 27.8782, "priority_rank": 343 }, "geometry": { "type": "Polygon", "coordinates": [ [ [ 127.012281157875222, 37.690291500429559 ], [ 127.012266399832868, 37.692544761988266 ], [ 127.015101966838728, 37.692556455918194 ], [ 127.015116639089555, 37.690303193414969 ], [ 127.012281157875222, 37.690291500429559 ] ] ] } },
{ "type": "Feature", "properties": { "display_grid_id": "11320_00339", "gu_code": 11320, "gu_name": "도봉구", "source_cell_count": 9, "area_m2": 62500.0, "mean_actual_lst": 27.6806, "mean_actual_anomaly": -7.0287, "seoul_anomaly": -9.6203, "pred_anomaly": -6.6192, "pred_anomaly_std": 0.3979, "green_delta_c": -0.2781, "building_ratio": 0.0, "green_ratio": 0.7807, "ndvi": 0.5277, "impervious_ratio": 0.0681, "built_surface_ratio": 0.0681, "avg_ground_floor_count": 0.0, "elevation_m": 364.1432, "albedo": 0.1388, "nearest_park_distance_m": 2064.6504, "park_area_within_500m": 0.0, "nearest_stream_distance_m": 1899.7188, "est_population_density": 0.0, "dong_elderly_ratio": 0.3099, "dong_avg_age": 50.5, "dong_pop_density": 2346.0, "nearest_shelter_distance_m": 2167.506, "shelter_count_within_500m": 0.0, "est_population": 0.0, "est_elderly": 0.0, "shelter_capacity_within_500m": 0.0, "building_form_group": "no_building", "dong_name": "도봉1동", "top1_feature": "built_surface_ratio", "top1_shap": -1.3029, "top2_feature": "impervious_ratio", "top2_shap": -0.9146, "top3_feature": "elevation_m", "top3_shap": -0.8482, "priority_score": 26.1218, "priority_rank": 363 }, "geometry": { "type": "Polygon", "coordinates": [ [ [ 127.015116639089555, 37.690303193414969 ], [ 127.015101966838728, 37.692556455918194 ], [ 127.017937535479405, 37.692568081668838 ], [ 127.017952121938507, 37.690314818226582 ], [ 127.015116639089555, 37.690303193414969 ] ] ] } },
{ "type": "Feature", "properties": { "display_grid_id": "11320_00340", "gu_code": 11320, "gu_name": "도봉구", "source_cell_count": 12, "area_m2": 62500.0, "mean_actual_lst": 27.9609, "mean_actual_anomaly": -6.7471, "seoul_anomaly": -9.3386, "pred_anomaly": -6.5756, "pred_anomaly_std": 0.4216, "green_delta_c": -0.222, "building_ratio": 0.0, "green_ratio": 0.7908, "ndvi": 0.5462, "impervious_ratio": 0.0658, "built_surface_ratio": 0.0658, "avg_ground_floor_count": 0.0, "elevation_m": 337.0396, "albedo": 0.1439, "nearest_park_distance_m": 1825.5724, "park_area_within_500m": 0.0, "nearest_stream_distance_m": 1818.7448, "est_population_density": 0.0, "dong_elderly_ratio": 0.3099, "dong_avg_age": 50.5, "dong_pop_density": 2346.0, "nearest_shelter_distance_m": 1908.712, "shelter_count_within_500m": 0.0, "est_population": 0.0, "est_elderly": 0.0, "shelter_capacity_within_500m": 0.0, "building_form_group": "no_building", "dong_name": "도봉1동", "top1_feature": "built_surface_ratio", "top1_shap": -1.331, "top2_feature": "impervious_ratio", "top2_shap": -0.9807, "top3_feature": "green_ratio", "top3_shap": -0.8155, "priority_score": 25.8269, "priority_rank": 368 }, "geometry": { "type": "Polygon", "coordinates": [ [ [ 127.017952121938507, 37.690314818226582 ], [ 127.017937535479405, 37.692568081668838 ], [ 127.02077310574532, 37.692579639240044 ], [ 127.020787606412512, 37.690326374864284 ], [ 127.017952121938507, 37.690314818226582 ] ] ] } },
{ "type": "Feature", "properties": { "display_grid_id": "11320_00341", "gu_code": 11320, "gu_name": "도봉구", "source_cell_count": 10, "area_m2": 62500.0, "mean_actual_lst": 28.717, "mean_actual_anomaly": -6.3355, "seoul_anomaly": -8.927, "pred_anomaly": -5.9432, "pred_anomaly_std": 0.4491, "green_delta_c": -0.3041, "building_ratio": 0.0, "green_ratio": 0.7704, "ndvi": 0.5329, "impervious_ratio": 0.091, "built_surface_ratio": 0.091, "avg_ground_floor_count": 0.0, "elevation_m": 276.1099, "albedo": 0.1375, "nearest_park_distance_m": 1591.9964, "park_area_within_500m": 0.0, "nearest_stream_distance_m": 1713.5144, "est_population_density": 0.0, "dong_elderly_ratio": 0.3099, "dong_avg_age": 50.5, "dong_pop_density": 2346.0, "nearest_shelter_distance_m": 1670.16, "shelter_count_within_500m": 0.0, "est_population": 0.0, "est_elderly": 0.0, "shelter_capacity_within_500m": 0.0, "building_form_group": "no_building", "dong_name": "도봉1동", "top1_feature": "built_surface_ratio", "top1_shap": -1.0204, "top2_feature": "green_ratio", "top2_shap": -0.995, "top3_feature": "elevation_m", "top3_shap": -0.7883, "priority_score": 28.5577, "priority_rank": 337 }, "geometry": { "type": "Polygon", "coordinates": [ [ [ 127.020787606412512, 37.690326374864284 ], [ 127.02077310574532, 37.692579639240044 ], [ 127.023608677626896, 37.692591128631726 ], [ 127.023623092501992, 37.690337863327969 ], [ 127.020787606412512, 37.690326374864284 ] ] ] } },
{ "type": "Feature", "properties": { "display_grid_id": "11320_00342", "gu_code": 11320, "gu_name": "도봉구", "source_cell_count": 11, "area_m2": 62500.0, "mean_actual_lst": 28.8291, "mean_actual_anomaly": -6.2968, "seoul_anomaly": -8.8883, "pred_anomaly": -5.836, "pred_anomaly_std": 0.4996, "green_delta_c": -0.34, "building_ratio": 0.0, "green_ratio": 0.8113, "ndvi": 0.5357, "impervious_ratio": 0.0557, "built_surface_ratio": 0.0557, "avg_ground_floor_count": 0.0, "elevation_m": 226.2538, "albedo": 0.1395, "nearest_park_distance_m": 1332.602, "park_area_within_500m": 0.0, "nearest_stream_distance_m": 1623.9848, "est_population_density": 0.0, "dong_elderly_ratio": 0.3099, "dong_avg_age": 50.5, "dong_pop_density": 2346.0, "nearest_shelter_distance_m": 1412.2824, "shelter_count_within_500m": 0.0, "est_population": 0.0, "est_elderly": 0.0, "shelter_capacity_within_500m": 0.0, "building_form_group": "no_building", "dong_name": "도봉1동", "top1_feature": "built_surface_ratio", "top1_shap": -1.3684, "top2_feature": "impervious_ratio", "top2_shap": -1.1728, "top3_feature": "green_ratio", "top3_shap": -0.889, "priority_score": 26.9615, "priority_rank": 351 }, "geometry": { "type": "Polygon", "coordinates": [ [ [ 127.023623092501992, 37.690337863327969 ], [ 127.023608677626896, 37.692591128631726 ], [ 127.02644425111464, 37.692602549843755 ], [ 127.026458580197442, 37.690349283617493 ], [ 127.023623092501992, 37.690337863327969 ] ] ] } },
{ "type": "Feature", "properties": { "display_grid_id": "11320_00343", "gu_code": 11320, "gu_name": "도봉구", "source_cell_count": 12, "area_m2": 62500.0, "mean_actual_lst": 29.1994, "mean_actual_anomaly": -5.9265, "seoul_anomaly": -8.518, "pred_anomaly": -5.7203, "pred_anomaly_std": 0.5278, "green_delta_c": -0.2816, "building_ratio": 0.0, "green_ratio": 0.8081, "ndvi": 0.5177, "impervious_ratio": 0.053, "built_surface_ratio": 0.053, "avg_ground_floor_count": 0.0, "elevation_m": 200.0563, "albedo": 0.1506, "nearest_park_distance_m": 1093.0932, "park_area_within_500m": 0.0, "nearest_stream_distance_m": 1574.312, "est_population_density": 0.0, "dong_elderly_ratio": 0.3099, "dong_avg_age": 50.5, "dong_pop_density": 2346.0, "nearest_shelter_distance_m": 1175.068, "shelter_count_within_500m": 0.0, "est_population": 0.0, "est_elderly": 0.0, "shelter_capacity_within_500m": 0.0, "building_form_group": "no_building", "dong_name": "도봉1동", "top1_feature": "built_surface_ratio", "top1_shap": -1.4177, "top2_feature": "impervious_ratio", "top2_shap": -1.227, "top3_feature": "green_ratio", "top3_shap": -0.8729, "priority_score": 26.6346, "priority_rank": 359 }, "geometry": { "type": "Polygon", "coordinates": [ [ [ 127.026458580197442, 37.690349283617493 ], [ 127.02644425111464, 37.692602549843755 ], [ 127.02927982619893, 37.692613902876005 ], [ 127.029294069489268, 37.690360635732752 ], [ 127.026458580197442, 37.690349283617493 ] ] ] } },
{ "type": "Feature", "properties": { "display_grid_id": "11320_00344", "gu_code": 11320, "gu_name": "도봉구", "source_cell_count": 12, "area_m2": 62500.0, "mean_actual_lst": 29.5771, "mean_actual_anomaly": -5.5488, "seoul_anomaly": -8.1403, "pred_anomaly": -5.1504, "pred_anomaly_std": 0.69, "green_delta_c": -0.4833, "building_ratio": 0.0016, "green_ratio": 0.7722, "ndvi": 0.4985, "impervious_ratio": 0.087, "built_surface_ratio": 0.087, "avg_ground_floor_count": 0.16, "elevation_m": 159.6269, "albedo": 0.136, "nearest_park_distance_m": 834.9108, "park_area_within_500m": 0.0, "nearest_stream_distance_m": 1529.3956, "est_population_density": 0.0, "dong_elderly_ratio": 0.3099, "dong_avg_age": 50.5, "dong_pop_density": 2346.0, "nearest_shelter_distance_m": 920.6016, "shelter_count_within_500m": 0.0, "est_population": 0.0, "est_elderly": 0.0, "shelter_capacity_within_500m": 0.0, "building_form_group": "no_building", "dong_name": "도봉1동", "top1_feature": "green_ratio", "top1_shap": -1.0513, "top2_feature": "built_surface_ratio", "top2_shap": -0.9975, "top3_feature": "impervious_ratio", "top3_shap": -0.842, "priority_score": 33.3141, "priority_rank": 297 }, "geometry": { "type": "Polygon", "coordinates": [ [ [ 127.029294069489268, 37.690360635732752 ], [ 127.02927982619893, 37.692613902876005 ], [ 127.032115402870261, 37.692625187728353 ], [ 127.03212956036792, 37.690371919673623 ], [ 127.029294069489268, 37.690360635732752 ] ] ] } },
{ "type": "Feature", "properties": { "display_grid_id": "11320_00345", "gu_code": 11320, "gu_name": "도봉구", "source_cell_count": 11, "area_m2": 47439.61, "mean_actual_lst": 29.4303, "mean_actual_anomaly": -5.5678, "seoul_anomaly": -8.1593, "pred_anomaly": -5.1786, "pred_anomaly_std": 0.5765, "green_delta_c": -0.5848, "building_ratio": 0.0, "green_ratio": 0.8054, "ndvi": 0.4917, "impervious_ratio": 0.0562, "built_surface_ratio": 0.0562, "avg_ground_floor_count": 0.0, "elevation_m": 133.4674, "albedo": 0.1337, "nearest_park_distance_m": 590.0513, "park_area_within_500m": 0.0, "nearest_stream_distance_m": 1363.0442, "est_population_density": 0.0, "dong_elderly_ratio": 0.3099, "dong_avg_age": 50.5, "dong_pop_density": 2346.0, "nearest_shelter_distance_m": 676.4233, "shelter_count_within_500m": 0.0, "est_population": 0.0, "est_elderly": 0.0, "shelter_capacity_within_500m": 0.0, "building_form_group": "no_building", "dong_name": "도봉1동", "top1_feature": "built_surface_ratio", "top1_shap": -1.3662, "top2_feature": "impervious_ratio", "top2_shap": -1.18, "top3_feature": "green_ratio", "top3_shap": -0.8622, "priority_score": 33.5962, "priority_rank": 296 }, "geometry": { "type": "Polygon", "coordinates": [ [ [ 127.034965052823821, 37.690383135439987 ], [ 127.03212956036792, 37.690371919673623 ], [ 127.032115402870261, 37.692625187728353 ], [ 127.032217163271739, 37.692625591440695 ], [ 127.03233938, 37.69213835 ], [ 127.03241402, 37.69183904 ], [ 127.03359643, 37.69202145 ], [ 127.03396172, 37.69199798 ], [ 127.03425909, 37.69222511 ], [ 127.03492788, 37.69230854 ], [ 127.034952987565916, 37.692315132182237 ], [ 127.034965052823821, 37.690383135439987 ] ] ] } },
{ "type": "Feature", "properties": { "display_grid_id": "11320_00346", "gu_code": 11320, "gu_name": "도봉구", "source_cell_count": 12, "area_m2": 59352.76, "mean_actual_lst": 30.1424, "mean_actual_anomaly": -4.8486, "seoul_anomaly": -7.4402, "pred_anomaly": -4.9735, "pred_anomaly_std": 0.5874, "green_delta_c": -0.6376, "building_ratio": 0.0, "green_ratio": 0.8178, "ndvi": 0.4836, "impervious_ratio": 0.0466, "built_surface_ratio": 0.0466, "avg_ground_floor_count": 0.0, "elevation_m": 93.1879, "albedo": 0.1234, "nearest_park_distance_m": 334.2386, "park_area_within_500m": 19235.9489, "nearest_stream_distance_m": 1111.3324, "est_population_density": 0.0, "dong_elderly_ratio": 0.3099, "dong_avg_age": 50.5, "dong_pop_density": 2346.0, "nearest_shelter_distance_m": 438.5024, "shelter_count_within_500m": 0.7899, "est_population": 0.0, "est_elderly": 0.0, "shelter_capacity_within_500m": 190.0, "building_form_group": "no_building", "dong_name": "도봉1동", "top1_feature": "built_surface_ratio", "top1_shap": -1.5102, "top2_feature": "impervious_ratio", "top2_shap": -1.3418, "top3_feature": "green_ratio", "top3_shap": -0.7737, "priority_score": 34.9038, "priority_rank": 292 }, "geometry": { "type": "Polygon", "coordinates": [ [ [ 127.037786560935714, 37.692647552892915 ], [ 127.037800546847464, 37.690394283031715 ], [ 127.034965052823821, 37.690383135439987 ], [ 127.034952987565916, 37.692315132182237 ], [ 127.03562526, 37.69249164 ], [ 127.03565022, 37.6924722 ], [ 127.035776320000011, 37.69237419 ], [ 127.036328400000016, 37.69252297 ], [ 127.036762850000017, 37.69263996 ], [ 127.036765657343651, 37.692643546918148 ], [ 127.037786560935714, 37.692647552892915 ] ] ] } },
{ "type": "Feature", "properties": { "display_grid_id": "11320_00347", "gu_code": 11320, "gu_name": "도봉구", "source_cell_count": 11, "area_m2": 62500.0, "mean_actual_lst": 32.1446, "mean_actual_anomaly": -2.7995, "seoul_anomaly": -5.391, "pred_anomaly": -3.5069, "pred_anomaly_std": 0.6507, "green_delta_c": -0.7791, "building_ratio": 0.0108, "green_ratio": 0.7382, "ndvi": 0.4923, "impervious_ratio": 0.1222, "built_surface_ratio": 0.1222, "avg_ground_floor_count": 0.3687, "elevation_m": 66.3471, "albedo": 0.1323, "nearest_park_distance_m": 118.6504, "park_area_within_500m": 58148.5756, "nearest_stream_distance_m": 878.1308, "est_population_density": 24.0, "dong_elderly_ratio": 0.3099, "dong_avg_age": 50.5, "dong_pop_density": 2346.0, "nearest_shelter_distance_m": 251.9272, "shelter_count_within_500m": 2.28, "est_population": 1.5, "est_elderly": 0.5, "shelter_capacity_within_500m": 555.0, "building_form_group": "no_building", "dong_name": "도봉1동", "top1_feature": "built_surface_ratio", "top1_shap": -0.8505, "top2_feature": "green_ratio", "top2_shap": -0.9263, "top3_feature": "impervious_ratio", "top3_shap": -0.7792, "priority_score": 50.0064, "priority_rank": 209 }, "geometry": { "type": "Polygon", "coordinates": [ [ [ 127.037800546847464, 37.690394283031715 ], [ 127.037786560935714, 37.692647552892915 ], [ 127.04062214231071, 37.692658633204886 ], [ 127.040636042429242, 37.690405362448736 ], [ 127.037800546847464, 37.690394283031715 ] ] ] } },
{ "type": "Feature", "properties": { "display_grid_id": "11320_00348", "gu_code": 11320, "gu_name": "도봉구", "source_cell_count": 14, "area_m2": 62500.0, "mean_actual_lst": 36.582, "mean_actual_anomaly": 1.7263, "seoul_anomaly": -0.8653, "pred_anomaly": 0.3506, "pred_anomaly_std": 0.7607, "green_delta_c": -0.7315, "building_ratio": 0.0713, "green_ratio": 0.4431, "ndvi": 0.3797, "impervious_ratio": 0.4151, "built_surface_ratio": 0.4151, "avg_ground_floor_count": 0.9441, "elevation_m": 44.0806, "albedo": 0.1296, "nearest_park_distance_m": 66.0976, "park_area_within_500m": 109526.3112, "nearest_stream_distance_m": 624.6924, "est_population_density": 1047.2, "dong_elderly_ratio": 0.3099, "dong_avg_age": 50.5, "dong_pop_density": 2346.0, "nearest_shelter_distance_m": 218.3864, "shelter_count_within_500m": 3.12, "est_population": 65.4, "est_elderly": 20.2, "shelter_capacity_within_500m": 667.5, "building_form_group": "no_building", "dong_name": "도봉1동", "top1_feature": "green_ratio", "top1_shap": -0.4205, "top2_feature": "built_surface_ratio", "top2_shap": 0.3983, "top3_feature": "ndvi", "top3_shap": -0.5758, "priority_score": 55.859, "priority_rank": 160 }, "geometry": { "type": "Polygon", "coordinates": [ [ [ 127.040636042429242, 37.690405362448736 ], [ 127.04062214231071, 37.692658633204886 ], [ 127.043457725234504, 37.692669645336508 ], [ 127.043471539559619, 37.69041637369088 ], [ 127.040636042429242, 37.690405362448736 ] ] ] } },
{ "type": "Feature", "properties": { "display_grid_id": "11320_00349", "gu_code": 11320, "gu_name": "도봉구", "source_cell_count": 12, "area_m2": 58930.89, "mean_actual_lst": 40.607, "mean_actual_anomaly": 5.4453, "seoul_anomaly": 2.8538, "pred_anomaly": 3.7049, "pred_anomaly_std": 0.8997, "green_delta_c": -0.9138, "building_ratio": 0.036, "green_ratio": 0.2127, "ndvi": 0.1674, "impervious_ratio": 0.6231, "built_surface_ratio": 0.6231, "avg_ground_floor_count": 1.1129, "elevation_m": 33.8294, "albedo": 0.1347, "nearest_park_distance_m": 107.1766, "park_area_within_500m": 115198.4806, "nearest_stream_distance_m": 399.789, "est_population_density": 0.0, "dong_elderly_ratio": 0.3006, "dong_avg_age": 49.7466, "dong_pop_density": 10042.8025, "nearest_shelter_distance_m": 338.3015, "shelter_count_within_500m": 3.2596, "est_population": 0.0, "est_elderly": 0.0, "shelter_capacity_within_500m": 611.5, "building_form_group": "low_floor_low_density", "dong_name": "도봉1동", "top1_feature": "built_surface_ratio", "top1_shap": 1.0417, "top2_feature": "impervious_ratio", "top2_shap": 0.9886, "top3_feature": "green_ratio", "top3_shap": 0.4873, "priority_score": 68.0577, "priority_rank": 58 }, "geometry": { "type": "Polygon", "coordinates": [ [ [ 127.04630703822906, 37.690427316758068 ], [ 127.043471539559619, 37.69041637369088 ], [ 127.043457725234504, 37.692669645336508 ], [ 127.04485989897583, 37.69267506555471 ], [ 127.04490432, 37.69240553 ], [ 127.04505173, 37.69238979 ], [ 127.045295810000013, 37.69236371 ], [ 127.04564907, 37.6923802 ], [ 127.04564978, 37.69237034 ], [ 127.04597313, 37.69242906 ], [ 127.045968550000012, 37.69246595 ], [ 127.04604066, 37.69249717000001 ], [ 127.046097540000019, 37.69252193 ], [ 127.04613883, 37.69253965 ], [ 127.04620475, 37.69256356 ], [ 127.04629382570144, 37.692595901794661 ], [ 127.04630703822906, 37.690427316758068 ] ] ] } },
{ "type": "Feature", "properties": { "display_grid_id": "11320_00350", "gu_code": 11320, "gu_name": "도봉구", "source_cell_count": 12, "area_m2": 62063.95, "mean_actual_lst": 40.9144, "mean_actual_anomaly": 5.1368, "seoul_anomaly": 2.5453, "pred_anomaly": 2.6003, "pred_anomaly_std": 0.992, "green_delta_c": -0.8106, "building_ratio": 0.097, "green_ratio": 0.3005, "ndvi": 0.2222, "impervious_ratio": 0.4983, "built_surface_ratio": 0.4983, "avg_ground_floor_count": 1.4196, "elevation_m": 32.0749, "albedo": 0.155, "nearest_park_distance_m": 194.6809, "park_area_within_500m": 117608.488, "nearest_stream_distance_m": 149.9582, "est_population_density": 0.0, "dong_elderly_ratio": 0.2852, "dong_avg_age": 48.5, "dong_pop_density": 22778.1, "nearest_shelter_distance_m": 435.7189, "shelter_count_within_500m": 1.4044, "est_population": 0.0, "est_elderly": 0.0, "shelter_capacity_within_500m": 180.3, "building_form_group": "low_floor_low_density", "dong_name": "도봉2동", "top1_feature": "built_surface_ratio", "top1_shap": 0.7834, "top2_feature": "impervious_ratio", "top2_shap": 0.7278, "top3_feature": "ndvi", "top3_shap": -0.0598, "priority_score": 62.9423, "priority_rank": 99 }, "geometry": { "type": "Polygon", "coordinates": [ [ [ 127.049142538427958, 37.690438191650188 ], [ 127.04630703822906, 37.690427316758068 ], [ 127.04629382570144, 37.692595901794661 ], [ 127.04641933, 37.69264147 ], [ 127.046518574089518, 37.692681455772998 ], [ 127.048966118285691, 37.692690842577107 ], [ 127.04907565, 37.69240617 ], [ 127.049131448480281, 37.692269858139227 ], [ 127.049142538427958, 37.690438191650188 ] ] ] } },
{ "type": "Feature", "properties": { "display_grid_id": "11320_00351", "gu_code": 11320, "gu_name": "도봉구", "source_cell_count": 5, "area_m2": 8461.23, "mean_actual_lst": 39.2938, "mean_actual_anomaly": 3.2929, "seoul_anomaly": 0.7014, "pred_anomaly": 1.9255, "pred_anomaly_std": 0.9401, "green_delta_c": -0.6646, "building_ratio": 0.019, "green_ratio": 0.3237, "ndvi": 0.2282, "impervious_ratio": 0.4703, "built_surface_ratio": 0.4703, "avg_ground_floor_count": 1.5094, "elevation_m": 30.9918, "albedo": 0.1555, "nearest_park_distance_m": 135.5625, "park_area_within_500m": 156766.6108, "nearest_stream_distance_m": 44.2711, "est_population_density": 0.0, "dong_elderly_ratio": 0.2852, "dong_avg_age": 48.5, "dong_pop_density": 22778.1, "nearest_shelter_distance_m": 360.5429, "shelter_count_within_500m": 1.9753, "est_population": 0.0, "est_elderly": 0.0, "shelter_capacity_within_500m": 39.0, "building_form_group": "low_floor_low_density", "dong_name": "도봉2동", "top1_feature": "built_surface_ratio", "top1_shap": 0.7768, "top2_feature": "impervious_ratio", "top2_shap": 0.7662, "top3_feature": "building_ratio", "top3_shap": -0.2904, "priority_score": 52.0577, "priority_rank": 196 }, "geometry": { "type": "Polygon", "coordinates": [ [ [ 127.049142538427958, 37.690438191650188 ], [ 127.049131448480281, 37.692269858139227 ], [ 127.04919876, 37.69210542 ], [ 127.049365730000019, 37.69168978 ], [ 127.04951512, 37.69148728 ], [ 127.04970769000002, 37.69122311000001 ], [ 127.049965750000013, 37.69087023 ], [ 127.050010259073858, 37.690441505963122 ], [ 127.049142538427958, 37.690438191650188 ] ] ] } },
{ "type": "Feature", "properties": { "display_grid_id": "11320_00352", "gu_code": 11320, "gu_name": "도봉구", "source_cell_count": 4, "area_m2": 2088.03, "mean_actual_lst": 27.696, "mean_actual_anomaly": -7.8154, "seoul_anomaly": -10.4069, "pred_anomaly": -5.4431, "pred_anomaly_std": 3.1701, "green_delta_c": -0.5015, "building_ratio": 0.0, "green_ratio": 0.7778, "ndvi": 0.4627, "impervious_ratio": 0.0533, "built_surface_ratio": 0.0533, "avg_ground_floor_count": 0.0, "elevation_m": 559.7292, "albedo": 0.17, "nearest_park_distance_m": 2676.4449, "park_area_within_500m": 0.0, "nearest_stream_distance_m": 2265.8067, "est_population_density": 0.0, "dong_elderly_ratio": 0.3099, "dong_avg_age": 50.5, "dong_pop_density": 2346.0, "nearest_shelter_distance_m": 2790.9325, "shelter_count_within_500m": 0.0, "est_population": 0.0, "est_elderly": 0.0, "shelter_capacity_within_500m": 0.0, "building_form_group": "no_building", "dong_name": "도봉1동", "top1_feature": "albedo", "top1_shap": 1.3754, "top2_feature": "elevation_m", "top2_shap": -1.2471, "top3_feature": "built_surface_ratio", "top3_shap": -1.2402, "priority_score": 29.75, "priority_rank": 326 }, "geometry": { "type": "Polygon", "coordinates": [ [ [ 127.009430834471374, 37.692532999879155 ], [ 127.008711386047381, 37.692530004715486 ], [ 127.009426925124416, 37.693126388059618 ], [ 127.009430834471374, 37.692532999879155 ] ] ] } },
{ "type": "Feature", "properties": { "display_grid_id": "11320_00353", "gu_code": 11320, "gu_name": "도봉구", "source_cell_count": 16, "area_m2": 58255.08, "mean_actual_lst": 27.7907, "mean_actual_anomaly": -7.7207, "seoul_anomaly": -10.3122, "pred_anomaly": -6.8885, "pred_anomaly_std": 0.8472, "green_delta_c": -0.2443, "building_ratio": 0.0, "green_ratio": 0.7649, "ndvi": 0.4787, "impervious_ratio": 0.0757, "built_surface_ratio": 0.0757, "avg_ground_floor_count": 0.0, "elevation_m": 538.1152, "albedo": 0.156, "nearest_park_distance_m": 2591.9225, "park_area_within_500m": 0.0, "nearest_stream_distance_m": 2298.3883, "est_population_density": 0.0, "dong_elderly_ratio": 0.3099, "dong_avg_age": 50.5, "dong_pop_density": 2346.0, "nearest_shelter_distance_m": 2683.493, "shelter_count_within_500m": 0.0, "est_population": 0.0, "est_elderly": 0.0, "shelter_capacity_within_500m": 0.0, "building_form_group": "no_building", "dong_name": "도봉1동", "top1_feature": "elevation_m", "top1_shap": -1.3107, "top2_feature": "built_surface_ratio", "top2_shap": -1.2443, "top3_feature": "impervious_ratio", "top3_shap": -0.5822, "priority_score": 25.9551, "priority_rank": 364 }, "geometry": { "type": "Polygon", "coordinates": [ [ [ 127.012251640146147, 37.694798022678853 ], [ 127.012266399832868, 37.692544761988266 ], [ 127.009430834471374, 37.692532999879155 ], [ 127.009426925124416, 37.693126388059618 ], [ 127.00971138, 37.69336347 ], [ 127.009692102652679, 37.694787408011635 ], [ 127.012251640146147, 37.694798022678853 ] ] ] } },
{ "type": "Feature", "properties": { "display_grid_id": "11320_00354", "gu_code": 11320, "gu_name": "도봉구", "source_cell_count": 15, "area_m2": 62500.0, "mean_actual_lst": 27.5836, "mean_actual_anomaly": -7.7318, "seoul_anomaly": -10.3233, "pred_anomaly": -6.8456, "pred_anomaly_std": 0.4328, "green_delta_c": -0.3325, "building_ratio": 0.0, "green_ratio": 0.7548, "ndvi": 0.5216, "impervious_ratio": 0.0928, "built_surface_ratio": 0.0928, "avg_ground_floor_count": 0.0, "elevation_m": 470.1655, "albedo": 0.1428, "nearest_park_distance_m": 2351.0796, "park_area_within_500m": 0.0, "nearest_stream_distance_m": 2215.8376, "est_population_density": 0.0, "dong_elderly_ratio": 0.3099, "dong_avg_age": 50.5, "dong_pop_density": 2346.0, "nearest_shelter_distance_m": 2439.958, "shelter_count_within_500m": 0.0, "est_population": 0.0, "est_elderly": 0.0, "shelter_capacity_within_500m": 0.0, "building_form_group": "no_building", "dong_name": "도봉1동", "top1_feature": "elevation_m", "top1_shap": -1.2595, "top2_feature": "built_surface_ratio", "top2_shap": -1.1161, "top3_feature": "green_ratio", "top3_shap": -0.7415, "priority_score": 27.1602, "priority_rank": 349 }, "geometry": { "type": "Polygon", "coordinates": [ [ [ 127.012266399832868, 37.692544761988266 ], [ 127.012251640146147, 37.694798022678853 ], [ 127.015087292953112, 37.694809717553369 ], [ 127.015101966838728, 37.692556455918194 ], [ 127.012266399832868, 37.692544761988266 ] ] ] } },
{ "type": "Feature", "properties": { "display_grid_id": "11320_00355", "gu_code": 11320, "gu_name": "도봉구", "source_cell_count": 15, "area_m2": 62500.0, "mean_actual_lst": 27.1993, "mean_actual_anomaly": -7.5036, "seoul_anomaly": -10.0951, "pred_anomaly": -6.9468, "pred_anomaly_std": 0.3849, "green_delta_c": -0.2015, "building_ratio": 0.0, "green_ratio": 0.7945, "ndvi": 0.5801, "impervious_ratio": 0.0658, "built_surface_ratio": 0.0658, "avg_ground_floor_count": 0.0, "elevation_m": 423.387, "albedo": 0.1379, "nearest_park_distance_m": 2113.2916, "park_area_within_500m": 0.0, "nearest_stream_distance_m": 2150.6496, "est_population_density": 0.0, "dong_elderly_ratio": 0.3099, "dong_avg_age": 50.5, "dong_pop_density": 2346.0, "nearest_shelter_distance_m": 2204.4572, "shelter_count_within_500m": 0.0, "est_population": 0.0, "est_elderly": 0.0, "shelter_capacity_within_500m": 0.0, "building_form_group": "no_building", "dong_name": "도봉1동", "top1_feature": "built_surface_ratio", "top1_shap": -1.373, "top2_feature": "impervious_ratio", "top2_shap": -1.1138, "top3_feature": "elevation_m", "top3_shap": -1.0649, "priority_score": 23.9551, "priority_rank": 379 }, "geometry": { "type": "Polygon", "coordinates": [ [ [ 127.015101966838728, 37.692556455918194 ], [ 127.015087292953112, 37.694809717553369 ], [ 127.01792294739505, 37.694821344243081 ], [ 127.017937535479405, 37.692568081668838 ], [ 127.015101966838728, 37.692556455918194 ] ] ] } },
{ "type": "Feature", "properties": { "display_grid_id": "11320_00356", "gu_code": 11320, "gu_name": "도봉구", "source_cell_count": 16, "area_m2": 62500.0, "mean_actual_lst": 27.8065, "mean_actual_anomaly": -6.9092, "seoul_anomaly": -9.5008, "pred_anomaly": -6.2582, "pred_anomaly_std": 0.5106, "green_delta_c": -0.3924, "building_ratio": 0.0061, "green_ratio": 0.7405, "ndvi": 0.5738, "impervious_ratio": 0.1141, "built_surface_ratio": 0.1141, "avg_ground_floor_count": 0.28, "elevation_m": 378.1308, "albedo": 0.1326, "nearest_park_distance_m": 1856.3036, "park_area_within_500m": 0.0, "nearest_stream_distance_m": 2051.15, "est_population_density": 0.0, "dong_elderly_ratio": 0.3099, "dong_avg_age": 50.5, "dong_pop_density": 2346.0, "nearest_shelter_distance_m": 1950.5732, "shelter_count_within_500m": 0.0, "est_population": 0.0, "est_elderly": 0.0, "shelter_capacity_within_500m": 0.0, "building_form_group": "no_building", "dong_name": "도봉1동", "top1_feature": "green_ratio", "top1_shap": -1.1371, "top2_feature": "built_surface_ratio", "top2_shap": -0.8225, "top3_feature": "elevation_m", "top3_shap": -0.8196, "priority_score": 30.1859, "priority_rank": 320 }, "geometry": { "type": "Polygon", "coordinates": [ [ [ 127.017937535479405, 37.692568081668838 ], [ 127.01792294739505, 37.694821344243081 ], [ 127.020758603462426, 37.694832902747862 ], [ 127.02077310574532, 37.692579639240044 ], [ 127.017937535479405, 37.692568081668838 ] ] ] } },
{ "type": "Feature", "properties": { "display_grid_id": "11320_00357", "gu_code": 11320, "gu_name": "도봉구", "source_cell_count": 16, "area_m2": 62500.0, "mean_actual_lst": 28.1055, "mean_actual_anomaly": -6.9785, "seoul_anomaly": -9.57, "pred_anomaly": -6.2317, "pred_anomaly_std": 0.499, "green_delta_c": -0.3145, "building_ratio": 0.0055, "green_ratio": 0.7652, "ndvi": 0.5247, "impervious_ratio": 0.0921, "built_surface_ratio": 0.0921, "avg_ground_floor_count": 0.36, "elevation_m": 296.164, "albedo": 0.1325, "nearest_park_distance_m": 1619.8652, "park_area_within_500m": 0.0, "nearest_stream_distance_m": 1953.3764, "est_population_density": 0.0, "dong_elderly_ratio": 0.3099, "dong_avg_age": 50.5, "dong_pop_density": 2346.0, "nearest_shelter_distance_m": 1717.8364, "shelter_count_within_500m": 0.0, "est_population": 0.0, "est_elderly": 0.0, "shelter_capacity_within_500m": 0.0, "building_form_group": "no_building", "dong_name": "도봉1동", "top1_feature": "green_ratio", "top1_shap": -1.1305, "top2_feature": "built_surface_ratio", "top2_shap": -1.0532, "top3_feature": "elevation_m", "top3_shap": -0.522, "priority_score": 26.6731, "priority_rank": 356 }, "geometry": { "type": "Polygon", "coordinates": [ [ [ 127.02077310574532, 37.692579639240044 ], [ 127.020758603462426, 37.694832902747862 ], [ 127.023594261145675, 37.694844393067612 ], [ 127.023608677626896, 37.692591128631726 ], [ 127.02077310574532, 37.692579639240044 ] ] ] } },
{ "type": "Feature", "properties": { "display_grid_id": "11320_00358", "gu_code": 11320, "gu_name": "도봉구", "source_cell_count": 14, "area_m2": 62500.0, "mean_actual_lst": 28.5411, "mean_actual_anomaly": -6.5847, "seoul_anomaly": -9.1763, "pred_anomaly": -6.3477, "pred_anomaly_std": 0.4289, "green_delta_c": -0.3343, "building_ratio": 0.0, "green_ratio": 0.8139, "ndvi": 0.5632, "impervious_ratio": 0.0626, "built_surface_ratio": 0.0626, "avg_ground_floor_count": 0.0, "elevation_m": 306.2596, "albedo": 0.1448, "nearest_park_distance_m": 1365.1148, "park_area_within_500m": 0.0, "nearest_stream_distance_m": 1873.9964, "est_population_density": 0.0, "dong_elderly_ratio": 0.3099, "dong_avg_age": 50.5, "dong_pop_density": 2346.0, "nearest_shelter_distance_m": 1468.3544, "shelter_count_within_500m": 0.0, "est_population": 0.0, "est_elderly": 0.0, "shelter_capacity_within_500m": 0.0, "building_form_group": "no_building", "dong_name": "도봉1동", "top1_feature": "built_surface_ratio", "top1_shap": -1.3325, "top2_feature": "impervious_ratio", "top2_shap": -0.9804, "top3_feature": "green_ratio", "top3_shap": -0.7847, "priority_score": 25.8526, "priority_rank": 367 }, "geometry": { "type": "Polygon", "coordinates": [ [ [ 127.023608677626896, 37.692591128631726 ], [ 127.023594261145675, 37.694844393067612 ], [ 127.026429920435262, 37.694855815202182 ], [ 127.02644425111464, 37.692602549843755 ], [ 127.023608677626896, 37.692591128631726 ] ] ] } },
{ "type": "Feature", "properties": { "display_grid_id": "11320_00359", "gu_code": 11320, "gu_name": "도봉구", "source_cell_count": 15, "area_m2": 62500.0, "mean_actual_lst": 29.1851, "mean_actual_anomaly": -5.9198, "seoul_anomaly": -8.5113, "pred_anomaly": -5.7846, "pred_anomaly_std": 0.5559, "green_delta_c": -0.3541, "building_ratio": 0.0, "green_ratio": 0.7726, "ndvi": 0.548, "impervious_ratio": 0.101, "built_surface_ratio": 0.101, "avg_ground_floor_count": 0.0, "elevation_m": 248.452, "albedo": 0.1382, "nearest_park_distance_m": 1131.9724, "park_area_within_500m": 0.0, "nearest_stream_distance_m": 1792.7108, "est_population_density": 0.0, "dong_elderly_ratio": 0.3099, "dong_avg_age": 50.5, "dong_pop_density": 2346.0, "nearest_shelter_distance_m": 1241.884, "shelter_count_within_500m": 0.0, "est_population": 0.0, "est_elderly": 0.0, "shelter_capacity_within_500m": 0.0, "building_form_group": "no_building", "dong_name": "도봉1동", "top1_feature": "green_ratio", "top1_shap": -1.0751, "top2_feature": "built_surface_ratio", "top2_shap": -0.8651, "top3_feature": "elevation_m", "top3_shap": -0.5248, "priority_score": 30.6795, "priority_rank": 315 }, "geometry": { "type": "Polygon", "coordinates": [ [ [ 127.02644425111464, 37.692602549843755 ], [ 127.026429920435262, 37.694855815202182 ], [ 127.02926558132161, 37.694867169151472 ], [ 127.02927982619893, 37.692613902876005 ], [ 127.02644425111464, 37.692602549843755 ] ] ] } },
{ "type": "Feature", "properties": { "display_grid_id": "11320_00360", "gu_code": 11320, "gu_name": "도봉구", "source_cell_count": 12, "area_m2": 36874.72, "mean_actual_lst": 29.2433, "mean_actual_anomaly": -5.7519, "seoul_anomaly": -8.3434, "pred_anomaly": -5.4836, "pred_anomaly_std": 0.6354, "green_delta_c": -0.3812, "building_ratio": 0.0, "green_ratio": 0.796, "ndvi": 0.5506, "impervious_ratio": 0.079, "built_surface_ratio": 0.079, "avg_ground_floor_count": 0.0, "elevation_m": 183.881, "albedo": 0.1292, "nearest_park_distance_m": 924.6652, "park_area_within_500m": 0.0, "nearest_stream_distance_m": 1633.2391, "est_population_density": 0.0, "dong_elderly_ratio": 0.3099, "dong_avg_age": 50.5, "dong_pop_density": 2346.0, "nearest_shelter_distance_m": 1040.0487, "shelter_count_within_500m": 0.0, "est_population": 0.0, "est_elderly": 0.0, "shelter_capacity_within_500m": 0.0, "building_form_group": "no_building", "dong_name": "도봉1동", "top1_feature": "built_surface_ratio", "top1_shap": -1.0965, "top2_feature": "impervious_ratio", "top2_shap": -0.934, "top3_feature": "green_ratio", "top3_shap": -0.9333, "priority_score": 30.6346, "priority_rank": 317 }, "geometry": { "type": "Polygon", "coordinates": [ [ [ 127.032115402870261, 37.692625187728353 ], [ 127.02927982619893, 37.692613902876005 ], [ 127.02926558132161, 37.694867169151472 ], [ 127.030388795001642, 37.694871647629412 ], [ 127.03045405, 37.69477585 ], [ 127.03050253, 37.69463759 ], [ 127.03068356, 37.69412287 ], [ 127.03073806, 37.69393732 ], [ 127.030827070000015, 37.69368981 ], [ 127.030972480000017, 37.69355688 ], [ 127.030993140000021, 37.69339357 ], [ 127.031010630000011, 37.69325617 ], [ 127.03102613, 37.69307457 ], [ 127.03154033, 37.69282836 ], [ 127.03202615, 37.69295042 ], [ 127.032113878738329, 37.692867749321657 ], [ 127.032115402870261, 37.692625187728353 ] ] ] } },
{ "type": "Feature", "properties": { "display_grid_id": "11320_00361", "gu_code": 11320, "gu_name": "도봉구", "source_cell_count": 2, "area_m2": 160.19, "mean_actual_lst": 29.7256, "mean_actual_anomaly": -5.4002, "seoul_anomaly": -7.9918, "pred_anomaly": -5.6455, "pred_anomaly_std": 0.8362, "green_delta_c": -0.5334, "building_ratio": 0.0, "green_ratio": 0.81, "ndvi": 0.6286, "impervious_ratio": 0.0554, "built_surface_ratio": 0.0554, "avg_ground_floor_count": 0.0, "elevation_m": 158.157, "albedo": 0.1001, "nearest_park_distance_m": 753.23, "park_area_within_500m": 0.0, "nearest_stream_distance_m": 1494.54, "est_population_density": 0.0, "dong_elderly_ratio": 0.3099, "dong_avg_age": 50.5, "dong_pop_density": 2346.0, "nearest_shelter_distance_m": 863.25, "shelter_count_within_500m": 0.0, "est_population": 0.0, "est_elderly": 0.0, "shelter_capacity_within_500m": 0.0, "building_form_group": "no_building", "dong_name": "도봉1동", "top1_feature": "built_surface_ratio", "top1_shap": -1.4382, "top2_feature": "impervious_ratio", "top2_shap": -1.2793, "top3_feature": "green_ratio", "top3_shap": -0.8289, "priority_score": 32.6731, "priority_rank": 303 }, "geometry": { "type": "Polygon", "coordinates": [ [ [ 127.032115402870261, 37.692625187728353 ], [ 127.032113878738329, 37.692867749321657 ], [ 127.03216959, 37.69281525000001 ], [ 127.032217163271739, 37.692625591440695 ], [ 127.032115402870261, 37.692625187728353 ] ] ] } },
{ "type": "Feature", "properties": { "display_grid_id": "11320_00362", "gu_code": 11320, "gu_name": "도봉구", "source_cell_count": 4, "area_m2": 4085.14, "mean_actual_lst": 29.619, "mean_actual_anomaly": -5.3461, "seoul_anomaly": -7.9377, "pred_anomaly": -4.7618, "pred_anomaly_std": 0.5699, "green_delta_c": -0.8454, "building_ratio": 0.0, "green_ratio": 0.8363, "ndvi": 0.575, "impervious_ratio": 0.0383, "built_surface_ratio": 0.0383, "avg_ground_floor_count": 0.0, "elevation_m": 89.0144, "albedo": 0.1054, "nearest_park_distance_m": 293.7816, "park_area_within_500m": 20404.2323, "nearest_stream_distance_m": 989.8183, "est_population_density": 0.0, "dong_elderly_ratio": 0.3099, "dong_avg_age": 50.5, "dong_pop_density": 2346.0, "nearest_shelter_distance_m": 449.6923, "shelter_count_within_500m": 1.0, "est_population": 0.0, "est_elderly": 0.0, "shelter_capacity_within_500m": 58.5, "building_form_group": "no_building", "dong_name": "도봉1동", "top1_feature": "built_surface_ratio", "top1_shap": -1.5518, "top2_feature": "impervious_ratio", "top2_shap": -1.3974, "top3_feature": "green_ratio", "top3_shap": -0.6835, "priority_score": 39.4295, "priority_rank": 275 }, "geometry": { "type": "Polygon", "coordinates": [ [ [ 127.037786560935714, 37.692647552892915 ], [ 127.036765657343651, 37.692643546918148 ], [ 127.037002330000021, 37.69294594 ], [ 127.037527749999981, 37.69322086 ], [ 127.037782788637529, 37.693255264614855 ], [ 127.037786560935714, 37.692647552892915 ] ] ] } },
{ "type": "Feature", "properties": { "display_grid_id": "11320_00363", "gu_code": 11320, "gu_name": "도봉구", "source_cell_count": 10, "area_m2": 35962.41, "mean_actual_lst": 30.4262, "mean_actual_anomaly": -4.4516, "seoul_anomaly": -7.0431, "pred_anomaly": -4.4788, "pred_anomaly_std": 0.643, "green_delta_c": -0.8602, "building_ratio": 0.0, "green_ratio": 0.8048, "ndvi": 0.4859, "impervious_ratio": 0.0483, "built_surface_ratio": 0.0483, "avg_ground_floor_count": 0.0, "elevation_m": 72.3709, "albedo": 0.1216, "nearest_park_distance_m": 236.666, "park_area_within_500m": 63564.8425, "nearest_stream_distance_m": 817.0847, "est_population_density": 0.0, "dong_elderly_ratio": 0.3099, "dong_avg_age": 50.5, "dong_pop_density": 2346.0, "nearest_shelter_distance_m": 421.7757, "shelter_count_within_500m": 0.9387, "est_population": 0.0, "est_elderly": 0.0, "shelter_capacity_within_500m": 181.5, "building_form_group": "no_building", "dong_name": "도봉1동", "top1_feature": "built_surface_ratio", "top1_shap": -1.4807, "top2_feature": "impervious_ratio", "top2_shap": -1.3271, "top3_feature": "green_ratio", "top3_shap": -0.7761, "priority_score": 42.1603, "priority_rank": 263 }, "geometry": { "type": "Polygon", "coordinates": [ [ [ 127.040608240643408, 37.694911903093477 ], [ 127.04062214231071, 37.692658633204886 ], [ 127.037786560935714, 37.692647552892915 ], [ 127.037782788637529, 37.693255264614855 ], [ 127.037906699999979, 37.69327198 ], [ 127.03849789, 37.69328588 ], [ 127.03880756, 37.69362927 ], [ 127.03882052, 37.69369121 ], [ 127.03883614999998, 37.69376582 ], [ 127.03894982, 37.69398201 ], [ 127.039572220000011, 37.69404601 ], [ 127.039913270000014, 37.69408138 ], [ 127.0399403, 37.69427563 ], [ 127.0399972, 37.69468443 ], [ 127.040479310522556, 37.694911400740715 ], [ 127.040608240643408, 37.694911903093477 ] ] ] } },
{ "type": "Feature", "properties": { "display_grid_id": "11320_00364", "gu_code": 11320, "gu_name": "도봉구", "source_cell_count": 14, "area_m2": 60313.38, "mean_actual_lst": 33.6171, "mean_actual_anomaly": -1.3658, "seoul_anomaly": -3.9573, "pred_anomaly": -1.2217, "pred_anomaly_std": 0.756, "green_delta_c": -0.7137, "building_ratio": 0.0392, "green_ratio": 0.5496, "ndvi": 0.3801, "impervious_ratio": 0.274, "built_surface_ratio": 0.274, "avg_ground_floor_count": 0.9563, "elevation_m": 50.5173, "albedo": 0.1373, "nearest_park_distance_m": 136.6675, "park_area_within_500m": 89989.9661, "nearest_stream_distance_m": 594.2959, "est_population_density": 0.0, "dong_elderly_ratio": 0.3099, "dong_avg_age": 50.5, "dong_pop_density": 2346.0, "nearest_shelter_distance_m": 452.6821, "shelter_count_within_500m": 1.1599, "est_population": 0.0, "est_elderly": 0.0, "shelter_capacity_within_500m": 282.5, "building_form_group": "no_building", "dong_name": "도봉1동", "top1_feature": "green_ratio", "top1_shap": -0.6137, "top2_feature": "built_surface_ratio", "top2_shap": -0.274, "top3_feature": "impervious_ratio", "top3_shap": -0.0201, "priority_score": 45.6602, "priority_rank": 240 }, "geometry": { "type": "Polygon", "coordinates": [ [ [ 127.043457725234504, 37.692669645336508 ], [ 127.04062214231071, 37.692658633204886 ], [ 127.040608240643408, 37.694911903093477 ], [ 127.043215247618548, 37.694922030577821 ], [ 127.0432199, 37.69491196 ], [ 127.04328644, 37.69476947 ], [ 127.04339784, 37.69440172 ], [ 127.04336919, 37.69418241 ], [ 127.04335479, 37.6940726 ], [ 127.04315781, 37.69379309 ], [ 127.04303724, 37.69362223 ], [ 127.04327337, 37.69357062000001 ], [ 127.043452351814921, 37.693546042397941 ], [ 127.043457725234504, 37.692669645336508 ] ] ] } },
{ "type": "Feature", "properties": { "display_grid_id": "11320_00365", "gu_code": 11320, "gu_name": "도봉구", "source_cell_count": 4, "area_m2": 7522.59, "mean_actual_lst": 39.2522, "mean_actual_anomaly": 4.1566, "seoul_anomaly": 1.5651, "pred_anomaly": 3.6655, "pred_anomaly_std": 0.8502, "green_delta_c": -0.724, "building_ratio": 0.087, "green_ratio": 0.2155, "ndvi": 0.1782, "impervious_ratio": 0.6259, "built_surface_ratio": 0.6259, "avg_ground_floor_count": 1.0, "elevation_m": 38.0104, "albedo": 0.1307, "nearest_park_distance_m": 40.325, "park_area_within_500m": 101401.2102, "nearest_stream_distance_m": 442.7185, "est_population_density": 39.8836, "dong_elderly_ratio": 0.3099, "dong_avg_age": 50.5, "dong_pop_density": 2346.0, "nearest_shelter_distance_m": 432.7411, "shelter_count_within_500m": 2.0, "est_population": 0.3, "est_elderly": 0.1, "shelter_capacity_within_500m": 117.5, "building_form_group": "no_building", "dong_name": "도봉1동", "top1_feature": "built_surface_ratio", "top1_shap": 0.949, "top2_feature": "impervious_ratio", "top2_shap": 0.8822, "top3_feature": "ndvi", "top3_shap": 0.2805, "priority_score": 66.0641, "priority_rank": 79 }, "geometry": { "type": "Polygon", "coordinates": [ [ [ 127.043457725234504, 37.692669645336508 ], [ 127.043452351814921, 37.693546042397941 ], [ 127.04370914, 37.69351078 ], [ 127.043749890000015, 37.69350626 ], [ 127.043835610000016, 37.69345527 ], [ 127.043890500000018, 37.69342287 ], [ 127.04406554, 37.69312633 ], [ 127.04432683, 37.69309808 ], [ 127.04453126, 37.69307238 ], [ 127.04458369000001, 37.6930566 ], [ 127.04462194, 37.69303546 ], [ 127.04466179, 37.693014060000017 ], [ 127.04476487, 37.69295912 ], [ 127.04481711, 37.69293629 ], [ 127.044837230000013, 37.69281296 ], [ 127.044852950000021, 37.69271723 ], [ 127.04485989897583, 37.69267506555471 ], [ 127.043457725234504, 37.692669645336508 ] ] ] } },
{ "type": "Feature", "properties": { "display_grid_id": "11320_00366", "gu_code": 11320, "gu_name": "도봉구", "source_cell_count": 8, "area_m2": 15047.96, "mean_actual_lst": 40.51, "mean_actual_anomaly": 4.5806, "seoul_anomaly": 1.9891, "pred_anomaly": 1.49, "pred_anomaly_std": 1.0011, "green_delta_c": -0.5492, "building_ratio": 0.0, "green_ratio": 0.3639, "ndvi": 0.2872, "impervious_ratio": 0.4478, "built_surface_ratio": 0.4478, "avg_ground_floor_count": 0.0, "elevation_m": 31.7073, "albedo": 0.1594, "nearest_park_distance_m": 230.9162, "park_area_within_500m": 84238.072, "nearest_stream_distance_m": 67.5163, "est_population_density": 0.0, "dong_elderly_ratio": 0.2852, "dong_avg_age": 48.5, "dong_pop_density": 22778.1, "nearest_shelter_distance_m": 607.4976, "shelter_count_within_500m": 0.0, "est_population": 0.0, "est_elderly": 0.0, "shelter_capacity_within_500m": 0.0, "building_form_group": "no_building", "dong_name": "도봉2동", "top1_feature": "impervious_ratio", "top1_shap": 0.9482, "top2_feature": "built_surface_ratio", "top2_shap": 0.8302, "top3_feature": "building_ratio", "top3_shap": -0.2733, "priority_score": 53.0961, "priority_rank": 182 }, "geometry": { "type": "Polygon", "coordinates": [ [ [ 127.046518574089518, 37.692681455772998 ], [ 127.04652335, 37.69268338 ], [ 127.04675491, 37.69271736 ], [ 127.04682032, 37.69276547 ], [ 127.0468641, 37.69281248 ], [ 127.04696462, 37.69292056 ], [ 127.047078040000017, 37.69300245 ], [ 127.047213570000011, 37.69299339 ], [ 127.047273640000014, 37.693008 ], [ 127.04732825, 37.69309555 ], [ 127.04736442, 37.6931524 ], [ 127.04744899, 37.69325035 ], [ 127.047526450000021, 37.69331367 ], [ 127.0477507, 37.6932691 ], [ 127.04781485, 37.6932899 ], [ 127.04789109, 37.69339405 ], [ 127.04796415, 37.69349285 ], [ 127.04806182, 37.6935967 ], [ 127.048140910000015, 37.69371633 ], [ 127.04816133, 37.69378446000001 ], [ 127.04818599, 37.69386019 ], [ 127.048211039999984, 37.69394521 ], [ 127.048225919999979, 37.69394942 ], [ 127.04823707, 37.69395252 ], [ 127.04844138, 37.69400959 ], [ 127.048631680000014, 37.69406301 ], [ 127.04872072, 37.69366401 ], [ 127.04875323, 37.69352267 ], [ 127.04880746, 37.69328135 ], [ 127.0489004, 37.69289305 ], [ 127.04891984, 37.69281139 ], [ 127.048966, 37.69269115 ], [ 127.048966118285691, 37.692690842577107 ], [ 127.046518574089518, 37.692681455772998 ] ] ] } },
{ "type": "Feature", "properties": { "display_grid_id": "11320_00367", "gu_code": 11320, "gu_name": "도봉구", "source_cell_count": 13, "area_m2": 54488.35, "mean_actual_lst": 27.3154, "mean_actual_anomaly": -8.1191, "seoul_anomaly": -10.7106, "pred_anomaly": -6.7033, "pred_anomaly_std": 1.0396, "green_delta_c": -0.4508, "building_ratio": 0.0018, "green_ratio": 0.7299, "ndvi": 0.4764, "impervious_ratio": 0.0928, "built_surface_ratio": 0.0928, "avg_ground_floor_count": 0.1835, "elevation_m": 625.3708, "albedo": 0.1402, "nearest_park_distance_m": 2626.3457, "park_area_within_500m": 0.0, "nearest_stream_distance_m": 2517.405, "est_population_density": 0.0, "dong_elderly_ratio": 0.3099, "dong_avg_age": 50.5, "dong_pop_density": 2346.0, "nearest_shelter_distance_m": 2725.1572, "shelter_count_within_500m": 0.0, "est_population": 0.0, "est_elderly": 0.0, "shelter_capacity_within_500m": 0.0, "building_form_group": "no_building", "dong_name": "도봉1동", "top1_feature": "elevation_m", "top1_shap": -1.1428, "top2_feature": "built_surface_ratio", "top2_shap": -1.1311, "top3_feature": "green_ratio", "top3_shap": -0.7507, "priority_score": 29.8013, "priority_rank": 324 }, "geometry": { "type": "Polygon", "coordinates": [ [ [ 127.012236878814861, 37.69705128250132 ], [ 127.012251640146147, 37.694798022678853 ], [ 127.009692102652679, 37.694787408011635 ], [ 127.00966621, 37.69669987 ], [ 127.010920864041481, 37.697045831515766 ], [ 127.012236878814861, 37.69705128250132 ] ] ] } },
{ "type": "Feature", "properties": { "display_grid_id": "11320_00368", "gu_code": 11320, "gu_name": "도봉구", "source_cell_count": 14, "area_m2": 62500.0, "mean_actual_lst": 26.5911, "mean_actual_anomaly": -8.1272, "seoul_anomaly": -10.7187, "pred_anomaly": -6.8828, "pred_anomaly_std": 0.6129, "green_delta_c": -0.3757, "building_ratio": 0.0034, "green_ratio": 0.7473, "ndvi": 0.5212, "impervious_ratio": 0.0965, "built_surface_ratio": 0.0965, "avg_ground_floor_count": 0.16, "elevation_m": 540.5528, "albedo": 0.1494, "nearest_park_distance_m": 2392.486, "park_area_within_500m": 0.0, "nearest_stream_distance_m": 2445.2512, "est_population_density": 0.0, "dong_elderly_ratio": 0.3099, "dong_avg_age": 50.5, "dong_pop_density": 2346.0, "nearest_shelter_distance_m": 2494.5068, "shelter_count_within_500m": 0.0, "est_population": 0.0, "est_elderly": 0.0, "shelter_capacity_within_500m": 0.0, "building_form_group": "no_building", "dong_name": "도봉1동", "top1_feature": "elevation_m", "top1_shap": -1.3428, "top2_feature": "built_surface_ratio", "top2_shap": -1.0692, "top3_feature": "green_ratio", "top3_shap": -0.7819, "priority_score": 27.8141, "priority_rank": 345 }, "geometry": { "type": "Polygon", "coordinates": [ [ [ 127.012251640146147, 37.694798022678853 ], [ 127.012236878814861, 37.69705128250132 ], [ 127.015072617432466, 37.697062978320467 ], [ 127.015087292953112, 37.694809717553369 ], [ 127.012251640146147, 37.694798022678853 ] ] ] } },
{ "type": "Feature", "properties": { "display_grid_id": "11320_00369", "gu_code": 11320, "gu_name": "도봉구", "source_cell_count": 13, "area_m2": 62500.0, "mean_actual_lst": 26.8391, "mean_actual_anomaly": -7.8079, "seoul_anomaly": -10.3994, "pred_anomaly": -6.5825, "pred_anomaly_std": 1.1039, "green_delta_c": -0.173, "building_ratio": 0.0, "green_ratio": 0.7668, "ndvi": 0.5336, "impervious_ratio": 0.0674, "built_surface_ratio": 0.0674, "avg_ground_floor_count": 0.0, "elevation_m": 514.2032, "albedo": 0.1576, "nearest_park_distance_m": 2159.1044, "park_area_within_500m": 0.0, "nearest_stream_distance_m": 2376.14, "est_population_density": 0.0, "dong_elderly_ratio": 0.3099, "dong_avg_age": 50.5, "dong_pop_density": 2346.0, "nearest_shelter_distance_m": 2264.6844, "shelter_count_within_500m": 0.0, "est_population": 0.0, "est_elderly": 0.0, "shelter_capacity_within_500m": 0.0, "building_form_group": "no_building", "dong_name": "도봉1동", "top1_feature": "built_surface_ratio", "top1_shap": -1.2858, "top2_feature": "elevation_m", "top2_shap": -1.2148, "top3_feature": "impervious_ratio", "top3_shap": -1.0208, "priority_score": 23.6731, "priority_rank": 384 }, "geometry": { "type": "Polygon", "coordinates": [ [ [ 127.015087292953112, 37.694809717553369 ], [ 127.015072617432466, 37.697062978320467 ], [ 127.017908357685243, 37.697074605949304 ], [ 127.01792294739505, 37.694821344243081 ], [ 127.015087292953112, 37.694809717553369 ] ] ] } },
{ "type": "Feature", "properties": { "display_grid_id": "11320_00370", "gu_code": 11320, "gu_name": "도봉구", "source_cell_count": 12, "area_m2": 62500.0, "mean_actual_lst": 27.9541, "mean_actual_anomaly": -6.974, "seoul_anomaly": -9.5655, "pred_anomaly": -6.3759, "pred_anomaly_std": 0.6896, "green_delta_c": -0.2111, "building_ratio": 0.0077, "green_ratio": 0.7426, "ndvi": 0.5356, "impervious_ratio": 0.102, "built_surface_ratio": 0.102, "avg_ground_floor_count": 0.44, "elevation_m": 415.4313, "albedo": 0.1508, "nearest_park_distance_m": 1908.134, "park_area_within_500m": 0.0, "nearest_stream_distance_m": 2267.6836, "est_population_density": 0.0, "dong_elderly_ratio": 0.3099, "dong_avg_age": 50.5, "dong_pop_density": 2346.0, "nearest_shelter_distance_m": 2018.3924, "shelter_count_within_500m": 0.0, "est_population": 0.0, "est_elderly": 0.0, "shelter_capacity_within_500m": 0.0, "building_form_group": "no_building", "dong_name": "도봉1동", "top1_feature": "elevation_m", "top1_shap": -1.1476, "top2_feature": "built_surface_ratio", "top2_shap": -0.8696, "top3_feature": "green_ratio", "top3_shap": -0.7791, "priority_score": 26.6602, "priority_rank": 357 }, "geometry": { "type": "Polygon", "coordinates": [ [ [ 127.01792294739505, 37.694821344243081 ], [ 127.017908357685243, 37.697074605949304 ], [ 127.020744099563657, 37.697086165387709 ], [ 127.020758603462426, 37.694832902747862 ], [ 127.01792294739505, 37.694821344243081 ] ] ] } },
{ "type": "Feature", "properties": { "display_grid_id": "11320_00371", "gu_code": 11320, "gu_name": "도봉구", "source_cell_count": 12, "area_m2": 62500.0, "mean_actual_lst": 27.6682, "mean_actual_anomaly": -7.4576, "seoul_anomaly": -10.0491, "pred_anomaly": -6.7302, "pred_anomaly_std": 0.4171, "green_delta_c": -0.1948, "building_ratio": 0.0005, "green_ratio": 0.7991, "ndvi": 0.5486, "impervious_ratio": 0.0689, "built_surface_ratio": 0.0689, "avg_ground_floor_count": 0.04, "elevation_m": 353.7502, "albedo": 0.1382, "nearest_park_distance_m": 1678.9052, "park_area_within_500m": 0.0, "nearest_stream_distance_m": 2178.7644, "est_population_density": 0.0, "dong_elderly_ratio": 0.3099, "dong_avg_age": 50.5, "dong_pop_density": 2346.0, "nearest_shelter_distance_m": 1794.4748, "shelter_count_within_500m": 0.0, "est_population": 0.0, "est_elderly": 0.0, "shelter_capacity_within_500m": 0.0, "building_form_group": "no_building", "dong_name": "도봉1동", "top1_feature": "built_surface_ratio", "top1_shap": -1.2761, "top2_feature": "green_ratio", "top2_shap": -0.9255, "top3_feature": "impervious_ratio", "top3_shap": -0.8036, "priority_score": 22.9936, "priority_rank": 388 }, "geometry": { "type": "Polygon", "coordinates": [ [ [ 127.020758603462426, 37.694832902747862 ], [ 127.020744099563657, 37.697086165387709 ], [ 127.023579843058144, 37.697097656635577 ], [ 127.023594261145675, 37.694844393067612 ], [ 127.020758603462426, 37.694832902747862 ] ] ] } },
{ "type": "Feature", "properties": { "display_grid_id": "11320_00372", "gu_code": 11320, "gu_name": "도봉구", "source_cell_count": 15, "area_m2": 62500.0, "mean_actual_lst": 28.3849, "mean_actual_anomaly": -6.72, "seoul_anomaly": -9.3116, "pred_anomaly": -6.3669, "pred_anomaly_std": 0.4021, "green_delta_c": -0.3122, "building_ratio": 0.0, "green_ratio": 0.7767, "ndvi": 0.5475, "impervious_ratio": 0.0943, "built_surface_ratio": 0.0943, "avg_ground_floor_count": 0.0, "elevation_m": 363.2653, "albedo": 0.1356, "nearest_park_distance_m": 1434.5636, "park_area_within_500m": 0.0, "nearest_stream_distance_m": 2034.5212, "est_population_density": 0.0, "dong_elderly_ratio": 0.3099, "dong_avg_age": 50.5, "dong_pop_density": 2346.0, "nearest_shelter_distance_m": 1557.3248, "shelter_count_within_500m": 0.0, "est_population": 0.0, "est_elderly": 0.0, "shelter_capacity_within_500m": 0.0, "building_form_group": "no_building", "dong_name": "도봉1동", "top1_feature": "built_surface_ratio", "top1_shap": -0.9885, "top2_feature": "green_ratio", "top2_shap": -0.9512, "top3_feature": "elevation_m", "top3_shap": -0.8151, "priority_score": 26.8782, "priority_rank": 353 }, "geometry": { "type": "Polygon", "coordinates": [ [ [ 127.023594261145675, 37.694844393067612 ], [ 127.023579843058144, 37.697097656635577 ], [ 127.026415588159125, 37.697109079692758 ], [ 127.026429920435262, 37.694855815202182 ], [ 127.023594261145675, 37.694844393067612 ] ] ] } },
{ "type": "Feature", "properties": { "display_grid_id": "11320_00373", "gu_code": 11320, "gu_name": "도봉구", "source_cell_count": 14, "area_m2": 62500.0, "mean_actual_lst": 29.1163, "mean_actual_anomaly": -5.9078, "seoul_anomaly": -8.4993, "pred_anomaly": -5.5158, "pred_anomaly_std": 0.5709, "green_delta_c": -0.372, "building_ratio": 0.0, "green_ratio": 0.7323, "ndvi": 0.5456, "impervious_ratio": 0.1466, "built_surface_ratio": 0.1466, "avg_ground_floor_count": 0.0, "elevation_m": 272.1947, "albedo": 0.1397, "nearest_park_distance_m": 1214.786, "park_area_within_500m": 0.0, "nearest_stream_distance_m": 1814.3076, "est_population_density": 0.0, "dong_elderly_ratio": 0.3099, "dong_avg_age": 50.5, "dong_pop_density": 2346.0, "nearest_shelter_distance_m": 1345.9104, "shelter_count_within_500m": 0.0, "est_population": 0.0, "est_elderly": 0.0, "shelter_capacity_within_500m": 0.0, "building_form_group": "no_building", "dong_name": "도봉1동", "top1_feature": "green_ratio", "top1_shap": -1.4059, "top2_feature": "elevation_m", "top2_shap": -0.9181, "top3_feature": "ndvi", "top3_shap": -0.6882, "priority_score": 32.1731, "priority_rank": 304 }, "geometry": { "type": "Polygon", "coordinates": [ [ [ 127.026429920435262, 37.694855815202182 ], [ 127.026415588159125, 37.697109079692758 ], [ 127.029251334857065, 37.69712043455916 ], [ 127.02926558132161, 37.694867169151472 ], [ 127.026429920435262, 37.694855815202182 ] ] ] } },
{ "type": "Feature", "properties": { "display_grid_id": "11320_00374", "gu_code": 11320, "gu_name": "도봉구", "source_cell_count": 6, "area_m2": 14261.22, "mean_actual_lst": 29.0903, "mean_actual_anomaly": -5.9637, "seoul_anomaly": -8.5552, "pred_anomaly": -5.7235, "pred_anomaly_std": 0.4901, "green_delta_c": -0.1476, "building_ratio": 0.0, "green_ratio": 0.7978, "ndvi": 0.5608, "impervious_ratio": 0.0806, "built_surface_ratio": 0.0806, "avg_ground_floor_count": 0.0, "elevation_m": 212.9992, "albedo": 0.136, "nearest_park_distance_m": 1056.3159, "park_area_within_500m": 0.0, "nearest_stream_distance_m": 1653.9265, "est_population_density": 0.0, "dong_elderly_ratio": 0.3099, "dong_avg_age": 50.5, "dong_pop_density": 2346.0, "nearest_shelter_distance_m": 1194.1771, "shelter_count_within_500m": 0.0, "est_population": 0.0, "est_elderly": 0.0, "shelter_capacity_within_500m": 0.0, "building_form_group": "no_building", "dong_name": "도봉1동", "top1_feature": "built_surface_ratio", "top1_shap": -1.0875, "top2_feature": "green_ratio", "top2_shap": -0.9594, "top3_feature": "impervious_ratio", "top3_shap": -0.9449, "priority_score": 25.8782, "priority_rank": 366 }, "geometry": { "type": "Polygon", "coordinates": [ [ [ 127.02926558132161, 37.694867169151472 ], [ 127.029251334857065, 37.69712043455916 ], [ 127.029687833592163, 37.697122176326062 ], [ 127.02972931, 37.69627248 ], [ 127.030166320000021, 37.69519825 ], [ 127.030388795001642, 37.694871647629412 ], [ 127.02926558132161, 37.694867169151472 ] ] ] } },
{ "type": "Feature", "properties": { "display_grid_id": "11320_00375", "gu_code": 11320, "gu_name": "도봉구", "source_cell_count": 2, "area_m2": 37.85, "mean_actual_lst": 30.8636, "mean_actual_anomaly": -4.0358, "seoul_anomaly": -6.6273, "pred_anomaly": -3.8847, "pred_anomaly_std": 0.8199, "green_delta_c": -1.9767, "building_ratio": 0.0, "green_ratio": 0.7706, "ndvi": 0.4106, "impervious_ratio": 0.0702, "built_surface_ratio": 0.0702, "avg_ground_floor_count": 0.0, "elevation_m": 64.144, "albedo": 0.1146, "nearest_park_distance_m": 202.58, "park_area_within_500m": 80025.89, "nearest_stream_distance_m": 732.42, "est_population_density": 0.0, "dong_elderly_ratio": 0.3099, "dong_avg_age": 50.5, "dong_pop_density": 2346.0, "nearest_shelter_distance_m": 534.54, "shelter_count_within_500m": 0.0, "est_population": 0.0, "est_elderly": 0.0, "shelter_capacity_within_500m": 0.0, "building_form_group": "no_building", "dong_name": "도봉1동", "top1_feature": "built_surface_ratio", "top1_shap": -1.2446, "top2_feature": "impervious_ratio", "top2_shap": -1.0795, "top3_feature": "green_ratio", "top3_shap": -0.7508, "priority_score": 49.1474, "priority_rank": 215 }, "geometry": { "type": "Polygon", "coordinates": [ [ [ 127.040608240643408, 37.694911903093477 ], [ 127.040479310522556, 37.694911400740715 ], [ 127.040607870318226, 37.694971924288495 ], [ 127.040608240643408, 37.694911903093477 ] ] ] } },
{ "type": "Feature", "properties": { "display_grid_id": "11320_00376", "gu_code": 11320, "gu_name": "도봉구", "source_cell_count": 3, "area_m2": 6809.87, "mean_actual_lst": 33.6021, "mean_actual_anomaly": -1.6609, "seoul_anomaly": -4.2524, "pred_anomaly": -1.161, "pred_anomaly_std": 0.7776, "green_delta_c": -0.4488, "building_ratio": 0.1182, "green_ratio": 0.5542, "ndvi": 0.3794, "impervious_ratio": 0.2654, "built_surface_ratio": 0.2654, "avg_ground_floor_count": 2.1313, "elevation_m": 54.9469, "albedo": 0.135, "nearest_park_distance_m": 112.7404, "park_area_within_500m": 78820.3065, "nearest_stream_distance_m": 600.9576, "est_population_density": 0.0, "dong_elderly_ratio": 0.3099, "dong_avg_age": 50.5, "dong_pop_density": 2346.0, "nearest_shelter_distance_m": 560.1487, "shelter_count_within_500m": 0.0, "est_population": 0.0, "est_elderly": 0.0, "shelter_capacity_within_500m": 0.0, "building_form_group": "low_floor_low_density", "dong_name": "도봉1동", "top1_feature": "green_ratio", "top1_shap": -0.7858, "top2_feature": "built_surface_ratio", "top2_shap": -0.1819, "top3_feature": "ndvi", "top3_shap": -0.7028, "priority_score": 38.2115, "priority_rank": 278 }, "geometry": { "type": "Polygon", "coordinates": [ [ [ 127.040608240643408, 37.694911903093477 ], [ 127.040607870318226, 37.694971924288495 ], [ 127.04083627, 37.69507945 ], [ 127.04110851, 37.69529982000001 ], [ 127.0413135, 37.69532312 ], [ 127.041812600000014, 37.69538235 ], [ 127.04198431, 37.69512665 ], [ 127.04202131, 37.69507146 ], [ 127.04217243, 37.69506295 ], [ 127.04233009, 37.69505389 ], [ 127.04307251, 37.695231 ], [ 127.043215247618548, 37.694922030577821 ], [ 127.040608240643408, 37.694911903093477 ] ] ] } },
{ "type": "Feature", "properties": { "display_grid_id": "11320_00377", "gu_code": 11320, "gu_name": "도봉구", "source_cell_count": 5, "area_m2": 2327.96, "mean_actual_lst": 26.6624, "mean_actual_anomaly": -7.9882, "seoul_anomaly": -10.5797, "pred_anomaly": -6.1102, "pred_anomaly_std": 2.6183, "green_delta_c": -0.5105, "building_ratio": 0.0, "green_ratio": 0.7411, "ndvi": 0.4776, "impervious_ratio": 0.0693, "built_surface_ratio": 0.0693, "avg_ground_floor_count": 0.0, "elevation_m": 628.5761, "albedo": 0.1663, "nearest_park_distance_m": 2588.9682, "park_area_within_500m": 0.0, "nearest_stream_distance_m": 2631.5823, "est_population_density": 0.0, "dong_elderly_ratio": 0.3099, "dong_avg_age": 50.5, "dong_pop_density": 2346.0, "nearest_shelter_distance_m": 2695.96, "shelter_count_within_500m": 0.0, "est_population": 0.0, "est_elderly": 0.0, "shelter_capacity_within_500m": 0.0, "building_form_group": "no_building", "dong_name": "도봉1동", "top1_feature": "elevation_m", "top1_shap": -1.3488, "top2_feature": "built_surface_ratio", "top2_shap": -1.2225, "top3_feature": "impervious_ratio", "top3_shap": -1.1195, "priority_score": 30.9936, "priority_rank": 308 }, "geometry": { "type": "Polygon", "coordinates": [ [ [ 127.012236878814861, 37.69705128250132 ], [ 127.010920864041481, 37.697045831515766 ], [ 127.01212432, 37.69737766 ], [ 127.012234156705063, 37.697466774471799 ], [ 127.012236878814861, 37.69705128250132 ] ] ] } },
{ "type": "Feature", "properties": { "display_grid_id": "11320_00378", "gu_code": 11320, "gu_name": "도봉구", "source_cell_count": 11, "area_m2": 42657.3, "mean_actual_lst": 25.9346, "mean_actual_anomaly": -8.7161, "seoul_anomaly": -11.3076, "pred_anomaly": -6.805, "pred_anomaly_std": 0.6679, "green_delta_c": -0.4976, "building_ratio": 0.0, "green_ratio": 0.7138, "ndvi": 0.47, "impervious_ratio": 0.1074, "built_surface_ratio": 0.1074, "avg_ground_floor_count": 0.0, "elevation_m": 653.0156, "albedo": 0.1263, "nearest_park_distance_m": 2423.9933, "park_area_within_500m": 0.0, "nearest_stream_distance_m": 2659.3053, "est_population_density": 0.0, "dong_elderly_ratio": 0.3099, "dong_avg_age": 50.5, "dong_pop_density": 2346.0, "nearest_shelter_distance_m": 2538.2082, "shelter_count_within_500m": 0.0, "est_population": 0.0, "est_elderly": 0.0, "shelter_capacity_within_500m": 0.0, "building_form_group": "no_building", "dong_name": "도봉1동", "top1_feature": "elevation_m", "top1_shap": -1.3701, "top2_feature": "built_surface_ratio", "top2_shap": -0.9818, "top3_feature": "green_ratio", "top3_shap": -0.7396, "priority_score": 30.6026, "priority_rank": 318 }, "geometry": { "type": "Polygon", "coordinates": [ [ [ 127.01505794027662, 37.699316238219467 ], [ 127.015072617432466, 37.697062978320467 ], [ 127.012236878814861, 37.69705128250132 ], [ 127.012234156705063, 37.697466774471799 ], [ 127.01387835, 37.69880073 ], [ 127.014219016840386, 37.699312785063469 ], [ 127.01505794027662, 37.699316238219467 ] ] ] } },
{ "type": "Feature", "properties": { "display_grid_id": "11320_00379", "gu_code": 11320, "gu_name": "도봉구", "source_cell_count": 14, "area_m2": 62500.0, "mean_actual_lst": 28.2805, "mean_actual_anomaly": -6.532, "seoul_anomaly": -9.1235, "pred_anomaly": -4.7257, "pred_anomaly_std": 2.1624, "green_delta_c": -1.0414, "building_ratio": 0.0, "green_ratio": 0.6174, "ndvi": 0.3268, "impervious_ratio": 0.1414, "built_surface_ratio": 0.1414, "avg_ground_floor_count": 0.0, "elevation_m": 621.5875, "albedo": 0.1375, "nearest_park_distance_m": 2236.5544, "park_area_within_500m": 0.0, "nearest_stream_distance_m": 2613.5372, "est_population_density": 0.0, "dong_elderly_ratio": 0.3099, "dong_avg_age": 50.5, "dong_pop_density": 2346.0, "nearest_shelter_distance_m": 2355.91, "shelter_count_within_500m": 0.0, "est_population": 0.0, "est_elderly": 0.0, "shelter_capacity_within_500m": 0.0, "building_form_group": "no_building", "dong_name": "도봉1동", "top1_feature": "elevation_m", "top1_shap": -1.3481, "top2_feature": "green_ratio", "top2_shap": -0.8982, "top3_feature": "built_surface_ratio", "top3_shap": -0.3564, "priority_score": 46.8013, "priority_rank": 230 }, "geometry": { "type": "Polygon", "coordinates": [ [ [ 127.015072617432466, 37.697062978320467 ], [ 127.01505794027662, 37.699316238219467 ], [ 127.017893766349815, 37.699327866787499 ], [ 127.017908357685243, 37.697074605949304 ], [ 127.015072617432466, 37.697062978320467 ] ] ] } },
{ "type": "Feature", "properties": { "display_grid_id": "11320_00380", "gu_code": 11320, "gu_name": "도봉구", "source_cell_count": 12, "area_m2": 62500.0, "mean_actual_lst": 28.2971, "mean_actual_anomaly": -6.7298, "seoul_anomaly": -9.3213, "pred_anomaly": -6.2673, "pred_anomaly_std": 1.1938, "green_delta_c": -0.3597, "building_ratio": 0.0009, "green_ratio": 0.7226, "ndvi": 0.4614, "impervious_ratio": 0.0968, "built_surface_ratio": 0.0968, "avg_ground_floor_count": 0.16, "elevation_m": 460.2478, "albedo": 0.1604, "nearest_park_distance_m": 1993.5836, "park_area_within_500m": 0.0, "nearest_stream_distance_m": 2490.2028, "est_population_density": 0.0, "dong_elderly_ratio": 0.3099, "dong_avg_age": 50.5, "dong_pop_density": 2346.0, "nearest_shelter_distance_m": 2120.2436, "shelter_count_within_500m": 0.0, "est_population": 0.0, "est_elderly": 0.0, "shelter_capacity_within_500m": 0.0, "building_form_group": "no_building", "dong_name": "도봉1동", "top1_feature": "elevation_m", "top1_shap": -1.2866, "top2_feature": "built_surface_ratio", "top2_shap": -0.8515, "top3_feature": "green_ratio", "top3_shap": -0.6654, "priority_score": 30.1603, "priority_rank": 321 }, "geometry": { "type": "Polygon", "coordinates": [ [ [ 127.017908357685243, 37.697074605949304 ], [ 127.017893766349815, 37.699327866787499 ], [ 127.020729594048802, 37.699339427159586 ], [ 127.020744099563657, 37.697086165387709 ], [ 127.017908357685243, 37.697074605949304 ] ] ] } },
{ "type": "Feature", "properties": { "display_grid_id": "11320_00381", "gu_code": 11320, "gu_name": "도봉구", "source_cell_count": 14, "area_m2": 62500.0, "mean_actual_lst": 27.2919, "mean_actual_anomaly": -7.8211, "seoul_anomaly": -10.4126, "pred_anomaly": -6.8235, "pred_anomaly_std": 0.4507, "green_delta_c": -0.3719, "building_ratio": 0.0, "green_ratio": 0.7636, "ndvi": 0.5389, "impervious_ratio": 0.0872, "built_surface_ratio": 0.0872, "avg_ground_floor_count": 0.0, "elevation_m": 451.5134, "albedo": 0.1407, "nearest_park_distance_m": 1769.1532, "park_area_within_500m": 0.0, "nearest_stream_distance_m": 2309.7204, "est_population_density": 0.0, "dong_elderly_ratio": 0.3099, "dong_avg_age": 50.5, "dong_pop_density": 2346.0, "nearest_shelter_distance_m": 1908.3092, "shelter_count_within_500m": 0.0, "est_population": 0.0, "est_elderly": 0.0, "shelter_capacity_within_500m": 0.0, "building_form_group": "no_building", "dong_name": "도봉1동", "top1_feature": "elevation_m", "top1_shap": -1.1655, "top2_feature": "built_surface_ratio", "top2_shap": -1.0867, "top3_feature": "impervious_ratio", "top3_shap": -0.7239, "priority_score": 26.6538, "priority_rank": 358 }, "geometry": { "type": "Polygon", "coordinates": [ [ [ 127.020744099563657, 37.697086165387709 ], [ 127.020729594048802, 37.699339427159586 ], [ 127.023565423364076, 37.699350919335615 ], [ 127.023579843058144, 37.697097656635577 ], [ 127.020744099563657, 37.697086165387709 ] ] ] } },
{ "type": "Feature", "properties": { "display_grid_id": "11320_00382", "gu_code": 11320, "gu_name": "도봉구", "source_cell_count": 14, "area_m2": 62500.0, "mean_actual_lst": 28.0857, "mean_actual_anomaly": -6.8257, "seoul_anomaly": -9.4172, "pred_anomaly": -6.3014, "pred_anomaly_std": 0.4669, "green_delta_c": -0.342, "building_ratio": 0.0, "green_ratio": 0.7396, "ndvi": 0.5348, "impervious_ratio": 0.1186, "built_surface_ratio": 0.1186, "avg_ground_floor_count": 0.0, "elevation_m": 415.3526, "albedo": 0.1459, "nearest_park_distance_m": 1521.9664, "park_area_within_500m": 0.0, "nearest_stream_distance_m": 2053.32, "est_population_density": 0.0, "dong_elderly_ratio": 0.3099, "dong_avg_age": 50.5, "dong_pop_density": 2346.0, "nearest_shelter_distance_m": 1686.8612, "shelter_count_within_500m": 0.0, "est_population": 0.0, "est_elderly": 0.0, "shelter_capacity_within_500m": 0.0, "building_form_group": "no_building", "dong_name": "도봉1동", "top1_feature": "elevation_m", "top1_shap": -1.1667, "top2_feature": "green_ratio", "top2_shap": -1.07, "top3_feature": "built_surface_ratio", "top3_shap": -0.5841, "priority_score": 28.5449, "priority_rank": 338 }, "geometry": { "type": "Polygon", "coordinates": [ [ [ 127.023579843058144, 37.697097656635577 ], [ 127.023565423364076, 37.699350919335615 ], [ 127.026401254286043, 37.699362343315457 ], [ 127.026415588159125, 37.697109079692758 ], [ 127.023579843058144, 37.697097656635577 ] ] ] } },
{ "type": "Feature", "properties": { "display_grid_id": "11320_00383", "gu_code": 11320, "gu_name": "도봉구", "source_cell_count": 14, "area_m2": 62498.15, "mean_actual_lst": 29.0729, "mean_actual_anomaly": -6.0068, "seoul_anomaly": -8.5983, "pred_anomaly": -5.6628, "pred_anomaly_std": 0.5876, "green_delta_c": -0.3265, "building_ratio": 0.0, "green_ratio": 0.7345, "ndvi": 0.5213, "impervious_ratio": 0.1372, "built_surface_ratio": 0.1372, "avg_ground_floor_count": 0.0, "elevation_m": 326.2953, "albedo": 0.1522, "nearest_park_distance_m": 1288.6414, "park_area_within_500m": 0.0, "nearest_stream_distance_m": 1813.8166, "est_population_density": 0.0, "dong_elderly_ratio": 0.3099, "dong_avg_age": 50.5, "dong_pop_density": 2346.0, "nearest_shelter_distance_m": 1494.3342, "shelter_count_within_500m": 0.0, "est_population": 0.0, "est_elderly": 0.0, "shelter_capacity_within_500m": 0.0, "building_form_group": "no_building", "dong_name": "도봉1동", "top1_feature": "green_ratio", "top1_shap": -1.3507, "top2_feature": "elevation_m", "top2_shap": -1.0218, "top3_feature": "ndvi", "top3_shap": -0.6812, "priority_score": 30.7756, "priority_rank": 311 }, "geometry": { "type": "Polygon", "coordinates": [ [ [ 127.029251334857065, 37.69712043455916 ], [ 127.026415588159125, 37.697109079692758 ], [ 127.026401254286043, 37.699362343315457 ], [ 127.029219746403058, 37.699373629868504 ], [ 127.029237224844479, 37.699351870016173 ], [ 127.029251334857065, 37.69712043455916 ] ] ] } },
{ "type": "Feature", "properties": { "display_grid_id": "11320_00384", "gu_code": 11320, "gu_name": "도봉구", "source_cell_count": 7, "area_m2": 6430.09, "mean_actual_lst": 29.6096, "mean_actual_anomaly": -5.9286, "seoul_anomaly": -8.5201, "pred_anomaly": -5.592, "pred_anomaly_std": 0.5036, "green_delta_c": -0.187, "building_ratio": 0.0, "green_ratio": 0.7575, "ndvi": 0.539, "impervious_ratio": 0.1206, "built_surface_ratio": 0.1206, "avg_ground_floor_count": 0.0, "elevation_m": 267.6722, "albedo": 0.1453, "nearest_park_distance_m": 1137.7013, "park_area_within_500m": 0.0, "nearest_stream_distance_m": 1667.1873, "est_population_density": 0.0, "dong_elderly_ratio": 0.3099, "dong_avg_age": 50.5, "dong_pop_density": 2346.0, "nearest_shelter_distance_m": 1358.6623, "shelter_count_within_500m": 0.0, "est_population": 0.0, "est_elderly": 0.0, "shelter_capacity_within_500m": 0.0, "building_form_group": "no_building", "dong_name": "도봉1동", "top1_feature": "green_ratio", "top1_shap": -1.3681, "top2_feature": "built_surface_ratio", "top2_shap": -0.5739, "top3_feature": "ndvi", "top3_shap": -0.5239, "priority_score": 28.1859, "priority_rank": 340 }, "geometry": { "type": "Polygon", "coordinates": [ [ [ 127.029251334857065, 37.69712043455916 ], [ 127.029237224844479, 37.699351870016173 ], [ 127.02928558, 37.69929167 ], [ 127.02960141, 37.69817524 ], [ 127.02965442, 37.69780668 ], [ 127.029687833592163, 37.697122176326062 ], [ 127.029251334857065, 37.69712043455916 ] ] ] } },
{ "type": "Feature", "properties": { "display_grid_id": "11320_00385", "gu_code": 11320, "gu_name": "도봉구", "source_cell_count": 3, "area_m2": 5132.54, "mean_actual_lst": 26.4615, "mean_actual_anomaly": -8.1891, "seoul_anomaly": -10.7806, "pred_anomaly": -6.9062, "pred_anomaly_std": 1.0212, "green_delta_c": -0.4958, "building_ratio": 0.0, "green_ratio": 0.7048, "ndvi": 0.4041, "impervious_ratio": 0.0826, "built_surface_ratio": 0.0826, "avg_ground_floor_count": 0.0, "elevation_m": 689.5289, "albedo": 0.0834, "nearest_park_distance_m": 2405.9759, "park_area_within_500m": 0.0, "nearest_stream_distance_m": 2807.821, "est_population_density": 0.0, "dong_elderly_ratio": 0.3099, "dong_avg_age": 50.5, "dong_pop_density": 2346.0, "nearest_shelter_distance_m": 2531.0852, "shelter_count_within_500m": 0.0, "est_population": 0.0, "est_elderly": 0.0, "shelter_capacity_within_500m": 0.0, "building_form_group": "no_building", "dong_name": "도봉1동", "top1_feature": "elevation_m", "top1_shap": -1.3689, "top2_feature": "built_surface_ratio", "top2_shap": -1.239, "top3_feature": "impervious_ratio", "top3_shap": -1.0581, "priority_score": 30.4808, "priority_rank": 319 }, "geometry": { "type": "Polygon", "coordinates": [ [ [ 127.01505794027662, 37.699316238219467 ], [ 127.014219016840386, 37.699312785063469 ], [ 127.01496116, 37.70042827 ], [ 127.01500866, 37.70052624 ], [ 127.015049449213635, 37.700619684460669 ], [ 127.01505794027662, 37.699316238219467 ] ] ] } },
{ "type": "Feature", "properties": { "display_grid_id": "11320_00386", "gu_code": 11320, "gu_name": "도봉구", "source_cell_count": 11, "area_m2": 54426.15, "mean_actual_lst": 27.8631, "mean_actual_anomaly": -6.8247, "seoul_anomaly": -9.4163, "pred_anomaly": -5.9875, "pred_anomaly_std": 1.9939, "green_delta_c": -0.5732, "building_ratio": 0.0, "green_ratio": 0.6825, "ndvi": 0.363, "impervious_ratio": 0.0959, "built_surface_ratio": 0.0959, "avg_ground_floor_count": 0.0, "elevation_m": 640.1662, "albedo": 0.1328, "nearest_park_distance_m": 2306.559, "park_area_within_500m": 0.0, "nearest_stream_distance_m": 2785.36, "est_population_density": 0.0, "dong_elderly_ratio": 0.3099, "dong_avg_age": 50.5, "dong_pop_density": 2346.0, "nearest_shelter_distance_m": 2451.0428, "shelter_count_within_500m": 0.0, "est_population": 0.0, "est_elderly": 0.0, "shelter_capacity_within_500m": 0.0, "building_form_group": "no_building", "dong_name": "도봉1동", "top1_feature": "elevation_m", "top1_shap": -1.392, "top2_feature": "built_surface_ratio", "top2_shap": -0.921, "top3_feature": "impervious_ratio", "top3_shap": -0.589, "priority_score": 35.5064, "priority_rank": 290 }, "geometry": { "type": "Polygon", "coordinates": [ [ [ 127.017893766349815, 37.699327866787499 ], [ 127.01505794027662, 37.699316238219467 ], [ 127.015049449213635, 37.700619684460669 ], [ 127.0151946, 37.70095221 ], [ 127.015415110000021, 37.70145532 ], [ 127.01704688, 37.70127802 ], [ 127.01779561, 37.70119655 ], [ 127.017881713325338, 37.701188960045705 ], [ 127.017893766349815, 37.699327866787499 ] ] ] } },
{ "type": "Feature", "properties": { "display_grid_id": "11320_00387", "gu_code": 11320, "gu_name": "도봉구", "source_cell_count": 11, "area_m2": 46155.29, "mean_actual_lst": 27.0706, "mean_actual_anomaly": -7.7943, "seoul_anomaly": -10.3858, "pred_anomaly": -7.2737, "pred_anomaly_std": 0.4825, "green_delta_c": -0.1829, "building_ratio": 0.0012, "green_ratio": 0.7727, "ndvi": 0.5471, "impervious_ratio": 0.0663, "built_surface_ratio": 0.0663, "avg_ground_floor_count": 0.2167, "elevation_m": 519.0845, "albedo": 0.1441, "nearest_park_distance_m": 2062.6129, "park_area_within_500m": 0.0, "nearest_stream_distance_m": 2568.5147, "est_population_density": 0.0, "dong_elderly_ratio": 0.3099, "dong_avg_age": 50.5, "dong_pop_density": 2346.0, "nearest_shelter_distance_m": 2226.4095, "shelter_count_within_500m": 0.0, "est_population": 0.0, "est_elderly": 0.0, "shelter_capacity_within_500m": 0.0, "building_form_group": "no_building", "dong_name": "도봉1동", "top1_feature": "built_surface_ratio", "top1_shap": -1.4165, "top2_feature": "elevation_m", "top2_shap": -1.2203, "top3_feature": "impervious_ratio", "top3_shap": -0.9942, "priority_score": 23.6154, "priority_rank": 385 }, "geometry": { "type": "Polygon", "coordinates": [ [ [ 127.020729594048802, 37.699339427159586 ], [ 127.017893766349815, 37.699327866787499 ], [ 127.017881713325338, 37.701188960045705 ], [ 127.01982708, 37.70101746 ], [ 127.020722009395811, 37.700517513843081 ], [ 127.020729594048802, 37.699339427159586 ] ] ] } },
{ "type": "Feature", "properties": { "display_grid_id": "11320_00388", "gu_code": 11320, "gu_name": "도봉구", "source_cell_count": 8, "area_m2": 18635.43, "mean_actual_lst": 27.0871, "mean_actual_anomaly": -8.0325, "seoul_anomaly": -10.624, "pred_anomaly": -7.1355, "pred_anomaly_std": 0.4563, "green_delta_c": -0.2634, "building_ratio": 0.0, "green_ratio": 0.7614, "ndvi": 0.528, "impervious_ratio": 0.0701, "built_surface_ratio": 0.0701, "avg_ground_floor_count": 0.0, "elevation_m": 500.0425, "albedo": 0.1302, "nearest_park_distance_m": 1822.1106, "park_area_within_500m": 0.0, "nearest_stream_distance_m": 2334.0009, "est_population_density": 0.0, "dong_elderly_ratio": 0.3099, "dong_avg_age": 50.5, "dong_pop_density": 2346.0, "nearest_shelter_distance_m": 1997.1021, "shelter_count_within_500m": 0.0, "est_population": 0.0, "est_elderly": 0.0, "shelter_capacity_within_500m": 0.0, "building_form_group": "no_building", "dong_name": "도봉1동", "top1_feature": "built_surface_ratio", "top1_shap": -1.3601, "top2_feature": "elevation_m", "top2_shap": -1.1774, "top3_feature": "impervious_ratio", "top3_shap": -0.9549, "priority_score": 24.2115, "priority_rank": 378 }, "geometry": { "type": "Polygon", "coordinates": [ [ [ 127.023565423364076, 37.699350919335615 ], [ 127.020729594048802, 37.699339427159586 ], [ 127.020722009395811, 37.700517513843081 ], [ 127.02214810000001, 37.69972081 ], [ 127.02338859, 37.70007084 ], [ 127.023561096857179, 37.70002694256717 ], [ 127.023565423364076, 37.699350919335615 ] ] ] } },
{ "type": "Feature", "properties": { "display_grid_id": "11320_00389", "gu_code": 11320, "gu_name": "도봉구", "source_cell_count": 5, "area_m2": 12465.61, "mean_actual_lst": 27.7146, "mean_actual_anomaly": -7.1776, "seoul_anomaly": -9.7691, "pred_anomaly": -6.7978, "pred_anomaly_std": 0.4864, "green_delta_c": -0.182, "building_ratio": 0.0, "green_ratio": 0.7798, "ndvi": 0.5577, "impervious_ratio": 0.0679, "built_surface_ratio": 0.0679, "avg_ground_floor_count": 0.0, "elevation_m": 447.5868, "albedo": 0.1372, "nearest_park_distance_m": 1551.7459, "park_area_within_500m": 0.0, "nearest_stream_distance_m": 2060.2527, "est_population_density": 0.0, "dong_elderly_ratio": 0.3099, "dong_avg_age": 50.5, "dong_pop_density": 2346.0, "nearest_shelter_distance_m": 1762.2248, "shelter_count_within_500m": 0.0, "est_population": 0.0, "est_elderly": 0.0, "shelter_capacity_within_500m": 0.0, "building_form_group": "no_building", "dong_name": "도봉1동", "top1_feature": "built_surface_ratio", "top1_shap": -1.3314, "top2_feature": "elevation_m", "top2_shap": -1.0937, "top3_feature": "impervious_ratio", "top3_shap": -0.9447, "priority_score": 23.8397, "priority_rank": 382 }, "geometry": { "type": "Polygon", "coordinates": [ [ [ 127.026401254286043, 37.699362343315457 ], [ 127.023565423364076, 37.699350919335615 ], [ 127.023561096857179, 37.70002694256717 ], [ 127.02531521, 37.69958056 ], [ 127.026396949805999, 37.700038952020961 ], [ 127.026401254286043, 37.699362343315457 ] ] ] } },
{ "type": "Feature", "properties": { "display_grid_id": "11320_00390", "gu_code": 11320, "gu_name": "도봉구", "source_cell_count": 7, "area_m2": 27332.19, "mean_actual_lst": 28.879, "mean_actual_anomaly": -6.0031, "seoul_anomaly": -8.5946, "pred_anomaly": -5.9572, "pred_anomaly_std": 0.8479, "green_delta_c": -0.322, "building_ratio": 0.0, "green_ratio": 0.7468, "ndvi": 0.5195, "impervious_ratio": 0.0995, "built_surface_ratio": 0.0995, "avg_ground_floor_count": 0.0, "elevation_m": 381.0634, "albedo": 0.1585, "nearest_park_distance_m": 1351.5967, "park_area_within_500m": 0.0, "nearest_stream_distance_m": 1837.6163, "est_population_density": 0.0, "dong_elderly_ratio": 0.3099, "dong_avg_age": 50.5, "dong_pop_density": 2346.0, "nearest_shelter_distance_m": 1624.7706, "shelter_count_within_500m": 0.0, "est_population": 0.0, "est_elderly": 0.0, "shelter_capacity_within_500m": 0.0, "building_form_group": "no_building", "dong_name": "도봉1동", "top1_feature": "elevation_m", "top1_shap": -1.0318, "top2_feature": "built_surface_ratio", "top2_shap": -0.8366, "top3_feature": "green_ratio", "top3_shap": -0.6938, "priority_score": 30.6474, "priority_rank": 316 }, "geometry": { "type": "Polygon", "coordinates": [ [ [ 127.026401254286043, 37.699362343315457 ], [ 127.026396949805999, 37.700038952020961 ], [ 127.026897790000021, 37.70025118 ], [ 127.02702192000001, 37.70111552 ], [ 127.02768735, 37.70093742 ], [ 127.028215979999985, 37.70028101 ], [ 127.028313030000021, 37.70016049 ], [ 127.02899107, 37.69965832 ], [ 127.029219746403058, 37.699373629868504 ], [ 127.026401254286043, 37.699362343315457 ] ] ] } }
]
}
