{
"type": "FeatureCollection",
"name": "11470_양천구",
"crs": { "type": "name", "properties": { "name": "urn:ogc:def:crs:OGC:1.3:CRS84" } },
"features": [
{ "type": "Feature", "properties": { "member_grid_ids": ["11470_00014"], "display_grid_id": "11470_00001", "gu_code": 11470, "gu_name": "양천구", "source_cell_count": 1, "area_m2": 351.43, "mean_actual_lst": 31.4367, "mean_actual_anomaly": -7.1619, "seoul_anomaly": -5.8136, "pred_anomaly": -6.8544, "pred_anomaly_std": 0.4856, "green_delta_c": 0.113, "building_ratio": 0.0, "green_ratio": 0.7872, "ndvi": 0.481, "impervious_ratio": 0.0461, "built_surface_ratio": 0.0461, "avg_ground_floor_count": 0.0, "elevation_m": 81.555, "albedo": 0.1407, "nearest_park_distance_m": 137.14, "park_area_within_500m": 35568.5, "nearest_stream_distance_m": 3369.86, "est_population_density": 0.0, "dong_elderly_ratio": 0.189, "dong_avg_age": 42.9, "dong_pop_density": 17821.4, "nearest_shelter_distance_m": 284.43, "shelter_count_within_500m": 2.0, "est_population": 0.0, "est_elderly": 0.0, "shelter_capacity_within_500m": 21.4, "building_form_group": "no_building", "dong_name": "신정3동", "top1_feature": "building_ratio", "top1_shap": -1.7337, "top2_feature": "impervious_ratio", "top2_shap": -1.1905, "top3_feature": "built_surface_ratio", "top3_shap": -1.1771, "priority_score": 16.1167, "priority_rank": 347 }, "geometry": { "type": "Polygon", "coordinates": [ [ [ 126.832466901773671, 37.504636835133823 ], [ 126.832468493531593, 37.504458065467539 ], [ 126.832073640000019, 37.50463119 ], [ 126.832068975311913, 37.504634585701375 ], [ 126.832466901773671, 37.504636835133823 ] ] ] } },
{ "type": "Feature", "properties": { "member_grid_ids": ["11470_00001", "11470_00002", "11470_00005", "11470_00006", "11470_00007", "11470_00015", "11470_00016", "11470_00017"], "display_grid_id": "11470_00002", "gu_code": 11470, "gu_name": "양천구", "source_cell_count": 9, "area_m2": 28989.93, "mean_actual_lst": 31.9002, "mean_actual_anomaly": -6.6083, "seoul_anomaly": -5.26, "pred_anomaly": -6.0693, "pred_anomaly_std": 0.7395, "green_delta_c": -0.3928, "building_ratio": 0.0, "green_ratio": 0.7747, "ndvi": 0.5051, "impervious_ratio": 0.0567, "built_surface_ratio": 0.0567, "avg_ground_floor_count": 0.0, "elevation_m": 67.7089, "albedo": 0.1244, "nearest_park_distance_m": 102.9836, "park_area_within_500m": 36667.8325, "nearest_stream_distance_m": 3161.5693, "est_population_density": 0.0, "dong_elderly_ratio": 0.189, "dong_avg_age": 42.9, "dong_pop_density": 17821.4, "nearest_shelter_distance_m": 229.4021, "shelter_count_within_500m": 1.5688, "est_population": 0.0, "est_elderly": 0.0, "shelter_capacity_within_500m": 777.8, "building_form_group": "no_building", "dong_name": "신정3동", "top1_feature": "building_ratio", "top1_shap": -1.6696, "top2_feature": "impervious_ratio", "top2_shap": -1.0065, "top3_feature": "built_surface_ratio", "top3_shap": -0.9902, "priority_score": 26.7651, "priority_rank": 338 }, "geometry": { "type": "Polygon", "coordinates": [ [ [ 126.832466901773671, 37.504636835133823 ], [ 126.835295257207591, 37.504652784873592 ], [ 126.835310963250379, 37.50288127049518 ], [ 126.83524653, 37.50286946 ], [ 126.834672400000017, 37.5031122 ], [ 126.83450788, 37.50319531 ], [ 126.8343035, 37.50325896 ], [ 126.834146960000012, 37.5033077 ], [ 126.83405187000001, 37.50335186 ], [ 126.83399341, 37.50337901000001 ], [ 126.83396951, 37.50340178 ], [ 126.83393905, 37.5034327 ], [ 126.83389619, 37.50349203 ], [ 126.83383748, 37.50357334000001 ], [ 126.83376451, 37.50367434 ], [ 126.83362246, 37.50387093 ], [ 126.83360559, 37.50388091 ], [ 126.83359062, 37.50388975 ], [ 126.83357119, 37.50390378 ], [ 126.83356106, 37.50391111 ], [ 126.83308434, 37.50404529 ], [ 126.833072480000013, 37.50405369 ], [ 126.83305019, 37.50406946 ], [ 126.83303056, 37.504081480000011 ], [ 126.833012130000014, 37.50409277 ], [ 126.83299444, 37.50413652000001 ], [ 126.83296274, 37.5042149 ], [ 126.83293211, 37.50424357 ], [ 126.83291279, 37.50426326 ], [ 126.832468493531593, 37.504458065467539 ], [ 126.832466901773671, 37.504636835133823 ] ] ] } },
{ "type": "Feature", "properties": { "member_grid_ids": ["11470_00002", "11470_00003", "11470_00004", "11470_00007", "11470_00008", "11470_00009", "11470_00018", "11470_00019"], "display_grid_id": "11470_00003", "gu_code": 11470, "gu_name": "양천구", "source_cell_count": 11, "area_m2": 40361.52, "mean_actual_lst": 32.1957, "mean_actual_anomaly": -6.3718, "seoul_anomaly": -5.0235, "pred_anomaly": -6.0599, "pred_anomaly_std": 0.732, "green_delta_c": -0.4979, "building_ratio": 0.0, "green_ratio": 0.7954, "ndvi": 0.528, "impervious_ratio": 0.0502, "built_surface_ratio": 0.0502, "avg_ground_floor_count": 0.0, "elevation_m": 87.4631, "albedo": 0.1125, "nearest_park_distance_m": 157.4491, "park_area_within_500m": 46015.3809, "nearest_stream_distance_m": 2972.2254, "est_population_density": 0.0, "dong_elderly_ratio": 0.1891, "dong_avg_age": 42.9044, "dong_pop_density": 17836.6605, "nearest_shelter_distance_m": 266.4511, "shelter_count_within_500m": 2.1348, "est_population": 0.0, "est_elderly": 0.0, "shelter_capacity_within_500m": 492.7, "building_form_group": "no_building", "dong_name": "신정3동", "top1_feature": "building_ratio", "top1_shap": -1.6249, "top2_feature": "impervious_ratio", "top2_shap": -0.9454, "top3_feature": "built_surface_ratio", "top3_shap": -0.9299, "priority_score": 31.3617, "priority_rank": 328 }, "geometry": { "type": "Polygon", "coordinates": [ [ [ 126.835295257207591, 37.504652784873592 ], [ 126.838123614866078, 37.504668666899121 ], [ 126.838131360023084, 37.503791362497076 ], [ 126.83797872, 37.50362955 ], [ 126.83786955, 37.50352803 ], [ 126.837494240000012, 37.503279740000011 ], [ 126.83691789, 37.50332033 ], [ 126.836504300000016, 37.5031266 ], [ 126.83639925, 37.50308197 ], [ 126.8363936, 37.50307971 ], [ 126.835310963250379, 37.50288127049518 ], [ 126.835295257207591, 37.504652784873592 ] ] ] } },
{ "type": "Feature", "properties": { "member_grid_ids": ["11470_00010", "11470_00020"], "display_grid_id": "11470_00004", "gu_code": 11470, "gu_name": "양천구", "source_cell_count": 5, "area_m2": 4093.85, "mean_actual_lst": 31.7117, "mean_actual_anomaly": -6.9379, "seoul_anomaly": -5.5896, "pred_anomaly": -6.7244, "pred_anomaly_std": 0.5596, "green_delta_c": -0.0047, "building_ratio": 0.0, "green_ratio": 0.8042, "ndvi": 0.5232, "impervious_ratio": 0.0478, "built_surface_ratio": 0.0478, "avg_ground_floor_count": 0.0, "elevation_m": 96.979, "albedo": 0.126, "nearest_park_distance_m": 204.2113, "park_area_within_500m": 72559.8025, "nearest_stream_distance_m": 2797.1182, "est_population_density": 0.0, "dong_elderly_ratio": 0.189, "dong_avg_age": 42.9, "dong_pop_density": 17821.4, "nearest_shelter_distance_m": 343.4184, "shelter_count_within_500m": 5.2027, "est_population": 0.0, "est_elderly": 0.0, "shelter_capacity_within_500m": 265.8, "building_form_group": "no_building", "dong_name": "신정3동", "top1_feature": "building_ratio", "top1_shap": -1.708, "top2_feature": "impervious_ratio", "top2_shap": -1.1685, "top3_feature": "built_surface_ratio", "top3_shap": -1.1478, "priority_score": 17.4424, "priority_rank": 345 }, "geometry": { "type": "Polygon", "coordinates": [ [ [ 126.838123614866078, 37.504668666899121 ], [ 126.839758545945955, 37.504677816608108 ], [ 126.839589320000016, 37.50449587 ], [ 126.839319410000016, 37.50444736 ], [ 126.838795250000018, 37.50454519 ], [ 126.83848944, 37.50442426 ], [ 126.838420139999982, 37.5043594 ], [ 126.83840568, 37.5043453 ], [ 126.83835607, 37.50424049 ], [ 126.8382843, 37.50409088 ], [ 126.83821101, 37.5039103 ], [ 126.83815079, 37.50381196 ], [ 126.838131360023084, 37.503791362497076 ], [ 126.838123614866078, 37.504668666899121 ] ] ] } },
{ "type": "Feature", "properties": { "member_grid_ids": ["11470_00011", "11470_00027"], "display_grid_id": "11470_00005", "gu_code": 11470, "gu_name": "양천구", "source_cell_count": 4, "area_m2": 3157.77, "mean_actual_lst": 35.18, "mean_actual_anomaly": -3.33, "seoul_anomaly": -1.9818, "pred_anomaly": -3.4547, "pred_anomaly_std": 0.9604, "green_delta_c": -1.5138, "building_ratio": 0.0, "green_ratio": 0.3341, "ndvi": 0.1064, "impervious_ratio": 0.0888, "built_surface_ratio": 0.0888, "avg_ground_floor_count": 0.0, "elevation_m": 10.0, "albedo": 0.109, "nearest_park_distance_m": 244.9985, "park_area_within_500m": 65282.006, "nearest_stream_distance_m": 1.5175, "est_population_density": 0.0, "dong_elderly_ratio": 0.212, "dong_avg_age": 44.4, "dong_pop_density": 22252.1, "nearest_shelter_distance_m": 391.8511, "shelter_count_within_500m": 3.0, "est_population": 0.0, "est_elderly": 0.0, "shelter_capacity_within_500m": 87.4, "building_form_group": "no_building", "dong_name": "신정7동", "top1_feature": "building_ratio", "top1_shap": -1.7353, "top2_feature": "built_surface_ratio", "top2_shap": -0.7174, "top3_feature": "ndvi", "top3_shap": 0.4268, "priority_score": 43.2205, "priority_rank": 224 }, "geometry": { "type": "Polygon", "coordinates": [ [ [ 126.872064076841298, 37.504853969434294 ], [ 126.872070258324314, 37.504115943115977 ], [ 126.8719879, 37.50412026 ], [ 126.87186561, 37.50412688 ], [ 126.87182713, 37.50420146 ], [ 126.87182978, 37.50420652 ], [ 126.87182022, 37.50421947 ], [ 126.871468980000017, 37.50468873 ], [ 126.8714217, 37.50484719 ], [ 126.871422102100183, 37.504850554976763 ], [ 126.872064076841298, 37.504853969434294 ] ] ] } },
{ "type": "Feature", "properties": { "member_grid_ids": ["11470_00012", "11470_00013", "11470_00028", "11470_00029"], "display_grid_id": "11470_00006", "gu_code": 11470, "gu_name": "양천구", "source_cell_count": 6, "area_m2": 16228.72, "mean_actual_lst": 38.1988, "mean_actual_anomaly": -0.1671, "seoul_anomaly": 1.1811, "pred_anomaly": -0.4977, "pred_anomaly_std": 0.7795, "green_delta_c": -0.317, "building_ratio": 0.192, "green_ratio": 0.3877, "ndvi": 0.2762, "impervious_ratio": 0.3429, "built_surface_ratio": 0.3429, "avg_ground_floor_count": 0.138, "elevation_m": 10.6781, "albedo": 0.1405, "nearest_park_distance_m": 167.166, "park_area_within_500m": 112215.8762, "nearest_stream_distance_m": 41.0717, "est_population_density": 0.0, "dong_elderly_ratio": 0.212, "dong_avg_age": 44.4, "dong_pop_density": 22252.1, "nearest_shelter_distance_m": 304.8843, "shelter_count_within_500m": 3.9796, "est_population": 0.0, "est_elderly": 0.0, "shelter_capacity_within_500m": 120.0, "building_form_group": "low_floor_low_density", "dong_name": "신정7동", "top1_feature": "green_ratio", "top1_shap": -0.3009, "top2_feature": "elevation_m", "top2_shap": -0.2656, "top3_feature": "building_ratio", "top3_shap": 0.2315, "priority_score": 38.8401, "priority_rank": 267 }, "geometry": { "type": "Polygon", "coordinates": [ [ [ 126.872064076841298, 37.504853969434294 ], [ 126.873767292553708, 37.504863011383286 ], [ 126.873754840000018, 37.50484636 ], [ 126.873705330000021, 37.50475648 ], [ 126.87369306, 37.504701 ], [ 126.87368852, 37.5045636 ], [ 126.87370003, 37.50444563 ], [ 126.873734019999986, 37.50430574 ], [ 126.87375764, 37.50423396 ], [ 126.87375662, 37.504209179999989 ], [ 126.873665910000014, 37.50393851 ], [ 126.87358014, 37.50356028 ], [ 126.87356831, 37.50355492 ], [ 126.873550280000018, 37.50355743 ], [ 126.873176730000012, 37.5037575 ], [ 126.8731373, 37.50377125 ], [ 126.87274277, 37.50383755 ], [ 126.872646020000019, 37.50389319 ], [ 126.87261665, 37.50390978 ], [ 126.87258197, 37.50393536 ], [ 126.87244504, 37.50402559 ], [ 126.87243655, 37.50402924 ], [ 126.872431780000014, 37.50403177 ], [ 126.87242435, 37.50403458 ], [ 126.872326220000019, 37.50406741 ], [ 126.87217365, 37.50410751 ], [ 126.87212469, 37.50411309 ], [ 126.872070258324314, 37.504115943115977 ], [ 126.872064076841298, 37.504853969434294 ] ] ] } },
{ "type": "Feature", "properties": { "member_grid_ids": ["11470_00014", "11470_00030", "11470_00031", "11470_00055", "11470_00056"], "display_grid_id": "11470_00007", "gu_code": 11470, "gu_name": "양천구", "source_cell_count": 9, "area_m2": 27908.27, "mean_actual_lst": 31.5003, "mean_actual_anomaly": -6.956, "seoul_anomaly": -5.6078, "pred_anomaly": -5.9459, "pred_anomaly_std": 0.7802, "green_delta_c": -0.698, "building_ratio": 0.0, "green_ratio": 0.7936, "ndvi": 0.4996, "impervious_ratio": 0.0562, "built_surface_ratio": 0.0562, "avg_ground_floor_count": 0.0, "elevation_m": 69.9168, "albedo": 0.1198, "nearest_park_distance_m": 105.8179, "park_area_within_500m": 60171.9742, "nearest_stream_distance_m": 3436.1789, "est_population_density": 0.0, "dong_elderly_ratio": 0.189, "dong_avg_age": 42.9, "dong_pop_density": 17821.4, "nearest_shelter_distance_m": 300.2161, "shelter_count_within_500m": 2.204, "est_population": 0.0, "est_elderly": 0.0, "shelter_capacity_within_500m": 890.6, "building_form_group": "no_building", "dong_name": "신정3동", "top1_feature": "building_ratio", "top1_shap": -1.647, "top2_feature": "impervious_ratio", "top2_shap": -0.9929, "top3_feature": "built_surface_ratio", "top3_shap": -0.9749, "priority_score": 34.7046, "priority_rank": 307 }, "geometry": { "type": "Polygon", "coordinates": [ [ [ 126.832446837617368, 37.506890096263341 ], [ 126.832466901773671, 37.504636835133823 ], [ 126.832068975311913, 37.504634585701375 ], [ 126.83204846, 37.50464952 ], [ 126.83200762, 37.50467924 ], [ 126.832001250000019, 37.50468514 ], [ 126.8318727, 37.50482228 ], [ 126.83160091000002, 37.50511225 ], [ 126.83149996, 37.50544632 ], [ 126.83145722, 37.50551412 ], [ 126.83135893, 37.50561096 ], [ 126.83119811, 37.5057694 ], [ 126.831188370000021, 37.50585243 ], [ 126.83118639, 37.50586934 ], [ 126.83097166, 37.50603656 ], [ 126.830899439999982, 37.50608883 ], [ 126.83087806, 37.50610462 ], [ 126.83081465, 37.50615149 ], [ 126.83066027, 37.50627544 ], [ 126.83060664, 37.50631056 ], [ 126.830565539999981, 37.50635611 ], [ 126.830608880392731, 37.506879694770369 ], [ 126.832446837617368, 37.506890096263341 ] ] ] } },
{ "type": "Feature", "properties": { "member_grid_ids": ["11470_00015", "11470_00016", "11470_00017", "11470_00032", "11470_00033", "11470_00034", "11470_00057", "11470_00058", "11470_00059"], "display_grid_id": "11470_00008", "gu_code": 11470, "gu_name": "양천구", "source_cell_count": 13, "area_m2": 62500.0, "mean_actual_lst": 34.156, "mean_actual_anomaly": -4.2726, "seoul_anomaly": -2.9243, "pred_anomaly": -2.7102, "pred_anomaly_std": 0.8321, "green_delta_c": -0.5222, "building_ratio": 0.0548, "green_ratio": 0.5339, "ndvi": 0.3523, "impervious_ratio": 0.2589, "built_surface_ratio": 0.2589, "avg_ground_floor_count": 7.4128, "elevation_m": 51.6952, "albedo": 0.1171, "nearest_park_distance_m": 23.318, "park_area_within_500m": 62778.5756, "nearest_stream_distance_m": 3241.2336, "est_population_density": 5157.6, "dong_elderly_ratio": 0.189, "dong_avg_age": 42.9, "dong_pop_density": 17821.4, "nearest_shelter_distance_m": 136.1192, "shelter_count_within_500m": 1.64, "est_population": 322.3, "est_elderly": 60.8, "shelter_capacity_within_500m": 683.0, "building_form_group": "high_floor_low_density", "dong_name": "신정3동", "top1_feature": "building_ratio", "top1_shap": -0.5695, "top2_feature": "impervious_ratio", "top2_shap": -0.1525, "top3_feature": "green_ratio", "top3_shap": -0.4069, "priority_score": 34.7406, "priority_rank": 306 }, "geometry": { "type": "Polygon", "coordinates": [ [ [ 126.832466901773671, 37.504636835133823 ], [ 126.832446837617368, 37.506890096263341 ], [ 126.835275278048357, 37.506906047293739 ], [ 126.835295257207591, 37.504652784873592 ], [ 126.832466901773671, 37.504636835133823 ] ] ] } },
{ "type": "Feature", "properties": { "member_grid_ids": ["11470_00018", "11470_00019", "11470_00034", "11470_00035", "11470_00036", "11470_00059", "11470_00060", "11470_00061"], "display_grid_id": "11470_00009", "gu_code": 11470, "gu_name": "양천구", "source_cell_count": 14, "area_m2": 62500.0, "mean_actual_lst": 35.1328, "mean_actual_anomaly": -3.3334, "seoul_anomaly": -1.9852, "pred_anomaly": -2.2413, "pred_anomaly_std": 0.962, "green_delta_c": -0.7286, "building_ratio": 0.1088, "green_ratio": 0.5085, "ndvi": 0.3603, "impervious_ratio": 0.2984, "built_surface_ratio": 0.2984, "avg_ground_floor_count": 4.4899, "elevation_m": 56.5462, "albedo": 0.1201, "nearest_park_distance_m": 43.1436, "park_area_within_500m": 100448.7596, "nearest_stream_distance_m": 3009.7408, "est_population_density": 2954.4, "dong_elderly_ratio": 0.189, "dong_avg_age": 42.9, "dong_pop_density": 17821.4, "nearest_shelter_distance_m": 164.456, "shelter_count_within_500m": 1.88, "est_population": 184.6, "est_elderly": 34.9, "shelter_capacity_within_500m": 552.5, "building_form_group": "no_building", "dong_name": "신정3동", "top1_feature": "building_ratio", "top1_shap": -0.4005, "top2_feature": "green_ratio", "top2_shap": -0.5168, "top3_feature": "ndvi", "top3_shap": -0.318, "priority_score": 40.2233, "priority_rank": 257 }, "geometry": { "type": "Polygon", "coordinates": [ [ [ 126.835295257207591, 37.504652784873592 ], [ 126.835275278048357, 37.506906047293739 ], [ 126.838103720704197, 37.506921930604385 ], [ 126.838123614866078, 37.504668666899121 ], [ 126.835295257207591, 37.504652784873592 ] ] ] } },
{ "type": "Feature", "properties": { "member_grid_ids": ["11470_00020", "11470_00021", "11470_00037", "11470_00038", "11470_00062", "11470_00063", "11470_00064"], "display_grid_id": "11470_00010", "gu_code": 11470, "gu_name": "양천구", "source_cell_count": 13, "area_m2": 53376.59, "mean_actual_lst": 32.5262, "mean_actual_anomaly": -6.1233, "seoul_anomaly": -4.7751, "pred_anomaly": -5.1856, "pred_anomaly_std": 0.6765, "green_delta_c": -0.3592, "building_ratio": 0.0377, "green_ratio": 0.7223, "ndvi": 0.5006, "impervious_ratio": 0.1051, "built_surface_ratio": 0.1051, "avg_ground_floor_count": 0.3747, "elevation_m": 70.9575, "albedo": 0.1191, "nearest_park_distance_m": 159.4562, "park_area_within_500m": 133073.3368, "nearest_stream_distance_m": 2780.9034, "est_population_density": 1.8735, "dong_elderly_ratio": 0.189, "dong_avg_age": 42.9, "dong_pop_density": 17821.4, "nearest_shelter_distance_m": 242.7939, "shelter_count_within_500m": 3.9324, "est_population": 0.1, "est_elderly": 0.0, "shelter_capacity_within_500m": 1010.4, "building_form_group": "no_building", "dong_name": "신정3동", "top1_feature": "building_ratio", "top1_shap": -1.0152, "top2_feature": "green_ratio", "top2_shap": -0.6766, "top3_feature": "impervious_ratio", "top3_shap": -0.541, "priority_score": 26.549, "priority_rank": 339 }, "geometry": { "type": "Polygon", "coordinates": [ [ [ 126.838123614866078, 37.504668666899121 ], [ 126.838103720704197, 37.506921930604385 ], [ 126.840932165575424, 37.506937746195135 ], [ 126.840940883556129, 37.505946118993108 ], [ 126.8407447, 37.50604266 ], [ 126.8406248, 37.50583246 ], [ 126.84049859, 37.50552257 ], [ 126.84016674, 37.50542779 ], [ 126.84012972, 37.50538748000001 ], [ 126.84011685, 37.50537732 ], [ 126.84006263, 37.50519452 ], [ 126.8399907, 37.50495537 ], [ 126.83995092, 37.50488465 ], [ 126.839758545945955, 37.504677816608108 ], [ 126.838123614866078, 37.504668666899121 ] ] ] } },
{ "type": "Feature", "properties": { "member_grid_ids": ["11470_00039", "11470_00040", "11470_00041", "11470_00064", "11470_00065", "11470_00066"], "display_grid_id": "11470_00011", "gu_code": 11470, "gu_name": "양천구", "source_cell_count": 9, "area_m2": 34753.35, "mean_actual_lst": 32.2071, "mean_actual_anomaly": -6.4424, "seoul_anomaly": -5.0942, "pred_anomaly": -5.0397, "pred_anomaly_std": 0.8674, "green_delta_c": -0.828, "building_ratio": 0.0209, "green_ratio": 0.7738, "ndvi": 0.5336, "impervious_ratio": 0.0741, "built_surface_ratio": 0.0741, "avg_ground_floor_count": 1.3484, "elevation_m": 50.2246, "albedo": 0.121, "nearest_park_distance_m": 169.6326, "park_area_within_500m": 135484.3229, "nearest_stream_distance_m": 2545.9227, "est_population_density": 1326.4907, "dong_elderly_ratio": 0.189, "dong_avg_age": 42.9, "dong_pop_density": 17821.4, "nearest_shelter_distance_m": 178.0316, "shelter_count_within_500m": 7.8651, "est_population": 46.1, "est_elderly": 8.7, "shelter_capacity_within_500m": 1195.8, "building_form_group": "no_building", "dong_name": "신정3동", "top1_feature": "building_ratio", "top1_shap": -1.1493, "top2_feature": "built_surface_ratio", "top2_shap": -0.6848, "top3_feature": "green_ratio", "top3_shap": -0.5375, "priority_score": 35.706, "priority_rank": 298 }, "geometry": { "type": "Polygon", "coordinates": [ [ [ 126.840932165575424, 37.506937746195135 ], [ 126.843760612652574, 37.506953494065833 ], [ 126.843770812102164, 37.505788352021646 ], [ 126.8435841, 37.5058204 ], [ 126.84346857, 37.50579969 ], [ 126.84268515, 37.50548554 ], [ 126.842428220000016, 37.505480690000013 ], [ 126.84232719000002, 37.50553715 ], [ 126.8420981, 37.50565623 ], [ 126.84207263, 37.50566549 ], [ 126.841562060000015, 37.50576982 ], [ 126.84117492, 37.50583095 ], [ 126.840940883556129, 37.505946118993108 ], [ 126.840932165575424, 37.506937746195135 ] ] ] } },
{ "type": "Feature", "properties": { "member_grid_ids": ["11470_00042", "11470_00067"], "display_grid_id": "11470_00012", "gu_code": 11470, "gu_name": "양천구", "source_cell_count": 4, "area_m2": 9456.75, "mean_actual_lst": 36.7855, "mean_actual_anomaly": -1.864, "seoul_anomaly": -0.5158, "pred_anomaly": 0.277, "pred_anomaly_std": 1.0831, "green_delta_c": -0.5994, "building_ratio": 0.0675, "green_ratio": 0.3922, "ndvi": 0.2309, "impervious_ratio": 0.2554, "built_surface_ratio": 0.2554, "avg_ground_floor_count": 2.854, "elevation_m": 24.5548, "albedo": 0.1173, "nearest_park_distance_m": 74.4972, "park_area_within_500m": 109408.3934, "nearest_stream_distance_m": 2392.9974, "est_population_density": 2146.635, "dong_elderly_ratio": 0.189, "dong_avg_age": 42.9, "dong_pop_density": 17821.4, "nearest_shelter_distance_m": 121.3631, "shelter_count_within_500m": 9.2865, "est_population": 20.3, "est_elderly": 3.8, "shelter_capacity_within_500m": 507.0, "building_form_group": "high_floor_low_density", "dong_name": "신정3동", "top1_feature": "green_ratio", "top1_shap": -0.5477, "top2_feature": "ndvi", "top2_shap": 0.1125, "top3_feature": "impervious_ratio", "top3_shap": 0.2992, "priority_score": 35.951, "priority_rank": 295 }, "geometry": { "type": "Polygon", "coordinates": [ [ [ 126.843760612652574, 37.506953494065833 ], [ 126.844709102641602, 37.506958759783679 ], [ 126.84469861, 37.50692927 ], [ 126.84465923, 37.50683179 ], [ 126.844611730000011, 37.50673093000001 ], [ 126.84452502000002, 37.50662073 ], [ 126.844469100000012, 37.50657025 ], [ 126.8443818, 37.50648989 ], [ 126.84449513, 37.50620989 ], [ 126.844581819999988, 37.50599574 ], [ 126.8446724, 37.50577258 ], [ 126.84467689, 37.50574048 ], [ 126.84450199, 37.50571407 ], [ 126.84448091, 37.5057436 ], [ 126.84440771, 37.50567903 ], [ 126.843770812102164, 37.505788352021646 ], [ 126.843760612652574, 37.506953494065833 ] ] ] } },
{ "type": "Feature", "properties": { "member_grid_ids": ["11470_00068"], "display_grid_id": "11470_00013", "gu_code": 11470, "gu_name": "양천구", "source_cell_count": 4, "area_m2": 1741.84, "mean_actual_lst": 38.1905, "mean_actual_anomaly": -0.11, "seoul_anomaly": 1.2382, "pred_anomaly": 1.2678, "pred_anomaly_std": 0.7969, "green_delta_c": -0.207, "building_ratio": 0.2607, "green_ratio": 0.2661, "ndvi": 0.2214, "impervious_ratio": 0.4655, "built_surface_ratio": 0.4655, "avg_ground_floor_count": 0.0, "elevation_m": 18.36, "albedo": 0.0972, "nearest_park_distance_m": 0.0, "park_area_within_500m": 279863.5, "nearest_stream_distance_m": 1022.24, "est_population_density": 0.0, "dong_elderly_ratio": 0.2331, "dong_avg_age": 45.9, "dong_pop_density": 25594.1, "nearest_shelter_distance_m": 163.85, "shelter_count_within_500m": 16.0, "est_population": 0.0, "est_elderly": 0.0, "shelter_capacity_within_500m": 910.0, "building_form_group": "low_floor_high_density", "dong_name": null, "top1_feature": "impervious_ratio", "top1_shap": 0.5952, "top2_feature": "building_ratio", "top2_shap": 0.5722, "top3_feature": "built_surface_ratio", "top3_shap": 0.4748, "priority_score": 33.3934, "priority_rank": 316 }, "geometry": { "type": "Polygon", "coordinates": [ [ [ 126.860731340909723, 37.507046559159569 ], [ 126.860733203581731, 37.506828131956752 ], [ 126.86043865, 37.5067416 ], [ 126.86033673, 37.50661478 ], [ 126.86032136, 37.50661589 ], [ 126.86031571, 37.50661616 ], [ 126.860266420000016, 37.50670001000001 ], [ 126.860059570968247, 37.507042921617398 ], [ 126.860731340909723, 37.507046559159569 ] ] ] } },
{ "type": "Feature", "properties": { "member_grid_ids": ["11470_00043", "11470_00044", "11470_00069", "11470_00070", "11470_00071"], "display_grid_id": "11470_00014", "gu_code": 11470, "gu_name": "양천구", "source_cell_count": 7, "area_m2": 13515.68, "mean_actual_lst": 37.8642, "mean_actual_anomaly": -0.7329, "seoul_anomaly": 0.6154, "pred_anomaly": 1.2419, "pred_anomaly_std": 0.7386, "green_delta_c": -0.0406, "building_ratio": 0.2357, "green_ratio": 0.2328, "ndvi": 0.1975, "impervious_ratio": 0.4858, "built_surface_ratio": 0.4858, "avg_ground_floor_count": 10.4969, "elevation_m": 22.1395, "albedo": 0.1187, "nearest_park_distance_m": 0.2435, "park_area_within_500m": 237237.095, "nearest_stream_distance_m": 756.9764, "est_population_density": 33286.7333, "dong_elderly_ratio": 0.2133, "dong_avg_age": 44.4892, "dong_pop_density": 22450.7575, "nearest_shelter_distance_m": 63.8856, "shelter_count_within_500m": 20.0444, "est_population": 449.9, "est_elderly": 95.4, "shelter_capacity_within_500m": 4305.5, "building_form_group": "high_floor_low_density", "dong_name": "신정7동", "top1_feature": "impervious_ratio", "top1_shap": 0.4481, "top2_feature": "building_ratio", "top2_shap": 0.289, "top3_feature": "built_surface_ratio", "top3_shap": 0.2366, "priority_score": 29.2363, "priority_rank": 332 }, "geometry": { "type": "MultiPolygon", "coordinates": [ [ [ [ 126.863577180310244, 37.505014944279431 ], [ 126.863513160000011, 37.50501448 ], [ 126.86338009, 37.50511146 ], [ 126.86313903, 37.50531728 ], [ 126.862949220000019, 37.50570927 ], [ 126.86283623, 37.50593889 ], [ 126.86282933, 37.50603546 ], [ 126.86282657000001, 37.50609768 ], [ 126.86282656, 37.50610444 ], [ 126.862820320000012, 37.50613287 ], [ 126.862762929999988, 37.50640001 ], [ 126.86296027, 37.50652243 ], [ 126.862942, 37.50655902 ], [ 126.86289878, 37.50660712 ], [ 126.86278961, 37.50668808 ], [ 126.862648809999982, 37.50676308 ], [ 126.862583560000019, 37.50677877 ], [ 126.86262945, 37.50680643 ], [ 126.86268768, 37.50685943 ], [ 126.86278911, 37.50695724 ], [ 126.862871390499322, 37.507058121761894 ], [ 126.863559803163312, 37.507061832985308 ], [ 126.863577180310244, 37.505014944279431 ] ] ], [ [ [ 126.861483367846049, 37.507050626749766 ], [ 126.86125286, 37.5069833 ], [ 126.861167550000019, 37.50695758 ], [ 126.86086306, 37.50686628 ], [ 126.860733203581731, 37.506828131956752 ], [ 126.860731340909723, 37.507046559159569 ], [ 126.861483367846049, 37.507050626749766 ] ] ] ] } },
{ "type": "Feature", "properties": { "member_grid_ids": ["11470_00022", "11470_00023", "11470_00044", "11470_00045", "11470_00046", "11470_00071", "11470_00072", "11470_00073"], "display_grid_id": "11470_00015", "gu_code": 11470, "gu_name": "양천구", "source_cell_count": 10, "area_m2": 48464.71, "mean_actual_lst": 38.0991, "mean_actual_anomaly": -0.4815, "seoul_anomaly": 0.8667, "pred_anomaly": 1.3867, "pred_anomaly_std": 0.7665, "green_delta_c": -0.1706, "building_ratio": 0.2374, "green_ratio": 0.2444, "ndvi": 0.2042, "impervious_ratio": 0.4829, "built_surface_ratio": 0.4829, "avg_ground_floor_count": 10.9232, "elevation_m": 30.5271, "albedo": 0.1097, "nearest_park_distance_m": 49.9879, "park_area_within_500m": 213230.9969, "nearest_stream_distance_m": 625.351, "est_population_density": 43101.6116, "dong_elderly_ratio": 0.212, "dong_avg_age": 44.4, "dong_pop_density": 22252.1, "nearest_shelter_distance_m": 61.2468, "shelter_count_within_500m": 18.5923, "est_population": 2088.9, "est_elderly": 442.9, "shelter_capacity_within_500m": 3832.5, "building_form_group": "high_floor_low_density", "dong_name": "신정7동", "top1_feature": "impervious_ratio", "top1_shap": 0.4436, "top2_feature": "built_surface_ratio", "top2_shap": 0.3376, "top3_feature": "building_ratio", "top3_shap": 0.24, "priority_score": 44.9136, "priority_rank": 207 }, "geometry": { "type": "Polygon", "coordinates": [ [ [ 126.863559803163312, 37.507061832985308 ], [ 126.866388267547109, 37.507077039089694 ], [ 126.866402504440984, 37.505392576334664 ], [ 126.86628133, 37.50542706 ], [ 126.866230929999986, 37.50544615 ], [ 126.86608503, 37.50551243 ], [ 126.866047719999983, 37.505525059999989 ], [ 126.86593723999998, 37.50554183 ], [ 126.86583559, 37.50555551 ], [ 126.86581671, 37.50554563 ], [ 126.86576368, 37.50555093 ], [ 126.86543761, 37.50557279 ], [ 126.8652448, 37.50557679 ], [ 126.86516072000002, 37.50556346 ], [ 126.865148729999987, 37.50554571 ], [ 126.865048570000013, 37.50552898 ], [ 126.86486676, 37.50551188 ], [ 126.86484309, 37.50550425 ], [ 126.86483546, 37.50542878 ], [ 126.86482826, 37.50539893 ], [ 126.86481228, 37.50534456 ], [ 126.86480874999998, 37.50533977 ], [ 126.86477926, 37.50533102 ], [ 126.864721609999989, 37.50525803 ], [ 126.864720029999987, 37.50525127 ], [ 126.86471881, 37.50524563 ], [ 126.864726280000014, 37.5052172 ], [ 126.864730730000019, 37.50520172 ], [ 126.86473375, 37.50518652 ], [ 126.86473368, 37.50512767 ], [ 126.864708719999982, 37.50505782 ], [ 126.86468768, 37.50506708 ], [ 126.86460949, 37.50501209 ], [ 126.86455139, 37.50499231 ], [ 126.86452558, 37.50499791 ], [ 126.8643426, 37.50504275 ], [ 126.864198140000013, 37.50508426 ], [ 126.86401796, 37.50505307000001 ], [ 126.863778730000021, 37.50502886000001 ], [ 126.863694099999989, 37.50502145 ], [ 126.8636921, 37.50504847 ], [ 126.863619470000017, 37.50504811 ], [ 126.863604170000016, 37.50501514 ], [ 126.863577180310244, 37.505014944279431 ], [ 126.863559803163312, 37.507061832985308 ] ] ] } },
{ "type": "Feature", "properties": { "member_grid_ids": ["11470_00024", "11470_00025", "11470_00026", "11470_00047", "11470_00048", "11470_00049", "11470_00074", "11470_00075", "11470_00076"], "display_grid_id": "11470_00016", "gu_code": 11470, "gu_name": "양천구", "source_cell_count": 11, "area_m2": 56641.45, "mean_actual_lst": 34.1725, "mean_actual_anomaly": -4.3561, "seoul_anomaly": -3.0078, "pred_anomaly": -2.8645, "pred_anomaly_std": 0.7049, "green_delta_c": -0.786, "building_ratio": 0.029, "green_ratio": 0.6906, "ndvi": 0.5033, "impervious_ratio": 0.1482, "built_surface_ratio": 0.1482, "avg_ground_floor_count": 3.1474, "elevation_m": 46.1047, "albedo": 0.1438, "nearest_park_distance_m": 209.3969, "park_area_within_500m": 109376.7641, "nearest_stream_distance_m": 358.1521, "est_population_density": 967.485, "dong_elderly_ratio": 0.212, "dong_avg_age": 44.4, "dong_pop_density": 22252.1, "nearest_shelter_distance_m": 188.8256, "shelter_count_within_500m": 14.7758, "est_population": 54.8, "est_elderly": 11.6, "shelter_capacity_within_500m": 3009.4, "building_form_group": "no_building", "dong_name": "신정7동", "top1_feature": "green_ratio", "top1_shap": -0.8072, "top2_feature": "building_ratio", "top2_shap": -0.7975, "top3_feature": "ndvi", "top3_shap": -0.5187, "priority_score": 38.2853, "priority_rank": 274 }, "geometry": { "type": "Polygon", "coordinates": [ [ [ 126.866388267547109, 37.507077039089694 ], [ 126.869216734051619, 37.507092177472572 ], [ 126.869234547500952, 37.504975075318214 ], [ 126.869142200000013, 37.50489618 ], [ 126.86904859000002, 37.50487046 ], [ 126.86901258, 37.50485212 ], [ 126.86868458, 37.50486132000001 ], [ 126.86796303, 37.50488332 ], [ 126.867554110000015, 37.50508248 ], [ 126.867519090000016, 37.50510046 ], [ 126.86724526, 37.50525304 ], [ 126.8671388, 37.505294309999989 ], [ 126.86679192, 37.50528997 ], [ 126.86656855, 37.50519989 ], [ 126.86645606, 37.50525242 ], [ 126.86645216, 37.505259170000016 ], [ 126.86646959, 37.5052941 ], [ 126.86647559, 37.50529552 ], [ 126.8665654, 37.50527872 ], [ 126.8665873, 37.50528523 ], [ 126.86650376999998, 37.5053499 ], [ 126.866493340000019, 37.50535607 ], [ 126.86642224, 37.50538696 ], [ 126.866402504440984, 37.505392576334664 ], [ 126.866388267547109, 37.507077039089694 ] ] ] } },
{ "type": "Feature", "properties": { "member_grid_ids": ["11470_00027", "11470_00049", "11470_00050", "11470_00051", "11470_00076", "11470_00077", "11470_00078"], "display_grid_id": "11470_00017", "gu_code": 11470, "gu_name": "양천구", "source_cell_count": 12, "area_m2": 49523.83, "mean_actual_lst": 36.4962, "mean_actual_anomaly": -1.8091, "seoul_anomaly": -0.4609, "pred_anomaly": -1.3175, "pred_anomaly_std": 0.7635, "green_delta_c": -0.6802, "building_ratio": 0.0859, "green_ratio": 0.5178, "ndvi": 0.3755, "impervious_ratio": 0.2806, "built_surface_ratio": 0.2806, "avg_ground_floor_count": 0.8712, "elevation_m": 22.041, "albedo": 0.1526, "nearest_park_distance_m": 254.9914, "park_area_within_500m": 72646.2159, "nearest_stream_distance_m": 129.12, "est_population_density": 0.0, "dong_elderly_ratio": 0.212, "dong_avg_age": 44.4, "dong_pop_density": 22252.1, "nearest_shelter_distance_m": 346.9316, "shelter_count_within_500m": 8.0027, "est_population": 0.0, "est_elderly": 0.0, "shelter_capacity_within_500m": 1163.2, "building_form_group": "low_floor_low_density", "dong_name": "신정7동", "top1_feature": "green_ratio", "top1_shap": -0.6915, "top2_feature": "building_ratio", "top2_shap": -0.4079, "top3_feature": "ndvi", "top3_shap": -0.2995, "priority_score": 42.9323, "priority_rank": 227 }, "geometry": { "type": "Polygon", "coordinates": [ [ [ 126.869216734051619, 37.507092177472572 ], [ 126.872045202667422, 37.507107248133778 ], [ 126.872064076841298, 37.504853969434294 ], [ 126.871422102100183, 37.504850554976763 ], [ 126.87144835, 37.50507021 ], [ 126.87129225000001, 37.50510946 ], [ 126.87119501, 37.50513385 ], [ 126.87101488, 37.50526965000001 ], [ 126.87064135, 37.50575211 ], [ 126.87063055, 37.50575914 ], [ 126.87060686, 37.50576868 ], [ 126.87042071, 37.50580902 ], [ 126.870255949999986, 37.505845730000011 ], [ 126.870248709999984, 37.50584149 ], [ 126.869234547500952, 37.504975075318214 ], [ 126.869216734051619, 37.507092177472572 ] ] ] } },
{ "type": "Feature", "properties": { "member_grid_ids": ["11470_00028", "11470_00029", "11470_00052", "11470_00053", "11470_00054", "11470_00079", "11470_00080", "11470_00081"], "display_grid_id": "11470_00018", "gu_code": 11470, "gu_name": "양천구", "source_cell_count": 12, "area_m2": 49773.08, "mean_actual_lst": 37.2902, "mean_actual_anomaly": -0.9178, "seoul_anomaly": 0.4304, "pred_anomaly": -0.6072, "pred_anomaly_std": 0.8038, "green_delta_c": -0.734, "building_ratio": 0.1735, "green_ratio": 0.3026, "ndvi": 0.1908, "impervious_ratio": 0.3297, "built_surface_ratio": 0.3297, "avg_ground_floor_count": 0.0689, "elevation_m": 10.1805, "albedo": 0.1302, "nearest_park_distance_m": 236.4191, "park_area_within_500m": 123488.4776, "nearest_stream_distance_m": 28.4734, "est_population_density": 0.0, "dong_elderly_ratio": 0.212, "dong_avg_age": 44.4, "dong_pop_density": 22252.1, "nearest_shelter_distance_m": 265.814, "shelter_count_within_500m": 4.3014, "est_population": 0.0, "est_elderly": 0.0, "shelter_capacity_within_500m": 43.0, "building_form_group": "low_floor_high_density", "dong_name": "신정7동", "top1_feature": "building_ratio", "top1_shap": -0.0232, "top2_feature": "impervious_ratio", "top2_shap": 0.238, "top3_feature": "built_surface_ratio", "top3_shap": 0.1652, "priority_score": 46.0303, "priority_rank": 195 }, "geometry": { "type": "Polygon", "coordinates": [ [ [ 126.872064076841298, 37.504853969434294 ], [ 126.872045202667422, 37.507107248133778 ], [ 126.874231961510773, 37.507118853207913 ], [ 126.874244950000019, 37.50698 ], [ 126.87427281, 37.50690739 ], [ 126.87434227, 37.5067999 ], [ 126.874424409999989, 37.50672087 ], [ 126.8744787, 37.50669165 ], [ 126.874582460000013, 37.50667515 ], [ 126.87471219, 37.5066674 ], [ 126.874705, 37.50662939 ], [ 126.874686260000018, 37.50653363 ], [ 126.87468432, 37.50652856 ], [ 126.87467745, 37.50651757 ], [ 126.87465119, 37.50647447 ], [ 126.874630760000016, 37.50644151 ], [ 126.87459092, 37.5063767 ], [ 126.87455128, 37.50631049 ], [ 126.87450087, 37.50622766 ], [ 126.87442863, 37.50610792 ], [ 126.87441787, 37.5060927 ], [ 126.874401690000013, 37.50604453 ], [ 126.874384989999982, 37.5059944 ], [ 126.87432802, 37.50582315 ], [ 126.87430323, 37.50574879 ], [ 126.874276509999987, 37.50566852 ], [ 126.87426474, 37.50562824 ], [ 126.87417109, 37.50531195 ], [ 126.87413124, 37.50526179 ], [ 126.8740561, 37.505172450000011 ], [ 126.873850929999989, 37.504974850000011 ], [ 126.873767292553708, 37.504863011383286 ], [ 126.872064076841298, 37.504853969434294 ] ] ] } },
{ "type": "Feature", "properties": { "member_grid_ids": ["11470_00147"], "display_grid_id": "11470_00019", "gu_code": 11470, "gu_name": "양천구", "source_cell_count": 1, "area_m2": 8.41, "mean_actual_lst": 31.6574, "mean_actual_anomaly": -7.1953, "seoul_anomaly": -5.847, "pred_anomaly": -6.7382, "pred_anomaly_std": 0.7881, "green_delta_c": -0.3983, "building_ratio": 0.0, "green_ratio": 0.745, "ndvi": 0.4813, "impervious_ratio": 0.0403, "built_surface_ratio": 0.0403, "avg_ground_floor_count": 0.0, "elevation_m": 103.542, "albedo": 0.125, "nearest_park_distance_m": 412.52, "park_area_within_500m": 26637.4, "nearest_stream_distance_m": 4163.47, "est_population_density": 0.0, "dong_elderly_ratio": 0.2554, "dong_avg_age": 47.6, "dong_pop_density": 15158.5, "nearest_shelter_distance_m": 524.9, "shelter_count_within_500m": 0.0, "est_population": 0.0, "est_elderly": 0.0, "shelter_capacity_within_500m": 0.0, "building_form_group": "no_building", "dong_name": "신월7동", "top1_feature": "building_ratio", "top1_shap": -1.674, "top2_feature": "impervious_ratio", "top2_shap": -1.1926, "top3_feature": "built_surface_ratio", "top3_shap": -1.1453, "priority_score": 29.5893, "priority_rank": 331 }, "geometry": { "type": "Polygon", "coordinates": [ [ [ 126.823941208359471, 37.509095093209154 ], [ 126.823941628428486, 37.509048518120643 ], [ 126.823904401253273, 37.50909488253356 ], [ 126.823941208359471, 37.509095093209154 ] ] ] } },
{ "type": "Feature", "properties": { "member_grid_ids": ["11470_00111", "11470_00112", "11470_00113", "11470_00147", "11470_00148", "11470_00149"], "display_grid_id": "11470_00020", "gu_code": 11470, "gu_name": "양천구", "source_cell_count": 7, "area_m2": 13953.11, "mean_actual_lst": 31.3058, "mean_actual_anomaly": -7.4426, "seoul_anomaly": -6.0944, "pred_anomaly": -6.8334, "pred_anomaly_std": 0.7284, "green_delta_c": -0.2301, "building_ratio": 0.0, "green_ratio": 0.7438, "ndvi": 0.4889, "impervious_ratio": 0.0404, "built_surface_ratio": 0.0404, "avg_ground_floor_count": 0.0, "elevation_m": 114.7442, "albedo": 0.1273, "nearest_park_distance_m": 325.742, "park_area_within_500m": 60666.4209, "nearest_stream_distance_m": 4069.9655, "est_population_density": 0.0, "dong_elderly_ratio": 0.2554, "dong_avg_age": 47.6, "dong_pop_density": 15158.5, "nearest_shelter_distance_m": 443.5019, "shelter_count_within_500m": 0.8616, "est_population": 0.0, "est_elderly": 0.0, "shelter_capacity_within_500m": 122.0, "building_form_group": "no_building", "dong_name": "신월7동", "top1_feature": "building_ratio", "top1_shap": -1.6714, "top2_feature": "impervious_ratio", "top2_shap": -1.1933, "top3_feature": "built_surface_ratio", "top3_shap": -1.1617, "priority_score": 22.1541, "priority_rank": 343 }, "geometry": { "type": "Polygon", "coordinates": [ [ [ 126.823941208359471, 37.509095093209154 ], [ 126.826769727064899, 37.509111248704883 ], [ 126.826774544078475, 37.508574912737885 ], [ 126.826459970000016, 37.50875013 ], [ 126.82627331, 37.50876815 ], [ 126.82613345999998, 37.50871952 ], [ 126.82590652, 37.50865809 ], [ 126.82551764, 37.50854348 ], [ 126.82506023000002, 37.50842313 ], [ 126.82487056, 37.50836484 ], [ 126.8246943, 37.50832069 ], [ 126.82408038, 37.50887571 ], [ 126.823941628428486, 37.509048518120643 ], [ 126.823941208359471, 37.509095093209154 ] ] ] } },
{ "type": "Feature", "properties": { "member_grid_ids": ["11470_00114", "11470_00115", "11470_00116", "11470_00150", "11470_00151", "11470_00152"], "display_grid_id": "11470_00021", "gu_code": 11470, "gu_name": "양천구", "source_cell_count": 7, "area_m2": 14716.07, "mean_actual_lst": 30.8974, "mean_actual_anomaly": -7.6849, "seoul_anomaly": -6.3367, "pred_anomaly": -6.4717, "pred_anomaly_std": 0.6711, "green_delta_c": -0.3201, "building_ratio": 0.0, "green_ratio": 0.7787, "ndvi": 0.5357, "impervious_ratio": 0.0556, "built_surface_ratio": 0.0556, "avg_ground_floor_count": 0.0, "elevation_m": 94.0514, "albedo": 0.1446, "nearest_park_distance_m": 114.5462, "park_area_within_500m": 158456.7485, "nearest_stream_distance_m": 3815.7624, "est_population_density": 0.0, "dong_elderly_ratio": 0.189, "dong_avg_age": 42.9, "dong_pop_density": 17821.4, "nearest_shelter_distance_m": 238.8093, "shelter_count_within_500m": 2.2064, "est_population": 0.0, "est_elderly": 0.0, "shelter_capacity_within_500m": 294.9, "building_form_group": "no_building", "dong_name": "신정3동", "top1_feature": "building_ratio", "top1_shap": -1.6586, "top2_feature": "impervious_ratio", "top2_shap": -1.0475, "top3_feature": "built_surface_ratio", "top3_shap": -1.0196, "priority_score": 23.0187, "priority_rank": 342 }, "geometry": { "type": "Polygon", "coordinates": [ [ [ 126.826769727064899, 37.509111248704883 ], [ 126.829598248023814, 37.509127336475878 ], [ 126.829605390331523, 37.508328737326195 ], [ 126.82949244, 37.50831985 ], [ 126.82939951, 37.508384479999989 ], [ 126.82927956, 37.50844427 ], [ 126.82919985, 37.50846661 ], [ 126.8291036, 37.50849357 ], [ 126.82899426, 37.508525540000015 ], [ 126.82851721, 37.50866503 ], [ 126.828110609999982, 37.50879958 ], [ 126.827652650000019, 37.50867671 ], [ 126.82727018, 37.50854495 ], [ 126.82713634, 37.50849885 ], [ 126.82705793, 37.50850112 ], [ 126.82698824, 37.50850313 ], [ 126.82692146, 37.5084915 ], [ 126.826880939999981, 37.50851565 ], [ 126.826774544078475, 37.508574912737885 ], [ 126.826769727064899, 37.509111248704883 ] ] ] } },
{ "type": "Feature", "properties": { "member_grid_ids": ["11470_00082", "11470_00083", "11470_00116", "11470_00117", "11470_00118", "11470_00153", "11470_00154"], "display_grid_id": "11470_00022", "gu_code": 11470, "gu_name": "양천구", "source_cell_count": 13, "area_m2": 45458.14, "mean_actual_lst": 30.909, "mean_actual_anomaly": -7.5556, "seoul_anomaly": -6.2074, "pred_anomaly": -6.3471, "pred_anomaly_std": 0.8157, "green_delta_c": -0.3264, "building_ratio": 0.0, "green_ratio": 0.8088, "ndvi": 0.5615, "impervious_ratio": 0.0473, "built_surface_ratio": 0.0473, "avg_ground_floor_count": 0.0, "elevation_m": 80.2881, "albedo": 0.1312, "nearest_park_distance_m": 137.5117, "park_area_within_500m": 186003.711, "nearest_stream_distance_m": 3539.7218, "est_population_density": 0.0, "dong_elderly_ratio": 0.189, "dong_avg_age": 42.9, "dong_pop_density": 17821.4, "nearest_shelter_distance_m": 283.4526, "shelter_count_within_500m": 3.4727, "est_population": 0.0, "est_elderly": 0.0, "shelter_capacity_within_500m": 875.0, "building_form_group": "no_building", "dong_name": "신정3동", "top1_feature": "building_ratio", "top1_shap": -1.6984, "top2_feature": "impervious_ratio", "top2_shap": -1.127, "top3_feature": "built_surface_ratio", "top3_shap": -1.1013, "priority_score": 24.0418, "priority_rank": 341 }, "geometry": { "type": "Polygon", "coordinates": [ [ [ 126.829598248023814, 37.509127336475878 ], [ 126.832426771226778, 37.50914335652201 ], [ 126.832446837617368, 37.506890096263341 ], [ 126.830608880392731, 37.506879694770369 ], [ 126.83061421, 37.50694408 ], [ 126.83065082, 37.50700945 ], [ 126.830791260000012, 37.50731374 ], [ 126.83097579, 37.50771355 ], [ 126.831025380000014, 37.50782757 ], [ 126.83104219, 37.50789582 ], [ 126.831044, 37.50796182 ], [ 126.83104495, 37.50799634 ], [ 126.83103663, 37.50801084 ], [ 126.831025080000018, 37.50803094 ], [ 126.83064594, 37.50822073 ], [ 126.82983521, 37.50834682 ], [ 126.829605390331523, 37.508328737326195 ], [ 126.829598248023814, 37.509127336475878 ] ] ] } },
{ "type": "Feature", "properties": { "member_grid_ids": ["11470_00084", "11470_00085", "11470_00086", "11470_00119", "11470_00120", "11470_00121", "11470_00155", "11470_00156", "11470_00157"], "display_grid_id": "11470_00023", "gu_code": 11470, "gu_name": "양천구", "source_cell_count": 13, "area_m2": 62500.0, "mean_actual_lst": 34.1776, "mean_actual_anomaly": -4.2127, "seoul_anomaly": -2.8644, "pred_anomaly": -2.443, "pred_anomaly_std": 0.9114, "green_delta_c": -0.5203, "building_ratio": 0.0591, "green_ratio": 0.5615, "ndvi": 0.4404, "impervious_ratio": 0.274, "built_surface_ratio": 0.274, "avg_ground_floor_count": 0.7568, "elevation_m": 52.619, "albedo": 0.1382, "nearest_park_distance_m": 150.8436, "park_area_within_500m": 242476.4136, "nearest_stream_distance_m": 3314.1852, "est_population_density": 0.0, "dong_elderly_ratio": 0.189, "dong_avg_age": 42.9, "dong_pop_density": 17821.4, "nearest_shelter_distance_m": 228.4744, "shelter_count_within_500m": 3.8, "est_population": 0.0, "est_elderly": 0.0, "shelter_capacity_within_500m": 1055.8, "building_form_group": "no_building", "dong_name": "신정3동", "top1_feature": "building_ratio", "top1_shap": -0.6669, "top2_feature": "green_ratio", "top2_shap": -0.4907, "top3_feature": "ndvi", "top3_shap": -0.4207, "priority_score": 34.0418, "priority_rank": 313 }, "geometry": { "type": "Polygon", "coordinates": [ [ [ 126.832446837617368, 37.506890096263341 ], [ 126.832426771226778, 37.50914335652201 ], [ 126.835255296664286, 37.509159308843074 ], [ 126.835275278048357, 37.506906047293739 ], [ 126.832446837617368, 37.506890096263341 ] ] ] } },
{ "type": "Feature", "properties": { "member_grid_ids": ["11470_00086", "11470_00087", "11470_00088", "11470_00121", "11470_00122", "11470_00123", "11470_00158", "11470_00159"], "display_grid_id": "11470_00024", "gu_code": 11470, "gu_name": "양천구", "source_cell_count": 14, "area_m2": 62500.0, "mean_actual_lst": 39.7306, "mean_actual_anomaly": 1.4118, "seoul_anomaly": 2.76, "pred_anomaly": 2.0536, "pred_anomaly_std": 1.053, "green_delta_c": -0.7311, "building_ratio": 0.1167, "green_ratio": 0.2943, "ndvi": 0.2022, "impervious_ratio": 0.5196, "built_surface_ratio": 0.5196, "avg_ground_floor_count": 1.9602, "elevation_m": 33.3009, "albedo": 0.1378, "nearest_park_distance_m": 87.6588, "park_area_within_500m": 244726.6888, "nearest_stream_distance_m": 3085.1516, "est_population_density": 0.0, "dong_elderly_ratio": 0.189, "dong_avg_age": 42.9, "dong_pop_density": 17821.4, "nearest_shelter_distance_m": 251.84, "shelter_count_within_500m": 4.6, "est_population": 0.0, "est_elderly": 0.0, "shelter_capacity_within_500m": 1122.7, "building_form_group": "low_floor_low_density", "dong_name": "신정3동", "top1_feature": "impervious_ratio", "top1_shap": 0.474, "top2_feature": "green_ratio", "top2_shap": 0.0669, "top3_feature": "ndvi", "top3_shap": 0.0261, "priority_score": 58.6888, "priority_rank": 107 }, "geometry": { "type": "Polygon", "coordinates": [ [ [ 126.835275278048357, 37.506906047293739 ], [ 126.835255296664286, 37.509159308843074 ], [ 126.83808382432693, 37.509175193438935 ], [ 126.838103720704197, 37.506921930604385 ], [ 126.835275278048357, 37.506906047293739 ] ] ] } },
{ "type": "Feature", "properties": { "member_grid_ids": ["11470_00089", "11470_00090", "11470_00091", "11470_00124", "11470_00125", "11470_00126", "11470_00160", "11470_00161", "11470_00162"], "display_grid_id": "11470_00025", "gu_code": 11470, "gu_name": "양천구", "source_cell_count": 11, "area_m2": 62500.0, "mean_actual_lst": 38.4656, "mean_actual_anomaly": 0.1129, "seoul_anomaly": 1.4612, "pred_anomaly": 1.3424, "pred_anomaly_std": 1.0951, "green_delta_c": -0.4279, "building_ratio": 0.1317, "green_ratio": 0.3045, "ndvi": 0.2096, "impervious_ratio": 0.4433, "built_surface_ratio": 0.4433, "avg_ground_floor_count": 4.2494, "elevation_m": 33.6589, "albedo": 0.1366, "nearest_park_distance_m": 19.8936, "park_area_within_500m": 231239.6028, "nearest_stream_distance_m": 2836.0232, "est_population_density": 3351.2, "dong_elderly_ratio": 0.189, "dong_avg_age": 42.9, "dong_pop_density": 17821.4, "nearest_shelter_distance_m": 140.1364, "shelter_count_within_500m": 5.36, "est_population": 209.4, "est_elderly": 39.6, "shelter_capacity_within_500m": 1196.5, "building_form_group": "low_floor_low_density", "dong_name": "신정3동", "top1_feature": "ndvi", "top1_shap": 0.0925, "top2_feature": "impervious_ratio", "top2_shap": 0.39, "top3_feature": "green_ratio", "top3_shap": -0.1714, "priority_score": 45.951, "priority_rank": 198 }, "geometry": { "type": "Polygon", "coordinates": [ [ [ 126.838103720704197, 37.506921930604385 ], [ 126.83808382432693, 37.509175193438935 ], [ 126.840912354205216, 37.509191010309415 ], [ 126.840932165575424, 37.506937746195135 ], [ 126.838103720704197, 37.506921930604385 ] ] ] } },
{ "type": "Feature", "properties": { "member_grid_ids": ["11470_00091", "11470_00092", "11470_00093", "11470_00126", "11470_00127", "11470_00128", "11470_00163", "11470_00164"], "display_grid_id": "11470_00026", "gu_code": 11470, "gu_name": "양천구", "source_cell_count": 13, "area_m2": 62500.0, "mean_actual_lst": 35.7963, "mean_actual_anomaly": -2.7217, "seoul_anomaly": -1.3735, "pred_anomaly": -0.7569, "pred_anomaly_std": 0.9365, "green_delta_c": -0.3093, "building_ratio": 0.104, "green_ratio": 0.3926, "ndvi": 0.2799, "impervious_ratio": 0.3774, "built_surface_ratio": 0.3774, "avg_ground_floor_count": 13.54, "elevation_m": 38.5937, "albedo": 0.1137, "nearest_park_distance_m": 63.652, "park_area_within_500m": 209240.4396, "nearest_stream_distance_m": 2604.8256, "est_population_density": 18100.0, "dong_elderly_ratio": 0.189, "dong_avg_age": 42.9, "dong_pop_density": 17821.4, "nearest_shelter_distance_m": 136.902, "shelter_count_within_500m": 7.76, "est_population": 1131.3, "est_elderly": 213.9, "shelter_capacity_within_500m": 1417.5, "building_form_group": "high_floor_low_density", "dong_name": "신정3동", "top1_feature": "ndvi", "top1_shap": -0.1544, "top2_feature": "green_ratio", "top2_shap": -0.3811, "top3_feature": "impervious_ratio", "top3_shap": 0.2806, "priority_score": 36.585, "priority_rank": 291 }, "geometry": { "type": "Polygon", "coordinates": [ [ [ 126.840932165575424, 37.506937746195135 ], [ 126.840912354205216, 37.509191010309415 ], [ 126.84374088628968, 37.509206759454351 ], [ 126.843760612652574, 37.506953494065833 ], [ 126.840932165575424, 37.506937746195135 ] ] ] } },
{ "type": "Feature", "properties": { "member_grid_ids": ["11470_00094", "11470_00095", "11470_00129", "11470_00130", "11470_00131", "11470_00165", "11470_00166", "11470_00167"], "display_grid_id": "11470_00027", "gu_code": 11470, "gu_name": "양천구", "source_cell_count": 11, "area_m2": 43651.37, "mean_actual_lst": 36.865, "mean_actual_anomaly": -1.8647, "seoul_anomaly": -0.5164, "pred_anomaly": 0.64, "pred_anomaly_std": 0.9302, "green_delta_c": -0.2675, "building_ratio": 0.1509, "green_ratio": 0.2379, "ndvi": 0.2162, "impervious_ratio": 0.5534, "built_surface_ratio": 0.5534, "avg_ground_floor_count": 10.1187, "elevation_m": 30.9823, "albedo": 0.1298, "nearest_park_distance_m": 10.0171, "park_area_within_500m": 171881.7551, "nearest_stream_distance_m": 2391.2381, "est_population_density": 23357.29, "dong_elderly_ratio": 0.1904, "dong_avg_age": 42.994, "dong_pop_density": 18064.8246, "nearest_shelter_distance_m": 72.7269, "shelter_count_within_500m": 9.4895, "est_population": 1019.6, "est_elderly": 192.7, "shelter_capacity_within_500m": 1469.9, "building_form_group": "high_floor_low_density", "dong_name": "신정3동", "top1_feature": "impervious_ratio", "top1_shap": 0.4539, "top2_feature": "avg_ground_floor_count", "top2_shap": -0.2649, "top3_feature": "built_surface_ratio", "top3_shap": 0.2147, "priority_score": 35.0721, "priority_rank": 304 }, "geometry": { "type": "Polygon", "coordinates": [ [ [ 126.843760612652574, 37.506953494065833 ], [ 126.84374088628968, 37.509206759454351 ], [ 126.846569420570844, 37.509222440873586 ], [ 126.846571021435238, 37.509038798290412 ], [ 126.84651234, 37.509027890000013 ], [ 126.84623447, 37.50897656 ], [ 126.84629159, 37.50869817 ], [ 126.8462845, 37.50854245 ], [ 126.84626096, 37.50846978 ], [ 126.84609198, 37.5081483 ], [ 126.846050750000018, 37.50808631 ], [ 126.84599906, 37.50804203 ], [ 126.84595512, 37.50801635 ], [ 126.845911330000021, 37.50799771 ], [ 126.84576136, 37.5079657 ], [ 126.84562151, 37.50791145 ], [ 126.845449720000019, 37.50783717 ], [ 126.84536445, 37.50779286 ], [ 126.84533729, 37.50777002 ], [ 126.845260900000014, 37.507706 ], [ 126.84505768, 37.50752976 ], [ 126.84493354, 37.50740176 ], [ 126.844869919999979, 37.50732396 ], [ 126.84475624, 37.50709124 ], [ 126.844709102641602, 37.506958759783679 ], [ 126.843760612652574, 37.506953494065833 ] ] ] } },
{ "type": "Feature", "properties": { "member_grid_ids": ["11470_00168"], "display_grid_id": "11470_00028", "gu_code": 11470, "gu_name": "양천구", "source_cell_count": 3, "area_m2": 2717.74, "mean_actual_lst": 32.4441, "mean_actual_anomaly": -6.217, "seoul_anomaly": -4.8687, "pred_anomaly": -4.9389, "pred_anomaly_std": 0.7474, "green_delta_c": -0.5321, "building_ratio": 0.0152, "green_ratio": 0.7536, "ndvi": 0.5606, "impervious_ratio": 0.1004, "built_surface_ratio": 0.1004, "avg_ground_floor_count": 0.5229, "elevation_m": 53.878, "albedo": 0.1339, "nearest_park_distance_m": 75.4646, "park_area_within_500m": 171147.9254, "nearest_stream_distance_m": 2120.6186, "est_population_density": 108.2198, "dong_elderly_ratio": 0.2284, "dong_avg_age": 45.5791, "dong_pop_density": 24762.5857, "nearest_shelter_distance_m": 204.6342, "shelter_count_within_500m": 10.786, "est_population": 0.3, "est_elderly": 0.1, "shelter_capacity_within_500m": 95.9, "building_form_group": "no_building", "dong_name": "신정3동", "top1_feature": "building_ratio", "top1_shap": -1.3964, "top2_feature": "impervious_ratio", "top2_shap": -0.6635, "top3_feature": "built_surface_ratio", "top3_shap": -0.6886, "priority_score": 33.3501, "priority_rank": 317 }, "geometry": { "type": "MultiPolygon", "coordinates": [ [ [ [ 126.84910699000001, 37.50919569 ], [ 126.84903091000001, 37.5090658 ], [ 126.84871353, 37.50888349 ], [ 126.848690369999986, 37.50889247 ], [ 126.84789802, 37.50920004000001 ], [ 126.847840177899371, 37.509229463911396 ], [ 126.849144654467878, 37.509236659082788 ], [ 126.84910699000001, 37.50919569 ] ] ], [ [ [ 126.846835290289178, 37.509223911374896 ], [ 126.84667959, 37.50907907 ], [ 126.846640579999985, 37.50905818 ], [ 126.846620630000018, 37.50904802 ], [ 126.846571021435238, 37.509038798290412 ], [ 126.846569420570844, 37.509222440873586 ], [ 126.846835290289178, 37.509223911374896 ] ] ] ] } },
{ "type": "Feature", "properties": { "member_grid_ids": ["11470_00171"], "display_grid_id": "11470_00029", "gu_code": 11470, "gu_name": "양천구", "source_cell_count": 1, "area_m2": 280.67, "mean_actual_lst": 33.9758, "mean_actual_anomaly": -4.2493, "seoul_anomaly": -2.9011, "pred_anomaly": -3.4852, "pred_anomaly_std": 0.7284, "green_delta_c": -0.5544, "building_ratio": 0.012, "green_ratio": 0.7233, "ndvi": 0.484, "impervious_ratio": 0.1306, "built_surface_ratio": 0.1306, "avg_ground_floor_count": 1.0, "elevation_m": 56.546, "albedo": 0.1239, "nearest_park_distance_m": 186.22, "park_area_within_500m": 304278.93, "nearest_stream_distance_m": 1497.64, "est_population_density": 0.0, "dong_elderly_ratio": 0.2331, "dong_avg_age": 45.9, "dong_pop_density": 25594.1, "nearest_shelter_distance_m": 264.09, "shelter_count_within_500m": 12.0, "est_population": 0.0, "est_elderly": 0.0, "shelter_capacity_within_500m": 62.1, "building_form_group": "no_building", "dong_name": null, "top1_feature": "building_ratio", "top1_shap": -1.4004, "top2_feature": "green_ratio", "top2_shap": -0.8117, "top3_feature": "ndvi", "top3_shap": -0.6514, "priority_score": 35.353, "priority_rank": 303 }, "geometry": { "type": "Polygon", "coordinates": [ [ [ 126.856016044162018, 37.509274322150887 ], [ 126.8556124, 37.50915548 ], [ 126.855525263517308, 37.509271645368564 ], [ 126.856016044162018, 37.509274322150887 ] ] ] } },
{ "type": "Feature", "properties": { "member_grid_ids": ["11470_00096", "11470_00097", "11470_00132", "11470_00133", "11470_00174", "11470_00175"], "display_grid_id": "11470_00030", "gu_code": 11470, "gu_name": "양천구", "source_cell_count": 9, "area_m2": 29552.99, "mean_actual_lst": 37.3955, "mean_actual_anomaly": -0.8362, "seoul_anomaly": 0.512, "pred_anomaly": 0.4982, "pred_anomaly_std": 0.8138, "green_delta_c": -0.4029, "building_ratio": 0.1335, "green_ratio": 0.3417, "ndvi": 0.2983, "impervious_ratio": 0.3828, "built_surface_ratio": 0.3828, "avg_ground_floor_count": 8.0483, "elevation_m": 24.5113, "albedo": 0.1271, "nearest_park_distance_m": 0.0, "park_area_within_500m": 378067.9207, "nearest_stream_distance_m": 1105.4556, "est_population_density": 16409.6217, "dong_elderly_ratio": 0.2179, "dong_avg_age": 44.8212, "dong_pop_density": 23190.5875, "nearest_shelter_distance_m": 181.1787, "shelter_count_within_500m": 12.367, "est_population": 485.0, "est_elderly": 106.8, "shelter_capacity_within_500m": 4281.2, "building_form_group": "high_floor_low_density", "dong_name": "신정7동", "top1_feature": "impervious_ratio", "top1_shap": 0.4266, "top2_feature": "ndvi", "top2_shap": -0.3523, "top3_feature": "built_surface_ratio", "top3_shap": 0.341, "priority_score": 44.683, "priority_rank": 209 }, "geometry": { "type": "Polygon", "coordinates": [ [ [ 126.860712124596134, 37.509299832078526 ], [ 126.860731340909723, 37.507046559159569 ], [ 126.860059570968247, 37.507042921617398 ], [ 126.85965271, 37.5077174 ], [ 126.85937917, 37.50816982 ], [ 126.859356829999982, 37.50820668 ], [ 126.85885014, 37.50906173 ], [ 126.858711466151007, 37.509288986981559 ], [ 126.860712124596134, 37.509299832078526 ] ] ] } },
{ "type": "Feature", "properties": { "member_grid_ids": ["11470_00098", "11470_00099", "11470_00100", "11470_00134", "11470_00135", "11470_00136", "11470_00176", "11470_00177", "11470_00178"], "display_grid_id": "11470_00031", "gu_code": 11470, "gu_name": "양천구", "source_cell_count": 14, "area_m2": 56897.79, "mean_actual_lst": 38.6709, "mean_actual_anomaly": 0.439, "seoul_anomaly": 1.7872, "pred_anomaly": 0.7988, "pred_anomaly_std": 0.7724, "green_delta_c": -0.2918, "building_ratio": 0.1323, "green_ratio": 0.2688, "ndvi": 0.2353, "impervious_ratio": 0.4811, "built_surface_ratio": 0.4811, "avg_ground_floor_count": 10.761, "elevation_m": 24.6528, "albedo": 0.1154, "nearest_park_distance_m": 0.0, "park_area_within_500m": 405362.1432, "nearest_stream_distance_m": 920.7275, "est_population_density": 22166.8996, "dong_elderly_ratio": 0.2156, "dong_avg_age": 44.6585, "dong_pop_density": 22827.9897, "nearest_shelter_distance_m": 147.5961, "shelter_count_within_500m": 15.9968, "est_population": 1261.2, "est_elderly": 271.9, "shelter_capacity_within_500m": 5940.3, "building_form_group": "high_floor_low_density", "dong_name": "신정7동", "top1_feature": "impervious_ratio", "top1_shap": 0.4532, "top2_feature": "avg_ground_floor_count", "top2_shap": -0.2755, "top3_feature": "built_surface_ratio", "top3_shap": 0.2686, "priority_score": 52.9683, "priority_rank": 146 }, "geometry": { "type": "MultiPolygon", "coordinates": [ [ [ [ 126.862871390499322, 37.507058121761894 ], [ 126.862976, 37.50718638 ], [ 126.863070009999987, 37.50729095 ], [ 126.86314302, 37.50736818 ], [ 126.86330921, 37.50751676 ], [ 126.86345835, 37.50761857 ], [ 126.863554447091033, 37.507692693508517 ], [ 126.863559803163312, 37.507061832985308 ], [ 126.862871390499322, 37.507058121761894 ] ] ], [ [ [ 126.860712124596134, 37.509299832078526 ], [ 126.863540671858814, 37.509315107140146 ], [ 126.863551706315292, 37.508015505867576 ], [ 126.86350556, 37.50799592 ], [ 126.86348066, 37.50798548 ], [ 126.86338954, 37.50794623 ], [ 126.86318347, 37.507859270000012 ], [ 126.86316758, 37.50784968 ], [ 126.86315452, 37.50783981 ], [ 126.86287033, 37.50756636 ], [ 126.86269922, 37.50740032 ], [ 126.86228769, 37.50728130000001 ], [ 126.86183235, 37.50714674 ], [ 126.86166809, 37.50710458 ], [ 126.861483367846049, 37.507050626749766 ], [ 126.860731340909723, 37.507046559159569 ], [ 126.860712124596134, 37.509299832078526 ] ] ] ] } },
{ "type": "Feature", "properties": { "member_grid_ids": ["11470_00100", "11470_00101", "11470_00102", "11470_00136", "11470_00137", "11470_00138", "11470_00179", "11470_00180"], "display_grid_id": "11470_00032", "gu_code": 11470, "gu_name": "양천구", "source_cell_count": 15, "area_m2": 61672.36, "mean_actual_lst": 38.6319, "mean_actual_anomaly": 0.3247, "seoul_anomaly": 1.6729, "pred_anomaly": 1.4112, "pred_anomaly_std": 0.8165, "green_delta_c": -0.2792, "building_ratio": 0.2214, "green_ratio": 0.2513, "ndvi": 0.1727, "impervious_ratio": 0.4468, "built_surface_ratio": 0.4468, "avg_ground_floor_count": 9.8436, "elevation_m": 25.5405, "albedo": 0.097, "nearest_park_distance_m": 53.9156, "park_area_within_500m": 389044.0981, "nearest_stream_distance_m": 679.9664, "est_population_density": 28991.9432, "dong_elderly_ratio": 0.212, "dong_avg_age": 44.4, "dong_pop_density": 22252.1, "nearest_shelter_distance_m": 84.5596, "shelter_count_within_500m": 15.4462, "est_population": 1788.0, "est_elderly": 379.1, "shelter_capacity_within_500m": 3250.2, "building_form_group": "high_floor_high_density", "dong_name": "신정7동", "top1_feature": "impervious_ratio", "top1_shap": 0.4367, "top2_feature": "built_surface_ratio", "top2_shap": 0.3272, "top3_feature": "avg_ground_floor_count", "top3_shap": -0.2237, "priority_score": 51.9741, "priority_rank": 153 }, "geometry": { "type": "Polygon", "coordinates": [ [ [ 126.863540671858814, 37.509315107140146 ], [ 126.866369221251944, 37.509330314474944 ], [ 126.866388267547109, 37.507077039089694 ], [ 126.863559803163312, 37.507061832985308 ], [ 126.863554447091033, 37.507692693508517 ], [ 126.86369818, 37.50780356 ], [ 126.863746649999982, 37.50787401 ], [ 126.86378351, 37.50800919 ], [ 126.863791259999985, 37.50801821000001 ], [ 126.86385317, 37.50809093 ], [ 126.8639216, 37.50815831 ], [ 126.86399393, 37.50822934 ], [ 126.864081740000017, 37.50833953 ], [ 126.864064609999986, 37.50833022 ], [ 126.864020490000016, 37.50829976 ], [ 126.86393313, 37.50823884 ], [ 126.86388052, 37.50820218 ], [ 126.863841690000015, 37.50817736 ], [ 126.863808690000013, 37.50815705 ], [ 126.86371919, 37.5081026 ], [ 126.86363215, 37.50805435 ], [ 126.86358006, 37.50802754 ], [ 126.863551706315292, 37.508015505867576 ], [ 126.863540671858814, 37.509315107140146 ] ] ] } },
{ "type": "Feature", "properties": { "member_grid_ids": ["11470_00103", "11470_00104", "11470_00105", "11470_00139", "11470_00140", "11470_00141", "11470_00181", "11470_00182", "11470_00183"], "display_grid_id": "11470_00033", "gu_code": 11470, "gu_name": "양천구", "source_cell_count": 16, "area_m2": 62500.0, "mean_actual_lst": 35.715, "mean_actual_anomaly": -2.6316, "seoul_anomaly": -1.2833, "pred_anomaly": -0.2705, "pred_anomaly_std": 0.7845, "green_delta_c": -0.3034, "building_ratio": 0.1563, "green_ratio": 0.4011, "ndvi": 0.2749, "impervious_ratio": 0.3137, "built_surface_ratio": 0.3137, "avg_ground_floor_count": 11.9999, "elevation_m": 32.412, "albedo": 0.0951, "nearest_park_distance_m": 71.3184, "park_area_within_500m": 291421.9828, "nearest_stream_distance_m": 432.7384, "est_population_density": 30526.0, "dong_elderly_ratio": 0.212, "dong_avg_age": 44.4, "dong_pop_density": 22252.1, "nearest_shelter_distance_m": 100.6324, "shelter_count_within_500m": 11.6, "est_population": 1907.9, "est_elderly": 404.4, "shelter_capacity_within_500m": 2282.5, "building_form_group": "high_floor_low_density", "dong_name": "신정7동", "top1_feature": "building_ratio", "top1_shap": -0.1811, "top2_feature": "impervious_ratio", "top2_shap": 0.2696, "top3_feature": "avg_ground_floor_count", "top3_shap": -0.2639, "priority_score": 40.9798, "priority_rank": 246 }, "geometry": { "type": "Polygon", "coordinates": [ [ [ 126.866388267547109, 37.507077039089694 ], [ 126.866369221251944, 37.509330314474944 ], [ 126.869197772766086, 37.509345454082762 ], [ 126.869216734051619, 37.507092177472572 ], [ 126.866388267547109, 37.507077039089694 ] ] ] } },
{ "type": "Feature", "properties": { "member_grid_ids": ["11470_00105", "11470_00106", "11470_00107", "11470_00141", "11470_00142", "11470_00143", "11470_00184", "11470_00185"], "display_grid_id": "11470_00034", "gu_code": 11470, "gu_name": "양천구", "source_cell_count": 15, "area_m2": 62500.0, "mean_actual_lst": 37.3123, "mean_actual_anomaly": -0.8898, "seoul_anomaly": 0.4584, "pred_anomaly": 0.3484, "pred_anomaly_std": 0.8136, "green_delta_c": -0.53, "building_ratio": 0.0999, "green_ratio": 0.4118, "ndvi": 0.3423, "impervious_ratio": 0.4315, "built_surface_ratio": 0.4315, "avg_ground_floor_count": 2.7994, "elevation_m": 25.7027, "albedo": 0.1379, "nearest_park_distance_m": 76.5096, "park_area_within_500m": 198008.1148, "nearest_stream_distance_m": 204.2616, "est_population_density": 1213.2, "dong_elderly_ratio": 0.212, "dong_avg_age": 44.4, "dong_pop_density": 22252.1, "nearest_shelter_distance_m": 240.99, "shelter_count_within_500m": 7.68, "est_population": 75.8, "est_elderly": 16.1, "shelter_capacity_within_500m": 1230.0, "building_form_group": "low_floor_low_density", "dong_name": "신정7동", "top1_feature": "green_ratio", "top1_shap": -0.3696, "top2_feature": "ndvi", "top2_shap": -0.5356, "top3_feature": "impervious_ratio", "top3_shap": 0.3889, "priority_score": 46.268, "priority_rank": 194 }, "geometry": { "type": "Polygon", "coordinates": [ [ [ 126.869216734051619, 37.507092177472572 ], [ 126.869197772766086, 37.509345454082762 ], [ 126.872026326391747, 37.50936052596343 ], [ 126.872045202667422, 37.507107248133778 ], [ 126.869216734051619, 37.507092177472572 ] ] ] } },
{ "type": "Feature", "properties": { "member_grid_ids": ["11470_00108", "11470_00109", "11470_00110", "11470_00144", "11470_00145", "11470_00146", "11470_00186", "11470_00187"], "display_grid_id": "11470_00035", "gu_code": 11470, "gu_name": "양천구", "source_cell_count": 10, "area_m2": 51813.38, "mean_actual_lst": 37.4909, "mean_actual_anomaly": -0.7342, "seoul_anomaly": 0.614, "pred_anomaly": 0.0122, "pred_anomaly_std": 0.9634, "green_delta_c": -0.2793, "building_ratio": 0.2032, "green_ratio": 0.2965, "ndvi": 0.1663, "impervious_ratio": 0.3629, "built_surface_ratio": 0.3629, "avg_ground_floor_count": 0.0, "elevation_m": 10.0, "albedo": 0.1322, "nearest_park_distance_m": 128.4752, "park_area_within_500m": 168452.4909, "nearest_stream_distance_m": 24.2857, "est_population_density": 0.0, "dong_elderly_ratio": 0.1935, "dong_avg_age": 43.1931, "dong_pop_density": 23002.722, "nearest_shelter_distance_m": 304.6993, "shelter_count_within_500m": 5.8272, "est_population": 0.0, "est_elderly": 0.0, "shelter_capacity_within_500m": 262.8, "building_form_group": "low_floor_low_density", "dong_name": "신정7동", "top1_feature": "impervious_ratio", "top1_shap": 0.4039, "top2_feature": "built_surface_ratio", "top2_shap": 0.3287, "top3_feature": "elevation_m", "top3_shap": -0.3134, "priority_score": 36.9813, "priority_rank": 285 }, "geometry": { "type": "MultiPolygon", "coordinates": [ [ [ [ 126.87485605, 37.50749929 ], [ 126.87484757, 37.50749421 ], [ 126.87483591, 37.50749082 ], [ 126.874758170000021, 37.50748567 ], [ 126.87472548, 37.50748311000001 ], [ 126.874664190000018, 37.507465860000011 ], [ 126.87464987, 37.50746106 ], [ 126.87461262, 37.50744356 ], [ 126.874476659999985, 37.50737809 ], [ 126.87444752, 37.50736314000001 ], [ 126.87439615, 37.50733239 ], [ 126.8743808, 37.50732224 ], [ 126.87430278, 37.50726275 ], [ 126.87422022, 37.50718326 ], [ 126.874212810000017, 37.507174800000016 ], [ 126.87422857, 37.50715511 ], [ 126.874231961510773, 37.507118853207913 ], [ 126.872045202667422, 37.507107248133778 ], [ 126.872026326391747, 37.50936052596343 ], [ 126.874006397397878, 37.509371036417903 ], [ 126.874005850000017, 37.50937048 ], [ 126.873993850000019, 37.50935752 ], [ 126.87398732, 37.50935047 ], [ 126.87397922, 37.50934174 ], [ 126.87397339, 37.50933553 ], [ 126.873968629999979, 37.50932962 ], [ 126.873953990000018, 37.5093113 ], [ 126.873948179999985, 37.50930397 ], [ 126.87392931, 37.50928086 ], [ 126.87392207, 37.50927156 ], [ 126.873913259999981, 37.50926085 ], [ 126.87390461, 37.50924874 ], [ 126.87390038, 37.50924254 ], [ 126.8738891, 37.50922394 ], [ 126.87387554, 37.5092014 ], [ 126.87386426, 37.509183090000015 ], [ 126.87385192, 37.5091628 ], [ 126.87384065, 37.50914055 ], [ 126.873822160000017, 37.50910477 ], [ 126.87379926, 37.50906026 ], [ 126.87378236, 37.5090211 ], [ 126.87377987, 37.50892284 ], [ 126.87377938, 37.50889834 ], [ 126.873787660000019, 37.50881303 ], [ 126.87384894, 37.50873313000001 ], [ 126.87390066, 37.50866928 ], [ 126.873983440000018, 37.50862263 ], [ 126.87400837, 37.50861167 ], [ 126.87420203, 37.50852629 ], [ 126.874422009999989, 37.50844234 ], [ 126.87453359, 37.50840895 ], [ 126.874566820000013, 37.50840054 ], [ 126.874705299999988, 37.50833311 ], [ 126.87475431, 37.50830304 ], [ 126.87480033, 37.50826058 ], [ 126.874843559999988, 37.50819361 ], [ 126.874865065750001, 37.508154432264909 ], [ 126.874870448369379, 37.507508983755862 ], [ 126.87485605, 37.50749929 ] ] ], [ [ [ 126.874855339655596, 37.509320669503317 ], [ 126.87478916000002, 37.50932684 ], [ 126.874707312095751, 37.509374749002298 ], [ 126.874854882119465, 37.509375530116813 ], [ 126.874855339655596, 37.509320669503317 ] ] ] ] } },
{ "type": "Feature", "properties": { "member_grid_ids": ["11470_00146"], "display_grid_id": "11470_00036", "gu_code": 11470, "gu_name": "양천구", "source_cell_count": 3, "area_m2": 833.53, "mean_actual_lst": 39.4624, "mean_actual_anomaly": 1.2776, "seoul_anomaly": 2.6258, "pred_anomaly": 1.1279, "pred_anomaly_std": 1.0158, "green_delta_c": -0.4338, "building_ratio": 0.2592, "green_ratio": 0.252, "ndvi": 0.1403, "impervious_ratio": 0.4628, "built_surface_ratio": 0.4628, "avg_ground_floor_count": 0.0, "elevation_m": 10.0, "albedo": 0.1427, "nearest_park_distance_m": 231.9306, "park_area_within_500m": 165839.6628, "nearest_stream_distance_m": 43.8649, "est_population_density": 0.0, "dong_elderly_ratio": 0.1625, "dong_avg_age": 40.7, "dong_pop_density": 25086.7, "nearest_shelter_distance_m": 199.5423, "shelter_count_within_500m": 4.2534, "est_population": 0.0, "est_elderly": 0.0, "shelter_capacity_within_500m": 0.9, "building_form_group": "low_floor_high_density", "dong_name": null, "top1_feature": "impervious_ratio", "top1_shap": 0.5918, "top2_feature": "building_ratio", "top2_shap": 0.5846, "top3_feature": "built_surface_ratio", "top3_shap": 0.473, "priority_score": 52.4712, "priority_rank": 149 }, "geometry": { "type": "MultiPolygon", "coordinates": [ [ [ [ 126.87488681, 37.50811482 ], [ 126.874902480000017, 37.50804838 ], [ 126.87493829, 37.50797662 ], [ 126.875005869999981, 37.50783789 ], [ 126.87501583, 37.50779454 ], [ 126.8750306, 37.50773008 ], [ 126.87503524, 37.5077084 ], [ 126.87502738, 37.5076473 ], [ 126.875023519999985, 37.50763715 ], [ 126.875012240000018, 37.50761912 ], [ 126.874997429999979, 37.50759771 ], [ 126.87498967, 37.50758925 ], [ 126.874870448369379, 37.507508983755862 ], [ 126.874865065750001, 37.508154432264909 ], [ 126.87488681, 37.50811482 ] ] ], [ [ [ 126.875282205973534, 37.509377790978405 ], [ 126.87518818, 37.50933656 ], [ 126.8750131, 37.50930596 ], [ 126.874855339655596, 37.509320669503317 ], [ 126.874854882119465, 37.509375530116813 ], [ 126.875282205973534, 37.509377790978405 ] ] ] ] } },
{ "type": "Feature", "properties": { "member_grid_ids": ["11470_00190"], "display_grid_id": "11470_00037", "gu_code": 11470, "gu_name": "양천구", "source_cell_count": 2, "area_m2": 178.7, "mean_actual_lst": 32.125, "mean_actual_anomaly": -6.7277, "seoul_anomaly": -5.3794, "pred_anomaly": -6.388, "pred_anomaly_std": 0.9123, "green_delta_c": -0.3452, "building_ratio": 0.0, "green_ratio": 0.8195, "ndvi": 0.5972, "impervious_ratio": 0.0371, "built_surface_ratio": 0.0371, "avg_ground_floor_count": 0.0, "elevation_m": 89.8306, "albedo": 0.1374, "nearest_park_distance_m": 289.7478, "park_area_within_500m": 95180.3062, "nearest_stream_distance_m": 4221.501, "est_population_density": 0.0, "dong_elderly_ratio": 0.2554, "dong_avg_age": 47.6, "dong_pop_density": 15158.5, "nearest_shelter_distance_m": 497.0643, "shelter_count_within_500m": 0.9217, "est_population": 0.0, "est_elderly": 0.0, "shelter_capacity_within_500m": 1.2, "building_form_group": "no_building", "dong_name": "신월7동", "top1_feature": "building_ratio", "top1_shap": -1.7735, "top2_feature": "impervious_ratio", "top2_shap": -1.2498, "top3_feature": "built_surface_ratio", "top3_shap": -1.2195, "priority_score": 27.6153, "priority_rank": 337 }, "geometry": { "type": "MultiPolygon", "coordinates": [ [ [ [ 126.823904401253273, 37.50909488253356 ], [ 126.82390405, 37.50909532 ], [ 126.823940519657498, 37.509171452702283 ], [ 126.823941208359471, 37.509095093209154 ], [ 126.823904401253273, 37.50909488253356 ] ] ], [ [ [ 126.823856420000013, 37.51087512 ], [ 126.823921965940343, 37.511228478166309 ], [ 126.823926374754436, 37.510739697932685 ], [ 126.823856420000013, 37.51087512 ] ] ] ] } },
{ "type": "Feature", "properties": { "member_grid_ids": ["11470_00147", "11470_00148", "11470_00149", "11470_00190", "11470_00191", "11470_00192", "11470_00238", "11470_00239", "11470_00240"], "display_grid_id": "11470_00038", "gu_code": 11470, "gu_name": "양천구", "source_cell_count": 13, "area_m2": 59251.74, "mean_actual_lst": 32.4396, "mean_actual_anomaly": -6.2785, "seoul_anomaly": -4.9303, "pred_anomaly": -6.3672, "pred_anomaly_std": 1.0981, "green_delta_c": -0.7024, "building_ratio": 0.0, "green_ratio": 0.737, "ndvi": 0.4484, "impervious_ratio": 0.0467, "built_surface_ratio": 0.0467, "avg_ground_floor_count": 0.0, "elevation_m": 96.5921, "albedo": 0.1362, "nearest_park_distance_m": 263.2502, "park_area_within_500m": 127389.3884, "nearest_stream_distance_m": 4101.1403, "est_population_density": 0.0, "dong_elderly_ratio": 0.2554, "dong_avg_age": 47.6, "dong_pop_density": 15158.5, "nearest_shelter_distance_m": 405.2585, "shelter_count_within_500m": 1.6386, "est_population": 0.0, "est_elderly": 0.0, "shelter_capacity_within_500m": 451.8, "building_form_group": "no_building", "dong_name": "신월7동", "top1_feature": "building_ratio", "top1_shap": -1.708, "top2_feature": "impervious_ratio", "top2_shap": -1.1683, "top3_feature": "built_surface_ratio", "top3_shap": -1.1448, "priority_score": 37.1398, "priority_rank": 283 }, "geometry": { "type": "Polygon", "coordinates": [ [ [ 126.826749488408495, 37.511364505494697 ], [ 126.826769727064899, 37.509111248704883 ], [ 126.823941208359471, 37.509095093209154 ], [ 126.823940519657498, 37.509171452702283 ], [ 126.82418344, 37.50967856 ], [ 126.82434457, 37.5102263 ], [ 126.82412717, 37.51041868 ], [ 126.824059879999979, 37.51048125 ], [ 126.823926374754436, 37.510739697932685 ], [ 126.823921965940343, 37.511228478166309 ], [ 126.823944226164031, 37.511348482293982 ], [ 126.826749488408495, 37.511364505494697 ] ] ] } },
{ "type": "Feature", "properties": { "member_grid_ids": ["11470_00150", "11470_00151", "11470_00152", "11470_00193", "11470_00194", "11470_00195", "11470_00241", "11470_00242", "11470_00243"], "display_grid_id": "11470_00039", "gu_code": 11470, "gu_name": "양천구", "source_cell_count": 11, "area_m2": 62500.0, "mean_actual_lst": 31.5617, "mean_actual_anomaly": -6.9466, "seoul_anomaly": -5.5984, "pred_anomaly": -4.9154, "pred_anomaly_std": 0.8755, "green_delta_c": -0.5327, "building_ratio": 0.0339, "green_ratio": 0.6822, "ndvi": 0.4541, "impervious_ratio": 0.1148, "built_surface_ratio": 0.1148, "avg_ground_floor_count": 3.5585, "elevation_m": 85.4896, "albedo": 0.134, "nearest_park_distance_m": 68.0628, "park_area_within_500m": 248433.7596, "nearest_stream_distance_m": 3862.312, "est_population_density": 6350.4, "dong_elderly_ratio": 0.189, "dong_avg_age": 42.9, "dong_pop_density": 17821.4, "nearest_shelter_distance_m": 174.1276, "shelter_count_within_500m": 2.76, "est_population": 396.9, "est_elderly": 74.9, "shelter_capacity_within_500m": 751.9, "building_form_group": "no_building", "dong_name": "신정3동", "top1_feature": "building_ratio", "top1_shap": -1.3022, "top2_feature": "impervious_ratio", "top2_shap": -0.529, "top3_feature": "built_surface_ratio", "top3_shap": -0.5487, "priority_score": 35.4611, "priority_rank": 302 }, "geometry": { "type": "Polygon", "coordinates": [ [ [ 126.826769727064899, 37.509111248704883 ], [ 126.826749488408495, 37.511364505494697 ], [ 126.829578094382896, 37.51138059456742 ], [ 126.829598248023814, 37.509127336475878 ], [ 126.826769727064899, 37.509111248704883 ] ] ] } },
{ "type": "Feature", "properties": { "member_grid_ids": ["11470_00153", "11470_00154", "11470_00195", "11470_00196", "11470_00197", "11470_00243", "11470_00244", "11470_00245"], "display_grid_id": "11470_00040", "gu_code": 11470, "gu_name": "양천구", "source_cell_count": 16, "area_m2": 62500.0, "mean_actual_lst": 33.1279, "mean_actual_anomaly": -5.5259, "seoul_anomaly": -4.1776, "pred_anomaly": -2.3416, "pred_anomaly_std": 0.9216, "green_delta_c": -0.365, "building_ratio": 0.0951, "green_ratio": 0.4663, "ndvi": 0.3491, "impervious_ratio": 0.2822, "built_surface_ratio": 0.2822, "avg_ground_floor_count": 6.881, "elevation_m": 61.3723, "albedo": 0.1207, "nearest_park_distance_m": 15.254, "park_area_within_500m": 331633.3012, "nearest_stream_distance_m": 3631.7576, "est_population_density": 15059.2, "dong_elderly_ratio": 0.189, "dong_avg_age": 42.9, "dong_pop_density": 17821.4, "nearest_shelter_distance_m": 133.6508, "shelter_count_within_500m": 4.6, "est_population": 941.2, "est_elderly": 177.8, "shelter_capacity_within_500m": 1456.3, "building_form_group": "high_floor_low_density", "dong_name": "신정3동", "top1_feature": "building_ratio", "top1_shap": -0.5625, "top2_feature": "impervious_ratio", "top2_shap": -0.0388, "top3_feature": "ndvi", "top3_shap": -0.3595, "priority_score": 32.2046, "priority_rank": 325 }, "geometry": { "type": "Polygon", "coordinates": [ [ [ 126.829598248023814, 37.509127336475878 ], [ 126.829578094382896, 37.51138059456742 ], [ 126.832406702601574, 37.511396615909774 ], [ 126.832426771226778, 37.50914335652201 ], [ 126.829598248023814, 37.509127336475878 ] ] ] } },
{ "type": "Feature", "properties": { "member_grid_ids": ["11470_00155", "11470_00156", "11470_00157", "11470_00198", "11470_00199", "11470_00200", "11470_00246", "11470_00247", "11470_00248"], "display_grid_id": "11470_00041", "gu_code": 11470, "gu_name": "양천구", "source_cell_count": 14, "area_m2": 62500.0, "mean_actual_lst": 33.5089, "mean_actual_anomaly": -4.9148, "seoul_anomaly": -3.5666, "pred_anomaly": -3.0202, "pred_anomaly_std": 0.8589, "green_delta_c": -0.4131, "building_ratio": 0.0628, "green_ratio": 0.5619, "ndvi": 0.3986, "impervious_ratio": 0.2313, "built_surface_ratio": 0.2313, "avg_ground_floor_count": 6.2739, "elevation_m": 49.4814, "albedo": 0.117, "nearest_park_distance_m": 39.5228, "park_area_within_500m": 399814.2368, "nearest_stream_distance_m": 3381.1412, "est_population_density": 9188.0, "dong_elderly_ratio": 0.189, "dong_avg_age": 42.9, "dong_pop_density": 17821.4, "nearest_shelter_distance_m": 112.1752, "shelter_count_within_500m": 6.6, "est_population": 574.3, "est_elderly": 108.6, "shelter_capacity_within_500m": 2163.8, "building_form_group": "high_floor_low_density", "dong_name": "신정3동", "top1_feature": "building_ratio", "top1_shap": -0.6847, "top2_feature": "impervious_ratio", "top2_shap": -0.1738, "top3_feature": "built_surface_ratio", "top3_shap": -0.3879, "priority_score": 30.6196, "priority_rank": 330 }, "geometry": { "type": "Polygon", "coordinates": [ [ [ 126.832426771226778, 37.50914335652201 ], [ 126.832406702601574, 37.511396615909774 ], [ 126.835235313055108, 37.511412569521617 ], [ 126.835255296664286, 37.509159308843074 ], [ 126.832426771226778, 37.50914335652201 ] ] ] } },
{ "type": "Feature", "properties": { "member_grid_ids": ["11470_00158", "11470_00159", "11470_00200", "11470_00201", "11470_00202", "11470_00248", "11470_00249", "11470_00250"], "display_grid_id": "11470_00042", "gu_code": 11470, "gu_name": "양천구", "source_cell_count": 15, "area_m2": 62500.0, "mean_actual_lst": 37.3491, "mean_actual_anomaly": -0.9825, "seoul_anomaly": 0.3658, "pred_anomaly": -0.3426, "pred_anomaly_std": 1.0034, "green_delta_c": -0.5106, "building_ratio": 0.1353, "green_ratio": 0.4109, "ndvi": 0.2779, "impervious_ratio": 0.3647, "built_surface_ratio": 0.3647, "avg_ground_floor_count": 4.7137, "elevation_m": 38.2714, "albedo": 0.1409, "nearest_park_distance_m": 20.5908, "park_area_within_500m": 383970.0512, "nearest_stream_distance_m": 3149.522, "est_population_density": 5858.4, "dong_elderly_ratio": 0.189, "dong_avg_age": 42.9, "dong_pop_density": 17821.4, "nearest_shelter_distance_m": 175.008, "shelter_count_within_500m": 7.24, "est_population": 366.2, "est_elderly": 69.2, "shelter_capacity_within_500m": 1965.8, "building_form_group": "high_floor_low_density", "dong_name": "신정3동", "top1_feature": "green_ratio", "top1_shap": -0.3296, "top2_feature": "ndvi", "top2_shap": -0.0945, "top3_feature": "impervious_ratio", "top3_shap": 0.1746, "priority_score": 44.4957, "priority_rank": 212 }, "geometry": { "type": "Polygon", "coordinates": [ [ [ 126.835255296664286, 37.509159308843074 ], [ 126.835235313055108, 37.511412569521617 ], [ 126.838063925734019, 37.511428455402765 ], [ 126.83808382432693, 37.509175193438935 ], [ 126.835255296664286, 37.509159308843074 ] ] ] } },
{ "type": "Feature", "properties": { "member_grid_ids": ["11470_00160", "11470_00161", "11470_00162", "11470_00203", "11470_00204", "11470_00205", "11470_00251", "11470_00252", "11470_00253"], "display_grid_id": "11470_00043", "gu_code": 11470, "gu_name": "양천구", "source_cell_count": 12, "area_m2": 62500.0, "mean_actual_lst": 38.7096, "mean_actual_anomaly": 0.4568, "seoul_anomaly": 1.8051, "pred_anomaly": 1.547, "pred_anomaly_std": 1.0234, "green_delta_c": -0.1726, "building_ratio": 0.1612, "green_ratio": 0.2341, "ndvi": 0.1619, "impervious_ratio": 0.4955, "built_surface_ratio": 0.4955, "avg_ground_floor_count": 9.2273, "elevation_m": 25.9518, "albedo": 0.1389, "nearest_park_distance_m": 16.6104, "park_area_within_500m": 327863.9876, "nearest_stream_distance_m": 2899.1832, "est_population_density": 20982.4, "dong_elderly_ratio": 0.189, "dong_avg_age": 42.9, "dong_pop_density": 17821.4, "nearest_shelter_distance_m": 125.9356, "shelter_count_within_500m": 9.2, "est_population": 1311.4, "est_elderly": 247.7, "shelter_capacity_within_500m": 1847.5, "building_form_group": "high_floor_low_density", "dong_name": "신정3동", "top1_feature": "impervious_ratio", "top1_shap": 0.4875, "top2_feature": "avg_ground_floor_count", "top2_shap": -0.3165, "top3_feature": "ndvi", "top3_shap": 0.2783, "priority_score": 46.9092, "priority_rank": 191 }, "geometry": { "type": "Polygon", "coordinates": [ [ [ 126.83808382432693, 37.509175193438935 ], [ 126.838063925734019, 37.511428455402765 ], [ 126.840892540628815, 37.511444273553046 ], [ 126.840912354205216, 37.509191010309415 ], [ 126.83808382432693, 37.509175193438935 ] ] ] } },
{ "type": "Feature", "properties": { "member_grid_ids": ["11470_00163", "11470_00164", "11470_00205", "11470_00206", "11470_00207", "11470_00253", "11470_00254", "11470_00255"], "display_grid_id": "11470_00044", "gu_code": 11470, "gu_name": "양천구", "source_cell_count": 12, "area_m2": 62500.0, "mean_actual_lst": 39.2755, "mean_actual_anomaly": 0.8375, "seoul_anomaly": 2.1857, "pred_anomaly": 2.2866, "pred_anomaly_std": 0.9065, "green_delta_c": -0.3288, "building_ratio": 0.2675, "green_ratio": 0.1969, "ndvi": 0.1406, "impervious_ratio": 0.5926, "built_surface_ratio": 0.5926, "avg_ground_floor_count": 6.7214, "elevation_m": 26.2156, "albedo": 0.1321, "nearest_park_distance_m": 5.4808, "park_area_within_500m": 294605.73, "nearest_stream_distance_m": 2668.56, "est_population_density": 20006.4, "dong_elderly_ratio": 0.189, "dong_avg_age": 42.9, "dong_pop_density": 17821.4, "nearest_shelter_distance_m": 168.9108, "shelter_count_within_500m": 10.48, "est_population": 1250.4, "est_elderly": 236.2, "shelter_capacity_within_500m": 2029.5, "building_form_group": "high_floor_low_density", "dong_name": "신정3동", "top1_feature": "impervious_ratio", "top1_shap": 0.5675, "top2_feature": "building_ratio", "top2_shap": 0.4645, "top3_feature": "built_surface_ratio", "top3_shap": 0.3429, "priority_score": 59.6686, "priority_rank": 93 }, "geometry": { "type": "Polygon", "coordinates": [ [ [ 126.840912354205216, 37.509191010309415 ], [ 126.840892540628815, 37.511444273553046 ], [ 126.843721157730073, 37.511460023972312 ], [ 126.84374088628968, 37.509206759454351 ], [ 126.840912354205216, 37.509191010309415 ] ] ] } },
{ "type": "Feature", "properties": { "member_grid_ids": ["11470_00165", "11470_00166", "11470_00167", "11470_00208", "11470_00209", "11470_00210", "11470_00256", "11470_00257", "11470_00258"], "display_grid_id": "11470_00045", "gu_code": 11470, "gu_name": "양천구", "source_cell_count": 14, "area_m2": 62500.0, "mean_actual_lst": 37.917, "mean_actual_anomaly": -0.8397, "seoul_anomaly": 0.5085, "pred_anomaly": 1.5473, "pred_anomaly_std": 0.9697, "green_delta_c": -0.4349, "building_ratio": 0.1253, "green_ratio": 0.2482, "ndvi": 0.2085, "impervious_ratio": 0.534, "built_surface_ratio": 0.534, "avg_ground_floor_count": 6.6285, "elevation_m": 31.9953, "albedo": 0.1584, "nearest_park_distance_m": 28.742, "park_area_within_500m": 204198.3268, "nearest_stream_distance_m": 2419.4904, "est_population_density": 4599.664, "dong_elderly_ratio": 0.189, "dong_avg_age": 42.9, "dong_pop_density": 17821.4, "nearest_shelter_distance_m": 103.3, "shelter_count_within_500m": 10.6, "est_population": 287.5, "est_elderly": 54.4, "shelter_capacity_within_500m": 1842.4, "building_form_group": "high_floor_low_density", "dong_name": "신정3동", "top1_feature": "impervious_ratio", "top1_shap": 0.4807, "top2_feature": "built_surface_ratio", "top2_shap": 0.3197, "top3_feature": "ndvi", "top3_shap": 0.1, "priority_score": 42.4784, "priority_rank": 235 }, "geometry": { "type": "Polygon", "coordinates": [ [ [ 126.84374088628968, 37.509206759454351 ], [ 126.843721157730073, 37.511460023972312 ], [ 126.846549777028272, 37.511475706660391 ], [ 126.846569420570844, 37.509222440873586 ], [ 126.84374088628968, 37.509206759454351 ] ] ] } },
{ "type": "Feature", "properties": { "member_grid_ids": ["11470_00168", "11470_00169", "11470_00210", "11470_00211", "11470_00212", "11470_00258", "11470_00259", "11470_00260"], "display_grid_id": "11470_00046", "gu_code": 11470, "gu_name": "양천구", "source_cell_count": 14, "area_m2": 60754.18, "mean_actual_lst": 34.5847, "mean_actual_anomaly": -4.0863, "seoul_anomaly": -2.7381, "pred_anomaly": -1.6782, "pred_anomaly_std": 0.8133, "green_delta_c": -0.3082, "building_ratio": 0.0807, "green_ratio": 0.4873, "ndvi": 0.4241, "impervious_ratio": 0.347, "built_surface_ratio": 0.347, "avg_ground_floor_count": 2.7938, "elevation_m": 44.2297, "albedo": 0.1275, "nearest_park_distance_m": 27.7171, "park_area_within_500m": 190834.9776, "nearest_stream_distance_m": 2190.201, "est_population_density": 1256.6694, "dong_elderly_ratio": 0.1952, "dong_avg_age": 43.3237, "dong_pop_density": 18919.2858, "nearest_shelter_distance_m": 133.8674, "shelter_count_within_500m": 10.1055, "est_population": 76.3, "est_elderly": 14.4, "shelter_capacity_within_500m": 1591.8, "building_form_group": "low_floor_low_density", "dong_name": "신정3동", "top1_feature": "green_ratio", "top1_shap": -0.6827, "top2_feature": "ndvi", "top2_shap": -0.6179, "top3_feature": "impervious_ratio", "top3_shap": 0.2637, "priority_score": 25.3746, "priority_rank": 340 }, "geometry": { "type": "Polygon", "coordinates": [ [ [ 126.846569420570844, 37.509222440873586 ], [ 126.846549777028272, 37.511475706660391 ], [ 126.849378398513991, 37.511491321617115 ], [ 126.849395599941488, 37.509509620632954 ], [ 126.849144654467878, 37.509236659082788 ], [ 126.847840177899371, 37.509229463911396 ], [ 126.847623630000015, 37.50933962 ], [ 126.84759746, 37.5093531 ], [ 126.84756809, 37.509365730000013 ], [ 126.84729392, 37.50948476 ], [ 126.847268130000018, 37.50948078 ], [ 126.84725187, 37.50947823 ], [ 126.847037380000017, 37.50937151 ], [ 126.84693782, 37.50931929 ], [ 126.846835290289178, 37.509223911374896 ], [ 126.846569420570844, 37.509222440873586 ] ] ] } },
{ "type": "Feature", "properties": { "member_grid_ids": ["11470_00170", "11470_00213", "11470_00214", "11470_00215", "11470_00261", "11470_00262", "11470_00263"], "display_grid_id": "11470_00047", "gu_code": 11470, "gu_name": "양천구", "source_cell_count": 10, "area_m2": 39252.02, "mean_actual_lst": 34.7135, "mean_actual_anomaly": -3.6973, "seoul_anomaly": -2.349, "pred_anomaly": -2.236, "pred_anomaly_std": 0.7995, "green_delta_c": -0.5205, "building_ratio": 0.0973, "green_ratio": 0.5222, "ndvi": 0.4037, "impervious_ratio": 0.2653, "built_surface_ratio": 0.2653, "avg_ground_floor_count": 8.8599, "elevation_m": 52.9085, "albedo": 0.1221, "nearest_park_distance_m": 15.8851, "park_area_within_500m": 203170.5531, "nearest_stream_distance_m": 1963.4617, "est_population_density": 20574.7006, "dong_elderly_ratio": 0.1892, "dong_avg_age": 42.9114, "dong_pop_density": 17850.9486, "nearest_shelter_distance_m": 82.2368, "shelter_count_within_500m": 11.2416, "est_population": 807.6, "est_elderly": 152.6, "shelter_capacity_within_500m": 1612.5, "building_form_group": "high_floor_low_density", "dong_name": "신정3동", "top1_feature": "building_ratio", "top1_shap": -0.5341, "top2_feature": "green_ratio", "top2_shap": -0.4859, "top3_feature": "ndvi", "top3_shap": -0.4341, "priority_score": 34.1499, "priority_rank": 311 }, "geometry": { "type": "Polygon", "coordinates": [ [ [ 126.849378398513991, 37.511491321617115 ], [ 126.852207022177751, 37.511506868842339 ], [ 126.852215870624121, 37.510483051445433 ], [ 126.8521582, 37.51047732 ], [ 126.85139032, 37.51012833 ], [ 126.85075629, 37.51001011000001 ], [ 126.85008643, 37.51013484 ], [ 126.849518020000019, 37.50964278 ], [ 126.849395599941488, 37.509509620632954 ], [ 126.849378398513991, 37.511491321617115 ] ] ] } },
{ "type": "Feature", "properties": { "member_grid_ids": ["11470_00216", "11470_00217", "11470_00263", "11470_00264", "11470_00265"], "display_grid_id": "11470_00048", "gu_code": 11470, "gu_name": "양천구", "source_cell_count": 12, "area_m2": 33319.09, "mean_actual_lst": 34.5241, "mean_actual_anomaly": -3.8285, "seoul_anomaly": -2.4802, "pred_anomaly": -2.408, "pred_anomaly_std": 0.8166, "green_delta_c": -0.4713, "building_ratio": 0.113, "green_ratio": 0.5629, "ndvi": 0.3766, "impervious_ratio": 0.2089, "built_surface_ratio": 0.2089, "avg_ground_floor_count": 5.6674, "elevation_m": 48.0053, "albedo": 0.1236, "nearest_park_distance_m": 10.7553, "park_area_within_500m": 281264.5164, "nearest_stream_distance_m": 1710.7322, "est_population_density": 12272.2801, "dong_elderly_ratio": 0.189, "dong_avg_age": 42.9, "dong_pop_density": 17821.4, "nearest_shelter_distance_m": 150.1128, "shelter_count_within_500m": 11.6877, "est_population": 408.9, "est_elderly": 77.4, "shelter_capacity_within_500m": 1977.5, "building_form_group": "high_floor_low_density", "dong_name": "신정3동", "top1_feature": "green_ratio", "top1_shap": -0.9345, "top2_feature": "ndvi", "top2_shap": -0.515, "top3_feature": "building_ratio", "top3_shap": -0.3674, "priority_score": 35.6196, "priority_rank": 300 }, "geometry": { "type": "Polygon", "coordinates": [ [ [ 126.852207022177751, 37.511506868842339 ], [ 126.855035648010087, 37.511522348335895 ], [ 126.855050683334383, 37.509775011964905 ], [ 126.85404314, 37.51021952 ], [ 126.85309762, 37.51059366 ], [ 126.852866809999981, 37.510686 ], [ 126.85254268, 37.51051553 ], [ 126.852215870624121, 37.510483051445433 ], [ 126.852207022177751, 37.511506868842339 ] ] ] } },
{ "type": "Feature", "properties": { "member_grid_ids": ["11470_00171", "11470_00172", "11470_00218", "11470_00219", "11470_00220", "11470_00266", "11470_00267", "11470_00268"], "display_grid_id": "11470_00049", "gu_code": 11470, "gu_name": "양천구", "source_cell_count": 12, "area_m2": 56250.64, "mean_actual_lst": 33.5068, "mean_actual_anomaly": -4.8418, "seoul_anomaly": -3.4935, "pred_anomaly": -2.7935, "pred_anomaly_std": 0.7814, "green_delta_c": -0.5809, "building_ratio": 0.0736, "green_ratio": 0.6351, "ndvi": 0.459, "impervious_ratio": 0.2057, "built_surface_ratio": 0.2057, "avg_ground_floor_count": 1.7499, "elevation_m": 44.4929, "albedo": 0.1349, "nearest_park_distance_m": 83.5168, "park_area_within_500m": 409349.8101, "nearest_stream_distance_m": 1468.3493, "est_population_density": 777.7689, "dong_elderly_ratio": 0.196, "dong_avg_age": 43.3734, "dong_pop_density": 19096.4373, "nearest_shelter_distance_m": 190.037, "shelter_count_within_500m": 11.4605, "est_population": 43.8, "est_elderly": 9.3, "shelter_capacity_within_500m": 6291.4, "building_form_group": "no_building", "dong_name": "신정3동", "top1_feature": "green_ratio", "top1_shap": -0.9403, "top2_feature": "ndvi", "top2_shap": -0.7978, "top3_feature": "building_ratio", "top3_shap": -0.5295, "priority_score": 36.3833, "priority_rank": 292 }, "geometry": { "type": "Polygon", "coordinates": [ [ [ 126.855035648010087, 37.511522348335895 ], [ 126.857864276001536, 37.511537760097625 ], [ 126.857879114018843, 37.509805758754766 ], [ 126.857220020000014, 37.50962879 ], [ 126.856016044162018, 37.509274322150887 ], [ 126.855525263517308, 37.509271645368564 ], [ 126.85519566, 37.50971105 ], [ 126.855050683334383, 37.509775011964905 ], [ 126.855035648010087, 37.511522348335895 ] ] ] } },
{ "type": "Feature", "properties": { "member_grid_ids": ["11470_00173", "11470_00174", "11470_00175", "11470_00220", "11470_00221", "11470_00222", "11470_00268", "11470_00269", "11470_00270"], "display_grid_id": "11470_00050", "gu_code": 11470, "gu_name": "양천구", "source_cell_count": 11, "area_m2": 58772.87, "mean_actual_lst": 37.4311, "mean_actual_anomaly": -0.751, "seoul_anomaly": 0.5973, "pred_anomaly": 0.8773, "pred_anomaly_std": 0.7847, "green_delta_c": -0.1737, "building_ratio": 0.1542, "green_ratio": 0.2927, "ndvi": 0.2728, "impervious_ratio": 0.4736, "built_surface_ratio": 0.4736, "avg_ground_floor_count": 6.9109, "elevation_m": 25.7418, "albedo": 0.142, "nearest_park_distance_m": 1.6335, "park_area_within_500m": 515638.1582, "nearest_stream_distance_m": 1224.6244, "est_population_density": 14128.9098, "dong_elderly_ratio": 0.2103, "dong_avg_age": 44.2894, "dong_pop_density": 21925.3767, "nearest_shelter_distance_m": 90.8989, "shelter_count_within_500m": 8.4765, "est_population": 830.4, "est_elderly": 176.0, "shelter_capacity_within_500m": 4399.3, "building_form_group": "high_floor_low_density", "dong_name": "신정7동", "top1_feature": "impervious_ratio", "top1_shap": 0.4402, "top2_feature": "ndvi", "top2_shap": -0.3543, "top3_feature": "built_surface_ratio", "top3_shap": 0.3256, "priority_score": 32.428, "priority_rank": 323 }, "geometry": { "type": "Polygon", "coordinates": [ [ [ 126.857864276001536, 37.511537760097625 ], [ 126.860692906142603, 37.511553104127366 ], [ 126.860712124596134, 37.509299832078526 ], [ 126.858711466151007, 37.509288986981559 ], [ 126.8583277, 37.50991789 ], [ 126.85829659, 37.50991785 ], [ 126.857879114018843, 37.509805758754766 ], [ 126.857864276001536, 37.511537760097625 ] ] ] } },
{ "type": "Feature", "properties": { "member_grid_ids": ["11470_00176", "11470_00177", "11470_00178", "11470_00223", "11470_00224", "11470_00225", "11470_00271", "11470_00272", "11470_00273"], "display_grid_id": "11470_00051", "gu_code": 11470, "gu_name": "양천구", "source_cell_count": 14, "area_m2": 62500.0, "mean_actual_lst": 39.5165, "mean_actual_anomaly": 1.3777, "seoul_anomaly": 2.7259, "pred_anomaly": 1.3267, "pred_anomaly_std": 0.8039, "green_delta_c": -0.3916, "building_ratio": 0.2294, "green_ratio": 0.3018, "ndvi": 0.2003, "impervious_ratio": 0.4006, "built_surface_ratio": 0.4006, "avg_ground_floor_count": 8.2794, "elevation_m": 30.3596, "albedo": 0.1108, "nearest_park_distance_m": 0.0, "park_area_within_500m": 578828.3076, "nearest_stream_distance_m": 980.7016, "est_population_density": 32232.8, "dong_elderly_ratio": 0.212, "dong_avg_age": 44.4, "dong_pop_density": 22252.1, "nearest_shelter_distance_m": 129.2392, "shelter_count_within_500m": 11.16, "est_population": 2014.5, "est_elderly": 427.1, "shelter_capacity_within_500m": 3279.8, "building_form_group": "high_floor_low_density", "dong_name": "신정7동", "top1_feature": "impervious_ratio", "top1_shap": 0.4156, "top2_feature": "ndvi", "top2_shap": -0.0132, "top3_feature": "built_surface_ratio", "top3_shap": 0.2822, "priority_score": 63.7464, "priority_rank": 64 }, "geometry": { "type": "Polygon", "coordinates": [ [ [ 126.860712124596134, 37.509299832078526 ], [ 126.860692906142603, 37.511553104127366 ], [ 126.863521538423868, 37.51156838042494 ], [ 126.863540671858814, 37.509315107140146 ], [ 126.860712124596134, 37.509299832078526 ] ] ] } },
{ "type": "Feature", "properties": { "member_grid_ids": ["11470_00179", "11470_00180", "11470_00225", "11470_00226", "11470_00227", "11470_00273", "11470_00274", "11470_00275"], "display_grid_id": "11470_00052", "gu_code": 11470, "gu_name": "양천구", "source_cell_count": 15, "area_m2": 62500.0, "mean_actual_lst": 41.2226, "mean_actual_anomaly": 3.049, "seoul_anomaly": 4.3972, "pred_anomaly": 2.4194, "pred_anomaly_std": 1.0315, "green_delta_c": -0.41, "building_ratio": 0.1983, "green_ratio": 0.2781, "ndvi": 0.1211, "impervious_ratio": 0.4098, "built_surface_ratio": 0.4098, "avg_ground_floor_count": 3.9484, "elevation_m": 17.9163, "albedo": 0.12, "nearest_park_distance_m": 2.7328, "park_area_within_500m": 570809.9508, "nearest_stream_distance_m": 753.268, "est_population_density": 11560.0, "dong_elderly_ratio": 0.212, "dong_avg_age": 44.4, "dong_pop_density": 22252.1, "nearest_shelter_distance_m": 159.3, "shelter_count_within_500m": 11.8, "est_population": 722.5, "est_elderly": 153.2, "shelter_capacity_within_500m": 2435.8, "building_form_group": "low_floor_low_density", "dong_name": "신정7동", "top1_feature": "ndvi", "top1_shap": 0.5851, "top2_feature": "impervious_ratio", "top2_shap": 0.5313, "top3_feature": "built_surface_ratio", "top3_shap": 0.2783, "priority_score": 66.1095, "priority_rank": 52 }, "geometry": { "type": "Polygon", "coordinates": [ [ [ 126.863540671858814, 37.509315107140146 ], [ 126.863521538423868, 37.51156838042494 ], [ 126.866350172835809, 37.511583588990234 ], [ 126.866369221251944, 37.509330314474944 ], [ 126.863540671858814, 37.509315107140146 ] ] ] } },
{ "type": "Feature", "properties": { "member_grid_ids": ["11470_00181", "11470_00182", "11470_00183", "11470_00228", "11470_00229", "11470_00230", "11470_00276", "11470_00277", "11470_00278"], "display_grid_id": "11470_00053", "gu_code": 11470, "gu_name": "양천구", "source_cell_count": 12, "area_m2": 62500.0, "mean_actual_lst": 39.7524, "mean_actual_anomaly": 1.5001, "seoul_anomaly": 2.8483, "pred_anomaly": 2.2529, "pred_anomaly_std": 0.7951, "green_delta_c": -0.4087, "building_ratio": 0.2106, "green_ratio": 0.2532, "ndvi": 0.1674, "impervious_ratio": 0.473, "built_surface_ratio": 0.473, "avg_ground_floor_count": 6.5364, "elevation_m": 18.1271, "albedo": 0.111, "nearest_park_distance_m": 16.8656, "park_area_within_500m": 489775.9548, "nearest_stream_distance_m": 515.8488, "est_population_density": 24226.8, "dong_elderly_ratio": 0.212, "dong_avg_age": 44.4, "dong_pop_density": 22252.1, "nearest_shelter_distance_m": 69.742, "shelter_count_within_500m": 8.72, "est_population": 1514.2, "est_elderly": 320.9, "shelter_capacity_within_500m": 1737.0, "building_form_group": "high_floor_low_density", "dong_name": "신정7동", "top1_feature": "impervious_ratio", "top1_shap": 0.4648, "top2_feature": "built_surface_ratio", "top2_shap": 0.3424, "top3_feature": "building_ratio", "top3_shap": 0.2789, "priority_score": 59.0562, "priority_rank": 102 }, "geometry": { "type": "Polygon", "coordinates": [ [ [ 126.866369221251944, 37.509330314474944 ], [ 126.866350172835809, 37.511583588990234 ], [ 126.869178809369004, 37.511598729823056 ], [ 126.869197772766086, 37.509345454082762 ], [ 126.866369221251944, 37.509330314474944 ] ] ] } },
{ "type": "Feature", "properties": { "member_grid_ids": ["11470_00184", "11470_00185", "11470_00230", "11470_00231", "11470_00232", "11470_00278", "11470_00279", "11470_00280"], "display_grid_id": "11470_00054", "gu_code": 11470, "gu_name": "양천구", "source_cell_count": 14, "area_m2": 62500.0, "mean_actual_lst": 38.6395, "mean_actual_anomaly": 0.3176, "seoul_anomaly": 1.6659, "pred_anomaly": 1.5168, "pred_anomaly_std": 0.7887, "green_delta_c": -0.5579, "building_ratio": 0.1414, "green_ratio": 0.2972, "ndvi": 0.2459, "impervious_ratio": 0.4797, "built_surface_ratio": 0.4797, "avg_ground_floor_count": 3.8974, "elevation_m": 18.0296, "albedo": 0.1312, "nearest_park_distance_m": 4.5864, "park_area_within_500m": 403851.9492, "nearest_stream_distance_m": 311.7432, "est_population_density": 7291.6, "dong_elderly_ratio": 0.2024, "dong_avg_age": 43.808, "dong_pop_density": 22580.628, "nearest_shelter_distance_m": 168.2836, "shelter_count_within_500m": 6.4, "est_population": 455.7, "est_elderly": 96.5, "shelter_capacity_within_500m": 1053.5, "building_form_group": "low_floor_low_density", "dong_name": "신정7동", "top1_feature": "impervious_ratio", "top1_shap": 0.493, "top2_feature": "built_surface_ratio", "top2_shap": 0.371, "top3_feature": "ndvi", "top3_shap": -0.2113, "priority_score": 55.6268, "priority_rank": 129 }, "geometry": { "type": "Polygon", "coordinates": [ [ [ 126.869197772766086, 37.509345454082762 ], [ 126.869178809369004, 37.511598729823056 ], [ 126.872007448013989, 37.511613802923257 ], [ 126.872026326391747, 37.50936052596343 ], [ 126.869197772766086, 37.509345454082762 ] ] ] } },
{ "type": "Feature", "properties": { "member_grid_ids": ["11470_00186", "11470_00187", "11470_00188", "11470_00233", "11470_00234", "11470_00235", "11470_00281", "11470_00282", "11470_00283"], "display_grid_id": "11470_00055", "gu_code": 11470, "gu_name": "양천구", "source_cell_count": 14, "area_m2": 55269.14, "mean_actual_lst": 38.9066, "mean_actual_anomaly": 0.611, "seoul_anomaly": 1.9593, "pred_anomaly": -0.0077, "pred_anomaly_std": 1.076, "green_delta_c": -0.8558, "building_ratio": 0.1676, "green_ratio": 0.3746, "ndvi": 0.2289, "impervious_ratio": 0.307, "built_surface_ratio": 0.307, "avg_ground_floor_count": 0.3616, "elevation_m": 10.0, "albedo": 0.1335, "nearest_park_distance_m": 29.3432, "park_area_within_500m": 304490.7273, "nearest_stream_distance_m": 108.4841, "est_population_density": 0.0, "dong_elderly_ratio": 0.1587, "dong_avg_age": 41.0347, "dong_pop_density": 24222.3476, "nearest_shelter_distance_m": 354.9384, "shelter_count_within_500m": 4.4187, "est_population": 0.0, "est_elderly": 0.0, "shelter_capacity_within_500m": 445.6, "building_form_group": "low_floor_low_density", "dong_name": "신정6동", "top1_feature": "building_ratio", "top1_shap": 0.059, "top2_feature": "impervious_ratio", "top2_shap": 0.2466, "top3_feature": "green_ratio", "top3_shap": -0.2724, "priority_score": 54.4885, "priority_rank": 135 }, "geometry": { "type": "MultiPolygon", "coordinates": [ [ [ [ 126.874707312095751, 37.509374749002298 ], [ 126.874688330000012, 37.50938586 ], [ 126.87461634, 37.50942294 ], [ 126.874506520000011, 37.50946562 ], [ 126.874406279999988, 37.50948747 ], [ 126.87432039, 37.50949048 ], [ 126.87422217000001, 37.5094701 ], [ 126.87419373, 37.50946106 ], [ 126.87409976, 37.509426329999989 ], [ 126.874086, 37.50942012 ], [ 126.874026139999984, 37.50938824 ], [ 126.87401556, 37.50938035 ], [ 126.874006397397878, 37.509371036417903 ], [ 126.872026326391747, 37.50936052596343 ], [ 126.872007448013989, 37.511613802923257 ], [ 126.874330835019634, 37.511626132991239 ], [ 126.874205280000012, 37.51150183 ], [ 126.87410155000002, 37.51139952 ], [ 126.874031140000014, 37.51132962 ], [ 126.87399903, 37.51129776 ], [ 126.87399674000001, 37.51129297 ], [ 126.87393616, 37.51117071 ], [ 126.87399969, 37.511018730000011 ], [ 126.874051710000018, 37.51087266 ], [ 126.87407848, 37.51082511 ], [ 126.874194050000014, 37.51072894 ], [ 126.87424729, 37.51070196 ], [ 126.87432226, 37.51067727 ], [ 126.8743912, 37.5106703 ], [ 126.87444775, 37.51067402 ], [ 126.87455269, 37.51069385 ], [ 126.874677010000013, 37.51075001000001 ], [ 126.87479576, 37.51085403 ], [ 126.874842053927509, 37.510913626568041 ], [ 126.874854882119465, 37.509375530116813 ], [ 126.874707312095751, 37.509374749002298 ] ] ], [ [ [ 126.874838152616363, 37.511381369364699 ], [ 126.87480423, 37.51149065 ], [ 126.8748213684365, 37.511628730377687 ], [ 126.874836088761271, 37.511628808290688 ], [ 126.874838152616363, 37.511381369364699 ] ] ] ] } },
{ "type": "Feature", "properties": { "member_grid_ids": ["11470_00188", "11470_00189", "11470_00235", "11470_00236", "11470_00237", "11470_00283", "11470_00284", "11470_00285"], "display_grid_id": "11470_00056", "gu_code": 11470, "gu_name": "양천구", "source_cell_count": 10, "area_m2": 15899.14, "mean_actual_lst": 35.888, "mean_actual_anomaly": -2.3377, "seoul_anomaly": -0.9895, "pred_anomaly": -1.6367, "pred_anomaly_std": 0.7621, "green_delta_c": -0.8977, "building_ratio": 0.0913, "green_ratio": 0.3674, "ndvi": 0.2019, "impervious_ratio": 0.2127, "built_surface_ratio": 0.2127, "avg_ground_floor_count": 0.0, "elevation_m": 10.0, "albedo": 0.1314, "nearest_park_distance_m": 128.62, "park_area_within_500m": 230515.1432, "nearest_stream_distance_m": 10.3062, "est_population_density": 0.0, "dong_elderly_ratio": 0.1625, "dong_avg_age": 40.7, "dong_pop_density": 25086.7, "nearest_shelter_distance_m": 329.882, "shelter_count_within_500m": 3.8374, "est_population": 0.0, "est_elderly": 0.0, "shelter_capacity_within_500m": 2784.7, "building_form_group": "low_floor_low_density", "dong_name": "신정6동", "top1_feature": "building_ratio", "top1_shap": -0.6957, "top2_feature": "impervious_ratio", "top2_shap": 0.0195, "top3_feature": "elevation_m", "top3_shap": -0.2458, "priority_score": 43.2637, "priority_rank": 222 }, "geometry": { "type": "Polygon", "coordinates": [ [ [ 126.874836088761271, 37.511628808290688 ], [ 126.875461867343589, 37.511632118768318 ], [ 126.875487329999984, 37.51156853 ], [ 126.87551005, 37.51151309 ], [ 126.87551412, 37.51150746 ], [ 126.87556457, 37.51146021000001 ], [ 126.87558970000002, 37.511437989999983 ], [ 126.87569729, 37.51135646 ], [ 126.87584515, 37.5112851 ], [ 126.875974050000011, 37.51124638000001 ], [ 126.87603929, 37.51122674 ], [ 126.87605927, 37.51122254 ], [ 126.876204930000014, 37.51120241000001 ], [ 126.87641864, 37.51117899 ], [ 126.87656431, 37.51114733 ], [ 126.876569439999983, 37.51114452 ], [ 126.87665347, 37.51109309 ], [ 126.87667063, 37.51107903 ], [ 126.87672904999998, 37.51102446 ], [ 126.8767425, 37.51100928 ], [ 126.876791940000018, 37.51093556 ], [ 126.87684387, 37.51084523 ], [ 126.876844580000011, 37.51083876 ], [ 126.876816599999984, 37.51076862 ], [ 126.876730150000014, 37.51067505 ], [ 126.87664472, 37.51061921 ], [ 126.87652153, 37.51062077 ], [ 126.876439669999982, 37.51064714 ], [ 126.87639167, 37.51071495 ], [ 126.87638883000001, 37.51072002 ], [ 126.87637374000002, 37.51075576 ], [ 126.876354230000018, 37.51080192 ], [ 126.87635175, 37.51080614 ], [ 126.876348030000017, 37.51081261 ], [ 126.876343060000011, 37.51081908 ], [ 126.876219800000015, 37.51098028 ], [ 126.87611788, 37.51104775 ], [ 126.87601921, 37.51109016 ], [ 126.87591788, 37.51112187 ], [ 126.87576339, 37.51113916 ], [ 126.87560596, 37.5111176 ], [ 126.87552351, 37.51107246 ], [ 126.875459120000016, 37.5110051 ], [ 126.87541832, 37.51099266 ], [ 126.87536948, 37.51092672 ], [ 126.87520906, 37.51068723 ], [ 126.875184239999982, 37.51052108 ], [ 126.875184430000019, 37.51051207 ], [ 126.87519406, 37.51046449 ], [ 126.875214, 37.51037724 ], [ 126.87523465, 37.51028856 ], [ 126.87525886, 37.51018215 ], [ 126.875262580000012, 37.51017287 ], [ 126.87534433, 37.51001641 ], [ 126.87544177, 37.50997597 ], [ 126.875557910000012, 37.50984883 ], [ 126.87560298, 37.50974048 ], [ 126.87560275, 37.50966248 ], [ 126.87559817, 37.50965543 ], [ 126.87559253000002, 37.50964839 ], [ 126.875551090000016, 37.50959598 ], [ 126.87552886, 37.50956751 ], [ 126.87551318, 37.50954836 ], [ 126.8754726, 37.50950327 ], [ 126.8754569, 37.50948579 ], [ 126.87543521, 37.50946127 ], [ 126.87543061, 37.50945816 ], [ 126.87542144, 37.50945084 ], [ 126.87540591, 37.50944237 ], [ 126.87529502000001, 37.50938341 ], [ 126.875282205973534, 37.509377790978405 ], [ 126.874854882119465, 37.509375530116813 ], [ 126.874842053927509, 37.510913626568041 ], [ 126.874862960000016, 37.51094054 ], [ 126.874892310000021, 37.51103433 ], [ 126.8749013, 37.51115232 ], [ 126.87486198000002, 37.51130461000001 ], [ 126.874838152616363, 37.511381369364699 ], [ 126.874836088761271, 37.511628808290688 ] ] ] } },
{ "type": "Feature", "properties": { "member_grid_ids": ["11470_00286", "11470_00287", "11470_00288", "11470_00333", "11470_00334", "11470_00335", "11470_00382", "11470_00383", "11470_00384"], "display_grid_id": "11470_00057", "gu_code": 11470, "gu_name": "양천구", "source_cell_count": 16, "area_m2": 56530.65, "mean_actual_lst": 33.3407, "mean_actual_anomaly": -5.512, "seoul_anomaly": -4.1638, "pred_anomaly": -3.4082, "pred_anomaly_std": 0.9198, "green_delta_c": -0.7991, "building_ratio": 0.0532, "green_ratio": 0.62, "ndvi": 0.4867, "impervious_ratio": 0.19, "built_surface_ratio": 0.19, "avg_ground_floor_count": 1.3267, "elevation_m": 73.7743, "albedo": 0.1324, "nearest_park_distance_m": 89.2957, "park_area_within_500m": 215732.1452, "nearest_stream_distance_m": 4165.4033, "est_population_density": 8.8448, "dong_elderly_ratio": 0.2495, "dong_avg_age": 47.1843, "dong_pop_density": 15394.0271, "nearest_shelter_distance_m": 295.4117, "shelter_count_within_500m": 2.5036, "est_population": 0.5, "est_elderly": 0.1, "shelter_capacity_within_500m": 602.6, "building_form_group": "no_building", "dong_name": "신월7동", "top1_feature": "green_ratio", "top1_shap": -0.7798, "top2_feature": "building_ratio", "top2_shap": -0.7162, "top3_feature": "ndvi", "top3_shap": -0.5083, "priority_score": 39.7622, "priority_rank": 261 }, "geometry": { "type": "Polygon", "coordinates": [ [ [ 126.826729247498335, 37.513617761413471 ], [ 126.826749488408495, 37.511364505494697 ], [ 126.823944226164031, 37.511348482293982 ], [ 126.82414679, 37.51244048 ], [ 126.82440785, 37.51317659 ], [ 126.824313031883591, 37.513603963662334 ], [ 126.826729247498335, 37.513617761413471 ] ] ] } },
{ "type": "Feature", "properties": { "member_grid_ids": ["11470_00289", "11470_00290", "11470_00291", "11470_00336", "11470_00337", "11470_00338", "11470_00385", "11470_00386", "11470_00387"], "display_grid_id": "11470_00058", "gu_code": 11470, "gu_name": "양천구", "source_cell_count": 12, "area_m2": 62500.0, "mean_actual_lst": 33.8006, "mean_actual_anomaly": -5.0393, "seoul_anomaly": -3.691, "pred_anomaly": -2.458, "pred_anomaly_std": 0.9672, "green_delta_c": -0.3787, "building_ratio": 0.0799, "green_ratio": 0.5188, "ndvi": 0.3699, "impervious_ratio": 0.29, "built_surface_ratio": 0.29, "avg_ground_floor_count": 3.0543, "elevation_m": 61.1696, "albedo": 0.1238, "nearest_park_distance_m": 12.9328, "park_area_within_500m": 385626.9972, "nearest_stream_distance_m": 3932.0784, "est_population_density": 5880.0, "dong_elderly_ratio": 0.189, "dong_avg_age": 42.9, "dong_pop_density": 17821.4, "nearest_shelter_distance_m": 202.1564, "shelter_count_within_500m": 4.6, "est_population": 367.5, "est_elderly": 69.4, "shelter_capacity_within_500m": 1254.5, "building_form_group": "no_building", "dong_name": "신정3동", "top1_feature": "building_ratio", "top1_shap": -0.6036, "top2_feature": "green_ratio", "top2_shap": -0.5587, "top3_feature": "ndvi", "top3_shap": -0.3941, "priority_score": 34.4957, "priority_rank": 308 }, "geometry": { "type": "Polygon", "coordinates": [ [ [ 126.826749488408495, 37.511364505494697 ], [ 126.826729247498335, 37.513617761413471 ], [ 126.829557938497672, 37.513633851787993 ], [ 126.829578094382896, 37.51138059456742 ], [ 126.826749488408495, 37.511364505494697 ] ] ] } },
{ "type": "Feature", "properties": { "member_grid_ids": ["11470_00291", "11470_00292", "11470_00293", "11470_00338", "11470_00339", "11470_00340", "11470_00388", "11470_00389"], "display_grid_id": "11470_00059", "gu_code": 11470, "gu_name": "양천구", "source_cell_count": 12, "area_m2": 62500.0, "mean_actual_lst": 36.613, "mean_actual_anomaly": -1.9359, "seoul_anomaly": -0.5876, "pred_anomaly": 0.596, "pred_anomaly_std": 0.8737, "green_delta_c": -0.1692, "building_ratio": 0.1858, "green_ratio": 0.1968, "ndvi": 0.2151, "impervious_ratio": 0.6128, "built_surface_ratio": 0.6128, "avg_ground_floor_count": 10.6614, "elevation_m": 37.0306, "albedo": 0.1202, "nearest_park_distance_m": 0.0, "park_area_within_500m": 483105.1004, "nearest_stream_distance_m": 3701.3832, "est_population_density": 32168.8, "dong_elderly_ratio": 0.189, "dong_avg_age": 42.9, "dong_pop_density": 17821.4, "nearest_shelter_distance_m": 102.7964, "shelter_count_within_500m": 6.76, "est_population": 2010.5, "est_elderly": 380.1, "shelter_capacity_within_500m": 2014.0, "building_form_group": "high_floor_low_density", "dong_name": "신정3동", "top1_feature": "impervious_ratio", "top1_shap": 0.4823, "top2_feature": "nearest_stream_distance_m", "top2_shap": -0.4654, "top3_feature": "avg_ground_floor_count", "top3_shap": -0.2715, "priority_score": 43.0259, "priority_rank": 226 }, "geometry": { "type": "Polygon", "coordinates": [ [ [ 126.829578094382896, 37.51138059456742 ], [ 126.829557938497672, 37.513633851787993 ], [ 126.832386631741556, 37.513649874426662 ], [ 126.832406702601574, 37.511396615909774 ], [ 126.829578094382896, 37.51138059456742 ] ] ] } },
{ "type": "Feature", "properties": { "member_grid_ids": ["11470_00294", "11470_00295", "11470_00296", "11470_00341", "11470_00342", "11470_00343", "11470_00390", "11470_00391", "11470_00392"], "display_grid_id": "11470_00060", "gu_code": 11470, "gu_name": "양천구", "source_cell_count": 12, "area_m2": 62500.0, "mean_actual_lst": 37.2755, "mean_actual_anomaly": -1.193, "seoul_anomaly": 0.1552, "pred_anomaly": 1.5224, "pred_anomaly_std": 0.9425, "green_delta_c": -0.3538, "building_ratio": 0.2023, "green_ratio": 0.209, "ndvi": 0.1843, "impervious_ratio": 0.6093, "built_surface_ratio": 0.6093, "avg_ground_floor_count": 7.3561, "elevation_m": 33.9747, "albedo": 0.1339, "nearest_park_distance_m": 0.0, "park_area_within_500m": 462637.0104, "nearest_stream_distance_m": 3451.7296, "est_population_density": 25846.0, "dong_elderly_ratio": 0.189, "dong_avg_age": 42.9, "dong_pop_density": 17821.4, "nearest_shelter_distance_m": 113.4832, "shelter_count_within_500m": 8.16, "est_population": 1615.4, "est_elderly": 305.4, "shelter_capacity_within_500m": 2301.7, "building_form_group": "high_floor_high_density", "dong_name": "신정3동", "top1_feature": "impervious_ratio", "top1_shap": 0.5146, "top2_feature": "built_surface_ratio", "top2_shap": 0.3598, "top3_feature": "building_ratio", "top3_shap": 0.2838, "priority_score": 49.8559, "priority_rank": 173 }, "geometry": { "type": "Polygon", "coordinates": [ [ [ 126.832406702601574, 37.511396615909774 ], [ 126.832386631741556, 37.513649874426662 ], [ 126.835215327220567, 37.513665829329334 ], [ 126.835235313055108, 37.511412569521617 ], [ 126.832406702601574, 37.511396615909774 ] ] ] } },
{ "type": "Feature", "properties": { "member_grid_ids": ["11470_00296", "11470_00297", "11470_00298", "11470_00343", "11470_00344", "11470_00345", "11470_00393", "11470_00394"], "display_grid_id": "11470_00061", "gu_code": 11470, "gu_name": "양천구", "source_cell_count": 12, "area_m2": 62500.0, "mean_actual_lst": 37.1984, "mean_actual_anomaly": -1.403, "seoul_anomaly": -0.0547, "pred_anomaly": 0.1936, "pred_anomaly_std": 0.8355, "green_delta_c": -0.1665, "building_ratio": 0.1754, "green_ratio": 0.2639, "ndvi": 0.2667, "impervious_ratio": 0.5529, "built_surface_ratio": 0.5529, "avg_ground_floor_count": 9.237, "elevation_m": 36.9704, "albedo": 0.127, "nearest_park_distance_m": 0.3344, "park_area_within_500m": 414629.2896, "nearest_stream_distance_m": 3221.436, "est_population_density": 26037.2, "dong_elderly_ratio": 0.189, "dong_avg_age": 42.9, "dong_pop_density": 17821.4, "nearest_shelter_distance_m": 76.9168, "shelter_count_within_500m": 9.76, "est_population": 1627.3, "est_elderly": 307.6, "shelter_capacity_within_500m": 2502.2, "building_form_group": "high_floor_low_density", "dong_name": "신정3동", "top1_feature": "nearest_stream_distance_m", "top1_shap": -0.4244, "top2_feature": "impervious_ratio", "top2_shap": 0.3798, "top3_feature": "avg_ground_floor_count", "top3_shap": -0.2569, "priority_score": 36.3328, "priority_rank": 293 }, "geometry": { "type": "Polygon", "coordinates": [ [ [ 126.835235313055108, 37.511412569521617 ], [ 126.835215327220567, 37.513665829329334 ], [ 126.838044024925196, 37.513681716495832 ], [ 126.838063925734019, 37.511428455402765 ], [ 126.835235313055108, 37.511412569521617 ] ] ] } },
{ "type": "Feature", "properties": { "member_grid_ids": ["11470_00299", "11470_00300", "11470_00301", "11470_00346", "11470_00347", "11470_00348", "11470_00395", "11470_00396", "11470_00397"], "display_grid_id": "11470_00062", "gu_code": 11470, "gu_name": "양천구", "source_cell_count": 15, "area_m2": 62500.0, "mean_actual_lst": 37.2566, "mean_actual_anomaly": -1.4572, "seoul_anomaly": -0.1089, "pred_anomaly": 0.8367, "pred_anomaly_std": 0.816, "green_delta_c": -0.1385, "building_ratio": 0.2113, "green_ratio": 0.2681, "ndvi": 0.2114, "impervious_ratio": 0.4567, "built_surface_ratio": 0.4567, "avg_ground_floor_count": 9.0086, "elevation_m": 30.0486, "albedo": 0.1136, "nearest_park_distance_m": 16.7228, "park_area_within_500m": 363880.7916, "nearest_stream_distance_m": 2971.9828, "est_population_density": 28808.0, "dong_elderly_ratio": 0.1856, "dong_avg_age": 42.48, "dong_pop_density": 20258.94, "nearest_shelter_distance_m": 104.5148, "shelter_count_within_500m": 10.76, "est_population": 1800.5, "est_elderly": 336.1, "shelter_capacity_within_500m": 2526.0, "building_form_group": "high_floor_high_density", "dong_name": "신정3동", "top1_feature": "impervious_ratio", "top1_shap": 0.4366, "top2_feature": "nearest_stream_distance_m", "top2_shap": -0.2935, "top3_feature": "built_surface_ratio", "top3_shap": 0.2156, "priority_score": 38.0836, "priority_rank": 276 }, "geometry": { "type": "Polygon", "coordinates": [ [ [ 126.838063925734019, 37.511428455402765 ], [ 126.838044024925196, 37.513681716495832 ], [ 126.84087272484598, 37.513697535925999 ], [ 126.840892540628815, 37.511444273553046 ], [ 126.838063925734019, 37.511428455402765 ] ] ] } },
{ "type": "Feature", "properties": { "member_grid_ids": ["11470_00301", "11470_00302", "11470_00303", "11470_00348", "11470_00349", "11470_00350", "11470_00398", "11470_00399"], "display_grid_id": "11470_00063", "gu_code": 11470, "gu_name": "양천구", "source_cell_count": 11, "area_m2": 62500.0, "mean_actual_lst": 37.6499, "mean_actual_anomaly": -0.886, "seoul_anomaly": 0.4622, "pred_anomaly": 0.591, "pred_anomaly_std": 0.8292, "green_delta_c": -0.1862, "building_ratio": 0.199, "green_ratio": 0.2758, "ndvi": 0.2445, "impervious_ratio": 0.5215, "built_surface_ratio": 0.5215, "avg_ground_floor_count": 11.1543, "elevation_m": 32.227, "albedo": 0.117, "nearest_park_distance_m": 19.5876, "park_area_within_500m": 275024.3388, "nearest_stream_distance_m": 2741.7484, "est_population_density": 34313.6, "dong_elderly_ratio": 0.1856, "dong_avg_age": 42.48, "dong_pop_density": 20258.94, "nearest_shelter_distance_m": 106.4396, "shelter_count_within_500m": 10.84, "est_population": 2144.6, "est_elderly": 399.3, "shelter_capacity_within_500m": 2336.5, "building_form_group": "high_floor_low_density", "dong_name": "신정3동", "top1_feature": "impervious_ratio", "top1_shap": 0.4343, "top2_feature": "green_ratio", "top2_shap": 0.0065, "top3_feature": "avg_ground_floor_count", "top3_shap": -0.2522, "priority_score": 44.5317, "priority_rank": 210 }, "geometry": { "type": "Polygon", "coordinates": [ [ [ 126.840892540628815, 37.511444273553046 ], [ 126.84087272484598, 37.513697535925999 ], [ 126.843701426973482, 37.513713287619659 ], [ 126.843721157730073, 37.511460023972312 ], [ 126.840892540628815, 37.511444273553046 ] ] ] } },
{ "type": "Feature", "properties": { "member_grid_ids": ["11470_00304", "11470_00305", "11470_00306", "11470_00351", "11470_00352", "11470_00353", "11470_00400", "11470_00401", "11470_00402"], "display_grid_id": "11470_00064", "gu_code": 11470, "gu_name": "양천구", "source_cell_count": 15, "area_m2": 62500.0, "mean_actual_lst": 34.9838, "mean_actual_anomaly": -3.5743, "seoul_anomaly": -2.226, "pred_anomaly": -1.7171, "pred_anomaly_std": 0.8846, "green_delta_c": -0.4988, "building_ratio": 0.086, "green_ratio": 0.5208, "ndvi": 0.4031, "impervious_ratio": 0.3051, "built_surface_ratio": 0.3051, "avg_ground_floor_count": 4.6645, "elevation_m": 39.396, "albedo": 0.1438, "nearest_park_distance_m": 23.8596, "park_area_within_500m": 191357.7504, "nearest_stream_distance_m": 2492.3744, "est_population_density": 1832.0, "dong_elderly_ratio": 0.189, "dong_avg_age": 42.9, "dong_pop_density": 17821.4, "nearest_shelter_distance_m": 181.2568, "shelter_count_within_500m": 10.96, "est_population": 114.5, "est_elderly": 21.7, "shelter_capacity_within_500m": 2321.8, "building_form_group": "high_floor_low_density", "dong_name": "신정3동", "top1_feature": "green_ratio", "top1_shap": -0.9059, "top2_feature": "ndvi", "top2_shap": -0.7341, "top3_feature": "building_ratio", "top3_shap": -0.2932, "priority_score": 36.8156, "priority_rank": 290 }, "geometry": { "type": "Polygon", "coordinates": [ [ [ 126.843721157730073, 37.511460023972312 ], [ 126.843701426973482, 37.513713287619659 ], [ 126.846530131298195, 37.513728971576661 ], [ 126.846549777028272, 37.511475706660391 ], [ 126.843721157730073, 37.511460023972312 ] ] ] } },
{ "type": "Feature", "properties": { "member_grid_ids": ["11470_00306", "11470_00307", "11470_00308", "11470_00353", "11470_00354", "11470_00355", "11470_00403", "11470_00404"], "display_grid_id": "11470_00065", "gu_code": 11470, "gu_name": "양천구", "source_cell_count": 15, "area_m2": 62500.0, "mean_actual_lst": 32.0925, "mean_actual_anomaly": -6.4309, "seoul_anomaly": -5.0826, "pred_anomaly": -5.0107, "pred_anomaly_std": 0.7016, "green_delta_c": -0.474, "building_ratio": 0.0111, "green_ratio": 0.7573, "ndvi": 0.5623, "impervious_ratio": 0.1019, "built_surface_ratio": 0.1019, "avg_ground_floor_count": 3.3657, "elevation_m": 59.1408, "albedo": 0.1332, "nearest_park_distance_m": 83.946, "park_area_within_500m": 209588.1216, "nearest_stream_distance_m": 2262.2416, "est_population_density": 517.6, "dong_elderly_ratio": 0.189, "dong_avg_age": 42.9, "dong_pop_density": 17821.4, "nearest_shelter_distance_m": 152.9808, "shelter_count_within_500m": 8.4, "est_population": 32.4, "est_elderly": 6.1, "shelter_capacity_within_500m": 1656.8, "building_form_group": "no_building", "dong_name": "신정3동", "top1_feature": "building_ratio", "top1_shap": -1.1845, "top2_feature": "green_ratio", "top2_shap": -0.6029, "top3_feature": "impervious_ratio", "top3_shap": -0.4934, "priority_score": 29.0058, "priority_rank": 334 }, "geometry": { "type": "Polygon", "coordinates": [ [ [ 126.846549777028272, 37.511475706660391 ], [ 126.846530131298195, 37.513728971576661 ], [ 126.849358837810698, 37.513744587796836 ], [ 126.849378398513991, 37.511491321617115 ], [ 126.846549777028272, 37.511475706660391 ] ] ] } },
{ "type": "Feature", "properties": { "member_grid_ids": ["11470_00309", "11470_00310", "11470_00311", "11470_00356", "11470_00357", "11470_00358", "11470_00405", "11470_00406", "11470_00407"], "display_grid_id": "11470_00066", "gu_code": 11470, "gu_name": "양천구", "source_cell_count": 12, "area_m2": 62500.0, "mean_actual_lst": 35.6046, "mean_actual_anomaly": -2.9138, "seoul_anomaly": -1.5656, "pred_anomaly": -1.6515, "pred_anomaly_std": 0.8487, "green_delta_c": -0.3916, "building_ratio": 0.1421, "green_ratio": 0.4729, "ndvi": 0.3879, "impervious_ratio": 0.3046, "built_surface_ratio": 0.3046, "avg_ground_floor_count": 7.5164, "elevation_m": 49.5477, "albedo": 0.1317, "nearest_park_distance_m": 28.5464, "park_area_within_500m": 270684.4116, "nearest_stream_distance_m": 2013.0888, "est_population_density": 16735.6, "dong_elderly_ratio": 0.189, "dong_avg_age": 42.9, "dong_pop_density": 17821.4, "nearest_shelter_distance_m": 91.7568, "shelter_count_within_500m": 9.12, "est_population": 1046.0, "est_elderly": 197.7, "shelter_capacity_within_500m": 3248.5, "building_form_group": "high_floor_low_density", "dong_name": "신정3동", "top1_feature": "green_ratio", "top1_shap": -0.5226, "top2_feature": "building_ratio", "top2_shap": -0.1139, "top3_feature": "ndvi", "top3_shap": -0.46, "priority_score": 33.9914, "priority_rank": 314 }, "geometry": { "type": "Polygon", "coordinates": [ [ [ 126.849378398513991, 37.511491321617115 ], [ 126.849358837810698, 37.513744587796836 ], [ 126.852187546501469, 37.51376013628002 ], [ 126.852207022177751, 37.511506868842339 ], [ 126.849378398513991, 37.511491321617115 ] ] ] } },
{ "type": "Feature", "properties": { "member_grid_ids": ["11470_00311", "11470_00312", "11470_00313", "11470_00358", "11470_00359", "11470_00360", "11470_00408", "11470_00409"], "display_grid_id": "11470_00067", "gu_code": 11470, "gu_name": "양천구", "source_cell_count": 15, "area_m2": 62500.0, "mean_actual_lst": 36.4013, "mean_actual_anomaly": -2.2078, "seoul_anomaly": -0.8596, "pred_anomaly": -0.3468, "pred_anomaly_std": 0.7353, "green_delta_c": -0.208, "building_ratio": 0.1768, "green_ratio": 0.3218, "ndvi": 0.2597, "impervious_ratio": 0.3491, "built_surface_ratio": 0.3491, "avg_ground_floor_count": 14.0246, "elevation_m": 44.4277, "albedo": 0.1124, "nearest_park_distance_m": 1.612, "park_area_within_500m": 343395.762, "nearest_stream_distance_m": 1783.6176, "est_population_density": 43110.8, "dong_elderly_ratio": 0.189, "dong_avg_age": 42.9, "dong_pop_density": 17821.4, "nearest_shelter_distance_m": 58.156, "shelter_count_within_500m": 9.6, "est_population": 2694.4, "est_elderly": 509.4, "shelter_capacity_within_500m": 3586.5, "building_form_group": "high_floor_low_density", "dong_name": "신정3동", "top1_feature": "nearest_stream_distance_m", "top1_shap": -0.3795, "top2_feature": "impervious_ratio", "top2_shap": 0.3321, "top3_feature": "avg_ground_floor_count", "top3_shap": -0.2943, "priority_score": 38.0259, "priority_rank": 277 }, "geometry": { "type": "Polygon", "coordinates": [ [ [ 126.852207022177751, 37.511506868842339 ], [ 126.852187546501469, 37.51376013628002 ], [ 126.855016257361086, 37.513775617026049 ], [ 126.855035648010087, 37.511522348335895 ], [ 126.852207022177751, 37.511506868842339 ] ] ] } },
{ "type": "Feature", "properties": { "member_grid_ids": ["11470_00314", "11470_00315", "11470_00316", "11470_00361", "11470_00362", "11470_00363", "11470_00410", "11470_00411", "11470_00412"], "display_grid_id": "11470_00068", "gu_code": 11470, "gu_name": "양천구", "source_cell_count": 9, "area_m2": 62500.0, "mean_actual_lst": 36.2308, "mean_actual_anomaly": -2.4424, "seoul_anomaly": -1.0941, "pred_anomaly": -0.6235, "pred_anomaly_std": 0.8028, "green_delta_c": -0.3001, "building_ratio": 0.1497, "green_ratio": 0.3732, "ndvi": 0.3041, "impervious_ratio": 0.3772, "built_surface_ratio": 0.3772, "avg_ground_floor_count": 10.3799, "elevation_m": 30.4752, "albedo": 0.1198, "nearest_park_distance_m": 4.3296, "park_area_within_500m": 507107.7852, "nearest_stream_distance_m": 1536.7512, "est_population_density": 19676.8, "dong_elderly_ratio": 0.1991, "dong_avg_age": 43.56, "dong_pop_density": 19770.908, "nearest_shelter_distance_m": 173.6112, "shelter_count_within_500m": 9.84, "est_population": 1229.8, "est_elderly": 243.7, "shelter_capacity_within_500m": 3693.7, "building_form_group": "high_floor_low_density", "dong_name": "신정3동", "top1_feature": "ndvi", "top1_shap": -0.4729, "top2_feature": "green_ratio", "top2_shap": -0.3079, "top3_feature": "impervious_ratio", "top3_shap": 0.276, "priority_score": 40.9798, "priority_rank": 245 }, "geometry": { "type": "Polygon", "coordinates": [ [ [ 126.855035648010087, 37.511522348335895 ], [ 126.855016257361086, 37.513775617026049 ], [ 126.857844970380057, 37.513791030034774 ], [ 126.857864276001536, 37.511537760097625 ], [ 126.855035648010087, 37.511522348335895 ] ] ] } },
{ "type": "Feature", "properties": { "member_grid_ids": ["11470_00316", "11470_00317", "11470_00318", "11470_00363", "11470_00364", "11470_00365", "11470_00413", "11470_00414"], "display_grid_id": "11470_00069", "gu_code": 11470, "gu_name": "양천구", "source_cell_count": 13, "area_m2": 62500.0, "mean_actual_lst": 36.8655, "mean_actual_anomaly": -1.5804, "seoul_anomaly": -0.2322, "pred_anomaly": 0.0831, "pred_anomaly_std": 0.7732, "green_delta_c": -0.1954, "building_ratio": 0.1572, "green_ratio": 0.3349, "ndvi": 0.3231, "impervious_ratio": 0.4359, "built_surface_ratio": 0.4359, "avg_ground_floor_count": 7.685, "elevation_m": 21.8555, "albedo": 0.1174, "nearest_park_distance_m": 0.0, "park_area_within_500m": 641021.4764, "nearest_stream_distance_m": 1312.364, "est_population_density": 20612.0, "dong_elderly_ratio": 0.212, "dong_avg_age": 44.4, "dong_pop_density": 22252.1, "nearest_shelter_distance_m": 152.4824, "shelter_count_within_500m": 7.92, "est_population": 1288.3, "est_elderly": 273.0, "shelter_capacity_within_500m": 2594.8, "building_form_group": "high_floor_low_density", "dong_name": "신정7동", "top1_feature": "ndvi", "top1_shap": -0.6687, "top2_feature": "impervious_ratio", "top2_shap": 0.4069, "top3_feature": "built_surface_ratio", "top3_shap": 0.2535, "priority_score": 38.7032, "priority_rank": 269 }, "geometry": { "type": "Polygon", "coordinates": [ [ [ 126.857864276001536, 37.511537760097625 ], [ 126.857844970380057, 37.513791030034774 ], [ 126.860673685548903, 37.513806375306039 ], [ 126.860692906142603, 37.511553104127366 ], [ 126.857864276001536, 37.511537760097625 ] ] ] } },
{ "type": "Feature", "properties": { "member_grid_ids": ["11470_00319", "11470_00320", "11470_00321", "11470_00366", "11470_00367", "11470_00368", "11470_00415", "11470_00416", "11470_00417"], "display_grid_id": "11470_00070", "gu_code": 11470, "gu_name": "양천구", "source_cell_count": 14, "area_m2": 62500.0, "mean_actual_lst": 36.7311, "mean_actual_anomaly": -1.4835, "seoul_anomaly": -0.1353, "pred_anomaly": -0.1981, "pred_anomaly_std": 0.6755, "green_delta_c": -0.1581, "building_ratio": 0.1236, "green_ratio": 0.3216, "ndvi": 0.2937, "impervious_ratio": 0.3414, "built_surface_ratio": 0.3414, "avg_ground_floor_count": 12.4524, "elevation_m": 20.9086, "albedo": 0.1174, "nearest_park_distance_m": 0.0, "park_area_within_500m": 733846.4448000001, "nearest_stream_distance_m": 1076.8056, "est_population_density": 26832.0, "dong_elderly_ratio": 0.2096, "dong_avg_age": 44.252, "dong_pop_density": 22334.232, "nearest_shelter_distance_m": 110.5528, "shelter_count_within_500m": 9.24, "est_population": 1677.0, "est_elderly": 350.6, "shelter_capacity_within_500m": 2320.8, "building_form_group": "high_floor_low_density", "dong_name": "신정7동", "top1_feature": "avg_ground_floor_count", "top1_shap": -0.3878, "top2_feature": "impervious_ratio", "top2_shap": 0.364, "top3_feature": "ndvi", "top3_shap": -0.3236, "priority_score": 36.8156, "priority_rank": 289 }, "geometry": { "type": "Polygon", "coordinates": [ [ [ 126.860692906142603, 37.511553104127366 ], [ 126.860673685548903, 37.513806375306039 ], [ 126.863502402858188, 37.513821652839667 ], [ 126.863521538423868, 37.51156838042494 ], [ 126.860692906142603, 37.511553104127366 ] ] ] } },
{ "type": "Feature", "properties": { "member_grid_ids": ["11470_00321", "11470_00322", "11470_00323", "11470_00368", "11470_00369", "11470_00370", "11470_00418", "11470_00419"], "display_grid_id": "11470_00071", "gu_code": 11470, "gu_name": "양천구", "source_cell_count": 13, "area_m2": 62500.0, "mean_actual_lst": 37.8641, "mean_actual_anomaly": -0.3733, "seoul_anomaly": 0.975, "pred_anomaly": 0.622, "pred_anomaly_std": 0.7754, "green_delta_c": -0.2649, "building_ratio": 0.1184, "green_ratio": 0.2996, "ndvi": 0.2409, "impervious_ratio": 0.3783, "built_surface_ratio": 0.3783, "avg_ground_floor_count": 11.4863, "elevation_m": 19.6838, "albedo": 0.1274, "nearest_park_distance_m": 0.0, "park_area_within_500m": 715112.208, "nearest_stream_distance_m": 870.5568, "est_population_density": 23768.8, "dong_elderly_ratio": 0.1807, "dong_avg_age": 42.476, "dong_pop_density": 23319.816, "nearest_shelter_distance_m": 190.4432, "shelter_count_within_500m": 11.64, "est_population": 1485.5, "est_elderly": 258.1, "shelter_capacity_within_500m": 2852.7, "building_form_group": "high_floor_low_density", "dong_name": "신정6동", "top1_feature": "impervious_ratio", "top1_shap": 0.399, "top2_feature": "built_surface_ratio", "top2_shap": 0.3303, "top3_feature": "avg_ground_floor_count", "top3_shap": -0.3014, "priority_score": 48.2997, "priority_rank": 182 }, "geometry": { "type": "Polygon", "coordinates": [ [ [ 126.863521538423868, 37.51156838042494 ], [ 126.863502402858188, 37.513821652839667 ], [ 126.866331122298433, 37.5138368626355 ], [ 126.866350172835809, 37.511583588990234 ], [ 126.863521538423868, 37.51156838042494 ] ] ] } },
{ "type": "Feature", "properties": { "member_grid_ids": ["11470_00324", "11470_00325", "11470_00326", "11470_00371", "11470_00372", "11470_00373", "11470_00420", "11470_00421", "11470_00422"], "display_grid_id": "11470_00072", "gu_code": 11470, "gu_name": "양천구", "source_cell_count": 13, "area_m2": 62500.0, "mean_actual_lst": 41.7286, "mean_actual_anomaly": 3.3268, "seoul_anomaly": 4.675, "pred_anomaly": 2.4586, "pred_anomaly_std": 0.9601, "green_delta_c": -0.6082, "building_ratio": 0.3147, "green_ratio": 0.2758, "ndvi": 0.2312, "impervious_ratio": 0.5004, "built_surface_ratio": 0.5004, "avg_ground_floor_count": 4.2183, "elevation_m": 18.9152, "albedo": 0.1409, "nearest_park_distance_m": 0.0, "park_area_within_500m": 680315.2852, "nearest_stream_distance_m": 656.6584, "est_population_density": 12963.6, "dong_elderly_ratio": 0.2, "dong_avg_age": 43.66, "dong_pop_density": 22662.76, "nearest_shelter_distance_m": 165.8432, "shelter_count_within_500m": 9.24, "est_population": 810.2, "est_elderly": 149.7, "shelter_capacity_within_500m": 1990.0, "building_form_group": "high_floor_low_density", "dong_name": "신정7동", "top1_feature": "building_ratio", "top1_shap": 0.4902, "top2_feature": "impervious_ratio", "top2_shap": 0.3947, "top3_feature": "avg_ground_floor_count", "top3_shap": 0.2161, "priority_score": 73.1916, "priority_rank": 9 }, "geometry": { "type": "Polygon", "coordinates": [ [ [ 126.866350172835809, 37.511583588990234 ], [ 126.866331122298433, 37.5138368626355 ], [ 126.86915984386016, 37.513852004693419 ], [ 126.869178809369004, 37.511598729823056 ], [ 126.866350172835809, 37.511583588990234 ] ] ] } },
{ "type": "Feature", "properties": { "member_grid_ids": ["11470_00326", "11470_00327", "11470_00328", "11470_00373", "11470_00374", "11470_00375", "11470_00423", "11470_00424"], "display_grid_id": "11470_00073", "gu_code": 11470, "gu_name": "양천구", "source_cell_count": 13, "area_m2": 62500.0, "mean_actual_lst": 41.0428, "mean_actual_anomaly": 2.5882, "seoul_anomaly": 3.9365, "pred_anomaly": 1.7279, "pred_anomaly_std": 0.86, "green_delta_c": -0.4791, "building_ratio": 0.2196, "green_ratio": 0.277, "ndvi": 0.2453, "impervious_ratio": 0.5168, "built_surface_ratio": 0.5168, "avg_ground_floor_count": 8.6496, "elevation_m": 20.7241, "albedo": 0.137, "nearest_park_distance_m": 0.0, "park_area_within_500m": 611770.3876, "nearest_stream_distance_m": 458.1032, "est_population_density": 14439.6, "dong_elderly_ratio": 0.1711, "dong_avg_age": 41.884, "dong_pop_density": 23648.344, "nearest_shelter_distance_m": 199.4824, "shelter_count_within_500m": 5.88, "est_population": 902.5, "est_elderly": 145.4, "shelter_capacity_within_500m": 1115.0, "building_form_group": "high_floor_low_density", "dong_name": "신정6동", "top1_feature": "avg_ground_floor_count", "top1_shap": -0.2412, "top2_feature": "impervious_ratio", "top2_shap": 0.385, "top3_feature": "building_ratio", "top3_shap": 0.3343, "priority_score": 69.049, "priority_rank": 31 }, "geometry": { "type": "Polygon", "coordinates": [ [ [ 126.869178809369004, 37.511598729823056 ], [ 126.86915984386016, 37.513852004693419 ], [ 126.871988567533919, 37.513867079013224 ], [ 126.872007448013989, 37.511613802923257 ], [ 126.869178809369004, 37.511598729823056 ] ] ] } },
{ "type": "Feature", "properties": { "member_grid_ids": ["11470_00329", "11470_00330", "11470_00331", "11470_00376", "11470_00377", "11470_00378", "11470_00425", "11470_00426", "11470_00427"], "display_grid_id": "11470_00074", "gu_code": 11470, "gu_name": "양천구", "source_cell_count": 12, "area_m2": 61283.85, "mean_actual_lst": 41.0973, "mean_actual_anomaly": 2.5456, "seoul_anomaly": 3.8939, "pred_anomaly": 1.9122, "pred_anomaly_std": 0.9024, "green_delta_c": -0.3896, "building_ratio": 0.1706, "green_ratio": 0.2567, "ndvi": 0.2011, "impervious_ratio": 0.4974, "built_surface_ratio": 0.4974, "avg_ground_floor_count": 6.4846, "elevation_m": 14.4876, "albedo": 0.1422, "nearest_park_distance_m": 0.0, "park_area_within_500m": 446922.8826, "nearest_stream_distance_m": 245.7402, "est_population_density": 14340.2387, "dong_elderly_ratio": 0.1518, "dong_avg_age": 40.7, "dong_pop_density": 24305.4, "nearest_shelter_distance_m": 315.0583, "shelter_count_within_500m": 3.5502, "est_population": 878.8, "est_elderly": 133.4, "shelter_capacity_within_500m": 784.7, "building_form_group": "high_floor_low_density", "dong_name": "신정6동", "top1_feature": "impervious_ratio", "top1_shap": 0.4966, "top2_feature": "built_surface_ratio", "top2_shap": 0.3649, "top3_feature": "building_ratio", "top3_shap": 0.1949, "priority_score": 68.5302, "priority_rank": 37 }, "geometry": { "type": "MultiPolygon", "coordinates": [ [ [ [ 126.8748213684365, 37.511628730377687 ], [ 126.87482167, 37.51163116 ], [ 126.8748358706179, 37.511654961674516 ], [ 126.874836088761271, 37.511628808290688 ], [ 126.8748213684365, 37.511628730377687 ] ] ], [ [ [ 126.871988567533919, 37.513867079013224 ], [ 126.874817293310258, 37.513882085594766 ], [ 126.874831986623121, 37.512120611255412 ], [ 126.87482086, 37.51210954 ], [ 126.874341659999985, 37.511636849999988 ], [ 126.874330835019634, 37.511626132991239 ], [ 126.872007448013989, 37.511613802923257 ], [ 126.871988567533919, 37.513867079013224 ] ] ] ] } },
{ "type": "Feature", "properties": { "member_grid_ids": ["11470_00331", "11470_00332", "11470_00378", "11470_00379", "11470_00380", "11470_00428", "11470_00429"], "display_grid_id": "11470_00075", "gu_code": 11470, "gu_name": "양천구", "source_cell_count": 10, "area_m2": 27827.27, "mean_actual_lst": 37.715, "mean_actual_anomaly": -0.8384, "seoul_anomaly": 0.5098, "pred_anomaly": 1.2683, "pred_anomaly_std": 0.8718, "green_delta_c": -0.3093, "building_ratio": 0.2021, "green_ratio": 0.3123, "ndvi": 0.2496, "impervious_ratio": 0.5, "built_surface_ratio": 0.5, "avg_ground_floor_count": 4.2212, "elevation_m": 11.8225, "albedo": 0.1681, "nearest_park_distance_m": 11.8701, "park_area_within_500m": 310610.8184, "nearest_stream_distance_m": 108.9745, "est_population_density": 6372.4636, "dong_elderly_ratio": 0.1518, "dong_avg_age": 40.7, "dong_pop_density": 24306.1228, "nearest_shelter_distance_m": 365.7785, "shelter_count_within_500m": 5.4693, "est_population": 177.3, "est_elderly": 26.9, "shelter_capacity_within_500m": 835.6, "building_form_group": "low_floor_high_density", "dong_name": "신정6동", "top1_feature": "impervious_ratio", "top1_shap": 0.4555, "top2_feature": "built_surface_ratio", "top2_shap": 0.3946, "top3_feature": "building_ratio", "top3_shap": 0.3215, "priority_score": 44.1931, "priority_rank": 215 }, "geometry": { "type": "MultiPolygon", "coordinates": [ [ [ [ 126.8748358706179, 37.511654961674516 ], [ 126.8748874, 37.51174133 ], [ 126.8750131, 37.5118234 ], [ 126.87517992, 37.5118309 ], [ 126.87529364, 37.5117795 ], [ 126.87528519, 37.51175865 ], [ 126.87528573, 37.51175274 ], [ 126.87534674, 37.51173056 ], [ 126.87546107, 37.51163411 ], [ 126.875461867343589, 37.511632118768318 ], [ 126.874836088761271, 37.511628808290688 ], [ 126.8748358706179, 37.511654961674516 ] ] ], [ [ [ 126.877646021179643, 37.513897024437895 ], [ 126.877650441167432, 37.513364752176088 ], [ 126.877636, 37.5133818 ], [ 126.87757348, 37.51346283 ], [ 126.877561790000016, 37.51347943 ], [ 126.87755807, 37.51348421 ], [ 126.877547969999981, 37.51349997 ], [ 126.87752636, 37.51353317 ], [ 126.87751395, 37.513550049999985 ], [ 126.8774858, 37.51358409 ], [ 126.87747465, 37.51359534 ], [ 126.87737485, 37.51366647 ], [ 126.87725545, 37.51372801 ], [ 126.877167770000014, 37.51374340000001 ], [ 126.87694948, 37.51375809 ], [ 126.87680850000001, 37.51373176 ], [ 126.87672704, 37.51371844 ], [ 126.8766481, 37.51368401 ], [ 126.87660343, 37.51365496 ], [ 126.87657609, 37.51362536 ], [ 126.87650018, 37.51356926 ], [ 126.87645507, 37.51349206 ], [ 126.87642231, 37.51342417 ], [ 126.876381330000015, 37.5133053 ], [ 126.87637877, 37.51324843 ], [ 126.87638109, 37.51323632 ], [ 126.876401519999987, 37.51317299 ], [ 126.876418560000019, 37.51312768 ], [ 126.87643312, 37.51308884 ], [ 126.87644042, 37.51305478 ], [ 126.87644737, 37.51302213 ], [ 126.8764488, 37.51301227 ], [ 126.8764454, 37.51293483 ], [ 126.87639382, 37.51281315 ], [ 126.87638413, 37.51279343 ], [ 126.87632685, 37.51269736 ], [ 126.87619955, 37.51252012 ], [ 126.87609633000001, 37.51241837 ], [ 126.87582974, 37.51225224 ], [ 126.875734390000019, 37.51220371 ], [ 126.87559607, 37.51217626 ], [ 126.875435200000013, 37.51219804 ], [ 126.875322880000013, 37.51225508 ], [ 126.87518152, 37.51244949 ], [ 126.87516089, 37.5124244 ], [ 126.875125080000018, 37.51238045 ], [ 126.87509592, 37.51238323 ], [ 126.874831986623121, 37.512120611255412 ], [ 126.874817293310258, 37.513882085594766 ], [ 126.877646021179643, 37.513897024437895 ] ] ] ] } },
{ "type": "Feature", "properties": { "member_grid_ids": ["11470_00381", "11470_00430"], "display_grid_id": "11470_00076", "gu_code": 11470, "gu_name": "양천구", "source_cell_count": 3, "area_m2": 990.66, "mean_actual_lst": 33.74, "mean_actual_anomaly": -4.671, "seoul_anomaly": -3.3227, "pred_anomaly": -4.1624, "pred_anomaly_std": 0.7511, "green_delta_c": -2.6324, "building_ratio": 0.0, "green_ratio": 0.3682, "ndvi": 0.0805, "impervious_ratio": 0.0632, "built_surface_ratio": 0.0632, "avg_ground_floor_count": 0.0, "elevation_m": 10.0, "albedo": 0.1028, "nearest_park_distance_m": 113.3663, "park_area_within_500m": 178944.8655, "nearest_stream_distance_m": 0.0, "est_population_density": 0.0, "dong_elderly_ratio": 0.1625, "dong_avg_age": 40.7, "dong_pop_density": 25086.7, "nearest_shelter_distance_m": 334.4577, "shelter_count_within_500m": 5.26, "est_population": 0.0, "est_elderly": 0.0, "shelter_capacity_within_500m": 322.9, "building_form_group": "no_building", "dong_name": null, "top1_feature": "building_ratio", "top1_shap": -1.8383, "top2_feature": "built_surface_ratio", "top2_shap": -1.0441, "top3_feature": "impervious_ratio", "top3_shap": -1.0406, "priority_score": 40.7997, "priority_rank": 248 }, "geometry": { "type": "Polygon", "coordinates": [ [ [ 126.877646021179643, 37.513897024437895 ], [ 126.877711757394877, 37.513897370793053 ], [ 126.87772896, 37.51381269 ], [ 126.87771333000002, 37.51375637000001 ], [ 126.87772309, 37.5137316 ], [ 126.877803470000018, 37.51364665 ], [ 126.87781852, 37.51362752 ], [ 126.87784989, 37.51357799 ], [ 126.87785485000002, 37.5135673 ], [ 126.87785786, 37.51356083 ], [ 126.877875440000011, 37.51350538 ], [ 126.8778886, 37.51346373 ], [ 126.87789781, 37.51344543 ], [ 126.87790579, 37.51343277 ], [ 126.87792864, 37.51340013 ], [ 126.8779322, 37.51338155 ], [ 126.877906280000019, 37.51334436 ], [ 126.877861290000013, 37.51330039 ], [ 126.87780177, 37.51328174 ], [ 126.87772593, 37.51329152 ], [ 126.87771, 37.51330502 ], [ 126.87768593, 37.51332864 ], [ 126.877656720000019, 37.51335734 ], [ 126.877650441167432, 37.513364752176088 ], [ 126.877646021179643, 37.513897024437895 ] ] ] } },
{ "type": "Feature", "properties": { "member_grid_ids": ["11470_00480", "11470_00481"], "display_grid_id": "11470_00077", "gu_code": 11470, "gu_name": "양천구", "source_cell_count": 4, "area_m2": 6037.86, "mean_actual_lst": 31.5163, "mean_actual_anomaly": -7.3364, "seoul_anomaly": -5.9882, "pred_anomaly": -6.6728, "pred_anomaly_std": 0.6906, "green_delta_c": -0.1828, "building_ratio": 0.0, "green_ratio": 0.7756, "ndvi": 0.5798, "impervious_ratio": 0.0514, "built_surface_ratio": 0.0514, "avg_ground_floor_count": 0.0, "elevation_m": 95.0567, "albedo": 0.1516, "nearest_park_distance_m": 124.2387, "park_area_within_500m": 163102.1875, "nearest_stream_distance_m": 4383.095, "est_population_density": 0.0, "dong_elderly_ratio": 0.2554, "dong_avg_age": 47.6, "dong_pop_density": 15158.5, "nearest_shelter_distance_m": 272.5804, "shelter_count_within_500m": 1.0, "est_population": 0.0, "est_elderly": 0.0, "shelter_capacity_within_500m": 61.2, "building_form_group": "no_building", "dong_name": "신월7동", "top1_feature": "building_ratio", "top1_shap": -1.679, "top2_feature": "impervious_ratio", "top2_shap": -1.1114, "top3_feature": "built_surface_ratio", "top3_shap": -1.0817, "priority_score": 17.889, "priority_rank": 344 }, "geometry": { "type": "Polygon", "coordinates": [ [ [ 126.823880230554693, 37.5158548570436 ], [ 126.823891345127194, 37.514622907343153 ], [ 126.82379566, 37.51466372 ], [ 126.82340103, 37.51495341 ], [ 126.823190802223792, 37.515850908403962 ], [ 126.823880230554693, 37.5158548570436 ] ] ] } },
{ "type": "Feature", "properties": { "member_grid_ids": ["11470_00382", "11470_00383", "11470_00384", "11470_00431", "11470_00432", "11470_00433", "11470_00481", "11470_00482", "11470_00483"], "display_grid_id": "11470_00078", "gu_code": 11470, "gu_name": "양천구", "source_cell_count": 13, "area_m2": 58978.66, "mean_actual_lst": 33.455, "mean_actual_anomaly": -5.1709, "seoul_anomaly": -3.8226, "pred_anomaly": -3.5841, "pred_anomaly_std": 0.9423, "green_delta_c": -0.5399, "building_ratio": 0.0783, "green_ratio": 0.6069, "ndvi": 0.4705, "impervious_ratio": 0.1973, "built_surface_ratio": 0.1973, "avg_ground_floor_count": 4.7505, "elevation_m": 73.2449, "albedo": 0.1421, "nearest_park_distance_m": 38.8822, "park_area_within_500m": 222116.8326, "nearest_stream_distance_m": 4241.4692, "est_population_density": 7170.39, "dong_elderly_ratio": 0.2273, "dong_avg_age": 45.6078, "dong_pop_density": 16287.2557, "nearest_shelter_distance_m": 157.7428, "shelter_count_within_500m": 2.1021, "est_population": 422.9, "est_elderly": 79.9, "shelter_capacity_within_500m": 433.1, "building_form_group": "no_building", "dong_name": "신월7동", "top1_feature": "building_ratio", "top1_shap": -0.7495, "top2_feature": "nearest_stream_distance_m", "top2_shap": -0.5091, "top3_feature": "ndvi", "top3_shap": -0.5083, "priority_score": 36.902, "priority_rank": 287 }, "geometry": { "type": "Polygon", "coordinates": [ [ [ 126.823880230554693, 37.5158548570436 ], [ 126.826709004334148, 37.515871016461155 ], [ 126.826729247498335, 37.513617761413471 ], [ 126.824313031883591, 37.513603963662334 ], [ 126.824298880000015, 37.51366775000001 ], [ 126.824255460000018, 37.5144676 ], [ 126.823891345127194, 37.514622907343153 ], [ 126.823880230554693, 37.5158548570436 ] ] ] } },
{ "type": "Feature", "properties": { "member_grid_ids": ["11470_00385", "11470_00386", "11470_00387", "11470_00434", "11470_00435", "11470_00436", "11470_00484", "11470_00485", "11470_00486"], "display_grid_id": "11470_00079", "gu_code": 11470, "gu_name": "양천구", "source_cell_count": 12, "area_m2": 62500.0, "mean_actual_lst": 35.5547, "mean_actual_anomaly": -2.958, "seoul_anomaly": -1.6098, "pred_anomaly": 0.1423, "pred_anomaly_std": 0.8442, "green_delta_c": -0.2296, "building_ratio": 0.1779, "green_ratio": 0.3025, "ndvi": 0.3101, "impervious_ratio": 0.5059, "built_surface_ratio": 0.5059, "avg_ground_floor_count": 6.2219, "elevation_m": 45.7815, "albedo": 0.131, "nearest_park_distance_m": 0.0, "park_area_within_500m": 362512.7156, "nearest_stream_distance_m": 3999.08, "est_population_density": 13641.6, "dong_elderly_ratio": 0.189, "dong_avg_age": 42.9, "dong_pop_density": 17821.4, "nearest_shelter_distance_m": 115.662, "shelter_count_within_500m": 4.2, "est_population": 852.6, "est_elderly": 161.1, "shelter_capacity_within_500m": 1245.0, "building_form_group": "high_floor_low_density", "dong_name": "신정3동", "top1_feature": "impervious_ratio", "top1_shap": 0.4706, "top2_feature": "ndvi", "top2_shap": -0.4166, "top3_feature": "nearest_stream_distance_m", "top3_shap": -0.2118, "priority_score": 31.1527, "priority_rank": 329 }, "geometry": { "type": "Polygon", "coordinates": [ [ [ 126.826729247498335, 37.513617761413471 ], [ 126.826709004334148, 37.515871016461155 ], [ 126.829537780367872, 37.515887108137555 ], [ 126.829557938497672, 37.513633851787993 ], [ 126.826729247498335, 37.513617761413471 ] ] ] } },
{ "type": "Feature", "properties": { "member_grid_ids": ["11470_00388", "11470_00389", "11470_00436", "11470_00437", "11470_00438", "11470_00486", "11470_00487", "11470_00488"], "display_grid_id": "11470_00080", "gu_code": 11470, "gu_name": "양천구", "source_cell_count": 12, "area_m2": 62500.0, "mean_actual_lst": 36.6094, "mean_actual_anomaly": -1.6611, "seoul_anomaly": -0.3128, "pred_anomaly": 1.074, "pred_anomaly_std": 0.9015, "green_delta_c": -0.3352, "building_ratio": 0.1853, "green_ratio": 0.2648, "ndvi": 0.2366, "impervious_ratio": 0.5224, "built_surface_ratio": 0.5224, "avg_ground_floor_count": 5.6486, "elevation_m": 40.0002, "albedo": 0.1338, "nearest_park_distance_m": 0.8576, "park_area_within_500m": 457134.8732, "nearest_stream_distance_m": 3768.8152, "est_population_density": 10893.6, "dong_elderly_ratio": 0.189, "dong_avg_age": 42.9, "dong_pop_density": 17821.4, "nearest_shelter_distance_m": 115.1404, "shelter_count_within_500m": 6.2, "est_population": 680.9, "est_elderly": 128.8, "shelter_capacity_within_500m": 1891.5, "building_form_group": "high_floor_low_density", "dong_name": "신정3동", "top1_feature": "impervious_ratio", "top1_shap": 0.4723, "top2_feature": "built_surface_ratio", "top2_shap": 0.2931, "top3_feature": "building_ratio", "top3_shap": 0.2675, "priority_score": 37.8098, "priority_rank": 279 }, "geometry": { "type": "Polygon", "coordinates": [ [ [ 126.829557938497672, 37.513633851787993 ], [ 126.829537780367872, 37.515887108137555 ], [ 126.832366558646456, 37.515903132072623 ], [ 126.832386631741556, 37.513649874426662 ], [ 126.829557938497672, 37.513633851787993 ] ] ] } },
{ "type": "Feature", "properties": { "member_grid_ids": ["11470_00390", "11470_00391", "11470_00392", "11470_00439", "11470_00440", "11470_00441", "11470_00489", "11470_00490", "11470_00491"], "display_grid_id": "11470_00081", "gu_code": 11470, "gu_name": "양천구", "source_cell_count": 14, "area_m2": 62500.0, "mean_actual_lst": 35.8651, "mean_actual_anomaly": -2.0549, "seoul_anomaly": -0.7067, "pred_anomaly": 0.3423, "pred_anomaly_std": 0.9262, "green_delta_c": -0.4261, "building_ratio": 0.1576, "green_ratio": 0.3399, "ndvi": 0.3003, "impervious_ratio": 0.4825, "built_surface_ratio": 0.4825, "avg_ground_floor_count": 4.0541, "elevation_m": 45.8247, "albedo": 0.1381, "nearest_park_distance_m": 30.2408, "park_area_within_500m": 443058.78, "nearest_stream_distance_m": 3519.404, "est_population_density": 4017.2, "dong_elderly_ratio": 0.1877, "dong_avg_age": 42.732, "dong_pop_density": 18796.416, "nearest_shelter_distance_m": 133.3688, "shelter_count_within_500m": 9.36, "est_population": 251.1, "est_elderly": 47.4, "shelter_capacity_within_500m": 2779.3, "building_form_group": "high_floor_low_density", "dong_name": "신정3동", "top1_feature": "ndvi", "top1_shap": -0.4416, "top2_feature": "impervious_ratio", "top2_shap": 0.4262, "top3_feature": "built_surface_ratio", "top3_shap": 0.3009, "priority_score": 37.7233, "priority_rank": 280 }, "geometry": { "type": "Polygon", "coordinates": [ [ [ 126.832386631741556, 37.513649874426662 ], [ 126.832366558646456, 37.515903132072623 ], [ 126.835195339160393, 37.515919088266216 ], [ 126.835215327220567, 37.513665829329334 ], [ 126.832386631741556, 37.513649874426662 ] ] ] } },
{ "type": "Feature", "properties": { "member_grid_ids": ["11470_00393", "11470_00394", "11470_00441", "11470_00442", "11470_00443", "11470_00491", "11470_00492", "11470_00493"], "display_grid_id": "11470_00082", "gu_code": 11470, "gu_name": "양천구", "source_cell_count": 14, "area_m2": 62500.0, "mean_actual_lst": 34.8497, "mean_actual_anomaly": -3.4811, "seoul_anomaly": -2.1328, "pred_anomaly": -2.3186, "pred_anomaly_std": 0.9901, "green_delta_c": -0.6792, "building_ratio": 0.1246, "green_ratio": 0.5658, "ndvi": 0.3862, "impervious_ratio": 0.221, "built_surface_ratio": 0.221, "avg_ground_floor_count": 4.1587, "elevation_m": 43.6034, "albedo": 0.1243, "nearest_park_distance_m": 58.5704, "park_area_within_500m": 372285.832, "nearest_stream_distance_m": 3289.2336, "est_population_density": 5933.2, "dong_elderly_ratio": 0.1769, "dong_avg_age": 41.388, "dong_pop_density": 26596.544, "nearest_shelter_distance_m": 105.3832, "shelter_count_within_500m": 10.96, "est_population": 370.8, "est_elderly": 66.8, "shelter_capacity_within_500m": 3057.8, "building_form_group": "high_floor_low_density", "dong_name": "신월6동", "top1_feature": "green_ratio", "top1_shap": -0.886, "top2_feature": "building_ratio", "top2_shap": -0.3008, "top3_feature": "ndvi", "top3_shap": -0.6158, "priority_score": 35.5404, "priority_rank": 301 }, "geometry": { "type": "Polygon", "coordinates": [ [ [ 126.835215327220567, 37.513665829329334 ], [ 126.835195339160393, 37.515919088266216 ], [ 126.838024121900204, 37.515934976718142 ], [ 126.838044024925196, 37.513681716495832 ], [ 126.835215327220567, 37.513665829329334 ] ] ] } },
{ "type": "Feature", "properties": { "member_grid_ids": ["11470_00395", "11470_00396", "11470_00397", "11470_00444", "11470_00445", "11470_00446", "11470_00494", "11470_00495", "11470_00496"], "display_grid_id": "11470_00083", "gu_code": 11470, "gu_name": "양천구", "source_cell_count": 10, "area_m2": 62500.0, "mean_actual_lst": 38.5155, "mean_actual_anomaly": -0.1102, "seoul_anomaly": 1.238, "pred_anomaly": 1.3388, "pred_anomaly_std": 0.8373, "green_delta_c": -0.3048, "building_ratio": 0.2091, "green_ratio": 0.2968, "ndvi": 0.1836, "impervious_ratio": 0.3449, "built_surface_ratio": 0.3449, "avg_ground_floor_count": 6.0572, "elevation_m": 27.5902, "albedo": 0.1325, "nearest_park_distance_m": 28.4108, "park_area_within_500m": 301367.6172, "nearest_stream_distance_m": 3039.95, "est_population_density": 17621.6, "dong_elderly_ratio": 0.1722, "dong_avg_age": 40.8, "dong_pop_density": 30009.1, "nearest_shelter_distance_m": 137.3684, "shelter_count_within_500m": 14.04, "est_population": 1101.4, "est_elderly": 189.7, "shelter_capacity_within_500m": 3443.5, "building_form_group": "low_floor_low_density", "dong_name": "신월6동", "top1_feature": "ndvi", "top1_shap": 0.2332, "top2_feature": "impervious_ratio", "top2_shap": 0.2909, "top3_feature": "nearest_stream_distance_m", "top3_shap": -0.2162, "priority_score": 43.7392, "priority_rank": 218 }, "geometry": { "type": "Polygon", "coordinates": [ [ [ 126.838044024925196, 37.513681716495832 ], [ 126.838024121900204, 37.515934976718142 ], [ 126.840852906856469, 37.515950797428268 ], [ 126.84087272484598, 37.513697535925999 ], [ 126.838044024925196, 37.513681716495832 ] ] ] } },
{ "type": "Feature", "properties": { "member_grid_ids": ["11470_00398", "11470_00399", "11470_00446", "11470_00447", "11470_00448", "11470_00496", "11470_00497", "11470_00498"], "display_grid_id": "11470_00084", "gu_code": 11470, "gu_name": "양천구", "source_cell_count": 9, "area_m2": 62500.0, "mean_actual_lst": 36.4083, "mean_actual_anomaly": -2.1343, "seoul_anomaly": -0.7861, "pred_anomaly": -0.0538, "pred_anomaly_std": 0.7817, "green_delta_c": -0.0897, "building_ratio": 0.1768, "green_ratio": 0.2879, "ndvi": 0.2048, "impervious_ratio": 0.4404, "built_surface_ratio": 0.4404, "avg_ground_floor_count": 16.9774, "elevation_m": 27.8603, "albedo": 0.1066, "nearest_park_distance_m": 88.4404, "park_area_within_500m": 231781.71, "nearest_stream_distance_m": 2809.914, "est_population_density": 50794.4, "dong_elderly_ratio": 0.1722, "dong_avg_age": 40.8, "dong_pop_density": 30009.1, "nearest_shelter_distance_m": 76.2196, "shelter_count_within_500m": 13.64, "est_population": 3174.6, "est_elderly": 546.7, "shelter_capacity_within_500m": 3064.0, "building_form_group": "high_floor_low_density", "dong_name": "신월6동", "top1_feature": "avg_ground_floor_count", "top1_shap": -0.6101, "top2_feature": "ndvi", "top2_shap": 0.026, "top3_feature": "impervious_ratio", "top3_shap": 0.3241, "priority_score": 37.8386, "priority_rank": 278 }, "geometry": { "type": "Polygon", "coordinates": [ [ [ 126.84087272484598, 37.513697535925999 ], [ 126.840852906856469, 37.515950797428268 ], [ 126.843681694019679, 37.515966550396406 ], [ 126.843701426973482, 37.513713287619659 ], [ 126.84087272484598, 37.513697535925999 ] ] ] } },
{ "type": "Feature", "properties": { "member_grid_ids": ["11470_00400", "11470_00401", "11470_00402", "11470_00449", "11470_00450", "11470_00451", "11470_00499", "11470_00500", "11470_00501"], "display_grid_id": "11470_00085", "gu_code": 11470, "gu_name": "양천구", "source_cell_count": 15, "area_m2": 62500.0, "mean_actual_lst": 33.668, "mean_actual_anomaly": -4.9411, "seoul_anomaly": -3.5929, "pred_anomaly": -3.4254, "pred_anomaly_std": 0.8063, "green_delta_c": -0.6952, "building_ratio": 0.0233, "green_ratio": 0.6241, "ndvi": 0.4464, "impervious_ratio": 0.2044, "built_surface_ratio": 0.2044, "avg_ground_floor_count": 10.3074, "elevation_m": 45.2217, "albedo": 0.1285, "nearest_park_distance_m": 159.6444, "park_area_within_500m": 164679.3664, "nearest_stream_distance_m": 2561.2648, "est_population_density": 5692.0, "dong_elderly_ratio": 0.1769, "dong_avg_age": 41.388, "dong_pop_density": 26596.544, "nearest_shelter_distance_m": 202.856, "shelter_count_within_500m": 14.08, "est_population": 355.8, "est_elderly": 61.2, "shelter_capacity_within_500m": 3261.3, "building_form_group": "no_building", "dong_name": "신월6동", "top1_feature": "building_ratio", "top1_shap": -0.7737, "top2_feature": "green_ratio", "top2_shap": -0.7352, "top3_feature": "ndvi", "top3_shap": -0.4244, "priority_score": 41.023, "priority_rank": 243 }, "geometry": { "type": "Polygon", "coordinates": [ [ [ 126.843701426973482, 37.513713287619659 ], [ 126.843681694019679, 37.515966550396406 ], [ 126.846510483380357, 37.515982235622396 ], [ 126.846530131298195, 37.513728971576661 ], [ 126.843701426973482, 37.513713287619659 ] ] ] } },
{ "type": "Feature", "properties": { "member_grid_ids": ["11470_00403", "11470_00404", "11470_00451", "11470_00452", "11470_00453", "11470_00501", "11470_00502", "11470_00503"], "display_grid_id": "11470_00086", "gu_code": 11470, "gu_name": "양천구", "source_cell_count": 14, "area_m2": 62500.0, "mean_actual_lst": 32.9538, "mean_actual_anomaly": -5.4241, "seoul_anomaly": -4.0758, "pred_anomaly": -4.9739, "pred_anomaly_std": 0.925, "green_delta_c": -0.5718, "building_ratio": 0.0384, "green_ratio": 0.7396, "ndvi": 0.4863, "impervious_ratio": 0.0732, "built_surface_ratio": 0.0732, "avg_ground_floor_count": 1.8813, "elevation_m": 66.1449, "albedo": 0.1267, "nearest_park_distance_m": 108.3196, "park_area_within_500m": 179906.9408, "nearest_stream_distance_m": 2332.9704, "est_population_density": 836.8, "dong_elderly_ratio": 0.185, "dong_avg_age": 42.396, "dong_pop_density": 20746.448, "nearest_shelter_distance_m": 233.204, "shelter_count_within_500m": 11.52, "est_population": 52.3, "est_elderly": 9.7, "shelter_capacity_within_500m": 2939.3, "building_form_group": "no_building", "dong_name": "신정3동", "top1_feature": "building_ratio", "top1_shap": -1.1507, "top2_feature": "built_surface_ratio", "top2_shap": -0.8019, "top3_feature": "impervious_ratio", "top3_shap": -0.752, "priority_score": 37.0605, "priority_rank": 284 }, "geometry": { "type": "Polygon", "coordinates": [ [ [ 126.846530131298195, 37.513728971576661 ], [ 126.846510483380357, 37.515982235622396 ], [ 126.849339274929079, 37.515997853106086 ], [ 126.849358837810698, 37.513744587796836 ], [ 126.846530131298195, 37.513728971576661 ] ] ] } },
{ "type": "Feature", "properties": { "member_grid_ids": ["11470_00405", "11470_00406", "11470_00407", "11470_00454", "11470_00455", "11470_00456", "11470_00504", "11470_00505", "11470_00506"], "display_grid_id": "11470_00087", "gu_code": 11470, "gu_name": "양천구", "source_cell_count": 10, "area_m2": 62500.0, "mean_actual_lst": 34.3353, "mean_actual_anomaly": -3.8195, "seoul_anomaly": -2.4713, "pred_anomaly": -3.4415, "pred_anomaly_std": 0.9272, "green_delta_c": -0.4411, "building_ratio": 0.1166, "green_ratio": 0.6531, "ndvi": 0.4298, "impervious_ratio": 0.1086, "built_surface_ratio": 0.1086, "avg_ground_floor_count": 1.7474, "elevation_m": 50.0174, "albedo": 0.1256, "nearest_park_distance_m": 58.5176, "park_area_within_500m": 290189.8092, "nearest_stream_distance_m": 2088.148, "est_population_density": 2935.6, "dong_elderly_ratio": 0.189, "dong_avg_age": 42.9, "dong_pop_density": 17821.4, "nearest_shelter_distance_m": 170.2096, "shelter_count_within_500m": 9.92, "est_population": 183.5, "est_elderly": 34.7, "shelter_capacity_within_500m": 4600.5, "building_form_group": "no_building", "dong_name": "신정3동", "top1_feature": "building_ratio", "top1_shap": -0.6641, "top2_feature": "impervious_ratio", "top2_shap": -0.4911, "top3_feature": "green_ratio", "top3_shap": -0.4819, "priority_score": 34.1787, "priority_rank": 310 }, "geometry": { "type": "Polygon", "coordinates": [ [ [ 126.849358837810698, 37.513744587796836 ], [ 126.849339274929079, 37.515997853106086 ], [ 126.852168068656368, 37.5160134028473 ], [ 126.852187546501469, 37.51376013628002 ], [ 126.849358837810698, 37.513744587796836 ] ] ] } },
{ "type": "Feature", "properties": { "member_grid_ids": ["11470_00408", "11470_00409", "11470_00456", "11470_00457", "11470_00458", "11470_00506", "11470_00507", "11470_00508"], "display_grid_id": "11470_00088", "gu_code": 11470, "gu_name": "양천구", "source_cell_count": 15, "area_m2": 62500.0, "mean_actual_lst": 36.0741, "mean_actual_anomaly": -2.3806, "seoul_anomaly": -1.0323, "pred_anomaly": -1.1059, "pred_anomaly_std": 0.817, "green_delta_c": -0.3369, "building_ratio": 0.1424, "green_ratio": 0.4255, "ndvi": 0.3073, "impervious_ratio": 0.3284, "built_surface_ratio": 0.3284, "avg_ground_floor_count": 7.218, "elevation_m": 36.264, "albedo": 0.1336, "nearest_park_distance_m": 26.3096, "park_area_within_500m": 432975.9788, "nearest_stream_distance_m": 1865.7008, "est_population_density": 13266.0, "dong_elderly_ratio": 0.189, "dong_avg_age": 42.9, "dong_pop_density": 17821.4, "nearest_shelter_distance_m": 109.7288, "shelter_count_within_500m": 9.6, "est_population": 829.1, "est_elderly": 156.7, "shelter_capacity_within_500m": 5148.5, "building_form_group": "high_floor_low_density", "dong_name": "신정3동", "top1_feature": "green_ratio", "top1_shap": -0.4703, "top2_feature": "ndvi", "top2_shap": -0.3334, "top3_feature": "impervious_ratio", "top3_shap": 0.1586, "priority_score": 32.3343, "priority_rank": 324 }, "geometry": { "type": "Polygon", "coordinates": [ [ [ 126.852187546501469, 37.51376013628002 ], [ 126.852168068656368, 37.5160134028473 ], [ 126.854996864552703, 37.516028884845895 ], [ 126.855016257361086, 37.513775617026049 ], [ 126.852187546501469, 37.51376013628002 ] ] ] } },
{ "type": "Feature", "properties": { "member_grid_ids": ["11470_00410", "11470_00411", "11470_00412", "11470_00459", "11470_00460", "11470_00461", "11470_00509", "11470_00510", "11470_00511"], "display_grid_id": "11470_00089", "gu_code": 11470, "gu_name": "양천구", "source_cell_count": 13, "area_m2": 62500.0, "mean_actual_lst": 38.2882, "mean_actual_anomaly": -0.3821, "seoul_anomaly": 0.9661, "pred_anomaly": 0.4533, "pred_anomaly_std": 0.8136, "green_delta_c": -0.2728, "building_ratio": 0.0991, "green_ratio": 0.2906, "ndvi": 0.2852, "impervious_ratio": 0.5109, "built_surface_ratio": 0.5109, "avg_ground_floor_count": 7.661, "elevation_m": 23.9525, "albedo": 0.1362, "nearest_park_distance_m": 16.8064, "park_area_within_500m": 575902.9468, "nearest_stream_distance_m": 1630.3568, "est_population_density": 10321.6, "dong_elderly_ratio": 0.1794, "dong_avg_age": 41.8, "dong_pop_density": 24474.364, "nearest_shelter_distance_m": 135.92, "shelter_count_within_500m": 9.76, "est_population": 645.1, "est_elderly": 116.2, "shelter_capacity_within_500m": 4775.3, "building_form_group": "high_floor_low_density", "dong_name": "신정1동", "top1_feature": "impervious_ratio", "top1_shap": 0.4555, "top2_feature": "ndvi", "top2_shap": -0.3447, "top3_feature": "built_surface_ratio", "top3_shap": 0.2602, "priority_score": 40.353, "priority_rank": 256 }, "geometry": { "type": "Polygon", "coordinates": [ [ [ 126.855016257361086, 37.513775617026049 ], [ 126.854996864552703, 37.516028884845895 ], [ 126.857825662608676, 37.516044299101701 ], [ 126.857844970380057, 37.513791030034774 ], [ 126.855016257361086, 37.513775617026049 ] ] ] } },
{ "type": "Feature", "properties": { "member_grid_ids": ["11470_00413", "11470_00414", "11470_00461", "11470_00462", "11470_00463", "11470_00511", "11470_00512", "11470_00513"], "display_grid_id": "11470_00090", "gu_code": 11470, "gu_name": "양천구", "source_cell_count": 11, "area_m2": 62500.0, "mean_actual_lst": 37.5197, "mean_actual_anomaly": -1.1134, "seoul_anomaly": 0.2349, "pred_anomaly": 0.4608, "pred_anomaly_std": 0.7118, "green_delta_c": -0.1689, "building_ratio": 0.1648, "green_ratio": 0.256, "ndvi": 0.2307, "impervious_ratio": 0.5124, "built_surface_ratio": 0.5124, "avg_ground_floor_count": 11.8332, "elevation_m": 18.5879, "albedo": 0.1177, "nearest_park_distance_m": 0.0, "park_area_within_500m": 692767.2988, "nearest_stream_distance_m": 1420.744, "est_population_density": 19415.2, "dong_elderly_ratio": 0.1997, "dong_avg_age": 43.408, "dong_pop_density": 23282.788, "nearest_shelter_distance_m": 116.1784, "shelter_count_within_500m": 9.12, "est_population": 1213.4, "est_elderly": 233.2, "shelter_capacity_within_500m": 3704.2, "building_form_group": "high_floor_low_density", "dong_name": "신정7동", "top1_feature": "impervious_ratio", "top1_shap": 0.4307, "top2_feature": "avg_ground_floor_count", "top2_shap": -0.355, "top3_feature": "built_surface_ratio", "top3_shap": 0.2745, "priority_score": 36.9524, "priority_rank": 286 }, "geometry": { "type": "Polygon", "coordinates": [ [ [ 126.857844970380057, 37.513791030034774 ], [ 126.857825662608676, 37.516044299101701 ], [ 126.860654462814793, 37.516059645614554 ], [ 126.860673685548903, 37.513806375306039 ], [ 126.857844970380057, 37.513791030034774 ] ] ] } },
{ "type": "Feature", "properties": { "member_grid_ids": ["11470_00415", "11470_00416", "11470_00417", "11470_00464", "11470_00465", "11470_00466", "11470_00514", "11470_00515", "11470_00516"], "display_grid_id": "11470_00091", "gu_code": 11470, "gu_name": "양천구", "source_cell_count": 12, "area_m2": 62500.0, "mean_actual_lst": 37.786, "mean_actual_anomaly": -0.7411, "seoul_anomaly": 0.6072, "pred_anomaly": 0.4378, "pred_anomaly_std": 0.6658, "green_delta_c": -0.1583, "building_ratio": 0.2187, "green_ratio": 0.2837, "ndvi": 0.1817, "impervious_ratio": 0.3053, "built_surface_ratio": 0.3053, "avg_ground_floor_count": 12.6442, "elevation_m": 18.8704, "albedo": 0.1123, "nearest_park_distance_m": 0.0, "park_area_within_500m": 771725.2968, "nearest_stream_distance_m": 1203.9752, "est_population_density": 24185.6, "dong_elderly_ratio": 0.2, "dong_avg_age": 43.66, "dong_pop_density": 22662.76, "nearest_shelter_distance_m": 140.5472, "shelter_count_within_500m": 9.16, "est_population": 1511.6, "est_elderly": 294.2, "shelter_capacity_within_500m": 2332.8, "building_form_group": "high_floor_low_density", "dong_name": "신정7동", "top1_feature": "avg_ground_floor_count", "top1_shap": -0.4549, "top2_feature": "ndvi", "top2_shap": 0.1689, "top3_feature": "building_ratio", "top3_shap": 0.2694, "priority_score": 39.9423, "priority_rank": 259 }, "geometry": { "type": "Polygon", "coordinates": [ [ [ 126.860673685548903, 37.513806375306039 ], [ 126.860654462814793, 37.516059645614554 ], [ 126.863483265161577, 37.516074924384284 ], [ 126.863502402858188, 37.513821652839667 ], [ 126.860673685548903, 37.513806375306039 ] ] ] } },
{ "type": "Feature", "properties": { "member_grid_ids": ["11470_00418", "11470_00419", "11470_00466", "11470_00467", "11470_00468", "11470_00516", "11470_00517", "11470_00518"], "display_grid_id": "11470_00092", "gu_code": 11470, "gu_name": "양천구", "source_cell_count": 12, "area_m2": 62500.0, "mean_actual_lst": 38.0455, "mean_actual_anomaly": -0.6005, "seoul_anomaly": 0.7478, "pred_anomaly": 1.0324, "pred_anomaly_std": 0.744, "green_delta_c": -0.2329, "building_ratio": 0.1948, "green_ratio": 0.24, "ndvi": 0.2077, "impervious_ratio": 0.4784, "built_surface_ratio": 0.4784, "avg_ground_floor_count": 8.5476, "elevation_m": 17.9198, "albedo": 0.1275, "nearest_park_distance_m": 0.0, "park_area_within_500m": 778698.6472, "nearest_stream_distance_m": 1006.7232, "est_population_density": 26775.2, "dong_elderly_ratio": 0.1518, "dong_avg_age": 40.7, "dong_pop_density": 24305.4, "nearest_shelter_distance_m": 108.5464, "shelter_count_within_500m": 8.84, "est_population": 1673.5, "est_elderly": 254.0, "shelter_capacity_within_500m": 2264.8, "building_form_group": "high_floor_low_density", "dong_name": "신정6동", "top1_feature": "impervious_ratio", "top1_shap": 0.4443, "top2_feature": "built_surface_ratio", "top2_shap": 0.3664, "top3_feature": "ndvi", "top3_shap": -0.0712, "priority_score": 43.3429, "priority_rank": 221 }, "geometry": { "type": "Polygon", "coordinates": [ [ [ 126.863502402858188, 37.513821652839667 ], [ 126.863483265161577, 37.516074924384284 ], [ 126.866312069639562, 37.516090135410778 ], [ 126.866331122298433, 37.5138368626355 ], [ 126.863502402858188, 37.513821652839667 ] ] ] } },
{ "type": "Feature", "properties": { "member_grid_ids": ["11470_00420", "11470_00421", "11470_00422", "11470_00469", "11470_00470", "11470_00471", "11470_00519", "11470_00520", "11470_00521"], "display_grid_id": "11470_00093", "gu_code": 11470, "gu_name": "양천구", "source_cell_count": 14, "area_m2": 62500.0, "mean_actual_lst": 37.9456, "mean_actual_anomaly": -0.8773, "seoul_anomaly": 0.471, "pred_anomaly": 0.269, "pred_anomaly_std": 0.6835, "green_delta_c": -0.2391, "building_ratio": 0.102, "green_ratio": 0.2943, "ndvi": 0.2621, "impervious_ratio": 0.4365, "built_surface_ratio": 0.4365, "avg_ground_floor_count": 13.0044, "elevation_m": 17.6561, "albedo": 0.1166, "nearest_park_distance_m": 0.0, "park_area_within_500m": 738078.9524, "nearest_stream_distance_m": 791.0936, "est_population_density": 22755.6, "dong_elderly_ratio": 0.1518, "dong_avg_age": 40.7, "dong_pop_density": 24305.4, "nearest_shelter_distance_m": 157.62, "shelter_count_within_500m": 9.4, "est_population": 1422.2, "est_elderly": 215.9, "shelter_capacity_within_500m": 2305.0, "building_form_group": "high_floor_low_density", "dong_name": "신정6동", "top1_feature": "impervious_ratio", "top1_shap": 0.4108, "top2_feature": "avg_ground_floor_count", "top2_shap": -0.3921, "top3_feature": "built_surface_ratio", "top3_shap": 0.326, "priority_score": 41.4049, "priority_rank": 239 }, "geometry": { "type": "Polygon", "coordinates": [ [ [ 126.866331122298433, 37.5138368626355 ], [ 126.866312069639562, 37.516090135410778 ], [ 126.869140876239314, 37.516105278693836 ], [ 126.86915984386016, 37.513852004693419 ], [ 126.866331122298433, 37.5138368626355 ] ] ] } },
{ "type": "Feature", "properties": { "member_grid_ids": ["11470_00423", "11470_00424", "11470_00471", "11470_00472", "11470_00473", "11470_00521", "11470_00522", "11470_00523"], "display_grid_id": "11470_00094", "gu_code": 11470, "gu_name": "양천구", "source_cell_count": 12, "area_m2": 62500.0, "mean_actual_lst": 38.1547, "mean_actual_anomaly": -0.6723, "seoul_anomaly": 0.6759, "pred_anomaly": 0.8555, "pred_anomaly_std": 0.7521, "green_delta_c": -0.2277, "building_ratio": 0.1087, "green_ratio": 0.2687, "ndvi": 0.233, "impervious_ratio": 0.5319, "built_surface_ratio": 0.5319, "avg_ground_floor_count": 11.9128, "elevation_m": 20.0862, "albedo": 0.1159, "nearest_park_distance_m": 0.0, "park_area_within_500m": 656541.1396, "nearest_stream_distance_m": 591.6424, "est_population_density": 21918.0, "dong_elderly_ratio": 0.1518, "dong_avg_age": 40.7, "dong_pop_density": 24305.4, "nearest_shelter_distance_m": 112.1552, "shelter_count_within_500m": 7.8, "est_population": 1369.9, "est_elderly": 207.9, "shelter_capacity_within_500m": 1627.0, "building_form_group": "high_floor_low_density", "dong_name": "신정6동", "top1_feature": "impervious_ratio", "top1_shap": 0.4554, "top2_feature": "avg_ground_floor_count", "top2_shap": -0.4449, "top3_feature": "built_surface_ratio", "top3_shap": 0.4094, "priority_score": 39.6614, "priority_rank": 262 }, "geometry": { "type": "Polygon", "coordinates": [ [ [ 126.86915984386016, 37.513852004693419 ], [ 126.869140876239314, 37.516105278693836 ], [ 126.871969684951324, 37.516120354233301 ], [ 126.871988567533919, 37.513867079013224 ], [ 126.86915984386016, 37.513852004693419 ] ] ] } },
{ "type": "Feature", "properties": { "member_grid_ids": ["11470_00425", "11470_00426", "11470_00427", "11470_00474", "11470_00475", "11470_00476", "11470_00524", "11470_00525", "11470_00526"], "display_grid_id": "11470_00095", "gu_code": 11470, "gu_name": "양천구", "source_cell_count": 13, "area_m2": 62500.0, "mean_actual_lst": 37.8421, "mean_actual_anomaly": -0.9863, "seoul_anomaly": 0.3619, "pred_anomaly": 0.8485, "pred_anomaly_std": 0.7704, "green_delta_c": -0.298, "building_ratio": 0.1029, "green_ratio": 0.2742, "ndvi": 0.2598, "impervious_ratio": 0.5133, "built_surface_ratio": 0.5133, "avg_ground_floor_count": 13.8041, "elevation_m": 23.4487, "albedo": 0.1101, "nearest_park_distance_m": 0.0, "park_area_within_500m": 445209.088, "nearest_stream_distance_m": 375.024, "est_population_density": 25222.8, "dong_elderly_ratio": 0.1554, "dong_avg_age": 41.012, "dong_pop_density": 26822.28, "nearest_shelter_distance_m": 183.38, "shelter_count_within_500m": 8.0, "est_population": 1576.4, "est_elderly": 245.2, "shelter_capacity_within_500m": 1728.8, "building_form_group": "high_floor_low_density", "dong_name": "신정6동", "top1_feature": "impervious_ratio", "top1_shap": 0.4394, "top2_feature": "avg_ground_floor_count", "top2_shap": -0.4389, "top3_feature": "built_surface_ratio", "top3_shap": 0.3993, "priority_score": 48.1628, "priority_rank": 185 }, "geometry": { "type": "Polygon", "coordinates": [ [ [ 126.871988567533919, 37.513867079013224 ], [ 126.871969684951324, 37.516120354233301 ], [ 126.874798495766129, 37.516135362029047 ], [ 126.874817293310258, 37.513882085594766 ], [ 126.871988567533919, 37.513867079013224 ] ] ] } },
{ "type": "Feature", "properties": { "member_grid_ids": ["11470_00428", "11470_00429", "11470_00476", "11470_00477", "11470_00478", "11470_00526", "11470_00527", "11470_00528"], "display_grid_id": "11470_00096", "gu_code": 11470, "gu_name": "양천구", "source_cell_count": 13, "area_m2": 62327.09, "mean_actual_lst": 37.0773, "mean_actual_anomaly": -1.5444, "seoul_anomaly": -0.1961, "pred_anomaly": 0.1612, "pred_anomaly_std": 0.8105, "green_delta_c": -0.2843, "building_ratio": 0.0975, "green_ratio": 0.3449, "ndvi": 0.2668, "impervious_ratio": 0.4113, "built_surface_ratio": 0.4113, "avg_ground_floor_count": 15.7504, "elevation_m": 19.894, "albedo": 0.1327, "nearest_park_distance_m": 26.3332, "park_area_within_500m": 251014.9549, "nearest_stream_distance_m": 173.8403, "est_population_density": 20495.4448, "dong_elderly_ratio": 0.1601, "dong_avg_age": 41.4264, "dong_pop_density": 30165.3185, "nearest_shelter_distance_m": 206.3737, "shelter_count_within_500m": 7.6044, "est_population": 1277.4, "est_elderly": 204.6, "shelter_capacity_within_500m": 1719.9, "building_form_group": "high_floor_low_density", "dong_name": "신정2동", "top1_feature": "avg_ground_floor_count", "top1_shap": -0.4708, "top2_feature": "impervious_ratio", "top2_shap": 0.373, "top3_feature": "built_surface_ratio", "top3_shap": 0.2307, "priority_score": 42.6657, "priority_rank": 232 }, "geometry": { "type": "Polygon", "coordinates": [ [ [ 126.877646021179643, 37.513897024437895 ], [ 126.874817293310258, 37.513882085594766 ], [ 126.874798495766129, 37.516135362029047 ], [ 126.877627308674278, 37.516150302080895 ], [ 126.877636971416294, 37.514986788599252 ], [ 126.87760123000001, 37.51485546 ], [ 126.87758387, 37.51466314 ], [ 126.877641537757256, 37.514436921390299 ], [ 126.877646021179643, 37.513897024437895 ] ] ] } },
{ "type": "Feature", "properties": { "member_grid_ids": ["11470_00430", "11470_00479", "11470_00529"], "display_grid_id": "11470_00097", "gu_code": 11470, "gu_name": "양천구", "source_cell_count": 6, "area_m2": 2384.62, "mean_actual_lst": 38.0935, "mean_actual_anomaly": -0.163, "seoul_anomaly": 1.1852, "pred_anomaly": -0.0144, "pred_anomaly_std": 1.2326, "green_delta_c": -0.6631, "building_ratio": 0.124, "green_ratio": 0.4819, "ndvi": 0.2006, "impervious_ratio": 0.2259, "built_surface_ratio": 0.2259, "avg_ground_floor_count": 0.0, "elevation_m": 10.6793, "albedo": 0.1788, "nearest_park_distance_m": 133.9025, "park_area_within_500m": 153425.3737, "nearest_stream_distance_m": 89.2489, "est_population_density": 0.0, "dong_elderly_ratio": 0.1664, "dong_avg_age": 41.9186, "dong_pop_density": 34185.0154, "nearest_shelter_distance_m": 195.5971, "shelter_count_within_500m": 8.5506, "est_population": 0.0, "est_elderly": 0.0, "shelter_capacity_within_500m": 521.1, "building_form_group": "low_floor_low_density", "dong_name": "신정2동", "top1_feature": "albedo", "top1_shap": 0.7096, "top2_feature": "green_ratio", "top2_shap": -0.6059, "top3_feature": "ndvi", "top3_shap": 0.3522, "priority_score": 44.2867, "priority_rank": 213 }, "geometry": { "type": "MultiPolygon", "coordinates": [ [ [ [ 126.877641537757256, 37.514436921390299 ], [ 126.87764332, 37.51442993 ], [ 126.87765521, 37.51438334 ], [ 126.87767835, 37.51406182 ], [ 126.877711757394877, 37.513897370793053 ], [ 126.877646021179643, 37.513897024437895 ], [ 126.877641537757256, 37.514436921390299 ] ] ], [ [ [ 126.877957306024427, 37.51615204051113 ], [ 126.87794817000001, 37.51613552 ], [ 126.877823910000018, 37.51560493 ], [ 126.877827640000021, 37.51560043 ], [ 126.87782714, 37.51558128 ], [ 126.877826700000014, 37.51552244 ], [ 126.87784079, 37.51544192 ], [ 126.877806650000011, 37.51535601 ], [ 126.87777524, 37.51522026 ], [ 126.87770951, 37.51510335 ], [ 126.877645150000021, 37.51501684 ], [ 126.877636971416294, 37.514986788599252 ], [ 126.877627308674278, 37.516150302080895 ], [ 126.877957306024427, 37.51615204051113 ] ] ] ] } },
{ "type": "Feature", "properties": { "member_grid_ids": ["11470_00530", "11470_00531"], "display_grid_id": "11470_00098", "gu_code": 11470, "gu_name": "양천구", "source_cell_count": 5, "area_m2": 5882.42, "mean_actual_lst": 30.5552, "mean_actual_anomaly": -7.9494, "seoul_anomaly": -6.6012, "pred_anomaly": -6.6658, "pred_anomaly_std": 0.722, "green_delta_c": -0.144, "building_ratio": 0.0, "green_ratio": 0.7918, "ndvi": 0.5513, "impervious_ratio": 0.0517, "built_surface_ratio": 0.0517, "avg_ground_floor_count": 0.0, "elevation_m": 115.9839, "albedo": 0.1487, "nearest_park_distance_m": 200.3402, "park_area_within_500m": 164950.7619, "nearest_stream_distance_m": 4419.6514, "est_population_density": 0.0, "dong_elderly_ratio": 0.2554, "dong_avg_age": 47.6, "dong_pop_density": 15158.5, "nearest_shelter_distance_m": 319.7196, "shelter_count_within_500m": 1.0, "est_population": 0.0, "est_elderly": 0.0, "shelter_capacity_within_500m": 57.6, "building_form_group": "no_building", "dong_name": "신월7동", "top1_feature": "building_ratio", "top1_shap": -1.65, "top2_feature": "impervious_ratio", "top2_shap": -1.0589, "top3_feature": "built_surface_ratio", "top3_shap": -1.0405, "priority_score": 17.2262, "priority_rank": 346 }, "geometry": { "type": "Polygon", "coordinates": [ [ [ 126.823880230554693, 37.5158548570436 ], [ 126.823190802223792, 37.515850908403962 ], [ 126.823104279999981, 37.51622028 ], [ 126.82381095, 37.51701280000001 ], [ 126.82382046, 37.51702268 ], [ 126.823869235629445, 37.517073470882416 ], [ 126.823880230554693, 37.5158548570436 ] ] ] } },
{ "type": "Feature", "properties": { "member_grid_ids": ["11470_00531", "11470_00532", "11470_00533", "11470_00581", "11470_00582", "11470_00583", "11470_00631", "11470_00632"], "display_grid_id": "11470_00099", "gu_code": 11470, "gu_name": "양천구", "source_cell_count": 10, "area_m2": 57843.59, "mean_actual_lst": 31.7589, "mean_actual_anomaly": -6.7051, "seoul_anomaly": -5.3568, "pred_anomaly": -5.0813, "pred_anomaly_std": 0.941, "green_delta_c": -0.8131, "building_ratio": 0.0081, "green_ratio": 0.7417, "ndvi": 0.537, "impervious_ratio": 0.1044, "built_surface_ratio": 0.1044, "avg_ground_floor_count": 0.0864, "elevation_m": 96.1446, "albedo": 0.1501, "nearest_park_distance_m": 175.3035, "park_area_within_500m": 187813.251, "nearest_stream_distance_m": 4308.9947, "est_population_density": 0.0, "dong_elderly_ratio": 0.2554, "dong_avg_age": 47.6, "dong_pop_density": 15158.5, "nearest_shelter_distance_m": 282.6267, "shelter_count_within_500m": 1.6051, "est_population": 0.0, "est_elderly": 0.0, "shelter_capacity_within_500m": 302.5, "building_form_group": "no_building", "dong_name": "신월7동", "top1_feature": "building_ratio", "top1_shap": -1.3616, "top2_feature": "green_ratio", "top2_shap": -0.6985, "top3_feature": "nearest_stream_distance_m", "top3_shap": -0.573, "priority_score": 35.8429, "priority_rank": 296 }, "geometry": { "type": "Polygon", "coordinates": [ [ [ 126.826688758915651, 37.518124270637756 ], [ 126.826709004334148, 37.515871016461155 ], [ 126.823880230554693, 37.5158548570436 ], [ 126.823869235629445, 37.517073470882416 ], [ 126.82416056, 37.51737683 ], [ 126.82449592, 37.51771576 ], [ 126.82459165, 37.51804618 ], [ 126.824626970785786, 37.518112498735441 ], [ 126.826688758915651, 37.518124270637756 ] ] ] } },
{ "type": "Feature", "properties": { "member_grid_ids": ["11470_00534", "11470_00535", "11470_00536", "11470_00584", "11470_00585", "11470_00586", "11470_00633", "11470_00634", "11470_00635"], "display_grid_id": "11470_00100", "gu_code": 11470, "gu_name": "양천구", "source_cell_count": 14, "area_m2": 62500.0, "mean_actual_lst": 32.9934, "mean_actual_anomaly": -5.2032, "seoul_anomaly": -3.855, "pred_anomaly": -3.2532, "pred_anomaly_std": 0.981, "green_delta_c": -0.4028, "building_ratio": 0.0784, "green_ratio": 0.6319, "ndvi": 0.4787, "impervious_ratio": 0.1841, "built_surface_ratio": 0.1841, "avg_ground_floor_count": 2.4278, "elevation_m": 67.3534, "albedo": 0.1438, "nearest_park_distance_m": 36.524, "park_area_within_500m": 257906.7572, "nearest_stream_distance_m": 4072.5952, "est_population_density": 2861.6, "dong_elderly_ratio": 0.2235, "dong_avg_age": 45.344, "dong_pop_density": 16436.692, "nearest_shelter_distance_m": 243.4544, "shelter_count_within_500m": 2.64, "est_population": 178.8, "est_elderly": 34.9, "shelter_capacity_within_500m": 547.5, "building_form_group": "no_building", "dong_name": "신월7동", "top1_feature": "green_ratio", "top1_shap": -1.1183, "top2_feature": "ndvi", "top2_shap": -0.7383, "top3_feature": "building_ratio", "top3_shap": -0.5049, "priority_score": 34.2723, "priority_rank": 309 }, "geometry": { "type": "Polygon", "coordinates": [ [ [ 126.826709004334148, 37.515871016461155 ], [ 126.826688758915651, 37.518124270637756 ], [ 126.829517619993254, 37.518140363616098 ], [ 126.829537780367872, 37.515887108137555 ], [ 126.826709004334148, 37.515871016461155 ] ] ] } },
{ "type": "Feature", "properties": { "member_grid_ids": ["11470_00536", "11470_00537", "11470_00538", "11470_00586", "11470_00587", "11470_00588", "11470_00636", "11470_00637"], "display_grid_id": "11470_00101", "gu_code": 11470, "gu_name": "양천구", "source_cell_count": 13, "area_m2": 62500.0, "mean_actual_lst": 34.4589, "mean_actual_anomaly": -3.5708, "seoul_anomaly": -2.2226, "pred_anomaly": -1.9214, "pred_anomaly_std": 0.9484, "green_delta_c": -0.432, "building_ratio": 0.1283, "green_ratio": 0.4963, "ndvi": 0.3834, "impervious_ratio": 0.2686, "built_surface_ratio": 0.2686, "avg_ground_floor_count": 5.6541, "elevation_m": 53.3204, "albedo": 0.1282, "nearest_park_distance_m": 20.3624, "park_area_within_500m": 308069.3844, "nearest_stream_distance_m": 3842.528, "est_population_density": 11294.4, "dong_elderly_ratio": 0.2129, "dong_avg_age": 44.592, "dong_pop_density": 16862.756, "nearest_shelter_distance_m": 193.5192, "shelter_count_within_500m": 6.8, "est_population": 705.9, "est_elderly": 156.9, "shelter_capacity_within_500m": 2179.5, "building_form_group": "high_floor_low_density", "dong_name": "신정3동", "top1_feature": "green_ratio", "top1_shap": -0.5698, "top2_feature": "ndvi", "top2_shap": -0.5428, "top3_feature": "building_ratio", "top3_shap": -0.3919, "priority_score": 41.023, "priority_rank": 244 }, "geometry": { "type": "Polygon", "coordinates": [ [ [ 126.829537780367872, 37.515887108137555 ], [ 126.829517619993254, 37.518140363616098 ], [ 126.832346483315987, 37.51815638884765 ], [ 126.832366558646456, 37.515903132072623 ], [ 126.829537780367872, 37.515887108137555 ] ] ] } },
{ "type": "Feature", "properties": { "member_grid_ids": ["11470_00539", "11470_00540", "11470_00541", "11470_00589", "11470_00590", "11470_00591", "11470_00638", "11470_00639", "11470_00640"], "display_grid_id": "11470_00102", "gu_code": 11470, "gu_name": "양천구", "source_cell_count": 14, "area_m2": 62500.0, "mean_actual_lst": 37.1041, "mean_actual_anomaly": -1.0347, "seoul_anomaly": 0.3135, "pred_anomaly": -0.4321, "pred_anomaly_std": 0.8455, "green_delta_c": -0.4595, "building_ratio": 0.1136, "green_ratio": 0.4062, "ndvi": 0.3259, "impervious_ratio": 0.3279, "built_surface_ratio": 0.3279, "avg_ground_floor_count": 9.0641, "elevation_m": 44.5554, "albedo": 0.1286, "nearest_park_distance_m": 141.8464, "park_area_within_500m": 311956.3388, "nearest_stream_distance_m": 3593.5172, "est_population_density": 13573.6, "dong_elderly_ratio": 0.2554, "dong_avg_age": 47.6, "dong_pop_density": 15158.5, "nearest_shelter_distance_m": 187.3736, "shelter_count_within_500m": 9.08, "est_population": 848.3, "est_elderly": 216.7, "shelter_capacity_within_500m": 2818.7, "building_form_group": "high_floor_low_density", "dong_name": "신월7동", "top1_feature": "ndvi", "top1_shap": -0.584, "top2_feature": "green_ratio", "top2_shap": -0.4705, "top3_feature": "nearest_stream_distance_m", "top3_shap": -0.3025, "priority_score": 48.8473, "priority_rank": 179 }, "geometry": { "type": "Polygon", "coordinates": [ [ [ 126.832366558646456, 37.515903132072623 ], [ 126.832346483315987, 37.51815638884765 ], [ 126.835175348874301, 37.518172346332236 ], [ 126.835195339160393, 37.515919088266216 ], [ 126.832366558646456, 37.515903132072623 ] ] ] } },
{ "type": "Feature", "properties": { "member_grid_ids": ["11470_00541", "11470_00542", "11470_00543", "11470_00591", "11470_00592", "11470_00593", "11470_00641", "11470_00642"], "display_grid_id": "11470_00103", "gu_code": 11470, "gu_name": "양천구", "source_cell_count": 15, "area_m2": 62500.0, "mean_actual_lst": 38.2987, "mean_actual_anomaly": 0.2238, "seoul_anomaly": 1.572, "pred_anomaly": 1.0854, "pred_anomaly_std": 0.7762, "green_delta_c": -0.4052, "building_ratio": 0.2622, "green_ratio": 0.3211, "ndvi": 0.2059, "impervious_ratio": 0.2611, "built_surface_ratio": 0.2611, "avg_ground_floor_count": 7.0622, "elevation_m": 36.9295, "albedo": 0.1202, "nearest_park_distance_m": 59.4488, "park_area_within_500m": 254321.754, "nearest_stream_distance_m": 3364.2076, "est_population_density": 31740.8, "dong_elderly_ratio": 0.2421, "dong_avg_age": 46.512, "dong_pop_density": 17534.596, "nearest_shelter_distance_m": 99.5256, "shelter_count_within_500m": 11.64, "est_population": 1983.8, "est_elderly": 456.1, "shelter_capacity_within_500m": 3175.3, "building_form_group": "high_floor_low_density", "dong_name": "신월7동", "top1_feature": "building_ratio", "top1_shap": 0.4918, "top2_feature": "nearest_stream_distance_m", "top2_shap": -0.309, "top3_feature": "ndvi", "top3_shap": 0.0349, "priority_score": 56.0087, "priority_rank": 126 }, "geometry": { "type": "Polygon", "coordinates": [ [ [ 126.835195339160393, 37.515919088266216 ], [ 126.835175348874301, 37.518172346332236 ], [ 126.838004216658788, 37.518188236069676 ], [ 126.838024121900204, 37.515934976718142 ], [ 126.835195339160393, 37.515919088266216 ] ] ] } },
{ "type": "Feature", "properties": { "member_grid_ids": ["11470_00544", "11470_00545", "11470_00546", "11470_00594", "11470_00595", "11470_00596", "11470_00643", "11470_00644", "11470_00645"], "display_grid_id": "11470_00104", "gu_code": 11470, "gu_name": "양천구", "source_cell_count": 10, "area_m2": 62500.0, "mean_actual_lst": 39.5728, "mean_actual_anomaly": 1.4757, "seoul_anomaly": 2.824, "pred_anomaly": 2.4699, "pred_anomaly_std": 0.6576, "green_delta_c": -0.1812, "building_ratio": 0.3051, "green_ratio": 0.2505, "ndvi": 0.0894, "impervious_ratio": 0.3202, "built_surface_ratio": 0.3202, "avg_ground_floor_count": 6.2894, "elevation_m": 24.5686, "albedo": 0.1203, "nearest_park_distance_m": 1.7984, "park_area_within_500m": 190976.962, "nearest_stream_distance_m": 3117.0196, "est_population_density": 32863.6, "dong_elderly_ratio": 0.2064, "dong_avg_age": 43.44, "dong_pop_density": 28247.484, "nearest_shelter_distance_m": 151.714, "shelter_count_within_500m": 17.6, "est_population": 2054.0, "est_elderly": 418.5, "shelter_capacity_within_500m": 4062.5, "building_form_group": "high_floor_high_density", "dong_name": "신월6동", "top1_feature": "ndvi", "top1_shap": 0.6541, "top2_feature": "building_ratio", "top2_shap": 0.596, "top3_feature": "nearest_stream_distance_m", "top3_shap": -0.2541, "priority_score": 58.0404, "priority_rank": 115 }, "geometry": { "type": "Polygon", "coordinates": [ [ [ 126.838024121900204, 37.515934976718142 ], [ 126.838004216658788, 37.518188236069676 ], [ 126.84083308665997, 37.518204058059823 ], [ 126.840852906856469, 37.515950797428268 ], [ 126.838024121900204, 37.515934976718142 ] ] ] } },
{ "type": "Feature", "properties": { "member_grid_ids": ["11470_00546", "11470_00547", "11470_00548", "11470_00596", "11470_00597", "11470_00598", "11470_00646", "11470_00647"], "display_grid_id": "11470_00105", "gu_code": 11470, "gu_name": "양천구", "source_cell_count": 12, "area_m2": 62500.0, "mean_actual_lst": 37.9561, "mean_actual_anomaly": -0.3211, "seoul_anomaly": 1.0272, "pred_anomaly": 1.1868, "pred_anomaly_std": 0.6988, "green_delta_c": -0.0764, "building_ratio": 0.2445, "green_ratio": 0.2278, "ndvi": 0.1483, "impervious_ratio": 0.4596, "built_surface_ratio": 0.4596, "avg_ground_floor_count": 12.9979, "elevation_m": 22.5742, "albedo": 0.1138, "nearest_park_distance_m": 44.808, "park_area_within_500m": 169637.3052, "nearest_stream_distance_m": 2890.7268, "est_population_density": 45055.6, "dong_elderly_ratio": 0.1742, "dong_avg_age": 40.944, "dong_pop_density": 30266.604, "nearest_shelter_distance_m": 91.5284, "shelter_count_within_500m": 19.92, "est_population": 2816.0, "est_elderly": 488.6, "shelter_capacity_within_500m": 4473.5, "building_form_group": "high_floor_high_density", "dong_name": "신월6동", "top1_feature": "avg_ground_floor_count", "top1_shap": -0.4701, "top2_feature": "building_ratio", "top2_shap": 0.4383, "top3_feature": "ndvi", "top3_shap": 0.292, "priority_score": 47.2767, "priority_rank": 190 }, "geometry": { "type": "Polygon", "coordinates": [ [ [ 126.840852906856469, 37.515950797428268 ], [ 126.84083308665997, 37.518204058059823 ], [ 126.843661958868381, 37.518219812302512 ], [ 126.843681694019679, 37.515966550396406 ], [ 126.840852906856469, 37.515950797428268 ] ] ] } },
{ "type": "Feature", "properties": { "member_grid_ids": ["11470_00549", "11470_00550", "11470_00551", "11470_00599", "11470_00600", "11470_00601", "11470_00648", "11470_00649", "11470_00650"], "display_grid_id": "11470_00106", "gu_code": 11470, "gu_name": "양천구", "source_cell_count": 14, "area_m2": 62500.0, "mean_actual_lst": 37.8354, "mean_actual_anomaly": -0.5596, "seoul_anomaly": 0.7887, "pred_anomaly": 1.0127, "pred_anomaly_std": 0.8445, "green_delta_c": -0.1551, "building_ratio": 0.2064, "green_ratio": 0.2362, "ndvi": 0.1809, "impervious_ratio": 0.4838, "built_surface_ratio": 0.4838, "avg_ground_floor_count": 11.5874, "elevation_m": 33.3313, "albedo": 0.1221, "nearest_park_distance_m": 177.2, "park_area_within_500m": 171529.4368, "nearest_stream_distance_m": 2648.2996, "est_population_density": 43788.0, "dong_elderly_ratio": 0.1743, "dong_avg_age": 40.96, "dong_pop_density": 30106.088, "nearest_shelter_distance_m": 69.9872, "shelter_count_within_500m": 18.12, "est_population": 2736.7, "est_elderly": 479.8, "shelter_capacity_within_500m": 4623.5, "building_form_group": "high_floor_low_density", "dong_name": "신월6동", "top1_feature": "impervious_ratio", "top1_shap": 0.4454, "top2_feature": "ndvi", "top2_shap": 0.0888, "top3_feature": "avg_ground_floor_count", "top3_shap": -0.247, "priority_score": 45.389, "priority_rank": 201 }, "geometry": { "type": "Polygon", "coordinates": [ [ [ 126.843681694019679, 37.515966550396406 ], [ 126.843661958868381, 37.518219812302512 ], [ 126.84649083327453, 37.518235498797573 ], [ 126.846510483380357, 37.515982235622396 ], [ 126.843681694019679, 37.515966550396406 ] ] ] } },
{ "type": "Feature", "properties": { "member_grid_ids": ["11470_00551", "11470_00552", "11470_00553", "11470_00601", "11470_00602", "11470_00603", "11470_00651", "11470_00652"], "display_grid_id": "11470_00107", "gu_code": 11470, "gu_name": "양천구", "source_cell_count": 11, "area_m2": 62500.0, "mean_actual_lst": 38.9014, "mean_actual_anomaly": 0.5805, "seoul_anomaly": 1.9288, "pred_anomaly": 1.1461, "pred_anomaly_std": 0.8315, "green_delta_c": -0.3794, "building_ratio": 0.274, "green_ratio": 0.2972, "ndvi": 0.1949, "impervious_ratio": 0.3592, "built_surface_ratio": 0.3592, "avg_ground_floor_count": 9.1266, "elevation_m": 46.5318, "albedo": 0.1191, "nearest_park_distance_m": 69.4472, "park_area_within_500m": 167448.3344, "nearest_stream_distance_m": 2427.7476, "est_population_density": 40474.4, "dong_elderly_ratio": 0.1936, "dong_avg_age": 42.76, "dong_pop_density": 25812.936, "nearest_shelter_distance_m": 115.1496, "shelter_count_within_500m": 14.12, "est_population": 2529.6, "est_elderly": 494.5, "shelter_capacity_within_500m": 4146.0, "building_form_group": "high_floor_high_density", "dong_name": "신정3동", "top1_feature": "building_ratio", "top1_shap": 0.4717, "top2_feature": "impervious_ratio", "top2_shap": 0.3389, "top3_feature": "nearest_stream_distance_m", "top3_shap": -0.1664, "priority_score": 59.647, "priority_rank": 95 }, "geometry": { "type": "Polygon", "coordinates": [ [ [ 126.846510483380357, 37.515982235622396 ], [ 126.84649083327453, 37.518235498797573 ], [ 126.849319709868936, 37.51825111754485 ], [ 126.849339274929079, 37.515997853106086 ], [ 126.846510483380357, 37.515982235622396 ] ] ] } },
{ "type": "Feature", "properties": { "member_grid_ids": ["11470_00554", "11470_00555", "11470_00556", "11470_00604", "11470_00605", "11470_00606", "11470_00653", "11470_00654", "11470_00655"], "display_grid_id": "11470_00108", "gu_code": 11470, "gu_name": "양천구", "source_cell_count": 11, "area_m2": 62500.0, "mean_actual_lst": 39.0357, "mean_actual_anomaly": 0.7075, "seoul_anomaly": 2.0557, "pred_anomaly": 2.2742, "pred_anomaly_std": 0.8225, "green_delta_c": -0.3721, "building_ratio": 0.3576, "green_ratio": 0.2416, "ndvi": 0.1355, "impervious_ratio": 0.479, "built_surface_ratio": 0.479, "avg_ground_floor_count": 7.4972, "elevation_m": 28.5652, "albedo": 0.1291, "nearest_park_distance_m": 26.4924, "park_area_within_500m": 275241.1352, "nearest_stream_distance_m": 2193.4372, "est_population_density": 33909.6, "dong_elderly_ratio": 0.189, "dong_avg_age": 42.9, "dong_pop_density": 17821.4, "nearest_shelter_distance_m": 160.2252, "shelter_count_within_500m": 12.48, "est_population": 2119.3, "est_elderly": 400.6, "shelter_capacity_within_500m": 5914.5, "building_form_group": "low_floor_high_density", "dong_name": "신정3동", "top1_feature": "building_ratio", "top1_shap": 0.7547, "top2_feature": "ndvi", "top2_shap": 0.4173, "top3_feature": "impervious_ratio", "top3_shap": 0.3976, "priority_score": 65.6124, "priority_rank": 56 }, "geometry": { "type": "Polygon", "coordinates": [ [ [ 126.849339274929079, 37.515997853106086 ], [ 126.849319709868936, 37.51825111754485 ], [ 126.852148588642166, 37.518266668544179 ], [ 126.852168068656368, 37.5160134028473 ], [ 126.849339274929079, 37.515997853106086 ] ] ] } },
{ "type": "Feature", "properties": { "member_grid_ids": ["11470_00556", "11470_00557", "11470_00558", "11470_00606", "11470_00607", "11470_00608", "11470_00656", "11470_00657"], "display_grid_id": "11470_00109", "gu_code": 11470, "gu_name": "양천구", "source_cell_count": 10, "area_m2": 62500.0, "mean_actual_lst": 38.3366, "mean_actual_anomaly": -0.1188, "seoul_anomaly": 1.2295, "pred_anomaly": 1.6789, "pred_anomaly_std": 0.8053, "green_delta_c": -0.2211, "building_ratio": 0.226, "green_ratio": 0.2061, "ndvi": 0.1423, "impervious_ratio": 0.5479, "built_surface_ratio": 0.5479, "avg_ground_floor_count": 8.8542, "elevation_m": 22.0623, "albedo": 0.1213, "nearest_park_distance_m": 18.3012, "park_area_within_500m": 426820.2424, "nearest_stream_distance_m": 1982.8308, "est_population_density": 35491.2, "dong_elderly_ratio": 0.1853, "dong_avg_age": 42.516, "dong_pop_density": 19657.784, "nearest_shelter_distance_m": 123.9164, "shelter_count_within_500m": 9.6, "est_population": 2218.2, "est_elderly": 415.6, "shelter_capacity_within_500m": 5538.0, "building_form_group": "high_floor_low_density", "dong_name": "신정3동", "top1_feature": "impervious_ratio", "top1_shap": 0.4936, "top2_feature": "built_surface_ratio", "top2_shap": 0.2941, "top3_feature": "building_ratio", "top3_shap": 0.251, "priority_score": 54.1354, "priority_rank": 138 }, "geometry": { "type": "Polygon", "coordinates": [ [ [ 126.852168068656368, 37.5160134028473 ], [ 126.852148588642166, 37.518266668544179 ], [ 126.854977469584711, 37.518282151795397 ], [ 126.854996864552703, 37.516028884845895 ], [ 126.852168068656368, 37.5160134028473 ] ] ] } },
{ "type": "Feature", "properties": { "member_grid_ids": ["11470_00559", "11470_00560", "11470_00561", "11470_00609", "11470_00610", "11470_00611", "11470_00658", "11470_00659", "11470_00660"], "display_grid_id": "11470_00110", "gu_code": 11470, "gu_name": "양천구", "source_cell_count": 13, "area_m2": 62500.0, "mean_actual_lst": 37.4527, "mean_actual_anomaly": -1.1921, "seoul_anomaly": 0.1562, "pred_anomaly": 0.3422, "pred_anomaly_std": 0.7772, "green_delta_c": -0.045, "building_ratio": 0.1759, "green_ratio": 0.259, "ndvi": 0.2536, "impervious_ratio": 0.4843, "built_surface_ratio": 0.4843, "avg_ground_floor_count": 9.6267, "elevation_m": 22.5567, "albedo": 0.1084, "nearest_park_distance_m": 0.0, "park_area_within_500m": 519358.1808, "nearest_stream_distance_m": 1762.8784, "est_population_density": 27917.2, "dong_elderly_ratio": 0.1736, "dong_avg_age": 41.3, "dong_pop_density": 25473.0, "nearest_shelter_distance_m": 127.8872, "shelter_count_within_500m": 8.44, "est_population": 1744.8, "est_elderly": 302.9, "shelter_capacity_within_500m": 5119.5, "building_form_group": "high_floor_low_density", "dong_name": "신정1동", "top1_feature": "impervious_ratio", "top1_shap": 0.4222, "top2_feature": "nearest_stream_distance_m", "top2_shap": -0.381, "top3_feature": "ndvi", "top3_shap": -0.3221, "priority_score": 38.7752, "priority_rank": 268 }, "geometry": { "type": "Polygon", "coordinates": [ [ [ 126.854996864552703, 37.516028884845895 ], [ 126.854977469584711, 37.518282151795397 ], [ 126.857806352687149, 37.51829756729834 ], [ 126.857825662608676, 37.516044299101701 ], [ 126.854996864552703, 37.516028884845895 ] ] ] } },
{ "type": "Feature", "properties": { "member_grid_ids": ["11470_00561", "11470_00562", "11470_00563", "11470_00611", "11470_00612", "11470_00613", "11470_00661", "11470_00662"], "display_grid_id": "11470_00111", "gu_code": 11470, "gu_name": "양천구", "source_cell_count": 14, "area_m2": 62500.0, "mean_actual_lst": 37.5473, "mean_actual_anomaly": -1.2612, "seoul_anomaly": 0.0871, "pred_anomaly": 0.3601, "pred_anomaly_std": 0.7947, "green_delta_c": -0.2039, "building_ratio": 0.1575, "green_ratio": 0.2303, "ndvi": 0.2683, "impervious_ratio": 0.5621, "built_surface_ratio": 0.5621, "avg_ground_floor_count": 9.026, "elevation_m": 19.1258, "albedo": 0.1073, "nearest_park_distance_m": 0.0, "park_area_within_500m": 620302.3752, "nearest_stream_distance_m": 1565.8952, "est_population_density": 22825.2, "dong_elderly_ratio": 0.1736, "dong_avg_age": 41.3, "dong_pop_density": 25473.0, "nearest_shelter_distance_m": 149.7016, "shelter_count_within_500m": 8.84, "est_population": 1426.6, "est_elderly": 247.7, "shelter_capacity_within_500m": 3854.0, "building_form_group": "high_floor_low_density", "dong_name": "신정1동", "top1_feature": "ndvi", "top1_shap": -0.5251, "top2_feature": "impervious_ratio", "top2_shap": 0.4682, "top3_feature": "built_surface_ratio", "top3_shap": 0.2822, "priority_score": 43.6239, "priority_rank": 220 }, "geometry": { "type": "Polygon", "coordinates": [ [ [ 126.857825662608676, 37.516044299101701 ], [ 126.857806352687149, 37.51829756729834 ], [ 126.860635237939988, 37.518312915052867 ], [ 126.860654462814793, 37.516059645614554 ], [ 126.857825662608676, 37.516044299101701 ] ] ] } },
{ "type": "Feature", "properties": { "member_grid_ids": ["11470_00564", "11470_00565", "11470_00566", "11470_00614", "11470_00615", "11470_00616", "11470_00663", "11470_00664", "11470_00665"], "display_grid_id": "11470_00112", "gu_code": 11470, "gu_name": "양천구", "source_cell_count": 15, "area_m2": 62500.0, "mean_actual_lst": 37.836, "mean_actual_anomaly": -0.8925, "seoul_anomaly": 0.4558, "pred_anomaly": 0.4674, "pred_anomaly_std": 0.6816, "green_delta_c": -0.1984, "building_ratio": 0.1572, "green_ratio": 0.2825, "ndvi": 0.2315, "impervious_ratio": 0.4115, "built_surface_ratio": 0.4115, "avg_ground_floor_count": 10.642, "elevation_m": 16.2283, "albedo": 0.1104, "nearest_park_distance_m": 0.0, "park_area_within_500m": 713774.2924, "nearest_stream_distance_m": 1351.1832, "est_population_density": 21610.4, "dong_elderly_ratio": 0.178, "dong_avg_age": 41.748, "dong_pop_density": 24864.248, "nearest_shelter_distance_m": 159.5316, "shelter_count_within_500m": 9.64, "est_population": 1350.6, "est_elderly": 240.1, "shelter_capacity_within_500m": 2408.0, "building_form_group": "high_floor_low_density", "dong_name": "신정1동", "top1_feature": "impervious_ratio", "top1_shap": 0.4117, "top2_feature": "built_surface_ratio", "top2_shap": 0.2645, "top3_feature": "avg_ground_floor_count", "top3_shap": -0.2055, "priority_score": 40.7781, "priority_rank": 249 }, "geometry": { "type": "Polygon", "coordinates": [ [ [ 126.860654462814793, 37.516059645614554 ], [ 126.860635237939988, 37.518312915052867 ], [ 126.863464125333763, 37.518328195058807 ], [ 126.863483265161577, 37.516074924384284 ], [ 126.860654462814793, 37.516059645614554 ] ] ] } },
{ "type": "Feature", "properties": { "member_grid_ids": ["11470_00566", "11470_00567", "11470_00568", "11470_00616", "11470_00617", "11470_00618", "11470_00666", "11470_00667"], "display_grid_id": "11470_00113", "gu_code": 11470, "gu_name": "양천구", "source_cell_count": 14, "area_m2": 62500.0, "mean_actual_lst": 39.2719, "mean_actual_anomaly": 0.4751, "seoul_anomaly": 1.8233, "pred_anomaly": 1.4259, "pred_anomaly_std": 0.7788, "green_delta_c": -0.1861, "building_ratio": 0.2418, "green_ratio": 0.2457, "ndvi": 0.1884, "impervious_ratio": 0.4847, "built_surface_ratio": 0.4847, "avg_ground_floor_count": 6.2934, "elevation_m": 16.3058, "albedo": 0.1264, "nearest_park_distance_m": 0.0, "park_area_within_500m": 757367.4116, "nearest_stream_distance_m": 1151.7928, "est_population_density": 9489.6, "dong_elderly_ratio": 0.1579, "dong_avg_age": 40.868, "dong_pop_density": 24632.328, "nearest_shelter_distance_m": 73.7052, "shelter_count_within_500m": 8.44, "est_population": 593.1, "est_elderly": 97.1, "shelter_capacity_within_500m": 2115.0, "building_form_group": "high_floor_low_density", "dong_name": "신정6동", "top1_feature": "impervious_ratio", "top1_shap": 0.4404, "top2_feature": "built_surface_ratio", "top2_shap": 0.3307, "top3_feature": "building_ratio", "top3_shap": 0.3145, "priority_score": 36.2392, "priority_rank": 294 }, "geometry": { "type": "Polygon", "coordinates": [ [ [ 126.863483265161577, 37.516074924384284 ], [ 126.863464125333763, 37.518328195058807 ], [ 126.866293014858968, 37.518343407315989 ], [ 126.866312069639562, 37.516090135410778 ], [ 126.863483265161577, 37.516074924384284 ] ] ] } },
{ "type": "Feature", "properties": { "member_grid_ids": ["11470_00569", "11470_00570", "11470_00571", "11470_00619", "11470_00620", "11470_00621", "11470_00668", "11470_00669", "11470_00670"], "display_grid_id": "11470_00114", "gu_code": 11470, "gu_name": "양천구", "source_cell_count": 13, "area_m2": 62500.0, "mean_actual_lst": 37.6404, "mean_actual_anomaly": -1.2272, "seoul_anomaly": 0.121, "pred_anomaly": 0.3435, "pred_anomaly_std": 0.7064, "green_delta_c": -0.2603, "building_ratio": 0.1383, "green_ratio": 0.3265, "ndvi": 0.287, "impervious_ratio": 0.4428, "built_surface_ratio": 0.4428, "avg_ground_floor_count": 7.905, "elevation_m": 17.0131, "albedo": 0.1256, "nearest_park_distance_m": 0.0, "park_area_within_500m": 689028.5896, "nearest_stream_distance_m": 935.5112, "est_population_density": 8972.0, "dong_elderly_ratio": 0.1518, "dong_avg_age": 40.7, "dong_pop_density": 24305.4, "nearest_shelter_distance_m": 133.9112, "shelter_count_within_500m": 10.6, "est_population": 560.7, "est_elderly": 85.0, "shelter_capacity_within_500m": 2422.5, "building_form_group": "high_floor_low_density", "dong_name": "신정6동", "top1_feature": "impervious_ratio", "top1_shap": 0.3812, "top2_feature": "ndvi", "top2_shap": -0.3772, "top3_feature": "built_surface_ratio", "top3_shap": 0.2229, "priority_score": 33.343, "priority_rank": 318 }, "geometry": { "type": "Polygon", "coordinates": [ [ [ 126.866312069639562, 37.516090135410778 ], [ 126.866293014858968, 37.518343407315989 ], [ 126.86912190650618, 37.518358551824271 ], [ 126.869140876239314, 37.516105278693836 ], [ 126.866312069639562, 37.516090135410778 ] ] ] } },
{ "type": "Feature", "properties": { "member_grid_ids": ["11470_00571", "11470_00572", "11470_00573", "11470_00621", "11470_00622", "11470_00623", "11470_00671", "11470_00672"], "display_grid_id": "11470_00115", "gu_code": 11470, "gu_name": "양천구", "source_cell_count": 14, "area_m2": 62500.0, "mean_actual_lst": 38.5613, "mean_actual_anomaly": -0.4256, "seoul_anomaly": 0.9226, "pred_anomaly": 1.2462, "pred_anomaly_std": 0.7207, "green_delta_c": -0.2047, "building_ratio": 0.1765, "green_ratio": 0.2421, "ndvi": 0.1898, "impervious_ratio": 0.5482, "built_surface_ratio": 0.5482, "avg_ground_floor_count": 10.7451, "elevation_m": 17.9898, "albedo": 0.1082, "nearest_park_distance_m": 10.5136, "park_area_within_500m": 562636.9264, "nearest_stream_distance_m": 733.6648, "est_population_density": 29417.6, "dong_elderly_ratio": 0.159, "dong_avg_age": 41.324, "dong_pop_density": 29339.16, "nearest_shelter_distance_m": 140.9816, "shelter_count_within_500m": 11.32, "est_population": 1838.6, "est_elderly": 295.2, "shelter_capacity_within_500m": 2265.0, "building_form_group": "high_floor_low_density", "dong_name": "신정6동", "top1_feature": "impervious_ratio", "top1_shap": 0.4803, "top2_feature": "avg_ground_floor_count", "top2_shap": -0.3405, "top3_feature": "built_surface_ratio", "top3_shap": 0.3086, "priority_score": 47.8674, "priority_rank": 189 }, "geometry": { "type": "Polygon", "coordinates": [ [ [ 126.869140876239314, 37.516105278693836 ], [ 126.86912190650618, 37.518358551824271 ], [ 126.871950800265893, 37.51837362858349 ], [ 126.871969684951324, 37.516120354233301 ], [ 126.869140876239314, 37.516105278693836 ] ] ] } },
{ "type": "Feature", "properties": { "member_grid_ids": ["11470_00574", "11470_00575", "11470_00576", "11470_00624", "11470_00625", "11470_00626", "11470_00673", "11470_00674", "11470_00675"], "display_grid_id": "11470_00116", "gu_code": 11470, "gu_name": "양천구", "source_cell_count": 12, "area_m2": 62500.0, "mean_actual_lst": 39.3332, "mean_actual_anomaly": 0.667, "seoul_anomaly": 2.0153, "pred_anomaly": 2.1604, "pred_anomaly_std": 0.7483, "green_delta_c": -0.2433, "building_ratio": 0.2385, "green_ratio": 0.2312, "ndvi": 0.1522, "impervious_ratio": 0.495, "built_surface_ratio": 0.495, "avg_ground_floor_count": 7.5665, "elevation_m": 16.6155, "albedo": 0.1257, "nearest_park_distance_m": 53.7464, "park_area_within_500m": 361305.254, "nearest_stream_distance_m": 505.9368, "est_population_density": 31762.4, "dong_elderly_ratio": 0.1667, "dong_avg_age": 42.0, "dong_pop_density": 34792.4, "nearest_shelter_distance_m": 109.988, "shelter_count_within_500m": 14.4, "est_population": 1985.1, "est_elderly": 330.9, "shelter_capacity_within_500m": 2807.7, "building_form_group": "high_floor_high_density", "dong_name": "신정2동", "top1_feature": "impervious_ratio", "top1_shap": 0.4694, "top2_feature": "building_ratio", "top2_shap": 0.4143, "top3_feature": "built_surface_ratio", "top3_shap": 0.2636, "priority_score": 53.6311, "priority_rank": 144 }, "geometry": { "type": "Polygon", "coordinates": [ [ [ 126.871969684951324, 37.516120354233301 ], [ 126.871950800265893, 37.51837362858349 ], [ 126.874779696128684, 37.518388637593503 ], [ 126.874798495766129, 37.516135362029047 ], [ 126.871969684951324, 37.516120354233301 ] ] ] } },
{ "type": "Feature", "properties": { "member_grid_ids": ["11470_00576", "11470_00577", "11470_00578", "11470_00626", "11470_00627", "11470_00628", "11470_00676", "11470_00677"], "display_grid_id": "11470_00117", "gu_code": 11470, "gu_name": "양천구", "source_cell_count": 11, "area_m2": 62500.0, "mean_actual_lst": 38.5621, "mean_actual_anomaly": -0.108, "seoul_anomaly": 1.2402, "pred_anomaly": 1.1943, "pred_anomaly_std": 0.7533, "green_delta_c": -0.26, "building_ratio": 0.1502, "green_ratio": 0.2536, "ndvi": 0.181, "impervious_ratio": 0.4202, "built_surface_ratio": 0.4202, "avg_ground_floor_count": 14.6489, "elevation_m": 21.6891, "albedo": 0.1103, "nearest_park_distance_m": 96.0456, "park_area_within_500m": 171526.5228, "nearest_stream_distance_m": 283.9544, "est_population_density": 31887.2, "dong_elderly_ratio": 0.1667, "dong_avg_age": 42.0, "dong_pop_density": 34792.4, "nearest_shelter_distance_m": 51.1736, "shelter_count_within_500m": 12.32, "est_population": 1992.9, "est_elderly": 332.2, "shelter_capacity_within_500m": 2426.7, "building_form_group": "high_floor_low_density", "dong_name": "신정2동", "top1_feature": "avg_ground_floor_count", "top1_shap": -0.4525, "top2_feature": "impervious_ratio", "top2_shap": 0.4381, "top3_feature": "ndvi", "top3_shap": 0.1291, "priority_score": 44.9568, "priority_rank": 206 }, "geometry": { "type": "Polygon", "coordinates": [ [ [ 126.874798495766129, 37.516135362029047 ], [ 126.874779696128684, 37.518388637593503 ], [ 126.877608594085046, 37.518403578854127 ], [ 126.877627308674278, 37.516150302080895 ], [ 126.874798495766129, 37.516135362029047 ] ] ] } },
{ "type": "Feature", "properties": { "member_grid_ids": ["11470_00579", "11470_00580", "11470_00629", "11470_00630", "11470_00678"], "display_grid_id": "11470_00118", "gu_code": 11470, "gu_name": "양천구", "source_cell_count": 9, "area_m2": 25344.86, "mean_actual_lst": 41.0975, "mean_actual_anomaly": 2.8174, "seoul_anomaly": 4.1657, "pred_anomaly": 1.1652, "pred_anomaly_std": 1.1653, "green_delta_c": -0.4627, "building_ratio": 0.2087, "green_ratio": 0.3083, "ndvi": 0.1719, "impervious_ratio": 0.3727, "built_surface_ratio": 0.3727, "avg_ground_floor_count": 0.1551, "elevation_m": 15.0563, "albedo": 0.1679, "nearest_park_distance_m": 236.6937, "park_area_within_500m": 86126.6101, "nearest_stream_distance_m": 105.6993, "est_population_density": 0.0, "dong_elderly_ratio": 0.1661, "dong_avg_age": 41.8249, "dong_pop_density": 33485.4516, "nearest_shelter_distance_m": 133.2359, "shelter_count_within_500m": 11.2838, "est_population": 0.0, "est_elderly": 0.0, "shelter_capacity_within_500m": 1317.1, "building_form_group": "low_floor_low_density", "dong_name": "신정2동", "top1_feature": "impervious_ratio", "top1_shap": 0.4739, "top2_feature": "albedo", "top2_shap": 0.2818, "top3_feature": "built_surface_ratio", "top3_shap": 0.2486, "priority_score": 53.8112, "priority_rank": 141 }, "geometry": { "type": "Polygon", "coordinates": [ [ [ 126.877627308674278, 37.516150302080895 ], [ 126.877608594085046, 37.518403578854127 ], [ 126.878354101089968, 37.518407505082791 ], [ 126.87842472, 37.51824575 ], [ 126.87844953, 37.51820946 ], [ 126.87862001, 37.51804267 ], [ 126.878739300000021, 37.51794199 ], [ 126.878774330000013, 37.51792007 ], [ 126.878803160000018, 37.51790827 ], [ 126.879198270000018, 37.51784814 ], [ 126.879324629999985, 37.51785363 ], [ 126.879484010000013, 37.51777524 ], [ 126.87956895, 37.51771423000001 ], [ 126.879585580000011, 37.51769792 ], [ 126.879591799999986, 37.51767821 ], [ 126.87959063, 37.5176447 ], [ 126.8795806, 37.51761372 ], [ 126.87956333, 37.51758385 ], [ 126.879543920000017, 37.517563 ], [ 126.87951161, 37.51754382 ], [ 126.879456330000011, 37.51751758 ], [ 126.879391319999982, 37.51749978 ], [ 126.87931621, 37.51748816 ], [ 126.87928547, 37.51749009 ], [ 126.87888784, 37.51756711 ], [ 126.878783530000021, 37.51758727 ], [ 126.878729800000016, 37.51759342 ], [ 126.87867131, 37.51758519 ], [ 126.87861777, 37.5175719 ], [ 126.87855473, 37.51754255 ], [ 126.87852051, 37.5175 ], [ 126.87850943, 37.51746479 ], [ 126.878517430000016, 37.51743355 ], [ 126.87852934, 37.51739357 ], [ 126.87855045, 37.51735109 ], [ 126.8785896, 37.51729679 ], [ 126.87866164, 37.51722759 ], [ 126.878711, 37.51719864 ], [ 126.878812, 37.51715032 ], [ 126.87891778, 37.51709159 ], [ 126.87894043, 37.517077810000011 ], [ 126.87896895999998, 37.51703363 ], [ 126.878996120000011, 37.51696468 ], [ 126.87900429, 37.51693147 ], [ 126.87900223, 37.51690303 ], [ 126.878981419999988, 37.51686809000001 ], [ 126.878906410000013, 37.51680494 ], [ 126.87886496, 37.51674915 ], [ 126.87864147, 37.51649016 ], [ 126.87856824, 37.51641322 ], [ 126.87848245, 37.51634753 ], [ 126.87838992, 37.51629873 ], [ 126.87824527, 37.51624113 ], [ 126.87816243, 37.51621261 ], [ 126.87808521, 37.51619901 ], [ 126.87797232, 37.51617919 ], [ 126.877957306024427, 37.51615204051113 ], [ 126.877627308674278, 37.516150302080895 ] ] ] } },
{ "type": "Feature", "properties": { "member_grid_ids": ["11470_00631", "11470_00632", "11470_00679", "11470_00680", "11470_00727", "11470_00728"], "display_grid_id": "11470_00119", "gu_code": 11470, "gu_name": "양천구", "source_cell_count": 8, "area_m2": 32698.55, "mean_actual_lst": 32.0911, "mean_actual_anomaly": -6.1804, "seoul_anomaly": -4.8321, "pred_anomaly": -5.489, "pred_anomaly_std": 0.8462, "green_delta_c": -0.3497, "building_ratio": 0.0158, "green_ratio": 0.7555, "ndvi": 0.5256, "impervious_ratio": 0.0917, "built_surface_ratio": 0.0917, "avg_ground_floor_count": 0.4587, "elevation_m": 107.9029, "albedo": 0.1448, "nearest_park_distance_m": 301.3348, "park_area_within_500m": 112730.3818, "nearest_stream_distance_m": 4326.9851, "est_population_density": 0.0, "dong_elderly_ratio": 0.2554, "dong_avg_age": 47.6, "dong_pop_density": 15158.5, "nearest_shelter_distance_m": 404.1193, "shelter_count_within_500m": 1.8762, "est_population": 0.0, "est_elderly": 0.0, "shelter_capacity_within_500m": 247.0, "building_form_group": "no_building", "dong_name": "신월7동", "top1_feature": "building_ratio", "top1_shap": -1.3341, "top2_feature": "impervious_ratio", "top2_shap": -0.5974, "top3_feature": "built_surface_ratio", "top3_shap": -0.586, "priority_score": 28.5374, "priority_rank": 336 }, "geometry": { "type": "Polygon", "coordinates": [ [ [ 126.826668511242588, 37.520377523943239 ], [ 126.826688758915651, 37.518124270637756 ], [ 126.824626970785786, 37.518112498735441 ], [ 126.82513538, 37.51906708 ], [ 126.82513854, 37.51907273 ], [ 126.8254152, 37.51965372 ], [ 126.82549857, 37.51982953 ], [ 126.82561376000001, 37.52007297 ], [ 126.825617109999982, 37.52008002 ], [ 126.8256187, 37.52030246 ], [ 126.825613525199429, 37.520371504628486 ], [ 126.826668511242588, 37.520377523943239 ] ] ] } },
{ "type": "Feature", "properties": { "member_grid_ids": ["11470_00633", "11470_00634", "11470_00635", "11470_00681", "11470_00682", "11470_00683", "11470_00729", "11470_00730", "11470_00731"], "display_grid_id": "11470_00120", "gu_code": 11470, "gu_name": "양천구", "source_cell_count": 12, "area_m2": 62500.0, "mean_actual_lst": 31.1132, "mean_actual_anomaly": -7.084, "seoul_anomaly": -5.7358, "pred_anomaly": -6.0908, "pred_anomaly_std": 0.7273, "green_delta_c": -0.5369, "building_ratio": 0.0004, "green_ratio": 0.781, "ndvi": 0.5443, "impervious_ratio": 0.0663, "built_surface_ratio": 0.0663, "avg_ground_floor_count": 0.12, "elevation_m": 97.8675, "albedo": 0.1395, "nearest_park_distance_m": 182.4536, "park_area_within_500m": 176983.6708, "nearest_stream_distance_m": 4141.9704, "est_population_density": 0.0, "dong_elderly_ratio": 0.2554, "dong_avg_age": 47.6, "dong_pop_density": 15158.5, "nearest_shelter_distance_m": 340.2168, "shelter_count_within_500m": 3.92, "est_population": 0.0, "est_elderly": 0.0, "shelter_capacity_within_500m": 796.0, "building_form_group": "no_building", "dong_name": "신월7동", "top1_feature": "building_ratio", "top1_shap": -1.5937, "top2_feature": "impervious_ratio", "top2_shap": -0.7835, "top3_feature": "built_surface_ratio", "top3_shap": -0.6551, "priority_score": 33.1916, "priority_rank": 320 }, "geometry": { "type": "Polygon", "coordinates": [ [ [ 126.826688758915651, 37.518124270637756 ], [ 126.826668511242588, 37.520377523943239 ], [ 126.829497457373549, 37.520393618223615 ], [ 126.829517619993254, 37.518140363616098 ], [ 126.826688758915651, 37.518124270637756 ] ] ] } },
{ "type": "Feature", "properties": { "member_grid_ids": ["11470_00636", "11470_00637", "11470_00683", "11470_00684", "11470_00685", "11470_00731", "11470_00732", "11470_00733"], "display_grid_id": "11470_00121", "gu_code": 11470, "gu_name": "양천구", "source_cell_count": 9, "area_m2": 62500.0, "mean_actual_lst": 35.3594, "mean_actual_anomaly": -2.8672, "seoul_anomaly": -1.519, "pred_anomaly": -2.3133, "pred_anomaly_std": 1.0512, "green_delta_c": -0.5637, "building_ratio": 0.1174, "green_ratio": 0.5484, "ndvi": 0.3696, "impervious_ratio": 0.1726, "built_surface_ratio": 0.1726, "avg_ground_floor_count": 3.121, "elevation_m": 54.8174, "albedo": 0.131, "nearest_park_distance_m": 53.2152, "park_area_within_500m": 244370.6772, "nearest_stream_distance_m": 3913.7064, "est_population_density": 7570.4, "dong_elderly_ratio": 0.2554, "dong_avg_age": 47.6, "dong_pop_density": 15158.5, "nearest_shelter_distance_m": 183.6816, "shelter_count_within_500m": 6.96, "est_population": 473.1, "est_elderly": 120.9, "shelter_capacity_within_500m": 1987.0, "building_form_group": "low_floor_low_density", "dong_name": "신월7동", "top1_feature": "green_ratio", "top1_shap": -0.6024, "top2_feature": "building_ratio", "top2_shap": -0.4556, "top3_feature": "ndvi", "top3_shap": -0.3599, "priority_score": 43.2565, "priority_rank": 223 }, "geometry": { "type": "Polygon", "coordinates": [ [ [ 126.829517619993254, 37.518140363616098 ], [ 126.829497457373549, 37.520393618223615 ], [ 126.832326405749882, 37.520409644751709 ], [ 126.832346483315987, 37.51815638884765 ], [ 126.829517619993254, 37.518140363616098 ] ] ] } },
{ "type": "Feature", "properties": { "member_grid_ids": ["11470_00638", "11470_00639", "11470_00640", "11470_00686", "11470_00687", "11470_00688", "11470_00734", "11470_00735", "11470_00736"], "display_grid_id": "11470_00122", "gu_code": 11470, "gu_name": "양천구", "source_cell_count": 12, "area_m2": 62500.0, "mean_actual_lst": 36.1092, "mean_actual_anomaly": -1.9444, "seoul_anomaly": -0.5962, "pred_anomaly": -1.2769, "pred_anomaly_std": 0.8777, "green_delta_c": -0.4186, "building_ratio": 0.1117, "green_ratio": 0.4683, "ndvi": 0.3999, "impervious_ratio": 0.2663, "built_surface_ratio": 0.2663, "avg_ground_floor_count": 7.4431, "elevation_m": 43.8771, "albedo": 0.1182, "nearest_park_distance_m": 95.6416, "park_area_within_500m": 263408.9684, "nearest_stream_distance_m": 3668.0124, "est_population_density": 14113.6, "dong_elderly_ratio": 0.2554, "dong_avg_age": 47.6, "dong_pop_density": 15158.5, "nearest_shelter_distance_m": 84.0792, "shelter_count_within_500m": 9.88, "est_population": 882.1, "est_elderly": 225.3, "shelter_capacity_within_500m": 2713.8, "building_form_group": "high_floor_low_density", "dong_name": "신월7동", "top1_feature": "ndvi", "top1_shap": -0.9699, "top2_feature": "green_ratio", "top2_shap": -0.8317, "top3_feature": "nearest_stream_distance_m", "top3_shap": -0.3368, "priority_score": 37.5504, "priority_rank": 281 }, "geometry": { "type": "Polygon", "coordinates": [ [ [ 126.832346483315987, 37.51815638884765 ], [ 126.832326405749882, 37.520409644751709 ], [ 126.835155356362094, 37.520425603527357 ], [ 126.835175348874301, 37.518172346332236 ], [ 126.832346483315987, 37.51815638884765 ] ] ] } },
{ "type": "Feature", "properties": { "member_grid_ids": ["11470_00641", "11470_00642", "11470_00688", "11470_00689", "11470_00690", "11470_00736", "11470_00737", "11470_00738"], "display_grid_id": "11470_00123", "gu_code": 11470, "gu_name": "양천구", "source_cell_count": 11, "area_m2": 62500.0, "mean_actual_lst": 39.1711, "mean_actual_anomaly": 0.9983, "seoul_anomaly": 2.3465, "pred_anomaly": 1.6045, "pred_anomaly_std": 0.7429, "green_delta_c": -0.4828, "building_ratio": 0.2685, "green_ratio": 0.3061, "ndvi": 0.2155, "impervious_ratio": 0.3364, "built_surface_ratio": 0.3364, "avg_ground_floor_count": 4.4118, "elevation_m": 33.4207, "albedo": 0.1214, "nearest_park_distance_m": 77.6264, "park_area_within_500m": 229836.606, "nearest_stream_distance_m": 3443.0804, "est_population_density": 19344.8, "dong_elderly_ratio": 0.2554, "dong_avg_age": 47.6, "dong_pop_density": 15158.5, "nearest_shelter_distance_m": 78.9784, "shelter_count_within_500m": 12.44, "est_population": 1209.0, "est_elderly": 308.7, "shelter_capacity_within_500m": 3050.2, "building_form_group": "low_floor_high_density", "dong_name": "신월7동", "top1_feature": "building_ratio", "top1_shap": 0.4798, "top2_feature": "ndvi", "top2_shap": 0.0098, "top3_feature": "impervious_ratio", "top3_shap": 0.3025, "priority_score": 56.2392, "priority_rank": 125 }, "geometry": { "type": "Polygon", "coordinates": [ [ [ 126.835175348874301, 37.518172346332236 ], [ 126.835155356362094, 37.520425603527357 ], [ 126.837984309200721, 37.52044149455039 ], [ 126.838004216658788, 37.518188236069676 ], [ 126.835175348874301, 37.518172346332236 ] ] ] } },
{ "type": "Feature", "properties": { "member_grid_ids": ["11470_00643", "11470_00644", "11470_00645", "11470_00691", "11470_00692", "11470_00693", "11470_00739", "11470_00740", "11470_00741"], "display_grid_id": "11470_00124", "gu_code": 11470, "gu_name": "양천구", "source_cell_count": 12, "area_m2": 62500.0, "mean_actual_lst": 40.6482, "mean_actual_anomaly": 2.4231, "seoul_anomaly": 3.7713, "pred_anomaly": 2.5394, "pred_anomaly_std": 0.6959, "green_delta_c": -0.4085, "building_ratio": 0.2872, "green_ratio": 0.2556, "ndvi": 0.1215, "impervious_ratio": 0.3568, "built_surface_ratio": 0.3568, "avg_ground_floor_count": 6.174, "elevation_m": 23.1426, "albedo": 0.1152, "nearest_park_distance_m": 81.6832, "park_area_within_500m": 170343.8444, "nearest_stream_distance_m": 3201.8772, "est_population_density": 32772.4, "dong_elderly_ratio": 0.2308, "dong_avg_age": 45.168, "dong_pop_density": 31337.532, "nearest_shelter_distance_m": 76.6788, "shelter_count_within_500m": 17.6, "est_population": 2048.3, "est_elderly": 463.1, "shelter_capacity_within_500m": 4219.0, "building_form_group": "high_floor_high_density", "dong_name": "신월4동", "top1_feature": "building_ratio", "top1_shap": 0.5762, "top2_feature": "ndvi", "top2_shap": 0.5185, "top3_feature": "impervious_ratio", "top3_shap": 0.3427, "priority_score": 67.6225, "priority_rank": 41 }, "geometry": { "type": "Polygon", "coordinates": [ [ [ 126.838004216658788, 37.518188236069676 ], [ 126.837984309200721, 37.52044149455039 ], [ 126.840813264256298, 37.52045731782065 ], [ 126.84083308665997, 37.518204058059823 ], [ 126.838004216658788, 37.518188236069676 ] ] ] } },
{ "type": "Feature", "properties": { "member_grid_ids": ["11470_00646", "11470_00647", "11470_00693", "11470_00694", "11470_00695", "11470_00741", "11470_00742", "11470_00743"], "display_grid_id": "11470_00125", "gu_code": 11470, "gu_name": "양천구", "source_cell_count": 10, "area_m2": 62500.0, "mean_actual_lst": 40.1297, "mean_actual_anomaly": 1.9046, "seoul_anomaly": 3.2528, "pred_anomaly": 2.4733, "pred_anomaly_std": 0.5991, "green_delta_c": -0.2021, "building_ratio": 0.3341, "green_ratio": 0.2461, "ndvi": 0.1141, "impervious_ratio": 0.3475, "built_surface_ratio": 0.3475, "avg_ground_floor_count": 5.7349, "elevation_m": 21.5374, "albedo": 0.1202, "nearest_park_distance_m": 55.9712, "park_area_within_500m": 135821.9972, "nearest_stream_distance_m": 2982.026, "est_population_density": 33578.8, "dong_elderly_ratio": 0.2067, "dong_avg_age": 43.248, "dong_pop_density": 34386.668, "nearest_shelter_distance_m": 102.1796, "shelter_count_within_500m": 22.8, "est_population": 2098.7, "est_elderly": 438.1, "shelter_capacity_within_500m": 5422.0, "building_form_group": "high_floor_high_density", "dong_name": "신월4동", "top1_feature": "building_ratio", "top1_shap": 0.748, "top2_feature": "ndvi", "top2_shap": 0.5486, "top3_feature": "nearest_stream_distance_m", "top3_shap": -0.3014, "priority_score": 57.7522, "priority_rank": 120 }, "geometry": { "type": "Polygon", "coordinates": [ [ [ 126.84083308665997, 37.518204058059823 ], [ 126.840813264256298, 37.52045731782065 ], [ 126.843642221519318, 37.520473073337953 ], [ 126.843661958868381, 37.518219812302512 ], [ 126.84083308665997, 37.518204058059823 ] ] ] } },
{ "type": "Feature", "properties": { "member_grid_ids": ["11470_00648", "11470_00649", "11470_00650", "11470_00696", "11470_00697", "11470_00698", "11470_00744", "11470_00745", "11470_00746"], "display_grid_id": "11470_00126", "gu_code": 11470, "gu_name": "양천구", "source_cell_count": 12, "area_m2": 62500.0, "mean_actual_lst": 38.9529, "mean_actual_anomaly": 0.6074, "seoul_anomaly": 1.9557, "pred_anomaly": 1.8925, "pred_anomaly_std": 0.7363, "green_delta_c": -0.1859, "building_ratio": 0.2823, "green_ratio": 0.2213, "ndvi": 0.12, "impervious_ratio": 0.4254, "built_surface_ratio": 0.4254, "avg_ground_floor_count": 9.5111, "elevation_m": 31.6267, "albedo": 0.1122, "nearest_park_distance_m": 53.82, "park_area_within_500m": 167565.028, "nearest_stream_distance_m": 2747.67, "est_population_density": 42948.8, "dong_elderly_ratio": 0.2077, "dong_avg_age": 43.456, "dong_pop_density": 32299.96, "nearest_shelter_distance_m": 72.3008, "shelter_count_within_500m": 23.08, "est_population": 2684.3, "est_elderly": 551.5, "shelter_capacity_within_500m": 5385.5, "building_form_group": "high_floor_high_density", "dong_name": "신월2동", "top1_feature": "building_ratio", "top1_shap": 0.4914, "top2_feature": "ndvi", "top2_shap": 0.4463, "top3_feature": "impervious_ratio", "top3_shap": 0.2974, "priority_score": 51.9453, "priority_rank": 155 }, "geometry": { "type": "Polygon", "coordinates": [ [ [ 126.843661958868381, 37.518219812302512 ], [ 126.843642221519318, 37.520473073337953 ], [ 126.846471180980387, 37.520488761102158 ], [ 126.84649083327453, 37.518235498797573 ], [ 126.843661958868381, 37.518219812302512 ] ] ] } },
{ "type": "Feature", "properties": { "member_grid_ids": ["11470_00651", "11470_00652", "11470_00698", "11470_00699", "11470_00700", "11470_00746", "11470_00747", "11470_00748"], "display_grid_id": "11470_00127", "gu_code": 11470, "gu_name": "양천구", "source_cell_count": 12, "area_m2": 62500.0, "mean_actual_lst": 38.729, "mean_actual_anomaly": 0.3061, "seoul_anomaly": 1.6543, "pred_anomaly": 0.9157, "pred_anomaly_std": 0.8295, "green_delta_c": -0.3804, "building_ratio": 0.2882, "green_ratio": 0.2804, "ndvi": 0.214, "impervious_ratio": 0.3988, "built_surface_ratio": 0.3988, "avg_ground_floor_count": 9.913, "elevation_m": 45.4924, "albedo": 0.1102, "nearest_park_distance_m": 58.4528, "park_area_within_500m": 227364.1864, "nearest_stream_distance_m": 2535.7756, "est_population_density": 44832.0, "dong_elderly_ratio": 0.2105, "dong_avg_age": 44.04, "dong_pop_density": 26588.84, "nearest_shelter_distance_m": 73.0952, "shelter_count_within_500m": 17.64, "est_population": 2802.0, "est_elderly": 595.2, "shelter_capacity_within_500m": 4739.0, "building_form_group": "high_floor_high_density", "dong_name": "신월2동", "top1_feature": "building_ratio", "top1_shap": 0.5094, "top2_feature": "nearest_stream_distance_m", "top2_shap": -0.3529, "top3_feature": "impervious_ratio", "top3_shap": 0.2918, "priority_score": 56.6282, "priority_rank": 123 }, "geometry": { "type": "Polygon", "coordinates": [ [ [ 126.84649083327453, 37.518235498797573 ], [ 126.846471180980387, 37.520488761102158 ], [ 126.849300142629971, 37.520504381113106 ], [ 126.849319709868936, 37.51825111754485 ], [ 126.84649083327453, 37.518235498797573 ] ] ] } },
{ "type": "Feature", "properties": { "member_grid_ids": ["11470_00653", "11470_00654", "11470_00655", "11470_00701", "11470_00702", "11470_00703", "11470_00749", "11470_00750", "11470_00751"], "display_grid_id": "11470_00128", "gu_code": 11470, "gu_name": "양천구", "source_cell_count": 12, "area_m2": 62500.0, "mean_actual_lst": 39.2932, "mean_actual_anomaly": 0.8899, "seoul_anomaly": 2.2382, "pred_anomaly": 2.0048, "pred_anomaly_std": 0.7575, "green_delta_c": -0.2316, "building_ratio": 0.349, "green_ratio": 0.2508, "ndvi": 0.1278, "impervious_ratio": 0.394, "built_surface_ratio": 0.394, "avg_ground_floor_count": 7.4247, "elevation_m": 35.9349, "albedo": 0.1184, "nearest_park_distance_m": 28.7124, "park_area_within_500m": 344513.0632, "nearest_stream_distance_m": 2312.4396, "est_population_density": 35331.2, "dong_elderly_ratio": 0.189, "dong_avg_age": 42.9, "dong_pop_density": 17821.4, "nearest_shelter_distance_m": 164.8764, "shelter_count_within_500m": 13.76, "est_population": 2208.2, "est_elderly": 417.4, "shelter_capacity_within_500m": 5250.5, "building_form_group": "low_floor_high_density", "dong_name": "신정3동", "top1_feature": "building_ratio", "top1_shap": 0.7095, "top2_feature": "ndvi", "top2_shap": 0.4398, "top3_feature": "impervious_ratio", "top3_shap": 0.2978, "priority_score": 59.6398, "priority_rank": 96 }, "geometry": { "type": "Polygon", "coordinates": [ [ [ 126.849319709868936, 37.51825111754485 ], [ 126.849300142629971, 37.520504381113106 ], [ 126.852129106458634, 37.520519933370622 ], [ 126.852148588642166, 37.518266668544179 ], [ 126.849319709868936, 37.51825111754485 ] ] ] } },
{ "type": "Feature", "properties": { "member_grid_ids": ["11470_00656", "11470_00657", "11470_00703", "11470_00704", "11470_00705", "11470_00751", "11470_00752", "11470_00753"], "display_grid_id": "11470_00129", "gu_code": 11470, "gu_name": "양천구", "source_cell_count": 13, "area_m2": 62500.0, "mean_actual_lst": 40.1316, "mean_actual_anomaly": 1.6504, "seoul_anomaly": 2.9987, "pred_anomaly": 2.3357, "pred_anomaly_std": 0.7661, "green_delta_c": -0.333, "building_ratio": 0.2601, "green_ratio": 0.2377, "ndvi": 0.1336, "impervious_ratio": 0.4498, "built_surface_ratio": 0.4498, "avg_ground_floor_count": 6.0634, "elevation_m": 20.5135, "albedo": 0.1221, "nearest_park_distance_m": 16.6956, "park_area_within_500m": 398287.244, "nearest_stream_distance_m": 2113.1068, "est_population_density": 15532.0, "dong_elderly_ratio": 0.1804, "dong_avg_age": 42.004, "dong_pop_density": 22106.296, "nearest_shelter_distance_m": 86.3292, "shelter_count_within_500m": 8.32, "est_population": 970.8, "est_elderly": 176.0, "shelter_capacity_within_500m": 4484.0, "building_form_group": "high_floor_low_density", "dong_name": "신정1동", "top1_feature": "impervious_ratio", "top1_shap": 0.4546, "top2_feature": "building_ratio", "top2_shap": 0.4209, "top3_feature": "ndvi", "top3_shap": 0.4005, "priority_score": 51.866, "priority_rank": 156 }, "geometry": { "type": "Polygon", "coordinates": [ [ [ 126.852148588642166, 37.518266668544179 ], [ 126.852129106458634, 37.520519933370622 ], [ 126.854958072456867, 37.520535417874534 ], [ 126.854977469584711, 37.518282151795397 ], [ 126.852148588642166, 37.518266668544179 ] ] ] } },
{ "type": "Feature", "properties": { "member_grid_ids": ["11470_00658", "11470_00659", "11470_00660", "11470_00706", "11470_00707", "11470_00708", "11470_00754", "11470_00755", "11470_00756"], "display_grid_id": "11470_00130", "gu_code": 11470, "gu_name": "양천구", "source_cell_count": 12, "area_m2": 62500.0, "mean_actual_lst": 38.036, "mean_actual_anomaly": -0.654, "seoul_anomaly": 0.6943, "pred_anomaly": 0.3805, "pred_anomaly_std": 0.8221, "green_delta_c": -0.1453, "building_ratio": 0.1924, "green_ratio": 0.2539, "ndvi": 0.2184, "impervious_ratio": 0.4741, "built_surface_ratio": 0.4741, "avg_ground_floor_count": 11.6723, "elevation_m": 17.0968, "albedo": 0.1092, "nearest_park_distance_m": 22.4416, "park_area_within_500m": 415820.9536, "nearest_stream_distance_m": 1899.7168, "est_population_density": 39650.0, "dong_elderly_ratio": 0.1736, "dong_avg_age": 41.3, "dong_pop_density": 25473.0, "nearest_shelter_distance_m": 145.064, "shelter_count_within_500m": 7.4, "est_population": 2478.1, "est_elderly": 430.2, "shelter_capacity_within_500m": 4239.0, "building_form_group": "high_floor_low_density", "dong_name": "신정1동", "top1_feature": "avg_ground_floor_count", "top1_shap": -0.4078, "top2_feature": "impervious_ratio", "top2_shap": 0.432, "top3_feature": "built_surface_ratio", "top3_shap": 0.2211, "priority_score": 49.5389, "priority_rank": 176 }, "geometry": { "type": "Polygon", "coordinates": [ [ [ 126.854977469584711, 37.518282151795397 ], [ 126.854958072456867, 37.520535417874534 ], [ 126.857787040615221, 37.520550834624707 ], [ 126.857806352687149, 37.51829756729834 ], [ 126.854977469584711, 37.518282151795397 ] ] ] } },
{ "type": "Feature", "properties": { "member_grid_ids": ["11470_00661", "11470_00662", "11470_00708", "11470_00709", "11470_00710", "11470_00756", "11470_00757", "11470_00758"], "display_grid_id": "11470_00131", "gu_code": 11470, "gu_name": "양천구", "source_cell_count": 11, "area_m2": 62500.0, "mean_actual_lst": 38.1214, "mean_actual_anomaly": -0.6833, "seoul_anomaly": 0.665, "pred_anomaly": 0.8865, "pred_anomaly_std": 0.64, "green_delta_c": -0.0806, "building_ratio": 0.2269, "green_ratio": 0.2637, "ndvi": 0.2116, "impervious_ratio": 0.4239, "built_surface_ratio": 0.4239, "avg_ground_floor_count": 9.0071, "elevation_m": 18.5142, "albedo": 0.1148, "nearest_park_distance_m": 14.5424, "park_area_within_500m": 500123.0584, "nearest_stream_distance_m": 1700.7848, "est_population_density": 30028.4, "dong_elderly_ratio": 0.1736, "dong_avg_age": 41.3, "dong_pop_density": 25473.0, "nearest_shelter_distance_m": 234.0704, "shelter_count_within_500m": 7.32, "est_population": 1876.8, "est_elderly": 325.9, "shelter_capacity_within_500m": 2610.5, "building_form_group": "high_floor_low_density", "dong_name": "신정1동", "top1_feature": "impervious_ratio", "top1_shap": 0.404, "top2_feature": "ndvi", "top2_shap": -0.0554, "top3_feature": "building_ratio", "top3_shap": 0.3208, "priority_score": 48.4582, "priority_rank": 181 }, "geometry": { "type": "Polygon", "coordinates": [ [ [ 126.857806352687149, 37.51829756729834 ], [ 126.857787040615221, 37.520550834624707 ], [ 126.860616010924247, 37.520566183620979 ], [ 126.860635237939988, 37.518312915052867 ], [ 126.857806352687149, 37.51829756729834 ] ] ] } },
{ "type": "Feature", "properties": { "member_grid_ids": ["11470_00663", "11470_00664", "11470_00665", "11470_00711", "11470_00712", "11470_00713", "11470_00759", "11470_00760", "11470_00761"], "display_grid_id": "11470_00132", "gu_code": 11470, "gu_name": "양천구", "source_cell_count": 11, "area_m2": 62500.0, "mean_actual_lst": 38.5446, "mean_actual_anomaly": -0.3991, "seoul_anomaly": 0.9491, "pred_anomaly": 0.44, "pred_anomaly_std": 0.7537, "green_delta_c": -0.2627, "building_ratio": 0.1641, "green_ratio": 0.3262, "ndvi": 0.2469, "impervious_ratio": 0.3113, "built_surface_ratio": 0.3113, "avg_ground_floor_count": 9.7496, "elevation_m": 16.0343, "albedo": 0.1205, "nearest_park_distance_m": 0.0, "park_area_within_500m": 562384.4876, "nearest_stream_distance_m": 1484.2496, "est_population_density": 27244.0, "dong_elderly_ratio": 0.1736, "dong_avg_age": 41.3, "dong_pop_density": 25473.0, "nearest_shelter_distance_m": 149.1948, "shelter_count_within_500m": 7.24, "est_population": 1702.8, "est_elderly": 295.6, "shelter_capacity_within_500m": 1916.0, "building_form_group": "high_floor_low_density", "dong_name": "신정1동", "top1_feature": "impervious_ratio", "top1_shap": 0.3404, "top2_feature": "ndvi", "top2_shap": -0.1535, "top3_feature": "avg_ground_floor_count", "top3_shap": -0.1941, "priority_score": 45.6196, "priority_rank": 200 }, "geometry": { "type": "Polygon", "coordinates": [ [ [ 126.860635237939988, 37.518312915052867 ], [ 126.860616010924247, 37.520566183620979 ], [ 126.863444983374464, 37.520581464863163 ], [ 126.863464125333763, 37.518328195058807 ], [ 126.860635237939988, 37.518312915052867 ] ] ] } },
{ "type": "Feature", "properties": { "member_grid_ids": ["11470_00666", "11470_00667", "11470_00713", "11470_00714", "11470_00715", "11470_00761", "11470_00762", "11470_00763"], "display_grid_id": "11470_00133", "gu_code": 11470, "gu_name": "양천구", "source_cell_count": 11, "area_m2": 62500.0, "mean_actual_lst": 37.7349, "mean_actual_anomaly": -1.2882, "seoul_anomaly": 0.06, "pred_anomaly": -0.0178, "pred_anomaly_std": 0.6958, "green_delta_c": -0.0653, "building_ratio": 0.1446, "green_ratio": 0.3287, "ndvi": 0.2904, "impervious_ratio": 0.3886, "built_surface_ratio": 0.3886, "avg_ground_floor_count": 10.2958, "elevation_m": 17.8062, "albedo": 0.1127, "nearest_park_distance_m": 0.0, "park_area_within_500m": 657954.0676, "nearest_stream_distance_m": 1274.7408, "est_population_density": 22347.2, "dong_elderly_ratio": 0.1736, "dong_avg_age": 41.3, "dong_pop_density": 25473.0, "nearest_shelter_distance_m": 136.5956, "shelter_count_within_500m": 8.92, "est_population": 1396.7, "est_elderly": 242.4, "shelter_capacity_within_500m": 2219.0, "building_form_group": "high_floor_low_density", "dong_name": "신정1동", "top1_feature": "ndvi", "top1_shap": -0.4757, "top2_feature": "impervious_ratio", "top2_shap": 0.3858, "top3_feature": "built_surface_ratio", "top3_shap": 0.2451, "priority_score": 33.804, "priority_rank": 315 }, "geometry": { "type": "Polygon", "coordinates": [ [ [ 126.863464125333763, 37.518328195058807 ], [ 126.863444983374464, 37.520581464863163 ], [ 126.866273957956366, 37.520596678351133 ], [ 126.866293014858968, 37.518343407315989 ], [ 126.863464125333763, 37.518328195058807 ] ] ] } },
{ "type": "Feature", "properties": { "member_grid_ids": ["11470_00668", "11470_00669", "11470_00670", "11470_00716", "11470_00717", "11470_00718", "11470_00764", "11470_00765", "11470_00766"], "display_grid_id": "11470_00134", "gu_code": 11470, "gu_name": "양천구", "source_cell_count": 14, "area_m2": 62500.0, "mean_actual_lst": 38.2908, "mean_actual_anomaly": -0.8242, "seoul_anomaly": 0.5241, "pred_anomaly": 0.4674, "pred_anomaly_std": 0.7704, "green_delta_c": -0.2746, "building_ratio": 0.1105, "green_ratio": 0.3271, "ndvi": 0.2724, "impervious_ratio": 0.4494, "built_surface_ratio": 0.4494, "avg_ground_floor_count": 7.8383, "elevation_m": 17.603, "albedo": 0.1222, "nearest_park_distance_m": 0.0, "park_area_within_500m": 624187.0744, "nearest_stream_distance_m": 1034.5016, "est_population_density": 6981.6, "dong_elderly_ratio": 0.1553, "dong_avg_age": 40.796, "dong_pop_density": 24492.216, "nearest_shelter_distance_m": 191.1416, "shelter_count_within_500m": 9.88, "est_population": 436.4, "est_elderly": 68.3, "shelter_capacity_within_500m": 2075.5, "building_form_group": "high_floor_low_density", "dong_name": "신정6동", "top1_feature": "ndvi", "top1_shap": -0.3224, "top2_feature": "impervious_ratio", "top2_shap": 0.3985, "top3_feature": "green_ratio", "top3_shap": -0.1382, "priority_score": 39.193, "priority_rank": 265 }, "geometry": { "type": "Polygon", "coordinates": [ [ [ 126.866293014858968, 37.518343407315989 ], [ 126.866273957956366, 37.520596678351133 ], [ 126.869102934660532, 37.52061182408471 ], [ 126.86912190650618, 37.518358551824271 ], [ 126.866293014858968, 37.518343407315989 ] ] ] } },
{ "type": "Feature", "properties": { "member_grid_ids": ["11470_00671", "11470_00672", "11470_00718", "11470_00719", "11470_00720", "11470_00766", "11470_00767", "11470_00768"], "display_grid_id": "11470_00135", "gu_code": 11470, "gu_name": "양천구", "source_cell_count": 11, "area_m2": 62500.0, "mean_actual_lst": 40.7397, "mean_actual_anomaly": 1.7911, "seoul_anomaly": 3.1393, "pred_anomaly": 2.6946, "pred_anomaly_std": 0.9142, "green_delta_c": -0.4717, "building_ratio": 0.215, "green_ratio": 0.2073, "ndvi": 0.143, "impervious_ratio": 0.5704, "built_surface_ratio": 0.5704, "avg_ground_floor_count": 5.498, "elevation_m": 13.3615, "albedo": 0.1207, "nearest_park_distance_m": 19.8064, "park_area_within_500m": 463712.9856, "nearest_stream_distance_m": 801.0792, "est_population_density": 14998.4, "dong_elderly_ratio": 0.1613, "dong_avg_age": 41.532, "dong_pop_density": 31017.08, "nearest_shelter_distance_m": 86.8184, "shelter_count_within_500m": 13.0, "est_population": 937.4, "est_elderly": 155.4, "shelter_capacity_within_500m": 2344.0, "building_form_group": "low_floor_low_density", "dong_name": "신정2동", "top1_feature": "impervious_ratio", "top1_shap": 0.5663, "top2_feature": "built_surface_ratio", "top2_shap": 0.3867, "top3_feature": "ndvi", "top3_shap": 0.2397, "priority_score": 58.9625, "priority_rank": 105 }, "geometry": { "type": "Polygon", "coordinates": [ [ [ 126.86912190650618, 37.518358551824271 ], [ 126.869102934660532, 37.52061182408471 ], [ 126.871931913477439, 37.520626902063754 ], [ 126.871950800265893, 37.51837362858349 ], [ 126.86912190650618, 37.518358551824271 ] ] ] } },
{ "type": "Feature", "properties": { "member_grid_ids": ["11470_00673", "11470_00674", "11470_00675", "11470_00721", "11470_00722", "11470_00723", "11470_00769", "11470_00770", "11470_00771"], "display_grid_id": "11470_00136", "gu_code": 11470, "gu_name": "양천구", "source_cell_count": 12, "area_m2": 62500.0, "mean_actual_lst": 41.142, "mean_actual_anomaly": 2.7689, "seoul_anomaly": 4.1171, "pred_anomaly": 2.9048, "pred_anomaly_std": 0.7945, "green_delta_c": -0.248, "building_ratio": 0.3129, "green_ratio": 0.2283, "ndvi": 0.1117, "impervious_ratio": 0.4177, "built_surface_ratio": 0.4177, "avg_ground_floor_count": 5.7162, "elevation_m": 13.412, "albedo": 0.1129, "nearest_park_distance_m": 192.252, "park_area_within_500m": 253246.6724, "nearest_stream_distance_m": 542.1592, "est_population_density": 31678.4, "dong_elderly_ratio": 0.1667, "dong_avg_age": 42.0, "dong_pop_density": 34792.4, "nearest_shelter_distance_m": 73.0032, "shelter_count_within_500m": 17.2, "est_population": 1979.9, "est_elderly": 329.9, "shelter_capacity_within_500m": 3152.8, "building_form_group": "high_floor_high_density", "dong_name": "신정2동", "top1_feature": "building_ratio", "top1_shap": 0.7963, "top2_feature": "ndvi", "top2_shap": 0.4775, "top3_feature": "impervious_ratio", "top3_shap": 0.4524, "priority_score": 60.634, "priority_rank": 82 }, "geometry": { "type": "Polygon", "coordinates": [ [ [ 126.871950800265893, 37.51837362858349 ], [ 126.871931913477439, 37.520626902063754 ], [ 126.874760894397639, 37.520641912288092 ], [ 126.874779696128684, 37.518388637593503 ], [ 126.871950800265893, 37.51837362858349 ] ] ] } },
{ "type": "Feature", "properties": { "member_grid_ids": ["11470_00676", "11470_00677", "11470_00723", "11470_00724", "11470_00725", "11470_00771", "11470_00772", "11470_00773"], "display_grid_id": "11470_00137", "gu_code": 11470, "gu_name": "양천구", "source_cell_count": 13, "area_m2": 62500.0, "mean_actual_lst": 39.8478, "mean_actual_anomaly": 1.2577, "seoul_anomaly": 2.6059, "pred_anomaly": 1.7655, "pred_anomaly_std": 0.8113, "green_delta_c": -0.1321, "building_ratio": 0.2625, "green_ratio": 0.2443, "ndvi": 0.145, "impervious_ratio": 0.3512, "built_surface_ratio": 0.3512, "avg_ground_floor_count": 11.3027, "elevation_m": 16.0158, "albedo": 0.1031, "nearest_park_distance_m": 280.212, "park_area_within_500m": 77069.034, "nearest_stream_distance_m": 302.204, "est_population_density": 47452.8, "dong_elderly_ratio": 0.1667, "dong_avg_age": 42.0, "dong_pop_density": 34792.4, "nearest_shelter_distance_m": 58.2208, "shelter_count_within_500m": 15.76, "est_population": 2965.8, "est_elderly": 494.3, "shelter_capacity_within_500m": 2972.8, "building_form_group": "high_floor_high_density", "dong_name": "신정2동", "top1_feature": "building_ratio", "top1_shap": 0.4639, "top2_feature": "avg_ground_floor_count", "top2_shap": -0.2763, "top3_feature": "impervious_ratio", "top3_shap": 0.3336, "priority_score": 50.1513, "priority_rank": 169 }, "geometry": { "type": "Polygon", "coordinates": [ [ [ 126.874779696128684, 37.518388637593503 ], [ 126.874760894397639, 37.520641912288092 ], [ 126.87758987741168, 37.520656854757583 ], [ 126.877608594085046, 37.518403578854127 ], [ 126.874779696128684, 37.518388637593503 ] ] ] } },
{ "type": "Feature", "properties": { "member_grid_ids": ["11470_00678", "11470_00726", "11470_00774", "11470_00775"], "display_grid_id": "11470_00138", "gu_code": 11470, "gu_name": "양천구", "source_cell_count": 7, "area_m2": 23419.7, "mean_actual_lst": 39.4605, "mean_actual_anomaly": 1.0742, "seoul_anomaly": 2.4224, "pred_anomaly": 0.5545, "pred_anomaly_std": 0.9862, "green_delta_c": -0.3504, "building_ratio": 0.1913, "green_ratio": 0.3526, "ndvi": 0.2541, "impervious_ratio": 0.3415, "built_surface_ratio": 0.3415, "avg_ground_floor_count": 8.6518, "elevation_m": 15.1451, "albedo": 0.1897, "nearest_park_distance_m": 346.0994, "park_area_within_500m": 21811.9562, "nearest_stream_distance_m": 115.4847, "est_population_density": 439.7823, "dong_elderly_ratio": 0.1667, "dong_avg_age": 42.0, "dong_pop_density": 34792.4, "nearest_shelter_distance_m": 104.069, "shelter_count_within_500m": 16.4847, "est_population": 10.3, "est_elderly": 1.7, "shelter_capacity_within_500m": 1413.9, "building_form_group": "low_floor_low_density", "dong_name": "신정2동", "top1_feature": "albedo", "top1_shap": 0.5283, "top2_feature": "impervious_ratio", "top2_shap": 0.3645, "top3_feature": "avg_ground_floor_count", "top3_shap": -0.1919, "priority_score": 38.5591, "priority_rank": 271 }, "geometry": { "type": "Polygon", "coordinates": [ [ [ 126.877608594085046, 37.518403578854127 ], [ 126.87758987741168, 37.520656854757583 ], [ 126.87942804147842, 37.520666527477125 ], [ 126.87943664, 37.52059812 ], [ 126.87943386000002, 37.52056461 ], [ 126.879428840000017, 37.52050491 ], [ 126.87942501, 37.52046324 ], [ 126.87941433, 37.52040607 ], [ 126.8793999, 37.52036439 ], [ 126.8791037, 37.52002339 ], [ 126.87908076, 37.52000675 ], [ 126.878671609999984, 37.51976729 ], [ 126.878570970000013, 37.51970862 ], [ 126.87850089, 37.51965618 ], [ 126.878351100000017, 37.51948596 ], [ 126.87832115, 37.51943355 ], [ 126.87821205, 37.51913611 ], [ 126.87819992, 37.51909555000001 ], [ 126.878194330000014, 37.51905444 ], [ 126.87819076, 37.51886664 ], [ 126.8781955, 37.51877935 ], [ 126.87820491, 37.51874923 ], [ 126.878354101089968, 37.518407505082791 ], [ 126.877608594085046, 37.518403578854127 ] ] ] } },
{ "type": "Feature", "properties": { "member_grid_ids": ["11470_00776", "11470_00824", "11470_00825", "11470_00874"], "display_grid_id": "11470_00139", "gu_code": 11470, "gu_name": "양천구", "source_cell_count": 8, "area_m2": 23782.75, "mean_actual_lst": 34.4837, "mean_actual_anomaly": -3.8298, "seoul_anomaly": -2.4816, "pred_anomaly": -2.6692, "pred_anomaly_std": 1.2959, "green_delta_c": -0.7063, "building_ratio": 0.1415, "green_ratio": 0.5598, "ndvi": 0.3302, "impervious_ratio": 0.1158, "built_surface_ratio": 0.1158, "avg_ground_floor_count": 2.4816, "elevation_m": 85.8405, "albedo": 0.1107, "nearest_park_distance_m": 313.3212, "park_area_within_500m": 43936.1095, "nearest_stream_distance_m": 4394.733, "est_population_density": 7434.1334, "dong_elderly_ratio": 0.2554, "dong_avg_age": 47.6, "dong_pop_density": 15158.5, "nearest_shelter_distance_m": 229.5071, "shelter_count_within_500m": 1.9923, "est_population": 176.8, "est_elderly": 44.7, "shelter_capacity_within_500m": 198.4, "building_form_group": "high_floor_high_density", "dong_name": "신월7동", "top1_feature": "building_ratio", "top1_shap": -0.3942, "top2_feature": "built_surface_ratio", "top2_shap": -0.6214, "top3_feature": "impervious_ratio", "top3_shap": -0.3743, "priority_score": 42.5072, "priority_rank": 233 }, "geometry": { "type": "Polygon", "coordinates": [ [ [ 126.826648261314702, 37.522630776377589 ], [ 126.826668511242588, 37.520377523943239 ], [ 126.825613525199429, 37.520371504628486 ], [ 126.825611400000014, 37.52039986 ], [ 126.825631589999986, 37.5204593 ], [ 126.82562882, 37.52066145 ], [ 126.82565412, 37.52103006 ], [ 126.82554159, 37.52145139 ], [ 126.82558896, 37.52175217 ], [ 126.82548008, 37.52175256 ], [ 126.825660479999982, 37.52223515 ], [ 126.82558106, 37.52233273 ], [ 126.825421, 37.5225293 ], [ 126.82538944, 37.522566699999985 ], [ 126.825343723704748, 37.522623331468111 ], [ 126.826648261314702, 37.522630776377589 ] ] ] } },
{ "type": "Feature", "properties": { "member_grid_ids": ["11470_00777", "11470_00778", "11470_00779", "11470_00826", "11470_00827", "11470_00828", "11470_00875", "11470_00876", "11470_00877"], "display_grid_id": "11470_00140", "gu_code": 11470, "gu_name": "양천구", "source_cell_count": 16, "area_m2": 62500.0, "mean_actual_lst": 33.3501, "mean_actual_anomaly": -4.9631, "seoul_anomaly": -3.6149, "pred_anomaly": -3.6818, "pred_anomaly_std": 0.8512, "green_delta_c": -0.5614, "building_ratio": 0.0906, "green_ratio": 0.6201, "ndvi": 0.4428, "impervious_ratio": 0.1651, "built_surface_ratio": 0.1651, "avg_ground_floor_count": 1.8019, "elevation_m": 73.077, "albedo": 0.1221, "nearest_park_distance_m": 153.4092, "park_area_within_500m": 127134.3812, "nearest_stream_distance_m": 4226.9924, "est_population_density": 3900.0, "dong_elderly_ratio": 0.2554, "dong_avg_age": 47.6, "dong_pop_density": 15158.5, "nearest_shelter_distance_m": 144.8392, "shelter_count_within_500m": 4.16, "est_population": 243.8, "est_elderly": 62.2, "shelter_capacity_within_500m": 993.8, "building_form_group": "no_building", "dong_name": "신월7동", "top1_feature": "building_ratio", "top1_shap": -0.7669, "top2_feature": "green_ratio", "top2_shap": -0.4743, "top3_feature": "impervious_ratio", "top3_shap": -0.2526, "priority_score": 35.7781, "priority_rank": 297 }, "geometry": { "type": "Polygon", "coordinates": [ [ [ 126.826668511242588, 37.520377523943239 ], [ 126.826648261314702, 37.522630776377589 ], [ 126.829477292508486, 37.522646871960077 ], [ 126.829497457373549, 37.520393618223615 ], [ 126.826668511242588, 37.520377523943239 ] ] ] } },
{ "type": "Feature", "properties": { "member_grid_ids": ["11470_00779", "11470_00780", "11470_00781", "11470_00828", "11470_00829", "11470_00830", "11470_00878", "11470_00879"], "display_grid_id": "11470_00141", "gu_code": 11470, "gu_name": "양천구", "source_cell_count": 12, "area_m2": 62500.0, "mean_actual_lst": 38.5141, "mean_actual_anomaly": 0.2186, "seoul_anomaly": 1.5668, "pred_anomaly": 0.5399, "pred_anomaly_std": 0.8688, "green_delta_c": -0.4804, "building_ratio": 0.3071, "green_ratio": 0.3861, "ndvi": 0.2762, "impervious_ratio": 0.3291, "built_surface_ratio": 0.3291, "avg_ground_floor_count": 2.9281, "elevation_m": 43.2289, "albedo": 0.1247, "nearest_park_distance_m": 9.9148, "park_area_within_500m": 226328.9764, "nearest_stream_distance_m": 4003.4924, "est_population_density": 15236.0, "dong_elderly_ratio": 0.2554, "dong_avg_age": 47.6, "dong_pop_density": 15158.5, "nearest_shelter_distance_m": 110.8248, "shelter_count_within_500m": 7.52, "est_population": 952.2, "est_elderly": 243.2, "shelter_capacity_within_500m": 2177.2, "building_form_group": "low_floor_high_density", "dong_name": "신월7동", "top1_feature": "building_ratio", "top1_shap": 0.5633, "top2_feature": "nearest_stream_distance_m", "top2_shap": -0.3921, "top3_feature": "ndvi", "top3_shap": -0.234, "priority_score": 51.1239, "priority_rank": 160 }, "geometry": { "type": "Polygon", "coordinates": [ [ [ 126.829497457373549, 37.520393618223615 ], [ 126.829477292508486, 37.522646871960077 ], [ 126.832306325947883, 37.522662899784798 ], [ 126.832326405749882, 37.520409644751709 ], [ 126.829497457373549, 37.520393618223615 ] ] ] } },
{ "type": "Feature", "properties": { "member_grid_ids": ["11470_00782", "11470_00783", "11470_00784", "11470_00831", "11470_00832", "11470_00833", "11470_00880", "11470_00881", "11470_00882"], "display_grid_id": "11470_00142", "gu_code": 11470, "gu_name": "양천구", "source_cell_count": 16, "area_m2": 62500.0, "mean_actual_lst": 39.9096, "mean_actual_anomaly": 1.7707, "seoul_anomaly": 3.119, "pred_anomaly": 2.3667, "pred_anomaly_std": 0.6232, "green_delta_c": -0.3784, "building_ratio": 0.3935, "green_ratio": 0.3075, "ndvi": 0.1529, "impervious_ratio": 0.2607, "built_surface_ratio": 0.2607, "avg_ground_floor_count": 3.1278, "elevation_m": 30.3551, "albedo": 0.1192, "nearest_park_distance_m": 0.4792, "park_area_within_500m": 252964.0184, "nearest_stream_distance_m": 3763.6604, "est_population_density": 22114.0, "dong_elderly_ratio": 0.2554, "dong_avg_age": 47.6, "dong_pop_density": 15158.5, "nearest_shelter_distance_m": 132.3296, "shelter_count_within_500m": 12.16, "est_population": 1382.1, "est_elderly": 353.0, "shelter_capacity_within_500m": 3429.5, "building_form_group": "low_floor_high_density", "dong_name": "신월7동", "top1_feature": "building_ratio", "top1_shap": 1.0146, "top2_feature": "nearest_stream_distance_m", "top2_shap": -0.4883, "top3_feature": "ndvi", "top3_shap": 0.3103, "priority_score": 61.5562, "priority_rank": 76 }, "geometry": { "type": "Polygon", "coordinates": [ [ [ 126.832326405749882, 37.520409644751709 ], [ 126.832306325947883, 37.522662899784798 ], [ 126.835135361623443, 37.522678859851588 ], [ 126.835155356362094, 37.520425603527357 ], [ 126.832326405749882, 37.520409644751709 ] ] ] } },
{ "type": "Feature", "properties": { "member_grid_ids": ["11470_00784", "11470_00785", "11470_00786", "11470_00833", "11470_00834", "11470_00835", "11470_00883", "11470_00884"], "display_grid_id": "11470_00143", "gu_code": 11470, "gu_name": "양천구", "source_cell_count": 11, "area_m2": 62500.0, "mean_actual_lst": 39.9057, "mean_actual_anomaly": 1.7392, "seoul_anomaly": 3.0875, "pred_anomaly": 1.9192, "pred_anomaly_std": 0.7466, "green_delta_c": -0.5274, "building_ratio": 0.2029, "green_ratio": 0.2961, "ndvi": 0.2092, "impervious_ratio": 0.4092, "built_surface_ratio": 0.4092, "avg_ground_floor_count": 2.7544, "elevation_m": 26.2869, "albedo": 0.1267, "nearest_park_distance_m": 43.6272, "park_area_within_500m": 264672.5456, "nearest_stream_distance_m": 3544.802, "est_population_density": 10561.2, "dong_elderly_ratio": 0.2476, "dong_avg_age": 46.832, "dong_pop_density": 20267.668, "nearest_shelter_distance_m": 139.4896, "shelter_count_within_500m": 18.56, "est_population": 660.1, "est_elderly": 163.4, "shelter_capacity_within_500m": 5074.5, "building_form_group": "low_floor_low_density", "dong_name": "신월7동", "top1_feature": "building_ratio", "top1_shap": 0.3407, "top2_feature": "impervious_ratio", "top2_shap": 0.3358, "top3_feature": "ndvi", "top3_shap": 0.0487, "priority_score": 59.9712, "priority_rank": 87 }, "geometry": { "type": "Polygon", "coordinates": [ [ [ 126.835155356362094, 37.520425603527357 ], [ 126.835135361623443, 37.522678859851588 ], [ 126.837964399525674, 37.522694752160284 ], [ 126.837984309200721, 37.52044149455039 ], [ 126.835155356362094, 37.520425603527357 ] ] ] } },
{ "type": "Feature", "properties": { "member_grid_ids": ["11470_00787", "11470_00788", "11470_00789", "11470_00836", "11470_00837", "11470_00838", "11470_00885", "11470_00886", "11470_00887"], "display_grid_id": "11470_00144", "gu_code": 11470, "gu_name": "양천구", "source_cell_count": 14, "area_m2": 62500.0, "mean_actual_lst": 40.9568, "mean_actual_anomaly": 2.7219, "seoul_anomaly": 4.0701, "pred_anomaly": 2.5631, "pred_anomaly_std": 0.6787, "green_delta_c": -0.3399, "building_ratio": 0.3097, "green_ratio": 0.2165, "ndvi": 0.1391, "impervious_ratio": 0.5193, "built_surface_ratio": 0.5193, "avg_ground_floor_count": 5.8832, "elevation_m": 20.6552, "albedo": 0.1234, "nearest_park_distance_m": 231.9948, "park_area_within_500m": 203998.2648, "nearest_stream_distance_m": 3311.016, "est_population_density": 32229.6, "dong_elderly_ratio": 0.223, "dong_avg_age": 44.4, "dong_pop_density": 36446.7, "nearest_shelter_distance_m": 81.988, "shelter_count_within_500m": 19.52, "est_population": 2014.4, "est_elderly": 449.3, "shelter_capacity_within_500m": 5128.3, "building_form_group": "high_floor_high_density", "dong_name": "신월4동", "top1_feature": "building_ratio", "top1_shap": 0.6874, "top2_feature": "impervious_ratio", "top2_shap": 0.483, "top3_feature": "ndvi", "top3_shap": 0.2758, "priority_score": 70.6196, "priority_rank": 25 }, "geometry": { "type": "Polygon", "coordinates": [ [ [ 126.837984309200721, 37.52044149455039 ], [ 126.837964399525674, 37.522694752160284 ], [ 126.840793439645097, 37.522710576710715 ], [ 126.840813264256298, 37.52045731782065 ], [ 126.837984309200721, 37.52044149455039 ] ] ] } },
{ "type": "Feature", "properties": { "member_grid_ids": ["11470_00789", "11470_00790", "11470_00791", "11470_00838", "11470_00839", "11470_00840", "11470_00888", "11470_00889"], "display_grid_id": "11470_00145", "gu_code": 11470, "gu_name": "양천구", "source_cell_count": 13, "area_m2": 62500.0, "mean_actual_lst": 40.6023, "mean_actual_anomaly": 2.2735, "seoul_anomaly": 3.6217, "pred_anomaly": 2.363, "pred_anomaly_std": 0.6016, "green_delta_c": -0.2178, "building_ratio": 0.3137, "green_ratio": 0.241, "ndvi": 0.1193, "impervious_ratio": 0.401, "built_surface_ratio": 0.401, "avg_ground_floor_count": 6.5828, "elevation_m": 18.7045, "albedo": 0.12, "nearest_park_distance_m": 255.0628, "park_area_within_500m": 126765.7856, "nearest_stream_distance_m": 3098.916, "est_population_density": 37012.8, "dong_elderly_ratio": 0.2231, "dong_avg_age": 44.432, "dong_pop_density": 36125.668, "nearest_shelter_distance_m": 70.8024, "shelter_count_within_500m": 23.36, "est_population": 2313.3, "est_elderly": 516.3, "shelter_capacity_within_500m": 6215.8, "building_form_group": "high_floor_high_density", "dong_name": "신월4동", "top1_feature": "building_ratio", "top1_shap": 0.7344, "top2_feature": "impervious_ratio", "top2_shap": 0.4022, "top3_feature": "ndvi", "top3_shap": 0.4011, "priority_score": 59.9136, "priority_rank": 89 }, "geometry": { "type": "Polygon", "coordinates": [ [ [ 126.840813264256298, 37.52045731782065 ], [ 126.840793439645097, 37.522710576710715 ], [ 126.843622481972275, 37.522726333502732 ], [ 126.843642221519318, 37.520473073337953 ], [ 126.840813264256298, 37.52045731782065 ] ] ] } },
{ "type": "Feature", "properties": { "member_grid_ids": ["11470_00792", "11470_00793", "11470_00794", "11470_00841", "11470_00842", "11470_00843", "11470_00890", "11470_00891", "11470_00892"], "display_grid_id": "11470_00146", "gu_code": 11470, "gu_name": "양천구", "source_cell_count": 14, "area_m2": 62500.0, "mean_actual_lst": 39.5586, "mean_actual_anomaly": 1.1944, "seoul_anomaly": 2.5426, "pred_anomaly": 2.0323, "pred_anomaly_std": 0.6873, "green_delta_c": -0.2749, "building_ratio": 0.2829, "green_ratio": 0.2374, "ndvi": 0.1626, "impervious_ratio": 0.4307, "built_surface_ratio": 0.4307, "avg_ground_floor_count": 7.1871, "elevation_m": 22.5269, "albedo": 0.1175, "nearest_park_distance_m": 95.4844, "park_area_within_500m": 144119.0324, "nearest_stream_distance_m": 2874.1084, "est_population_density": 36325.6, "dong_elderly_ratio": 0.2248, "dong_avg_age": 44.8, "dong_pop_density": 32433.8, "nearest_shelter_distance_m": 79.9652, "shelter_count_within_500m": 22.56, "est_population": 2270.4, "est_elderly": 510.4, "shelter_capacity_within_500m": 5726.8, "building_form_group": "high_floor_high_density", "dong_name": "신월2동", "top1_feature": "building_ratio", "top1_shap": 0.5923, "top2_feature": "impervious_ratio", "top2_shap": 0.4062, "top3_feature": "built_surface_ratio", "top3_shap": 0.212, "priority_score": 58.0475, "priority_rank": 114 }, "geometry": { "type": "Polygon", "coordinates": [ [ [ 126.843642221519318, 37.520473073337953 ], [ 126.843622481972275, 37.522726333502732 ], [ 126.846451526497702, 37.522742022536164 ], [ 126.846471180980387, 37.520488761102158 ], [ 126.843642221519318, 37.520473073337953 ] ] ] } },
{ "type": "Feature", "properties": { "member_grid_ids": ["11470_00794", "11470_00795", "11470_00796", "11470_00843", "11470_00844", "11470_00845", "11470_00893", "11470_00894"], "display_grid_id": "11470_00147", "gu_code": 11470, "gu_name": "양천구", "source_cell_count": 14, "area_m2": 62500.0, "mean_actual_lst": 39.8549, "mean_actual_anomaly": 1.5197, "seoul_anomaly": 2.868, "pred_anomaly": 1.9313, "pred_anomaly_std": 0.7594, "green_delta_c": -0.3797, "building_ratio": 0.2716, "green_ratio": 0.2582, "ndvi": 0.1679, "impervious_ratio": 0.4395, "built_surface_ratio": 0.4395, "avg_ground_floor_count": 7.1292, "elevation_m": 32.9861, "albedo": 0.1134, "nearest_park_distance_m": 14.2516, "park_area_within_500m": 207325.4764, "nearest_stream_distance_m": 2668.6428, "est_population_density": 34530.4, "dong_elderly_ratio": 0.2076, "dong_avg_age": 43.888, "dong_pop_density": 25419.848, "nearest_shelter_distance_m": 62.6548, "shelter_count_within_500m": 16.48, "est_population": 2158.2, "est_elderly": 434.5, "shelter_capacity_within_500m": 4160.8, "building_form_group": "high_floor_high_density", "dong_name": "신월2동", "top1_feature": "building_ratio", "top1_shap": 0.5505, "top2_feature": "impervious_ratio", "top2_shap": 0.4389, "top3_feature": "nearest_stream_distance_m", "top3_shap": -0.207, "priority_score": 61.1672, "priority_rank": 79 }, "geometry": { "type": "Polygon", "coordinates": [ [ [ 126.846471180980387, 37.520488761102158 ], [ 126.846451526497702, 37.522742022536164 ], [ 126.849280573211928, 37.522757643810841 ], [ 126.849300142629971, 37.520504381113106 ], [ 126.846471180980387, 37.520488761102158 ] ] ] } },
{ "type": "Feature", "properties": { "member_grid_ids": ["11470_00797", "11470_00798", "11470_00799", "11470_00846", "11470_00847", "11470_00848", "11470_00895", "11470_00896", "11470_00897"], "display_grid_id": "11470_00148", "gu_code": 11470, "gu_name": "양천구", "source_cell_count": 14, "area_m2": 62500.0, "mean_actual_lst": 41.0745, "mean_actual_anomaly": 2.6157, "seoul_anomaly": 3.9639, "pred_anomaly": 2.7818, "pred_anomaly_std": 0.6689, "green_delta_c": -0.4184, "building_ratio": 0.3199, "green_ratio": 0.2543, "ndvi": 0.111, "impervious_ratio": 0.3922, "built_surface_ratio": 0.3922, "avg_ground_floor_count": 3.9233, "elevation_m": 32.3653, "albedo": 0.1196, "nearest_park_distance_m": 11.8464, "park_area_within_500m": 277991.462, "nearest_stream_distance_m": 2445.2144, "est_population_density": 20152.4, "dong_elderly_ratio": 0.1962, "dong_avg_age": 43.432, "dong_pop_density": 21924.104, "nearest_shelter_distance_m": 184.0208, "shelter_count_within_500m": 12.44, "est_population": 1259.5, "est_elderly": 246.9, "shelter_capacity_within_500m": 4252.3, "building_form_group": "low_floor_high_density", "dong_name": "신정3동", "top1_feature": "building_ratio", "top1_shap": 0.7152, "top2_feature": "ndvi", "top2_shap": 0.5835, "top3_feature": "impervious_ratio", "top3_shap": 0.3099, "priority_score": 70.6773, "priority_rank": 23 }, "geometry": { "type": "Polygon", "coordinates": [ [ [ 126.849300142629971, 37.520504381113106 ], [ 126.849280573211928, 37.522757643810841 ], [ 126.852109622105488, 37.522773197326615 ], [ 126.852129106458634, 37.520519933370622 ], [ 126.849300142629971, 37.520504381113106 ] ] ] } },
{ "type": "Feature", "properties": { "member_grid_ids": ["11470_00799", "11470_00800", "11470_00801", "11470_00848", "11470_00849", "11470_00850", "11470_00898", "11470_00899"], "display_grid_id": "11470_00149", "gu_code": 11470, "gu_name": "양천구", "source_cell_count": 13, "area_m2": 62500.0, "mean_actual_lst": 41.0402, "mean_actual_anomaly": 2.5135, "seoul_anomaly": 3.8617, "pred_anomaly": 3.0558, "pred_anomaly_std": 0.6905, "green_delta_c": -0.5044, "building_ratio": 0.3612, "green_ratio": 0.2725, "ndvi": 0.091, "impervious_ratio": 0.2109, "built_surface_ratio": 0.2109, "avg_ground_floor_count": 3.9272, "elevation_m": 21.6574, "albedo": 0.1188, "nearest_park_distance_m": 10.4088, "park_area_within_500m": 296928.186, "nearest_stream_distance_m": 2227.9672, "est_population_density": 17804.4, "dong_elderly_ratio": 0.1915, "dong_avg_age": 43.528, "dong_pop_density": 29093.512, "nearest_shelter_distance_m": 139.5728, "shelter_count_within_500m": 9.08, "est_population": 1112.8, "est_elderly": 222.0, "shelter_capacity_within_500m": 3747.3, "building_form_group": "low_floor_high_density", "dong_name": "신정4동", "top1_feature": "building_ratio", "top1_shap": 0.9567, "top2_feature": "ndvi", "top2_shap": 0.7474, "top3_feature": "impervious_ratio", "top3_shap": 0.2013, "priority_score": 65.6196, "priority_rank": 55 }, "geometry": { "type": "Polygon", "coordinates": [ [ [ 126.852129106458634, 37.520519933370622 ], [ 126.852109622105488, 37.522773197326615 ], [ 126.854938673168888, 37.522788683083313 ], [ 126.854958072456867, 37.520535417874534 ], [ 126.852129106458634, 37.520519933370622 ] ] ] } },
{ "type": "Feature", "properties": { "member_grid_ids": ["11470_00802", "11470_00803", "11470_00804", "11470_00851", "11470_00852", "11470_00853", "11470_00900", "11470_00901", "11470_00902"], "display_grid_id": "11470_00150", "gu_code": 11470, "gu_name": "양천구", "source_cell_count": 14, "area_m2": 62500.0, "mean_actual_lst": 40.484, "mean_actual_anomaly": 1.9898, "seoul_anomaly": 3.338, "pred_anomaly": 2.6674, "pred_anomaly_std": 0.5644, "green_delta_c": -0.2195, "building_ratio": 0.3524, "green_ratio": 0.2621, "ndvi": 0.085, "impervious_ratio": 0.282, "built_surface_ratio": 0.282, "avg_ground_floor_count": 4.6682, "elevation_m": 17.0594, "albedo": 0.1129, "nearest_park_distance_m": 21.9696, "park_area_within_500m": 277667.3076, "nearest_stream_distance_m": 1986.6612, "est_population_density": 27242.0, "dong_elderly_ratio": 0.1902, "dong_avg_age": 43.4, "dong_pop_density": 29705.64, "nearest_shelter_distance_m": 153.9284, "shelter_count_within_500m": 8.0, "est_population": 1702.6, "est_elderly": 321.4, "shelter_capacity_within_500m": 3361.0, "building_form_group": "high_floor_high_density", "dong_name": "신정4동", "top1_feature": "building_ratio", "top1_shap": 0.8872, "top2_feature": "ndvi", "top2_shap": 0.6499, "top3_feature": "nearest_stream_distance_m", "top3_shap": -0.206, "priority_score": 57.853, "priority_rank": 117 }, "geometry": { "type": "Polygon", "coordinates": [ [ [ 126.854958072456867, 37.520535417874534 ], [ 126.854938673168888, 37.522788683083313 ], [ 126.857767726392652, 37.522804101080787 ], [ 126.857787040615221, 37.520550834624707 ], [ 126.854958072456867, 37.520535417874534 ] ] ] } },
{ "type": "Feature", "properties": { "member_grid_ids": ["11470_00804", "11470_00805", "11470_00806", "11470_00853", "11470_00854", "11470_00855", "11470_00903", "11470_00904"], "display_grid_id": "11470_00151", "gu_code": 11470, "gu_name": "양천구", "source_cell_count": 14, "area_m2": 62500.0, "mean_actual_lst": 41.0305, "mean_actual_anomaly": 2.2761, "seoul_anomaly": 3.6243, "pred_anomaly": 2.8635, "pred_anomaly_std": 0.5552, "green_delta_c": -0.2416, "building_ratio": 0.3619, "green_ratio": 0.254, "ndvi": 0.0951, "impervious_ratio": 0.2735, "built_surface_ratio": 0.2735, "avg_ground_floor_count": 4.8817, "elevation_m": 16.2202, "albedo": 0.114, "nearest_park_distance_m": 153.5688, "park_area_within_500m": 307613.6188, "nearest_stream_distance_m": 1754.8684, "est_population_density": 30532.4, "dong_elderly_ratio": 0.1858, "dong_avg_age": 42.84, "dong_pop_density": 28576.936, "nearest_shelter_distance_m": 230.2932, "shelter_count_within_500m": 7.76, "est_population": 1908.3, "est_elderly": 353.5, "shelter_capacity_within_500m": 2666.5, "building_form_group": "high_floor_high_density", "dong_name": "신정1동", "top1_feature": "building_ratio", "top1_shap": 0.9505, "top2_feature": "ndvi", "top2_shap": 0.6403, "top3_feature": "impervious_ratio", "top3_shap": 0.36, "priority_score": 66.2968, "priority_rank": 50 }, "geometry": { "type": "Polygon", "coordinates": [ [ [ 126.857787040615221, 37.520550834624707 ], [ 126.857767726392652, 37.522804101080787 ], [ 126.860596781767356, 37.52281945131886 ], [ 126.860616010924247, 37.520566183620979 ], [ 126.857787040615221, 37.520550834624707 ] ] ] } },
{ "type": "Feature", "properties": { "member_grid_ids": ["11470_00807", "11470_00808", "11470_00809", "11470_00856", "11470_00857", "11470_00858", "11470_00905", "11470_00906", "11470_00907"], "display_grid_id": "11470_00152", "gu_code": 11470, "gu_name": "양천구", "source_cell_count": 13, "area_m2": 62500.0, "mean_actual_lst": 40.6276, "mean_actual_anomaly": 1.6051, "seoul_anomaly": 2.9533, "pred_anomaly": 2.4604, "pred_anomaly_std": 0.6154, "green_delta_c": -0.3641, "building_ratio": 0.3323, "green_ratio": 0.2772, "ndvi": 0.1315, "impervious_ratio": 0.282, "built_surface_ratio": 0.282, "avg_ground_floor_count": 5.4421, "elevation_m": 17.1031, "albedo": 0.1103, "nearest_park_distance_m": 61.2684, "park_area_within_500m": 407116.6412, "nearest_stream_distance_m": 1502.5312, "est_population_density": 30433.2, "dong_elderly_ratio": 0.1791, "dong_avg_age": 42.0, "dong_pop_density": 26883.88, "nearest_shelter_distance_m": 98.9012, "shelter_count_within_500m": 4.08, "est_population": 1902.1, "est_elderly": 342.4, "shelter_capacity_within_500m": 1098.5, "building_form_group": "high_floor_high_density", "dong_name": "신정1동", "top1_feature": "building_ratio", "top1_shap": 0.7569, "top2_feature": "ndvi", "top2_shap": 0.4031, "top3_feature": "impervious_ratio", "top3_shap": 0.3594, "priority_score": 57.9107, "priority_rank": 116 }, "geometry": { "type": "Polygon", "coordinates": [ [ [ 126.860616010924247, 37.520566183620979 ], [ 126.860596781767356, 37.52281945131886 ], [ 126.863425839283451, 37.522834733797382 ], [ 126.863444983374464, 37.520581464863163 ], [ 126.860616010924247, 37.520566183620979 ] ] ] } },
{ "type": "Feature", "properties": { "member_grid_ids": ["11470_00809", "11470_00810", "11470_00811", "11470_00858", "11470_00859", "11470_00860", "11470_00908", "11470_00909"], "display_grid_id": "11470_00153", "gu_code": 11470, "gu_name": "양천구", "source_cell_count": 12, "area_m2": 62500.0, "mean_actual_lst": 39.0176, "mean_actual_anomaly": -0.1337, "seoul_anomaly": 1.2146, "pred_anomaly": 1.0861, "pred_anomaly_std": 0.7223, "green_delta_c": -0.202, "building_ratio": 0.22, "green_ratio": 0.2889, "ndvi": 0.191, "impervious_ratio": 0.377, "built_surface_ratio": 0.377, "avg_ground_floor_count": 10.5186, "elevation_m": 15.8573, "albedo": 0.1178, "nearest_park_distance_m": 5.678, "park_area_within_500m": 541446.1444, "nearest_stream_distance_m": 1272.3384, "est_population_density": 27308.4, "dong_elderly_ratio": 0.1743, "dong_avg_age": 41.584, "dong_pop_density": 25898.984, "nearest_shelter_distance_m": 219.246, "shelter_count_within_500m": 5.28, "est_population": 1706.8, "est_elderly": 305.0, "shelter_capacity_within_500m": 1254.0, "building_form_group": "high_floor_high_density", "dong_name": "신정1동", "top1_feature": "building_ratio", "top1_shap": 0.4538, "top2_feature": "impervious_ratio", "top2_shap": 0.3387, "top3_feature": "avg_ground_floor_count", "top3_shap": -0.2926, "priority_score": 49.8703, "priority_rank": 172 }, "geometry": { "type": "Polygon", "coordinates": [ [ [ 126.863444983374464, 37.520581464863163 ], [ 126.863425839283451, 37.522834733797382 ], [ 126.86625489893153, 37.522849948516203 ], [ 126.866273957956366, 37.520596678351133 ], [ 126.863444983374464, 37.520581464863163 ] ] ] } },
{ "type": "Feature", "properties": { "member_grid_ids": ["11470_00812", "11470_00813", "11470_00814", "11470_00861", "11470_00862", "11470_00863", "11470_00910", "11470_00911", "11470_00912"], "display_grid_id": "11470_00154", "gu_code": 11470, "gu_name": "양천구", "source_cell_count": 12, "area_m2": 62500.0, "mean_actual_lst": 37.7311, "mean_actual_anomaly": -1.3746, "seoul_anomaly": -0.0263, "pred_anomaly": 0.389, "pred_anomaly_std": 0.68, "green_delta_c": -0.2094, "building_ratio": 0.1582, "green_ratio": 0.2467, "ndvi": 0.1894, "impervious_ratio": 0.4623, "built_surface_ratio": 0.4623, "avg_ground_floor_count": 14.6378, "elevation_m": 18.4828, "albedo": 0.1089, "nearest_park_distance_m": 0.0, "park_area_within_500m": 546322.4916, "nearest_stream_distance_m": 1022.4204, "est_population_density": 31608.8, "dong_elderly_ratio": 0.1518, "dong_avg_age": 40.7, "dong_pop_density": 24305.4, "nearest_shelter_distance_m": 118.5396, "shelter_count_within_500m": 7.48, "est_population": 1975.6, "est_elderly": 299.9, "shelter_capacity_within_500m": 1328.8, "building_form_group": "high_floor_low_density", "dong_name": "신정6동", "top1_feature": "avg_ground_floor_count", "top1_shap": -0.5613, "top2_feature": "impervious_ratio", "top2_shap": 0.3814, "top3_feature": "built_surface_ratio", "top3_shap": 0.3123, "priority_score": 41.3689, "priority_rank": 240 }, "geometry": { "type": "Polygon", "coordinates": [ [ [ 126.866273957956366, 37.520596678351133 ], [ 126.86625489893153, 37.522849948516203 ], [ 126.869083960702099, 37.522865095475154 ], [ 126.869102934660532, 37.52061182408471 ], [ 126.866273957956366, 37.520596678351133 ] ] ] } },
{ "type": "Feature", "properties": { "member_grid_ids": ["11470_00814", "11470_00815", "11470_00816", "11470_00863", "11470_00864", "11470_00865", "11470_00913", "11470_00914"], "display_grid_id": "11470_00155", "gu_code": 11470, "gu_name": "양천구", "source_cell_count": 9, "area_m2": 62500.0, "mean_actual_lst": 38.9834, "mean_actual_anomaly": 0.0555, "seoul_anomaly": 1.4038, "pred_anomaly": 1.0211, "pred_anomaly_std": 0.7108, "green_delta_c": -0.2401, "building_ratio": 0.24, "green_ratio": 0.2302, "ndvi": 0.1357, "impervious_ratio": 0.4637, "built_surface_ratio": 0.4637, "avg_ground_floor_count": 15.2339, "elevation_m": 12.3218, "albedo": 0.099, "nearest_park_distance_m": 18.28, "park_area_within_500m": 401632.6492, "nearest_stream_distance_m": 792.2564, "est_population_density": 21556.0, "dong_elderly_ratio": 0.1578, "dong_avg_age": 41.22, "dong_pop_density": 28500.2, "nearest_shelter_distance_m": 143.1468, "shelter_count_within_500m": 12.6, "est_population": 1347.2, "est_elderly": 217.5, "shelter_capacity_within_500m": 2005.7, "building_form_group": "high_floor_low_density", "dong_name": "신정6동", "top1_feature": "avg_ground_floor_count", "top1_shap": -0.483, "top2_feature": "impervious_ratio", "top2_shap": 0.3224, "top3_feature": "building_ratio", "top3_shap": 0.2279, "priority_score": 47.8746, "priority_rank": 188 }, "geometry": { "type": "Polygon", "coordinates": [ [ [ 126.869102934660532, 37.52061182408471 ], [ 126.869083960702099, 37.522865095475154 ], [ 126.871913024585666, 37.522880174674086 ], [ 126.871931913477439, 37.520626902063754 ], [ 126.869102934660532, 37.52061182408471 ] ] ] } },
{ "type": "Feature", "properties": { "member_grid_ids": ["11470_00817", "11470_00818", "11470_00819", "11470_00866", "11470_00867", "11470_00868", "11470_00915", "11470_00916", "11470_00917"], "display_grid_id": "11470_00156", "gu_code": 11470, "gu_name": "양천구", "source_cell_count": 14, "area_m2": 62500.0, "mean_actual_lst": 40.3479, "mean_actual_anomaly": 1.9303, "seoul_anomaly": 3.2785, "pred_anomaly": 2.5646, "pred_anomaly_std": 0.6774, "green_delta_c": -0.2188, "building_ratio": 0.2804, "green_ratio": 0.2172, "ndvi": 0.1313, "impervious_ratio": 0.4956, "built_surface_ratio": 0.4956, "avg_ground_floor_count": 7.0163, "elevation_m": 13.3135, "albedo": 0.1095, "nearest_park_distance_m": 195.7936, "park_area_within_500m": 215526.7388, "nearest_stream_distance_m": 539.5384, "est_population_density": 32458.0, "dong_elderly_ratio": 0.1635, "dong_avg_age": 41.712, "dong_pop_density": 33043.256, "nearest_shelter_distance_m": 72.8196, "shelter_count_within_500m": 17.36, "est_population": 2028.6, "est_elderly": 331.0, "shelter_capacity_within_500m": 2943.8, "building_form_group": "low_floor_high_density", "dong_name": "신정2동", "top1_feature": "building_ratio", "top1_shap": 0.5877, "top2_feature": "impervious_ratio", "top2_shap": 0.4794, "top3_feature": "ndvi", "top3_shap": 0.319, "priority_score": 55.7781, "priority_rank": 128 }, "geometry": { "type": "Polygon", "coordinates": [ [ [ 126.871931913477439, 37.520626902063754 ], [ 126.871913024585666, 37.522880174674086 ], [ 126.874742090572795, 37.522895186112841 ], [ 126.874760894397639, 37.520641912288092 ], [ 126.871931913477439, 37.520626902063754 ] ] ] } },
{ "type": "Feature", "properties": { "member_grid_ids": ["11470_00819", "11470_00820", "11470_00821", "11470_00868", "11470_00869", "11470_00870", "11470_00918", "11470_00919"], "display_grid_id": "11470_00157", "gu_code": 11470, "gu_name": "양천구", "source_cell_count": 14, "area_m2": 62500.0, "mean_actual_lst": 40.5895, "mean_actual_anomaly": 2.2227, "seoul_anomaly": 3.571, "pred_anomaly": 3.1157, "pred_anomaly_std": 0.7735, "green_delta_c": -0.1869, "building_ratio": 0.3494, "green_ratio": 0.228, "ndvi": 0.109, "impervious_ratio": 0.4073, "built_surface_ratio": 0.4073, "avg_ground_floor_count": 5.633, "elevation_m": 13.9126, "albedo": 0.1034, "nearest_park_distance_m": 179.7608, "park_area_within_500m": 65764.6116, "nearest_stream_distance_m": 302.9272, "est_population_density": 35197.2, "dong_elderly_ratio": 0.1614, "dong_avg_age": 41.52, "dong_pop_density": 31877.16, "nearest_shelter_distance_m": 105.3068, "shelter_count_within_500m": 15.44, "est_population": 2199.8, "est_elderly": 347.8, "shelter_capacity_within_500m": 2868.3, "building_form_group": "high_floor_high_density", "dong_name": "신정2동", "top1_feature": "building_ratio", "top1_shap": 0.9104, "top2_feature": "ndvi", "top2_shap": 0.5142, "top3_feature": "impervious_ratio", "top3_shap": 0.4079, "priority_score": 57.8098, "priority_rank": 118 }, "geometry": { "type": "Polygon", "coordinates": [ [ [ 126.874760894397639, 37.520641912288092 ], [ 126.874742090572795, 37.522895186112841 ], [ 126.877571158653993, 37.522910129791256 ], [ 126.87758987741168, 37.520656854757583 ], [ 126.874760894397639, 37.520641912288092 ] ] ] } },
{ "type": "Feature", "properties": { "member_grid_ids": ["11470_00822", "11470_00823", "11470_00871", "11470_00872", "11470_00920", "11470_00921"], "display_grid_id": "11470_00158", "gu_code": 11470, "gu_name": "양천구", "source_cell_count": 7, "area_m2": 35987.85, "mean_actual_lst": 38.2975, "mean_actual_anomaly": -0.069, "seoul_anomaly": 1.2792, "pred_anomaly": -0.2028, "pred_anomaly_std": 0.8041, "green_delta_c": -0.4486, "building_ratio": 0.1129, "green_ratio": 0.4017, "ndvi": 0.2817, "impervious_ratio": 0.2839, "built_surface_ratio": 0.2839, "avg_ground_floor_count": 9.1691, "elevation_m": 14.1472, "albedo": 0.1373, "nearest_park_distance_m": 209.6679, "park_area_within_500m": 28904.6789, "nearest_stream_distance_m": 100.7002, "est_population_density": 7413.6131, "dong_elderly_ratio": 0.1621, "dong_avg_age": 41.5804, "dong_pop_density": 32243.9113, "nearest_shelter_distance_m": 191.9973, "shelter_count_within_500m": 15.1542, "est_population": 266.8, "est_elderly": 42.8, "shelter_capacity_within_500m": 1859.2, "building_form_group": "high_floor_low_density", "dong_name": "신정2동", "top1_feature": "green_ratio", "top1_shap": -0.3299, "top2_feature": "impervious_ratio", "top2_shap": 0.2301, "top3_feature": "built_surface_ratio", "top3_shap": 0.2131, "priority_score": 46.7147, "priority_rank": 192 }, "geometry": { "type": "Polygon", "coordinates": [ [ [ 126.87758987741168, 37.520656854757583 ], [ 126.877571158653993, 37.522910129791256 ], [ 126.878923600432714, 37.522917249704093 ], [ 126.878936379999985, 37.52288011000001 ], [ 126.87897158, 37.52277777 ], [ 126.879000719999979, 37.52269746 ], [ 126.879031420000018, 37.52261283 ], [ 126.879050070000019, 37.52256104 ], [ 126.879056460000015, 37.52253769 ], [ 126.87905225, 37.52251966 ], [ 126.87902489, 37.52249401000001 ], [ 126.8790018, 37.52245767 ], [ 126.879021159999979, 37.52239799 ], [ 126.879122200000012, 37.52222409 ], [ 126.87915358, 37.52216218 ], [ 126.87918626, 37.52206395 ], [ 126.87927884, 37.52165803 ], [ 126.87930652, 37.52148462 ], [ 126.87930888, 37.5213399 ], [ 126.8793168, 37.52124897 ], [ 126.87934863000001, 37.5210215 ], [ 126.879407809999989, 37.52082757 ], [ 126.879415640000019, 37.52076519 ], [ 126.87942804147842, 37.520666527477125 ], [ 126.87758987741168, 37.520656854757583 ] ] ] } },
{ "type": "Feature", "properties": { "member_grid_ids": ["11470_00873", "11470_00874", "11470_00922", "11470_00923", "11470_00971"], "display_grid_id": "11470_00159", "gu_code": 11470, "gu_name": "양천구", "source_cell_count": 8, "area_m2": 18863.93, "mean_actual_lst": 39.7662, "mean_actual_anomaly": 1.4707, "seoul_anomaly": 2.8189, "pred_anomaly": 2.3592, "pred_anomaly_std": 0.9808, "green_delta_c": -0.4308, "building_ratio": 0.1691, "green_ratio": 0.2584, "ndvi": 0.1422, "impervious_ratio": 0.4232, "built_surface_ratio": 0.4232, "avg_ground_floor_count": 3.0151, "elevation_m": 51.5261, "albedo": 0.1191, "nearest_park_distance_m": 321.5724, "park_area_within_500m": 30770.3572, "nearest_stream_distance_m": 4466.0193, "est_population_density": 7818.8903, "dong_elderly_ratio": 0.2554, "dong_avg_age": 47.6, "dong_pop_density": 15158.5, "nearest_shelter_distance_m": 210.9727, "shelter_count_within_500m": 1.8991, "est_population": 147.5, "est_elderly": 34.8, "shelter_capacity_within_500m": 187.6, "building_form_group": "high_floor_low_density", "dong_name": "신월7동", "top1_feature": "ndvi", "top1_shap": 0.6036, "top2_feature": "impervious_ratio", "top2_shap": 0.4733, "top3_feature": "built_surface_ratio", "top3_shap": 0.3256, "priority_score": 57.2046, "priority_rank": 121 }, "geometry": { "type": "Polygon", "coordinates": [ [ [ 126.826628009131724, 37.5248840279408 ], [ 126.826648261314702, 37.522630776377589 ], [ 126.825343723704748, 37.522623331468111 ], [ 126.82521713, 37.52278015000001 ], [ 126.825195509999986, 37.52280827 ], [ 126.82519248, 37.52281447 ], [ 126.82513707, 37.52300556 ], [ 126.82516257, 37.52305515 ], [ 126.825450160000017, 37.52335573 ], [ 126.82549628000001, 37.5233603 ], [ 126.82572373, 37.52360222 ], [ 126.82582052, 37.52370824 ], [ 126.825869990000015, 37.52379334 ], [ 126.825914, 37.52386886 ], [ 126.82594164, 37.5239162 ], [ 126.82608804, 37.52419911 ], [ 126.826126169999981, 37.52429574 ], [ 126.82631182999998, 37.52457167 ], [ 126.82647877, 37.52476281 ], [ 126.826498582303628, 37.524883289916914 ], [ 126.826628009131724, 37.5248840279408 ] ] ] } },
{ "type": "Feature", "properties": { "member_grid_ids": ["11470_00875", "11470_00876", "11470_00877", "11470_00924", "11470_00925", "11470_00926", "11470_00972", "11470_00973", "11470_00974"], "display_grid_id": "11470_00160", "gu_code": 11470, "gu_name": "양천구", "source_cell_count": 12, "area_m2": 62500.0, "mean_actual_lst": 39.2555, "mean_actual_anomaly": 0.96, "seoul_anomaly": 2.3082, "pred_anomaly": 1.429, "pred_anomaly_std": 0.8105, "green_delta_c": -0.5561, "building_ratio": 0.179, "green_ratio": 0.3102, "ndvi": 0.2023, "impervious_ratio": 0.4063, "built_surface_ratio": 0.4063, "avg_ground_floor_count": 3.69, "elevation_m": 44.572, "albedo": 0.1223, "nearest_park_distance_m": 199.2404, "park_area_within_500m": 108629.0668, "nearest_stream_distance_m": 4317.8292, "est_population_density": 13381.6, "dong_elderly_ratio": 0.2554, "dong_avg_age": 47.6, "dong_pop_density": 15158.5, "nearest_shelter_distance_m": 146.3064, "shelter_count_within_500m": 4.0, "est_population": 836.3, "est_elderly": 213.7, "shelter_capacity_within_500m": 976.2, "building_form_group": "low_floor_low_density", "dong_name": "신월7동", "top1_feature": "impervious_ratio", "top1_shap": 0.3984, "top2_feature": "ndvi", "top2_shap": 0.0004, "top3_feature": "green_ratio", "top3_shap": -0.1854, "priority_score": 59.8703, "priority_rank": 90 }, "geometry": { "type": "Polygon", "coordinates": [ [ [ 126.826648261314702, 37.522630776377589 ], [ 126.826628009131724, 37.5248840279408 ], [ 126.829457125397781, 37.524900124825464 ], [ 126.829477292508486, 37.522646871960077 ], [ 126.826648261314702, 37.522630776377589 ] ] ] } },
{ "type": "Feature", "properties": { "member_grid_ids": ["11470_00878", "11470_00879", "11470_00926", "11470_00927", "11470_00928", "11470_00974", "11470_00975", "11470_00976"], "display_grid_id": "11470_00161", "gu_code": 11470, "gu_name": "양천구", "source_cell_count": 14, "area_m2": 62500.0, "mean_actual_lst": 40.6766, "mean_actual_anomaly": 2.3811, "seoul_anomaly": 3.7293, "pred_anomaly": 2.2762, "pred_anomaly_std": 0.7658, "green_delta_c": -0.6578, "building_ratio": 0.3015, "green_ratio": 0.2993, "ndvi": 0.1579, "impervious_ratio": 0.3201, "built_surface_ratio": 0.3201, "avg_ground_floor_count": 4.0015, "elevation_m": 34.1682, "albedo": 0.1148, "nearest_park_distance_m": 44.098, "park_area_within_500m": 213142.5692, "nearest_stream_distance_m": 4099.2828, "est_population_density": 21437.6, "dong_elderly_ratio": 0.2554, "dong_avg_age": 47.6, "dong_pop_density": 15158.5, "nearest_shelter_distance_m": 141.9016, "shelter_count_within_500m": 6.24, "est_population": 1339.8, "est_elderly": 342.1, "shelter_capacity_within_500m": 1642.8, "building_form_group": "high_floor_high_density", "dong_name": "신월7동", "top1_feature": "building_ratio", "top1_shap": 0.6658, "top2_feature": "ndvi", "top2_shap": 0.3427, "top3_feature": "nearest_stream_distance_m", "top3_shap": -0.3065, "priority_score": 73.5807, "priority_rank": 8 }, "geometry": { "type": "Polygon", "coordinates": [ [ [ 126.829477292508486, 37.522646871960077 ], [ 126.829457125397781, 37.524900124825464 ], [ 126.832286243909749, 37.52491615394689 ], [ 126.832306325947883, 37.522662899784798 ], [ 126.829477292508486, 37.522646871960077 ] ] ] } },
{ "type": "Feature", "properties": { "member_grid_ids": ["11470_00880", "11470_00881", "11470_00882", "11470_00929", "11470_00930", "11470_00931", "11470_00977", "11470_00978", "11470_00979"], "display_grid_id": "11470_00162", "gu_code": 11470, "gu_name": "양천구", "source_cell_count": 11, "area_m2": 62500.0, "mean_actual_lst": 40.4034, "mean_actual_anomaly": 2.2645, "seoul_anomaly": 3.6128, "pred_anomaly": 2.4014, "pred_anomaly_std": 0.7187, "green_delta_c": -0.4952, "building_ratio": 0.3625, "green_ratio": 0.3117, "ndvi": 0.1656, "impervious_ratio": 0.2793, "built_surface_ratio": 0.2793, "avg_ground_floor_count": 3.0667, "elevation_m": 24.9905, "albedo": 0.1177, "nearest_park_distance_m": 2.108, "park_area_within_500m": 303858.8656, "nearest_stream_distance_m": 3865.4012, "est_population_density": 20063.6, "dong_elderly_ratio": 0.2554, "dong_avg_age": 47.6, "dong_pop_density": 15158.5, "nearest_shelter_distance_m": 88.7864, "shelter_count_within_500m": 10.48, "est_population": 1254.0, "est_elderly": 320.3, "shelter_capacity_within_500m": 2793.0, "building_form_group": "low_floor_high_density", "dong_name": "신월7동", "top1_feature": "building_ratio", "top1_shap": 0.9415, "top2_feature": "nearest_stream_distance_m", "top2_shap": -0.4064, "top3_feature": "ndvi", "top3_shap": 0.2822, "priority_score": 63.0403, "priority_rank": 68 }, "geometry": { "type": "Polygon", "coordinates": [ [ [ 126.832306325947883, 37.522662899784798 ], [ 126.832286243909749, 37.52491615394689 ], [ 126.835115364658122, 37.5249321153049 ], [ 126.835135361623443, 37.522678859851588 ], [ 126.832306325947883, 37.522662899784798 ] ] ] } },
{ "type": "Feature", "properties": { "member_grid_ids": ["11470_00883", "11470_00884", "11470_00931", "11470_00932", "11470_00933", "11470_00979", "11470_00980", "11470_00981"], "display_grid_id": "11470_00163", "gu_code": 11470, "gu_name": "양천구", "source_cell_count": 14, "area_m2": 62500.0, "mean_actual_lst": 40.1131, "mean_actual_anomaly": 1.9021, "seoul_anomaly": 3.2503, "pred_anomaly": 2.3084, "pred_anomaly_std": 0.7358, "green_delta_c": -0.4056, "building_ratio": 0.2607, "green_ratio": 0.2363, "ndvi": 0.1405, "impervious_ratio": 0.4706, "built_surface_ratio": 0.4706, "avg_ground_floor_count": 5.9767, "elevation_m": 21.3406, "albedo": 0.1192, "nearest_park_distance_m": 19.872, "park_area_within_500m": 329964.2376, "nearest_stream_distance_m": 3652.6436, "est_population_density": 26677.2, "dong_elderly_ratio": 0.2321, "dong_avg_age": 45.296, "dong_pop_density": 30486.004, "nearest_shelter_distance_m": 117.6696, "shelter_count_within_500m": 13.84, "est_population": 1667.3, "est_elderly": 380.6, "shelter_capacity_within_500m": 4041.0, "building_form_group": "high_floor_high_density", "dong_name": "신월4동", "top1_feature": "building_ratio", "top1_shap": 0.5057, "top2_feature": "ndvi", "top2_shap": 0.3364, "top3_feature": "impervious_ratio", "top3_shap": 0.3074, "priority_score": 68.3141, "priority_rank": 38 }, "geometry": { "type": "Polygon", "coordinates": [ [ [ 126.835135361623443, 37.522678859851588 ], [ 126.835115364658122, 37.5249321153049 ], [ 126.837944487633422, 37.524948008899337 ], [ 126.837964399525674, 37.522694752160284 ], [ 126.835135361623443, 37.522678859851588 ] ] ] } },
{ "type": "Feature", "properties": { "member_grid_ids": ["11470_00885", "11470_00886", "11470_00887", "11470_00934", "11470_00935", "11470_00936", "11470_00982", "11470_00983", "11470_00984"], "display_grid_id": "11470_00164", "gu_code": 11470, "gu_name": "양천구", "source_cell_count": 13, "area_m2": 62500.0, "mean_actual_lst": 39.5751, "mean_actual_anomaly": 1.2289, "seoul_anomaly": 2.5771, "pred_anomaly": 1.9026, "pred_anomaly_std": 0.6698, "green_delta_c": -0.1717, "building_ratio": 0.2782, "green_ratio": 0.2149, "ndvi": 0.1451, "impervious_ratio": 0.5202, "built_surface_ratio": 0.5202, "avg_ground_floor_count": 8.0828, "elevation_m": 17.8725, "albedo": 0.1191, "nearest_park_distance_m": 113.698, "park_area_within_500m": 276231.204, "nearest_stream_distance_m": 3419.9992, "est_population_density": 39609.6, "dong_elderly_ratio": 0.223, "dong_avg_age": 44.4, "dong_pop_density": 36446.7, "nearest_shelter_distance_m": 57.636, "shelter_count_within_500m": 15.2, "est_population": 2475.6, "est_elderly": 552.1, "shelter_capacity_within_500m": 4164.2, "building_form_group": "high_floor_high_density", "dong_name": "신월4동", "top1_feature": "building_ratio", "top1_shap": 0.5453, "top2_feature": "impervious_ratio", "top2_shap": 0.4619, "top3_feature": "ndvi", "top3_shap": 0.2533, "priority_score": 54.6542, "priority_rank": 133 }, "geometry": { "type": "Polygon", "coordinates": [ [ [ 126.837964399525674, 37.522694752160284 ], [ 126.837944487633422, 37.524948008899337 ], [ 126.840773612826197, 37.52496383473003 ], [ 126.840793439645097, 37.522710576710715 ], [ 126.837964399525674, 37.522694752160284 ] ] ] } },
{ "type": "Feature", "properties": { "member_grid_ids": ["11470_00888", "11470_00889", "11470_00936", "11470_00937", "11470_00938", "11470_00984", "11470_00985", "11470_00986"], "display_grid_id": "11470_00165", "gu_code": 11470, "gu_name": "양천구", "source_cell_count": 11, "area_m2": 62500.0, "mean_actual_lst": 40.4717, "mean_actual_anomaly": 2.1074, "seoul_anomaly": 3.4556, "pred_anomaly": 2.3969, "pred_anomaly_std": 0.5443, "green_delta_c": -0.164, "building_ratio": 0.3347, "green_ratio": 0.2273, "ndvi": 0.1197, "impervious_ratio": 0.4589, "built_surface_ratio": 0.4589, "avg_ground_floor_count": 5.9598, "elevation_m": 16.6738, "albedo": 0.1225, "nearest_park_distance_m": 200.0924, "park_area_within_500m": 229557.4544, "nearest_stream_distance_m": 3199.0384, "est_population_density": 33530.4, "dong_elderly_ratio": 0.224, "dong_avg_age": 44.624, "dong_pop_density": 34199.476, "nearest_shelter_distance_m": 84.812, "shelter_count_within_500m": 18.88, "est_population": 2095.6, "est_elderly": 469.4, "shelter_capacity_within_500m": 5115.7, "building_form_group": "high_floor_high_density", "dong_name": "신월2동", "top1_feature": "building_ratio", "top1_shap": 0.7543, "top2_feature": "ndvi", "top2_shap": 0.4547, "top3_feature": "impervious_ratio", "top3_shap": 0.4144, "priority_score": 58.6743, "priority_rank": 108 }, "geometry": { "type": "Polygon", "coordinates": [ [ [ 126.840793439645097, 37.522710576710715 ], [ 126.840773612826197, 37.52496383473003 ], [ 126.84360274022697, 37.524979592796825 ], [ 126.843622481972275, 37.522726333502732 ], [ 126.840793439645097, 37.522710576710715 ] ] ] } },
{ "type": "Feature", "properties": { "member_grid_ids": ["11470_00890", "11470_00891", "11470_00892", "11470_00939", "11470_00940", "11470_00941", "11470_00987", "11470_00988", "11470_00989"], "display_grid_id": "11470_00166", "gu_code": 11470, "gu_name": "양천구", "source_cell_count": 12, "area_m2": 62500.0, "mean_actual_lst": 39.933, "mean_actual_anomaly": 1.5687, "seoul_anomaly": 2.9169, "pred_anomaly": 2.3238, "pred_anomaly_std": 0.5719, "green_delta_c": -0.2081, "building_ratio": 0.337, "green_ratio": 0.255, "ndvi": 0.1162, "impervious_ratio": 0.3344, "built_surface_ratio": 0.3344, "avg_ground_floor_count": 6.589, "elevation_m": 16.1959, "albedo": 0.1149, "nearest_park_distance_m": 197.0012, "park_area_within_500m": 233128.7452, "nearest_stream_distance_m": 2950.2284, "est_population_density": 38208.0, "dong_elderly_ratio": 0.2248, "dong_avg_age": 44.8, "dong_pop_density": 32433.8, "nearest_shelter_distance_m": 81.6788, "shelter_count_within_500m": 16.4, "est_population": 2388.0, "est_elderly": 536.8, "shelter_capacity_within_500m": 4544.2, "building_form_group": "high_floor_high_density", "dong_name": "신월2동", "top1_feature": "building_ratio", "top1_shap": 0.8137, "top2_feature": "ndvi", "top2_shap": 0.5276, "top3_feature": "impervious_ratio", "top3_shap": 0.2108, "priority_score": 55.7853, "priority_rank": 127 }, "geometry": { "type": "Polygon", "coordinates": [ [ [ 126.843622481972275, 37.522726333502732 ], [ 126.84360274022697, 37.524979592796825 ], [ 126.846431869826247, 37.52499528309955 ], [ 126.846451526497702, 37.522742022536164 ], [ 126.843622481972275, 37.522726333502732 ] ] ] } },
{ "type": "Feature", "properties": { "member_grid_ids": ["11470_00893", "11470_00894", "11470_00941", "11470_00942", "11470_00943", "11470_00989", "11470_00990", "11470_00991"], "display_grid_id": "11470_00167", "gu_code": 11470, "gu_name": "양천구", "source_cell_count": 12, "area_m2": 62500.0, "mean_actual_lst": 39.0836, "mean_actual_anomaly": 0.9806, "seoul_anomaly": 2.3288, "pred_anomaly": 1.8936, "pred_anomaly_std": 0.6593, "green_delta_c": -0.3713, "building_ratio": 0.2348, "green_ratio": 0.2598, "ndvi": 0.1679, "impervious_ratio": 0.4255, "built_surface_ratio": 0.4255, "avg_ground_floor_count": 6.1308, "elevation_m": 29.5453, "albedo": 0.1338, "nearest_park_distance_m": 95.8116, "park_area_within_500m": 254021.594, "nearest_stream_distance_m": 2715.3788, "est_population_density": 23688.0, "dong_elderly_ratio": 0.2248, "dong_avg_age": 44.8, "dong_pop_density": 32433.8, "nearest_shelter_distance_m": 132.9204, "shelter_count_within_500m": 12.56, "est_population": 1480.5, "est_elderly": 332.9, "shelter_capacity_within_500m": 3389.2, "building_form_group": "high_floor_low_density", "dong_name": "신월2동", "top1_feature": "nearest_stream_distance_m", "top1_shap": -0.3892, "top2_feature": "impervious_ratio", "top2_shap": 0.3289, "top3_feature": "building_ratio", "top3_shap": 0.3259, "priority_score": 59.7839, "priority_rank": 92 }, "geometry": { "type": "Polygon", "coordinates": [ [ [ 126.846451526497702, 37.522742022536164 ], [ 126.846431869826247, 37.52499528309955 ], [ 126.849261001614607, 37.525010905638048 ], [ 126.849280573211928, 37.522757643810841 ], [ 126.846451526497702, 37.522742022536164 ] ] ] } },
{ "type": "Feature", "properties": { "member_grid_ids": ["11470_00895", "11470_00896", "11470_00897", "11470_00944", "11470_00945", "11470_00946", "11470_00992", "11470_00993", "11470_00994"], "display_grid_id": "11470_00168", "gu_code": 11470, "gu_name": "양천구", "source_cell_count": 10, "area_m2": 62500.0, "mean_actual_lst": 40.1214, "mean_actual_anomaly": 2.0182, "seoul_anomaly": 3.3664, "pred_anomaly": 2.8179, "pred_anomaly_std": 0.6624, "green_delta_c": -0.3297, "building_ratio": 0.304, "green_ratio": 0.2416, "ndvi": 0.1194, "impervious_ratio": 0.4426, "built_surface_ratio": 0.4426, "avg_ground_floor_count": 3.9618, "elevation_m": 33.6521, "albedo": 0.1406, "nearest_park_distance_m": 30.0384, "park_area_within_500m": 263740.4492, "nearest_stream_distance_m": 2456.0912, "est_population_density": 21878.8, "dong_elderly_ratio": 0.2163, "dong_avg_age": 44.8, "dong_pop_density": 32467.496, "nearest_shelter_distance_m": 260.9496, "shelter_count_within_500m": 9.0, "est_population": 1367.4, "est_elderly": 291.5, "shelter_capacity_within_500m": 2486.7, "building_form_group": "high_floor_high_density", "dong_name": "신월2동", "top1_feature": "building_ratio", "top1_shap": 0.6049, "top2_feature": "ndvi", "top2_shap": 0.4316, "top3_feature": "impervious_ratio", "top3_shap": 0.3798, "priority_score": 68.5663, "priority_rank": 36 }, "geometry": { "type": "Polygon", "coordinates": [ [ [ 126.849280573211928, 37.522757643810841 ], [ 126.849261001614607, 37.525010905638048 ], [ 126.852090135582515, 37.52502646041215 ], [ 126.852109622105488, 37.522773197326615 ], [ 126.849280573211928, 37.522757643810841 ] ] ] } },
{ "type": "Feature", "properties": { "member_grid_ids": ["11470_00898", "11470_00899", "11470_00946", "11470_00947", "11470_00948", "11470_00994", "11470_00995", "11470_00996"], "display_grid_id": "11470_00169", "gu_code": 11470, "gu_name": "양천구", "source_cell_count": 11, "area_m2": 62500.0, "mean_actual_lst": 40.3804, "mean_actual_anomaly": 2.1697, "seoul_anomaly": 3.518, "pred_anomaly": 2.9321, "pred_anomaly_std": 0.574, "green_delta_c": -0.4883, "building_ratio": 0.4363, "green_ratio": 0.2832, "ndvi": 0.0913, "impervious_ratio": 0.1901, "built_surface_ratio": 0.1901, "avg_ground_floor_count": 3.8386, "elevation_m": 29.1715, "albedo": 0.1132, "nearest_park_distance_m": 115.6856, "park_area_within_500m": 234465.5284, "nearest_stream_distance_m": 2216.6696, "est_population_density": 29889.2, "dong_elderly_ratio": 0.2013, "dong_avg_age": 44.8, "dong_pop_density": 32527.4, "nearest_shelter_distance_m": 196.4056, "shelter_count_within_500m": 7.72, "est_population": 1868.1, "est_elderly": 376.0, "shelter_capacity_within_500m": 2755.7, "building_form_group": "high_floor_high_density", "dong_name": "신정4동", "top1_feature": "building_ratio", "top1_shap": 1.2028, "top2_feature": "ndvi", "top2_shap": 0.6826, "top3_feature": "nearest_stream_distance_m", "top3_shap": -0.4313, "priority_score": 73.0331, "priority_rank": 10 }, "geometry": { "type": "Polygon", "coordinates": [ [ [ 126.852109622105488, 37.522773197326615 ], [ 126.852090135582515, 37.52502646041215 ], [ 126.854919271720547, 37.525041947421698 ], [ 126.854938673168888, 37.522788683083313 ], [ 126.852109622105488, 37.522773197326615 ] ] ] } },
{ "type": "Feature", "properties": { "member_grid_ids": ["11470_00900", "11470_00901", "11470_00902", "11470_00949", "11470_00950", "11470_00951", "11470_00997", "11470_00998", "11470_00999"], "display_grid_id": "11470_00170", "gu_code": 11470, "gu_name": "양천구", "source_cell_count": 14, "area_m2": 62500.0, "mean_actual_lst": 40.5084, "mean_actual_anomaly": 2.032, "seoul_anomaly": 3.3803, "pred_anomaly": 2.833, "pred_anomaly_std": 0.5555, "green_delta_c": -0.3719, "building_ratio": 0.4347, "green_ratio": 0.2854, "ndvi": 0.1063, "impervious_ratio": 0.2212, "built_surface_ratio": 0.2212, "avg_ground_floor_count": 4.3841, "elevation_m": 25.3342, "albedo": 0.1085, "nearest_park_distance_m": 157.4752, "park_area_within_500m": 165188.3204, "nearest_stream_distance_m": 1957.4588, "est_population_density": 33652.4, "dong_elderly_ratio": 0.2013, "dong_avg_age": 44.8, "dong_pop_density": 32527.4, "nearest_shelter_distance_m": 77.5204, "shelter_count_within_500m": 7.28, "est_population": 2103.3, "est_elderly": 423.5, "shelter_capacity_within_500m": 2627.5, "building_form_group": "high_floor_high_density", "dong_name": "신정4동", "top1_feature": "building_ratio", "top1_shap": 1.161, "top2_feature": "ndvi", "top2_shap": 0.6314, "top3_feature": "nearest_stream_distance_m", "top3_shap": -0.2527, "priority_score": 60.4611, "priority_rank": 84 }, "geometry": { "type": "Polygon", "coordinates": [ [ [ 126.854938673168888, 37.522788683083313 ], [ 126.854919271720547, 37.525041947421698 ], [ 126.857748410019198, 37.525057366666545 ], [ 126.857767726392652, 37.522804101080787 ], [ 126.854938673168888, 37.522788683083313 ] ] ] } },
{ "type": "Feature", "properties": { "member_grid_ids": ["11470_00903", "11470_00904", "11470_00951", "11470_00952", "11470_00953", "11470_00999", "11470_01000", "11470_01001"], "display_grid_id": "11470_00171", "gu_code": 11470, "gu_name": "양천구", "source_cell_count": 10, "area_m2": 62500.0, "mean_actual_lst": 41.0281, "mean_actual_anomaly": 2.2024, "seoul_anomaly": 3.5506, "pred_anomaly": 2.993, "pred_anomaly_std": 0.5203, "green_delta_c": -0.28, "building_ratio": 0.407, "green_ratio": 0.2576, "ndvi": 0.1001, "impervious_ratio": 0.295, "built_surface_ratio": 0.295, "avg_ground_floor_count": 4.4029, "elevation_m": 17.796, "albedo": 0.1182, "nearest_park_distance_m": 213.0408, "park_area_within_500m": 179672.9452, "nearest_stream_distance_m": 1718.3988, "est_population_density": 31573.2, "dong_elderly_ratio": 0.2013, "dong_avg_age": 44.8, "dong_pop_density": 32527.4, "nearest_shelter_distance_m": 192.8564, "shelter_count_within_500m": 7.52, "est_population": 1973.3, "est_elderly": 397.3, "shelter_capacity_within_500m": 2614.0, "building_form_group": "high_floor_high_density", "dong_name": "신정4동", "top1_feature": "building_ratio", "top1_shap": 1.0762, "top2_feature": "ndvi", "top2_shap": 0.6128, "top3_feature": "impervious_ratio", "top3_shap": 0.2839, "priority_score": 66.9308, "priority_rank": 47 }, "geometry": { "type": "Polygon", "coordinates": [ [ [ 126.857767726392652, 37.522804101080787 ], [ 126.857748410019198, 37.525057366666545 ], [ 126.860577550468989, 37.525072718146504 ], [ 126.860596781767356, 37.52281945131886 ], [ 126.857767726392652, 37.522804101080787 ] ] ] } },
{ "type": "Feature", "properties": { "member_grid_ids": ["11470_00905", "11470_00906", "11470_00907", "11470_00954", "11470_00955", "11470_00956", "11470_01002", "11470_01003", "11470_01004"], "display_grid_id": "11470_00172", "gu_code": 11470, "gu_name": "양천구", "source_cell_count": 12, "area_m2": 62500.0, "mean_actual_lst": 41.1607, "mean_actual_anomaly": 2.1233, "seoul_anomaly": 3.4716, "pred_anomaly": 2.9035, "pred_anomaly_std": 0.5467, "green_delta_c": -0.259, "building_ratio": 0.4019, "green_ratio": 0.2818, "ndvi": 0.1154, "impervious_ratio": 0.2388, "built_surface_ratio": 0.2388, "avg_ground_floor_count": 4.2947, "elevation_m": 16.452, "albedo": 0.126, "nearest_park_distance_m": 111.7604, "park_area_within_500m": 331365.8092, "nearest_stream_distance_m": 1459.7648, "est_population_density": 30819.6, "dong_elderly_ratio": 0.2013, "dong_avg_age": 44.8, "dong_pop_density": 32527.4, "nearest_shelter_distance_m": 119.7676, "shelter_count_within_500m": 3.76, "est_population": 1926.2, "est_elderly": 387.8, "shelter_capacity_within_500m": 1217.0, "building_form_group": "high_floor_high_density", "dong_name": "신정4동", "top1_feature": "building_ratio", "top1_shap": 0.9904, "top2_feature": "ndvi", "top2_shap": 0.5742, "top3_feature": "impervious_ratio", "top3_shap": 0.2038, "priority_score": 58.5159, "priority_rank": 110 }, "geometry": { "type": "Polygon", "coordinates": [ [ [ 126.860596781767356, 37.52281945131886 ], [ 126.860577550468989, 37.525072718146504 ], [ 126.863406693060497, 37.525088001861434 ], [ 126.863425839283451, 37.522834733797382 ], [ 126.860596781767356, 37.52281945131886 ] ] ] } },
{ "type": "Feature", "properties": { "member_grid_ids": ["11470_00908", "11470_00909", "11470_00956", "11470_00957", "11470_00958", "11470_01004", "11470_01005", "11470_01006"], "display_grid_id": "11470_00173", "gu_code": 11470, "gu_name": "양천구", "source_cell_count": 14, "area_m2": 62500.0, "mean_actual_lst": 40.3117, "mean_actual_anomaly": 1.2744, "seoul_anomaly": 2.6226, "pred_anomaly": 1.8697, "pred_anomaly_std": 0.7719, "green_delta_c": -0.3411, "building_ratio": 0.2949, "green_ratio": 0.3112, "ndvi": 0.1638, "impervious_ratio": 0.2914, "built_surface_ratio": 0.2914, "avg_ground_floor_count": 5.3076, "elevation_m": 15.0915, "albedo": 0.1277, "nearest_park_distance_m": 12.1124, "park_area_within_500m": 483095.6116, "nearest_stream_distance_m": 1221.5416, "est_population_density": 27272.4, "dong_elderly_ratio": 0.1769, "dong_avg_age": 42.72, "dong_pop_density": 27602.92, "nearest_shelter_distance_m": 249.9732, "shelter_count_within_500m": 4.16, "est_population": 1704.5, "est_elderly": 312.5, "shelter_capacity_within_500m": 1086.5, "building_form_group": "high_floor_high_density", "dong_name": "신정4동", "top1_feature": "building_ratio", "top1_shap": 0.5317, "top2_feature": "ndvi", "top2_shap": 0.3123, "top3_feature": "impervious_ratio", "top3_shap": 0.3386, "priority_score": 62.536, "priority_rank": 71 }, "geometry": { "type": "Polygon", "coordinates": [ [ [ 126.863425839283451, 37.522834733797382 ], [ 126.863406693060497, 37.525088001861434 ], [ 126.866235837784203, 37.525103217811171 ], [ 126.86625489893153, 37.522849948516203 ], [ 126.863425839283451, 37.522834733797382 ] ] ] } },
{ "type": "Feature", "properties": { "member_grid_ids": ["11470_00910", "11470_00911", "11470_00912", "11470_00959", "11470_00960", "11470_00961", "11470_01007", "11470_01008", "11470_01009"], "display_grid_id": "11470_00174", "gu_code": 11470, "gu_name": "양천구", "source_cell_count": 11, "area_m2": 62500.0, "mean_actual_lst": 39.2623, "mean_actual_anomaly": 0.2987, "seoul_anomaly": 1.647, "pred_anomaly": 1.299, "pred_anomaly_std": 0.7347, "green_delta_c": -0.2148, "building_ratio": 0.1817, "green_ratio": 0.2508, "ndvi": 0.1914, "impervious_ratio": 0.4465, "built_surface_ratio": 0.4465, "avg_ground_floor_count": 7.9966, "elevation_m": 14.8518, "albedo": 0.1272, "nearest_park_distance_m": 7.7432, "park_area_within_500m": 543316.8372, "nearest_stream_distance_m": 964.4636, "est_population_density": 21483.2, "dong_elderly_ratio": 0.1425, "dong_avg_age": 39.82, "dong_pop_density": 21034.04, "nearest_shelter_distance_m": 195.182, "shelter_count_within_500m": 7.08, "est_population": 1342.7, "est_elderly": 191.6, "shelter_capacity_within_500m": 1388.2, "building_form_group": "high_floor_high_density", "dong_name": "목1동", "top1_feature": "impervious_ratio", "top1_shap": 0.4223, "top2_feature": "built_surface_ratio", "top2_shap": 0.2874, "top3_feature": "ndvi", "top3_shap": 0.0034, "priority_score": 48.6887, "priority_rank": 180 }, "geometry": { "type": "Polygon", "coordinates": [ [ [ 126.86625489893153, 37.522849948516203 ], [ 126.866235837784203, 37.525103217811171 ], [ 126.869064984630654, 37.525118365995574 ], [ 126.869083960702099, 37.522865095475154 ], [ 126.86625489893153, 37.522849948516203 ] ] ] } },
{ "type": "Feature", "properties": { "member_grid_ids": ["11470_00913", "11470_00914", "11470_00961", "11470_00962", "11470_00963", "11470_01009", "11470_01010", "11470_01011"], "display_grid_id": "11470_00175", "gu_code": 11470, "gu_name": "양천구", "source_cell_count": 9, "area_m2": 62500.0, "mean_actual_lst": 37.9942, "mean_actual_anomaly": -0.786, "seoul_anomaly": 0.5622, "pred_anomaly": 0.4825, "pred_anomaly_std": 0.6885, "green_delta_c": -0.14, "building_ratio": 0.243, "green_ratio": 0.2231, "ndvi": 0.1368, "impervious_ratio": 0.4373, "built_surface_ratio": 0.4373, "avg_ground_floor_count": 25.78, "elevation_m": 12.9632, "albedo": 0.0932, "nearest_park_distance_m": 6.0184, "park_area_within_500m": 464238.7516, "nearest_stream_distance_m": 728.9908, "est_population_density": 36148.8, "dong_elderly_ratio": 0.1437, "dong_avg_age": 39.924, "dong_pop_density": 21873.0, "nearest_shelter_distance_m": 142.0772, "shelter_count_within_500m": 10.44, "est_population": 2259.3, "est_elderly": 323.1, "shelter_capacity_within_500m": 1734.2, "building_form_group": "high_floor_low_density", "dong_name": "목1동", "top1_feature": "avg_ground_floor_count", "top1_shap": -0.7968, "top2_feature": "building_ratio", "top2_shap": 0.338, "top3_feature": "impervious_ratio", "top3_shap": 0.321, "priority_score": 45.2882, "priority_rank": 202 }, "geometry": { "type": "Polygon", "coordinates": [ [ [ 126.869083960702099, 37.522865095475154 ], [ 126.869064984630654, 37.525118365995574 ], [ 126.871894133590374, 37.525133446414465 ], [ 126.871913024585666, 37.522880174674086 ], [ 126.869083960702099, 37.522865095475154 ] ] ] } },
{ "type": "Feature", "properties": { "member_grid_ids": ["11470_00915", "11470_00916", "11470_00917", "11470_00964", "11470_00965", "11470_00966", "11470_01012", "11470_01013", "11470_01014"], "display_grid_id": "11470_00176", "gu_code": 11470, "gu_name": "양천구", "source_cell_count": 12, "area_m2": 62500.0, "mean_actual_lst": 41.0716, "mean_actual_anomaly": 2.7179, "seoul_anomaly": 4.0661, "pred_anomaly": 3.201, "pred_anomaly_std": 0.704, "green_delta_c": -0.2745, "building_ratio": 0.3117, "green_ratio": 0.1971, "ndvi": 0.1092, "impervious_ratio": 0.5385, "built_surface_ratio": 0.5385, "avg_ground_floor_count": 5.3637, "elevation_m": 16.3422, "albedo": 0.1075, "nearest_park_distance_m": 130.1248, "park_area_within_500m": 327081.8764, "nearest_stream_distance_m": 478.8912, "est_population_density": 29478.0, "dong_elderly_ratio": 0.1423, "dong_avg_age": 39.792, "dong_pop_density": 21382.296, "nearest_shelter_distance_m": 75.7324, "shelter_count_within_500m": 13.2, "est_population": 1842.4, "est_elderly": 261.5, "shelter_capacity_within_500m": 2298.7, "building_form_group": "high_floor_high_density", "dong_name": "목1동", "top1_feature": "building_ratio", "top1_shap": 0.7348, "top2_feature": "impervious_ratio", "top2_shap": 0.4991, "top3_feature": "ndvi", "top3_shap": 0.4549, "priority_score": 59.9568, "priority_rank": 88 }, "geometry": { "type": "Polygon", "coordinates": [ [ [ 126.871913024585666, 37.522880174674086 ], [ 126.871894133590374, 37.525133446414465 ], [ 126.874723284653868, 37.525148459067708 ], [ 126.874742090572795, 37.522895186112841 ], [ 126.871913024585666, 37.522880174674086 ] ] ] } },
{ "type": "Feature", "properties": { "member_grid_ids": ["11470_00918", "11470_00919", "11470_00966", "11470_00967", "11470_00968", "11470_01014", "11470_01015", "11470_01016"], "display_grid_id": "11470_00177", "gu_code": 11470, "gu_name": "양천구", "source_cell_count": 11, "area_m2": 62500.0, "mean_actual_lst": 40.008, "mean_actual_anomaly": 1.8247, "seoul_anomaly": 3.1729, "pred_anomaly": 2.5301, "pred_anomaly_std": 0.7746, "green_delta_c": -0.236, "building_ratio": 0.2824, "green_ratio": 0.2077, "ndvi": 0.128, "impervious_ratio": 0.5103, "built_surface_ratio": 0.5103, "avg_ground_floor_count": 8.3278, "elevation_m": 15.1045, "albedo": 0.0991, "nearest_park_distance_m": 61.0248, "park_area_within_500m": 210245.8948, "nearest_stream_distance_m": 256.8112, "est_population_density": 45186.8, "dong_elderly_ratio": 0.1402, "dong_avg_age": 39.6, "dong_pop_density": 20216.2, "nearest_shelter_distance_m": 74.162, "shelter_count_within_500m": 11.6, "est_population": 2824.2, "est_elderly": 395.9, "shelter_capacity_within_500m": 2061.3, "building_form_group": "high_floor_high_density", "dong_name": "목1동", "top1_feature": "building_ratio", "top1_shap": 0.5652, "top2_feature": "impervious_ratio", "top2_shap": 0.4474, "top3_feature": "ndvi", "top3_shap": 0.2871, "priority_score": 58.415, "priority_rank": 111 }, "geometry": { "type": "Polygon", "coordinates": [ [ [ 126.874742090572795, 37.522895186112841 ], [ 126.874723284653868, 37.525148459067708 ], [ 126.877552437811687, 37.525163403955112 ], [ 126.877571158653993, 37.522910129791256 ], [ 126.874742090572795, 37.522895186112841 ] ] ] } },
{ "type": "Feature", "properties": { "member_grid_ids": ["11470_00920", "11470_00921", "11470_00969", "11470_00970", "11470_01017", "11470_01018"], "display_grid_id": "11470_00178", "gu_code": 11470, "gu_name": "양천구", "source_cell_count": 8, "area_m2": 27246.89, "mean_actual_lst": 38.687, "mean_actual_anomaly": 0.641, "seoul_anomaly": 1.9893, "pred_anomaly": 0.4772, "pred_anomaly_std": 0.6977, "green_delta_c": -0.4481, "building_ratio": 0.161, "green_ratio": 0.3454, "ndvi": 0.2601, "impervious_ratio": 0.4058, "built_surface_ratio": 0.4058, "avg_ground_floor_count": 8.5921, "elevation_m": 14.4887, "albedo": 0.1308, "nearest_park_distance_m": 87.0712, "park_area_within_500m": 140431.4999, "nearest_stream_distance_m": 96.2464, "est_population_density": 4018.7943, "dong_elderly_ratio": 0.1404, "dong_avg_age": 39.6394, "dong_pop_density": 20104.7496, "nearest_shelter_distance_m": 89.1494, "shelter_count_within_500m": 9.3062, "est_population": 109.5, "est_elderly": 15.3, "shelter_capacity_within_500m": 1086.8, "building_form_group": "high_floor_low_density", "dong_name": "목1동", "top1_feature": "impervious_ratio", "top1_shap": 0.4422, "top2_feature": "built_surface_ratio", "top2_shap": 0.2118, "top3_feature": "building_ratio", "top3_shap": 0.2006, "priority_score": 42.2334, "priority_rank": 236 }, "geometry": { "type": "Polygon", "coordinates": [ [ [ 126.877571158653993, 37.522910129791256 ], [ 126.877552437811687, 37.525163403955112 ], [ 126.878659317321251, 37.525169232555655 ], [ 126.87860849, 37.52506902 ], [ 126.87860774, 37.52506338 ], [ 126.878605689999986, 37.52504789 ], [ 126.87860999, 37.52486053 ], [ 126.878613180000016, 37.52472162 ], [ 126.87861406, 37.52468356 ], [ 126.878617170000012, 37.52466397 ], [ 126.8786205, 37.52464302 ], [ 126.87862384, 37.52463465 ], [ 126.878630249999986, 37.52461853 ], [ 126.87868487, 37.524506869999989 ], [ 126.87870896, 37.52445763 ], [ 126.87871452, 37.52444625 ], [ 126.878750150000016, 37.52437342 ], [ 126.878775319999988, 37.52432305 ], [ 126.878801039999985, 37.5242516 ], [ 126.87884085, 37.52414094 ], [ 126.87886003, 37.52408775 ], [ 126.87889145, 37.52389464 ], [ 126.878916960000012, 37.52367755 ], [ 126.87891574, 37.52363534 ], [ 126.87888992, 37.52325409 ], [ 126.87888963, 37.5232029 ], [ 126.878889320000013, 37.52314669 ], [ 126.878897960000018, 37.52308843 ], [ 126.87892327, 37.52291821 ], [ 126.878923600432714, 37.522917249704093 ], [ 126.877571158653993, 37.522910129791256 ] ] ] } },
{ "type": "Feature", "properties": { "member_grid_ids": ["11470_01019"], "display_grid_id": "11470_00179", "gu_code": 11470, "gu_name": "양천구", "source_cell_count": 4, "area_m2": 117.08, "mean_actual_lst": 36.207, "mean_actual_anomaly": -2.0885, "seoul_anomaly": -0.7403, "pred_anomaly": -1.5741, "pred_anomaly_std": 0.8567, "green_delta_c": -0.3366, "building_ratio": 0.1552, "green_ratio": 0.5485, "ndvi": 0.526, "impervious_ratio": 0.2772, "built_surface_ratio": 0.2772, "avg_ground_floor_count": 0.0, "elevation_m": 45.0, "albedo": 0.1201, "nearest_park_distance_m": 381.38, "park_area_within_500m": 25753.81, "nearest_stream_distance_m": 4495.55, "est_population_density": 0.0, "dong_elderly_ratio": 0.2546, "dong_avg_age": 47.563, "dong_pop_density": 15176.0078, "nearest_shelter_distance_m": 290.93, "shelter_count_within_500m": 2.0, "est_population": 0.0, "est_elderly": 0.0, "shelter_capacity_within_500m": 56.0, "building_form_group": "low_floor_low_density", "dong_name": "신월7동", "top1_feature": "green_ratio", "top1_shap": -1.1232, "top2_feature": "ndvi", "top2_shap": -1.0909, "top3_feature": "impervious_ratio", "top3_shap": 0.3778, "priority_score": 32.1398, "priority_rank": 326 }, "geometry": { "type": "Polygon", "coordinates": [ [ [ 126.826628009131724, 37.5248840279408 ], [ 126.826498582303628, 37.524883289916914 ], [ 126.826506650000013, 37.52493235 ], [ 126.826626705273029, 37.525029086226816 ], [ 126.826628009131724, 37.5248840279408 ] ] ] } },
{ "type": "Feature", "properties": { "member_grid_ids": ["11470_01020", "11470_01021", "11470_01022", "11470_01069", "11470_01070", "11470_01117", "11470_01118"], "display_grid_id": "11470_00180", "gu_code": 11470, "gu_name": "양천구", "source_cell_count": 11, "area_m2": 33373.23, "mean_actual_lst": 34.9843, "mean_actual_anomaly": -3.3113, "seoul_anomaly": -1.963, "pred_anomaly": -4.2357, "pred_anomaly_std": 1.1423, "green_delta_c": -1.4322, "building_ratio": 0.0001, "green_ratio": 0.7303, "ndvi": 0.488, "impervious_ratio": 0.0984, "built_surface_ratio": 0.0984, "avg_ground_floor_count": 0.0749, "elevation_m": 44.3995, "albedo": 0.1478, "nearest_park_distance_m": 266.8296, "park_area_within_500m": 70734.8817, "nearest_stream_distance_m": 4365.8309, "est_population_density": 0.0, "dong_elderly_ratio": 0.229, "dong_avg_age": 46.3, "dong_pop_density": 15773.2, "nearest_shelter_distance_m": 347.748, "shelter_count_within_500m": 3.8305, "est_population": 0.0, "est_elderly": 0.0, "shelter_capacity_within_500m": 665.3, "building_form_group": "no_building", "dong_name": "신월3동", "top1_feature": "building_ratio", "top1_shap": -1.4646, "top2_feature": "green_ratio", "top2_shap": -0.738, "top3_feature": "ndvi", "top3_shap": -0.4697, "priority_score": 41.4337, "priority_rank": 238 }, "geometry": { "type": "Polygon", "coordinates": [ [ [ 126.829436956041206, 37.527153376819768 ], [ 126.829457125397781, 37.524900124825464 ], [ 126.826628009131724, 37.5248840279408 ], [ 126.826626705273029, 37.525029086226816 ], [ 126.8267496, 37.52512811 ], [ 126.8273087, 37.52527591 ], [ 126.82795875, 37.52568823 ], [ 126.82814862, 37.52583267 ], [ 126.82814619, 37.52611732 ], [ 126.828258360000021, 37.52629994 ], [ 126.82883696, 37.52650858 ], [ 126.828837119999989, 37.5265159 ], [ 126.828427480000016, 37.52670282 ], [ 126.82834432, 37.52688796 ], [ 126.82832652, 37.52694538 ], [ 126.828300880000015, 37.527025020000011 ], [ 126.828258422982813, 37.527146679190366 ], [ 126.829436956041206, 37.527153376819768 ] ] ] } },
{ "type": "Feature", "properties": { "member_grid_ids": ["11470_01022", "11470_01023", "11470_01024", "11470_01070", "11470_01071", "11470_01072", "11470_01119", "11470_01120"], "display_grid_id": "11470_00181", "gu_code": 11470, "gu_name": "양천구", "source_cell_count": 11, "area_m2": 62500.0, "mean_actual_lst": 38.4445, "mean_actual_anomaly": 0.1991, "seoul_anomaly": 1.5474, "pred_anomaly": -0.9296, "pred_anomaly_std": 1.169, "green_delta_c": -0.7792, "building_ratio": 0.1271, "green_ratio": 0.4895, "ndvi": 0.3795, "impervious_ratio": 0.2669, "built_surface_ratio": 0.2669, "avg_ground_floor_count": 0.28, "elevation_m": 36.6522, "albedo": 0.1368, "nearest_park_distance_m": 155.8392, "park_area_within_500m": 142351.1632, "nearest_stream_distance_m": 4199.752, "est_population_density": 0.0, "dong_elderly_ratio": 0.229, "dong_avg_age": 46.3, "dong_pop_density": 15773.2, "nearest_shelter_distance_m": 282.924, "shelter_count_within_500m": 5.52, "est_population": 0.0, "est_elderly": 0.0, "shelter_capacity_within_500m": 1350.8, "building_form_group": "low_floor_low_density", "dong_name": "신월3동", "top1_feature": "ndvi", "top1_shap": -0.6772, "top2_feature": "green_ratio", "top2_shap": -0.5784, "top3_feature": "impervious_ratio", "top3_shap": 0.3062, "priority_score": 49.9928, "priority_rank": 171 }, "geometry": { "type": "Polygon", "coordinates": [ [ [ 126.829457125397781, 37.524900124825464 ], [ 126.829436956041206, 37.527153376819768 ], [ 126.832266159635196, 37.527169407237963 ], [ 126.832286243909749, 37.52491615394689 ], [ 126.829457125397781, 37.524900124825464 ] ] ] } },
{ "type": "Feature", "properties": { "member_grid_ids": ["11470_01025", "11470_01026", "11470_01027", "11470_01073", "11470_01074", "11470_01075", "11470_01121", "11470_01122", "11470_01123"], "display_grid_id": "11470_00182", "gu_code": 11470, "gu_name": "양천구", "source_cell_count": 15, "area_m2": 62500.0, "mean_actual_lst": 40.3369, "mean_actual_anomaly": 2.1695, "seoul_anomaly": 3.5178, "pred_anomaly": 1.52, "pred_anomaly_std": 0.927, "green_delta_c": -0.6596, "building_ratio": 0.1601, "green_ratio": 0.3106, "ndvi": 0.2342, "impervious_ratio": 0.4196, "built_surface_ratio": 0.4196, "avg_ground_floor_count": 3.2583, "elevation_m": 25.304, "albedo": 0.1267, "nearest_park_distance_m": 74.4296, "park_area_within_500m": 259148.636, "nearest_stream_distance_m": 3951.2408, "est_population_density": 7119.6, "dong_elderly_ratio": 0.2337, "dong_avg_age": 46.476, "dong_pop_density": 19271.228, "nearest_shelter_distance_m": 195.7028, "shelter_count_within_500m": 7.48, "est_population": 445.0, "est_elderly": 102.7, "shelter_capacity_within_500m": 1839.5, "building_form_group": "low_floor_low_density", "dong_name": "신월3동", "top1_feature": "impervious_ratio", "top1_shap": 0.4944, "top2_feature": "built_surface_ratio", "top2_shap": 0.3691, "top3_feature": "building_ratio", "top3_shap": 0.2368, "priority_score": 65.5908, "priority_rank": 57 }, "geometry": { "type": "Polygon", "coordinates": [ [ [ 126.832286243909749, 37.52491615394689 ], [ 126.832266159635196, 37.527169407237963 ], [ 126.835095365465847, 37.52718536988727 ], [ 126.835115364658122, 37.5249321153049 ], [ 126.832286243909749, 37.52491615394689 ] ] ] } },
{ "type": "Feature", "properties": { "member_grid_ids": ["11470_01027", "11470_01028", "11470_01029", "11470_01075", "11470_01076", "11470_01077", "11470_01124", "11470_01125"], "display_grid_id": "11470_00183", "gu_code": 11470, "gu_name": "양천구", "source_cell_count": 14, "area_m2": 62500.0, "mean_actual_lst": 41.3344, "mean_actual_anomaly": 3.0575, "seoul_anomaly": 4.4058, "pred_anomaly": 3.19, "pred_anomaly_std": 0.7782, "green_delta_c": -0.5451, "building_ratio": 0.2555, "green_ratio": 0.2075, "ndvi": 0.1238, "impervious_ratio": 0.5814, "built_surface_ratio": 0.5814, "avg_ground_floor_count": 3.2002, "elevation_m": 18.7894, "albedo": 0.1342, "nearest_park_distance_m": 18.7592, "park_area_within_500m": 324876.9592, "nearest_stream_distance_m": 3713.3016, "est_population_density": 12127.6, "dong_elderly_ratio": 0.2315, "dong_avg_age": 46.14, "dong_pop_density": 33755.1, "nearest_shelter_distance_m": 157.626, "shelter_count_within_500m": 10.12, "est_population": 758.0, "est_elderly": 176.6, "shelter_capacity_within_500m": 2900.5, "building_form_group": "high_floor_high_density", "dong_name": "신월1동", "top1_feature": "impervious_ratio", "top1_shap": 0.5897, "top2_feature": "building_ratio", "top2_shap": 0.4564, "top3_feature": "built_surface_ratio", "top3_shap": 0.4246, "priority_score": 75.2882, "priority_rank": 5 }, "geometry": { "type": "Polygon", "coordinates": [ [ [ 126.835115364658122, 37.5249321153049 ], [ 126.835095365465847, 37.52718536988727 ], [ 126.837924573523708, 37.527201264767534 ], [ 126.837944487633422, 37.524948008899337 ], [ 126.835115364658122, 37.5249321153049 ] ] ] } },
{ "type": "Feature", "properties": { "member_grid_ids": ["11470_01030", "11470_01031", "11470_01032", "11470_01078", "11470_01079", "11470_01080", "11470_01126", "11470_01127", "11470_01128"], "display_grid_id": "11470_00184", "gu_code": 11470, "gu_name": "양천구", "source_cell_count": 11, "area_m2": 58977.81, "mean_actual_lst": 41.0935, "mean_actual_anomaly": 2.7292, "seoul_anomaly": 4.0774, "pred_anomaly": 3.073, "pred_anomaly_std": 0.7036, "green_delta_c": -0.4124, "building_ratio": 0.3106, "green_ratio": 0.2052, "ndvi": 0.1007, "impervious_ratio": 0.522, "built_surface_ratio": 0.522, "avg_ground_floor_count": 4.3188, "elevation_m": 15.6664, "albedo": 0.1175, "nearest_park_distance_m": 0.5392, "park_area_within_500m": 361875.6052, "nearest_stream_distance_m": 3460.724, "est_population_density": 25314.8774, "dong_elderly_ratio": 0.2279, "dong_avg_age": 45.4071, "dong_pop_density": 34655.4237, "nearest_shelter_distance_m": 128.5199, "shelter_count_within_500m": 11.2402, "est_population": 1493.0, "est_elderly": 338.5, "shelter_capacity_within_500m": 3821.9, "building_form_group": "high_floor_high_density", "dong_name": "신월4동", "top1_feature": "building_ratio", "top1_shap": 0.614, "top2_feature": "ndvi", "top2_shap": 0.5098, "top3_feature": "impervious_ratio", "top3_shap": 0.4754, "priority_score": 74.5533, "priority_rank": 7 }, "geometry": { "type": "Polygon", "coordinates": [ [ [ 126.840773612826197, 37.52496383473003 ], [ 126.837944487633422, 37.524948008899337 ], [ 126.837924573523708, 37.527201264767534 ], [ 126.840035146010649, 37.527213078111423 ], [ 126.840318810000014, 37.52674836 ], [ 126.840464350000019, 37.52650852 ], [ 126.840474420000021, 37.52649192 ], [ 126.84047723, 37.5264873 ], [ 126.84048678, 37.52648421 ], [ 126.840759828171088, 37.526530270731548 ], [ 126.840773612826197, 37.52496383473003 ] ] ] } },
{ "type": "Feature", "properties": { "member_grid_ids": ["11470_01032", "11470_01033", "11470_01034", "11470_01080", "11470_01081", "11470_01082", "11470_01129", "11470_01130"], "display_grid_id": "11470_00185", "gu_code": 11470, "gu_name": "양천구", "source_cell_count": 14, "area_m2": 49860.49, "mean_actual_lst": 41.9573, "mean_actual_anomaly": 3.6039, "seoul_anomaly": 4.9521, "pred_anomaly": 3.0247, "pred_anomaly_std": 0.6691, "green_delta_c": -0.4443, "building_ratio": 0.3241, "green_ratio": 0.2175, "ndvi": 0.1143, "impervious_ratio": 0.4785, "built_surface_ratio": 0.4785, "avg_ground_floor_count": 4.9281, "elevation_m": 14.1574, "albedo": 0.127, "nearest_park_distance_m": 14.1936, "park_area_within_500m": 387573.075, "nearest_stream_distance_m": 3206.559, "est_population_density": 27655.0852, "dong_elderly_ratio": 0.2246, "dong_avg_age": 44.7599, "dong_pop_density": 32836.2128, "nearest_shelter_distance_m": 173.9024, "shelter_count_within_500m": 14.212, "est_population": 1378.9, "est_elderly": 309.8, "shelter_capacity_within_500m": 4697.1, "building_form_group": "high_floor_high_density", "dong_name": "신월2동", "top1_feature": "building_ratio", "top1_shap": 0.7733, "top2_feature": "ndvi", "top2_shap": 0.551, "top3_feature": "impervious_ratio", "top3_shap": 0.4868, "priority_score": 79.9856, "priority_rank": 2 }, "geometry": { "type": "Polygon", "coordinates": [ [ [ 126.84360274022697, 37.524979592796825 ], [ 126.840773612826197, 37.52496383473003 ], [ 126.840759828171088, 37.526530270731548 ], [ 126.84080381, 37.52653769 ], [ 126.841895079999986, 37.52672179 ], [ 126.84235657, 37.52680034 ], [ 126.84314452, 37.52693446 ], [ 126.843584958651078, 37.527008909150908 ], [ 126.84360274022697, 37.524979592796825 ] ] ] } },
{ "type": "Feature", "properties": { "member_grid_ids": ["11470_01035", "11470_01036", "11470_01037", "11470_01083", "11470_01084", "11470_01085", "11470_01131", "11470_01132", "11470_01133"], "display_grid_id": "11470_00186", "gu_code": 11470, "gu_name": "양천구", "source_cell_count": 15, "area_m2": 60994.77, "mean_actual_lst": 41.7161, "mean_actual_anomaly": 3.4172, "seoul_anomaly": 4.7655, "pred_anomaly": 3.2208, "pred_anomaly_std": 0.5716, "green_delta_c": -0.3845, "building_ratio": 0.3919, "green_ratio": 0.2408, "ndvi": 0.1084, "impervious_ratio": 0.4346, "built_surface_ratio": 0.4346, "avg_ground_floor_count": 3.9586, "elevation_m": 15.5512, "albedo": 0.1155, "nearest_park_distance_m": 32.4446, "park_area_within_500m": 388388.043, "nearest_stream_distance_m": 2950.9926, "est_population_density": 27724.9645, "dong_elderly_ratio": 0.2248, "dong_avg_age": 44.8, "dong_pop_density": 32433.8, "nearest_shelter_distance_m": 81.1696, "shelter_count_within_500m": 11.6983, "est_population": 1691.1, "est_elderly": 380.0, "shelter_capacity_within_500m": 3759.9, "building_form_group": "high_floor_high_density", "dong_name": "신월2동", "top1_feature": "building_ratio", "top1_shap": 0.9469, "top2_feature": "ndvi", "top2_shap": 0.4922, "top3_feature": "impervious_ratio", "top3_shap": 0.3038, "priority_score": 71.1095, "priority_rank": 22 }, "geometry": { "type": "Polygon", "coordinates": [ [ [ 126.846412210965738, 37.527248542792286 ], [ 126.846431869826247, 37.52499528309955 ], [ 126.84360274022697, 37.524979592796825 ], [ 126.843584958651078, 37.527008909150908 ], [ 126.84383971, 37.52705197 ], [ 126.844668219999988, 37.52719204 ], [ 126.84488199, 37.5272285 ], [ 126.844952057235744, 37.527240452857896 ], [ 126.846412210965738, 37.527248542792286 ] ] ] } },
{ "type": "Feature", "properties": { "member_grid_ids": ["11470_01037", "11470_01038", "11470_01039", "11470_01085", "11470_01086", "11470_01087", "11470_01133", "11470_01134", "11470_01135"], "display_grid_id": "11470_00187", "gu_code": 11470, "gu_name": "양천구", "source_cell_count": 14, "area_m2": 62500.0, "mean_actual_lst": 40.4987, "mean_actual_anomaly": 2.4391, "seoul_anomaly": 3.7874, "pred_anomaly": 2.7243, "pred_anomaly_std": 0.6554, "green_delta_c": -0.4342, "building_ratio": 0.334, "green_ratio": 0.2491, "ndvi": 0.1323, "impervious_ratio": 0.4047, "built_surface_ratio": 0.4047, "avg_ground_floor_count": 4.6805, "elevation_m": 21.4531, "albedo": 0.1123, "nearest_park_distance_m": 61.748, "park_area_within_500m": 377648.99, "nearest_stream_distance_m": 2714.0048, "est_population_density": 27507.808, "dong_elderly_ratio": 0.2248, "dong_avg_age": 44.8, "dong_pop_density": 32433.8, "nearest_shelter_distance_m": 204.1128, "shelter_count_within_500m": 9.36, "est_population": 1719.2, "est_elderly": 386.5, "shelter_capacity_within_500m": 2370.2, "building_form_group": "high_floor_high_density", "dong_name": "신월2동", "top1_feature": "building_ratio", "top1_shap": 0.8433, "top2_feature": "impervious_ratio", "top2_shap": 0.4109, "top3_feature": "ndvi", "top3_shap": 0.3494, "priority_score": 78.0404, "priority_rank": 3 }, "geometry": { "type": "Polygon", "coordinates": [ [ [ 126.846431869826247, 37.52499528309955 ], [ 126.846412210965738, 37.527248542792286 ], [ 126.849241427837683, 37.527264166594684 ], [ 126.849261001614607, 37.525010905638048 ], [ 126.846431869826247, 37.52499528309955 ] ] ] } },
{ "type": "Feature", "properties": { "member_grid_ids": ["11470_01040", "11470_01041", "11470_01042", "11470_01088", "11470_01089", "11470_01090", "11470_01136", "11470_01137", "11470_01138"], "display_grid_id": "11470_00188", "gu_code": 11470, "gu_name": "양천구", "source_cell_count": 15, "area_m2": 62500.0, "mean_actual_lst": 39.5961, "mean_actual_anomaly": 1.7209, "seoul_anomaly": 3.0691, "pred_anomaly": 2.8511, "pred_anomaly_std": 0.656, "green_delta_c": -0.286, "building_ratio": 0.3316, "green_ratio": 0.2246, "ndvi": 0.1084, "impervious_ratio": 0.4013, "built_surface_ratio": 0.4013, "avg_ground_floor_count": 4.4011, "elevation_m": 29.6566, "albedo": 0.12, "nearest_park_distance_m": 95.6512, "park_area_within_500m": 323405.6592, "nearest_stream_distance_m": 2454.6216, "est_population_density": 24700.4, "dong_elderly_ratio": 0.2051, "dong_avg_age": 44.8, "dong_pop_density": 32512.424, "nearest_shelter_distance_m": 122.5944, "shelter_count_within_500m": 6.64, "est_population": 1543.8, "est_elderly": 316.4, "shelter_capacity_within_500m": 1749.8, "building_form_group": "high_floor_high_density", "dong_name": "신정4동", "top1_feature": "building_ratio", "top1_shap": 0.6632, "top2_feature": "ndvi", "top2_shap": 0.5961, "top3_feature": "impervious_ratio", "top3_shap": 0.2964, "priority_score": 59.438, "priority_rank": 98 }, "geometry": { "type": "Polygon", "coordinates": [ [ [ 126.849261001614607, 37.525010905638048 ], [ 126.849241427837683, 37.527264166594684 ], [ 126.852070646889445, 37.527279722627192 ], [ 126.852090135582515, 37.52502646041215 ], [ 126.849261001614607, 37.525010905638048 ] ] ] } },
{ "type": "Feature", "properties": { "member_grid_ids": ["11470_01042", "11470_01043", "11470_01044", "11470_01090", "11470_01091", "11470_01092", "11470_01139", "11470_01140"], "display_grid_id": "11470_00189", "gu_code": 11470, "gu_name": "양천구", "source_cell_count": 14, "area_m2": 62500.0, "mean_actual_lst": 40.3277, "mean_actual_anomaly": 2.1665, "seoul_anomaly": 3.5147, "pred_anomaly": 2.9913, "pred_anomaly_std": 0.66, "green_delta_c": -0.2187, "building_ratio": 0.4675, "green_ratio": 0.2571, "ndvi": 0.081, "impervious_ratio": 0.2086, "built_surface_ratio": 0.2086, "avg_ground_floor_count": 3.7779, "elevation_m": 24.8787, "albedo": 0.1075, "nearest_park_distance_m": 136.2944, "park_area_within_500m": 275310.2304, "nearest_stream_distance_m": 2215.0448, "est_population_density": 31617.2, "dong_elderly_ratio": 0.2013, "dong_avg_age": 44.8, "dong_pop_density": 32527.4, "nearest_shelter_distance_m": 183.18, "shelter_count_within_500m": 7.92, "est_population": 1976.1, "est_elderly": 397.7, "shelter_capacity_within_500m": 2523.2, "building_form_group": "high_floor_high_density", "dong_name": "신정4동", "top1_feature": "building_ratio", "top1_shap": 1.2485, "top2_feature": "ndvi", "top2_shap": 0.6735, "top3_feature": "nearest_stream_distance_m", "top3_shap": -0.3741, "priority_score": 62.7666, "priority_rank": 70 }, "geometry": { "type": "Polygon", "coordinates": [ [ [ 126.852090135582515, 37.52502646041215 ], [ 126.852070646889445, 37.527279722627192 ], [ 126.854899868111545, 37.527295210889669 ], [ 126.854919271720547, 37.525041947421698 ], [ 126.852090135582515, 37.52502646041215 ] ] ] } },
{ "type": "Feature", "properties": { "member_grid_ids": ["11470_01045", "11470_01046", "11470_01047", "11470_01093", "11470_01094", "11470_01095", "11470_01141", "11470_01142", "11470_01143"], "display_grid_id": "11470_00190", "gu_code": 11470, "gu_name": "양천구", "source_cell_count": 16, "area_m2": 62500.0, "mean_actual_lst": 41.4223, "mean_actual_anomaly": 2.8175, "seoul_anomaly": 4.1657, "pred_anomaly": 2.9599, "pred_anomaly_std": 0.5617, "green_delta_c": -0.4289, "building_ratio": 0.4046, "green_ratio": 0.2698, "ndvi": 0.1072, "impervious_ratio": 0.2455, "built_surface_ratio": 0.2455, "avg_ground_floor_count": 4.5758, "elevation_m": 18.2843, "albedo": 0.108, "nearest_park_distance_m": 160.6412, "park_area_within_500m": 237945.566, "nearest_stream_distance_m": 1955.6176, "est_population_density": 32481.2, "dong_elderly_ratio": 0.2013, "dong_avg_age": 44.8, "dong_pop_density": 32527.4, "nearest_shelter_distance_m": 80.9368, "shelter_count_within_500m": 8.2, "est_population": 2030.1, "est_elderly": 408.6, "shelter_capacity_within_500m": 2788.2, "building_form_group": "high_floor_high_density", "dong_name": "신정4동", "top1_feature": "building_ratio", "top1_shap": 1.0974, "top2_feature": "ndvi", "top2_shap": 0.6204, "top3_feature": "nearest_stream_distance_m", "top3_shap": -0.2383, "priority_score": 68.7896, "priority_rank": 35 }, "geometry": { "type": "Polygon", "coordinates": [ [ [ 126.854919271720547, 37.525041947421698 ], [ 126.854899868111545, 37.527295210889669 ], [ 126.857729091494562, 37.527310631381951 ], [ 126.857748410019198, 37.525057366666545 ], [ 126.854919271720547, 37.525041947421698 ] ] ] } },
{ "type": "Feature", "properties": { "member_grid_ids": ["11470_01047", "11470_01048", "11470_01049", "11470_01095", "11470_01096", "11470_01097", "11470_01144", "11470_01145"], "display_grid_id": "11470_00191", "gu_code": 11470, "gu_name": "양천구", "source_cell_count": 16, "area_m2": 62500.0, "mean_actual_lst": 41.6097, "mean_actual_anomaly": 2.9594, "seoul_anomaly": 4.3076, "pred_anomaly": 3.0921, "pred_anomaly_std": 0.5476, "green_delta_c": -0.3128, "building_ratio": 0.4046, "green_ratio": 0.2559, "ndvi": 0.0936, "impervious_ratio": 0.2442, "built_surface_ratio": 0.2442, "avg_ground_floor_count": 4.3698, "elevation_m": 13.9276, "albedo": 0.1107, "nearest_park_distance_m": 156.4868, "park_area_within_500m": 272969.0756, "nearest_stream_distance_m": 1716.3024, "est_population_density": 31818.8, "dong_elderly_ratio": 0.2013, "dong_avg_age": 44.8, "dong_pop_density": 32527.4, "nearest_shelter_distance_m": 170.3448, "shelter_count_within_500m": 7.56, "est_population": 1988.7, "est_elderly": 400.4, "shelter_capacity_within_500m": 2568.3, "building_form_group": "high_floor_high_density", "dong_name": "신정4동", "top1_feature": "building_ratio", "top1_shap": 1.1335, "top2_feature": "ndvi", "top2_shap": 0.6416, "top3_feature": "impervious_ratio", "top3_shap": 0.3303, "priority_score": 72.464, "priority_rank": 16 }, "geometry": { "type": "Polygon", "coordinates": [ [ [ 126.857748410019198, 37.525057366666545 ], [ 126.857729091494562, 37.527310631381951 ], [ 126.860558317028975, 37.527325984103882 ], [ 126.860577550468989, 37.525072718146504 ], [ 126.857748410019198, 37.525057366666545 ] ] ] } },
{ "type": "Feature", "properties": { "member_grid_ids": ["11470_01050", "11470_01051", "11470_01052", "11470_01098", "11470_01099", "11470_01100", "11470_01146", "11470_01147", "11470_01148"], "display_grid_id": "11470_00192", "gu_code": 11470, "gu_name": "양천구", "source_cell_count": 12, "area_m2": 62500.0, "mean_actual_lst": 41.5071, "mean_actual_anomaly": 2.7616, "seoul_anomaly": 4.1099, "pred_anomaly": 2.9643, "pred_anomaly_std": 0.5719, "green_delta_c": -0.2713, "building_ratio": 0.3893, "green_ratio": 0.2517, "ndvi": 0.098, "impervious_ratio": 0.2763, "built_surface_ratio": 0.2763, "avg_ground_floor_count": 5.1919, "elevation_m": 14.255, "albedo": 0.1073, "nearest_park_distance_m": 12.64, "park_area_within_500m": 379537.004, "nearest_stream_distance_m": 1457.2564, "est_population_density": 36142.4, "dong_elderly_ratio": 0.2013, "dong_avg_age": 44.8, "dong_pop_density": 32527.4, "nearest_shelter_distance_m": 151.6232, "shelter_count_within_500m": 6.12, "est_population": 2258.9, "est_elderly": 454.7, "shelter_capacity_within_500m": 1861.0, "building_form_group": "high_floor_high_density", "dong_name": "신정4동", "top1_feature": "building_ratio", "top1_shap": 1.1004, "top2_feature": "ndvi", "top2_shap": 0.5981, "top3_feature": "impervious_ratio", "top3_shap": 0.3586, "priority_score": 69.3804, "priority_rank": 30 }, "geometry": { "type": "Polygon", "coordinates": [ [ [ 126.860577550468989, 37.525072718146504 ], [ 126.860558317028975, 37.527325984103882 ], [ 126.863387544705333, 37.527341269055292 ], [ 126.863406693060497, 37.525088001861434 ], [ 126.860577550468989, 37.525072718146504 ] ] ] } },
{ "type": "Feature", "properties": { "member_grid_ids": ["11470_01052", "11470_01053", "11470_01054", "11470_01100", "11470_01101", "11470_01102", "11470_01149", "11470_01150"], "display_grid_id": "11470_00193", "gu_code": 11470, "gu_name": "양천구", "source_cell_count": 15, "area_m2": 62500.0, "mean_actual_lst": 40.0341, "mean_actual_anomaly": 1.1815, "seoul_anomaly": 2.5297, "pred_anomaly": 0.9392, "pred_anomaly_std": 0.7212, "green_delta_c": -0.4092, "building_ratio": 0.1558, "green_ratio": 0.3293, "ndvi": 0.2274, "impervious_ratio": 0.2914, "built_surface_ratio": 0.2914, "avg_ground_floor_count": 8.6124, "elevation_m": 14.465, "albedo": 0.1182, "nearest_park_distance_m": 2.4424, "park_area_within_500m": 502956.3896, "nearest_stream_distance_m": 1218.3692, "est_population_density": 20641.6, "dong_elderly_ratio": 0.1524, "dong_avg_age": 40.64, "dong_pop_density": 22678.44, "nearest_shelter_distance_m": 233.4944, "shelter_count_within_500m": 5.88, "est_population": 1290.1, "est_elderly": 209.6, "shelter_capacity_within_500m": 1448.5, "building_form_group": "high_floor_low_density", "dong_name": "목1동", "top1_feature": "ndvi", "top1_shap": -0.1076, "top2_feature": "impervious_ratio", "top2_shap": 0.3449, "top3_feature": "building_ratio", "top3_shap": 0.2052, "priority_score": 59.0346, "priority_rank": 103 }, "geometry": { "type": "Polygon", "coordinates": [ [ [ 126.863406693060497, 37.525088001861434 ], [ 126.863387544705333, 37.527341269055292 ], [ 126.866216774514143, 37.52735648623603 ], [ 126.866235837784203, 37.525103217811171 ], [ 126.863406693060497, 37.525088001861434 ] ] ] } },
{ "type": "Feature", "properties": { "member_grid_ids": ["11470_01055", "11470_01056", "11470_01057", "11470_01103", "11470_01104", "11470_01105", "11470_01151", "11470_01152", "11470_01153"], "display_grid_id": "11470_00194", "gu_code": 11470, "gu_name": "양천구", "source_cell_count": 14, "area_m2": 62500.0, "mean_actual_lst": 40.0237, "mean_actual_anomaly": 1.171, "seoul_anomaly": 2.5193, "pred_anomaly": 1.2808, "pred_anomaly_std": 0.8672, "green_delta_c": -0.2777, "building_ratio": 0.1903, "green_ratio": 0.2742, "ndvi": 0.2208, "impervious_ratio": 0.4019, "built_surface_ratio": 0.4019, "avg_ground_floor_count": 7.0317, "elevation_m": 14.419, "albedo": 0.1127, "nearest_park_distance_m": 8.2712, "park_area_within_500m": 606990.1824, "nearest_stream_distance_m": 960.1692, "est_population_density": 22606.4, "dong_elderly_ratio": 0.1402, "dong_avg_age": 39.6, "dong_pop_density": 20216.2, "nearest_shelter_distance_m": 171.7272, "shelter_count_within_500m": 7.56, "est_population": 1412.9, "est_elderly": 198.2, "shelter_capacity_within_500m": 1493.7, "building_form_group": "high_floor_low_density", "dong_name": "목1동", "top1_feature": "impervious_ratio", "top1_shap": 0.4278, "top2_feature": "built_surface_ratio", "top2_shap": 0.299, "top3_feature": "ndvi", "top3_shap": -0.1851, "priority_score": 52.2262, "priority_rank": 151 }, "geometry": { "type": "Polygon", "coordinates": [ [ [ 126.866235837784203, 37.525103217811171 ], [ 126.866216774514143, 37.52735648623603 ], [ 126.869046006445956, 37.527371635645942 ], [ 126.869064984630654, 37.525118365995574 ], [ 126.866235837784203, 37.525103217811171 ] ] ] } },
{ "type": "Feature", "properties": { "member_grid_ids": ["11470_01057", "11470_01058", "11470_01059", "11470_01105", "11470_01106", "11470_01107", "11470_01154", "11470_01155"], "display_grid_id": "11470_00195", "gu_code": 11470, "gu_name": "양천구", "source_cell_count": 14, "area_m2": 62500.0, "mean_actual_lst": 37.7918, "mean_actual_anomaly": -0.9633, "seoul_anomaly": 0.3849, "pred_anomaly": 0.4359, "pred_anomaly_std": 0.714, "green_delta_c": -0.0963, "building_ratio": 0.2917, "green_ratio": 0.2302, "ndvi": 0.1222, "impervious_ratio": 0.4089, "built_surface_ratio": 0.4089, "avg_ground_floor_count": 30.0808, "elevation_m": 24.3234, "albedo": 0.0793, "nearest_park_distance_m": 8.2712, "park_area_within_500m": 585827.28, "nearest_stream_distance_m": 722.6948, "est_population_density": 69724.0, "dong_elderly_ratio": 0.1402, "dong_avg_age": 39.6, "dong_pop_density": 20216.2, "nearest_shelter_distance_m": 76.7448, "shelter_count_within_500m": 8.52, "est_population": 4357.8, "est_elderly": 611.1, "shelter_capacity_within_500m": 1635.3, "building_form_group": "high_floor_high_density", "dong_name": "목1동", "top1_feature": "avg_ground_floor_count", "top1_shap": -0.8029, "top2_feature": "building_ratio", "top2_shap": 0.3605, "top3_feature": "impervious_ratio", "top3_shap": 0.2386, "priority_score": 43.1628, "priority_rank": 225 }, "geometry": { "type": "Polygon", "coordinates": [ [ [ 126.869064984630654, 37.525118365995574 ], [ 126.869046006445956, 37.527371635645942 ], [ 126.871875240491264, 37.52738671728487 ], [ 126.871894133590374, 37.525133446414465 ], [ 126.869064984630654, 37.525118365995574 ] ] ] } },
{ "type": "Feature", "properties": { "member_grid_ids": ["11470_01060", "11470_01061", "11470_01062", "11470_01108", "11470_01109", "11470_01110", "11470_01156", "11470_01157", "11470_01158"], "display_grid_id": "11470_00196", "gu_code": 11470, "gu_name": "양천구", "source_cell_count": 15, "area_m2": 62500.0, "mean_actual_lst": 39.9423, "mean_actual_anomaly": 1.4388, "seoul_anomaly": 2.7871, "pred_anomaly": 1.6938, "pred_anomaly_std": 0.7478, "green_delta_c": -0.191, "building_ratio": 0.2318, "green_ratio": 0.2307, "ndvi": 0.1421, "impervious_ratio": 0.4684, "built_surface_ratio": 0.4684, "avg_ground_floor_count": 17.037, "elevation_m": 14.9742, "albedo": 0.1041, "nearest_park_distance_m": 17.912, "park_area_within_500m": 505475.7532, "nearest_stream_distance_m": 467.804, "est_population_density": 27876.0, "dong_elderly_ratio": 0.1402, "dong_avg_age": 39.6, "dong_pop_density": 20216.2, "nearest_shelter_distance_m": 134.0492, "shelter_count_within_500m": 9.56, "est_population": 1742.3, "est_elderly": 244.4, "shelter_capacity_within_500m": 1642.3, "building_form_group": "high_floor_low_density", "dong_name": "목1동", "top1_feature": "impervious_ratio", "top1_shap": 0.4404, "top2_feature": "building_ratio", "top2_shap": 0.3857, "top3_feature": "avg_ground_floor_count", "top3_shap": -0.3033, "priority_score": 52.0461, "priority_rank": 152 }, "geometry": { "type": "Polygon", "coordinates": [ [ [ 126.871894133590374, 37.525133446414465 ], [ 126.871875240491264, 37.52738671728487 ], [ 126.874704476640616, 37.527401731152658 ], [ 126.874723284653868, 37.525148459067708 ], [ 126.871894133590374, 37.525133446414465 ] ] ] } },
{ "type": "Feature", "properties": { "member_grid_ids": ["11470_01062", "11470_01063", "11470_01064", "11470_01110", "11470_01111", "11470_01112", "11470_01159", "11470_01160"], "display_grid_id": "11470_00197", "gu_code": 11470, "gu_name": "양천구", "source_cell_count": 16, "area_m2": 62500.0, "mean_actual_lst": 40.8836, "mean_actual_anomaly": 2.719, "seoul_anomaly": 4.0673, "pred_anomaly": 2.058, "pred_anomaly_std": 0.9133, "green_delta_c": -0.4014, "building_ratio": 0.254, "green_ratio": 0.2123, "ndvi": 0.1248, "impervious_ratio": 0.5504, "built_surface_ratio": 0.5504, "avg_ground_floor_count": 29.3243, "elevation_m": 9.7632, "albedo": 0.1357, "nearest_park_distance_m": 2.8128, "park_area_within_500m": 417395.0508, "nearest_stream_distance_m": 240.6352, "est_population_density": 13256.8, "dong_elderly_ratio": 0.1402, "dong_avg_age": 39.6, "dong_pop_density": 20216.2, "nearest_shelter_distance_m": 136.4988, "shelter_count_within_500m": 7.96, "est_population": 828.6, "est_elderly": 116.2, "shelter_capacity_within_500m": 1276.8, "building_form_group": "high_floor_low_density", "dong_name": "목1동", "top1_feature": "impervious_ratio", "top1_shap": 0.548, "top2_feature": "avg_ground_floor_count", "top2_shap": -0.4146, "top3_feature": "building_ratio", "top3_shap": 0.382, "priority_score": 64.4164, "priority_rank": 63 }, "geometry": { "type": "Polygon", "coordinates": [ [ [ 126.874723284653868, 37.525148459067708 ], [ 126.874704476640616, 37.527401731152658 ], [ 126.877533714884535, 37.52741667724915 ], [ 126.877552437811687, 37.525163403955112 ], [ 126.874723284653868, 37.525148459067708 ] ] ] } },
{ "type": "Feature", "properties": { "member_grid_ids": ["11470_01065", "11470_01066", "11470_01067", "11470_01113", "11470_01114", "11470_01115", "11470_01161", "11470_01162", "11470_01163"], "display_grid_id": "11470_00198", "gu_code": 11470, "gu_name": "양천구", "source_cell_count": 13, "area_m2": 54332.67, "mean_actual_lst": 37.8136, "mean_actual_anomaly": -0.1025, "seoul_anomaly": 1.2457, "pred_anomaly": 0.7942, "pred_anomaly_std": 0.8403, "green_delta_c": -0.365, "building_ratio": 0.2512, "green_ratio": 0.3443, "ndvi": 0.2921, "impervious_ratio": 0.4508, "built_surface_ratio": 0.4508, "avg_ground_floor_count": 0.1687, "elevation_m": 12.1352, "albedo": 0.1492, "nearest_park_distance_m": 28.1559, "park_area_within_500m": 340366.4489, "nearest_stream_distance_m": 50.5456, "est_population_density": 0.0, "dong_elderly_ratio": 0.1407, "dong_avg_age": 39.676, "dong_pop_density": 20001.0656, "nearest_shelter_distance_m": 282.7241, "shelter_count_within_500m": 5.1145, "est_population": 0.0, "est_elderly": 0.0, "shelter_capacity_within_500m": 886.7, "building_form_group": "low_floor_high_density", "dong_name": "목1동", "top1_feature": "impervious_ratio", "top1_shap": 0.4854, "top2_feature": "building_ratio", "top2_shap": 0.4041, "top3_feature": "ndvi", "top3_shap": -0.3338, "priority_score": 42.4856, "priority_rank": 234 }, "geometry": { "type": "Polygon", "coordinates": [ [ [ 126.877552437811687, 37.525163403955112 ], [ 126.877533714884535, 37.52741667724915 ], [ 126.880362955213542, 37.527431555574175 ], [ 126.880376962380993, 37.525738142944213 ], [ 126.88032498, 37.52573724 ], [ 126.8802706, 37.52573753 ], [ 126.88023784, 37.52573771 ], [ 126.880177910000015, 37.52573793 ], [ 126.880138320000015, 37.52573817 ], [ 126.88012258000002, 37.52573816 ], [ 126.879933630000011, 37.52573853 ], [ 126.879748730000017, 37.52573806 ], [ 126.879729490000017, 37.52573802 ], [ 126.87960329, 37.52573778 ], [ 126.87953128, 37.52573731 ], [ 126.87952121, 37.52573724 ], [ 126.879472820000018, 37.52573693 ], [ 126.879441979999982, 37.5257369 ], [ 126.87940882, 37.52573686 ], [ 126.8793604, 37.525730330000016 ], [ 126.879350980000012, 37.52572892 ], [ 126.87932825, 37.52572552 ], [ 126.87929854, 37.52571897 ], [ 126.879284590000012, 37.52571589 ], [ 126.879247909999989, 37.52570084 ], [ 126.87923849, 37.52569698 ], [ 126.879186910000016, 37.52567581 ], [ 126.879161819999979, 37.52566507 ], [ 126.87914541, 37.52565803000001 ], [ 126.87904881, 37.52560134 ], [ 126.878917099999981, 37.525506029999988 ], [ 126.878820860000019, 37.52542878 ], [ 126.87875353, 37.525355 ], [ 126.878731479999985, 37.52531151 ], [ 126.878659317321251, 37.525169232555655 ], [ 126.877552437811687, 37.525163403955112 ] ] ] } },
{ "type": "Feature", "properties": { "member_grid_ids": ["11470_01067", "11470_01068", "11470_01115", "11470_01116"], "display_grid_id": "11470_00199", "gu_code": 11470, "gu_name": "양천구", "source_cell_count": 7, "area_m2": 10669.44, "mean_actual_lst": 33.9667, "mean_actual_anomaly": -4.1024, "seoul_anomaly": -2.7541, "pred_anomaly": -2.6559, "pred_anomaly_std": 0.9264, "green_delta_c": -1.0342, "building_ratio": 0.0812, "green_ratio": 0.3896, "ndvi": 0.2836, "impervious_ratio": 0.1686, "built_surface_ratio": 0.1686, "avg_ground_floor_count": 0.0, "elevation_m": 10.0282, "albedo": 0.1292, "nearest_park_distance_m": 119.2628, "park_area_within_500m": 308726.0292, "nearest_stream_distance_m": 0.2062, "est_population_density": 0.0, "dong_elderly_ratio": 0.1434, "dong_avg_age": 40.1262, "dong_pop_density": 18727.5628, "nearest_shelter_distance_m": 311.1535, "shelter_count_within_500m": 5.7095, "est_population": 0.0, "est_elderly": 0.0, "shelter_capacity_within_500m": 561.6, "building_form_group": "low_floor_low_density", "dong_name": "목1동", "top1_feature": "building_ratio", "top1_shap": -0.7257, "top2_feature": "impervious_ratio", "top2_shap": -0.3792, "top3_feature": "built_surface_ratio", "top3_shap": -0.3839, "priority_score": 40.5115, "priority_rank": 251 }, "geometry": { "type": "MultiPolygon", "coordinates": [ [ [ [ 126.880611513386427, 37.527432859445483 ], [ 126.880603669999985, 37.52741816 ], [ 126.880603249999979, 37.52740762 ], [ 126.88060299, 37.52740127 ], [ 126.88060497, 37.52737649 ], [ 126.88061002, 37.52731932 ], [ 126.88062106, 37.5272667 ], [ 126.88062697, 37.52724745 ], [ 126.88062897, 37.52724093 ], [ 126.88063047, 37.52723602 ], [ 126.880649690000013, 37.52718738 ], [ 126.88067095000001, 37.52713357 ], [ 126.88068371, 37.52711134 ], [ 126.88077569, 37.52701465 ], [ 126.88093285, 37.52684946 ], [ 126.8809529, 37.52682648 ], [ 126.881028730000011, 37.52672522 ], [ 126.881070120000018, 37.52666997 ], [ 126.881146, 37.52657042 ], [ 126.88116684000002, 37.52654308 ], [ 126.88116898, 37.52653582 ], [ 126.881173169999983, 37.52652153 ], [ 126.881174359999989, 37.52651402 ], [ 126.881175040000016, 37.52650142 ], [ 126.88117535, 37.52649683 ], [ 126.8811763, 37.52648255 ], [ 126.881176670000016, 37.52647692 ], [ 126.88117703, 37.52647017000001 ], [ 126.881178300000016, 37.52644989 ], [ 126.8811794, 37.52643225 ], [ 126.881180480000012, 37.52641498 ], [ 126.88118447, 37.52634932 ], [ 126.881182920000015, 37.52632433 ], [ 126.881164289999987, 37.52625729 ], [ 126.881157430000016, 37.52623589 ], [ 126.88114724, 37.52620404000001 ], [ 126.88114108, 37.526184910000012 ], [ 126.881137379999984, 37.52617336 ], [ 126.881135230000012, 37.52616677000001 ], [ 126.88113141, 37.52615477 ], [ 126.88112916, 37.52614794 ], [ 126.88112718, 37.52614238 ], [ 126.881123910000014, 37.52613548 ], [ 126.88110758000002, 37.52611403 ], [ 126.88106808, 37.5260663 ], [ 126.88099952, 37.52598266 ], [ 126.88099588, 37.52597825 ], [ 126.88099275, 37.52597443 ], [ 126.88094672, 37.52591852 ], [ 126.88094124, 37.52591188000001 ], [ 126.88093736, 37.525908490000013 ], [ 126.880932770000015, 37.52590539 ], [ 126.880814390000012, 37.52583821 ], [ 126.88080951, 37.52583544 ], [ 126.88080356, 37.52583219000001 ], [ 126.88070831, 37.52578015 ], [ 126.88063657, 37.52576396 ], [ 126.880575420000014, 37.52575016 ], [ 126.88056442, 37.52574835 ], [ 126.8805445, 37.52574507 ], [ 126.880485900000011, 37.52574084 ], [ 126.8804782, 37.5257403 ], [ 126.88046438, 37.52573974 ], [ 126.88044553, 37.52573933 ], [ 126.880414, 37.52573879 ], [ 126.880401330000012, 37.52573857 ], [ 126.88037852, 37.52573817 ], [ 126.880376962380993, 37.525738142944213 ], [ 126.880362955213542, 37.527431555574175 ], [ 126.880611513386427, 37.527432859445483 ] ] ], [ [ [ 126.883193849807896, 37.527245714007535 ], [ 126.88314682, 37.52723772 ], [ 126.883130120000018, 37.52723489 ], [ 126.88311916, 37.52723319 ], [ 126.88293604, 37.52722793 ], [ 126.88291306, 37.52722876 ], [ 126.88290707, 37.52722940000001 ], [ 126.88283358, 37.52723732 ], [ 126.88272654, 37.52724884 ], [ 126.88258485999998, 37.52731503 ], [ 126.88257918, 37.52731768 ], [ 126.88257053000001, 37.5273217 ], [ 126.882559810000018, 37.5273267 ], [ 126.882312608039996, 37.527441768901923 ], [ 126.883192197618186, 37.527446366127606 ], [ 126.883193849807896, 37.527245714007535 ] ] ] ] } },
{ "type": "Feature", "properties": { "member_grid_ids": ["11470_01166"], "display_grid_id": "11470_00200", "gu_code": 11470, "gu_name": "양천구", "source_cell_count": 1, "area_m2": 498.44, "mean_actual_lst": 32.4962, "mean_actual_anomaly": -6.0369, "seoul_anomaly": -4.6887, "pred_anomaly": -5.3749, "pred_anomaly_std": 0.8723, "green_delta_c": -1.7094, "building_ratio": 0.0, "green_ratio": 0.3208, "ndvi": 0.0834, "impervious_ratio": 0.0463, "built_surface_ratio": 0.0463, "avg_ground_floor_count": 0.0, "elevation_m": 10.0, "albedo": 0.0748, "nearest_park_distance_m": 161.82, "park_area_within_500m": 266488.97, "nearest_stream_distance_m": 0.0, "est_population_density": 0.0, "dong_elderly_ratio": 0.1438, "dong_avg_age": 40.2, "dong_pop_density": 18518.8, "nearest_shelter_distance_m": 259.29, "shelter_count_within_500m": 8.0, "est_population": 0.0, "est_elderly": 0.0, "shelter_capacity_within_500m": 26.4, "building_form_group": "no_building", "dong_name": null, "top1_feature": "building_ratio", "top1_shap": -1.9202, "top2_feature": "built_surface_ratio", "top2_shap": -1.3704, "top3_feature": "impervious_ratio", "top3_shap": -1.3697, "priority_score": 38.5086, "priority_rank": 272 }, "geometry": { "type": "Polygon", "coordinates": [ [ [ 126.883192197618186, 37.527446366127606 ], [ 126.883621498384713, 37.52744860751374 ], [ 126.88361889, 37.52744655 ], [ 126.883451309999984, 37.527339110000014 ], [ 126.88343636, 37.52733094 ], [ 126.883430120000014, 37.52732755 ], [ 126.88328314, 37.52726827 ], [ 126.88322183, 37.52725047 ], [ 126.883193849807896, 37.527245714007535 ], [ 126.883192197618186, 37.527446366127606 ] ] ] } },
{ "type": "Feature", "properties": { "member_grid_ids": ["11470_01117", "11470_01118", "11470_01167", "11470_01168", "11470_01212", "11470_01213", "11470_01214"], "display_grid_id": "11470_00201", "gu_code": 11470, "gu_name": "양천구", "source_cell_count": 7, "area_m2": 31185.2, "mean_actual_lst": 34.3873, "mean_actual_anomaly": -3.9082, "seoul_anomaly": -2.56, "pred_anomaly": -3.8665, "pred_anomaly_std": 1.5049, "green_delta_c": -1.1119, "building_ratio": 0.0113, "green_ratio": 0.7361, "ndvi": 0.4676, "impervious_ratio": 0.0898, "built_surface_ratio": 0.0898, "avg_ground_floor_count": 0.6761, "elevation_m": 51.0349, "albedo": 0.1533, "nearest_park_distance_m": 315.7876, "park_area_within_500m": 17220.3576, "nearest_stream_distance_m": 4398.8434, "est_population_density": 0.0, "dong_elderly_ratio": 0.229, "dong_avg_age": 46.3, "dong_pop_density": 15773.2, "nearest_shelter_distance_m": 359.1606, "shelter_count_within_500m": 2.9525, "est_population": 0.0, "est_elderly": 0.0, "shelter_capacity_within_500m": 553.2, "building_form_group": "no_building", "dong_name": "신월3동", "top1_feature": "building_ratio", "top1_shap": -1.2056, "top2_feature": "albedo", "top2_shap": 0.4967, "top3_feature": "impervious_ratio", "top3_shap": -0.4402, "priority_score": 40.4683, "priority_rank": 253 }, "geometry": { "type": "Polygon", "coordinates": [ [ [ 126.829416784438507, 37.529406627942947 ], [ 126.829436956041206, 37.527153376819768 ], [ 126.828258422982813, 37.527146679190366 ], [ 126.828094640000018, 37.52761599 ], [ 126.82795457, 37.5279545 ], [ 126.827938900000021, 37.52800319 ], [ 126.82787478, 37.52836491 ], [ 126.82821370000002, 37.52902932 ], [ 126.828136359999988, 37.52906975 ], [ 126.82758575, 37.52935866 ], [ 126.8275739, 37.52936428 ], [ 126.827527616509144, 37.529395885530207 ], [ 126.829416784438507, 37.529406627942947 ] ] ] } },
{ "type": "Feature", "properties": { "member_grid_ids": ["11470_01119", "11470_01120", "11470_01168", "11470_01169", "11470_01170", "11470_01214", "11470_01215", "11470_01216"], "display_grid_id": "11470_00202", "gu_code": 11470, "gu_name": "양천구", "source_cell_count": 15, "area_m2": 62500.0, "mean_actual_lst": 37.1077, "mean_actual_anomaly": -1.1126, "seoul_anomaly": 0.2356, "pred_anomaly": -0.7316, "pred_anomaly_std": 1.2667, "green_delta_c": -0.5938, "building_ratio": 0.0599, "green_ratio": 0.4531, "ndvi": 0.3498, "impervious_ratio": 0.3047, "built_surface_ratio": 0.3047, "avg_ground_floor_count": 1.1775, "elevation_m": 33.0272, "albedo": 0.1441, "nearest_park_distance_m": 258.6816, "park_area_within_500m": 55649.4928, "nearest_stream_distance_m": 4226.4288, "est_population_density": 468.8, "dong_elderly_ratio": 0.229, "dong_avg_age": 46.3, "dong_pop_density": 15773.2, "nearest_shelter_distance_m": 309.8584, "shelter_count_within_500m": 5.04, "est_population": 29.3, "est_elderly": 6.7, "shelter_capacity_within_500m": 1221.7, "building_form_group": "low_floor_low_density", "dong_name": "신월3동", "top1_feature": "ndvi", "top1_shap": -0.6134, "top2_feature": "green_ratio", "top2_shap": -0.3664, "top3_feature": "building_ratio", "top3_shap": -0.3688, "priority_score": 46.2824, "priority_rank": 193 }, "geometry": { "type": "Polygon", "coordinates": [ [ [ 126.829436956041206, 37.527153376819768 ], [ 126.829416784438507, 37.529406627942947 ], [ 126.832246073123954, 37.529422659658003 ], [ 126.832266159635196, 37.527169407237963 ], [ 126.829436956041206, 37.527153376819768 ] ] ] } },
{ "type": "Feature", "properties": { "member_grid_ids": ["11470_01121", "11470_01122", "11470_01123", "11470_01171", "11470_01172", "11470_01173", "11470_01217", "11470_01218", "11470_01219"], "display_grid_id": "11470_00203", "gu_code": 11470, "gu_name": "양천구", "source_cell_count": 14, "area_m2": 62500.0, "mean_actual_lst": 40.6136, "mean_actual_anomaly": 2.2937, "seoul_anomaly": 3.642, "pred_anomaly": 2.4208, "pred_anomaly_std": 0.7324, "green_delta_c": -0.4139, "building_ratio": 0.2759, "green_ratio": 0.2281, "ndvi": 0.137, "impervious_ratio": 0.5098, "built_surface_ratio": 0.5098, "avg_ground_floor_count": 5.2094, "elevation_m": 21.7126, "albedo": 0.122, "nearest_park_distance_m": 90.1792, "park_area_within_500m": 143011.8256, "nearest_stream_distance_m": 3967.4568, "est_population_density": 23206.0, "dong_elderly_ratio": 0.2333, "dong_avg_age": 46.82, "dong_pop_density": 24190.7, "nearest_shelter_distance_m": 135.2652, "shelter_count_within_500m": 6.2, "est_population": 1450.4, "est_elderly": 341.6, "shelter_capacity_within_500m": 1405.0, "building_form_group": "high_floor_high_density", "dong_name": "신월1동", "top1_feature": "ndvi", "top1_shap": 0.443, "top2_feature": "building_ratio", "top2_shap": 0.3738, "top3_feature": "impervious_ratio", "top3_shap": 0.3389, "priority_score": 72.1182, "priority_rank": 17 }, "geometry": { "type": "Polygon", "coordinates": [ [ [ 126.832266159635196, 37.527169407237963 ], [ 126.832246073123954, 37.529422659658003 ], [ 126.835075364046375, 37.529438623598686 ], [ 126.835095365465847, 37.52718536988727 ], [ 126.832266159635196, 37.527169407237963 ] ] ] } },
{ "type": "Feature", "properties": { "member_grid_ids": ["11470_01124", "11470_01125", "11470_01173", "11470_01174", "11470_01175", "11470_01219", "11470_01220", "11470_01221"], "display_grid_id": "11470_00204", "gu_code": 11470, "gu_name": "양천구", "source_cell_count": 9, "area_m2": 62500.0, "mean_actual_lst": 41.5372, "mean_actual_anomaly": 2.9848, "seoul_anomaly": 4.3331, "pred_anomaly": 2.9899, "pred_anomaly_std": 0.5041, "green_delta_c": -0.2614, "building_ratio": 0.4439, "green_ratio": 0.2423, "ndvi": 0.1057, "impervious_ratio": 0.4225, "built_surface_ratio": 0.4225, "avg_ground_floor_count": 3.5686, "elevation_m": 17.725, "albedo": 0.1215, "nearest_park_distance_m": 54.5344, "park_area_within_500m": 257253.344, "nearest_stream_distance_m": 3728.5336, "est_population_density": 27649.2, "dong_elderly_ratio": 0.2372, "dong_avg_age": 47.3, "dong_pop_density": 31960.7, "nearest_shelter_distance_m": 166.2796, "shelter_count_within_500m": 7.24, "est_population": 1728.1, "est_elderly": 409.9, "shelter_capacity_within_500m": 1651.0, "building_form_group": "low_floor_high_density", "dong_name": "신월1동", "top1_feature": "building_ratio", "top1_shap": 1.0779, "top2_feature": "ndvi", "top2_shap": 0.4864, "top3_feature": "nearest_stream_distance_m", "top3_shap": -0.4468, "priority_score": 72.8962, "priority_rank": 14 }, "geometry": { "type": "Polygon", "coordinates": [ [ [ 126.835095365465847, 37.52718536988727 ], [ 126.835075364046375, 37.529438623598686 ], [ 126.837904657196262, 37.52945451976484 ], [ 126.837924573523708, 37.527201264767534 ], [ 126.835095365465847, 37.52718536988727 ] ] ] } },
{ "type": "Feature", "properties": { "member_grid_ids": ["11470_01126", "11470_01127", "11470_01176", "11470_01177", "11470_01222", "11470_01223"], "display_grid_id": "11470_00205", "gu_code": 11470, "gu_name": "양천구", "source_cell_count": 9, "area_m2": 31737.17, "mean_actual_lst": 41.31, "mean_actual_anomaly": 2.8439, "seoul_anomaly": 4.1922, "pred_anomaly": 2.9533, "pred_anomaly_std": 0.5519, "green_delta_c": -0.3028, "building_ratio": 0.3618, "green_ratio": 0.2402, "ndvi": 0.1117, "impervious_ratio": 0.3988, "built_surface_ratio": 0.3988, "avg_ground_floor_count": 3.7162, "elevation_m": 15.4318, "albedo": 0.1215, "nearest_park_distance_m": 16.5101, "park_area_within_500m": 344698.7667, "nearest_stream_distance_m": 3528.5448, "est_population_density": 24179.451, "dong_elderly_ratio": 0.2372, "dong_avg_age": 47.3, "dong_pop_density": 31960.7, "nearest_shelter_distance_m": 233.4352, "shelter_count_within_500m": 9.435, "est_population": 767.4, "est_elderly": 182.2, "shelter_capacity_within_500m": 2095.0, "building_form_group": "high_floor_high_density", "dong_name": "신월1동", "top1_feature": "building_ratio", "top1_shap": 0.8754, "top2_feature": "ndvi", "top2_shap": 0.5161, "top3_feature": "nearest_stream_distance_m", "top3_shap": -0.2772, "priority_score": 66.5922, "priority_rank": 49 }, "geometry": { "type": "Polygon", "coordinates": [ [ [ 126.837924573523708, 37.527201264767534 ], [ 126.837904657196262, 37.52945451976484 ], [ 126.838667657279245, 37.529458795016836 ], [ 126.83872101, 37.52937116 ], [ 126.83913506, 37.52869402000001 ], [ 126.839340849999985, 37.5283522 ], [ 126.83967684, 37.52779911 ], [ 126.839940540000015, 37.52736783 ], [ 126.84001726000001, 37.52724238 ], [ 126.840035146010649, 37.527213078111423 ], [ 126.837924573523708, 37.527201264767534 ] ] ] } },
{ "type": "Feature", "properties": { "member_grid_ids": ["11470_01132"], "display_grid_id": "11470_00206", "gu_code": 11470, "gu_name": "양천구", "source_cell_count": 2, "area_m2": 1685.88, "mean_actual_lst": 42.5728, "mean_actual_anomaly": 4.5714, "seoul_anomaly": 5.9196, "pred_anomaly": 4.0001, "pred_anomaly_std": 0.6849, "green_delta_c": -0.6216, "building_ratio": 0.2729, "green_ratio": 0.1939, "ndvi": 0.0748, "impervious_ratio": 0.5462, "built_surface_ratio": 0.5462, "avg_ground_floor_count": 2.3304, "elevation_m": 14.4416, "albedo": 0.1304, "nearest_park_distance_m": 0.0, "park_area_within_500m": 428611.4549, "nearest_stream_distance_m": 2873.7995, "est_population_density": 11429.2167, "dong_elderly_ratio": 0.2248, "dong_avg_age": 44.8, "dong_pop_density": 32433.8, "nearest_shelter_distance_m": 128.5707, "shelter_count_within_500m": 8.371, "est_population": 19.3, "est_elderly": 4.3, "shelter_capacity_within_500m": 93.1, "building_form_group": "low_floor_high_density", "dong_name": "신월2동", "top1_feature": "ndvi", "top1_shap": 0.7233, "top2_feature": "impervious_ratio", "top2_shap": 0.5504, "top3_feature": "building_ratio", "top3_shap": 0.49, "priority_score": 67.3775, "priority_rank": 43 }, "geometry": { "type": "Polygon", "coordinates": [ [ [ 126.846412210965738, 37.527248542792286 ], [ 126.844952057235744, 37.527240452857896 ], [ 126.844984340000011, 37.52724596 ], [ 126.84517231, 37.52727598 ], [ 126.845251, 37.52728855 ], [ 126.84558664, 37.52734582 ], [ 126.846410136285925, 37.5274863237997 ], [ 126.846412210965738, 37.527248542792286 ] ] ] } },
{ "type": "Feature", "properties": { "member_grid_ids": ["11470_01134", "11470_01135", "11470_01178", "11470_01179"], "display_grid_id": "11470_00207", "gu_code": 11470, "gu_name": "양천구", "source_cell_count": 7, "area_m2": 12942.06, "mean_actual_lst": 41.2979, "mean_actual_anomaly": 3.2964, "seoul_anomaly": 4.6447, "pred_anomaly": 3.8837, "pred_anomaly_std": 0.6788, "green_delta_c": -0.5469, "building_ratio": 0.2952, "green_ratio": 0.1842, "ndvi": 0.0904, "impervious_ratio": 0.5571, "built_surface_ratio": 0.5571, "avg_ground_floor_count": 2.6385, "elevation_m": 15.4057, "albedo": 0.1203, "nearest_park_distance_m": 0.0, "park_area_within_500m": 399687.8443, "nearest_stream_distance_m": 2700.0014, "est_population_density": 13855.3003, "dong_elderly_ratio": 0.2248, "dong_avg_age": 44.8, "dong_pop_density": 32433.8, "nearest_shelter_distance_m": 194.7162, "shelter_count_within_500m": 7.4743, "est_population": 179.3, "est_elderly": 40.3, "shelter_capacity_within_500m": 986.7, "building_form_group": "low_floor_high_density", "dong_name": "신월2동", "top1_feature": "building_ratio", "top1_shap": 0.804, "top2_feature": "ndvi", "top2_shap": 0.6718, "top3_feature": "impervious_ratio", "top3_shap": 0.6053, "priority_score": 72.9107, "priority_rank": 13 }, "geometry": { "type": "Polygon", "coordinates": [ [ [ 126.849241427837683, 37.527264166594684 ], [ 126.846412210965738, 37.527248542792286 ], [ 126.846410136285925, 37.5274863237997 ], [ 126.84645841, 37.52749456 ], [ 126.84837848, 37.5278186 ], [ 126.84850041, 37.52783835 ], [ 126.84856596, 37.52784897 ], [ 126.848612849999981, 37.52785649 ], [ 126.84874816, 37.52787821 ], [ 126.84885123, 37.52789448 ], [ 126.84887044, 37.52789751 ], [ 126.84888139, 37.52789893 ], [ 126.848956680000015, 37.52790832 ], [ 126.84900828, 37.52791485 ], [ 126.84904892, 37.52791998 ], [ 126.849100850000013, 37.52792652 ], [ 126.849235526524794, 37.527943454555633 ], [ 126.849241427837683, 37.527264166594684 ] ] ] } },
{ "type": "Feature", "properties": { "member_grid_ids": ["11470_01136", "11470_01137", "11470_01138", "11470_01180", "11470_01181", "11470_01182"], "display_grid_id": "11470_00208", "gu_code": 11470, "gu_name": "양천구", "source_cell_count": 7, "area_m2": 23532.43, "mean_actual_lst": 40.2785, "mean_actual_anomaly": 2.4688, "seoul_anomaly": 3.8171, "pred_anomaly": 2.7147, "pred_anomaly_std": 0.7451, "green_delta_c": -0.3283, "building_ratio": 0.2518, "green_ratio": 0.2138, "ndvi": 0.0942, "impervious_ratio": 0.4129, "built_surface_ratio": 0.4129, "avg_ground_floor_count": 5.4608, "elevation_m": 17.0588, "albedo": 0.1084, "nearest_park_distance_m": 2.7558, "park_area_within_500m": 334040.4675, "nearest_stream_distance_m": 2456.7312, "est_population_density": 19625.3816, "dong_elderly_ratio": 0.2013, "dong_avg_age": 44.8, "dong_pop_density": 32527.4, "nearest_shelter_distance_m": 106.3812, "shelter_count_within_500m": 6.048, "est_population": 461.8, "est_elderly": 93.0, "shelter_capacity_within_500m": 990.5, "building_form_group": "high_floor_low_density", "dong_name": "신정4동", "top1_feature": "ndvi", "top1_shap": 0.6639, "top2_feature": "building_ratio", "top2_shap": 0.4854, "top3_feature": "impervious_ratio", "top3_shap": 0.4164, "priority_score": 55.0, "priority_rank": 132 }, "geometry": { "type": "Polygon", "coordinates": [ [ [ 126.852070646889445, 37.527279722627192 ], [ 126.849241427837683, 37.527264166594684 ], [ 126.849235526524794, 37.527943454555633 ], [ 126.849238909999983, 37.52794388 ], [ 126.84934794, 37.52795742 ], [ 126.849394780000011, 37.52796323 ], [ 126.849905850000013, 37.52802724 ], [ 126.8502831, 37.52807487 ], [ 126.850412690000013, 37.528091240000016 ], [ 126.85065109, 37.52812167 ], [ 126.850657889999979, 37.52812242 ], [ 126.85066664, 37.52812338 ], [ 126.85069373, 37.52812692 ], [ 126.85071241, 37.52812935 ], [ 126.85075535, 37.52813464 ], [ 126.850797769999986, 37.52813988 ], [ 126.850820950000013, 37.52814248 ], [ 126.850830639999984, 37.52814358 ], [ 126.850848490000018, 37.52814547 ], [ 126.850908930000017, 37.52815184 ], [ 126.851139309999979, 37.52818091 ], [ 126.85138007, 37.52821128 ], [ 126.851874900000013, 37.52827442 ], [ 126.85188603, 37.52827584 ], [ 126.85198478, 37.52828814 ], [ 126.852061841237941, 37.528297740220786 ], [ 126.852070646889445, 37.527279722627192 ] ] ] } },
{ "type": "Feature", "properties": { "member_grid_ids": ["11470_01139", "11470_01140", "11470_01182", "11470_01183", "11470_01184"], "display_grid_id": "11470_00209", "gu_code": 11470, "gu_name": "양천구", "source_cell_count": 9, "area_m2": 32937.31, "mean_actual_lst": 41.1592, "mean_actual_anomaly": 3.2234, "seoul_anomaly": 4.5717, "pred_anomaly": 2.9661, "pred_anomaly_std": 0.6497, "green_delta_c": -0.3184, "building_ratio": 0.2675, "green_ratio": 0.2209, "ndvi": 0.0802, "impervious_ratio": 0.3928, "built_surface_ratio": 0.3928, "avg_ground_floor_count": 4.8618, "elevation_m": 14.3341, "albedo": 0.111, "nearest_park_distance_m": 11.0528, "park_area_within_500m": 265340.3133, "nearest_stream_distance_m": 2223.8905, "est_population_density": 22339.9229, "dong_elderly_ratio": 0.2013, "dong_avg_age": 44.8, "dong_pop_density": 32527.4, "nearest_shelter_distance_m": 170.4646, "shelter_count_within_500m": 8.9535, "est_population": 735.8, "est_elderly": 148.0, "shelter_capacity_within_500m": 2140.5, "building_form_group": "high_floor_low_density", "dong_name": "신정4동", "top1_feature": "ndvi", "top1_shap": 0.729, "top2_feature": "building_ratio", "top2_shap": 0.4167, "top3_feature": "impervious_ratio", "top3_shap": 0.3656, "priority_score": 64.9856, "priority_rank": 60 }, "geometry": { "type": "Polygon", "coordinates": [ [ [ 126.854899868111545, 37.527295210889669 ], [ 126.852070646889445, 37.527279722627192 ], [ 126.852061841237941, 37.528297740220786 ], [ 126.852150940000016, 37.52830884 ], [ 126.852413020000014, 37.52834155 ], [ 126.852692419999983, 37.52837682 ], [ 126.85291668, 37.52840492 ], [ 126.8530533, 37.52842204 ], [ 126.853384479999988, 37.52846356 ], [ 126.853621189999984, 37.52849329 ], [ 126.85456889000001, 37.5286123 ], [ 126.854888179410239, 37.528652451486096 ], [ 126.854899868111545, 37.527295210889669 ] ] ] } },
{ "type": "Feature", "properties": { "member_grid_ids": ["11470_01141", "11470_01142", "11470_01143", "11470_01185", "11470_01186", "11470_01187", "11470_01225", "11470_01226", "11470_01227"], "display_grid_id": "11470_00210", "gu_code": 11470, "gu_name": "양천구", "source_cell_count": 10, "area_m2": 42324.58, "mean_actual_lst": 42.255, "mean_actual_anomaly": 3.9343, "seoul_anomaly": 5.2825, "pred_anomaly": 3.5347, "pred_anomaly_std": 0.6007, "green_delta_c": -0.449, "building_ratio": 0.3528, "green_ratio": 0.2182, "ndvi": 0.0941, "impervious_ratio": 0.4584, "built_surface_ratio": 0.4584, "avg_ground_floor_count": 3.1459, "elevation_m": 14.1277, "albedo": 0.1174, "nearest_park_distance_m": 13.7503, "park_area_within_500m": 266446.6911, "nearest_stream_distance_m": 1971.0355, "est_population_density": 20509.1336, "dong_elderly_ratio": 0.2013, "dong_avg_age": 44.8, "dong_pop_density": 32527.4, "nearest_shelter_distance_m": 76.809, "shelter_count_within_500m": 9.2926, "est_population": 868.0, "est_elderly": 174.7, "shelter_capacity_within_500m": 3856.9, "building_form_group": "low_floor_high_density", "dong_name": "신정4동", "top1_feature": "building_ratio", "top1_shap": 1.0053, "top2_feature": "ndvi", "top2_shap": 0.5246, "top3_feature": "impervious_ratio", "top3_shap": 0.4909, "priority_score": 65.5043, "priority_rank": 58 }, "geometry": { "type": "Polygon", "coordinates": [ [ [ 126.857729091494562, 37.527310631381951 ], [ 126.854899868111545, 37.527295210889669 ], [ 126.854888179410239, 37.528652451486096 ], [ 126.85507767, 37.52867628 ], [ 126.85771456336991, 37.529004989883944 ], [ 126.857729091494562, 37.527310631381951 ] ] ] } },
{ "type": "Feature", "properties": { "member_grid_ids": ["11470_01144", "11470_01145", "11470_01187", "11470_01188", "11470_01189", "11470_01227", "11470_01228", "11470_01229"], "display_grid_id": "11470_00211", "gu_code": 11470, "gu_name": "양천구", "source_cell_count": 12, "area_m2": 51675.07, "mean_actual_lst": 41.6726, "mean_actual_anomaly": 3.3057, "seoul_anomaly": 4.654, "pred_anomaly": 3.4217, "pred_anomaly_std": 0.5898, "green_delta_c": -0.3628, "building_ratio": 0.3619, "green_ratio": 0.217, "ndvi": 0.0871, "impervious_ratio": 0.4331, "built_surface_ratio": 0.4331, "avg_ground_floor_count": 4.3025, "elevation_m": 13.7121, "albedo": 0.1158, "nearest_park_distance_m": 15.865, "park_area_within_500m": 324918.197, "nearest_stream_distance_m": 1738.6627, "est_population_density": 29213.4982, "dong_elderly_ratio": 0.2013, "dong_avg_age": 44.8, "dong_pop_density": 32527.4, "nearest_shelter_distance_m": 76.908, "shelter_count_within_500m": 7.8031, "est_population": 1509.6, "est_elderly": 303.9, "shelter_capacity_within_500m": 2615.6, "building_form_group": "high_floor_high_density", "dong_name": "신정4동", "top1_feature": "building_ratio", "top1_shap": 0.925, "top2_feature": "ndvi", "top2_shap": 0.6003, "top3_feature": "impervious_ratio", "top3_shap": 0.4736, "priority_score": 66.7723, "priority_rank": 48 }, "geometry": { "type": "Polygon", "coordinates": [ [ [ 126.860558317028975, 37.527325984103882 ], [ 126.857729091494562, 37.527310631381951 ], [ 126.85771456336991, 37.529004989883944 ], [ 126.85817339, 37.52906218 ], [ 126.85856307, 37.52911075 ], [ 126.859487180000016, 37.52922592 ], [ 126.86001115, 37.52929173 ], [ 126.860540968067411, 37.529358260730348 ], [ 126.860558317028975, 37.527325984103882 ] ] ] } },
{ "type": "Feature", "properties": { "member_grid_ids": ["11470_01146", "11470_01147", "11470_01148", "11470_01190", "11470_01191", "11470_01192", "11470_01230", "11470_01231", "11470_01232"], "display_grid_id": "11470_00212", "gu_code": 11470, "gu_name": "양천구", "source_cell_count": 12, "area_m2": 60505.53, "mean_actual_lst": 41.4328, "mean_actual_anomaly": 2.8817, "seoul_anomaly": 4.23, "pred_anomaly": 2.9656, "pred_anomaly_std": 0.6207, "green_delta_c": -0.341, "building_ratio": 0.3329, "green_ratio": 0.2402, "ndvi": 0.0975, "impervious_ratio": 0.3285, "built_surface_ratio": 0.3285, "avg_ground_floor_count": 4.514, "elevation_m": 15.3711, "albedo": 0.1093, "nearest_park_distance_m": 2.2378, "park_area_within_500m": 434584.7803, "nearest_stream_distance_m": 1489.5493, "est_population_density": 26677.7244, "dong_elderly_ratio": 0.2013, "dong_avg_age": 44.8, "dong_pop_density": 32527.4, "nearest_shelter_distance_m": 176.4716, "shelter_count_within_500m": 7.1058, "est_population": 1614.1, "est_elderly": 325.0, "shelter_capacity_within_500m": 1875.0, "building_form_group": "high_floor_high_density", "dong_name": "신정4동", "top1_feature": "building_ratio", "top1_shap": 0.792, "top2_feature": "ndvi", "top2_shap": 0.6464, "top3_feature": "impervious_ratio", "top3_shap": 0.4032, "priority_score": 72.111, "priority_rank": 18 }, "geometry": { "type": "Polygon", "coordinates": [ [ [ 126.863368394217702, 37.529594535378934 ], [ 126.863387544705333, 37.527341269055292 ], [ 126.860558317028975, 37.527325984103882 ], [ 126.860540968067411, 37.529358260730348 ], [ 126.8619999, 37.52954145 ], [ 126.862380450110237, 37.529589205425061 ], [ 126.863368394217702, 37.529594535378934 ] ] ] } },
{ "type": "Feature", "properties": { "member_grid_ids": ["11470_01149", "11470_01150", "11470_01192", "11470_01193", "11470_01194", "11470_01232", "11470_01233", "11470_01234"], "display_grid_id": "11470_00213", "gu_code": 11470, "gu_name": "양천구", "source_cell_count": 12, "area_m2": 62500.0, "mean_actual_lst": 39.8113, "mean_actual_anomaly": 1.1211, "seoul_anomaly": 2.4694, "pred_anomaly": 1.1344, "pred_anomaly_std": 0.7102, "green_delta_c": -0.2881, "building_ratio": 0.2012, "green_ratio": 0.2628, "ndvi": 0.1798, "impervious_ratio": 0.4063, "built_surface_ratio": 0.4063, "avg_ground_floor_count": 10.1119, "elevation_m": 12.9576, "albedo": 0.1016, "nearest_park_distance_m": 10.3256, "park_area_within_500m": 539622.3096, "nearest_stream_distance_m": 1260.0132, "est_population_density": 33780.0, "dong_elderly_ratio": 0.1524, "dong_avg_age": 40.64, "dong_pop_density": 22678.44, "nearest_shelter_distance_m": 97.004, "shelter_count_within_500m": 6.36, "est_population": 2111.2, "est_elderly": 317.5, "shelter_capacity_within_500m": 1582.5, "building_form_group": "high_floor_low_density", "dong_name": "목1동", "top1_feature": "impervious_ratio", "top1_shap": 0.42, "top2_feature": "ndvi", "top2_shap": 0.0664, "top3_feature": "built_surface_ratio", "top3_shap": 0.3318, "priority_score": 52.5792, "priority_rank": 148 }, "geometry": { "type": "Polygon", "coordinates": [ [ [ 126.863387544705333, 37.527341269055292 ], [ 126.863368394217702, 37.529594535378934 ], [ 126.866197709121096, 37.529609753790737 ], [ 126.866216774514143, 37.52735648623603 ], [ 126.863387544705333, 37.527341269055292 ] ] ] } },
{ "type": "Feature", "properties": { "member_grid_ids": ["11470_01151", "11470_01152", "11470_01153", "11470_01195", "11470_01196", "11470_01197", "11470_01235", "11470_01236", "11470_01237"], "display_grid_id": "11470_00214", "gu_code": 11470, "gu_name": "양천구", "source_cell_count": 10, "area_m2": 62500.0, "mean_actual_lst": 38.9089, "mean_actual_anomaly": 0.0887, "seoul_anomaly": 1.437, "pred_anomaly": 0.0764, "pred_anomaly_std": 0.7242, "green_delta_c": -0.2351, "building_ratio": 0.1456, "green_ratio": 0.3294, "ndvi": 0.3092, "impervious_ratio": 0.3817, "built_surface_ratio": 0.3817, "avg_ground_floor_count": 10.0992, "elevation_m": 19.4926, "albedo": 0.1124, "nearest_park_distance_m": 0.0, "park_area_within_500m": 618456.9848, "nearest_stream_distance_m": 1011.494, "est_population_density": 24287.2, "dong_elderly_ratio": 0.1402, "dong_avg_age": 39.6, "dong_pop_density": 20216.2, "nearest_shelter_distance_m": 94.388, "shelter_count_within_500m": 8.04, "est_population": 1518.0, "est_elderly": 212.8, "shelter_capacity_within_500m": 1851.7, "building_form_group": "high_floor_low_density", "dong_name": "목1동", "top1_feature": "ndvi", "top1_shap": -0.555, "top2_feature": "impervious_ratio", "top2_shap": 0.3925, "top3_feature": "avg_ground_floor_count", "top3_shap": -0.2329, "priority_score": 38.6455, "priority_rank": 270 }, "geometry": { "type": "Polygon", "coordinates": [ [ [ 126.866216774514143, 37.52735648623603 ], [ 126.866197709121096, 37.529609753790737 ], [ 126.869027026147734, 37.52962490442625 ], [ 126.869046006445956, 37.527371635645942 ], [ 126.866216774514143, 37.52735648623603 ] ] ] } },
{ "type": "Feature", "properties": { "member_grid_ids": ["11470_01154", "11470_01155", "11470_01197", "11470_01198", "11470_01199", "11470_01237", "11470_01238", "11470_01239"], "display_grid_id": "11470_00215", "gu_code": 11470, "gu_name": "양천구", "source_cell_count": 11, "area_m2": 62500.0, "mean_actual_lst": 37.8494, "mean_actual_anomaly": -0.9058, "seoul_anomaly": 0.4424, "pred_anomaly": 0.7463, "pred_anomaly_std": 0.8167, "green_delta_c": -0.2821, "building_ratio": 0.201, "green_ratio": 0.2639, "ndvi": 0.1753, "impervious_ratio": 0.3797, "built_surface_ratio": 0.3797, "avg_ground_floor_count": 12.3468, "elevation_m": 24.1873, "albedo": 0.0971, "nearest_park_distance_m": 0.0, "park_area_within_500m": 656276.6856, "nearest_stream_distance_m": 788.6548, "est_population_density": 18867.2, "dong_elderly_ratio": 0.1402, "dong_avg_age": 39.6, "dong_pop_density": 20216.2, "nearest_shelter_distance_m": 160.4984, "shelter_count_within_500m": 8.52, "est_population": 1179.2, "est_elderly": 165.3, "shelter_capacity_within_500m": 1791.2, "building_form_group": "high_floor_low_density", "dong_name": "목1동", "top1_feature": "avg_ground_floor_count", "top1_shap": -0.4485, "top2_feature": "impervious_ratio", "top2_shap": 0.3947, "top3_feature": "ndvi", "top3_shap": 0.1698, "priority_score": 41.304, "priority_rank": 241 }, "geometry": { "type": "Polygon", "coordinates": [ [ [ 126.869046006445956, 37.527371635645942 ], [ 126.869027026147734, 37.52962490442625 ], [ 126.871856345288123, 37.529639987285279 ], [ 126.871875240491264, 37.52738671728487 ], [ 126.869046006445956, 37.527371635645942 ] ] ] } },
{ "type": "Feature", "properties": { "member_grid_ids": ["11470_01156", "11470_01157", "11470_01158", "11470_01200", "11470_01201", "11470_01202", "11470_01240", "11470_01241", "11470_01242"], "display_grid_id": "11470_00216", "gu_code": 11470, "gu_name": "양천구", "source_cell_count": 13, "area_m2": 62500.0, "mean_actual_lst": 37.9922, "mean_actual_anomaly": -0.6597, "seoul_anomaly": 0.6886, "pred_anomaly": 0.9468, "pred_anomaly_std": 1.093, "green_delta_c": -0.1932, "building_ratio": 0.1854, "green_ratio": 0.2577, "ndvi": 0.1734, "impervious_ratio": 0.3938, "built_surface_ratio": 0.3938, "avg_ground_floor_count": 8.7486, "elevation_m": 10.4285, "albedo": 0.1054, "nearest_park_distance_m": 0.0, "park_area_within_500m": 674398.5212, "nearest_stream_distance_m": 557.9976, "est_population_density": 0.0, "dong_elderly_ratio": 0.1402, "dong_avg_age": 39.6, "dong_pop_density": 20216.2, "nearest_shelter_distance_m": 227.2828, "shelter_count_within_500m": 7.88, "est_population": 0.0, "est_elderly": 0.0, "shelter_capacity_within_500m": 1258.8, "building_form_group": "high_floor_low_density", "dong_name": "목1동", "top1_feature": "impervious_ratio", "top1_shap": 0.5147, "top2_feature": "built_surface_ratio", "top2_shap": 0.3686, "top3_feature": "building_ratio", "top3_shap": 0.0399, "priority_score": 33.2349, "priority_rank": 319 }, "geometry": { "type": "Polygon", "coordinates": [ [ [ 126.871875240491264, 37.52738671728487 ], [ 126.871856345288123, 37.529639987285279 ], [ 126.874685666532812, 37.52965500236769 ], [ 126.874704476640616, 37.527401731152658 ], [ 126.871875240491264, 37.52738671728487 ] ] ] } },
{ "type": "Feature", "properties": { "member_grid_ids": ["11470_01159", "11470_01160", "11470_01202", "11470_01203", "11470_01204", "11470_01242", "11470_01243", "11470_01244"], "display_grid_id": "11470_00217", "gu_code": 11470, "gu_name": "양천구", "source_cell_count": 11, "area_m2": 62500.0, "mean_actual_lst": 40.2874, "mean_actual_anomaly": 1.8897, "seoul_anomaly": 3.2379, "pred_anomaly": 1.804, "pred_anomaly_std": 0.8751, "green_delta_c": -0.407, "building_ratio": 0.2724, "green_ratio": 0.2314, "ndvi": 0.1226, "impervious_ratio": 0.4868, "built_surface_ratio": 0.4868, "avg_ground_floor_count": 20.5286, "elevation_m": 17.9648, "albedo": 0.126, "nearest_park_distance_m": 0.0, "park_area_within_500m": 620726.8492000001, "nearest_stream_distance_m": 351.04, "est_population_density": 0.0, "dong_elderly_ratio": 0.1402, "dong_avg_age": 39.6, "dong_pop_density": 20216.2, "nearest_shelter_distance_m": 237.6828, "shelter_count_within_500m": 5.32, "est_population": 0.0, "est_elderly": 0.0, "shelter_capacity_within_500m": 765.3, "building_form_group": "high_floor_high_density", "dong_name": "목1동", "top1_feature": "building_ratio", "top1_shap": 0.5226, "top2_feature": "avg_ground_floor_count", "top2_shap": -0.4834, "top3_feature": "impervious_ratio", "top3_shap": 0.3918, "priority_score": 56.5922, "priority_rank": 124 }, "geometry": { "type": "Polygon", "coordinates": [ [ [ 126.874704476640616, 37.527401731152658 ], [ 126.874685666532812, 37.52965500236769 ], [ 126.87751498987231, 37.529669949673334 ], [ 126.877533714884535, 37.52741667724915 ], [ 126.874704476640616, 37.527401731152658 ] ] ] } },
{ "type": "Feature", "properties": { "member_grid_ids": ["11470_01161", "11470_01162", "11470_01163", "11470_01205", "11470_01206", "11470_01207", "11470_01245", "11470_01246", "11470_01247"], "display_grid_id": "11470_00218", "gu_code": 11470, "gu_name": "양천구", "source_cell_count": 14, "area_m2": 62500.0, "mean_actual_lst": 42.7944, "mean_actual_anomaly": 4.4456, "seoul_anomaly": 5.7938, "pred_anomaly": 3.2603, "pred_anomaly_std": 1.1062, "green_delta_c": -0.8006, "building_ratio": 0.2462, "green_ratio": 0.2157, "ndvi": 0.2055, "impervious_ratio": 0.6418, "built_surface_ratio": 0.6418, "avg_ground_floor_count": 0.9198, "elevation_m": 10.7964, "albedo": 0.144, "nearest_park_distance_m": 2.0008, "park_area_within_500m": 529053.0888, "nearest_stream_distance_m": 142.1808, "est_population_density": 0.0, "dong_elderly_ratio": 0.1402, "dong_avg_age": 39.6, "dong_pop_density": 20216.2, "nearest_shelter_distance_m": 375.6192, "shelter_count_within_500m": 2.96, "est_population": 0.0, "est_elderly": 0.0, "shelter_capacity_within_500m": 359.3, "building_form_group": "low_floor_high_density", "dong_name": "목1동", "top1_feature": "impervious_ratio", "top1_shap": 0.8187, "top2_feature": "building_ratio", "top2_shap": 0.7363, "top3_feature": "built_surface_ratio", "top3_shap": 0.6665, "priority_score": 75.1369, "priority_rank": 6 }, "geometry": { "type": "Polygon", "coordinates": [ [ [ 126.877533714884535, 37.52741667724915 ], [ 126.87751498987231, 37.529669949673334 ], [ 126.880344315297151, 37.529684829202012 ], [ 126.880362955213542, 37.527431555574175 ], [ 126.877533714884535, 37.52741667724915 ] ] ] } },
{ "type": "Feature", "properties": { "member_grid_ids": ["11470_01164", "11470_01165", "11470_01207", "11470_01208", "11470_01209", "11470_01247", "11470_01248", "11470_01249"], "display_grid_id": "11470_00219", "gu_code": 11470, "gu_name": "양천구", "source_cell_count": 15, "area_m2": 58740.93, "mean_actual_lst": 38.0104, "mean_actual_anomaly": -0.4875, "seoul_anomaly": 0.8607, "pred_anomaly": -0.6725, "pred_anomaly_std": 0.918, "green_delta_c": -0.8507, "building_ratio": 0.1093, "green_ratio": 0.4915, "ndvi": 0.3171, "impervious_ratio": 0.2667, "built_surface_ratio": 0.2667, "avg_ground_floor_count": 0.681, "elevation_m": 13.0376, "albedo": 0.1443, "nearest_park_distance_m": 39.4783, "park_area_within_500m": 430462.1443, "nearest_stream_distance_m": 62.3535, "est_population_density": 0.0, "dong_elderly_ratio": 0.1412, "dong_avg_age": 39.7715, "dong_pop_density": 19730.9863, "nearest_shelter_distance_m": 429.621, "shelter_count_within_500m": 2.971, "est_population": 0.0, "est_elderly": 0.0, "shelter_capacity_within_500m": 473.4, "building_form_group": "no_building", "dong_name": "목1동", "top1_feature": "building_ratio", "top1_shap": -0.4911, "top2_feature": "impervious_ratio", "top2_shap": 0.0409, "top3_feature": "albedo", "top3_shap": 0.4402, "priority_score": 49.1571, "priority_rank": 177 }, "geometry": { "type": "Polygon", "coordinates": [ [ [ 126.880362955213542, 37.527431555574175 ], [ 126.880344315297151, 37.529684829202012 ], [ 126.883173642797829, 37.529699640953616 ], [ 126.883192197618186, 37.527446366127606 ], [ 126.882312608039996, 37.527441768901923 ], [ 126.88191405, 37.52762729 ], [ 126.88176261, 37.52766773 ], [ 126.88173931999998, 37.52767394 ], [ 126.881687159999984, 37.52768787 ], [ 126.881492780000016, 37.52773928 ], [ 126.88134992, 37.52777706 ], [ 126.88118428, 37.52779351 ], [ 126.88100864, 37.52774885 ], [ 126.88095736, 37.52772794 ], [ 126.880905479999981, 37.52770678 ], [ 126.88082831, 37.52766212 ], [ 126.880804110000014, 37.52764811 ], [ 126.88078181, 37.527631820000011 ], [ 126.88073869, 37.52760029 ], [ 126.88071135, 37.5275803 ], [ 126.88068687, 37.5275624 ], [ 126.88068046, 37.52755634 ], [ 126.88067435, 37.52755057 ], [ 126.88064053, 37.52748724 ], [ 126.880611513386427, 37.527432859445483 ], [ 126.880362955213542, 37.527431555574175 ] ] ] } },
{ "type": "Feature", "properties": { "member_grid_ids": ["11470_01166", "11470_01210", "11470_01211", "11470_01250", "11470_01251", "11470_01252"], "display_grid_id": "11470_00220", "gu_code": 11470, "gu_name": "양천구", "source_cell_count": 10, "area_m2": 29435.07, "mean_actual_lst": 35.9486, "mean_actual_anomaly": -2.5845, "seoul_anomaly": -1.2363, "pred_anomaly": -2.0497, "pred_anomaly_std": 0.936, "green_delta_c": -1.2304, "building_ratio": 0.0073, "green_ratio": 0.5558, "ndvi": 0.2904, "impervious_ratio": 0.1354, "built_surface_ratio": 0.1354, "avg_ground_floor_count": 1.0192, "elevation_m": 15.1334, "albedo": 0.1478, "nearest_park_distance_m": 49.7629, "park_area_within_500m": 335863.1919, "nearest_stream_distance_m": 57.3091, "est_population_density": 0.0, "dong_elderly_ratio": 0.1416, "dong_avg_age": 39.8401, "dong_pop_density": 19537.0754, "nearest_shelter_distance_m": 348.5262, "shelter_count_within_500m": 7.0873, "est_population": 0.0, "est_elderly": 0.0, "shelter_capacity_within_500m": 803.5, "building_form_group": "no_building", "dong_name": "목1동", "top1_feature": "building_ratio", "top1_shap": -0.9813, "top2_feature": "green_ratio", "top2_shap": -0.4707, "top3_feature": "impervious_ratio", "top3_shap": -0.3533, "priority_score": 42.7305, "priority_rank": 230 }, "geometry": { "type": "Polygon", "coordinates": [ [ [ 126.883192197618186, 37.527446366127606 ], [ 126.883173642797829, 37.529699640953616 ], [ 126.886002972364921, 37.529714384927985 ], [ 126.88600516163325, 37.529447310937918 ], [ 126.88600269, 37.52944601 ], [ 126.88594421, 37.5294223 ], [ 126.88591989, 37.52941459 ], [ 126.88588545, 37.52940368 ], [ 126.88587955, 37.5294018 ], [ 126.885859900000014, 37.5293955 ], [ 126.88581709, 37.52938175 ], [ 126.885549319999981, 37.52929578 ], [ 126.88545041, 37.52926151 ], [ 126.885224060000013, 37.52918311 ], [ 126.88520582, 37.52917577 ], [ 126.88518094, 37.52916573 ], [ 126.885145630000011, 37.529151500000012 ], [ 126.88508284, 37.52912258 ], [ 126.8850578, 37.52911105 ], [ 126.88504087, 37.52910326 ], [ 126.88501477, 37.52909057 ], [ 126.88500418, 37.52908543 ], [ 126.88498223, 37.52907475 ], [ 126.884879600000019, 37.52902369 ], [ 126.884872639999983, 37.52902033 ], [ 126.88486389, 37.52901608 ], [ 126.884852050000021, 37.52901015 ], [ 126.88476832, 37.52896635 ], [ 126.8847512, 37.5289574 ], [ 126.884695140000019, 37.52892822 ], [ 126.884589600000012, 37.52887328 ], [ 126.88452088, 37.52883751 ], [ 126.884509289999983, 37.52883303 ], [ 126.88450378, 37.52883090000001 ], [ 126.88449314, 37.52882679 ], [ 126.88446512, 37.52881648 ], [ 126.884455280000012, 37.52881286 ], [ 126.88442018, 37.52879996 ], [ 126.88436683, 37.52877557 ], [ 126.88433132, 37.52875933 ], [ 126.88432446, 37.5287562 ], [ 126.8843029, 37.52874397 ], [ 126.88429602, 37.52874006 ], [ 126.884290709999988, 37.52873704000001 ], [ 126.88420946, 37.52869079 ], [ 126.88419463000001, 37.52868064 ], [ 126.884188530000017, 37.52867645 ], [ 126.884176969999984, 37.52866852 ], [ 126.884170149999989, 37.52866298 ], [ 126.88414923000002, 37.52864602 ], [ 126.88414361, 37.52864145 ], [ 126.88408818, 37.52859663 ], [ 126.88404474, 37.52856139 ], [ 126.884032910000016, 37.52855125 ], [ 126.884026920000011, 37.52854532 ], [ 126.884018080000018, 37.52853659 ], [ 126.88400432, 37.52851914 ], [ 126.88399586, 37.5285084 ], [ 126.88397561, 37.52848261 ], [ 126.88396711, 37.528471780000011 ], [ 126.88395195, 37.52845263 ], [ 126.883947030000016, 37.52844636 ], [ 126.883939579999989, 37.52843684 ], [ 126.883918589999979, 37.52841035 ], [ 126.88391676000002, 37.52840583 ], [ 126.883910139999983, 37.52839006 ], [ 126.88390075, 37.52818029 ], [ 126.88389562, 37.52806964 ], [ 126.88389453, 37.52804528 ], [ 126.883889210000021, 37.52798686 ], [ 126.88388479, 37.52793857 ], [ 126.88388208, 37.52790885 ], [ 126.88387523, 37.52788013 ], [ 126.88385447, 37.52782014 ], [ 126.883852570000016, 37.5278155 ], [ 126.883846190000014, 37.52779986 ], [ 126.883828060000013, 37.52776099 ], [ 126.88379756, 37.52769563 ], [ 126.88376259, 37.52762057 ], [ 126.883746830000021, 37.527586900000017 ], [ 126.883741270000016, 37.52757833 ], [ 126.88372779, 37.52755788000001 ], [ 126.8836751, 37.52750146 ], [ 126.88366129000002, 37.52748668000001 ], [ 126.88365067, 37.5274753 ], [ 126.883633900000021, 37.52745839 ], [ 126.883621498384713, 37.52744860751374 ], [ 126.883192197618186, 37.527446366127606 ] ] ] } },
{ "type": "Feature", "properties": { "member_grid_ids": ["11470_01252"], "display_grid_id": "11470_00221", "gu_code": 11470, "gu_name": "양천구", "source_cell_count": 2, "area_m2": 623.73, "mean_actual_lst": 35.8654, "mean_actual_anomaly": -2.6677, "seoul_anomaly": -1.3195, "pred_anomaly": -1.8954, "pred_anomaly_std": 0.8214, "green_delta_c": -1.3652, "building_ratio": 0.0, "green_ratio": 0.6129, "ndvi": 0.3249, "impervious_ratio": 0.1108, "built_surface_ratio": 0.1108, "avg_ground_floor_count": 0.0, "elevation_m": 10.038, "albedo": 0.1611, "nearest_park_distance_m": 57.32, "park_area_within_500m": 283223.3, "nearest_stream_distance_m": 30.56, "est_population_density": 0.0, "dong_elderly_ratio": 0.1438, "dong_avg_age": 40.2, "dong_pop_density": 18518.8, "nearest_shelter_distance_m": 330.33, "shelter_count_within_500m": 7.0, "est_population": 0.0, "est_elderly": 0.0, "shelter_capacity_within_500m": 34.2, "building_form_group": "no_building", "dong_name": "목1동", "top1_feature": "building_ratio", "top1_shap": -1.331, "top2_feature": "albedo", "top2_shap": 0.4025, "top3_feature": "green_ratio", "top3_shap": -0.3698, "priority_score": 42.0245, "priority_rank": 237 }, "geometry": { "type": "Polygon", "coordinates": [ [ [ 126.886002972364921, 37.529714384927985 ], [ 126.886461542785341, 37.529716768209397 ], [ 126.886317050000017, 37.52962624 ], [ 126.88625744, 37.5295891 ], [ 126.88623829, 37.52957717 ], [ 126.88622939, 37.52957154 ], [ 126.88622415, 37.52956822 ], [ 126.88621685, 37.5295636 ], [ 126.88620173000001, 37.52955405 ], [ 126.8861703, 37.52953431 ], [ 126.88615812, 37.52952782 ], [ 126.88600516163325, 37.529447310937918 ], [ 126.886002972364921, 37.529714384927985 ] ] ] } },
{ "type": "Feature", "properties": { "member_grid_ids": ["11470_01253", "11470_01254", "11470_01291", "11470_01292", "11470_01330", "11470_01331"], "display_grid_id": "11470_00222", "gu_code": 11470, "gu_name": "양천구", "source_cell_count": 8, "area_m2": 31818.08, "mean_actual_lst": 39.1486, "mean_actual_anomaly": 0.771, "seoul_anomaly": 2.1192, "pred_anomaly": 0.2331, "pred_anomaly_std": 0.9575, "green_delta_c": -0.7163, "building_ratio": 0.236, "green_ratio": 0.3897, "ndvi": 0.309, "impervious_ratio": 0.387, "built_surface_ratio": 0.387, "avg_ground_floor_count": 1.6441, "elevation_m": 48.2726, "albedo": 0.1295, "nearest_park_distance_m": 319.5375, "park_area_within_500m": 21263.5657, "nearest_stream_distance_m": 4708.5318, "est_population_density": 4501.81, "dong_elderly_ratio": 0.229, "dong_avg_age": 46.3, "dong_pop_density": 15773.2, "nearest_shelter_distance_m": 331.3009, "shelter_count_within_500m": 5.9363, "est_population": 143.2, "est_elderly": 32.8, "shelter_capacity_within_500m": 1023.1, "building_form_group": "low_floor_high_density", "dong_name": "신월3동", "top1_feature": "building_ratio", "top1_shap": 0.2988, "top2_feature": "impervious_ratio", "top2_shap": 0.3014, "top3_feature": "ndvi", "top3_shap": -0.2862, "priority_score": 59.2219, "priority_rank": 101 }, "geometry": { "type": "Polygon", "coordinates": [ [ [ 126.826567239049581, 37.531643777403318 ], [ 126.826583934174508, 37.529786923854793 ], [ 126.82654426, 37.52979693 ], [ 126.82624704, 37.52982633 ], [ 126.82555811, 37.52984698 ], [ 126.82531231, 37.52995896 ], [ 126.8250594, 37.53023733 ], [ 126.82473523, 37.53060033 ], [ 126.82457856000002, 37.531217 ], [ 126.8242179, 37.5316129 ], [ 126.824174115191155, 37.531630106198719 ], [ 126.826567239049581, 37.531643777403318 ] ] ] } },
{ "type": "Feature", "properties": { "member_grid_ids": ["11470_01255", "11470_01256", "11470_01257", "11470_01293", "11470_01294", "11470_01295", "11470_01332", "11470_01333", "11470_01334"], "display_grid_id": "11470_00223", "gu_code": 11470, "gu_name": "양천구", "source_cell_count": 15, "area_m2": 60171.8, "mean_actual_lst": 37.3209, "mean_actual_anomaly": -0.916, "seoul_anomaly": 0.4322, "pred_anomaly": -0.2738, "pred_anomaly_std": 0.8957, "green_delta_c": -0.5372, "building_ratio": 0.2269, "green_ratio": 0.4316, "ndvi": 0.2884, "impervious_ratio": 0.3291, "built_surface_ratio": 0.3291, "avg_ground_floor_count": 3.1354, "elevation_m": 46.713, "albedo": 0.1247, "nearest_park_distance_m": 146.2308, "park_area_within_500m": 28285.4044, "nearest_stream_distance_m": 4490.4868, "est_population_density": 11553.5847, "dong_elderly_ratio": 0.229, "dong_avg_age": 46.3, "dong_pop_density": 15773.2, "nearest_shelter_distance_m": 216.2961, "shelter_count_within_500m": 8.0, "est_population": 695.2, "est_elderly": 159.2, "shelter_capacity_within_500m": 2005.3, "building_form_group": "low_floor_high_density", "dong_name": "신월3동", "top1_feature": "building_ratio", "top1_shap": 0.2654, "top2_feature": "green_ratio", "top2_shap": -0.462, "top3_feature": "impervious_ratio", "top3_shap": 0.2108, "priority_score": 50.0577, "priority_rank": 170 }, "geometry": { "type": "Polygon", "coordinates": [ [ [ 126.826567239049581, 37.531643777403318 ], [ 126.829396610589356, 37.531659878195001 ], [ 126.829416784438507, 37.529406627942947 ], [ 126.827527616509144, 37.529395885530207 ], [ 126.82706948, 37.52970873 ], [ 126.826895, 37.52970847000001 ], [ 126.826583934174508, 37.529786923854793 ], [ 126.826567239049581, 37.531643777403318 ] ] ] } },
{ "type": "Feature", "properties": { "member_grid_ids": ["11470_01257", "11470_01258", "11470_01259", "11470_01295", "11470_01296", "11470_01297", "11470_01335", "11470_01336"], "display_grid_id": "11470_00224", "gu_code": 11470, "gu_name": "양천구", "source_cell_count": 14, "area_m2": 62500.0, "mean_actual_lst": 40.7004, "mean_actual_anomaly": 2.322, "seoul_anomaly": 3.6702, "pred_anomaly": 2.7343, "pred_anomaly_std": 0.7099, "green_delta_c": -0.4341, "building_ratio": 0.3262, "green_ratio": 0.2376, "ndvi": 0.1206, "impervious_ratio": 0.4618, "built_surface_ratio": 0.4618, "avg_ground_floor_count": 3.7202, "elevation_m": 29.1126, "albedo": 0.1323, "nearest_park_distance_m": 132.5632, "park_area_within_500m": 29578.9832, "nearest_stream_distance_m": 4256.0636, "est_population_density": 19736.0, "dong_elderly_ratio": 0.2297, "dong_avg_age": 46.38, "dong_pop_density": 17068.2, "nearest_shelter_distance_m": 102.1872, "shelter_count_within_500m": 7.36, "est_population": 1233.5, "est_elderly": 283.4, "shelter_capacity_within_500m": 1714.3, "building_form_group": "low_floor_high_density", "dong_name": "신월3동", "top1_feature": "building_ratio", "top1_shap": 0.674, "top2_feature": "impervious_ratio", "top2_shap": 0.3709, "top3_feature": "ndvi", "top3_shap": 0.3017, "priority_score": 66.0231, "priority_rank": 53 }, "geometry": { "type": "Polygon", "coordinates": [ [ [ 126.829416784438507, 37.529406627942947 ], [ 126.829396610589356, 37.531659878195001 ], [ 126.832225984375782, 37.531675911206996 ], [ 126.832246073123954, 37.529422659658003 ], [ 126.829416784438507, 37.529406627942947 ] ] ] } },
{ "type": "Feature", "properties": { "member_grid_ids": ["11470_01260", "11470_01261", "11470_01262", "11470_01298", "11470_01299", "11470_01300", "11470_01337", "11470_01338", "11470_01339"], "display_grid_id": "11470_00225", "gu_code": 11470, "gu_name": "양천구", "source_cell_count": 13, "area_m2": 62500.0, "mean_actual_lst": 41.004, "mean_actual_anomaly": 2.5365, "seoul_anomaly": 3.8847, "pred_anomaly": 2.8846, "pred_anomaly_std": 0.6173, "green_delta_c": -0.3028, "building_ratio": 0.3864, "green_ratio": 0.2326, "ndvi": 0.1304, "impervious_ratio": 0.4789, "built_surface_ratio": 0.4789, "avg_ground_floor_count": 4.1171, "elevation_m": 20.5632, "albedo": 0.1224, "nearest_park_distance_m": 273.6316, "park_area_within_500m": 56319.35, "nearest_stream_distance_m": 3998.8468, "est_population_density": 28366.0, "dong_elderly_ratio": 0.2372, "dong_avg_age": 47.3, "dong_pop_density": 31960.7, "nearest_shelter_distance_m": 153.16, "shelter_count_within_500m": 6.32, "est_population": 1772.9, "est_elderly": 420.6, "shelter_capacity_within_500m": 1427.5, "building_form_group": "low_floor_high_density", "dong_name": "신월1동", "top1_feature": "building_ratio", "top1_shap": 1.0, "top2_feature": "ndvi", "top2_shap": 0.3914, "top3_feature": "impervious_ratio", "top3_shap": 0.3199, "priority_score": 72.6801, "priority_rank": 15 }, "geometry": { "type": "Polygon", "coordinates": [ [ [ 126.832246073123954, 37.529422659658003 ], [ 126.832225984375782, 37.531675911206996 ], [ 126.835055360399451, 37.531691876439133 ], [ 126.835075364046375, 37.529438623598686 ], [ 126.832246073123954, 37.529422659658003 ] ] ] } },
{ "type": "Feature", "properties": { "member_grid_ids": ["11470_01262", "11470_01263", "11470_01264", "11470_01300", "11470_01301", "11470_01302", "11470_01340", "11470_01341"], "display_grid_id": "11470_00226", "gu_code": 11470, "gu_name": "양천구", "source_cell_count": 13, "area_m2": 59660.3, "mean_actual_lst": 41.4803, "mean_actual_anomaly": 2.8905, "seoul_anomaly": 4.2387, "pred_anomaly": 2.8953, "pred_anomaly_std": 0.5169, "green_delta_c": -0.2864, "building_ratio": 0.4208, "green_ratio": 0.2492, "ndvi": 0.1148, "impervious_ratio": 0.4118, "built_surface_ratio": 0.4118, "avg_ground_floor_count": 3.5552, "elevation_m": 16.6824, "albedo": 0.1218, "nearest_park_distance_m": 204.8753, "park_area_within_500m": 139099.7159, "nearest_stream_distance_m": 3766.3651, "est_population_density": 25838.7941, "dong_elderly_ratio": 0.2372, "dong_avg_age": 47.3, "dong_pop_density": 31960.7, "nearest_shelter_distance_m": 167.883, "shelter_count_within_500m": 5.9162, "est_population": 1541.6, "est_elderly": 365.6, "shelter_capacity_within_500m": 1312.6, "building_form_group": "low_floor_high_density", "dong_name": "신월1동", "top1_feature": "building_ratio", "top1_shap": 1.0215, "top2_feature": "ndvi", "top2_shap": 0.51, "top3_feature": "nearest_stream_distance_m", "top3_shap": -0.3967, "priority_score": 71.83, "priority_rank": 21 }, "geometry": { "type": "Polygon", "coordinates": [ [ [ 126.837904657196262, 37.52945451976484 ], [ 126.835075364046375, 37.529438623598686 ], [ 126.835055360399451, 37.531691876439133 ], [ 126.837294432771756, 37.531704462730971 ], [ 126.837307429999981, 37.53168307 ], [ 126.83750275, 37.53136425 ], [ 126.837893412942222, 37.530726539268422 ], [ 126.837904657196262, 37.52945451976484 ] ] ] } },
{ "type": "Feature", "properties": { "member_grid_ids": ["11470_01265", "11470_01303"], "display_grid_id": "11470_00227", "gu_code": 11470, "gu_name": "양천구", "source_cell_count": 6, "area_m2": 4765.05, "mean_actual_lst": 41.0089, "mean_actual_anomaly": 2.2908, "seoul_anomaly": 3.6391, "pred_anomaly": 2.9103, "pred_anomaly_std": 0.6324, "green_delta_c": -0.3097, "building_ratio": 0.2941, "green_ratio": 0.2204, "ndvi": 0.142, "impervious_ratio": 0.444, "built_surface_ratio": 0.444, "avg_ground_floor_count": 3.1766, "elevation_m": 16.3614, "albedo": 0.1217, "nearest_park_distance_m": 31.8581, "park_area_within_500m": 259730.5604, "nearest_stream_distance_m": 3597.9769, "est_population_density": 16788.8591, "dong_elderly_ratio": 0.2372, "dong_avg_age": 47.3, "dong_pop_density": 31960.7, "nearest_shelter_distance_m": 229.0276, "shelter_count_within_500m": 5.0, "est_population": 80.0, "est_elderly": 19.0, "shelter_capacity_within_500m": 368.0, "building_form_group": "low_floor_high_density", "dong_name": "신월1동", "top1_feature": "building_ratio", "top1_shap": 0.7019, "top2_feature": "impervious_ratio", "top2_shap": 0.4667, "top3_feature": "built_surface_ratio", "top3_shap": 0.3684, "priority_score": 58.3862, "priority_rank": 112 }, "geometry": { "type": "Polygon", "coordinates": [ [ [ 126.837904657196262, 37.52945451976484 ], [ 126.837893412942222, 37.530726539268422 ], [ 126.838266669999982, 37.53011723 ], [ 126.83830494, 37.53005473 ], [ 126.83830819, 37.53004943 ], [ 126.838337, 37.53000205 ], [ 126.83842385, 37.52985926 ], [ 126.838667657279245, 37.529458795016836 ], [ 126.837904657196262, 37.52945451976484 ] ] ] } },
{ "type": "Feature", "properties": { "member_grid_ids": ["11470_01266"], "display_grid_id": "11470_00228", "gu_code": 11470, "gu_name": "양천구", "source_cell_count": 4, "area_m2": 573.94, "mean_actual_lst": 41.558, "mean_actual_anomaly": 2.9085, "seoul_anomaly": 4.2567, "pred_anomaly": 2.9048, "pred_anomaly_std": 1.0604, "green_delta_c": -0.881, "building_ratio": 0.2109, "green_ratio": 0.2293, "ndvi": 0.0994, "impervious_ratio": 0.3766, "built_surface_ratio": 0.3766, "avg_ground_floor_count": 0.0, "elevation_m": 15.0971, "albedo": 0.1218, "nearest_park_distance_m": 0.0, "park_area_within_500m": 469608.4789, "nearest_stream_distance_m": 1415.7063, "est_population_density": 0.0, "dong_elderly_ratio": 0.2013, "dong_avg_age": 44.8, "dong_pop_density": 32527.4, "nearest_shelter_distance_m": 201.6797, "shelter_count_within_500m": 6.1825, "est_population": 0.0, "est_elderly": 0.0, "shelter_capacity_within_500m": 339.1, "building_form_group": "low_floor_low_density", "dong_name": "신정4동", "top1_feature": "ndvi", "top1_shap": 0.8006, "top2_feature": "impervious_ratio", "top2_shap": 0.6265, "top3_feature": "built_surface_ratio", "top3_shap": 0.5024, "priority_score": 67.7594, "priority_rank": 40 }, "geometry": { "type": "Polygon", "coordinates": [ [ [ 126.863368394217702, 37.529594535378934 ], [ 126.862380450110237, 37.529589205425061 ], [ 126.863367386898531, 37.529713050630626 ], [ 126.863368394217702, 37.529594535378934 ] ] ] } },
{ "type": "Feature", "properties": { "member_grid_ids": ["11470_01267", "11470_01268", "11470_01269", "11470_01304", "11470_01305", "11470_01306", "11470_01342", "11470_01343", "11470_01344"], "display_grid_id": "11470_00229", "gu_code": 11470, "gu_name": "양천구", "source_cell_count": 14, "area_m2": 51614.14, "mean_actual_lst": 40.6575, "mean_actual_anomaly": 2.3716, "seoul_anomaly": 3.7199, "pred_anomaly": 2.8653, "pred_anomaly_std": 0.6838, "green_delta_c": -0.3963, "building_ratio": 0.3158, "green_ratio": 0.2516, "ndvi": 0.0986, "impervious_ratio": 0.3337, "built_surface_ratio": 0.3337, "avg_ground_floor_count": 4.6142, "elevation_m": 17.3146, "albedo": 0.101, "nearest_park_distance_m": 8.8481, "park_area_within_500m": 451079.2518, "nearest_stream_distance_m": 1326.3486, "est_population_density": 24282.9332, "dong_elderly_ratio": 0.1548, "dong_avg_age": 42.1449, "dong_pop_density": 41729.9654, "nearest_shelter_distance_m": 123.4756, "shelter_count_within_500m": 6.7425, "est_population": 1253.3, "est_elderly": 193.0, "shelter_capacity_within_500m": 2321.2, "building_form_group": "high_floor_high_density", "dong_name": "목4동", "top1_feature": "building_ratio", "top1_shap": 0.6788, "top2_feature": "ndvi", "top2_shap": 0.6447, "top3_feature": "impervious_ratio", "top3_shap": 0.4108, "priority_score": 59.6686, "priority_rank": 94 }, "geometry": { "type": "Polygon", "coordinates": [ [ [ 126.86617864160479, 37.531863020475306 ], [ 126.866197709121096, 37.529609753790737 ], [ 126.863368394217702, 37.529594535378934 ], [ 126.863367386898531, 37.529713050630626 ], [ 126.863972750000016, 37.52978901 ], [ 126.86389472, 37.53071494 ], [ 126.863798761816923, 37.531850223379045 ], [ 126.86617864160479, 37.531863020475306 ] ] ] } },
{ "type": "Feature", "properties": { "member_grid_ids": ["11470_01270", "11470_01271", "11470_01272", "11470_01307", "11470_01308", "11470_01309", "11470_01345", "11470_01346", "11470_01347"], "display_grid_id": "11470_00230", "gu_code": 11470, "gu_name": "양천구", "source_cell_count": 15, "area_m2": 62500.0, "mean_actual_lst": 39.0599, "mean_actual_anomaly": 0.7506, "seoul_anomaly": 2.0988, "pred_anomaly": 1.0959, "pred_anomaly_std": 0.7481, "green_delta_c": -0.2015, "building_ratio": 0.1899, "green_ratio": 0.2828, "ndvi": 0.2299, "impervious_ratio": 0.4724, "built_surface_ratio": 0.4724, "avg_ground_floor_count": 7.3496, "elevation_m": 15.5884, "albedo": 0.1059, "nearest_park_distance_m": 13.124, "park_area_within_500m": 541962.1896, "nearest_stream_distance_m": 1119.7104, "est_population_density": 21005.6, "dong_elderly_ratio": 0.1475, "dong_avg_age": 40.568, "dong_pop_density": 27593.42, "nearest_shelter_distance_m": 132.3624, "shelter_count_within_500m": 7.68, "est_population": 1312.9, "est_elderly": 200.5, "shelter_capacity_within_500m": 1863.0, "building_form_group": "high_floor_low_density", "dong_name": "목1동", "top1_feature": "impervious_ratio", "top1_shap": 0.4598, "top2_feature": "built_surface_ratio", "top2_shap": 0.3427, "top3_feature": "building_ratio", "top3_shap": 0.3049, "priority_score": 45.1441, "priority_rank": 203 }, "geometry": { "type": "Polygon", "coordinates": [ [ [ 126.866197709121096, 37.529609753790737 ], [ 126.86617864160479, 37.531863020475306 ], [ 126.869008043735747, 37.531878172336469 ], [ 126.869027026147734, 37.52962490442625 ], [ 126.866197709121096, 37.529609753790737 ] ] ] } },
{ "type": "Feature", "properties": { "member_grid_ids": ["11470_01272", "11470_01273", "11470_01274", "11470_01309", "11470_01310", "11470_01311", "11470_01348", "11470_01349"], "display_grid_id": "11470_00231", "gu_code": 11470, "gu_name": "양천구", "source_cell_count": 15, "area_m2": 62500.0, "mean_actual_lst": 37.7871, "mean_actual_anomaly": -0.7885, "seoul_anomaly": 0.5598, "pred_anomaly": 0.0789, "pred_anomaly_std": 0.7333, "green_delta_c": -0.2892, "building_ratio": 0.1301, "green_ratio": 0.3553, "ndvi": 0.293, "impervious_ratio": 0.3857, "built_surface_ratio": 0.3857, "avg_ground_floor_count": 10.1197, "elevation_m": 15.797, "albedo": 0.1054, "nearest_park_distance_m": 0.0, "park_area_within_500m": 642830.4328, "nearest_stream_distance_m": 911.636, "est_population_density": 9192.8, "dong_elderly_ratio": 0.1463, "dong_avg_age": 39.96, "dong_pop_density": 21165.58, "nearest_shelter_distance_m": 97.7232, "shelter_count_within_500m": 8.32, "est_population": 574.6, "est_elderly": 85.8, "shelter_capacity_within_500m": 1801.5, "building_form_group": "high_floor_low_density", "dong_name": "목5동", "top1_feature": "ndvi", "top1_shap": -0.4197, "top2_feature": "impervious_ratio", "top2_shap": 0.3964, "top3_feature": "avg_ground_floor_count", "top3_shap": -0.2328, "priority_score": 32.5504, "priority_rank": 322 }, "geometry": { "type": "Polygon", "coordinates": [ [ [ 126.869027026147734, 37.52962490442625 ], [ 126.869008043735747, 37.531878172336469 ], [ 126.871837447980695, 37.531893256415685 ], [ 126.871856345288123, 37.529639987285279 ], [ 126.869027026147734, 37.52962490442625 ] ] ] } },
{ "type": "Feature", "properties": { "member_grid_ids": ["11470_01275", "11470_01276", "11470_01277", "11470_01312", "11470_01313", "11470_01314", "11470_01350", "11470_01351", "11470_01352"], "display_grid_id": "11470_00232", "gu_code": 11470, "gu_name": "양천구", "source_cell_count": 14, "area_m2": 62500.0, "mean_actual_lst": 39.1941, "mean_actual_anomaly": 0.5445, "seoul_anomaly": 1.8928, "pred_anomaly": 1.4232, "pred_anomaly_std": 0.9051, "green_delta_c": -0.2839, "building_ratio": 0.188, "green_ratio": 0.2756, "ndvi": 0.1847, "impervious_ratio": 0.4454, "built_surface_ratio": 0.4454, "avg_ground_floor_count": 7.0371, "elevation_m": 13.1913, "albedo": 0.1173, "nearest_park_distance_m": 0.0, "park_area_within_500m": 756811.7252, "nearest_stream_distance_m": 693.3596, "est_population_density": 5226.4, "dong_elderly_ratio": 0.1439, "dong_avg_age": 39.816, "dong_pop_density": 20785.828, "nearest_shelter_distance_m": 139.8712, "shelter_count_within_500m": 6.2, "est_population": 326.7, "est_elderly": 49.0, "shelter_capacity_within_500m": 1144.5, "building_form_group": "high_floor_low_density", "dong_name": "목1동", "top1_feature": "impervious_ratio", "top1_shap": 0.5074, "top2_feature": "built_surface_ratio", "top2_shap": 0.4056, "top3_feature": "ndvi", "top3_shap": 0.1297, "priority_score": 42.7233, "priority_rank": 231 }, "geometry": { "type": "Polygon", "coordinates": [ [ [ 126.871856345288123, 37.529639987285279 ], [ 126.871837447980695, 37.531893256415685 ], [ 126.874666854330187, 37.531908272712791 ], [ 126.874685666532812, 37.52965500236769 ], [ 126.871856345288123, 37.529639987285279 ] ] ] } },
{ "type": "Feature", "properties": { "member_grid_ids": ["11470_01277", "11470_01278", "11470_01279", "11470_01314", "11470_01315", "11470_01316", "11470_01353", "11470_01354"], "display_grid_id": "11470_00233", "gu_code": 11470, "gu_name": "양천구", "source_cell_count": 14, "area_m2": 62500.0, "mean_actual_lst": 39.6186, "mean_actual_anomaly": 1.2162, "seoul_anomaly": 2.5645, "pred_anomaly": 1.8877, "pred_anomaly_std": 0.8436, "green_delta_c": -0.377, "building_ratio": 0.2151, "green_ratio": 0.2351, "ndvi": 0.1343, "impervious_ratio": 0.4848, "built_surface_ratio": 0.4848, "avg_ground_floor_count": 10.3378, "elevation_m": 21.7764, "albedo": 0.1172, "nearest_park_distance_m": 0.0, "park_area_within_500m": 769397.6628, "nearest_stream_distance_m": 503.7044, "est_population_density": 5596.0, "dong_elderly_ratio": 0.1422, "dong_avg_age": 39.72, "dong_pop_density": 20532.66, "nearest_shelter_distance_m": 96.036, "shelter_count_within_500m": 3.8, "est_population": 349.7, "est_elderly": 52.5, "shelter_capacity_within_500m": 562.0, "building_form_group": "high_floor_low_density", "dong_name": "목1동", "top1_feature": "impervious_ratio", "top1_shap": 0.5325, "top2_feature": "building_ratio", "top2_shap": 0.2992, "top3_feature": "ndvi", "top3_shap": 0.2129, "priority_score": 48.0116, "priority_rank": 187 }, "geometry": { "type": "Polygon", "coordinates": [ [ [ 126.874685666532812, 37.52965500236769 ], [ 126.874666854330187, 37.531908272712791 ], [ 126.877496262774727, 37.531923221227643 ], [ 126.87751498987231, 37.529669949673334 ], [ 126.874685666532812, 37.52965500236769 ] ] ] } },
{ "type": "Feature", "properties": { "member_grid_ids": ["11470_01280", "11470_01281", "11470_01282", "11470_01317", "11470_01318", "11470_01319", "11470_01355", "11470_01356", "11470_01357"], "display_grid_id": "11470_00234", "gu_code": 11470, "gu_name": "양천구", "source_cell_count": 14, "area_m2": 62500.0, "mean_actual_lst": 43.1068, "mean_actual_anomaly": 4.6507, "seoul_anomaly": 5.9989, "pred_anomaly": 3.238, "pred_anomaly_std": 0.9448, "green_delta_c": -0.7279, "building_ratio": 0.3462, "green_ratio": 0.2311, "ndvi": 0.177, "impervious_ratio": 0.5637, "built_surface_ratio": 0.5637, "avg_ground_floor_count": 4.0, "elevation_m": 18.0494, "albedo": 0.1703, "nearest_park_distance_m": 0.0, "park_area_within_500m": 703189.688, "nearest_stream_distance_m": 321.7428, "est_population_density": 1801.6, "dong_elderly_ratio": 0.1422, "dong_avg_age": 39.72, "dong_pop_density": 20532.66, "nearest_shelter_distance_m": 246.5096, "shelter_count_within_500m": 3.04, "est_population": 112.6, "est_elderly": 16.9, "shelter_capacity_within_500m": 282.3, "building_form_group": "low_floor_high_density", "dong_name": "목1동", "top1_feature": "building_ratio", "top1_shap": 0.7782, "top2_feature": "impervious_ratio", "top2_shap": 0.5992, "top3_feature": "built_surface_ratio", "top3_shap": 0.417, "priority_score": 75.7349, "priority_rank": 4 }, "geometry": { "type": "Polygon", "coordinates": [ [ [ 126.87751498987231, 37.529669949673334 ], [ 126.877496262774727, 37.531923221227643 ], [ 126.880325673304867, 37.531938101960058 ], [ 126.880344315297151, 37.529684829202012 ], [ 126.87751498987231, 37.529669949673334 ] ] ] } },
{ "type": "Feature", "properties": { "member_grid_ids": ["11470_01282", "11470_01283", "11470_01284", "11470_01319", "11470_01320", "11470_01321", "11470_01358", "11470_01359"], "display_grid_id": "11470_00235", "gu_code": 11470, "gu_name": "양천구", "source_cell_count": 14, "area_m2": 62500.0, "mean_actual_lst": 44.0343, "mean_actual_anomaly": 5.5011, "seoul_anomaly": 6.8494, "pred_anomaly": 3.0129, "pred_anomaly_std": 1.1671, "green_delta_c": -0.8261, "building_ratio": 0.5623, "green_ratio": 0.3133, "ndvi": 0.2233, "impervious_ratio": 0.4312, "built_surface_ratio": 0.4312, "avg_ground_floor_count": 2.4, "elevation_m": 20.4639, "albedo": 0.1398, "nearest_park_distance_m": 0.0, "park_area_within_500m": 602384.4816000001, "nearest_stream_distance_m": 277.8692, "est_population_density": 0.0, "dong_elderly_ratio": 0.1422, "dong_avg_age": 39.72, "dong_pop_density": 20532.66, "nearest_shelter_distance_m": 316.536, "shelter_count_within_500m": 2.72, "est_population": 0.0, "est_elderly": 0.0, "shelter_capacity_within_500m": 343.7, "building_form_group": "low_floor_high_density", "dong_name": "목1동", "top1_feature": "building_ratio", "top1_shap": 1.196, "top2_feature": "impervious_ratio", "top2_shap": 0.4155, "top3_feature": "built_surface_ratio", "top3_shap": 0.3656, "priority_score": 69.6037, "priority_rank": 29 }, "geometry": { "type": "Polygon", "coordinates": [ [ [ 126.880344315297151, 37.529684829202012 ], [ 126.880325673304867, 37.531938101960058 ], [ 126.883155085911085, 37.531952914909915 ], [ 126.883173642797829, 37.529699640953616 ], [ 126.880344315297151, 37.529684829202012 ] ] ] } },
{ "type": "Feature", "properties": { "member_grid_ids": ["11470_01285", "11470_01286", "11470_01287", "11470_01322", "11470_01323", "11470_01324", "11470_01360", "11470_01361", "11470_01362"], "display_grid_id": "11470_00236", "gu_code": 11470, "gu_name": "양천구", "source_cell_count": 14, "area_m2": 62500.0, "mean_actual_lst": 40.0375, "mean_actual_anomaly": 1.5044, "seoul_anomaly": 2.8526, "pred_anomaly": 1.4548, "pred_anomaly_std": 0.8776, "green_delta_c": -0.5399, "building_ratio": 0.3254, "green_ratio": 0.373, "ndvi": 0.2713, "impervious_ratio": 0.3973, "built_surface_ratio": 0.3973, "avg_ground_floor_count": 4.08, "elevation_m": 19.1626, "albedo": 0.1395, "nearest_park_distance_m": 0.436, "park_area_within_500m": 442583.7244, "nearest_stream_distance_m": 208.5264, "est_population_density": 744.0, "dong_elderly_ratio": 0.1422, "dong_avg_age": 39.72, "dong_pop_density": 20532.66, "nearest_shelter_distance_m": 293.9676, "shelter_count_within_500m": 4.08, "est_population": 46.5, "est_elderly": 6.9, "shelter_capacity_within_500m": 545.3, "building_form_group": "low_floor_high_density", "dong_name": "목1동", "top1_feature": "building_ratio", "top1_shap": 0.6304, "top2_feature": "impervious_ratio", "top2_shap": 0.4669, "top3_feature": "built_surface_ratio", "top3_shap": 0.2643, "priority_score": 58.2133, "priority_rank": 113 }, "geometry": { "type": "Polygon", "coordinates": [ [ [ 126.883173642797829, 37.529699640953616 ], [ 126.883155085911085, 37.531952914909915 ], [ 126.885984500583959, 37.531967660077051 ], [ 126.886002972364921, 37.529714384927985 ], [ 126.883173642797829, 37.529699640953616 ] ] ] } },
{ "type": "Feature", "properties": { "member_grid_ids": ["11470_01287", "11470_01288", "11470_01289", "11470_01324", "11470_01325", "11470_01326", "11470_01363", "11470_01364"], "display_grid_id": "11470_00237", "gu_code": 11470, "gu_name": "양천구", "source_cell_count": 12, "area_m2": 50520.63, "mean_actual_lst": 38.591, "mean_actual_anomaly": 0.0699, "seoul_anomaly": 1.4182, "pred_anomaly": 1.077, "pred_anomaly_std": 0.979, "green_delta_c": -0.2957, "building_ratio": 0.2588, "green_ratio": 0.2919, "ndvi": 0.2103, "impervious_ratio": 0.4621, "built_surface_ratio": 0.4621, "avg_ground_floor_count": 0.0, "elevation_m": 12.1392, "albedo": 0.1398, "nearest_park_distance_m": 47.1982, "park_area_within_500m": 299258.191, "nearest_stream_distance_m": 71.8655, "est_population_density": 0.0, "dong_elderly_ratio": 0.1447, "dong_avg_age": 39.8672, "dong_pop_density": 20920.8973, "nearest_shelter_distance_m": 334.742, "shelter_count_within_500m": 5.3768, "est_population": 0.0, "est_elderly": 0.0, "shelter_capacity_within_500m": 801.8, "building_form_group": "low_floor_high_density", "dong_name": "목1동", "top1_feature": "impervious_ratio", "top1_shap": 0.5544, "top2_feature": "building_ratio", "top2_shap": 0.4247, "top3_feature": "built_surface_ratio", "top3_shap": 0.3932, "priority_score": 42.8314, "priority_rank": 229 }, "geometry": { "type": "Polygon", "coordinates": [ [ [ 126.886002972364921, 37.529714384927985 ], [ 126.885984500583959, 37.531967660077051 ], [ 126.888813917313968, 37.531982337461301 ], [ 126.888827197778838, 37.530354849458668 ], [ 126.88878526000002, 37.53036546 ], [ 126.888461340000021, 37.53041245 ], [ 126.888125820000013, 37.53041438 ], [ 126.88803923, 37.53040645 ], [ 126.88792398, 37.53039589 ], [ 126.88771317, 37.5303696 ], [ 126.887685020000021, 37.5303661 ], [ 126.88764711, 37.53035285 ], [ 126.887609080000018, 37.53033957 ], [ 126.88731663999998, 37.53023876000001 ], [ 126.887229370000014, 37.53020854 ], [ 126.88718996, 37.53019499 ], [ 126.8871846, 37.53019324 ], [ 126.88717724, 37.53019025 ], [ 126.88716558, 37.53018512 ], [ 126.88715358, 37.53018004 ], [ 126.88712108, 37.53016283 ], [ 126.88710969, 37.53015738 ], [ 126.88710421, 37.53015475 ], [ 126.88707073, 37.53013519000001 ], [ 126.88703994, 37.53011406000001 ], [ 126.887025530000017, 37.53010417 ], [ 126.88675766, 37.52991696 ], [ 126.88656059, 37.52978049 ], [ 126.88647864, 37.52972748 ], [ 126.886461542785341, 37.529716768209397 ], [ 126.886002972364921, 37.529714384927985 ] ] ] } },
{ "type": "Feature", "properties": { "member_grid_ids": ["11470_01290", "11470_01327", "11470_01328", "11470_01365", "11470_01366"], "display_grid_id": "11470_00238", "gu_code": 11470, "gu_name": "양천구", "source_cell_count": 7, "area_m2": 22873.81, "mean_actual_lst": 38.0329, "mean_actual_anomaly": -0.4787, "seoul_anomaly": 0.8695, "pred_anomaly": -0.3616, "pred_anomaly_std": 0.8362, "green_delta_c": -0.5697, "building_ratio": 0.1743, "green_ratio": 0.3267, "ndvi": 0.1891, "impervious_ratio": 0.3341, "built_surface_ratio": 0.3341, "avg_ground_floor_count": 0.0, "elevation_m": 10.0, "albedo": 0.1239, "nearest_park_distance_m": 215.5753, "park_area_within_500m": 158730.2314, "nearest_stream_distance_m": 32.4856, "est_population_density": 0.0, "dong_elderly_ratio": 0.1486, "dong_avg_age": 40.0946, "dong_pop_density": 21520.5723, "nearest_shelter_distance_m": 213.1313, "shelter_count_within_500m": 6.0804, "est_population": 0.0, "est_elderly": 0.0, "shelter_capacity_within_500m": 762.0, "building_form_group": "low_floor_low_density", "dong_name": "목5동", "top1_feature": "impervious_ratio", "top1_shap": 0.4748, "top2_feature": "building_ratio", "top2_shap": -0.1544, "top3_feature": "built_surface_ratio", "top3_shap": 0.2907, "priority_score": 45.0504, "priority_rank": 205 }, "geometry": { "type": "Polygon", "coordinates": [ [ [ 126.888813917313968, 37.531982337461301 ], [ 126.888833984912736, 37.53198244131832 ], [ 126.88883455, 37.53198207 ], [ 126.88895487, 37.53193264 ], [ 126.88902511, 37.53191985 ], [ 126.88908628, 37.5319087 ], [ 126.88915752, 37.531908970000011 ], [ 126.88939033, 37.53190984 ], [ 126.889414779999981, 37.5319107 ], [ 126.88944813, 37.53191186 ], [ 126.88949209, 37.531913 ], [ 126.889523110000013, 37.53191379 ], [ 126.88955048, 37.531914489999984 ], [ 126.889658150000017, 37.53190812 ], [ 126.88996289, 37.53188908 ], [ 126.8902886, 37.53186873 ], [ 126.8904793, 37.53177825 ], [ 126.890580310000018, 37.53172485 ], [ 126.89062105, 37.53169789 ], [ 126.89068401, 37.53165625 ], [ 126.89067147, 37.53164103 ], [ 126.89064835, 37.53161313 ], [ 126.89063974, 37.53160273 ], [ 126.89058836, 37.53154071 ], [ 126.89053782, 37.531479760000011 ], [ 126.89052995, 37.53147027 ], [ 126.89047815, 37.53140747 ], [ 126.89046972, 37.53139642 ], [ 126.89044544, 37.53136151 ], [ 126.8903733, 37.53125699 ], [ 126.890361830000018, 37.53124036 ], [ 126.89031013, 37.53116992 ], [ 126.89029831000002, 37.53115414 ], [ 126.89026178, 37.53110203 ], [ 126.89025295, 37.53108959 ], [ 126.890236179999988, 37.53106606 ], [ 126.890226870000021, 37.531053 ], [ 126.890217709999988, 37.53104005 ], [ 126.89018401, 37.53099242 ], [ 126.890146189999982, 37.53093907 ], [ 126.89009775000001, 37.53086958 ], [ 126.890060939999984, 37.53081681 ], [ 126.89004094, 37.53078815 ], [ 126.89000655000001, 37.5307391 ], [ 126.889971620000011, 37.53068926 ], [ 126.889916240000019, 37.53061008 ], [ 126.88984744, 37.53051288 ], [ 126.88981672, 37.53046949 ], [ 126.8897894, 37.5304309 ], [ 126.88973666, 37.53035604 ], [ 126.8897102, 37.53031848 ], [ 126.88969769, 37.53030069 ], [ 126.889651980000011, 37.53023564 ], [ 126.889648810000011, 37.53023057 ], [ 126.889645640000012, 37.53022465 ], [ 126.889618680000012, 37.53016635 ], [ 126.88959734, 37.53012003 ], [ 126.88958961, 37.53010325000001 ], [ 126.88953992, 37.52999621 ], [ 126.88948734, 37.53004684 ], [ 126.8894787, 37.53005578 ], [ 126.88943653, 37.53009944 ], [ 126.88942799, 37.53010577 ], [ 126.88941148, 37.530118 ], [ 126.88934539, 37.53016694 ], [ 126.88893822, 37.53032676 ], [ 126.888827197778838, 37.530354849458668 ], [ 126.888813917313968, 37.531982337461301 ] ] ] } },
{ "type": "Feature", "properties": { "member_grid_ids": ["11470_01404", "11470_01405"], "display_grid_id": "11470_00239", "gu_code": 11470, "gu_name": "양천구", "source_cell_count": 5, "area_m2": 4246.31, "mean_actual_lst": 38.5536, "mean_actual_anomaly": -0.0657, "seoul_anomaly": 1.2825, "pred_anomaly": 0.9578, "pred_anomaly_std": 1.0096, "green_delta_c": -0.4027, "building_ratio": 0.262, "green_ratio": 0.3555, "ndvi": 0.2871, "impervious_ratio": 0.3915, "built_surface_ratio": 0.3915, "avg_ground_floor_count": 2.4644, "elevation_m": 39.3047, "albedo": 0.1401, "nearest_park_distance_m": 304.0862, "park_area_within_500m": 43911.5172, "nearest_stream_distance_m": 4780.9826, "est_population_density": 7892.4351, "dong_elderly_ratio": 0.229, "dong_avg_age": 46.3, "dong_pop_density": 15773.2, "nearest_shelter_distance_m": 58.5297, "shelter_count_within_500m": 4.8918, "est_population": 33.5, "est_elderly": 7.7, "shelter_capacity_within_500m": 260.3, "building_form_group": "low_floor_high_density", "dong_name": "신월3동", "top1_feature": "building_ratio", "top1_shap": 0.5723, "top2_feature": "ndvi", "top2_shap": -0.3626, "top3_feature": "green_ratio", "top3_shap": -0.3577, "priority_score": 34.0634, "priority_rank": 312 }, "geometry": { "type": "Polygon", "coordinates": [ [ [ 126.823717523450057, 37.533880855602554 ], [ 126.823732454575946, 37.532227337049683 ], [ 126.82371544, 37.53223833 ], [ 126.82367216, 37.53229712 ], [ 126.823430450000018, 37.53261661 ], [ 126.82349595, 37.53294725 ], [ 126.82347443, 37.533447270000011 ], [ 126.82355253, 37.5337633 ], [ 126.823281069999979, 37.53380681 ], [ 126.82270259000002, 37.53375469 ], [ 126.822681067792701, 37.533874915458156 ], [ 126.823717523450057, 37.533880855602554 ] ] ] } },
{ "type": "Feature", "properties": { "member_grid_ids": ["11470_01329", "11470_01330", "11470_01331", "11470_01367", "11470_01368", "11470_01369", "11470_01405", "11470_01406", "11470_01407"], "display_grid_id": "11470_00240", "gu_code": 11470, "gu_name": "양천구", "source_cell_count": 15, "area_m2": 61350.26, "mean_actual_lst": 40.6743, "mean_actual_anomaly": 2.2436, "seoul_anomaly": 3.5919, "pred_anomaly": 2.6638, "pred_anomaly_std": 0.9503, "green_delta_c": -0.3746, "building_ratio": 0.4563, "green_ratio": 0.2914, "ndvi": 0.1462, "impervious_ratio": 0.3587, "built_surface_ratio": 0.3587, "avg_ground_floor_count": 2.2811, "elevation_m": 34.4652, "albedo": 0.136, "nearest_park_distance_m": 267.0686, "park_area_within_500m": 67596.8631, "nearest_stream_distance_m": 4729.8968, "est_population_density": 15767.6006, "dong_elderly_ratio": 0.229, "dong_avg_age": 46.3, "dong_pop_density": 15773.2, "nearest_shelter_distance_m": 146.1146, "shelter_count_within_500m": 6.3855, "est_population": 967.3, "est_elderly": 221.4, "shelter_capacity_within_500m": 1765.6, "building_form_group": "low_floor_high_density", "dong_name": "신월3동", "top1_feature": "building_ratio", "top1_shap": 1.0529, "top2_feature": "nearest_stream_distance_m", "top2_shap": -0.3771, "top3_feature": "ndvi", "top3_shap": 0.257, "priority_score": 60.0865, "priority_rank": 86 }, "geometry": { "type": "Polygon", "coordinates": [ [ [ 126.823717523450057, 37.533880855602554 ], [ 126.826546977843577, 37.533897025481743 ], [ 126.826567239049581, 37.531643777403318 ], [ 126.824174115191155, 37.531630106198719 ], [ 126.82413367, 37.531646 ], [ 126.82396075, 37.5318113 ], [ 126.82394661, 37.53188701 ], [ 126.82386628, 37.53206118 ], [ 126.823768900000019, 37.53220379 ], [ 126.823732454575946, 37.532227337049683 ], [ 126.823717523450057, 37.533880855602554 ] ] ] } },
{ "type": "Feature", "properties": { "member_grid_ids": ["11470_01332", "11470_01333", "11470_01334", "11470_01370", "11470_01371", "11470_01372", "11470_01408", "11470_01409", "11470_01410"], "display_grid_id": "11470_00241", "gu_code": 11470, "gu_name": "양천구", "source_cell_count": 12, "area_m2": 62500.0, "mean_actual_lst": 40.6253, "mean_actual_anomaly": 2.4699, "seoul_anomaly": 3.8182, "pred_anomaly": 3.109, "pred_anomaly_std": 0.8224, "green_delta_c": -0.2647, "building_ratio": 0.4746, "green_ratio": 0.2436, "ndvi": 0.1166, "impervious_ratio": 0.3768, "built_surface_ratio": 0.3768, "avg_ground_floor_count": 2.7901, "elevation_m": 31.9001, "albedo": 0.1276, "nearest_park_distance_m": 104.0928, "park_area_within_500m": 89610.264, "nearest_stream_distance_m": 4525.534, "est_population_density": 21564.0, "dong_elderly_ratio": 0.229, "dong_avg_age": 46.3, "dong_pop_density": 15773.2, "nearest_shelter_distance_m": 126.3016, "shelter_count_within_500m": 8.96, "est_population": 1347.8, "est_elderly": 308.6, "shelter_capacity_within_500m": 2258.3, "building_form_group": "low_floor_high_density", "dong_name": "신월3동", "top1_feature": "building_ratio", "top1_shap": 0.9614, "top2_feature": "nearest_stream_distance_m", "top2_shap": -0.4592, "top3_feature": "ndvi", "top3_shap": 0.4394, "priority_score": 61.2824, "priority_rank": 77 }, "geometry": { "type": "Polygon", "coordinates": [ [ [ 126.826567239049581, 37.531643777403318 ], [ 126.826546977843577, 37.533897025481743 ], [ 126.82937643449354, 37.533913127575907 ], [ 126.829396610589356, 37.531659878195001 ], [ 126.826567239049581, 37.531643777403318 ] ] ] } },
{ "type": "Feature", "properties": { "member_grid_ids": ["11470_01335", "11470_01336", "11470_01372", "11470_01373", "11470_01374", "11470_01410", "11470_01411", "11470_01412"], "display_grid_id": "11470_00242", "gu_code": 11470, "gu_name": "양천구", "source_cell_count": 14, "area_m2": 62500.0, "mean_actual_lst": 40.1469, "mean_actual_anomaly": 1.9362, "seoul_anomaly": 3.2845, "pred_anomaly": 2.7264, "pred_anomaly_std": 0.5329, "green_delta_c": -0.1094, "building_ratio": 0.3203, "green_ratio": 0.2443, "ndvi": 0.0971, "impervious_ratio": 0.3645, "built_surface_ratio": 0.3645, "avg_ground_floor_count": 3.8894, "elevation_m": 24.5279, "albedo": 0.1274, "nearest_park_distance_m": 104.0552, "park_area_within_500m": 74889.384, "nearest_stream_distance_m": 4295.8572, "est_population_density": 22060.0, "dong_elderly_ratio": 0.2336, "dong_avg_age": 46.86, "dong_pop_density": 24838.2, "nearest_shelter_distance_m": 68.3408, "shelter_count_within_500m": 8.48, "est_population": 1378.7, "est_elderly": 322.8, "shelter_capacity_within_500m": 2129.2, "building_form_group": "low_floor_high_density", "dong_name": "신월1동", "top1_feature": "building_ratio", "top1_shap": 0.682, "top2_feature": "ndvi", "top2_shap": 0.5807, "top3_feature": "impervious_ratio", "top3_shap": 0.2754, "priority_score": 48.8833, "priority_rank": 178 }, "geometry": { "type": "Polygon", "coordinates": [ [ [ 126.829396610589356, 37.531659878195001 ], [ 126.82937643449354, 37.533913127575907 ], [ 126.832205893390423, 37.533929161884906 ], [ 126.832225984375782, 37.531675911206996 ], [ 126.829396610589356, 37.531659878195001 ] ] ] } },
{ "type": "Feature", "properties": { "member_grid_ids": ["11470_01337", "11470_01338", "11470_01339", "11470_01375", "11470_01376", "11470_01377", "11470_01413", "11470_01414", "11470_01415"], "display_grid_id": "11470_00243", "gu_code": 11470, "gu_name": "양천구", "source_cell_count": 14, "area_m2": 62500.0, "mean_actual_lst": 40.6269, "mean_actual_anomaly": 2.438, "seoul_anomaly": 3.7863, "pred_anomaly": 2.6539, "pred_anomaly_std": 0.4632, "green_delta_c": -0.1917, "building_ratio": 0.4516, "green_ratio": 0.2784, "ndvi": 0.1024, "impervious_ratio": 0.2216, "built_surface_ratio": 0.2216, "avg_ground_floor_count": 4.2254, "elevation_m": 19.0975, "albedo": 0.1203, "nearest_park_distance_m": 324.1708, "park_area_within_500m": 32931.1516, "nearest_stream_distance_m": 4041.0172, "est_population_density": 33230.0, "dong_elderly_ratio": 0.2372, "dong_avg_age": 47.3, "dong_pop_density": 31960.7, "nearest_shelter_distance_m": 151.0, "shelter_count_within_500m": 6.72, "est_population": 2076.9, "est_elderly": 492.6, "shelter_capacity_within_500m": 1565.5, "building_form_group": "high_floor_high_density", "dong_name": "신월1동", "top1_feature": "building_ratio", "top1_shap": 1.0969, "top2_feature": "ndvi", "top2_shap": 0.5909, "top3_feature": "nearest_stream_distance_m", "top3_shap": -0.5072, "priority_score": 62.8386, "priority_rank": 69 }, "geometry": { "type": "Polygon", "coordinates": [ [ [ 126.832225984375782, 37.531675911206996 ], [ 126.832205893390423, 37.533929161884906 ], [ 126.835035354524791, 37.533945128408568 ], [ 126.835055360399451, 37.531691876439133 ], [ 126.832225984375782, 37.531675911206996 ] ] ] } },
{ "type": "Feature", "properties": { "member_grid_ids": ["11470_01340", "11470_01341", "11470_01377", "11470_01378", "11470_01379", "11470_01415", "11470_01416"], "display_grid_id": "11470_00244", "gu_code": 11470, "gu_name": "양천구", "source_cell_count": 10, "area_m2": 34611.09, "mean_actual_lst": 41.0645, "mean_actual_anomaly": 2.6968, "seoul_anomaly": 4.0451, "pred_anomaly": 2.7894, "pred_anomaly_std": 0.4568, "green_delta_c": -0.165, "building_ratio": 0.401, "green_ratio": 0.268, "ndvi": 0.0819, "impervious_ratio": 0.2567, "built_surface_ratio": 0.2567, "avg_ground_floor_count": 3.4316, "elevation_m": 16.963, "albedo": 0.1275, "nearest_park_distance_m": 373.185, "park_area_within_500m": 24508.2004, "nearest_stream_distance_m": 3855.9957, "est_population_density": 23824.726, "dong_elderly_ratio": 0.2372, "dong_avg_age": 47.3, "dong_pop_density": 31960.7, "nearest_shelter_distance_m": 101.7464, "shelter_count_within_500m": 5.4403, "est_population": 824.6, "est_elderly": 195.5, "shelter_capacity_within_500m": 1054.4, "building_form_group": "low_floor_high_density", "dong_name": "신월1동", "top1_feature": "building_ratio", "top1_shap": 0.9588, "top2_feature": "ndvi", "top2_shap": 0.65, "top3_feature": "nearest_stream_distance_m", "top3_shap": -0.4473, "priority_score": 48.2277, "priority_rank": 184 }, "geometry": { "type": "Polygon", "coordinates": [ [ [ 126.835055360399451, 37.531691876439133 ], [ 126.835035354524791, 37.533945128408568 ], [ 126.835929997655427, 37.533950162732538 ], [ 126.83608454, 37.5336958 ], [ 126.83617247, 37.5335511 ], [ 126.837294432771756, 37.531704462730971 ], [ 126.835055360399451, 37.531691876439133 ] ] ] } },
{ "type": "Feature", "properties": { "member_grid_ids": ["11470_01342", "11470_01343", "11470_01344", "11470_01380", "11470_01381", "11470_01382", "11470_01417", "11470_01418", "11470_01419"], "display_grid_id": "11470_00245", "gu_code": 11470, "gu_name": "양천구", "source_cell_count": 13, "area_m2": 54466.22, "mean_actual_lst": 40.7468, "mean_actual_anomaly": 2.4671, "seoul_anomaly": 3.8154, "pred_anomaly": 2.9552, "pred_anomaly_std": 0.5731, "green_delta_c": -0.4688, "building_ratio": 0.4046, "green_ratio": 0.277, "ndvi": 0.0952, "impervious_ratio": 0.2615, "built_surface_ratio": 0.2615, "avg_ground_floor_count": 3.794, "elevation_m": 21.1752, "albedo": 0.1071, "nearest_park_distance_m": 28.2651, "park_area_within_500m": 258056.7422, "nearest_stream_distance_m": 1446.3107, "est_population_density": 27421.7226, "dong_elderly_ratio": 0.154, "dong_avg_age": 42.1, "dong_pop_density": 41885.5, "nearest_shelter_distance_m": 200.8018, "shelter_count_within_500m": 8.8259, "est_population": 1493.6, "est_elderly": 230.1, "shelter_capacity_within_500m": 3491.7, "building_form_group": "high_floor_high_density", "dong_name": "목4동", "top1_feature": "building_ratio", "top1_shap": 1.0339, "top2_feature": "ndvi", "top2_shap": 0.6521, "top3_feature": "impervious_ratio", "top3_shap": 0.2339, "priority_score": 68.8401, "priority_rank": 34 }, "geometry": { "type": "Polygon", "coordinates": [ [ [ 126.866159571965028, 37.534116286289695 ], [ 126.86617864160479, 37.531863020475306 ], [ 126.863798761816923, 37.531850223379045 ], [ 126.86372662, 37.53270371 ], [ 126.863607705697817, 37.53410256183242 ], [ 126.866159571965028, 37.534116286289695 ] ] ] } },
{ "type": "Feature", "properties": { "member_grid_ids": ["11470_01345", "11470_01346", "11470_01347", "11470_01383", "11470_01384", "11470_01385", "11470_01420", "11470_01421", "11470_01422"], "display_grid_id": "11470_00246", "gu_code": 11470, "gu_name": "양천구", "source_cell_count": 16, "area_m2": 62500.0, "mean_actual_lst": 39.9308, "mean_actual_anomaly": 1.651, "seoul_anomaly": 2.9993, "pred_anomaly": 2.1937, "pred_anomaly_std": 0.6872, "green_delta_c": -0.287, "building_ratio": 0.3207, "green_ratio": 0.2419, "ndvi": 0.1526, "impervious_ratio": 0.4121, "built_surface_ratio": 0.4121, "avg_ground_floor_count": 8.117, "elevation_m": 24.259, "albedo": 0.0991, "nearest_park_distance_m": 86.5184, "park_area_within_500m": 401055.4208, "nearest_stream_distance_m": 1240.9904, "est_population_density": 42964.0, "dong_elderly_ratio": 0.1536, "dong_avg_age": 41.872, "dong_pop_density": 39475.06, "nearest_shelter_distance_m": 118.7488, "shelter_count_within_500m": 7.76, "est_population": 2685.3, "est_elderly": 413.0, "shelter_capacity_within_500m": 1714.0, "building_form_group": "high_floor_high_density", "dong_name": "목4동", "top1_feature": "building_ratio", "top1_shap": 0.7759, "top2_feature": "impervious_ratio", "top2_shap": 0.3559, "top3_feature": "built_surface_ratio", "top3_shap": 0.197, "priority_score": 62.4784, "priority_rank": 72 }, "geometry": { "type": "Polygon", "coordinates": [ [ [ 126.86617864160479, 37.531863020475306 ], [ 126.866159571965028, 37.534116286289695 ], [ 126.868989059209753, 37.534131439376587 ], [ 126.869008043735747, 37.531878172336469 ], [ 126.86617864160479, 37.531863020475306 ] ] ] } },
{ "type": "Feature", "properties": { "member_grid_ids": ["11470_01348", "11470_01349", "11470_01385", "11470_01386", "11470_01387", "11470_01422", "11470_01423", "11470_01424"], "display_grid_id": "11470_00247", "gu_code": 11470, "gu_name": "양천구", "source_cell_count": 14, "area_m2": 62500.0, "mean_actual_lst": 38.5487, "mean_actual_anomaly": 0.1802, "seoul_anomaly": 1.5285, "pred_anomaly": 0.6669, "pred_anomaly_std": 0.6942, "green_delta_c": -0.2038, "building_ratio": 0.1615, "green_ratio": 0.2752, "ndvi": 0.24, "impervious_ratio": 0.4712, "built_surface_ratio": 0.4712, "avg_ground_floor_count": 8.9228, "elevation_m": 17.5186, "albedo": 0.1142, "nearest_park_distance_m": 4.6584, "park_area_within_500m": 533078.2336, "nearest_stream_distance_m": 1044.9832, "est_population_density": 22381.6, "dong_elderly_ratio": 0.1507, "dong_avg_age": 40.352, "dong_pop_density": 23405.46, "nearest_shelter_distance_m": 104.0616, "shelter_count_within_500m": 7.44, "est_population": 1398.9, "est_elderly": 211.2, "shelter_capacity_within_500m": 1543.5, "building_form_group": "high_floor_low_density", "dong_name": "목5동", "top1_feature": "impervious_ratio", "top1_shap": 0.4322, "top2_feature": "built_surface_ratio", "top2_shap": 0.3604, "top3_feature": "ndvi", "top3_shap": -0.257, "priority_score": 40.8717, "priority_rank": 247 }, "geometry": { "type": "Polygon", "coordinates": [ [ [ 126.869008043735747, 37.531878172336469 ], [ 126.868989059209753, 37.534131439376587 ], [ 126.871818548568754, 37.534146524676054 ], [ 126.871837447980695, 37.531893256415685 ], [ 126.869008043735747, 37.531878172336469 ] ] ] } },
{ "type": "Feature", "properties": { "member_grid_ids": ["11470_01350", "11470_01351", "11470_01352", "11470_01388", "11470_01389", "11470_01390", "11470_01425", "11470_01426", "11470_01427"], "display_grid_id": "11470_00248", "gu_code": 11470, "gu_name": "양천구", "source_cell_count": 14, "area_m2": 62500.0, "mean_actual_lst": 39.4454, "mean_actual_anomaly": 0.7958, "seoul_anomaly": 2.1441, "pred_anomaly": 1.0846, "pred_anomaly_std": 0.7251, "green_delta_c": -0.2575, "building_ratio": 0.1914, "green_ratio": 0.2532, "ndvi": 0.2425, "impervious_ratio": 0.5565, "built_surface_ratio": 0.5565, "avg_ground_floor_count": 9.201, "elevation_m": 17.3111, "albedo": 0.118, "nearest_park_distance_m": 0.0, "park_area_within_500m": 703542.5964, "nearest_stream_distance_m": 840.5108, "est_population_density": 24728.8, "dong_elderly_ratio": 0.1504, "dong_avg_age": 40.2, "dong_pop_density": 21798.5, "nearest_shelter_distance_m": 173.9096, "shelter_count_within_500m": 6.6, "est_population": 1545.6, "est_elderly": 232.5, "shelter_capacity_within_500m": 1168.5, "building_form_group": "high_floor_low_density", "dong_name": "목5동", "top1_feature": "impervious_ratio", "top1_shap": 0.4594, "top2_feature": "built_surface_ratio", "top2_shap": 0.4097, "top3_feature": "building_ratio", "top3_shap": 0.2321, "priority_score": 54.6181, "priority_rank": 134 }, "geometry": { "type": "Polygon", "coordinates": [ [ [ 126.871837447980695, 37.531893256415685 ], [ 126.871818548568754, 37.534146524676054 ], [ 126.874648040032497, 37.534161542187924 ], [ 126.874666854330187, 37.531908272712791 ], [ 126.871837447980695, 37.531893256415685 ] ] ] } },
{ "type": "Feature", "properties": { "member_grid_ids": ["11470_01353", "11470_01354", "11470_01390", "11470_01391", "11470_01392", "11470_01427", "11470_01428", "11470_01429"], "display_grid_id": "11470_00249", "gu_code": 11470, "gu_name": "양천구", "source_cell_count": 14, "area_m2": 62500.0, "mean_actual_lst": 39.8372, "mean_actual_anomaly": 1.3732, "seoul_anomaly": 2.7214, "pred_anomaly": 1.5919, "pred_anomaly_std": 0.8209, "green_delta_c": -0.3833, "building_ratio": 0.2362, "green_ratio": 0.2393, "ndvi": 0.1812, "impervious_ratio": 0.483, "built_surface_ratio": 0.483, "avg_ground_floor_count": 8.8383, "elevation_m": 25.0382, "albedo": 0.1071, "nearest_park_distance_m": 0.0, "park_area_within_500m": 780617.2684, "nearest_stream_distance_m": 666.3436, "est_population_density": 14479.2, "dong_elderly_ratio": 0.1504, "dong_avg_age": 40.2, "dong_pop_density": 21798.5, "nearest_shelter_distance_m": 137.0392, "shelter_count_within_500m": 4.68, "est_population": 905.0, "est_elderly": 136.1, "shelter_capacity_within_500m": 587.0, "building_form_group": "high_floor_high_density", "dong_name": "목5동", "top1_feature": "impervious_ratio", "top1_shap": 0.4589, "top2_feature": "building_ratio", "top2_shap": 0.3807, "top3_feature": "built_surface_ratio", "top3_shap": 0.2701, "priority_score": 55.4899, "priority_rank": 131 }, "geometry": { "type": "Polygon", "coordinates": [ [ [ 126.874666854330187, 37.531908272712791 ], [ 126.874648040032497, 37.534161542187924 ], [ 126.877477533591573, 37.534176491912056 ], [ 126.877496262774727, 37.531923221227643 ], [ 126.874666854330187, 37.531908272712791 ] ] ] } },
{ "type": "Feature", "properties": { "member_grid_ids": ["11470_01355", "11470_01356", "11470_01357", "11470_01393", "11470_01394", "11470_01395", "11470_01430", "11470_01431", "11470_01432"], "display_grid_id": "11470_00250", "gu_code": 11470, "gu_name": "양천구", "source_cell_count": 13, "area_m2": 62500.0, "mean_actual_lst": 39.204, "mean_actual_anomaly": 0.6863, "seoul_anomaly": 2.0346, "pred_anomaly": 0.8388, "pred_anomaly_std": 0.7711, "green_delta_c": -0.3967, "building_ratio": 0.1493, "green_ratio": 0.2993, "ndvi": 0.2672, "impervious_ratio": 0.4469, "built_surface_ratio": 0.4469, "avg_ground_floor_count": 10.4723, "elevation_m": 16.4323, "albedo": 0.112, "nearest_park_distance_m": 0.0, "park_area_within_500m": 777183.3024, "nearest_stream_distance_m": 534.3092, "est_population_density": 20964.0, "dong_elderly_ratio": 0.1504, "dong_avg_age": 40.2, "dong_pop_density": 21798.5, "nearest_shelter_distance_m": 173.5872, "shelter_count_within_500m": 4.16, "est_population": 1310.2, "est_elderly": 197.1, "shelter_capacity_within_500m": 498.2, "building_form_group": "high_floor_low_density", "dong_name": "목5동", "top1_feature": "impervious_ratio", "top1_shap": 0.4543, "top2_feature": "built_surface_ratio", "top2_shap": 0.3765, "top3_feature": "ndvi", "top3_shap": -0.2583, "priority_score": 55.5548, "priority_rank": 130 }, "geometry": { "type": "Polygon", "coordinates": [ [ [ 126.877496262774727, 37.531923221227643 ], [ 126.877477533591573, 37.534176491912056 ], [ 126.880307029236491, 37.534191373848287 ], [ 126.880325673304867, 37.531938101960058 ], [ 126.877496262774727, 37.531923221227643 ] ] ] } },
{ "type": "Feature", "properties": { "member_grid_ids": ["11470_01358", "11470_01359", "11470_01395", "11470_01396", "11470_01397", "11470_01432", "11470_01433", "11470_01434"], "display_grid_id": "11470_00251", "gu_code": 11470, "gu_name": "양천구", "source_cell_count": 15, "area_m2": 62500.0, "mean_actual_lst": 39.1452, "mean_actual_anomaly": 0.612, "seoul_anomaly": 1.9603, "pred_anomaly": 0.7396, "pred_anomaly_std": 0.7872, "green_delta_c": -0.4029, "building_ratio": 0.1802, "green_ratio": 0.3346, "ndvi": 0.2846, "impervious_ratio": 0.4235, "built_surface_ratio": 0.4235, "avg_ground_floor_count": 7.016, "elevation_m": 15.3942, "albedo": 0.1158, "nearest_park_distance_m": 0.0, "park_area_within_500m": 746505.072, "nearest_stream_distance_m": 504.5188, "est_population_density": 20909.6, "dong_elderly_ratio": 0.1504, "dong_avg_age": 40.2, "dong_pop_density": 21798.5, "nearest_shelter_distance_m": 113.5736, "shelter_count_within_500m": 4.32, "est_population": 1306.9, "est_elderly": 196.6, "shelter_capacity_within_500m": 708.8, "building_form_group": "high_floor_low_density", "dong_name": "목5동", "top1_feature": "impervious_ratio", "top1_shap": 0.4516, "top2_feature": "ndvi", "top2_shap": -0.3884, "top3_feature": "built_surface_ratio", "top3_shap": 0.2922, "priority_score": 49.5533, "priority_rank": 175 }, "geometry": { "type": "Polygon", "coordinates": [ [ [ 126.880325673304867, 37.531938101960058 ], [ 126.880307029236491, 37.534191373848287 ], [ 126.883136526957742, 37.53420618799646 ], [ 126.883155085911085, 37.531952914909915 ], [ 126.880325673304867, 37.531938101960058 ] ] ] } },
{ "type": "Feature", "properties": { "member_grid_ids": ["11470_01360", "11470_01361", "11470_01362", "11470_01398", "11470_01399", "11470_01400", "11470_01435", "11470_01436", "11470_01437"], "display_grid_id": "11470_00252", "gu_code": 11470, "gu_name": "양천구", "source_cell_count": 12, "area_m2": 62500.0, "mean_actual_lst": 38.5349, "mean_actual_anomaly": 0.0018, "seoul_anomaly": 1.35, "pred_anomaly": 0.4328, "pred_anomaly_std": 0.7486, "green_delta_c": -0.353, "building_ratio": 0.1456, "green_ratio": 0.3531, "ndvi": 0.2932, "impervious_ratio": 0.4072, "built_surface_ratio": 0.4072, "avg_ground_floor_count": 13.7398, "elevation_m": 18.6171, "albedo": 0.1143, "nearest_park_distance_m": 0.0, "park_area_within_500m": 596594.6004, "nearest_stream_distance_m": 377.324, "est_population_density": 24363.2, "dong_elderly_ratio": 0.1504, "dong_avg_age": 40.2, "dong_pop_density": 21798.5, "nearest_shelter_distance_m": 107.9164, "shelter_count_within_500m": 2.64, "est_population": 1522.7, "est_elderly": 228.9, "shelter_capacity_within_500m": 417.0, "building_form_group": "high_floor_low_density", "dong_name": "목5동", "top1_feature": "impervious_ratio", "top1_shap": 0.3606, "top2_feature": "avg_ground_floor_count", "top2_shap": -0.3585, "top3_feature": "ndvi", "top3_shap": -0.2397, "priority_score": 45.0576, "priority_rank": 204 }, "geometry": { "type": "Polygon", "coordinates": [ [ [ 126.883155085911085, 37.531952914909915 ], [ 126.883136526957742, 37.53420618799646 ], [ 126.885966026745848, 37.534220934356426 ], [ 126.885984500583959, 37.531967660077051 ], [ 126.883155085911085, 37.531952914909915 ] ] ] } },
{ "type": "Feature", "properties": { "member_grid_ids": ["11470_01363", "11470_01364", "11470_01400", "11470_01401", "11470_01402", "11470_01437", "11470_01438", "11470_01439"], "display_grid_id": "11470_00253", "gu_code": 11470, "gu_name": "양천구", "source_cell_count": 13, "area_m2": 60747.15, "mean_actual_lst": 40.8989, "mean_actual_anomaly": 2.3741, "seoul_anomaly": 3.7223, "pred_anomaly": 1.9013, "pred_anomaly_std": 0.838, "green_delta_c": -0.4246, "building_ratio": 0.2205, "green_ratio": 0.2665, "ndvi": 0.2577, "impervious_ratio": 0.5669, "built_surface_ratio": 0.5669, "avg_ground_floor_count": 2.6857, "elevation_m": 12.4734, "albedo": 0.1472, "nearest_park_distance_m": 9.7857, "park_area_within_500m": 392979.2157, "nearest_stream_distance_m": 165.9498, "est_population_density": 4526.9613, "dong_elderly_ratio": 0.1504, "dong_avg_age": 40.2, "dong_pop_density": 21798.5, "nearest_shelter_distance_m": 281.0034, "shelter_count_within_500m": 2.5619, "est_population": 275.0, "est_elderly": 41.3, "shelter_capacity_within_500m": 373.0, "building_form_group": "low_floor_high_density", "dong_name": "목5동", "top1_feature": "impervious_ratio", "top1_shap": 0.5809, "top2_feature": "building_ratio", "top2_shap": 0.4105, "top3_feature": "ndvi", "top3_shap": -0.3332, "priority_score": 65.4395, "priority_rank": 59 }, "geometry": { "type": "Polygon", "coordinates": [ [ [ 126.888813917313968, 37.531982337461301 ], [ 126.885984500583959, 37.531967660077051 ], [ 126.885966026745848, 37.534220934356426 ], [ 126.888795528591359, 37.534235612928036 ], [ 126.888806607227735, 37.532878114335766 ], [ 126.88875252, 37.53284879 ], [ 126.88873747, 37.53283778 ], [ 126.88870771, 37.53281599000001 ], [ 126.88869284, 37.532805089999989 ], [ 126.88865768, 37.5327604 ], [ 126.88863143, 37.53272704 ], [ 126.888616870000021, 37.53270805 ], [ 126.888564210000013, 37.53263941 ], [ 126.8885579, 37.53262373 ], [ 126.88854701, 37.53259664 ], [ 126.88853882, 37.53257628 ], [ 126.888530230000015, 37.53255491 ], [ 126.88853424, 37.53246367 ], [ 126.88853737, 37.53239246 ], [ 126.888544379999985, 37.53232535 ], [ 126.88854885, 37.53228267 ], [ 126.8885589, 37.53225599 ], [ 126.88856182, 37.53224823 ], [ 126.88856677, 37.5322351 ], [ 126.88862632999998, 37.53212436 ], [ 126.88873875, 37.53204502 ], [ 126.888813808275088, 37.531995699364202 ], [ 126.888813917313968, 37.531982337461301 ] ] ] } },
{ "type": "Feature", "properties": { "member_grid_ids": ["11470_01403", "11470_01440", "11470_01441"], "display_grid_id": "11470_00254", "gu_code": 11470, "gu_name": "양천구", "source_cell_count": 9, "area_m2": 12820.9, "mean_actual_lst": 35.6446, "mean_actual_anomaly": -2.8885, "seoul_anomaly": -1.5403, "pred_anomaly": -1.8908, "pred_anomaly_std": 1.0462, "green_delta_c": -0.5175, "building_ratio": 0.098, "green_ratio": 0.3296, "ndvi": 0.1411, "impervious_ratio": 0.1783, "built_surface_ratio": 0.1783, "avg_ground_floor_count": 0.0, "elevation_m": 10.0, "albedo": 0.1131, "nearest_park_distance_m": 94.8563, "park_area_within_500m": 276531.1015, "nearest_stream_distance_m": 10.1044, "est_population_density": 0.0, "dong_elderly_ratio": 0.1504, "dong_avg_age": 40.2, "dong_pop_density": 21798.5, "nearest_shelter_distance_m": 330.654, "shelter_count_within_500m": 4.1603, "est_population": 0.0, "est_elderly": 0.0, "shelter_capacity_within_500m": 404.0, "building_form_group": "low_floor_low_density", "dong_name": "목5동", "top1_feature": "elevation_m", "top1_shap": -0.4992, "top2_feature": "ndvi", "top2_shap": 0.3676, "top3_feature": "zoning_green_ratio", "top3_shap": -0.3598, "priority_score": 38.8977, "priority_rank": 266 }, "geometry": { "type": "MultiPolygon", "coordinates": [ [ [ [ 126.888813808275088, 37.531995699364202 ], [ 126.888833984912736, 37.53198244131832 ], [ 126.888813917313968, 37.531982337461301 ], [ 126.888813808275088, 37.531995699364202 ] ] ], [ [ [ 126.890145730639219, 37.534242593458835 ], [ 126.89014755, 37.53422892 ], [ 126.890152040000018, 37.53413889 ], [ 126.890153039999987, 37.53411866 ], [ 126.890153379999987, 37.5341118 ], [ 126.89015269, 37.53410584 ], [ 126.89015174, 37.53409788 ], [ 126.89014989, 37.53408223 ], [ 126.89013008, 37.53401729 ], [ 126.89011145000002, 37.53395631 ], [ 126.89007896, 37.53384986 ], [ 126.890036240000015, 37.5337099 ], [ 126.89002118, 37.53368173 ], [ 126.890007159999982, 37.53365554 ], [ 126.889968360000012, 37.53360435 ], [ 126.88993623, 37.53356199 ], [ 126.88988901, 37.53350056 ], [ 126.8898316, 37.5334259 ], [ 126.88982284, 37.53341804 ], [ 126.88981443, 37.53341047 ], [ 126.88980261, 37.53339998 ], [ 126.88979691, 37.533395659999989 ], [ 126.889780909999985, 37.53338591 ], [ 126.889768389999986, 37.53337853 ], [ 126.889733710000016, 37.53335831 ], [ 126.88966953, 37.53332088 ], [ 126.889648460000018, 37.53330859 ], [ 126.88954645, 37.5332514 ], [ 126.88946139, 37.53320959 ], [ 126.88935893999998, 37.53316387000001 ], [ 126.88922237, 37.53310124 ], [ 126.88918019, 37.53307876 ], [ 126.88898197, 37.53297319 ], [ 126.888806607227735, 37.532878114335766 ], [ 126.888795528591359, 37.534235612928036 ], [ 126.890145730639219, 37.534242593458835 ] ] ] ] } },
{ "type": "Feature", "properties": { "member_grid_ids": ["11470_01442", "11470_01443", "11470_01444", "11470_01481", "11470_01482", "11470_01483", "11470_01518", "11470_01519"], "display_grid_id": "11470_00255", "gu_code": 11470, "gu_name": "양천구", "source_cell_count": 9, "area_m2": 32974.57, "mean_actual_lst": 38.1665, "mean_actual_anomaly": -0.1451, "seoul_anomaly": 1.2031, "pred_anomaly": 0.7917, "pred_anomaly_std": 0.9863, "green_delta_c": -0.3738, "building_ratio": 0.232, "green_ratio": 0.3852, "ndvi": 0.2768, "impervious_ratio": 0.3827, "built_surface_ratio": 0.3827, "avg_ground_floor_count": 2.7341, "elevation_m": 38.6826, "albedo": 0.1484, "nearest_park_distance_m": 282.564, "park_area_within_500m": 52304.4608, "nearest_stream_distance_m": 4643.9377, "est_population_density": 6589.1682, "dong_elderly_ratio": 0.229, "dong_avg_age": 46.3, "dong_pop_density": 15773.2, "nearest_shelter_distance_m": 190.0417, "shelter_count_within_500m": 4.7182, "est_population": 217.3, "est_elderly": 49.7, "shelter_capacity_within_500m": 902.9, "building_form_group": "low_floor_low_density", "dong_name": "신월3동", "top1_feature": "green_ratio", "top1_shap": -0.4725, "top2_feature": "ndvi", "top2_shap": -0.2298, "top3_feature": "impervious_ratio", "top3_shap": 0.4056, "priority_score": 43.7752, "priority_rank": 217 }, "geometry": { "type": "Polygon", "coordinates": [ [ [ 126.823697174868229, 37.536134101501681 ], [ 126.823717523450057, 37.533880855602554 ], [ 126.822681067792701, 37.533874915458156 ], [ 126.822622670000015, 37.534201130000014 ], [ 126.82192165, 37.53482766 ], [ 126.82186773, 37.53490304 ], [ 126.821932610000019, 37.53505011 ], [ 126.822293752324157, 37.536126055603972 ], [ 126.823697174868229, 37.536134101501681 ] ] ] } },
{ "type": "Feature", "properties": { "member_grid_ids": ["11470_01444", "11470_01445", "11470_01446", "11470_01483", "11470_01484", "11470_01485", "11470_01520", "11470_01521"], "display_grid_id": "11470_00256", "gu_code": 11470, "gu_name": "양천구", "source_cell_count": 13, "area_m2": 62500.0, "mean_actual_lst": 40.3292, "mean_actual_anomaly": 1.8397, "seoul_anomaly": 3.188, "pred_anomaly": 2.4443, "pred_anomaly_std": 0.6477, "green_delta_c": -0.2215, "building_ratio": 0.3934, "green_ratio": 0.2799, "ndvi": 0.1314, "impervious_ratio": 0.3239, "built_surface_ratio": 0.3239, "avg_ground_floor_count": 3.5811, "elevation_m": 31.0774, "albedo": 0.1246, "nearest_park_distance_m": 114.3264, "park_area_within_500m": 93063.2068, "nearest_stream_distance_m": 4544.8004, "est_population_density": 23095.6, "dong_elderly_ratio": 0.229, "dong_avg_age": 46.3, "dong_pop_density": 15773.2, "nearest_shelter_distance_m": 114.1164, "shelter_count_within_500m": 6.4, "est_population": 1443.5, "est_elderly": 330.6, "shelter_capacity_within_500m": 1472.5, "building_form_group": "low_floor_high_density", "dong_name": "신월3동", "top1_feature": "building_ratio", "top1_shap": 0.925, "top2_feature": "ndvi", "top2_shap": 0.45, "top3_feature": "nearest_stream_distance_m", "top3_shap": -0.4371, "priority_score": 53.7824, "priority_rank": 143 }, "geometry": { "type": "Polygon", "coordinates": [ [ [ 126.823717523450057, 37.533880855602554 ], [ 126.823697174868229, 37.536134101501681 ], [ 126.82652671438116, 37.536150272688914 ], [ 126.826546977843577, 37.533897025481743 ], [ 126.823717523450057, 37.533880855602554 ] ] ] } },
{ "type": "Feature", "properties": { "member_grid_ids": ["11470_01447", "11470_01448", "11470_01449", "11470_01486", "11470_01487", "11470_01488", "11470_01522", "11470_01523", "11470_01524"], "display_grid_id": "11470_00257", "gu_code": 11470, "gu_name": "양천구", "source_cell_count": 12, "area_m2": 62500.0, "mean_actual_lst": 41.2615, "mean_actual_anomaly": 2.8732, "seoul_anomaly": 4.2214, "pred_anomaly": 2.9017, "pred_anomaly_std": 0.572, "green_delta_c": -0.1761, "building_ratio": 0.4009, "green_ratio": 0.2428, "ndvi": 0.0866, "impervious_ratio": 0.3161, "built_surface_ratio": 0.3161, "avg_ground_floor_count": 3.4508, "elevation_m": 23.5019, "albedo": 0.1179, "nearest_park_distance_m": 14.1584, "park_area_within_500m": 103240.1056, "nearest_stream_distance_m": 4393.4712, "est_population_density": 24160.4, "dong_elderly_ratio": 0.2271, "dong_avg_age": 46.22, "dong_pop_density": 19101.884, "nearest_shelter_distance_m": 120.6164, "shelter_count_within_500m": 10.04, "est_population": 1510.0, "est_elderly": 345.1, "shelter_capacity_within_500m": 2493.2, "building_form_group": "high_floor_high_density", "dong_name": "신월3동", "top1_feature": "building_ratio", "top1_shap": 0.9279, "top2_feature": "ndvi", "top2_shap": 0.6266, "top3_feature": "nearest_stream_distance_m", "top3_shap": -0.4571, "priority_score": 61.1599, "priority_rank": 80 }, "geometry": { "type": "Polygon", "coordinates": [ [ [ 126.826546977843577, 37.533897025481743 ], [ 126.82652671438116, 37.536150272688914 ], [ 126.829356256150774, 37.536166376085646 ], [ 126.82937643449354, 37.533913127575907 ], [ 126.826546977843577, 37.533897025481743 ] ] ] } },
{ "type": "Feature", "properties": { "member_grid_ids": ["11470_01449", "11470_01450", "11470_01451", "11470_01488", "11470_01489", "11470_01490", "11470_01525", "11470_01526"], "display_grid_id": "11470_00258", "gu_code": 11470, "gu_name": "양천구", "source_cell_count": 15, "area_m2": 62500.0, "mean_actual_lst": 40.921, "mean_actual_anomaly": 2.7128, "seoul_anomaly": 4.061, "pred_anomaly": 2.7833, "pred_anomaly_std": 0.4192, "green_delta_c": -0.2527, "building_ratio": 0.4053, "green_ratio": 0.2668, "ndvi": 0.108, "impervious_ratio": 0.2824, "built_surface_ratio": 0.2824, "avg_ground_floor_count": 3.348, "elevation_m": 20.5993, "albedo": 0.1177, "nearest_park_distance_m": 65.6968, "park_area_within_500m": 102107.8808, "nearest_stream_distance_m": 4252.4064, "est_population_density": 24022.0, "dong_elderly_ratio": 0.2358, "dong_avg_age": 47.18, "dong_pop_density": 31559.428, "nearest_shelter_distance_m": 204.314, "shelter_count_within_500m": 9.64, "est_population": 1501.4, "est_elderly": 354.2, "shelter_capacity_within_500m": 2461.3, "building_form_group": "low_floor_high_density", "dong_name": "신월1동", "top1_feature": "building_ratio", "top1_shap": 0.9892, "top2_feature": "ndvi", "top2_shap": 0.5884, "top3_feature": "nearest_stream_distance_m", "top3_shap": -0.4801, "priority_score": 68.1124, "priority_rank": 39 }, "geometry": { "type": "Polygon", "coordinates": [ [ [ 126.82937643449354, 37.533913127575907 ], [ 126.829356256150774, 37.536166376085646 ], [ 126.832185800167593, 37.53618241169174 ], [ 126.832205893390423, 37.533929161884906 ], [ 126.82937643449354, 37.533913127575907 ] ] ] } },
{ "type": "Feature", "properties": { "member_grid_ids": ["11470_01452", "11470_01453", "11470_01454", "11470_01491", "11470_01492", "11470_01493", "11470_01527", "11470_01528"], "display_grid_id": "11470_00259", "gu_code": 11470, "gu_name": "양천구", "source_cell_count": 11, "area_m2": 60846.54, "mean_actual_lst": 40.8044, "mean_actual_anomaly": 2.6115, "seoul_anomaly": 3.9597, "pred_anomaly": 2.7539, "pred_anomaly_std": 0.3923, "green_delta_c": -0.1614, "building_ratio": 0.4609, "green_ratio": 0.2832, "ndvi": 0.1019, "impervious_ratio": 0.2558, "built_surface_ratio": 0.2558, "avg_ground_floor_count": 3.2272, "elevation_m": 18.0865, "albedo": 0.1209, "nearest_park_distance_m": 284.1439, "park_area_within_500m": 53029.6361, "nearest_stream_distance_m": 4069.4126, "est_population_density": 26399.9355, "dong_elderly_ratio": 0.2372, "dong_avg_age": 47.3, "dong_pop_density": 31960.7, "nearest_shelter_distance_m": 290.7961, "shelter_count_within_500m": 6.397, "est_population": 1606.3, "est_elderly": 381.1, "shelter_capacity_within_500m": 1713.6, "building_form_group": "low_floor_high_density", "dong_name": "신월1동", "top1_feature": "building_ratio", "top1_shap": 1.0843, "top2_feature": "ndvi", "top2_shap": 0.608, "top3_feature": "nearest_stream_distance_m", "top3_shap": -0.4903, "priority_score": 66.1455, "priority_rank": 51 }, "geometry": { "type": "Polygon", "coordinates": [ [ [ 126.835035354524791, 37.533945128408568 ], [ 126.832205893390423, 37.533929161884906 ], [ 126.832185800167593, 37.53618241169174 ], [ 126.834567825154423, 37.536195858549888 ], [ 126.83497241, 37.53552667 ], [ 126.835022040234463, 37.535444570940605 ], [ 126.835035354524791, 37.533945128408568 ] ] ] } },
{ "type": "Feature", "properties": { "member_grid_ids": ["11470_01454", "11470_01455"], "display_grid_id": "11470_00260", "gu_code": 11470, "gu_name": "양천구", "source_cell_count": 4, "area_m2": 6572.08, "mean_actual_lst": 40.9221, "mean_actual_anomaly": 2.7332, "seoul_anomaly": 4.0815, "pred_anomaly": 2.7203, "pred_anomaly_std": 0.3918, "green_delta_c": -0.1416, "building_ratio": 0.4347, "green_ratio": 0.266, "ndvi": 0.088, "impervious_ratio": 0.2943, "built_surface_ratio": 0.2943, "avg_ground_floor_count": 3.9588, "elevation_m": 16.4732, "albedo": 0.128, "nearest_park_distance_m": 425.7638, "park_area_within_500m": 11498.9796, "nearest_stream_distance_m": 3963.5173, "est_population_density": 30887.5225, "dong_elderly_ratio": 0.2372, "dong_avg_age": 47.3, "dong_pop_density": 31960.7, "nearest_shelter_distance_m": 280.3952, "shelter_count_within_500m": 4.2939, "est_population": 203.0, "est_elderly": 48.2, "shelter_capacity_within_500m": 328.8, "building_form_group": "high_floor_high_density", "dong_name": "신월1동", "top1_feature": "building_ratio", "top1_shap": 1.0475, "top2_feature": "ndvi", "top2_shap": 0.5926, "top3_feature": "nearest_stream_distance_m", "top3_shap": -0.5349, "priority_score": 53.1556, "priority_rank": 145 }, "geometry": { "type": "Polygon", "coordinates": [ [ [ 126.835035354524791, 37.533945128408568 ], [ 126.835022040234463, 37.535444570940605 ], [ 126.83506692, 37.53537033 ], [ 126.83511145, 37.53529663 ], [ 126.835860389999979, 37.53406473 ], [ 126.835929997655427, 37.533950162732538 ], [ 126.835035354524791, 37.533945128408568 ] ] ] } },
{ "type": "Feature", "properties": { "member_grid_ids": ["11470_01456", "11470_01457", "11470_01458", "11470_01494", "11470_01495", "11470_01496", "11470_01530", "11470_01531", "11470_01532"], "display_grid_id": "11470_00261", "gu_code": 11470, "gu_name": "양천구", "source_cell_count": 13, "area_m2": 58265.81, "mean_actual_lst": 41.2382, "mean_actual_anomaly": 2.9585, "seoul_anomaly": 4.3067, "pred_anomaly": 3.0558, "pred_anomaly_std": 0.7696, "green_delta_c": -1.0963, "building_ratio": 0.4381, "green_ratio": 0.3006, "ndvi": 0.091, "impervious_ratio": 0.1508, "built_surface_ratio": 0.1508, "avg_ground_floor_count": 3.6636, "elevation_m": 27.6215, "albedo": 0.103, "nearest_park_distance_m": 175.5267, "park_area_within_500m": 91811.5247, "nearest_stream_distance_m": 1591.1796, "est_population_density": 28784.49, "dong_elderly_ratio": 0.154, "dong_avg_age": 42.1, "dong_pop_density": 41885.5, "nearest_shelter_distance_m": 291.0246, "shelter_count_within_500m": 11.7492, "est_population": 1677.2, "est_elderly": 258.3, "shelter_capacity_within_500m": 3846.8, "building_form_group": "high_floor_high_density", "dong_name": "목4동", "top1_feature": "building_ratio", "top1_shap": 1.4034, "top2_feature": "ndvi", "top2_shap": 0.7588, "top3_feature": "elevation_m", "top3_shap": 0.2116, "priority_score": 80.2594, "priority_rank": 1 }, "geometry": { "type": "Polygon", "coordinates": [ [ [ 126.86614050020151, 37.536369551233882 ], [ 126.866159571965028, 37.534116286289695 ], [ 126.863607705697817, 37.53410256183242 ], [ 126.863584769999989, 37.53437236 ], [ 126.8635214, 37.53509466 ], [ 126.86347715, 37.53559899 ], [ 126.86347613, 37.53561009 ], [ 126.8634757, 37.53561467 ], [ 126.86347427, 37.53562939 ], [ 126.86347373000001, 37.53563474 ], [ 126.86346718, 37.53570711 ], [ 126.863447530000016, 37.5359239 ], [ 126.86344174, 37.53601368 ], [ 126.8634398, 37.53610435 ], [ 126.86344118, 37.53617382 ], [ 126.863441580000014, 37.53619473 ], [ 126.863443930000017, 37.53623219 ], [ 126.863447249999979, 37.53628511 ], [ 126.863452974338685, 37.536355094894319 ], [ 126.86614050020151, 37.536369551233882 ] ] ] } },
{ "type": "Feature", "properties": { "member_grid_ids": ["11470_01459", "11470_01460", "11470_01461", "11470_01497", "11470_01498", "11470_01499", "11470_01533", "11470_01534", "11470_01535"], "display_grid_id": "11470_00262", "gu_code": 11470, "gu_name": "양천구", "source_cell_count": 14, "area_m2": 62500.0, "mean_actual_lst": 41.2026, "mean_actual_anomaly": 2.9229, "seoul_anomaly": 4.2711, "pred_anomaly": 2.9633, "pred_anomaly_std": 0.6269, "green_delta_c": -0.3382, "building_ratio": 0.3876, "green_ratio": 0.2592, "ndvi": 0.1069, "impervious_ratio": 0.2965, "built_surface_ratio": 0.2965, "avg_ground_floor_count": 4.9993, "elevation_m": 20.5713, "albedo": 0.0982, "nearest_park_distance_m": 178.8236, "park_area_within_500m": 219036.152, "nearest_stream_distance_m": 1393.332, "est_population_density": 34413.2, "dong_elderly_ratio": 0.154, "dong_avg_age": 42.1, "dong_pop_density": 41885.5, "nearest_shelter_distance_m": 189.902, "shelter_count_within_500m": 9.0, "est_population": 2150.8, "est_elderly": 331.1, "shelter_capacity_within_500m": 1646.3, "building_form_group": "high_floor_high_density", "dong_name": "목4동", "top1_feature": "building_ratio", "top1_shap": 1.0698, "top2_feature": "ndvi", "top2_shap": 0.5163, "top3_feature": "impervious_ratio", "top3_shap": 0.3729, "priority_score": 71.8732, "priority_rank": 20 }, "geometry": { "type": "Polygon", "coordinates": [ [ [ 126.866159571965028, 37.534116286289695 ], [ 126.86614050020151, 37.536369551233882 ], [ 126.868970072569496, 37.536384705546595 ], [ 126.868989059209753, 37.534131439376587 ], [ 126.866159571965028, 37.534116286289695 ] ] ] } },
{ "type": "Feature", "properties": { "member_grid_ids": ["11470_01461", "11470_01462", "11470_01463", "11470_01499", "11470_01500", "11470_01501", "11470_01536", "11470_01537"], "display_grid_id": "11470_00263", "gu_code": 11470, "gu_name": "양천구", "source_cell_count": 12, "area_m2": 62500.0, "mean_actual_lst": 39.2615, "mean_actual_anomaly": 0.8339, "seoul_anomaly": 2.1821, "pred_anomaly": 1.0745, "pred_anomaly_std": 0.7062, "green_delta_c": -0.2961, "building_ratio": 0.1899, "green_ratio": 0.276, "ndvi": 0.2303, "impervious_ratio": 0.4611, "built_surface_ratio": 0.4611, "avg_ground_floor_count": 8.9583, "elevation_m": 18.8465, "albedo": 0.1211, "nearest_park_distance_m": 20.838, "park_area_within_500m": 378458.5256, "nearest_stream_distance_m": 1206.2448, "est_population_density": 28685.2, "dong_elderly_ratio": 0.1523, "dong_avg_age": 41.188, "dong_pop_density": 32243.74, "nearest_shelter_distance_m": 125.6588, "shelter_count_within_500m": 8.68, "est_population": 1792.8, "est_elderly": 273.5, "shelter_capacity_within_500m": 1697.7, "building_form_group": "high_floor_low_density", "dong_name": "목4동", "top1_feature": "impervious_ratio", "top1_shap": 0.4281, "top2_feature": "built_surface_ratio", "top2_shap": 0.368, "top3_feature": "building_ratio", "top3_shap": 0.2427, "priority_score": 52.781, "priority_rank": 147 }, "geometry": { "type": "Polygon", "coordinates": [ [ [ 126.868989059209753, 37.534131439376587 ], [ 126.868970072569496, 37.536384705546595 ], [ 126.871799647052001, 37.536399792066376 ], [ 126.871818548568754, 37.534146524676054 ], [ 126.868989059209753, 37.534131439376587 ] ] ] } },
{ "type": "Feature", "properties": { "member_grid_ids": ["11470_01464", "11470_01465", "11470_01466", "11470_01502", "11470_01503", "11470_01504", "11470_01538", "11470_01539", "11470_01540"], "display_grid_id": "11470_00264", "gu_code": 11470, "gu_name": "양천구", "source_cell_count": 12, "area_m2": 62500.0, "mean_actual_lst": 39.2478, "mean_actual_anomaly": 0.6279, "seoul_anomaly": 1.9761, "pred_anomaly": 0.8651, "pred_anomaly_std": 0.714, "green_delta_c": -0.2001, "building_ratio": 0.1927, "green_ratio": 0.2401, "ndvi": 0.2521, "impervious_ratio": 0.5463, "built_surface_ratio": 0.5463, "avg_ground_floor_count": 7.781, "elevation_m": 17.6126, "albedo": 0.1259, "nearest_park_distance_m": 0.0, "park_area_within_500m": 583440.3844, "nearest_stream_distance_m": 1018.6628, "est_population_density": 25305.2, "dong_elderly_ratio": 0.1504, "dong_avg_age": 40.2, "dong_pop_density": 21798.5, "nearest_shelter_distance_m": 153.526, "shelter_count_within_500m": 7.52, "est_population": 1581.6, "est_elderly": 237.9, "shelter_capacity_within_500m": 1208.2, "building_form_group": "high_floor_low_density", "dong_name": "목5동", "top1_feature": "ndvi", "top1_shap": -0.4113, "top2_feature": "impervious_ratio", "top2_shap": 0.4577, "top3_feature": "built_surface_ratio", "top3_shap": 0.3199, "priority_score": 50.987, "priority_rank": 161 }, "geometry": { "type": "Polygon", "coordinates": [ [ [ 126.871818548568754, 37.534146524676054 ], [ 126.871799647052001, 37.536399792066376 ], [ 126.874629223639516, 37.536414810793097 ], [ 126.874648040032497, 37.534161542187924 ], [ 126.871818548568754, 37.534146524676054 ] ] ] } },
{ "type": "Feature", "properties": { "member_grid_ids": ["11470_01466", "11470_01467", "11470_01468", "11470_01504", "11470_01505", "11470_01506", "11470_01541", "11470_01542"], "display_grid_id": "11470_00265", "gu_code": 11470, "gu_name": "양천구", "source_cell_count": 13, "area_m2": 62500.0, "mean_actual_lst": 39.2985, "mean_actual_anomaly": 0.5538, "seoul_anomaly": 1.9021, "pred_anomaly": 1.5011, "pred_anomaly_std": 0.8351, "green_delta_c": -0.4229, "building_ratio": 0.1761, "green_ratio": 0.2199, "ndvi": 0.2532, "impervious_ratio": 0.6138, "built_surface_ratio": 0.6138, "avg_ground_floor_count": 6.6106, "elevation_m": 16.4838, "albedo": 0.1263, "nearest_park_distance_m": 0.0, "park_area_within_500m": 734337.082, "nearest_stream_distance_m": 878.094, "est_population_density": 14229.2, "dong_elderly_ratio": 0.1504, "dong_avg_age": 40.2, "dong_pop_density": 21798.5, "nearest_shelter_distance_m": 255.994, "shelter_count_within_500m": 5.52, "est_population": 889.3, "est_elderly": 133.8, "shelter_capacity_within_500m": 784.2, "building_form_group": "high_floor_low_density", "dong_name": "목5동", "top1_feature": "impervious_ratio", "top1_shap": 0.5655, "top2_feature": "green_ratio", "top2_shap": 0.3143, "top3_feature": "built_surface_ratio", "top3_shap": 0.3123, "priority_score": 60.9942, "priority_rank": 81 }, "geometry": { "type": "Polygon", "coordinates": [ [ [ 126.874648040032497, 37.534161542187924 ], [ 126.874629223639516, 37.536414810793097 ], [ 126.877458802322593, 37.536429761726588 ], [ 126.877477533591573, 37.534176491912056 ], [ 126.874648040032497, 37.534161542187924 ] ] ] } },
{ "type": "Feature", "properties": { "member_grid_ids": ["11470_01469", "11470_01470", "11470_01471", "11470_01507", "11470_01508", "11470_01509", "11470_01543", "11470_01544", "11470_01545"], "display_grid_id": "11470_00266", "gu_code": 11470, "gu_name": "양천구", "source_cell_count": 14, "area_m2": 62500.0, "mean_actual_lst": 39.8704, "mean_actual_anomaly": 1.0177, "seoul_anomaly": 2.3659, "pred_anomaly": 1.3122, "pred_anomaly_std": 0.7435, "green_delta_c": -0.2841, "building_ratio": 0.2649, "green_ratio": 0.2305, "ndvi": 0.1875, "impervious_ratio": 0.5235, "built_surface_ratio": 0.5235, "avg_ground_floor_count": 10.6794, "elevation_m": 22.9068, "albedo": 0.1078, "nearest_park_distance_m": 0.0, "park_area_within_500m": 781621.2556, "nearest_stream_distance_m": 755.856, "est_population_density": 15850.8, "dong_elderly_ratio": 0.1504, "dong_avg_age": 40.2, "dong_pop_density": 21798.5, "nearest_shelter_distance_m": 258.5584, "shelter_count_within_500m": 5.6, "est_population": 990.7, "est_elderly": 149.0, "shelter_capacity_within_500m": 954.5, "building_form_group": "high_floor_high_density", "dong_name": "목5동", "top1_feature": "impervious_ratio", "top1_shap": 0.4399, "top2_feature": "building_ratio", "top2_shap": 0.3406, "top3_feature": "avg_ground_floor_count", "top3_shap": -0.3345, "priority_score": 56.9885, "priority_rank": 122 }, "geometry": { "type": "Polygon", "coordinates": [ [ [ 126.877477533591573, 37.534176491912056 ], [ 126.877458802322593, 37.536429761726588 ], [ 126.880288383091738, 37.536444644866684 ], [ 126.880307029236491, 37.534191373848287 ], [ 126.877477533591573, 37.534176491912056 ] ] ] } },
{ "type": "Feature", "properties": { "member_grid_ids": ["11470_01471", "11470_01472", "11470_01473", "11470_01509", "11470_01510", "11470_01511", "11470_01546", "11470_01547"], "display_grid_id": "11470_00267", "gu_code": 11470, "gu_name": "양천구", "source_cell_count": 12, "area_m2": 62500.0, "mean_actual_lst": 39.3606, "mean_actual_anomaly": 0.508, "seoul_anomaly": 1.8562, "pred_anomaly": 1.2574, "pred_anomaly_std": 0.7672, "green_delta_c": -0.2468, "building_ratio": 0.227, "green_ratio": 0.2442, "ndvi": 0.2297, "impervious_ratio": 0.5411, "built_surface_ratio": 0.5411, "avg_ground_floor_count": 10.4366, "elevation_m": 20.921, "albedo": 0.1161, "nearest_park_distance_m": 0.0, "park_area_within_500m": 777880.574, "nearest_stream_distance_m": 609.0744, "est_population_density": 25295.6, "dong_elderly_ratio": 0.1504, "dong_avg_age": 40.2, "dong_pop_density": 21798.5, "nearest_shelter_distance_m": 153.4704, "shelter_count_within_500m": 4.56, "est_population": 1581.0, "est_elderly": 237.7, "shelter_capacity_within_500m": 801.0, "building_form_group": "high_floor_low_density", "dong_name": "목5동", "top1_feature": "impervious_ratio", "top1_shap": 0.4683, "top2_feature": "built_surface_ratio", "top2_shap": 0.341, "top3_feature": "building_ratio", "top3_shap": 0.2404, "priority_score": 51.83, "priority_rank": 157 }, "geometry": { "type": "Polygon", "coordinates": [ [ [ 126.880307029236491, 37.534191373848287 ], [ 126.880288383091738, 37.536444644866684 ], [ 126.883117965937487, 37.536459460213244 ], [ 126.883136526957742, 37.53420618799646 ], [ 126.880307029236491, 37.534191373848287 ] ] ] } },
{ "type": "Feature", "properties": { "member_grid_ids": ["11470_01474", "11470_01475", "11470_01476", "11470_01512", "11470_01513", "11470_01514", "11470_01548", "11470_01549", "11470_01550"], "display_grid_id": "11470_00268", "gu_code": 11470, "gu_name": "양천구", "source_cell_count": 13, "area_m2": 62500.0, "mean_actual_lst": 38.2064, "mean_actual_anomaly": -0.3984, "seoul_anomaly": 0.9498, "pred_anomaly": 0.5958, "pred_anomaly_std": 0.7363, "green_delta_c": -0.5386, "building_ratio": 0.1527, "green_ratio": 0.3511, "ndvi": 0.2947, "impervious_ratio": 0.3366, "built_surface_ratio": 0.3366, "avg_ground_floor_count": 10.5541, "elevation_m": 18.0178, "albedo": 0.1107, "nearest_park_distance_m": 0.0, "park_area_within_500m": 644440.694, "nearest_stream_distance_m": 375.6712, "est_population_density": 28364.0, "dong_elderly_ratio": 0.1504, "dong_avg_age": 40.2, "dong_pop_density": 21798.5, "nearest_shelter_distance_m": 217.2048, "shelter_count_within_500m": 4.0, "est_population": 1772.7, "est_elderly": 266.5, "shelter_capacity_within_500m": 718.7, "building_form_group": "high_floor_low_density", "dong_name": "목5동", "top1_feature": "ndvi", "top1_shap": -0.4438, "top2_feature": "impervious_ratio", "top2_shap": 0.3765, "top3_feature": "built_surface_ratio", "top3_shap": 0.1869, "priority_score": 58.6023, "priority_rank": 109 }, "geometry": { "type": "Polygon", "coordinates": [ [ [ 126.883136526957742, 37.53420618799646 ], [ 126.883117965937487, 37.536459460213244 ], [ 126.885947550850346, 37.536474207766126 ], [ 126.885966026745848, 37.534220934356426 ], [ 126.883136526957742, 37.53420618799646 ] ] ] } },
{ "type": "Feature", "properties": { "member_grid_ids": ["11470_01476", "11470_01477", "11470_01478", "11470_01514", "11470_01515", "11470_01516", "11470_01551", "11470_01552"], "display_grid_id": "11470_00269", "gu_code": 11470, "gu_name": "양천구", "source_cell_count": 14, "area_m2": 61890.65, "mean_actual_lst": 39.8165, "mean_actual_anomaly": 1.4498, "seoul_anomaly": 2.7981, "pred_anomaly": 1.3886, "pred_anomaly_std": 0.8199, "green_delta_c": -0.4001, "building_ratio": 0.2094, "green_ratio": 0.3199, "ndvi": 0.2579, "impervious_ratio": 0.4636, "built_surface_ratio": 0.4636, "avg_ground_floor_count": 4.6073, "elevation_m": 16.01, "albedo": 0.1317, "nearest_park_distance_m": 0.1298, "park_area_within_500m": 453864.4875, "nearest_stream_distance_m": 155.3413, "est_population_density": 19684.7173, "dong_elderly_ratio": 0.1504, "dong_avg_age": 40.2, "dong_pop_density": 21798.5, "nearest_shelter_distance_m": 356.3298, "shelter_count_within_500m": 2.1616, "est_population": 1218.3, "est_elderly": 183.2, "shelter_capacity_within_500m": 354.5, "building_form_group": "low_floor_low_density", "dong_name": "목5동", "top1_feature": "impervious_ratio", "top1_shap": 0.4543, "top2_feature": "ndvi", "top2_shap": -0.3241, "top3_feature": "building_ratio", "top3_shap": 0.3239, "priority_score": 63.0548, "priority_rank": 67 }, "geometry": { "type": "Polygon", "coordinates": [ [ [ 126.888795528591359, 37.534235612928036 ], [ 126.885966026745848, 37.534220934356426 ], [ 126.885947550850346, 37.536474207766126 ], [ 126.888441829622792, 37.536487151503977 ], [ 126.88858538, 37.53630732 ], [ 126.88870164, 37.53621854 ], [ 126.888779831794565, 37.536158832129253 ], [ 126.888795528591359, 37.534235612928036 ] ] ] } },
{ "type": "Feature", "properties": { "member_grid_ids": ["11470_01479", "11470_01480", "11470_01517", "11470_01553"], "display_grid_id": "11470_00270", "gu_code": 11470, "gu_name": "양천구", "source_cell_count": 6, "area_m2": 15691.04, "mean_actual_lst": 35.3471, "mean_actual_anomaly": -3.0725, "seoul_anomaly": -1.7243, "pred_anomaly": -2.216, "pred_anomaly_std": 0.7701, "green_delta_c": -1.8802, "building_ratio": 0.0, "green_ratio": 0.3513, "ndvi": 0.1305, "impervious_ratio": 0.1051, "built_surface_ratio": 0.1051, "avg_ground_floor_count": 0.0, "elevation_m": 10.0, "albedo": 0.1248, "nearest_park_distance_m": 57.6549, "park_area_within_500m": 325818.5653, "nearest_stream_distance_m": 5.8444, "est_population_density": 0.0, "dong_elderly_ratio": 0.1504, "dong_avg_age": 40.201, "dong_pop_density": 21724.9076, "nearest_shelter_distance_m": 409.6632, "shelter_count_within_500m": 5.6657, "est_population": 0.0, "est_elderly": 0.0, "shelter_capacity_within_500m": 574.0, "building_form_group": "no_building", "dong_name": "목5동", "top1_feature": "building_ratio", "top1_shap": -1.6254, "top2_feature": "ndvi", "top2_shap": 0.4943, "top3_feature": "built_surface_ratio", "top3_shap": -0.4506, "priority_score": 43.6383, "priority_rank": 219 }, "geometry": { "type": "Polygon", "coordinates": [ [ [ 126.888795528591359, 37.534235612928036 ], [ 126.888779831794565, 37.536158832129253 ], [ 126.88881848, 37.53612932 ], [ 126.889103530000014, 37.53585908 ], [ 126.8894304, 37.53553698 ], [ 126.889636420000016, 37.53529789 ], [ 126.88970522000001, 37.53519743 ], [ 126.88971907, 37.53517718 ], [ 126.889742070000011, 37.53514361 ], [ 126.889920860000018, 37.53486052 ], [ 126.889968700000011, 37.53476301 ], [ 126.88998743, 37.53472483 ], [ 126.889995690000021, 37.53470799 ], [ 126.890128059999981, 37.5343756 ], [ 126.89013798000002, 37.53430096 ], [ 126.89014294, 37.53426369 ], [ 126.890144330000012, 37.53425312 ], [ 126.890145730639219, 37.534242593458835 ], [ 126.888795528591359, 37.534235612928036 ] ] ] } },
{ "type": "Feature", "properties": { "member_grid_ids": ["11470_01518", "11470_01519", "11470_01554", "11470_01555", "11470_01589", "11470_01590"], "display_grid_id": "11470_00271", "gu_code": 11470, "gu_name": "양천구", "source_cell_count": 8, "area_m2": 29974.84, "mean_actual_lst": 39.3586, "mean_actual_anomaly": 1.2674, "seoul_anomaly": 2.6156, "pred_anomaly": 1.916, "pred_anomaly_std": 1.0565, "green_delta_c": -0.4993, "building_ratio": 0.1977, "green_ratio": 0.3168, "ndvi": 0.2085, "impervious_ratio": 0.428, "built_surface_ratio": 0.428, "avg_ground_floor_count": 2.8439, "elevation_m": 40.8443, "albedo": 0.1613, "nearest_park_distance_m": 276.4766, "park_area_within_500m": 50886.0752, "nearest_stream_distance_m": 4447.8168, "est_population_density": 4241.0674, "dong_elderly_ratio": 0.229, "dong_avg_age": 46.3, "dong_pop_density": 15773.2, "nearest_shelter_distance_m": 348.721, "shelter_count_within_500m": 4.8378, "est_population": 127.1, "est_elderly": 29.1, "shelter_capacity_within_500m": 657.6, "building_form_group": "low_floor_low_density", "dong_name": "신월3동", "top1_feature": "ndvi", "top1_shap": 0.0777, "top2_feature": "impervious_ratio", "top2_shap": 0.4876, "top3_feature": "green_ratio", "top3_shap": -0.1842, "priority_score": 59.5821, "priority_rank": 97 }, "geometry": { "type": "Polygon", "coordinates": [ [ [ 126.823676824020254, 37.538387346529447 ], [ 126.823697174868229, 37.536134101501681 ], [ 126.822293752324157, 37.536126055603972 ], [ 126.822433750000016, 37.53654314 ], [ 126.82234166, 37.53697998 ], [ 126.82234093000001, 37.53699237 ], [ 126.82233559, 37.5374499 ], [ 126.82232155, 37.53792402 ], [ 126.822151138672524, 37.538378598458458 ], [ 126.823676824020254, 37.538387346529447 ] ] ] } },
{ "type": "Feature", "properties": { "member_grid_ids": ["11470_01520", "11470_01521", "11470_01555", "11470_01556", "11470_01557", "11470_01590", "11470_01591", "11470_01592"], "display_grid_id": "11470_00272", "gu_code": 11470, "gu_name": "양천구", "source_cell_count": 14, "area_m2": 62500.0, "mean_actual_lst": 39.652, "mean_actual_anomaly": 1.5685, "seoul_anomaly": 2.9168, "pred_anomaly": 2.4946, "pred_anomaly_std": 0.9009, "green_delta_c": -0.4762, "building_ratio": 0.2693, "green_ratio": 0.2508, "ndvi": 0.1571, "impervious_ratio": 0.4554, "built_surface_ratio": 0.4554, "avg_ground_floor_count": 3.7181, "elevation_m": 35.2446, "albedo": 0.1754, "nearest_park_distance_m": 117.6232, "park_area_within_500m": 85239.7236, "nearest_stream_distance_m": 4350.2012, "est_population_density": 10358.8, "dong_elderly_ratio": 0.229, "dong_avg_age": 46.3, "dong_pop_density": 15773.2, "nearest_shelter_distance_m": 219.3308, "shelter_count_within_500m": 6.48, "est_population": 647.4, "est_elderly": 148.2, "shelter_capacity_within_500m": 1502.0, "building_form_group": "low_floor_high_density", "dong_name": "신월3동", "top1_feature": "building_ratio", "top1_shap": 0.4893, "top2_feature": "impervious_ratio", "top2_shap": 0.3864, "top3_feature": "ndvi", "top3_shap": 0.3217, "priority_score": 64.4236, "priority_rank": 62 }, "geometry": { "type": "Polygon", "coordinates": [ [ [ 126.823697174868229, 37.536134101501681 ], [ 126.823676824020254, 37.538387346529447 ], [ 126.826506448662045, 37.538403519024826 ], [ 126.82652671438116, 37.536150272688914 ], [ 126.823697174868229, 37.536134101501681 ] ] ] } },
{ "type": "Feature", "properties": { "member_grid_ids": ["11470_01522", "11470_01523", "11470_01524", "11470_01558", "11470_01559", "11470_01560", "11470_01593", "11470_01594", "11470_01595"], "display_grid_id": "11470_00273", "gu_code": 11470, "gu_name": "양천구", "source_cell_count": 14, "area_m2": 62500.0, "mean_actual_lst": 40.392, "mean_actual_anomaly": 2.1064, "seoul_anomaly": 3.4546, "pred_anomaly": 2.623, "pred_anomaly_std": 0.5769, "green_delta_c": -0.2021, "building_ratio": 0.337, "green_ratio": 0.2546, "ndvi": 0.1065, "impervious_ratio": 0.3565, "built_surface_ratio": 0.3565, "avg_ground_floor_count": 4.3266, "elevation_m": 22.3008, "albedo": 0.1197, "nearest_park_distance_m": 21.1968, "park_area_within_500m": 97427.768, "nearest_stream_distance_m": 4198.0688, "est_population_density": 25966.0, "dong_elderly_ratio": 0.2089, "dong_avg_age": 44.78, "dong_pop_density": 20451.532, "nearest_shelter_distance_m": 165.2228, "shelter_count_within_500m": 8.2, "est_population": 1622.9, "est_elderly": 340.5, "shelter_capacity_within_500m": 1913.3, "building_form_group": "high_floor_high_density", "dong_name": "신월5동", "top1_feature": "building_ratio", "top1_shap": 0.724, "top2_feature": "ndvi", "top2_shap": 0.5918, "top3_feature": "nearest_stream_distance_m", "top3_shap": -0.3115, "priority_score": 60.5187, "priority_rank": 83 }, "geometry": { "type": "Polygon", "coordinates": [ [ [ 126.82652671438116, 37.536150272688914 ], [ 126.826506448662045, 37.538403519024826 ], [ 126.829336075560789, 37.538419623724195 ], [ 126.829356256150774, 37.536166376085646 ], [ 126.82652671438116, 37.536150272688914 ] ] ] } },
{ "type": "Feature", "properties": { "member_grid_ids": ["11470_01525", "11470_01526", "11470_01560", "11470_01561", "11470_01562", "11470_01595", "11470_01596", "11470_01597"], "display_grid_id": "11470_00274", "gu_code": 11470, "gu_name": "양천구", "source_cell_count": 15, "area_m2": 62500.0, "mean_actual_lst": 41.0017, "mean_actual_anomaly": 2.7515, "seoul_anomaly": 4.0997, "pred_anomaly": 2.7386, "pred_anomaly_std": 0.4379, "green_delta_c": -0.242, "building_ratio": 0.46, "green_ratio": 0.2838, "ndvi": 0.1154, "impervious_ratio": 0.2768, "built_surface_ratio": 0.2768, "avg_ground_floor_count": 3.3143, "elevation_m": 20.1011, "albedo": 0.1098, "nearest_park_distance_m": 80.0232, "park_area_within_500m": 95859.484, "nearest_stream_distance_m": 4059.1272, "est_population_density": 27397.2, "dong_elderly_ratio": 0.2081, "dong_avg_age": 44.78, "dong_pop_density": 23533.988, "nearest_shelter_distance_m": 156.1796, "shelter_count_within_500m": 7.64, "est_population": 1712.3, "est_elderly": 357.4, "shelter_capacity_within_500m": 1796.3, "building_form_group": "low_floor_high_density", "dong_name": "신월5동", "top1_feature": "building_ratio", "top1_shap": 1.1163, "top2_feature": "ndvi", "top2_shap": 0.5757, "top3_feature": "nearest_stream_distance_m", "top3_shap": -0.5586, "priority_score": 64.7262, "priority_rank": 61 }, "geometry": { "type": "Polygon", "coordinates": [ [ [ 126.829356256150774, 37.536166376085646 ], [ 126.829336075560789, 37.538419623724195 ], [ 126.832165704707009, 37.538435660627457 ], [ 126.832185800167593, 37.53618241169174 ], [ 126.829356256150774, 37.536166376085646 ] ] ] } },
{ "type": "Feature", "properties": { "member_grid_ids": ["11470_01527", "11470_01528", "11470_01529", "11470_01563", "11470_01564", "11470_01565", "11470_01598", "11470_01599", "11470_01600"], "display_grid_id": "11470_00275", "gu_code": 11470, "gu_name": "양천구", "source_cell_count": 14, "area_m2": 59192.82, "mean_actual_lst": 40.8594, "mean_actual_anomaly": 2.5242, "seoul_anomaly": 3.8725, "pred_anomaly": 2.8096, "pred_anomaly_std": 0.4854, "green_delta_c": -0.2401, "building_ratio": 0.3898, "green_ratio": 0.2421, "ndvi": 0.0966, "impervious_ratio": 0.3684, "built_surface_ratio": 0.3684, "avg_ground_floor_count": 3.7772, "elevation_m": 18.9144, "albedo": 0.1174, "nearest_park_distance_m": 264.0039, "park_area_within_500m": 45482.2971, "nearest_stream_distance_m": 3912.3504, "est_population_density": 25376.1558, "dong_elderly_ratio": 0.2073, "dong_avg_age": 44.7827, "dong_pop_density": 25015.1684, "nearest_shelter_distance_m": 225.684, "shelter_count_within_500m": 3.5241, "est_population": 1502.1, "est_elderly": 310.2, "shelter_capacity_within_500m": 877.2, "building_form_group": "low_floor_high_density", "dong_name": "신월5동", "top1_feature": "building_ratio", "top1_shap": 0.9221, "top2_feature": "ndvi", "top2_shap": 0.5781, "top3_feature": "nearest_stream_distance_m", "top3_shap": -0.354, "priority_score": 67.0461, "priority_rank": 46 }, "geometry": { "type": "Polygon", "coordinates": [ [ [ 126.835011019228375, 37.536685661668095 ], [ 126.83500177, 37.53668203 ], [ 126.834839370000012, 37.53661959 ], [ 126.83476474, 37.53659093 ], [ 126.83441251, 37.53645567 ], [ 126.83441548, 37.5364507 ], [ 126.8345378, 37.53624552 ], [ 126.834567825154423, 37.536195858549888 ], [ 126.832185800167593, 37.53618241169174 ], [ 126.832165704707009, 37.538435660627457 ], [ 126.834594072962432, 37.538449369320382 ], [ 126.835001211382192, 37.53779007254883 ], [ 126.835011019228375, 37.536685661668095 ] ] ] } },
{ "type": "Feature", "properties": { "member_grid_ids": ["11470_01565"], "display_grid_id": "11470_00276", "gu_code": 11470, "gu_name": "양천구", "source_cell_count": 2, "area_m2": 1536.47, "mean_actual_lst": 40.6382, "mean_actual_anomaly": 2.2059, "seoul_anomaly": 3.5541, "pred_anomaly": 2.8781, "pred_anomaly_std": 0.6234, "green_delta_c": -0.1914, "building_ratio": 0.2929, "green_ratio": 0.2103, "ndvi": 0.0714, "impervious_ratio": 0.4578, "built_surface_ratio": 0.4578, "avg_ground_floor_count": 5.2192, "elevation_m": 17.5025, "albedo": 0.1147, "nearest_park_distance_m": 365.8352, "park_area_within_500m": 14299.7744, "nearest_stream_distance_m": 3852.6927, "est_population_density": 26471.8675, "dong_elderly_ratio": 0.2001, "dong_avg_age": 44.211, "dong_pop_density": 24251.0892, "nearest_shelter_distance_m": 318.6209, "shelter_count_within_500m": 3.0, "est_population": 40.7, "est_elderly": 8.1, "shelter_capacity_within_500m": 25.4, "building_form_group": "high_floor_high_density", "dong_name": "신월5동", "top1_feature": "building_ratio", "top1_shap": 0.6958, "top2_feature": "ndvi", "top2_shap": 0.6702, "top3_feature": "impervious_ratio", "top3_shap": 0.4184, "priority_score": 54.0634, "priority_rank": 140 }, "geometry": { "type": "Polygon", "coordinates": [ [ [ 126.835001211382192, 37.53779007254883 ], [ 126.83514233, 37.53756155 ], [ 126.83516022, 37.53753257 ], [ 126.83516722, 37.5374895 ], [ 126.83517948, 37.5374057 ], [ 126.8352051, 37.53723052 ], [ 126.835210810000021, 37.53712494 ], [ 126.835175030000016, 37.53700185 ], [ 126.835152679999979, 37.53687568 ], [ 126.83514796, 37.5368681 ], [ 126.835138390000012, 37.53685267 ], [ 126.83512959, 37.53683848 ], [ 126.83512608, 37.53682043 ], [ 126.83510862, 37.5367309 ], [ 126.835105619999979, 37.53672695 ], [ 126.83509822000002, 37.5367199 ], [ 126.835043920000018, 37.53669858 ], [ 126.835011019228375, 37.536685661668095 ], [ 126.835001211382192, 37.53779007254883 ] ] ] } },
{ "type": "Feature", "properties": { "member_grid_ids": ["11470_01530", "11470_01531", "11470_01532", "11470_01566", "11470_01567", "11470_01568", "11470_01601", "11470_01602", "11470_01603"], "display_grid_id": "11470_00277", "gu_code": 11470, "gu_name": "양천구", "source_cell_count": 15, "area_m2": 57105.55, "mean_actual_lst": 41.2204, "mean_actual_anomaly": 2.9406, "seoul_anomaly": 4.2889, "pred_anomaly": 3.0035, "pred_anomaly_std": 0.7386, "green_delta_c": -0.5303, "building_ratio": 0.4125, "green_ratio": 0.2913, "ndvi": 0.1151, "impervious_ratio": 0.2335, "built_surface_ratio": 0.2335, "avg_ground_floor_count": 4.6, "elevation_m": 21.5329, "albedo": 0.0951, "nearest_park_distance_m": 404.4104, "park_area_within_500m": 15900.0123, "nearest_stream_distance_m": 1712.404, "est_population_density": 32733.2202, "dong_elderly_ratio": 0.154, "dong_avg_age": 42.1, "dong_pop_density": 41885.5, "nearest_shelter_distance_m": 128.4802, "shelter_count_within_500m": 11.4032, "est_population": 1869.2, "est_elderly": 287.9, "shelter_capacity_within_500m": 2961.2, "building_form_group": "high_floor_high_density", "dong_name": "목4동", "top1_feature": "building_ratio", "top1_shap": 1.1696, "top2_feature": "ndvi", "top2_shap": 0.6003, "top3_feature": "impervious_ratio", "top3_shap": 0.2017, "priority_score": 69.9856, "priority_rank": 27 }, "geometry": { "type": "Polygon", "coordinates": [ [ [ 126.866121426313995, 37.53862281530786 ], [ 126.86614050020151, 37.536369551233882 ], [ 126.863452974338685, 37.536355094894319 ], [ 126.86346638000002, 37.53651899 ], [ 126.86349462, 37.53686405 ], [ 126.86349861, 37.53691206 ], [ 126.863499100000013, 37.53691802 ], [ 126.86358343000002, 37.53794255 ], [ 126.863638428888564, 37.538609460609976 ], [ 126.866121426313995, 37.53862281530786 ] ] ] } },
{ "type": "Feature", "properties": { "member_grid_ids": ["11470_01533", "11470_01534", "11470_01535", "11470_01569", "11470_01570", "11470_01571", "11470_01604", "11470_01605", "11470_01606"], "display_grid_id": "11470_00278", "gu_code": 11470, "gu_name": "양천구", "source_cell_count": 13, "area_m2": 62500.0, "mean_actual_lst": 41.8643, "mean_actual_anomaly": 3.5846, "seoul_anomaly": 4.9328, "pred_anomaly": 3.0203, "pred_anomaly_std": 0.5824, "green_delta_c": -0.5345, "building_ratio": 0.4145, "green_ratio": 0.2836, "ndvi": 0.1052, "impervious_ratio": 0.2519, "built_surface_ratio": 0.2519, "avg_ground_floor_count": 4.1036, "elevation_m": 17.3624, "albedo": 0.1058, "nearest_park_distance_m": 306.246, "park_area_within_500m": 89884.1032, "nearest_stream_distance_m": 1523.7536, "est_population_density": 30050.8, "dong_elderly_ratio": 0.154, "dong_avg_age": 42.1, "dong_pop_density": 41885.5, "nearest_shelter_distance_m": 116.3732, "shelter_count_within_500m": 11.88, "est_population": 1878.2, "est_elderly": 289.2, "shelter_capacity_within_500m": 1963.8, "building_form_group": "high_floor_high_density", "dong_name": "목4동", "top1_feature": "building_ratio", "top1_shap": 1.1007, "top2_feature": "ndvi", "top2_shap": 0.6357, "top3_feature": "impervious_ratio", "top3_shap": 0.3305, "priority_score": 70.6628, "priority_rank": 24 }, "geometry": { "type": "Polygon", "coordinates": [ [ [ 126.86614050020151, 37.536369551233882 ], [ 126.866121426313995, 37.53862281530786 ], [ 126.868951083814736, 37.538637970846445 ], [ 126.868970072569496, 37.536384705546595 ], [ 126.86614050020151, 37.536369551233882 ] ] ] } },
{ "type": "Feature", "properties": { "member_grid_ids": ["11470_01536", "11470_01537", "11470_01571", "11470_01572", "11470_01573", "11470_01606", "11470_01607", "11470_01608"], "display_grid_id": "11470_00279", "gu_code": 11470, "gu_name": "양천구", "source_cell_count": 16, "area_m2": 62500.0, "mean_actual_lst": 40.8363, "mean_actual_anomaly": 2.527, "seoul_anomaly": 3.8752, "pred_anomaly": 2.2173, "pred_anomaly_std": 0.6679, "green_delta_c": -0.4995, "building_ratio": 0.3213, "green_ratio": 0.2617, "ndvi": 0.1546, "impervious_ratio": 0.3773, "built_surface_ratio": 0.3773, "avg_ground_floor_count": 6.6918, "elevation_m": 24.2273, "albedo": 0.1114, "nearest_park_distance_m": 130.206, "park_area_within_500m": 245736.4464, "nearest_stream_distance_m": 1345.4536, "est_population_density": 36199.6, "dong_elderly_ratio": 0.154, "dong_avg_age": 42.1, "dong_pop_density": 41885.5, "nearest_shelter_distance_m": 120.4052, "shelter_count_within_500m": 9.96, "est_population": 2262.5, "est_elderly": 348.5, "shelter_capacity_within_500m": 1643.3, "building_form_group": "high_floor_high_density", "dong_name": "목4동", "top1_feature": "building_ratio", "top1_shap": 0.7719, "top2_feature": "impervious_ratio", "top2_shap": 0.3144, "top3_feature": "ndvi", "top3_shap": 0.2305, "priority_score": 71.8876, "priority_rank": 19 }, "geometry": { "type": "Polygon", "coordinates": [ [ [ 126.868970072569496, 37.536384705546595 ], [ 126.868951083814736, 37.538637970846445 ], [ 126.871780743430222, 37.538653058586632 ], [ 126.871799647052001, 37.536399792066376 ], [ 126.868970072569496, 37.536384705546595 ] ] ] } },
{ "type": "Feature", "properties": { "member_grid_ids": ["11470_01538", "11470_01539", "11470_01540", "11470_01574", "11470_01575", "11470_01576", "11470_01609", "11470_01610", "11470_01611"], "display_grid_id": "11470_00280", "gu_code": 11470, "gu_name": "양천구", "source_cell_count": 10, "area_m2": 62500.0, "mean_actual_lst": 38.2585, "mean_actual_anomaly": -0.0806, "seoul_anomaly": 1.2677, "pred_anomaly": 0.6414, "pred_anomaly_std": 0.715, "green_delta_c": -0.2448, "building_ratio": 0.1835, "green_ratio": 0.2799, "ndvi": 0.2458, "impervious_ratio": 0.4059, "built_surface_ratio": 0.4059, "avg_ground_floor_count": 9.5058, "elevation_m": 17.5347, "albedo": 0.118, "nearest_park_distance_m": 8.9696, "park_area_within_500m": 450073.8012, "nearest_stream_distance_m": 1161.4404, "est_population_density": 29857.2, "dong_elderly_ratio": 0.1522, "dong_avg_age": 40.6, "dong_pop_density": 22760.932, "nearest_shelter_distance_m": 115.1916, "shelter_count_within_500m": 8.96, "est_population": 1866.1, "est_elderly": 286.3, "shelter_capacity_within_500m": 1582.2, "building_form_group": "high_floor_low_density", "dong_name": "목5동", "top1_feature": "impervious_ratio", "top1_shap": 0.4021, "top2_feature": "built_surface_ratio", "top2_shap": 0.3314, "top3_feature": "ndvi", "top3_shap": -0.1992, "priority_score": 44.719, "priority_rank": 208 }, "geometry": { "type": "Polygon", "coordinates": [ [ [ 126.871799647052001, 37.536399792066376 ], [ 126.871780743430222, 37.538653058586632 ], [ 126.874610405150989, 37.538668078528261 ], [ 126.874629223639516, 37.536414810793097 ], [ 126.871799647052001, 37.536399792066376 ] ] ] } },
{ "type": "Feature", "properties": { "member_grid_ids": ["11470_01541", "11470_01542", "11470_01576", "11470_01577", "11470_01578", "11470_01611", "11470_01612", "11470_01613"], "display_grid_id": "11470_00281", "gu_code": 11470, "gu_name": "양천구", "source_cell_count": 14, "area_m2": 62500.0, "mean_actual_lst": 38.8111, "mean_actual_anomaly": 0.1539, "seoul_anomaly": 1.5021, "pred_anomaly": 0.9204, "pred_anomaly_std": 0.7844, "green_delta_c": -0.2011, "building_ratio": 0.2144, "green_ratio": 0.2428, "ndvi": 0.2746, "impervious_ratio": 0.5589, "built_surface_ratio": 0.5589, "avg_ground_floor_count": 6.6786, "elevation_m": 16.9338, "albedo": 0.1181, "nearest_park_distance_m": 0.0, "park_area_within_500m": 614199.6748, "nearest_stream_distance_m": 973.2572, "est_population_density": 24107.6, "dong_elderly_ratio": 0.1504, "dong_avg_age": 40.2, "dong_pop_density": 21798.5, "nearest_shelter_distance_m": 112.2788, "shelter_count_within_500m": 6.32, "est_population": 1506.7, "est_elderly": 226.6, "shelter_capacity_within_500m": 1208.2, "building_form_group": "high_floor_low_density", "dong_name": "목5동", "top1_feature": "ndvi", "top1_shap": -0.6046, "top2_feature": "impervious_ratio", "top2_shap": 0.4767, "top3_feature": "built_surface_ratio", "top3_shap": 0.3268, "priority_score": 44.2579, "priority_rank": 214 }, "geometry": { "type": "Polygon", "coordinates": [ [ [ 126.874629223639516, 37.536414810793097 ], [ 126.874610405150989, 37.538668078528261 ], [ 126.877440068967559, 37.538683030671173 ], [ 126.877458802322593, 37.536429761726588 ], [ 126.874629223639516, 37.536414810793097 ] ] ] } },
{ "type": "Feature", "properties": { "member_grid_ids": ["11470_01543", "11470_01544", "11470_01545", "11470_01579", "11470_01580", "11470_01581", "11470_01614", "11470_01615", "11470_01616"], "display_grid_id": "11470_00282", "gu_code": 11470, "gu_name": "양천구", "source_cell_count": 15, "area_m2": 62500.0, "mean_actual_lst": 39.6102, "mean_actual_anomaly": 0.7575, "seoul_anomaly": 2.1058, "pred_anomaly": 1.2707, "pred_anomaly_std": 0.8113, "green_delta_c": -0.2557, "building_ratio": 0.2288, "green_ratio": 0.2441, "ndvi": 0.2312, "impervious_ratio": 0.5274, "built_surface_ratio": 0.5274, "avg_ground_floor_count": 7.1698, "elevation_m": 16.11, "albedo": 0.1083, "nearest_park_distance_m": 0.0, "park_area_within_500m": 714552.5308, "nearest_stream_distance_m": 743.3912, "est_population_density": 20182.0, "dong_elderly_ratio": 0.1504, "dong_avg_age": 40.2, "dong_pop_density": 21798.5, "nearest_shelter_distance_m": 199.136, "shelter_count_within_500m": 5.76, "est_population": 1261.4, "est_elderly": 189.7, "shelter_capacity_within_500m": 1135.0, "building_form_group": "high_floor_low_density", "dong_name": "목5동", "top1_feature": "impervious_ratio", "top1_shap": 0.4345, "top2_feature": "ndvi", "top2_shap": -0.3361, "top3_feature": "building_ratio", "top3_shap": 0.2575, "priority_score": 53.8112, "priority_rank": 142 }, "geometry": { "type": "Polygon", "coordinates": [ [ [ 126.877458802322593, 37.536429761726588 ], [ 126.877440068967559, 37.538683030671173 ], [ 126.880269734870438, 37.53869791501522 ], [ 126.880288383091738, 37.536444644866684 ], [ 126.877458802322593, 37.536429761726588 ] ] ] } },
{ "type": "Feature", "properties": { "member_grid_ids": ["11470_01546", "11470_01547", "11470_01581", "11470_01582", "11470_01583", "11470_01616", "11470_01617", "11470_01618"], "display_grid_id": "11470_00283", "gu_code": 11470, "gu_name": "양천구", "source_cell_count": 15, "area_m2": 62500.0, "mean_actual_lst": 38.7245, "mean_actual_anomaly": -0.0616, "seoul_anomaly": 1.2866, "pred_anomaly": 1.3222, "pred_anomaly_std": 0.7635, "green_delta_c": -0.2007, "building_ratio": 0.2263, "green_ratio": 0.2256, "ndvi": 0.2066, "impervious_ratio": 0.5582, "built_surface_ratio": 0.5582, "avg_ground_floor_count": 10.5311, "elevation_m": 19.5617, "albedo": 0.1191, "nearest_park_distance_m": 0.0, "park_area_within_500m": 707101.574, "nearest_stream_distance_m": 522.696, "est_population_density": 15780.4, "dong_elderly_ratio": 0.1504, "dong_avg_age": 40.2, "dong_pop_density": 21798.5, "nearest_shelter_distance_m": 104.0656, "shelter_count_within_500m": 5.36, "est_population": 986.3, "est_elderly": 148.4, "shelter_capacity_within_500m": 1008.5, "building_form_group": "high_floor_high_density", "dong_name": "목5동", "top1_feature": "impervious_ratio", "top1_shap": 0.482, "top2_feature": "built_surface_ratio", "top2_shap": 0.3204, "top3_feature": "building_ratio", "top3_shap": 0.2728, "priority_score": 39.8559, "priority_rank": 260 }, "geometry": { "type": "Polygon", "coordinates": [ [ [ 126.880288383091738, 37.536444644866684 ], [ 126.880269734870438, 37.53869791501522 ], [ 126.883099402850135, 37.538712731560246 ], [ 126.883117965937487, 37.536459460213244 ], [ 126.880288383091738, 37.536444644866684 ] ] ] } },
{ "type": "Feature", "properties": { "member_grid_ids": ["11470_01548", "11470_01549", "11470_01550", "11470_01584", "11470_01585", "11470_01586", "11470_01619", "11470_01620", "11470_01621"], "display_grid_id": "11470_00284", "gu_code": 11470, "gu_name": "양천구", "source_cell_count": 12, "area_m2": 62500.0, "mean_actual_lst": 40.0827, "mean_actual_anomaly": 1.4815, "seoul_anomaly": 2.8298, "pred_anomaly": 1.6818, "pred_anomaly_std": 0.8283, "green_delta_c": -0.3754, "building_ratio": 0.1954, "green_ratio": 0.273, "ndvi": 0.2126, "impervious_ratio": 0.455, "built_surface_ratio": 0.455, "avg_ground_floor_count": 5.6733, "elevation_m": 15.4453, "albedo": 0.1231, "nearest_park_distance_m": 0.0, "park_area_within_500m": 568406.214, "nearest_stream_distance_m": 283.0776, "est_population_density": 10996.0, "dong_elderly_ratio": 0.1504, "dong_avg_age": 40.2, "dong_pop_density": 21798.5, "nearest_shelter_distance_m": 267.884, "shelter_count_within_500m": 3.84, "est_population": 687.3, "est_elderly": 103.3, "shelter_capacity_within_500m": 704.7, "building_form_group": "high_floor_low_density", "dong_name": "목5동", "top1_feature": "impervious_ratio", "top1_shap": 0.4878, "top2_feature": "built_surface_ratio", "top2_shap": 0.3747, "top3_feature": "ndvi", "top3_shap": -0.0006, "priority_score": 58.9914, "priority_rank": 104 }, "geometry": { "type": "Polygon", "coordinates": [ [ [ 126.883117965937487, 37.536459460213244 ], [ 126.883099402850135, 37.538712731560246 ], [ 126.885929072897227, 37.538727480306108 ], [ 126.885947550850346, 37.536474207766126 ], [ 126.883117965937487, 37.536459460213244 ] ] ] } },
{ "type": "Feature", "properties": { "member_grid_ids": ["11470_01551", "11470_01552", "11470_01586", "11470_01587", "11470_01588", "11470_01621", "11470_01622"], "display_grid_id": "11470_00285", "gu_code": 11470, "gu_name": "양천구", "source_cell_count": 10, "area_m2": 38577.51, "mean_actual_lst": 38.6983, "mean_actual_anomaly": 0.295, "seoul_anomaly": 1.6433, "pred_anomaly": 0.5382, "pred_anomaly_std": 0.831, "green_delta_c": -0.2843, "building_ratio": 0.2145, "green_ratio": 0.378, "ndvi": 0.2869, "impervious_ratio": 0.3849, "built_surface_ratio": 0.3849, "avg_ground_floor_count": 2.2769, "elevation_m": 13.2509, "albedo": 0.139, "nearest_park_distance_m": 1.1977, "park_area_within_500m": 468853.931, "nearest_stream_distance_m": 111.0963, "est_population_density": 10677.203, "dong_elderly_ratio": 0.1504, "dong_avg_age": 40.2, "dong_pop_density": 21798.5, "nearest_shelter_distance_m": 439.2544, "shelter_count_within_500m": 2.4387, "est_population": 411.9, "est_elderly": 61.9, "shelter_capacity_within_500m": 332.0, "building_form_group": "low_floor_low_density", "dong_name": "목5동", "top1_feature": "impervious_ratio", "top1_shap": 0.4485, "top2_feature": "green_ratio", "top2_shap": -0.2041, "top3_feature": "built_surface_ratio", "top3_shap": 0.232, "priority_score": 48.0836, "priority_rank": 186 }, "geometry": { "type": "Polygon", "coordinates": [ [ [ 126.885947550850346, 37.536474207766126 ], [ 126.885929072897227, 37.538727480306108 ], [ 126.886966650533111, 37.538732871355293 ], [ 126.88699805, 37.53871004 ], [ 126.88703806, 37.53867544 ], [ 126.88706557, 37.53864388 ], [ 126.88707826000001, 37.5386293 ], [ 126.88710643, 37.5385871 ], [ 126.887298589999986, 37.53825561 ], [ 126.887363130000011, 37.53814239 ], [ 126.887477439999984, 37.53794184 ], [ 126.88766843, 37.53756502 ], [ 126.88807806, 37.53697273 ], [ 126.88824458, 37.53673682 ], [ 126.888260180000017, 37.53671471 ], [ 126.888441829622792, 37.536487151503977 ], [ 126.885947550850346, 37.536474207766126 ] ] ] } },
{ "type": "Feature", "properties": { "member_grid_ids": ["11470_01623", "11470_01624", "11470_01625", "11470_01658", "11470_01659", "11470_01660", "11470_01691", "11470_01692", "11470_01693"], "display_grid_id": "11470_00286", "gu_code": 11470, "gu_name": "양천구", "source_cell_count": 9, "area_m2": 40077.79, "mean_actual_lst": 40.045, "mean_actual_anomaly": 2.0371, "seoul_anomaly": 3.3854, "pred_anomaly": 3.1345, "pred_anomaly_std": 0.9837, "green_delta_c": -0.6213, "building_ratio": 0.2708, "green_ratio": 0.2192, "ndvi": 0.1847, "impervious_ratio": 0.5967, "built_surface_ratio": 0.5967, "avg_ground_floor_count": 1.552, "elevation_m": 31.896, "albedo": 0.1496, "nearest_park_distance_m": 389.2726, "park_area_within_500m": 14324.3845, "nearest_stream_distance_m": 4251.0157, "est_population_density": 2381.6267, "dong_elderly_ratio": 0.229, "dong_avg_age": 46.3, "dong_pop_density": 15773.2, "nearest_shelter_distance_m": 402.4905, "shelter_count_within_500m": 2.7992, "est_population": 95.4, "est_elderly": 21.8, "shelter_capacity_within_500m": 558.2, "building_form_group": "low_floor_high_density", "dong_name": "신월3동", "top1_feature": "impervious_ratio", "top1_shap": 0.663, "top2_feature": "building_ratio", "top2_shap": 0.625, "top3_feature": "built_surface_ratio", "top3_shap": 0.3588, "priority_score": 70.5764, "priority_rank": 26 }, "geometry": { "type": "Polygon", "coordinates": [ [ [ 126.823656470905831, 37.540640590685868 ], [ 126.823676824020254, 37.538387346529447 ], [ 126.822151138672524, 37.538378598458458 ], [ 126.822054130000012, 37.538637369999989 ], [ 126.82189031, 37.53905045 ], [ 126.821747340000016, 37.53932307 ], [ 126.82159029, 37.53971194 ], [ 126.822039574305762, 37.540631318526863 ], [ 126.823656470905831, 37.540640590685868 ] ] ] } },
{ "type": "Feature", "properties": { "member_grid_ids": ["11470_01625", "11470_01626", "11470_01627", "11470_01660", "11470_01661", "11470_01662", "11470_01693", "11470_01694", "11470_01695"], "display_grid_id": "11470_00287", "gu_code": 11470, "gu_name": "양천구", "source_cell_count": 14, "area_m2": 62500.0, "mean_actual_lst": 39.3041, "mean_actual_anomaly": 1.4927, "seoul_anomaly": 2.8409, "pred_anomaly": 2.9287, "pred_anomaly_std": 0.8664, "green_delta_c": -0.5447, "building_ratio": 0.2809, "green_ratio": 0.2053, "ndvi": 0.163, "impervious_ratio": 0.5857, "built_surface_ratio": 0.5857, "avg_ground_floor_count": 2.2406, "elevation_m": 28.2123, "albedo": 0.1323, "nearest_park_distance_m": 265.9232, "park_area_within_500m": 45864.752, "nearest_stream_distance_m": 4139.0392, "est_population_density": 7436.8, "dong_elderly_ratio": 0.2227, "dong_avg_age": 45.82, "dong_pop_density": 17250.568, "nearest_shelter_distance_m": 224.8528, "shelter_count_within_500m": 5.0, "est_population": 464.8, "est_elderly": 102.4, "shelter_capacity_within_500m": 1062.1, "building_form_group": "low_floor_high_density", "dong_name": "신월3동", "top1_feature": "impervious_ratio", "top1_shap": 0.6239, "top2_feature": "building_ratio", "top2_shap": 0.5813, "top3_feature": "green_ratio", "top3_shap": 0.323, "priority_score": 67.1037, "priority_rank": 45 }, "geometry": { "type": "Polygon", "coordinates": [ [ [ 126.823676824020254, 37.538387346529447 ], [ 126.823656470905831, 37.540640590685868 ], [ 126.82648618068599, 37.540656764489441 ], [ 126.826506448662045, 37.538403519024826 ], [ 126.823676824020254, 37.538387346529447 ] ] ] } },
{ "type": "Feature", "properties": { "member_grid_ids": ["11470_01628", "11470_01629", "11470_01630", "11470_01663", "11470_01664", "11470_01665", "11470_01696", "11470_01697", "11470_01698"], "display_grid_id": "11470_00288", "gu_code": 11470, "gu_name": "양천구", "source_cell_count": 13, "area_m2": 62500.0, "mean_actual_lst": 40.0884, "mean_actual_anomaly": 2.3599, "seoul_anomaly": 3.7082, "pred_anomaly": 2.8229, "pred_anomaly_std": 0.6044, "green_delta_c": -0.3305, "building_ratio": 0.328, "green_ratio": 0.2404, "ndvi": 0.1311, "impervious_ratio": 0.4588, "built_surface_ratio": 0.4588, "avg_ground_floor_count": 3.5266, "elevation_m": 24.4772, "albedo": 0.1227, "nearest_park_distance_m": 208.2804, "park_area_within_500m": 74048.0296, "nearest_stream_distance_m": 3987.2444, "est_population_density": 20628.4, "dong_elderly_ratio": 0.2026, "dong_avg_age": 44.3, "dong_pop_density": 21928.9, "nearest_shelter_distance_m": 121.1564, "shelter_count_within_500m": 7.08, "est_population": 1289.3, "est_elderly": 261.2, "shelter_capacity_within_500m": 1383.0, "building_form_group": "low_floor_high_density", "dong_name": "신월5동", "top1_feature": "building_ratio", "top1_shap": 0.7708, "top2_feature": "ndvi", "top2_shap": 0.3585, "top3_feature": "impervious_ratio", "top3_shap": 0.352, "priority_score": 62.2767, "priority_rank": 74 }, "geometry": { "type": "Polygon", "coordinates": [ [ [ 126.826506448662045, 37.538403519024826 ], [ 126.82648618068599, 37.540656764489441 ], [ 126.829315892723372, 37.540672870491555 ], [ 126.829336075560789, 37.538419623724195 ], [ 126.826506448662045, 37.538403519024826 ] ] ] } },
{ "type": "Feature", "properties": { "member_grid_ids": ["11470_01630", "11470_01631", "11470_01632", "11470_01665", "11470_01666", "11470_01667", "11470_01699", "11470_01700"], "display_grid_id": "11470_00289", "gu_code": 11470, "gu_name": "양천구", "source_cell_count": 11, "area_m2": 62500.0, "mean_actual_lst": 40.597, "mean_actual_anomaly": 2.644, "seoul_anomaly": 3.9923, "pred_anomaly": 2.7197, "pred_anomaly_std": 0.5755, "green_delta_c": -0.3211, "building_ratio": 0.3401, "green_ratio": 0.2554, "ndvi": 0.1198, "impervious_ratio": 0.398, "built_surface_ratio": 0.398, "avg_ground_floor_count": 4.0693, "elevation_m": 26.4802, "albedo": 0.1192, "nearest_park_distance_m": 271.2308, "park_area_within_500m": 59980.5936, "nearest_stream_distance_m": 3846.8812, "est_population_density": 22966.8, "dong_elderly_ratio": 0.2026, "dong_avg_age": 44.3, "dong_pop_density": 21928.9, "nearest_shelter_distance_m": 152.4876, "shelter_count_within_500m": 7.32, "est_population": 1435.4, "est_elderly": 290.8, "shelter_capacity_within_500m": 1308.5, "building_form_group": "high_floor_low_density", "dong_name": "신월5동", "top1_feature": "building_ratio", "top1_shap": 0.5507, "top2_feature": "ndvi", "top2_shap": 0.5219, "top3_feature": "nearest_stream_distance_m", "top3_shap": -0.3013, "priority_score": 65.9726, "priority_rank": 54 }, "geometry": { "type": "Polygon", "coordinates": [ [ [ 126.829336075560789, 37.538419623724195 ], [ 126.829315892723372, 37.540672870491555 ], [ 126.832145607008457, 37.54068890869204 ], [ 126.832165704707009, 37.538435660627457 ], [ 126.829336075560789, 37.538419623724195 ] ] ] } },
{ "type": "Feature", "properties": { "member_grid_ids": ["11470_01633", "11470_01634", "11470_01635", "11470_01668", "11470_01669", "11470_01701", "11470_01702"], "display_grid_id": "11470_00290", "gu_code": 11470, "gu_name": "양천구", "source_cell_count": 13, "area_m2": 39622.22, "mean_actual_lst": 40.9854, "mean_actual_anomaly": 2.7156, "seoul_anomaly": 4.0638, "pred_anomaly": 2.7921, "pred_anomaly_std": 0.5172, "green_delta_c": -0.1239, "building_ratio": 0.3917, "green_ratio": 0.2541, "ndvi": 0.0806, "impervious_ratio": 0.2983, "built_surface_ratio": 0.2983, "avg_ground_floor_count": 3.5273, "elevation_m": 23.4521, "albedo": 0.1115, "nearest_park_distance_m": 350.9815, "park_area_within_500m": 20867.145, "nearest_stream_distance_m": 3736.6325, "est_population_density": 24875.1477, "dong_elderly_ratio": 0.2025, "dong_avg_age": 44.2956, "dong_pop_density": 22044.3679, "nearest_shelter_distance_m": 164.5943, "shelter_count_within_500m": 4.4886, "est_population": 985.6, "est_elderly": 199.7, "shelter_capacity_within_500m": 776.3, "building_form_group": "high_floor_high_density", "dong_name": "신월5동", "top1_feature": "building_ratio", "top1_shap": 0.9581, "top2_feature": "ndvi", "top2_shap": 0.6267, "top3_feature": "nearest_stream_distance_m", "top3_shap": -0.5441, "priority_score": 54.2795, "priority_rank": 136 }, "geometry": { "type": "Polygon", "coordinates": [ [ [ 126.832165704707009, 37.538435660627457 ], [ 126.832145607008457, 37.54068890869204 ], [ 126.833465128843059, 37.540696364268484 ], [ 126.833467580000018, 37.54068857 ], [ 126.8334865, 37.54062839 ], [ 126.83359282, 37.5402902 ], [ 126.83359478, 37.54028429000001 ], [ 126.833596200000017, 37.54027951 ], [ 126.83359776, 37.54027468000001 ], [ 126.8335994, 37.54026909000001 ], [ 126.833601720000019, 37.540262060000011 ], [ 126.83360386, 37.54025559 ], [ 126.8336051, 37.54025108 ], [ 126.833607420000021, 37.54024377 ], [ 126.83360887, 37.5402393 ], [ 126.833610600000014, 37.54023383 ], [ 126.833612409999986, 37.54022829 ], [ 126.833633230000018, 37.54016187 ], [ 126.833643890000019, 37.54012797 ], [ 126.83364784, 37.54011572 ], [ 126.833655250000021, 37.54009184 ], [ 126.833661730000017, 37.54007124000001 ], [ 126.83366511, 37.54006055 ], [ 126.833669029999982, 37.54004817 ], [ 126.833677750000021, 37.54002031000001 ], [ 126.833680240000021, 37.54001237 ], [ 126.833685059999979, 37.53999695 ], [ 126.83369342, 37.53997022 ], [ 126.833697300000011, 37.53995812 ], [ 126.833701080000012, 37.53994629 ], [ 126.83370249, 37.53994161 ], [ 126.833704469999986, 37.53993503 ], [ 126.83370917000002, 37.53992036 ], [ 126.8337107, 37.53991561 ], [ 126.83371212, 37.53991083 ], [ 126.8337317, 37.53984876 ], [ 126.83373384, 37.53984216 ], [ 126.8337451, 37.5398238 ], [ 126.83374946, 37.53981684 ], [ 126.83375820000002, 37.53980258 ], [ 126.833762050000018, 37.53979631 ], [ 126.83376667, 37.53978871 ], [ 126.83398829, 37.53943003 ], [ 126.83423013, 37.53903844 ], [ 126.834234220000013, 37.53903169 ], [ 126.83423776, 37.53902607 ], [ 126.8342422, 37.53901875 ], [ 126.834248410000015, 37.53900863 ], [ 126.83425426, 37.53899935 ], [ 126.83425888, 37.53899175 ], [ 126.834262080000016, 37.53898697 ], [ 126.834594072962432, 37.538449369320382 ], [ 126.832165704707009, 37.538435660627457 ] ] ] } },
{ "type": "Feature", "properties": { "member_grid_ids": ["11470_01636", "11470_01637", "11470_01638", "11470_01670", "11470_01671", "11470_01672", "11470_01703", "11470_01704", "11470_01705"], "display_grid_id": "11470_00291", "gu_code": 11470, "gu_name": "양천구", "source_cell_count": 14, "area_m2": 52691.89, "mean_actual_lst": 40.6, "mean_actual_anomaly": 2.3203, "seoul_anomaly": 3.6685, "pred_anomaly": 3.349, "pred_anomaly_std": 0.6133, "green_delta_c": -0.4926, "building_ratio": 0.4208, "green_ratio": 0.256, "ndvi": 0.0931, "impervious_ratio": 0.3406, "built_surface_ratio": 0.3406, "avg_ground_floor_count": 4.4292, "elevation_m": 24.0807, "albedo": 0.1015, "nearest_park_distance_m": 515.1961, "park_area_within_500m": 697.5078, "nearest_stream_distance_m": 1619.4583, "est_population_density": 32844.7152, "dong_elderly_ratio": 0.1707, "dong_avg_age": 43.0449, "dong_pop_density": 40265.7879, "nearest_shelter_distance_m": 76.7991, "shelter_count_within_500m": 13.7564, "est_population": 1730.6, "est_elderly": 295.3, "shelter_capacity_within_500m": 2617.5, "building_form_group": "high_floor_high_density", "dong_name": "목3동", "top1_feature": "building_ratio", "top1_shap": 1.1681, "top2_feature": "ndvi", "top2_shap": 0.6028, "top3_feature": "impervious_ratio", "top3_shap": 0.4137, "priority_score": 63.4654, "priority_rank": 65 }, "geometry": { "type": "Polygon", "coordinates": [ [ [ 126.86610235030227, 37.540876078511623 ], [ 126.866121426313995, 37.53862281530786 ], [ 126.863638428888564, 37.538609460609976 ], [ 126.86365605, 37.53882313 ], [ 126.86368952, 37.53922883 ], [ 126.8636951, 37.53929577 ], [ 126.86370651, 37.53943252 ], [ 126.863726360000015, 37.53966895 ], [ 126.86372687, 37.53967514 ], [ 126.86372766, 37.53968532 ], [ 126.863728599999988, 37.53969659 ], [ 126.8637293, 37.53970415 ], [ 126.863753889999984, 37.5400017 ], [ 126.86377208, 37.54022179 ], [ 126.86377307, 37.54023387 ], [ 126.86377366, 37.54024086 ], [ 126.86377409, 37.54024563 ], [ 126.86377531, 37.540260860000011 ], [ 126.86377617, 37.540272110000011 ], [ 126.86377756, 37.54029211 ], [ 126.86377789, 37.54029689 ], [ 126.86377823, 37.54030139 ], [ 126.86377848, 37.54030641 ], [ 126.86377943, 37.54032251 ], [ 126.86377995, 37.54032814 ], [ 126.86378356, 37.54037196 ], [ 126.86378548, 37.54039544 ], [ 126.86378799000002, 37.54043985 ], [ 126.86378993000001, 37.54047428 ], [ 126.863790149999986, 37.54055312 ], [ 126.86378735, 37.54060332 ], [ 126.86378576, 37.540631950000012 ], [ 126.8637773, 37.54071077 ], [ 126.863767219999986, 37.54077211 ], [ 126.86376442, 37.540789040000014 ], [ 126.863748039726971, 37.540863416590973 ], [ 126.86610235030227, 37.540876078511623 ] ] ] } },
{ "type": "Feature", "properties": { "member_grid_ids": ["11470_01639", "11470_01640", "11470_01641", "11470_01673", "11470_01674", "11470_01675", "11470_01706", "11470_01707", "11470_01708"], "display_grid_id": "11470_00292", "gu_code": 11470, "gu_name": "양천구", "source_cell_count": 11, "area_m2": 62500.0, "mean_actual_lst": 41.207, "mean_actual_anomaly": 2.8993, "seoul_anomaly": 4.2475, "pred_anomaly": 3.0717, "pred_anomaly_std": 0.6115, "green_delta_c": -0.539, "building_ratio": 0.44, "green_ratio": 0.2609, "ndvi": 0.1027, "impervious_ratio": 0.3036, "built_surface_ratio": 0.3036, "avg_ground_floor_count": 4.3906, "elevation_m": 23.9914, "albedo": 0.1009, "nearest_park_distance_m": 363.6256, "park_area_within_500m": 18540.7976, "nearest_stream_distance_m": 1429.3308, "est_population_density": 34808.0, "dong_elderly_ratio": 0.1685, "dong_avg_age": 42.94, "dong_pop_density": 38880.388, "nearest_shelter_distance_m": 96.1564, "shelter_count_within_500m": 15.84, "est_population": 2175.5, "est_elderly": 361.3, "shelter_capacity_within_500m": 2969.0, "building_form_group": "high_floor_high_density", "dong_name": "목3동", "top1_feature": "building_ratio", "top1_shap": 1.2064, "top2_feature": "ndvi", "top2_shap": 0.5698, "top3_feature": "impervious_ratio", "top3_shap": 0.3805, "priority_score": 72.9683, "priority_rank": 12 }, "geometry": { "type": "Polygon", "coordinates": [ [ [ 126.866121426313995, 37.53862281530786 ], [ 126.86610235030227, 37.540876078511623 ], [ 126.868932092945215, 37.540891235276149 ], [ 126.868951083814736, 37.538637970846445 ], [ 126.866121426313995, 37.53862281530786 ] ] ] } },
{ "type": "Feature", "properties": { "member_grid_ids": ["11470_01641", "11470_01642", "11470_01643", "11470_01675", "11470_01676", "11470_01677", "11470_01709", "11470_01710"], "display_grid_id": "11470_00293", "gu_code": 11470, "gu_name": "양천구", "source_cell_count": 13, "area_m2": 62500.0, "mean_actual_lst": 41.0978, "mean_actual_anomaly": 2.8732, "seoul_anomaly": 4.2215, "pred_anomaly": 2.6545, "pred_anomaly_std": 0.6437, "green_delta_c": -0.5733, "building_ratio": 0.3698, "green_ratio": 0.2554, "ndvi": 0.1406, "impervious_ratio": 0.3229, "built_surface_ratio": 0.3229, "avg_ground_floor_count": 6.0972, "elevation_m": 24.0173, "albedo": 0.0968, "nearest_park_distance_m": 264.528, "park_area_within_500m": 117299.2168, "nearest_stream_distance_m": 1246.6084, "est_population_density": 38331.2, "dong_elderly_ratio": 0.1612, "dong_avg_age": 42.652, "dong_pop_density": 28939.444, "nearest_shelter_distance_m": 74.7652, "shelter_count_within_500m": 12.64, "est_population": 2395.7, "est_elderly": 386.3, "shelter_capacity_within_500m": 2520.0, "building_form_group": "high_floor_high_density", "dong_name": "목2동", "top1_feature": "building_ratio", "top1_shap": 1.0428, "top2_feature": "ndvi", "top2_shap": 0.4042, "top3_feature": "impervious_ratio", "top3_shap": 0.3807, "priority_score": 72.9755, "priority_rank": 11 }, "geometry": { "type": "Polygon", "coordinates": [ [ [ 126.868951083814736, 37.538637970846445 ], [ 126.868932092945215, 37.540891235276149 ], [ 126.871761837703161, 37.540906324236808 ], [ 126.871780743430222, 37.538653058586632 ], [ 126.868951083814736, 37.538637970846445 ] ] ] } },
{ "type": "Feature", "properties": { "member_grid_ids": ["11470_01644", "11470_01645", "11470_01646", "11470_01678", "11470_01679", "11470_01680", "11470_01711", "11470_01712", "11470_01713"], "display_grid_id": "11470_00294", "gu_code": 11470, "gu_name": "양천구", "source_cell_count": 15, "area_m2": 62500.0, "mean_actual_lst": 37.4894, "mean_actual_anomaly": -0.9768, "seoul_anomaly": 0.3715, "pred_anomaly": -0.2754, "pred_anomaly_std": 0.7491, "green_delta_c": -0.538, "building_ratio": 0.201, "green_ratio": 0.4569, "ndvi": 0.3401, "impervious_ratio": 0.2457, "built_surface_ratio": 0.2457, "avg_ground_floor_count": 5.5275, "elevation_m": 37.2377, "albedo": 0.1179, "nearest_park_distance_m": 115.0948, "park_area_within_500m": 280280.0876, "nearest_stream_distance_m": 1051.3228, "est_population_density": 14478.0, "dong_elderly_ratio": 0.1609, "dong_avg_age": 42.5, "dong_pop_density": 27332.484, "nearest_shelter_distance_m": 162.6072, "shelter_count_within_500m": 10.72, "est_population": 904.9, "est_elderly": 145.4, "shelter_capacity_within_500m": 2235.0, "building_form_group": "low_floor_low_density", "dong_name": "목2동", "top1_feature": "green_ratio", "top1_shap": -0.6739, "top2_feature": "ndvi", "top2_shap": -0.4835, "top3_feature": "building_ratio", "top3_shap": 0.3806, "priority_score": 45.6989, "priority_rank": 199 }, "geometry": { "type": "Polygon", "coordinates": [ [ [ 126.871780743430222, 37.538653058586632 ], [ 126.871761837703161, 37.540906324236808 ], [ 126.874591584566645, 37.540921345393421 ], [ 126.874610405150989, 37.538668078528261 ], [ 126.871780743430222, 37.538653058586632 ] ] ] } },
{ "type": "Feature", "properties": { "member_grid_ids": ["11470_01646", "11470_01647", "11470_01648", "11470_01680", "11470_01681", "11470_01682", "11470_01714", "11470_01715"], "display_grid_id": "11470_00295", "gu_code": 11470, "gu_name": "양천구", "source_cell_count": 9, "area_m2": 62500.0, "mean_actual_lst": 37.2404, "mean_actual_anomaly": -1.4732, "seoul_anomaly": -0.1249, "pred_anomaly": 0.0769, "pred_anomaly_std": 0.7603, "green_delta_c": -0.1763, "building_ratio": 0.1516, "green_ratio": 0.3423, "ndvi": 0.3036, "impervious_ratio": 0.3699, "built_surface_ratio": 0.3699, "avg_ground_floor_count": 10.5296, "elevation_m": 19.5533, "albedo": 0.1299, "nearest_park_distance_m": 5.8236, "park_area_within_500m": 406543.0476, "nearest_stream_distance_m": 862.0116, "est_population_density": 19751.6, "dong_elderly_ratio": 0.1527, "dong_avg_age": 40.7, "dong_pop_density": 23001.54, "nearest_shelter_distance_m": 133.5104, "shelter_count_within_500m": 7.92, "est_population": 1234.5, "est_elderly": 187.9, "shelter_capacity_within_500m": 1536.0, "building_form_group": "high_floor_low_density", "dong_name": "목5동", "top1_feature": "ndvi", "top1_shap": -0.47, "top2_feature": "impervious_ratio", "top2_shap": 0.3194, "top3_feature": "green_ratio", "top3_shap": -0.2148, "priority_score": 31.5706, "priority_rank": 327 }, "geometry": { "type": "Polygon", "coordinates": [ [ [ 126.874610405150989, 37.538668078528261 ], [ 126.874591584566645, 37.540921345393421 ], [ 126.877421333526172, 37.540936298745834 ], [ 126.877440068967559, 37.538683030671173 ], [ 126.874610405150989, 37.538668078528261 ] ] ] } },
{ "type": "Feature", "properties": { "member_grid_ids": ["11470_01649", "11470_01650", "11470_01651", "11470_01683", "11470_01684", "11470_01685", "11470_01716", "11470_01717", "11470_01718"], "display_grid_id": "11470_00296", "gu_code": 11470, "gu_name": "양천구", "source_cell_count": 14, "area_m2": 62500.0, "mean_actual_lst": 38.8015, "mean_actual_anomaly": -0.0512, "seoul_anomaly": 1.297, "pred_anomaly": 1.1975, "pred_anomaly_std": 0.7951, "green_delta_c": -0.2533, "building_ratio": 0.2265, "green_ratio": 0.2834, "ndvi": 0.2694, "impervious_ratio": 0.4895, "built_surface_ratio": 0.4895, "avg_ground_floor_count": 7.0937, "elevation_m": 16.7956, "albedo": 0.1187, "nearest_park_distance_m": 0.0, "park_area_within_500m": 510094.2808, "nearest_stream_distance_m": 639.0388, "est_population_density": 26877.6, "dong_elderly_ratio": 0.1504, "dong_avg_age": 40.2, "dong_pop_density": 21798.5, "nearest_shelter_distance_m": 127.3872, "shelter_count_within_500m": 6.92, "est_population": 1679.9, "est_elderly": 252.7, "shelter_capacity_within_500m": 1299.0, "building_form_group": "high_floor_low_density", "dong_name": "목5동", "top1_feature": "impervious_ratio", "top1_shap": 0.4333, "top2_feature": "ndvi", "top2_shap": -0.373, "top3_feature": "built_surface_ratio", "top3_shap": 0.3525, "priority_score": 45.9942, "priority_rank": 196 }, "geometry": { "type": "Polygon", "coordinates": [ [ [ 126.877440068967559, 37.538683030671173 ], [ 126.877421333526172, 37.540936298745834 ], [ 126.880251084572265, 37.540951184293903 ], [ 126.880269734870438, 37.53869791501522 ], [ 126.877440068967559, 37.538683030671173 ] ] ] } },
{ "type": "Feature", "properties": { "member_grid_ids": ["11470_01651", "11470_01652", "11470_01653", "11470_01685", "11470_01686", "11470_01687", "11470_01719", "11470_01720"], "display_grid_id": "11470_00297", "gu_code": 11470, "gu_name": "양천구", "source_cell_count": 14, "area_m2": 62500.0, "mean_actual_lst": 38.4812, "mean_actual_anomaly": -0.2827, "seoul_anomaly": 1.0655, "pred_anomaly": 1.1731, "pred_anomaly_std": 0.7682, "green_delta_c": -0.1638, "building_ratio": 0.1561, "green_ratio": 0.2475, "ndvi": 0.2344, "impervious_ratio": 0.5025, "built_surface_ratio": 0.5025, "avg_ground_floor_count": 10.6734, "elevation_m": 16.4984, "albedo": 0.1232, "nearest_park_distance_m": 10.136, "park_area_within_500m": 532461.0536, "nearest_stream_distance_m": 420.5956, "est_population_density": 27074.4, "dong_elderly_ratio": 0.1504, "dong_avg_age": 40.2, "dong_pop_density": 21798.5, "nearest_shelter_distance_m": 198.4336, "shelter_count_within_500m": 5.56, "est_population": 1692.1, "est_elderly": 254.5, "shelter_capacity_within_500m": 1070.5, "building_form_group": "high_floor_low_density", "dong_name": "목5동", "top1_feature": "impervious_ratio", "top1_shap": 0.4551, "top2_feature": "built_surface_ratio", "top2_shap": 0.3482, "top3_feature": "avg_ground_floor_count", "top3_shap": -0.2608, "priority_score": 48.2637, "priority_rank": 183 }, "geometry": { "type": "Polygon", "coordinates": [ [ [ 126.880269734870438, 37.53869791501522 ], [ 126.880251084572265, 37.540951184293903 ], [ 126.883080837695445, 37.54096600203745 ], [ 126.883099402850135, 37.538712731560246 ], [ 126.880269734870438, 37.53869791501522 ] ] ] } },
{ "type": "Feature", "properties": { "member_grid_ids": ["11470_01654", "11470_01655", "11470_01656", "11470_01688", "11470_01689", "11470_01690", "11470_01721", "11470_01722", "11470_01723"], "display_grid_id": "11470_00298", "gu_code": 11470, "gu_name": "양천구", "source_cell_count": 11, "area_m2": 62233.96, "mean_actual_lst": 40.042, "mean_actual_anomaly": 1.3564, "seoul_anomaly": 2.7046, "pred_anomaly": 2.3976, "pred_anomaly_std": 0.8645, "green_delta_c": -0.4738, "building_ratio": 0.3096, "green_ratio": 0.2626, "ndvi": 0.2349, "impervious_ratio": 0.5608, "built_surface_ratio": 0.5608, "avg_ground_floor_count": 0.5901, "elevation_m": 15.5849, "albedo": 0.1487, "nearest_park_distance_m": 2.6463, "park_area_within_500m": 410578.0891, "nearest_stream_distance_m": 184.3556, "est_population_density": 60.2565, "dong_elderly_ratio": 0.1504, "dong_avg_age": 40.2, "dong_pop_density": 21798.5, "nearest_shelter_distance_m": 243.1476, "shelter_count_within_500m": 4.2769, "est_population": 3.7, "est_elderly": 0.5, "shelter_capacity_within_500m": 898.3, "building_form_group": "low_floor_high_density", "dong_name": "목5동", "top1_feature": "building_ratio", "top1_shap": 0.7753, "top2_feature": "impervious_ratio", "top2_shap": 0.6431, "top3_feature": "built_surface_ratio", "top3_shap": 0.438, "priority_score": 57.7522, "priority_rank": 119 }, "geometry": { "type": "Polygon", "coordinates": [ [ [ 126.885929072897227, 37.538727480306108 ], [ 126.883099402850135, 37.538712731560246 ], [ 126.883080837695445, 37.54096600203745 ], [ 126.885757161193041, 37.540979953961163 ], [ 126.88579148, 37.54090237 ], [ 126.885913493592824, 37.540627084862308 ], [ 126.885929072897227, 37.538727480306108 ] ] ] } },
{ "type": "Feature", "properties": { "member_grid_ids": ["11470_01656", "11470_01657"], "display_grid_id": "11470_00299", "gu_code": 11470, "gu_name": "양천구", "source_cell_count": 4, "area_m2": 8557.32, "mean_actual_lst": 38.7586, "mean_actual_anomaly": 0.2018, "seoul_anomaly": 1.5501, "pred_anomaly": 0.5558, "pred_anomaly_std": 0.8059, "green_delta_c": -0.3782, "building_ratio": 0.2127, "green_ratio": 0.4009, "ndvi": 0.2865, "impervious_ratio": 0.3799, "built_surface_ratio": 0.3799, "avg_ground_floor_count": 0.5739, "elevation_m": 11.6115, "albedo": 0.1458, "nearest_park_distance_m": 8.0929, "park_area_within_500m": 386654.2041, "nearest_stream_distance_m": 88.0908, "est_population_density": 0.0, "dong_elderly_ratio": 0.1504, "dong_avg_age": 40.2, "dong_pop_density": 21798.5, "nearest_shelter_distance_m": 362.1987, "shelter_count_within_500m": 4.256, "est_population": 0.0, "est_elderly": 0.0, "shelter_capacity_within_500m": 241.0, "building_form_group": "low_floor_low_density", "dong_name": "목5동", "top1_feature": "impervious_ratio", "top1_shap": 0.445, "top2_feature": "building_ratio", "top2_shap": 0.256, "top3_feature": "green_ratio", "top3_shap": -0.251, "priority_score": 44.5173, "priority_rank": 211 }, "geometry": { "type": "Polygon", "coordinates": [ [ [ 126.885929072897227, 37.538727480306108 ], [ 126.885913493592824, 37.540627084862308 ], [ 126.88595109000002, 37.54054226 ], [ 126.88595466000001, 37.54053436 ], [ 126.88608839, 37.54023802 ], [ 126.88614562, 37.54011152 ], [ 126.88615058, 37.54010056 ], [ 126.886225, 37.53993604 ], [ 126.88625992, 37.53986853 ], [ 126.88628191, 37.53982601 ], [ 126.88633992, 37.5397211 ], [ 126.886391120000013, 37.53962846 ], [ 126.88641576, 37.53958272 ], [ 126.88643293, 37.53955084 ], [ 126.88645434999998, 37.53951107 ], [ 126.886476759999979, 37.53946946 ], [ 126.88652565000001, 37.53937322 ], [ 126.886528380000016, 37.53936786 ], [ 126.88653138, 37.539361960000015 ], [ 126.88661114, 37.53923083 ], [ 126.88685078, 37.53883153000001 ], [ 126.88689982, 37.53878145 ], [ 126.886961, 37.53873698 ], [ 126.886966650533111, 37.538732871355293 ], [ 126.885929072897227, 37.538727480306108 ] ] ] } },
{ "type": "Feature", "properties": { "member_grid_ids": ["11470_01692"], "display_grid_id": "11470_00300", "gu_code": 11470, "gu_name": "양천구", "source_cell_count": 3, "area_m2": 4489.09, "mean_actual_lst": 38.3193, "mean_actual_anomaly": 0.5689, "seoul_anomaly": 1.9172, "pred_anomaly": 3.1805, "pred_anomaly_std": 1.0149, "green_delta_c": -0.6291, "building_ratio": 0.3559, "green_ratio": 0.2202, "ndvi": 0.2876, "impervious_ratio": 0.6356, "built_surface_ratio": 0.6356, "avg_ground_floor_count": 0.0, "elevation_m": 30.6251, "albedo": 0.1389, "nearest_park_distance_m": 445.5115, "park_area_within_500m": 3592.9326, "nearest_stream_distance_m": 4136.9644, "est_population_density": 0.0, "dong_elderly_ratio": 0.229, "dong_avg_age": 46.3, "dong_pop_density": 15773.2, "nearest_shelter_distance_m": 413.7107, "shelter_count_within_500m": 4.1597, "est_population": 0.0, "est_elderly": 0.0, "shelter_capacity_within_500m": 88.7, "building_form_group": "low_floor_high_density", "dong_name": "신월3동", "top1_feature": "building_ratio", "top1_shap": 1.1918, "top2_feature": "impervious_ratio", "top2_shap": 0.8373, "top3_feature": "built_surface_ratio", "top3_shap": 0.6568, "priority_score": 60.0937, "priority_rank": 85 }, "geometry": { "type": "Polygon", "coordinates": [ [ [ 126.823656470905831, 37.540640590685868 ], [ 126.822039574305762, 37.540631318526863 ], [ 126.82205405, 37.54066094 ], [ 126.82212102, 37.54067793 ], [ 126.82222316, 37.54069555 ], [ 126.822259209999984, 37.54070517 ], [ 126.82232881, 37.54072752 ], [ 126.822521530000017, 37.5407982 ], [ 126.82271937, 37.5408703 ], [ 126.82278684, 37.5408949 ], [ 126.822804860000019, 37.54090169 ], [ 126.82282323, 37.54090819 ], [ 126.82288382, 37.540930240000016 ], [ 126.82356884, 37.54118186 ], [ 126.823651353150282, 37.541207125432443 ], [ 126.823656470905831, 37.540640590685868 ] ] ] } },
{ "type": "Feature", "properties": { "member_grid_ids": ["11470_01694", "11470_01695", "11470_01724", "11470_01725", "11470_01726", "11470_01755"], "display_grid_id": "11470_00301", "gu_code": 11470, "gu_name": "양천구", "source_cell_count": 12, "area_m2": 34880.22, "mean_actual_lst": 37.0118, "mean_actual_anomaly": -0.7479, "seoul_anomaly": 0.6003, "pred_anomaly": 0.1866, "pred_anomaly_std": 0.8863, "green_delta_c": -0.4225, "building_ratio": 0.2038, "green_ratio": 0.3868, "ndvi": 0.3473, "impervious_ratio": 0.4582, "built_surface_ratio": 0.4582, "avg_ground_floor_count": 1.8505, "elevation_m": 33.2481, "albedo": 0.13, "nearest_park_distance_m": 351.1177, "park_area_within_500m": 16864.8074, "nearest_stream_distance_m": 3956.42, "est_population_density": 1168.2736, "dong_elderly_ratio": 0.2091, "dong_avg_age": 44.7942, "dong_pop_density": 20407.7409, "nearest_shelter_distance_m": 225.1316, "shelter_count_within_500m": 5.9732, "est_population": 40.8, "est_elderly": 8.3, "shelter_capacity_within_500m": 910.9, "building_form_group": "low_floor_high_density", "dong_name": "신월5동", "top1_feature": "ndvi", "top1_shap": -0.6797, "top2_feature": "green_ratio", "top2_shap": -0.5567, "top3_feature": "impervious_ratio", "top3_shap": 0.5467, "priority_score": 43.9193, "priority_rank": 216 }, "geometry": { "type": "Polygon", "coordinates": [ [ [ 126.826465910452697, 37.542910009082767 ], [ 126.82648618068599, 37.540656764489441 ], [ 126.823656470905831, 37.540640590685868 ], [ 126.823651353150282, 37.541207125432443 ], [ 126.823749050000018, 37.54123704 ], [ 126.82385995, 37.54127121 ], [ 126.82393455, 37.5412942 ], [ 126.823993189999982, 37.54131709 ], [ 126.82404566, 37.5413335 ], [ 126.824152900000016, 37.54136491 ], [ 126.824425539999979, 37.54135828 ], [ 126.8253871, 37.54168013 ], [ 126.825399970000021, 37.54169846 ], [ 126.825411590000016, 37.54171733 ], [ 126.82539048, 37.54182064 ], [ 126.82534429, 37.54206496 ], [ 126.825356269999986, 37.54208892 ], [ 126.826041599358646, 37.542907588042141 ], [ 126.826465910452697, 37.542910009082767 ] ] ] } },
{ "type": "Feature", "properties": { "member_grid_ids": ["11470_01696", "11470_01697", "11470_01698", "11470_01727", "11470_01728", "11470_01729", "11470_01756", "11470_01757", "11470_01758"], "display_grid_id": "11470_00302", "gu_code": 11470, "gu_name": "양천구", "source_cell_count": 11, "area_m2": 62500.0, "mean_actual_lst": 39.1069, "mean_actual_anomaly": 1.2641, "seoul_anomaly": 2.6123, "pred_anomaly": 2.2076, "pred_anomaly_std": 0.7133, "green_delta_c": -0.3183, "building_ratio": 0.3181, "green_ratio": 0.2471, "ndvi": 0.1724, "impervious_ratio": 0.4694, "built_surface_ratio": 0.4694, "avg_ground_floor_count": 4.836, "elevation_m": 29.8259, "albedo": 0.1177, "nearest_park_distance_m": 215.6764, "park_area_within_500m": 24063.3648, "nearest_stream_distance_m": 3792.4716, "est_population_density": 23668.4, "dong_elderly_ratio": 0.2026, "dong_avg_age": 44.3, "dong_pop_density": 21928.9, "nearest_shelter_distance_m": 83.6844, "shelter_count_within_500m": 7.64, "est_population": 1479.3, "est_elderly": 299.8, "shelter_capacity_within_500m": 1444.5, "building_form_group": "high_floor_high_density", "dong_name": "신월5동", "top1_feature": "building_ratio", "top1_shap": 0.7178, "top2_feature": "impervious_ratio", "top2_shap": 0.4059, "top3_feature": "nearest_stream_distance_m", "top3_shap": -0.2475, "priority_score": 54.2363, "priority_rank": 137 }, "geometry": { "type": "Polygon", "coordinates": [ [ [ 126.82648618068599, 37.540656764489441 ], [ 126.826465910452697, 37.542910009082767 ], [ 126.829295707638181, 37.542926116387683 ], [ 126.829315892723372, 37.540672870491555 ], [ 126.82648618068599, 37.540656764489441 ] ] ] } },
{ "type": "Feature", "properties": { "member_grid_ids": ["11470_01699", "11470_01700", "11470_01729", "11470_01730", "11470_01731", "11470_01758", "11470_01759"], "display_grid_id": "11470_00303", "gu_code": 11470, "gu_name": "양천구", "source_cell_count": 10, "area_m2": 38062.53, "mean_actual_lst": 40.1304, "mean_actual_anomaly": 1.8536, "seoul_anomaly": 3.2018, "pred_anomaly": 2.5226, "pred_anomaly_std": 0.7052, "green_delta_c": -0.3632, "building_ratio": 0.2983, "green_ratio": 0.2439, "ndvi": 0.1427, "impervious_ratio": 0.4506, "built_surface_ratio": 0.4506, "avg_ground_floor_count": 4.0926, "elevation_m": 32.7528, "albedo": 0.1319, "nearest_park_distance_m": 239.9327, "park_area_within_500m": 26159.6357, "nearest_stream_distance_m": 3697.4517, "est_population_density": 22434.7751, "dong_elderly_ratio": 0.2026, "dong_avg_age": 44.3, "dong_pop_density": 21928.9, "nearest_shelter_distance_m": 164.3268, "shelter_count_within_500m": 8.6897, "est_population": 853.9, "est_elderly": 173.0, "shelter_capacity_within_500m": 1231.0, "building_form_group": "high_floor_high_density", "dong_name": "신월5동", "top1_feature": "building_ratio", "top1_shap": 0.5373, "top2_feature": "ndvi", "top2_shap": 0.2954, "top3_feature": "impervious_ratio", "top3_shap": 0.3211, "priority_score": 59.3372, "priority_rank": 100 }, "geometry": { "type": "Polygon", "coordinates": [ [ [ 126.832145607008457, 37.54068890869204 ], [ 126.829315892723372, 37.540672870491555 ], [ 126.829295707638181, 37.542926116387683 ], [ 126.830078264532872, 37.542930558758222 ], [ 126.83023329000001, 37.54263274 ], [ 126.83022393, 37.54262456 ], [ 126.83015673, 37.54257614 ], [ 126.830010380000019, 37.54252155 ], [ 126.82998597000001, 37.54169648 ], [ 126.82998482, 37.54165621 ], [ 126.83009546000001, 37.54159696 ], [ 126.830129879999987, 37.54162151 ], [ 126.830196050000012, 37.54160275 ], [ 126.830179120000011, 37.54155228 ], [ 126.830212110000019, 37.54153455 ], [ 126.83027831, 37.54149896 ], [ 126.83030982, 37.54148212 ], [ 126.830495880000015, 37.54170267 ], [ 126.830525280000018, 37.54173753 ], [ 126.830543799999987, 37.54175951 ], [ 126.83190841, 37.54180597 ], [ 126.83213557398696, 37.541813663978758 ], [ 126.832145607008457, 37.54068890869204 ] ] ] } },
{ "type": "Feature", "properties": { "member_grid_ids": ["11470_01701", "11470_01702", "11470_01732", "11470_01733"], "display_grid_id": "11470_00304", "gu_code": 11470, "gu_name": "양천구", "source_cell_count": 5, "area_m2": 12726.78, "mean_actual_lst": 41.1574, "mean_actual_anomaly": 2.4842, "seoul_anomaly": 3.8325, "pred_anomaly": 2.6669, "pred_anomaly_std": 0.497, "green_delta_c": -0.1472, "building_ratio": 0.4843, "green_ratio": 0.2475, "ndvi": 0.0908, "impervious_ratio": 0.3583, "built_surface_ratio": 0.3583, "avg_ground_floor_count": 3.8971, "elevation_m": 25.7053, "albedo": 0.1083, "nearest_park_distance_m": 358.2039, "park_area_within_500m": 26630.8979, "nearest_stream_distance_m": 3604.1947, "est_population_density": 33998.5616, "dong_elderly_ratio": 0.2026, "dong_avg_age": 44.3, "dong_pop_density": 21928.9, "nearest_shelter_distance_m": 152.1957, "shelter_count_within_500m": 7.5659, "est_population": 432.7, "est_elderly": 87.6, "shelter_capacity_within_500m": 498.7, "building_form_group": "high_floor_high_density", "dong_name": "신월5동", "top1_feature": "building_ratio", "top1_shap": 1.1291, "top2_feature": "nearest_stream_distance_m", "top2_shap": -0.716, "top3_feature": "ndvi", "top3_shap": 0.5325, "priority_score": 49.719, "priority_rank": 174 }, "geometry": { "type": "Polygon", "coordinates": [ [ [ 126.832145607008457, 37.54068890869204 ], [ 126.83213557398696, 37.541813663978758 ], [ 126.83255563, 37.54182789 ], [ 126.8325853, 37.5418289 ], [ 126.83268079, 37.54183213 ], [ 126.83270238, 37.54182005 ], [ 126.832736739999987, 37.54180011 ], [ 126.83274354, 37.54180097 ], [ 126.832752160000013, 37.54180208 ], [ 126.83276377, 37.54180354 ], [ 126.83278356, 37.5418061 ], [ 126.83282424, 37.54181138 ], [ 126.83293027000002, 37.54182517 ], [ 126.832938469999988, 37.54182707 ], [ 126.83295526000002, 37.54183107 ], [ 126.832966320000011, 37.54183367000001 ], [ 126.83297453, 37.54183567 ], [ 126.83298611, 37.54183848 ], [ 126.832999500000014, 37.54184161 ], [ 126.83300519, 37.54184301 ], [ 126.833018449999983, 37.54184388 ], [ 126.83302515, 37.54184428 ], [ 126.83303259, 37.54184474 ], [ 126.833059459999987, 37.54184647 ], [ 126.83310224, 37.54184935 ], [ 126.833108690000017, 37.54182921 ], [ 126.8331163, 37.54180544 ], [ 126.83312094, 37.54179081 ], [ 126.833465128843059, 37.540696364268484 ], [ 126.832145607008457, 37.54068890869204 ] ] ] } },
{ "type": "Feature", "properties": { "member_grid_ids": ["11470_01760", "11470_01761"], "display_grid_id": "11470_00305", "gu_code": 11470, "gu_name": "양천구", "source_cell_count": 3, "area_m2": 4009.38, "mean_actual_lst": 39.9346, "mean_actual_anomaly": 1.6492, "seoul_anomaly": 2.9974, "pred_anomaly": 2.693, "pred_anomaly_std": 0.8087, "green_delta_c": -0.206, "building_ratio": 0.3017, "green_ratio": 0.2296, "ndvi": 0.107, "impervious_ratio": 0.4748, "built_surface_ratio": 0.4748, "avg_ground_floor_count": 9.3836, "elevation_m": 29.1076, "albedo": 0.1026, "nearest_park_distance_m": 517.4372, "park_area_within_500m": 0.0, "nearest_stream_distance_m": 1560.1875, "est_population_density": 51373.0551, "dong_elderly_ratio": 0.1823, "dong_avg_age": 43.7, "dong_pop_density": 39142.8, "nearest_shelter_distance_m": 17.999, "shelter_count_within_500m": 15.8789, "est_population": 206.0, "est_elderly": 37.5, "shelter_capacity_within_500m": 539.7, "building_form_group": "high_floor_high_density", "dong_name": "목3동", "top1_feature": "building_ratio", "top1_shap": 0.8536, "top2_feature": "ndvi", "top2_shap": 0.5546, "top3_feature": "impervious_ratio", "top3_shap": 0.4363, "priority_score": 40.0577, "priority_rank": 258 }, "geometry": { "type": "Polygon", "coordinates": [ [ [ 126.863253446496117, 37.543114115045341 ], [ 126.863263145318555, 37.541973737851528 ], [ 126.86289652, 37.542518490000013 ], [ 126.8628582, 37.54258602 ], [ 126.86283445, 37.54262926 ], [ 126.86278766, 37.54271444 ], [ 126.86276688, 37.54275311 ], [ 126.86276435, 37.54275766 ], [ 126.862572503576601, 37.543110441127183 ], [ 126.863253446496117, 37.543114115045341 ] ] ] } },
{ "type": "Feature", "properties": { "member_grid_ids": ["11470_01703", "11470_01704", "11470_01705", "11470_01734", "11470_01735", "11470_01736", "11470_01761", "11470_01762", "11470_01763"], "display_grid_id": "11470_00306", "gu_code": 11470, "gu_name": "양천구", "source_cell_count": 11, "area_m2": 59764.66, "mean_actual_lst": 40.5442, "mean_actual_anomaly": 2.1866, "seoul_anomaly": 3.5349, "pred_anomaly": 2.8451, "pred_anomaly_std": 0.6486, "green_delta_c": -0.4742, "building_ratio": 0.3938, "green_ratio": 0.2528, "ndvi": 0.1142, "impervious_ratio": 0.372, "built_surface_ratio": 0.372, "avg_ground_floor_count": 6.0462, "elevation_m": 27.9161, "albedo": 0.1038, "nearest_park_distance_m": 417.9421, "park_area_within_500m": 3062.1222, "nearest_stream_distance_m": 1497.1805, "est_population_density": 40428.1661, "dong_elderly_ratio": 0.1823, "dong_avg_age": 43.7, "dong_pop_density": 39142.8, "nearest_shelter_distance_m": 96.0757, "shelter_count_within_500m": 16.2385, "est_population": 2416.2, "est_elderly": 440.4, "shelter_capacity_within_500m": 3461.8, "building_form_group": "high_floor_high_density", "dong_name": "목3동", "top1_feature": "building_ratio", "top1_shap": 1.0751, "top2_feature": "ndvi", "top2_shap": 0.4708, "top3_feature": "impervious_ratio", "top3_shap": 0.321, "priority_score": 69.683, "priority_rank": 28 }, "geometry": { "type": "Polygon", "coordinates": [ [ [ 126.863253446496117, 37.543114115045341 ], [ 126.866083272166023, 37.543129340845113 ], [ 126.86610235030227, 37.540876078511623 ], [ 126.863748039726971, 37.540863416590973 ], [ 126.86374731, 37.54086673 ], [ 126.863731439999981, 37.54094357 ], [ 126.863700350000016, 37.54101984 ], [ 126.86367051000002, 37.54109526 ], [ 126.86363661, 37.54116928 ], [ 126.86359882, 37.54124215 ], [ 126.86339411, 37.541613859999984 ], [ 126.86343369, 37.54172033 ], [ 126.863263145318555, 37.541973737851528 ], [ 126.863253446496117, 37.543114115045341 ] ] ] } },
{ "type": "Feature", "properties": { "member_grid_ids": ["11470_01706", "11470_01707", "11470_01708", "11470_01737", "11470_01738", "11470_01739", "11470_01764", "11470_01765", "11470_01766"], "display_grid_id": "11470_00307", "gu_code": 11470, "gu_name": "양천구", "source_cell_count": 12, "area_m2": 62500.0, "mean_actual_lst": 39.6319, "mean_actual_anomaly": 1.2423, "seoul_anomaly": 2.5905, "pred_anomaly": 1.854, "pred_anomaly_std": 0.7934, "green_delta_c": -0.3725, "building_ratio": 0.4202, "green_ratio": 0.3403, "ndvi": 0.1711, "impervious_ratio": 0.2414, "built_surface_ratio": 0.2414, "avg_ground_floor_count": 3.5731, "elevation_m": 38.002, "albedo": 0.1071, "nearest_park_distance_m": 194.952, "park_area_within_500m": 4827.2056, "nearest_stream_distance_m": 1289.398, "est_population_density": 24761.6, "dong_elderly_ratio": 0.1716, "dong_avg_age": 43.18, "dong_pop_density": 33251.668, "nearest_shelter_distance_m": 91.1988, "shelter_count_within_500m": 16.88, "est_population": 1547.6, "est_elderly": 268.7, "shelter_capacity_within_500m": 3370.5, "building_form_group": "low_floor_high_density", "dong_name": "목2동", "top1_feature": "building_ratio", "top1_shap": 1.117, "top2_feature": "ndvi", "top2_shap": 0.2943, "top3_feature": "green_ratio", "top3_shap": -0.2571, "priority_score": 50.4179, "priority_rank": 167 }, "geometry": { "type": "Polygon", "coordinates": [ [ [ 126.86610235030227, 37.540876078511623 ], [ 126.866083272166023, 37.543129340845113 ], [ 126.868913099960679, 37.54314449883568 ], [ 126.868932092945215, 37.540891235276149 ], [ 126.86610235030227, 37.540876078511623 ] ] ] } },
{ "type": "Feature", "properties": { "member_grid_ids": ["11470_01709", "11470_01710", "11470_01739", "11470_01740", "11470_01741", "11470_01766", "11470_01767", "11470_01768"], "display_grid_id": "11470_00308", "gu_code": 11470, "gu_name": "양천구", "source_cell_count": 14, "area_m2": 62500.0, "mean_actual_lst": 40.4751, "mean_actual_anomaly": 2.3292, "seoul_anomaly": 3.6774, "pred_anomaly": 2.9253, "pred_anomaly_std": 0.6368, "green_delta_c": -0.751, "building_ratio": 0.4143, "green_ratio": 0.2739, "ndvi": 0.1376, "impervious_ratio": 0.2665, "built_surface_ratio": 0.2665, "avg_ground_floor_count": 3.7672, "elevation_m": 34.8218, "albedo": 0.1023, "nearest_park_distance_m": 132.2816, "park_area_within_500m": 31025.74, "nearest_stream_distance_m": 1092.9636, "est_population_density": 27009.6, "dong_elderly_ratio": 0.1618, "dong_avg_age": 42.7, "dong_pop_density": 27813.7, "nearest_shelter_distance_m": 121.7756, "shelter_count_within_500m": 13.68, "est_population": 1688.1, "est_elderly": 273.1, "shelter_capacity_within_500m": 3127.5, "building_form_group": "high_floor_high_density", "dong_name": "목2동", "top1_feature": "building_ratio", "top1_shap": 1.1558, "top2_feature": "ndvi", "top2_shap": 0.4519, "top3_feature": "impervious_ratio", "top3_shap": 0.3253, "priority_score": 68.8761, "priority_rank": 32 }, "geometry": { "type": "Polygon", "coordinates": [ [ [ 126.868932092945215, 37.540891235276149 ], [ 126.868913099960679, 37.54314449883568 ], [ 126.871742929870592, 37.543159589016874 ], [ 126.871761837703161, 37.540906324236808 ], [ 126.868932092945215, 37.540891235276149 ] ] ] } },
{ "type": "Feature", "properties": { "member_grid_ids": ["11470_01711", "11470_01712", "11470_01713", "11470_01742", "11470_01743", "11470_01744", "11470_01769", "11470_01770", "11470_01771"], "display_grid_id": "11470_00309", "gu_code": 11470, "gu_name": "양천구", "source_cell_count": 14, "area_m2": 62500.0, "mean_actual_lst": 37.7592, "mean_actual_anomaly": -0.7756, "seoul_anomaly": 0.5727, "pred_anomaly": 0.1649, "pred_anomaly_std": 0.8453, "green_delta_c": -0.436, "building_ratio": 0.2296, "green_ratio": 0.4033, "ndvi": 0.2794, "impervious_ratio": 0.1894, "built_surface_ratio": 0.1894, "avg_ground_floor_count": 6.4046, "elevation_m": 45.8342, "albedo": 0.106, "nearest_park_distance_m": 221.702, "park_area_within_500m": 139089.0164, "nearest_stream_distance_m": 892.7884, "est_population_density": 18978.8, "dong_elderly_ratio": 0.1618, "dong_avg_age": 42.7, "dong_pop_density": 27813.7, "nearest_shelter_distance_m": 98.9952, "shelter_count_within_500m": 11.68, "est_population": 1186.2, "est_elderly": 191.9, "shelter_capacity_within_500m": 2826.0, "building_form_group": "high_floor_high_density", "dong_name": "목2동", "top1_feature": "building_ratio", "top1_shap": 0.3899, "top2_feature": "ndvi", "top2_shap": -0.1585, "top3_feature": "green_ratio", "top3_shap": -0.3966, "priority_score": 41.1816, "priority_rank": 242 }, "geometry": { "type": "Polygon", "coordinates": [ [ [ 126.871761837703161, 37.540906324236808 ], [ 126.871742929870592, 37.543159589016874 ], [ 126.874572761886256, 37.543174611388544 ], [ 126.874591584566645, 37.540921345393421 ], [ 126.871761837703161, 37.540906324236808 ] ] ] } },
{ "type": "Feature", "properties": { "member_grid_ids": ["11470_01714", "11470_01715", "11470_01744", "11470_01745", "11470_01746", "11470_01771", "11470_01772", "11470_01773"], "display_grid_id": "11470_00310", "gu_code": 11470, "gu_name": "양천구", "source_cell_count": 11, "area_m2": 62500.0, "mean_actual_lst": 35.3242, "mean_actual_anomaly": -3.5131, "seoul_anomaly": -2.1648, "pred_anomaly": -2.3818, "pred_anomaly_std": 0.7166, "green_delta_c": -0.6389, "building_ratio": 0.0747, "green_ratio": 0.6296, "ndvi": 0.4709, "impervious_ratio": 0.1635, "built_surface_ratio": 0.1635, "avg_ground_floor_count": 5.2496, "elevation_m": 36.2488, "albedo": 0.1281, "nearest_park_distance_m": 103.2996, "park_area_within_500m": 228356.4644, "nearest_stream_distance_m": 713.0676, "est_population_density": 7972.4, "dong_elderly_ratio": 0.1609, "dong_avg_age": 42.5, "dong_pop_density": 27332.484, "nearest_shelter_distance_m": 109.6248, "shelter_count_within_500m": 8.56, "est_population": 498.3, "est_elderly": 78.6, "shelter_capacity_within_500m": 1637.0, "building_form_group": "high_floor_low_density", "dong_name": "목2동", "top1_feature": "green_ratio", "top1_shap": -0.8239, "top2_feature": "ndvi", "top2_shap": -0.6575, "top3_feature": "building_ratio", "top3_shap": -0.5346, "priority_score": 35.634, "priority_rank": 299 }, "geometry": { "type": "Polygon", "coordinates": [ [ [ 126.874591584566645, 37.540921345393421 ], [ 126.874572761886256, 37.543174611388544 ], [ 126.877402595998248, 37.543189565950527 ], [ 126.877421333526172, 37.540936298745834 ], [ 126.874591584566645, 37.540921345393421 ] ] ] } },
{ "type": "Feature", "properties": { "member_grid_ids": ["11470_01716", "11470_01717", "11470_01718", "11470_01747", "11470_01748", "11470_01749", "11470_01774", "11470_01775", "11470_01776"], "display_grid_id": "11470_00311", "gu_code": 11470, "gu_name": "양천구", "source_cell_count": 12, "area_m2": 62500.0, "mean_actual_lst": 36.5532, "mean_actual_anomaly": -2.2995, "seoul_anomaly": -0.9512, "pred_anomaly": -1.6803, "pred_anomaly_std": 0.7653, "green_delta_c": -0.6239, "building_ratio": 0.0704, "green_ratio": 0.557, "ndvi": 0.4312, "impervious_ratio": 0.2009, "built_surface_ratio": 0.2009, "avg_ground_floor_count": 5.2772, "elevation_m": 33.1895, "albedo": 0.1335, "nearest_park_distance_m": 33.7704, "park_area_within_500m": 325387.004, "nearest_stream_distance_m": 511.4172, "est_population_density": 12572.8, "dong_elderly_ratio": 0.1568, "dong_avg_age": 41.6, "dong_pop_density": 25167.012, "nearest_shelter_distance_m": 130.0016, "shelter_count_within_500m": 6.84, "est_population": 785.8, "est_elderly": 118.2, "shelter_capacity_within_500m": 1226.0, "building_form_group": "no_building", "dong_name": "목2동", "top1_feature": "building_ratio", "top1_shap": -0.6702, "top2_feature": "ndvi", "top2_shap": -0.5072, "top3_feature": "green_ratio", "top3_shap": -0.4632, "priority_score": 40.4034, "priority_rank": 255 }, "geometry": { "type": "Polygon", "coordinates": [ [ [ 126.877421333526172, 37.540936298745834 ], [ 126.877402595998248, 37.543189565950527 ], [ 126.880232432197019, 37.543204452702696 ], [ 126.880251084572265, 37.540951184293903 ], [ 126.877421333526172, 37.540936298745834 ] ] ] } },
{ "type": "Feature", "properties": { "member_grid_ids": ["11470_01719", "11470_01720", "11470_01749", "11470_01750", "11470_01751", "11470_01776", "11470_01777", "11470_01778"], "display_grid_id": "11470_00312", "gu_code": 11470, "gu_name": "양천구", "source_cell_count": 12, "area_m2": 62500.0, "mean_actual_lst": 37.9657, "mean_actual_anomaly": -0.8205, "seoul_anomaly": 0.5278, "pred_anomaly": 0.9161, "pred_anomaly_std": 0.7808, "green_delta_c": -0.134, "building_ratio": 0.1859, "green_ratio": 0.2635, "ndvi": 0.2029, "impervious_ratio": 0.4445, "built_surface_ratio": 0.4445, "avg_ground_floor_count": 10.1982, "elevation_m": 19.8461, "albedo": 0.1257, "nearest_park_distance_m": 60.1272, "park_area_within_500m": 336651.8136, "nearest_stream_distance_m": 315.3324, "est_population_density": 35153.6, "dong_elderly_ratio": 0.1513, "dong_avg_age": 40.4, "dong_pop_density": 22279.716, "nearest_shelter_distance_m": 98.5664, "shelter_count_within_500m": 4.36, "est_population": 2197.1, "est_elderly": 330.5, "shelter_capacity_within_500m": 814.5, "building_form_group": "high_floor_low_density", "dong_name": "목5동", "top1_feature": "impervious_ratio", "top1_shap": 0.4109, "top2_feature": "ndvi", "top2_shap": 0.0467, "top3_feature": "avg_ground_floor_count", "top3_shap": -0.36, "priority_score": 39.3516, "priority_rank": 264 }, "geometry": { "type": "Polygon", "coordinates": [ [ [ 126.880251084572265, 37.540951184293903 ], [ 126.880232432197019, 37.543204452702696 ], [ 126.883062270473118, 37.543219271644858 ], [ 126.883080837695445, 37.54096600203745 ], [ 126.880251084572265, 37.540951184293903 ] ] ] } },
{ "type": "Feature", "properties": { "member_grid_ids": ["11470_01721", "11470_01722", "11470_01723", "11470_01752", "11470_01753", "11470_01754", "11470_01779", "11470_01780", "11470_01781"], "display_grid_id": "11470_00313", "gu_code": 11470, "gu_name": "양천구", "source_cell_count": 11, "area_m2": 52058.43, "mean_actual_lst": 39.3259, "mean_actual_anomaly": 0.56, "seoul_anomaly": 1.9082, "pred_anomaly": 1.1798, "pred_anomaly_std": 0.9232, "green_delta_c": -0.3508, "building_ratio": 0.2567, "green_ratio": 0.3304, "ndvi": 0.2831, "impervious_ratio": 0.4663, "built_surface_ratio": 0.4663, "avg_ground_floor_count": 2.8766, "elevation_m": 17.2439, "albedo": 0.1551, "nearest_park_distance_m": 7.7884, "park_area_within_500m": 260753.5473, "nearest_stream_distance_m": 112.5487, "est_population_density": 2348.3229, "dong_elderly_ratio": 0.1502, "dong_avg_age": 40.205, "dong_pop_density": 21447.8491, "nearest_shelter_distance_m": 138.9026, "shelter_count_within_500m": 4.2316, "est_population": 122.3, "est_elderly": 18.4, "shelter_capacity_within_500m": 1045.7, "building_form_group": "low_floor_low_density", "dong_name": "목5동", "top1_feature": "building_ratio", "top1_shap": 0.3406, "top2_feature": "impervious_ratio", "top2_shap": 0.3784, "top3_feature": "green_ratio", "top3_shap": -0.1342, "priority_score": 42.8531, "priority_rank": 228 }, "geometry": { "type": "Polygon", "coordinates": [ [ [ 126.883080837695445, 37.54096600203745 ], [ 126.883062270473118, 37.543219271644858 ], [ 126.885114959649158, 37.543229978469803 ], [ 126.88513391, 37.54317431 ], [ 126.88528611, 37.5427403 ], [ 126.8854349, 37.54232543 ], [ 126.88543617, 37.54231163 ], [ 126.88543652, 37.54230685 ], [ 126.88543862, 37.54222986 ], [ 126.88544533, 37.54198391 ], [ 126.88544854, 37.54186899 ], [ 126.88544908, 37.54184961 ], [ 126.88545051, 37.54183947 ], [ 126.8854739, 37.54172907 ], [ 126.885490940000011, 37.54164777 ], [ 126.88549388, 37.54163418 ], [ 126.885505420000015, 37.54158096 ], [ 126.88550643, 37.54157627 ], [ 126.88551337, 37.54155404 ], [ 126.88553874, 37.54149493 ], [ 126.885567310000013, 37.54142683 ], [ 126.88561782, 37.54130642 ], [ 126.88566012, 37.54120561 ], [ 126.885711659999984, 37.54108418 ], [ 126.885720090000021, 37.54106376 ], [ 126.885757161193041, 37.540979953961163 ], [ 126.883080837695445, 37.54096600203745 ] ] ] } },
{ "type": "Feature", "properties": { "member_grid_ids": ["11470_01782", "11470_01808", "11470_01834"], "display_grid_id": "11470_00314", "gu_code": 11470, "gu_name": "양천구", "source_cell_count": 7, "area_m2": 11696.47, "mean_actual_lst": 36.7045, "mean_actual_anomaly": -1.8734, "seoul_anomaly": -0.5251, "pred_anomaly": 0.2508, "pred_anomaly_std": 0.9787, "green_delta_c": -0.2919, "building_ratio": 0.2477, "green_ratio": 0.3972, "ndvi": 0.3934, "impervious_ratio": 0.4423, "built_surface_ratio": 0.4423, "avg_ground_floor_count": 0.0, "elevation_m": 53.5995, "albedo": 0.1536, "nearest_park_distance_m": 244.5545, "park_area_within_500m": 60226.3785, "nearest_stream_distance_m": 3674.4207, "est_population_density": 0.0, "dong_elderly_ratio": 0.2026, "dong_avg_age": 44.3, "dong_pop_density": 21928.9, "nearest_shelter_distance_m": 180.5862, "shelter_count_within_500m": 6.0, "est_population": 0.0, "est_elderly": 0.0, "shelter_capacity_within_500m": 558.5, "building_form_group": "low_floor_high_density", "dong_name": "신월5동", "top1_feature": "ndvi", "top1_shap": -0.8446, "top2_feature": "impervious_ratio", "top2_shap": 0.6094, "top3_feature": "building_ratio", "top3_shap": 0.4585, "priority_score": 29.1715, "priority_rank": 333 }, "geometry": { "type": "Polygon", "coordinates": [ [ [ 126.826445637961953, 37.545163252804784 ], [ 126.826465910452697, 37.542910009082767 ], [ 126.826041599358646, 37.542907588042141 ], [ 126.82607841, 37.54295156 ], [ 126.82608191, 37.54296677 ], [ 126.82608042, 37.54330182 ], [ 126.82593616, 37.54360006 ], [ 126.825714590000018, 37.54391227 ], [ 126.82573012, 37.54422932 ], [ 126.82574038, 37.54430226 ], [ 126.82589953999998, 37.54466008 ], [ 126.826012889999987, 37.54488409 ], [ 126.82624175, 37.5451536 ], [ 126.826250085919938, 37.54516213715376 ], [ 126.826445637961953, 37.545163252804784 ] ] ] } },
{ "type": "Feature", "properties": { "member_grid_ids": ["11470_01783", "11470_01784", "11470_01785", "11470_01809", "11470_01810", "11470_01811", "11470_01835", "11470_01836", "11470_01837"], "display_grid_id": "11470_00315", "gu_code": 11470, "gu_name": "양천구", "source_cell_count": 14, "area_m2": 62500.0, "mean_actual_lst": 37.1667, "mean_actual_anomaly": -1.1988, "seoul_anomaly": 0.1494, "pred_anomaly": 0.693, "pred_anomaly_std": 0.9236, "green_delta_c": -0.3047, "building_ratio": 0.2535, "green_ratio": 0.2948, "ndvi": 0.2916, "impervious_ratio": 0.4981, "built_surface_ratio": 0.4981, "avg_ground_floor_count": 5.8919, "elevation_m": 39.8878, "albedo": 0.131, "nearest_park_distance_m": 98.7012, "park_area_within_500m": 51450.4108, "nearest_stream_distance_m": 3581.376, "est_population_density": 19489.376, "dong_elderly_ratio": 0.2026, "dong_avg_age": 44.3, "dong_pop_density": 21928.9, "nearest_shelter_distance_m": 84.1944, "shelter_count_within_500m": 5.44, "est_population": 1218.1, "est_elderly": 246.8, "shelter_capacity_within_500m": 1004.9, "building_form_group": "low_floor_high_density", "dong_name": "신월5동", "top1_feature": "building_ratio", "top1_shap": 0.4857, "top2_feature": "impervious_ratio", "top2_shap": 0.4673, "top3_feature": "ndvi", "top3_shap": -0.3091, "priority_score": 39.4669, "priority_rank": 263 }, "geometry": { "type": "Polygon", "coordinates": [ [ [ 126.826465910452697, 37.542910009082767 ], [ 126.826445637961953, 37.545163252804784 ], [ 126.829275520304989, 37.545179361412565 ], [ 126.829295707638181, 37.542926116387683 ], [ 126.826465910452697, 37.542910009082767 ] ] ] } },
{ "type": "Feature", "properties": { "member_grid_ids": ["11470_01785", "11470_01786", "11470_01811", "11470_01812", "11470_01838"], "display_grid_id": "11470_00316", "gu_code": 11470, "gu_name": "양천구", "source_cell_count": 8, "area_m2": 13769.34, "mean_actual_lst": 36.5256, "mean_actual_anomaly": -1.6583, "seoul_anomaly": -0.3101, "pred_anomaly": 0.4647, "pred_anomaly_std": 0.8673, "green_delta_c": -0.2358, "building_ratio": 0.2435, "green_ratio": 0.2858, "ndvi": 0.3212, "impervious_ratio": 0.493, "built_surface_ratio": 0.493, "avg_ground_floor_count": 6.7642, "elevation_m": 40.3535, "albedo": 0.1251, "nearest_park_distance_m": 13.629, "park_area_within_500m": 54654.7258, "nearest_stream_distance_m": 3497.284, "est_population_density": 27812.7957, "dong_elderly_ratio": 0.2062, "dong_avg_age": 44.3975, "dong_pop_density": 24856.3304, "nearest_shelter_distance_m": 83.7078, "shelter_count_within_500m": 5.8613, "est_population": 383.0, "est_elderly": 77.6, "shelter_capacity_within_500m": 577.5, "building_form_group": "high_floor_low_density", "dong_name": "신월5동", "top1_feature": "ndvi", "top1_shap": -0.4788, "top2_feature": "impervious_ratio", "top2_shap": 0.4681, "top3_feature": "building_ratio", "top3_shap": 0.2788, "priority_score": 28.6167, "priority_rank": 335 }, "geometry": { "type": "Polygon", "coordinates": [ [ [ 126.829295707638181, 37.542926116387683 ], [ 126.829275520304989, 37.545179361412565 ], [ 126.830209427016442, 37.545184662627186 ], [ 126.83017022, 37.54508137 ], [ 126.83012565, 37.54493124 ], [ 126.83011980000002, 37.54490731 ], [ 126.830110410000017, 37.54486899 ], [ 126.83010429, 37.5448428 ], [ 126.83008823, 37.54479819 ], [ 126.83006617, 37.54473687 ], [ 126.830058349999987, 37.54471584 ], [ 126.83004889, 37.54468999 ], [ 126.830045489999989, 37.5446806 ], [ 126.830030150000013, 37.54463828 ], [ 126.82999078, 37.54457404 ], [ 126.829906670000014, 37.54443678 ], [ 126.829816809999983, 37.54431032 ], [ 126.82977449000002, 37.54425076 ], [ 126.82972657, 37.54417013 ], [ 126.82968255, 37.54409605 ], [ 126.829680259999989, 37.54407158 ], [ 126.82968763, 37.54401534 ], [ 126.82969824, 37.54396121 ], [ 126.82970490000001, 37.54394083 ], [ 126.8297237, 37.54388325 ], [ 126.82972577000001, 37.54387487 ], [ 126.829728350000011, 37.54386439 ], [ 126.82971929, 37.54380216 ], [ 126.82971502, 37.54373655 ], [ 126.829717460000012, 37.54372409 ], [ 126.829720720000012, 37.54371684 ], [ 126.829727229999989, 37.54370209 ], [ 126.829732280000016, 37.54369096 ], [ 126.82973673, 37.54368055 ], [ 126.82974213, 37.54366854 ], [ 126.82974419, 37.54366394 ], [ 126.82975058, 37.5436496 ], [ 126.82975378, 37.54364229 ], [ 126.82975979, 37.54362869 ], [ 126.82976637, 37.54361392 ], [ 126.82976871, 37.54360852 ], [ 126.82977524, 37.54359395 ], [ 126.829778659999988, 37.54358628 ], [ 126.82978829, 37.54356456 ], [ 126.82981012, 37.54351567 ], [ 126.82987738, 37.54336385 ], [ 126.82987944, 37.54335922 ], [ 126.82993115, 37.54324272 ], [ 126.82993417, 37.54323597 ], [ 126.82993666, 37.54323034 ], [ 126.82995425999998, 37.5431918 ], [ 126.829969360000021, 37.54315972 ], [ 126.83006562, 37.54295485 ], [ 126.830078264532872, 37.542930558758222 ], [ 126.829295707638181, 37.542926116387683 ] ] ] } },
{ "type": "Feature", "properties": { "member_grid_ids": ["11470_01787", "11470_01788", "11470_01813", "11470_01814", "11470_01839", "11470_01840"], "display_grid_id": "11470_00317", "gu_code": 11470, "gu_name": "양천구", "source_cell_count": 8, "area_m2": 21679.54, "mean_actual_lst": 39.3994, "mean_actual_anomaly": 1.2519, "seoul_anomaly": 2.6001, "pred_anomaly": 2.9935, "pred_anomaly_std": 0.6924, "green_delta_c": -0.4167, "building_ratio": 0.3684, "green_ratio": 0.2533, "ndvi": 0.0962, "impervious_ratio": 0.3132, "built_surface_ratio": 0.3132, "avg_ground_floor_count": 3.5394, "elevation_m": 36.3763, "albedo": 0.1058, "nearest_park_distance_m": 486.295, "park_area_within_500m": 7515.556, "nearest_stream_distance_m": 1492.5746, "est_population_density": 23066.6164, "dong_elderly_ratio": 0.1823, "dong_avg_age": 43.7, "dong_pop_density": 39142.8, "nearest_shelter_distance_m": 131.3138, "shelter_count_within_500m": 13.5132, "est_population": 500.1, "est_elderly": 91.2, "shelter_capacity_within_500m": 1437.1, "building_form_group": "low_floor_high_density", "dong_name": "목3동", "top1_feature": "building_ratio", "top1_shap": 0.8475, "top2_feature": "ndvi", "top2_shap": 0.6363, "top3_feature": "impervious_ratio", "top3_shap": 0.2836, "priority_score": 51.5562, "priority_rank": 158 }, "geometry": { "type": "Polygon", "coordinates": [ [ [ 126.863234281074227, 37.545367375276996 ], [ 126.863253446496117, 37.543114115045341 ], [ 126.862572503576601, 37.543110441127183 ], [ 126.862496680000021, 37.54324987 ], [ 126.862275770000011, 37.5436561 ], [ 126.8621762, 37.5438984 ], [ 126.86216637, 37.54392233 ], [ 126.8621628, 37.54393359 ], [ 126.86215822, 37.54395682 ], [ 126.862136210000017, 37.54406843 ], [ 126.86212069, 37.5441461 ], [ 126.86212021, 37.54415155 ], [ 126.86211484, 37.54435615 ], [ 126.86211868, 37.54446709 ], [ 126.862119519999979, 37.54448878 ], [ 126.86214659, 37.54457158 ], [ 126.8623303, 37.54513407 ], [ 126.862393967469771, 37.54536284070258 ], [ 126.863234281074227, 37.545367375276996 ] ] ] } },
{ "type": "Feature", "properties": { "member_grid_ids": ["11470_01788", "11470_01789", "11470_01790", "11470_01814", "11470_01815", "11470_01816", "11470_01841", "11470_01842"], "display_grid_id": "11470_00318", "gu_code": 11470, "gu_name": "양천구", "source_cell_count": 13, "area_m2": 62500.0, "mean_actual_lst": 39.5538, "mean_actual_anomaly": 1.5503, "seoul_anomaly": 2.8985, "pred_anomaly": 3.1905, "pred_anomaly_std": 0.6079, "green_delta_c": -0.364, "building_ratio": 0.4569, "green_ratio": 0.2509, "ndvi": 0.0947, "impervious_ratio": 0.3148, "built_surface_ratio": 0.3148, "avg_ground_floor_count": 4.0922, "elevation_m": 38.036, "albedo": 0.1031, "nearest_park_distance_m": 390.226, "park_area_within_500m": 21473.5584, "nearest_stream_distance_m": 1366.61, "est_population_density": 31933.2, "dong_elderly_ratio": 0.1823, "dong_avg_age": 43.7, "dong_pop_density": 39142.8, "nearest_shelter_distance_m": 83.398, "shelter_count_within_500m": 13.48, "est_population": 1995.8, "est_elderly": 363.8, "shelter_capacity_within_500m": 2602.8, "building_form_group": "low_floor_high_density", "dong_name": "목3동", "top1_feature": "building_ratio", "top1_shap": 1.1564, "top2_feature": "ndvi", "top2_shap": 0.6003, "top3_feature": "nearest_stream_distance_m", "top3_shap": -0.2277, "priority_score": 58.6888, "priority_rank": 106 }, "geometry": { "type": "Polygon", "coordinates": [ [ [ 126.863253446496117, 37.543114115045341 ], [ 126.863234281074227, 37.545367375276996 ], [ 126.866064191905053, 37.545382602308344 ], [ 126.866083272166023, 37.543129340845113 ], [ 126.863253446496117, 37.543114115045341 ] ] ] } },
{ "type": "Feature", "properties": { "member_grid_ids": ["11470_01791", "11470_01792", "11470_01793", "11470_01817", "11470_01818", "11470_01819", "11470_01843", "11470_01844", "11470_01845"], "display_grid_id": "11470_00319", "gu_code": 11470, "gu_name": "양천구", "source_cell_count": 14, "area_m2": 62500.0, "mean_actual_lst": 38.299, "mean_actual_anomaly": 0.2878, "seoul_anomaly": 1.636, "pred_anomaly": 0.8248, "pred_anomaly_std": 0.8325, "green_delta_c": -0.5825, "building_ratio": 0.245, "green_ratio": 0.3506, "ndvi": 0.2743, "impervious_ratio": 0.3452, "built_surface_ratio": 0.3452, "avg_ground_floor_count": 6.5441, "elevation_m": 40.2699, "albedo": 0.1033, "nearest_park_distance_m": 184.9948, "park_area_within_500m": 43626.7352, "nearest_stream_distance_m": 1147.4084, "est_population_density": 26174.0, "dong_elderly_ratio": 0.17, "dong_avg_age": 43.1, "dong_pop_density": 32345.34, "nearest_shelter_distance_m": 89.9244, "shelter_count_within_500m": 12.88, "est_population": 1635.9, "est_elderly": 280.2, "shelter_capacity_within_500m": 2937.8, "building_form_group": "high_floor_high_density", "dong_name": "목2동", "top1_feature": "building_ratio", "top1_shap": 0.4558, "top2_feature": "ndvi", "top2_shap": -0.3034, "top3_feature": "green_ratio", "top3_shap": -0.3285, "priority_score": 54.1066, "priority_rank": 139 }, "geometry": { "type": "Polygon", "coordinates": [ [ [ 126.866083272166023, 37.543129340845113 ], [ 126.866064191905053, 37.545382602308344 ], [ 126.8688941048609, 37.54539776152501 ], [ 126.868913099960679, 37.54314449883568 ], [ 126.866083272166023, 37.543129340845113 ] ] ] } },
{ "type": "Feature", "properties": { "member_grid_ids": ["11470_01793", "11470_01794", "11470_01795", "11470_01819", "11470_01820", "11470_01821", "11470_01846", "11470_01847"], "display_grid_id": "11470_00320", "gu_code": 11470, "gu_name": "양천구", "source_cell_count": 9, "area_m2": 62500.0, "mean_actual_lst": 40.2042, "mean_actual_anomaly": 2.1897, "seoul_anomaly": 3.538, "pred_anomaly": 3.058, "pred_anomaly_std": 0.6016, "green_delta_c": -0.597, "building_ratio": 0.4015, "green_ratio": 0.2793, "ndvi": 0.137, "impervious_ratio": 0.2827, "built_surface_ratio": 0.2827, "avg_ground_floor_count": 4.4029, "elevation_m": 26.0841, "albedo": 0.1018, "nearest_park_distance_m": 95.526, "park_area_within_500m": 72980.5992, "nearest_stream_distance_m": 945.934, "est_population_density": 29818.8, "dong_elderly_ratio": 0.1618, "dong_avg_age": 42.7, "dong_pop_density": 27813.7, "nearest_shelter_distance_m": 123.55, "shelter_count_within_500m": 14.16, "est_population": 1863.7, "est_elderly": 301.5, "shelter_capacity_within_500m": 3108.7, "building_form_group": "high_floor_high_density", "dong_name": "목2동", "top1_feature": "building_ratio", "top1_shap": 1.1258, "top2_feature": "ndvi", "top2_shap": 0.4457, "top3_feature": "impervious_ratio", "top3_shap": 0.3433, "priority_score": 67.4207, "priority_rank": 42 }, "geometry": { "type": "Polygon", "coordinates": [ [ [ 126.868913099960679, 37.54314449883568 ], [ 126.8688941048609, 37.54539776152501 ], [ 126.87172401993223, 37.545412852926816 ], [ 126.871742929870592, 37.543159589016874 ], [ 126.868913099960679, 37.54314449883568 ] ] ] } },
{ "type": "Feature", "properties": { "member_grid_ids": ["11470_01796", "11470_01797", "11470_01798", "11470_01822", "11470_01823", "11470_01824", "11470_01848", "11470_01849", "11470_01850"], "display_grid_id": "11470_00321", "gu_code": 11470, "gu_name": "양천구", "source_cell_count": 12, "area_m2": 62500.0, "mean_actual_lst": 41.4329, "mean_actual_anomaly": 3.0536, "seoul_anomaly": 4.4019, "pred_anomaly": 3.9965, "pred_anomaly_std": 0.5597, "green_delta_c": -0.2514, "building_ratio": 0.4348, "green_ratio": 0.2468, "ndvi": 0.0846, "impervious_ratio": 0.2629, "built_surface_ratio": 0.2629, "avg_ground_floor_count": 3.9714, "elevation_m": 24.3723, "albedo": 0.1075, "nearest_park_distance_m": 198.5264, "park_area_within_500m": 116492.3364, "nearest_stream_distance_m": 730.0912, "est_population_density": 30721.6, "dong_elderly_ratio": 0.1618, "dong_avg_age": 42.7, "dong_pop_density": 27813.7, "nearest_shelter_distance_m": 80.2168, "shelter_count_within_500m": 11.84, "est_population": 1920.1, "est_elderly": 310.8, "shelter_capacity_within_500m": 2535.8, "building_form_group": "high_floor_high_density", "dong_name": "목2동", "top1_feature": "building_ratio", "top1_shap": 1.2041, "top2_feature": "ndvi", "top2_shap": 0.6741, "top3_feature": "impervious_ratio", "top3_shap": 0.3843, "priority_score": 59.3804, "priority_rank": 99 }, "geometry": { "type": "Polygon", "coordinates": [ [ [ 126.871742929870592, 37.543159589016874 ], [ 126.87172401993223, 37.545412852926816 ], [ 126.874553937109582, 37.545427876513614 ], [ 126.874572761886256, 37.543174611388544 ], [ 126.871742929870592, 37.543159589016874 ] ] ] } },
{ "type": "Feature", "properties": { "member_grid_ids": ["11470_01798", "11470_01799", "11470_01800", "11470_01824", "11470_01825", "11470_01826", "11470_01851", "11470_01852"], "display_grid_id": "11470_00322", "gu_code": 11470, "gu_name": "양천구", "source_cell_count": 14, "area_m2": 62500.0, "mean_actual_lst": 39.4903, "mean_actual_anomaly": 0.7351, "seoul_anomaly": 2.0833, "pred_anomaly": 1.7584, "pred_anomaly_std": 0.7731, "green_delta_c": -0.3844, "building_ratio": 0.301, "green_ratio": 0.3433, "ndvi": 0.215, "impervious_ratio": 0.3049, "built_surface_ratio": 0.3049, "avg_ground_floor_count": 6.383, "elevation_m": 30.7456, "albedo": 0.0989, "nearest_park_distance_m": 202.2696, "park_area_within_500m": 162526.1668, "nearest_stream_distance_m": 541.3608, "est_population_density": 20877.6, "dong_elderly_ratio": 0.1618, "dong_avg_age": 42.7, "dong_pop_density": 27813.7, "nearest_shelter_distance_m": 134.4776, "shelter_count_within_500m": 11.28, "est_population": 1304.8, "est_elderly": 211.2, "shelter_capacity_within_500m": 2173.8, "building_form_group": "high_floor_high_density", "dong_name": "목2동", "top1_feature": "building_ratio", "top1_shap": 0.7, "top2_feature": "ndvi", "top2_shap": 0.0715, "top3_feature": "green_ratio", "top3_shap": -0.358, "priority_score": 50.5836, "priority_rank": 165 }, "geometry": { "type": "Polygon", "coordinates": [ [ [ 126.874572761886256, 37.543174611388544 ], [ 126.874553937109582, 37.545427876513614 ], [ 126.877383856383489, 37.545442832285254 ], [ 126.877402595998248, 37.543189565950527 ], [ 126.874572761886256, 37.543174611388544 ] ] ] } },
{ "type": "Feature", "properties": { "member_grid_ids": ["11470_01801", "11470_01802", "11470_01803", "11470_01827", "11470_01828", "11470_01829", "11470_01853", "11470_01854", "11470_01855"], "display_grid_id": "11470_00323", "gu_code": 11470, "gu_name": "양천구", "source_cell_count": 11, "area_m2": 62500.0, "mean_actual_lst": 36.5699, "mean_actual_anomaly": -2.2271, "seoul_anomaly": -0.8789, "pred_anomaly": -1.5301, "pred_anomaly_std": 0.7591, "green_delta_c": -0.5515, "building_ratio": 0.103, "green_ratio": 0.5658, "ndvi": 0.4164, "impervious_ratio": 0.2149, "built_surface_ratio": 0.2149, "avg_ground_floor_count": 2.4131, "elevation_m": 44.3835, "albedo": 0.1152, "nearest_park_distance_m": 152.606, "park_area_within_500m": 174206.2256, "nearest_stream_distance_m": 346.4524, "est_population_density": 2795.6, "dong_elderly_ratio": 0.1618, "dong_avg_age": 42.7, "dong_pop_density": 27813.7, "nearest_shelter_distance_m": 192.0836, "shelter_count_within_500m": 6.56, "est_population": 174.7, "est_elderly": 28.3, "shelter_capacity_within_500m": 1103.7, "building_form_group": "low_floor_low_density", "dong_name": "목2동", "top1_feature": "green_ratio", "top1_shap": -0.9667, "top2_feature": "ndvi", "top2_shap": -0.7055, "top3_feature": "building_ratio", "top3_shap": -0.1186, "priority_score": 40.4251, "priority_rank": 254 }, "geometry": { "type": "Polygon", "coordinates": [ [ [ 126.877402595998248, 37.543189565950527 ], [ 126.877383856383489, 37.545442832285254 ], [ 126.880213777744444, 37.545457720241565 ], [ 126.880232432197019, 37.543204452702696 ], [ 126.877402595998248, 37.543189565950527 ] ] ] } },
{ "type": "Feature", "properties": { "member_grid_ids": ["11470_01803", "11470_01804", "11470_01805", "11470_01829", "11470_01830", "11470_01831", "11470_01856", "11470_01857"], "display_grid_id": "11470_00324", "gu_code": 11470, "gu_name": "양천구", "source_cell_count": 16, "area_m2": 62500.0, "mean_actual_lst": 39.6836, "mean_actual_anomaly": 0.8309, "seoul_anomaly": 2.1791, "pred_anomaly": 1.7766, "pred_anomaly_std": 0.8688, "green_delta_c": -0.4644, "building_ratio": 0.2152, "green_ratio": 0.2687, "ndvi": 0.206, "impervious_ratio": 0.4725, "built_surface_ratio": 0.4725, "avg_ground_floor_count": 4.1122, "elevation_m": 25.2997, "albedo": 0.1252, "nearest_park_distance_m": 30.1676, "park_area_within_500m": 150311.9336, "nearest_stream_distance_m": 162.9356, "est_population_density": 13932.328, "dong_elderly_ratio": 0.16, "dong_avg_age": 42.3, "dong_pop_density": 26851.268, "nearest_shelter_distance_m": 217.9996, "shelter_count_within_500m": 4.16, "est_population": 870.8, "est_elderly": 140.5, "shelter_capacity_within_500m": 688.3, "building_form_group": "high_floor_low_density", "dong_name": "목2동", "top1_feature": "impervious_ratio", "top1_shap": 0.448, "top2_feature": "building_ratio", "top2_shap": 0.3291, "top3_feature": "built_surface_ratio", "top3_shap": 0.2774, "priority_score": 59.8343, "priority_rank": 91 }, "geometry": { "type": "Polygon", "coordinates": [ [ [ 126.880232432197019, 37.543204452702696 ], [ 126.880213777744444, 37.545457720241565 ], [ 126.88304370118297, 37.545472540382406 ], [ 126.883062270473118, 37.543219271644858 ], [ 126.880232432197019, 37.543204452702696 ] ] ] } },
{ "type": "Feature", "properties": { "member_grid_ids": ["11470_01806", "11470_01807", "11470_01832", "11470_01833", "11470_01858"], "display_grid_id": "11470_00325", "gu_code": 11470, "gu_name": "양천구", "source_cell_count": 8, "area_m2": 22134.5, "mean_actual_lst": 38.2744, "mean_actual_anomaly": -0.5783, "seoul_anomaly": 0.7699, "pred_anomaly": 0.0274, "pred_anomaly_std": 0.9399, "green_delta_c": -0.4299, "building_ratio": 0.0428, "green_ratio": 0.3091, "ndvi": 0.2914, "impervious_ratio": 0.3867, "built_surface_ratio": 0.3867, "avg_ground_floor_count": 2.0338, "elevation_m": 9.7994, "albedo": 0.161, "nearest_park_distance_m": 42.3101, "park_area_within_500m": 131367.6407, "nearest_stream_distance_m": 38.5818, "est_population_density": 117.4451, "dong_elderly_ratio": 0.1556, "dong_avg_age": 41.3667, "dong_pop_density": 24488.669, "nearest_shelter_distance_m": 278.1743, "shelter_count_within_500m": 4.0741, "est_population": 2.6, "est_elderly": 0.4, "shelter_capacity_within_500m": 594.5, "building_form_group": "low_floor_low_density", "dong_name": "목5동", "top1_feature": "ndvi", "top1_shap": -0.4002, "top2_feature": "elevation_m", "top2_shap": -0.2786, "top3_feature": "impervious_ratio", "top3_shap": 0.2445, "priority_score": 45.9942, "priority_rank": 197 }, "geometry": { "type": "Polygon", "coordinates": [ [ [ 126.883062270473118, 37.543219271644858 ], [ 126.88304370118297, 37.545472540382406 ], [ 126.883087446035631, 37.545472768939263 ], [ 126.88318379, 37.54540092 ], [ 126.883325049999982, 37.54529802 ], [ 126.88352862, 37.54514223 ], [ 126.88361484, 37.54507221 ], [ 126.88372071, 37.54498278 ], [ 126.88390946, 37.54481037 ], [ 126.884021529999984, 37.54470631 ], [ 126.88409184, 37.54463683 ], [ 126.884131530000019, 37.54458281 ], [ 126.88417334, 37.54452542 ], [ 126.88419622, 37.54448264 ], [ 126.88422464, 37.5443999 ], [ 126.88423979, 37.54431938 ], [ 126.88425035, 37.54424393 ], [ 126.88425064, 37.54416678 ], [ 126.8842503, 37.54404009 ], [ 126.884248700000015, 37.54393562 ], [ 126.884265439999979, 37.54386188 ], [ 126.884265590000012, 37.54385428 ], [ 126.884267550000018, 37.54375376 ], [ 126.88424522, 37.54356509 ], [ 126.88434275, 37.54349029 ], [ 126.88434754, 37.54348297 ], [ 126.88442638, 37.54337606 ], [ 126.88467113, 37.5433397 ], [ 126.88469767, 37.54333072 ], [ 126.8847051, 37.54332594 ], [ 126.88472956, 37.54329189 ], [ 126.88508648, 37.54331364 ], [ 126.885114959649158, 37.543229978469803 ], [ 126.883062270473118, 37.543219271644858 ] ] ] } },
{ "type": "Feature", "properties": { "member_grid_ids": ["11470_01834"], "display_grid_id": "11470_00326", "gu_code": 11470, "gu_name": "양천구", "source_cell_count": 2, "area_m2": 167.85, "mean_actual_lst": 38.2239, "mean_actual_anomaly": -0.2861, "seoul_anomaly": 1.0621, "pred_anomaly": 2.9648, "pred_anomaly_std": 1.2254, "green_delta_c": -0.2751, "building_ratio": 0.2875, "green_ratio": 0.2614, "ndvi": 0.1963, "impervious_ratio": 0.5134, "built_surface_ratio": 0.5134, "avg_ground_floor_count": 0.0, "elevation_m": 52.575, "albedo": 0.169, "nearest_park_distance_m": 243.84, "park_area_within_500m": 112077.17, "nearest_stream_distance_m": 3590.61, "est_population_density": 0.0, "dong_elderly_ratio": 0.2026, "dong_avg_age": 44.3, "dong_pop_density": 21928.9, "nearest_shelter_distance_m": 196.06, "shelter_count_within_500m": 6.0, "est_population": 0.0, "est_elderly": 0.0, "shelter_capacity_within_500m": 17.5, "building_form_group": "low_floor_high_density", "dong_name": "신월5동", "top1_feature": "impervious_ratio", "top1_shap": 0.571, "top2_feature": "building_ratio", "top2_shap": 0.5679, "top3_feature": "albedo", "top3_shap": 0.4852, "priority_score": 38.2493, "priority_rank": 275 }, "geometry": { "type": "Polygon", "coordinates": [ [ [ 126.826445637961953, 37.545163252804784 ], [ 126.826250085919938, 37.54516213715376 ], [ 126.82633206, 37.54524609 ], [ 126.826342290000014, 37.54525427 ], [ 126.826444220812988, 37.545320756445015 ], [ 126.826445637961953, 37.545163252804784 ] ] ] } },
{ "type": "Feature", "properties": { "member_grid_ids": ["11470_01835", "11470_01836", "11470_01837", "11470_01859", "11470_01860", "11470_01861", "11470_01882", "11470_01883", "11470_01884"], "display_grid_id": "11470_00327", "gu_code": 11470, "gu_name": "양천구", "source_cell_count": 12, "area_m2": 49648.76, "mean_actual_lst": 33.8113, "mean_actual_anomaly": -4.4543, "seoul_anomaly": -3.1061, "pred_anomaly": -3.0021, "pred_anomaly_std": 1.077, "green_delta_c": -0.7523, "building_ratio": 0.0641, "green_ratio": 0.6356, "ndvi": 0.4284, "impervious_ratio": 0.2051, "built_surface_ratio": 0.2051, "avg_ground_floor_count": 1.5087, "elevation_m": 54.7564, "albedo": 0.152, "nearest_park_distance_m": 127.9682, "park_area_within_500m": 159617.5267, "nearest_stream_distance_m": 3381.1481, "est_population_density": 722.0725, "dong_elderly_ratio": 0.2026, "dong_avg_age": 44.3, "dong_pop_density": 21928.9, "nearest_shelter_distance_m": 143.9031, "shelter_count_within_500m": 4.5965, "est_population": 35.9, "est_elderly": 7.3, "shelter_capacity_within_500m": 906.9, "building_form_group": "no_building", "dong_name": "신월5동", "top1_feature": "building_ratio", "top1_shap": -0.7832, "top2_feature": "green_ratio", "top2_shap": -0.7535, "top3_feature": "ndvi", "top3_shap": -0.6107, "priority_score": 34.8992, "priority_rank": 305 }, "geometry": { "type": "Polygon", "coordinates": [ [ [ 126.829255330723541, 37.547432605566193 ], [ 126.829275520304989, 37.545179361412565 ], [ 126.826445637961953, 37.545163252804784 ], [ 126.826444220812988, 37.545320756445015 ], [ 126.826487230000012, 37.54534881 ], [ 126.82654443, 37.54538606 ], [ 126.82655397, 37.545392819999989 ], [ 126.826559960000012, 37.54539875 ], [ 126.82662311, 37.54546191 ], [ 126.82678748, 37.54579298 ], [ 126.82686491, 37.54587447 ], [ 126.826959820000013, 37.54596527 ], [ 126.82701984, 37.54608136 ], [ 126.82705196000002, 37.54648405 ], [ 126.827067140000011, 37.54656825 ], [ 126.82710394, 37.54663729 ], [ 126.82712468, 37.54669307 ], [ 126.82720018, 37.54676723 ], [ 126.827230340000014, 37.54679938 ], [ 126.82739524, 37.54690407 ], [ 126.82741303, 37.54693141 ], [ 126.827452130000012, 37.54699904 ], [ 126.82742875, 37.547243399999985 ], [ 126.827468652668784, 37.547422442592669 ], [ 126.829255330723541, 37.547432605566193 ] ] ] } },
{ "type": "Feature", "properties": { "member_grid_ids": ["11470_01838", "11470_01861", "11470_01862", "11470_01884", "11470_01885"], "display_grid_id": "11470_00328", "gu_code": 11470, "gu_name": "양천구", "source_cell_count": 7, "area_m2": 18857.01, "mean_actual_lst": 34.8361, "mean_actual_anomaly": -3.2512, "seoul_anomaly": -1.9029, "pred_anomaly": -2.0672, "pred_anomaly_std": 1.0369, "green_delta_c": -0.6803, "building_ratio": 0.1177, "green_ratio": 0.5702, "ndvi": 0.4583, "impervious_ratio": 0.2651, "built_surface_ratio": 0.2651, "avg_ground_floor_count": 0.7904, "elevation_m": 51.7596, "albedo": 0.1402, "nearest_park_distance_m": 117.8081, "park_area_within_500m": 128079.6734, "nearest_stream_distance_m": 3315.7181, "est_population_density": 1251.5241, "dong_elderly_ratio": 0.205, "dong_avg_age": 44.3641, "dong_pop_density": 23852.1244, "nearest_shelter_distance_m": 158.9406, "shelter_count_within_500m": 4.251, "est_population": 23.6, "est_elderly": 4.8, "shelter_capacity_within_500m": 423.7, "building_form_group": "low_floor_low_density", "dong_name": "신월5동", "top1_feature": "ndvi", "top1_shap": -0.9565, "top2_feature": "green_ratio", "top2_shap": -0.8876, "top3_feature": "building_ratio", "top3_shap": -0.3927, "priority_score": 37.1469, "priority_rank": 282 }, "geometry": { "type": "Polygon", "coordinates": [ [ [ 126.829275520304989, 37.545179361412565 ], [ 126.829255330723541, 37.547432605566193 ], [ 126.829807708428476, 37.547435742126829 ], [ 126.82982494, 37.54723029 ], [ 126.829826400000016, 37.54722336 ], [ 126.82983692, 37.54717373 ], [ 126.8298828, 37.54703207 ], [ 126.82992862, 37.54689061 ], [ 126.82995521, 37.54678281 ], [ 126.830004, 37.54662181 ], [ 126.830004139999986, 37.54657059 ], [ 126.83000369, 37.54656239 ], [ 126.83000313, 37.54655256 ], [ 126.83003866, 37.54647912 ], [ 126.830041240000014, 37.54647405 ], [ 126.830052690000016, 37.54645155 ], [ 126.83006812, 37.54642709 ], [ 126.83007452, 37.54641695 ], [ 126.83010286, 37.54623736 ], [ 126.830106300000011, 37.54620752 ], [ 126.830124, 37.54619741 ], [ 126.83013072, 37.54619573 ], [ 126.83023546, 37.54616857 ], [ 126.83030278, 37.54605115 ], [ 126.83045542, 37.5457747 ], [ 126.83036408, 37.54559212 ], [ 126.83023808, 37.54526015 ], [ 126.830209427016442, 37.545184662627186 ], [ 126.829275520304989, 37.545179361412565 ] ] ] } },
{ "type": "Feature", "properties": { "member_grid_ids": ["11470_01839", "11470_01840", "11470_01863", "11470_01864"], "display_grid_id": "11470_00329", "gu_code": 11470, "gu_name": "양천구", "source_cell_count": 5, "area_m2": 10641.6, "mean_actual_lst": 39.8404, "mean_actual_anomaly": 1.861, "seoul_anomaly": 3.2093, "pred_anomaly": 2.9392, "pred_anomaly_std": 0.6249, "green_delta_c": -0.3348, "building_ratio": 0.3791, "green_ratio": 0.2506, "ndvi": 0.0865, "impervious_ratio": 0.2752, "built_surface_ratio": 0.2752, "avg_ground_floor_count": 3.9199, "elevation_m": 28.3118, "albedo": 0.1027, "nearest_park_distance_m": 293.4481, "park_area_within_500m": 77534.1528, "nearest_stream_distance_m": 1368.4013, "est_population_density": 26444.0147, "dong_elderly_ratio": 0.1823, "dong_avg_age": 43.7, "dong_pop_density": 39142.8, "nearest_shelter_distance_m": 160.8299, "shelter_count_within_500m": 13.5809, "est_population": 281.4, "est_elderly": 51.3, "shelter_capacity_within_500m": 899.4, "building_form_group": "high_floor_high_density", "dong_name": "목3동", "top1_feature": "building_ratio", "top1_shap": 0.9798, "top2_feature": "ndvi", "top2_shap": 0.6582, "top3_feature": "impervious_ratio", "top3_shap": 0.2904, "priority_score": 51.9741, "priority_rank": 154 }, "geometry": { "type": "Polygon", "coordinates": [ [ [ 126.863215113517853, 37.547620634638278 ], [ 126.863234281074227, 37.545367375276996 ], [ 126.862393967469771, 37.54536284070258 ], [ 126.86240041, 37.54538599 ], [ 126.862440850000013, 37.54553383 ], [ 126.86244903, 37.54556388 ], [ 126.862478, 37.54565446 ], [ 126.862499560000018, 37.5457222 ], [ 126.86250971, 37.54575408 ], [ 126.86253551, 37.54583512 ], [ 126.862540960000018, 37.54585202 ], [ 126.86254940000002, 37.54587877 ], [ 126.86255732, 37.54590328 ], [ 126.86256348, 37.54592306 ], [ 126.86256575, 37.54593032 ], [ 126.86256896, 37.54594023 ], [ 126.86257049, 37.54594497 ], [ 126.86257472, 37.54595821 ], [ 126.86257644, 37.54596371 ], [ 126.86257788, 37.54596835000001 ], [ 126.862587980000015, 37.54600291 ], [ 126.86262029, 37.546105849999989 ], [ 126.86270672, 37.54637817 ], [ 126.862721109999981, 37.54642361 ], [ 126.86274838, 37.54650971 ], [ 126.86276982, 37.54657674 ], [ 126.862786, 37.54662716 ], [ 126.862789, 37.54663646 ], [ 126.862790570000016, 37.54664153 ], [ 126.86279338, 37.54665025 ], [ 126.86279497, 37.54665504 ], [ 126.86279972, 37.54666969 ], [ 126.86280602, 37.54668963 ], [ 126.86281342, 37.54671307 ], [ 126.86283961, 37.54679475 ], [ 126.86289129, 37.54695981 ], [ 126.86291169, 37.54702515 ], [ 126.862926720000019, 37.54707333 ], [ 126.86298585, 37.54726288 ], [ 126.86301336, 37.54735109 ], [ 126.86306309, 37.54751066 ], [ 126.863092899999984, 37.5476065 ], [ 126.863097106692905, 37.547619998168067 ], [ 126.863215113517853, 37.547620634638278 ] ] ] } },
{ "type": "Feature", "properties": { "member_grid_ids": ["11470_01841", "11470_01842", "11470_01864", "11470_01865", "11470_01866", "11470_01886", "11470_01887", "11470_01888"], "display_grid_id": "11470_00330", "gu_code": 11470, "gu_name": "양천구", "source_cell_count": 14, "area_m2": 62500.0, "mean_actual_lst": 39.5799, "mean_actual_anomaly": 1.6102, "seoul_anomaly": 2.9585, "pred_anomaly": 3.3104, "pred_anomaly_std": 0.5403, "green_delta_c": -0.3415, "building_ratio": 0.4302, "green_ratio": 0.2421, "ndvi": 0.0951, "impervious_ratio": 0.3043, "built_surface_ratio": 0.3043, "avg_ground_floor_count": 4.3203, "elevation_m": 28.9092, "albedo": 0.0984, "nearest_park_distance_m": 230.8644, "park_area_within_500m": 110164.8832, "nearest_stream_distance_m": 1243.7348, "est_population_density": 31515.12, "dong_elderly_ratio": 0.1823, "dong_avg_age": 43.7, "dong_pop_density": 39142.8, "nearest_shelter_distance_m": 131.258, "shelter_count_within_500m": 11.8, "est_population": 1969.7, "est_elderly": 359.0, "shelter_capacity_within_500m": 2143.8, "building_form_group": "high_floor_high_density", "dong_name": "목3동", "top1_feature": "building_ratio", "top1_shap": 1.1243, "top2_feature": "ndvi", "top2_shap": 0.6135, "top3_feature": "impervious_ratio", "top3_shap": 0.3415, "priority_score": 62.4063, "priority_rank": 73 }, "geometry": { "type": "Polygon", "coordinates": [ [ [ 126.863234281074227, 37.545367375276996 ], [ 126.863215113517853, 37.547620634638278 ], [ 126.866045109519092, 37.547635862901288 ], [ 126.866064191905053, 37.545382602308344 ], [ 126.863234281074227, 37.545367375276996 ] ] ] } },
{ "type": "Feature", "properties": { "member_grid_ids": ["11470_01843", "11470_01844", "11470_01845", "11470_01867", "11470_01868", "11470_01869", "11470_01889", "11470_01890", "11470_01891"], "display_grid_id": "11470_00331", "gu_code": 11470, "gu_name": "양천구", "source_cell_count": 9, "area_m2": 62500.0, "mean_actual_lst": 38.6706, "mean_actual_anomaly": 0.5566, "seoul_anomaly": 1.9048, "pred_anomaly": 1.2467, "pred_anomaly_std": 0.7948, "green_delta_c": -0.2738, "building_ratio": 0.2648, "green_ratio": 0.2399, "ndvi": 0.1691, "impervious_ratio": 0.3961, "built_surface_ratio": 0.3961, "avg_ground_floor_count": 15.6401, "elevation_m": 33.7984, "albedo": 0.0925, "nearest_park_distance_m": 161.8564, "park_area_within_500m": 155519.8384, "nearest_stream_distance_m": 1019.3348, "est_population_density": 71721.2, "dong_elderly_ratio": 0.1782, "dong_avg_age": 43.5, "dong_pop_density": 36876.98, "nearest_shelter_distance_m": 178.8828, "shelter_count_within_500m": 11.84, "est_population": 4482.6, "est_elderly": 806.5, "shelter_capacity_within_500m": 2668.7, "building_form_group": "high_floor_high_density", "dong_name": "목3동", "top1_feature": "avg_ground_floor_count", "top1_shap": -0.5852, "top2_feature": "building_ratio", "top2_shap": 0.4241, "top3_feature": "impervious_ratio", "top3_shap": 0.3414, "priority_score": 63.2997, "priority_rank": 66 }, "geometry": { "type": "Polygon", "coordinates": [ [ [ 126.866064191905053, 37.545382602308344 ], [ 126.866045109519092, 37.547635862901288 ], [ 126.868875107645621, 37.547651023344116 ], [ 126.8688941048609, 37.54539776152501 ], [ 126.866064191905053, 37.545382602308344 ] ] ] } },
{ "type": "Feature", "properties": { "member_grid_ids": ["11470_01846", "11470_01847", "11470_01869", "11470_01870", "11470_01871", "11470_01891", "11470_01892", "11470_01893"], "display_grid_id": "11470_00332", "gu_code": 11470, "gu_name": "양천구", "source_cell_count": 11, "area_m2": 60798.73, "mean_actual_lst": 41.1838, "mean_actual_anomaly": 2.7549, "seoul_anomaly": 4.1031, "pred_anomaly": 3.4635, "pred_anomaly_std": 0.5673, "green_delta_c": -0.3285, "building_ratio": 0.3963, "green_ratio": 0.2308, "ndvi": 0.1136, "impervious_ratio": 0.3947, "built_surface_ratio": 0.3947, "avg_ground_floor_count": 4.6993, "elevation_m": 23.3197, "albedo": 0.1149, "nearest_park_distance_m": 77.2701, "park_area_within_500m": 161646.1239, "nearest_stream_distance_m": 819.9983, "est_population_density": 33618.7078, "dong_elderly_ratio": 0.1669, "dong_avg_age": 42.9467, "dong_pop_density": 30608.7667, "nearest_shelter_distance_m": 131.281, "shelter_count_within_500m": 13.0148, "est_population": 2044.0, "est_elderly": 337.8, "shelter_capacity_within_500m": 2676.8, "building_form_group": "high_floor_high_density", "dong_name": "목2동", "top1_feature": "building_ratio", "top1_shap": 1.0334, "top2_feature": "ndvi", "top2_shap": 0.4348, "top3_feature": "impervious_ratio", "top3_shap": 0.4318, "priority_score": 68.8761, "priority_rank": 33 }, "geometry": { "type": "Polygon", "coordinates": [ [ [ 126.87172401993223, 37.545412852926816 ], [ 126.8688941048609, 37.54539776152501 ], [ 126.868875107645621, 37.547651023344116 ], [ 126.87079897514468, 37.547661290869044 ], [ 126.870810010000014, 37.54765612 ], [ 126.87089317, 37.54761821 ], [ 126.87099987, 37.5475699 ], [ 126.8711954, 37.54748874 ], [ 126.87139426, 37.54741266 ], [ 126.87159614, 37.547342209999989 ], [ 126.871708125996335, 37.547306542309919 ], [ 126.87172401993223, 37.545412852926816 ] ] ] } },
{ "type": "Feature", "properties": { "member_grid_ids": ["11470_01848", "11470_01849", "11470_01850", "11470_01872", "11470_01873", "11470_01874", "11470_01894", "11470_01895", "11470_01896"], "display_grid_id": "11470_00333", "gu_code": 11470, "gu_name": "양천구", "source_cell_count": 11, "area_m2": 44935.43, "mean_actual_lst": 41.3072, "mean_actual_anomaly": 2.8452, "seoul_anomaly": 4.1934, "pred_anomaly": 3.8845, "pred_anomaly_std": 0.5775, "green_delta_c": -0.0609, "building_ratio": 0.414, "green_ratio": 0.2381, "ndvi": 0.076, "impervious_ratio": 0.3072, "built_surface_ratio": 0.3072, "avg_ground_floor_count": 4.1649, "elevation_m": 22.0045, "albedo": 0.1078, "nearest_park_distance_m": 32.8008, "park_area_within_500m": 135630.9092, "nearest_stream_distance_m": 621.3024, "est_population_density": 29859.3938, "dong_elderly_ratio": 0.1618, "dong_avg_age": 42.7, "dong_pop_density": 27813.7, "nearest_shelter_distance_m": 93.8859, "shelter_count_within_500m": 11.1324, "est_population": 1341.7, "est_elderly": 217.1, "shelter_capacity_within_500m": 2082.8, "building_form_group": "high_floor_high_density", "dong_name": "목2동", "top1_feature": "building_ratio", "top1_shap": 1.0691, "top2_feature": "ndvi", "top2_shap": 0.6776, "top3_feature": "impervious_ratio", "top3_shap": 0.4038, "priority_score": 50.8934, "priority_rank": 162 }, "geometry": { "type": "Polygon", "coordinates": [ [ [ 126.874553937109582, 37.545427876513614 ], [ 126.87172401993223, 37.545412852926816 ], [ 126.871708125996335, 37.547306542309919 ], [ 126.87177234, 37.54728609 ], [ 126.87179303, 37.54727964 ], [ 126.87180099, 37.54727711000001 ], [ 126.87192448, 37.54724149 ], [ 126.872008489999985, 37.54721737 ], [ 126.87221811, 37.54716325 ], [ 126.872430190000017, 37.54711478 ], [ 126.87264404, 37.54707221000001 ], [ 126.87279313, 37.547046470000012 ], [ 126.87285963, 37.547035 ], [ 126.87307664, 37.54700371 ], [ 126.87329469, 37.54697832 ], [ 126.87351396, 37.54695884 ], [ 126.87373377, 37.54694501 ], [ 126.873954090000012, 37.54693708 ], [ 126.87404939, 37.54693634 ], [ 126.87417457, 37.546935070000011 ], [ 126.874395059999983, 37.54693896 ], [ 126.874505199999987, 37.54694387 ], [ 126.874541256998654, 37.546945503028837 ], [ 126.874553937109582, 37.545427876513614 ] ] ] } },
{ "type": "Feature", "properties": { "member_grid_ids": ["11470_01851", "11470_01852", "11470_01874", "11470_01875", "11470_01876", "11470_01896", "11470_01897", "11470_01898"], "display_grid_id": "11470_00334", "gu_code": 11470, "gu_name": "양천구", "source_cell_count": 12, "area_m2": 43646.64, "mean_actual_lst": 40.8156, "mean_actual_anomaly": 2.311, "seoul_anomaly": 3.6592, "pred_anomaly": 3.4754, "pred_anomaly_std": 0.7796, "green_delta_c": -0.1795, "building_ratio": 0.391, "green_ratio": 0.2525, "ndvi": 0.1012, "impervious_ratio": 0.326, "built_surface_ratio": 0.326, "avg_ground_floor_count": 5.0101, "elevation_m": 22.3643, "albedo": 0.0977, "nearest_park_distance_m": 30.2116, "park_area_within_500m": 128144.8808, "nearest_stream_distance_m": 417.2968, "est_population_density": 33629.2797, "dong_elderly_ratio": 0.1618, "dong_avg_age": 42.7, "dong_pop_density": 27813.7, "nearest_shelter_distance_m": 107.9365, "shelter_count_within_500m": 9.8852, "est_population": 1467.8, "est_elderly": 237.5, "shelter_capacity_within_500m": 1864.7, "building_form_group": "high_floor_high_density", "dong_name": "목2동", "top1_feature": "building_ratio", "top1_shap": 1.067, "top2_feature": "ndvi", "top2_shap": 0.5875, "top3_feature": "impervious_ratio", "top3_shap": 0.3745, "priority_score": 50.6484, "priority_rank": 163 }, "geometry": { "type": "Polygon", "coordinates": [ [ [ 126.877383856383489, 37.545442832285254 ], [ 126.874553937109582, 37.545427876513614 ], [ 126.874541256998654, 37.546945503028837 ], [ 126.874861800000019, 37.54696002 ], [ 126.87489009, 37.54696117 ], [ 126.87489752, 37.546961470000014 ], [ 126.87491678, 37.54696233 ], [ 126.87492934, 37.54696291 ], [ 126.87493853, 37.54696348 ], [ 126.87494738, 37.54696377 ], [ 126.87495692, 37.54696434 ], [ 126.87497389, 37.54696492 ], [ 126.87499281, 37.54696579 ], [ 126.87500306, 37.54696637 ], [ 126.87502835, 37.54696752 ], [ 126.87504143000001, 37.54696809 ], [ 126.875050089999988, 37.54696838 ], [ 126.87506175999998, 37.54696896 ], [ 126.875072549999985, 37.54696925 ], [ 126.87508245, 37.54696983 ], [ 126.87509694, 37.5469704 ], [ 126.87512506, 37.54697185 ], [ 126.875155819999989, 37.546973 ], [ 126.875167479999988, 37.54697358 ], [ 126.87520991, 37.5469756 ], [ 126.875245640000017, 37.54697704 ], [ 126.87534977, 37.54698166 ], [ 126.87537169, 37.54698281 ], [ 126.875388310000019, 37.54698338 ], [ 126.875466280000012, 37.54698713 ], [ 126.875504639999988, 37.54698886 ], [ 126.87552161, 37.54698945 ], [ 126.87555414, 37.546990889999989 ], [ 126.87556175, 37.54699117 ], [ 126.8755796, 37.54699204 ], [ 126.87558827, 37.54699233 ], [ 126.87560842000002, 37.54699348 ], [ 126.87562893, 37.54699434 ], [ 126.87563777, 37.54699463 ], [ 126.875654030000021, 37.5469955 ], [ 126.8756841, 37.54699666 ], [ 126.87569346, 37.54699722 ], [ 126.87570849, 37.54699781 ], [ 126.87573006, 37.54699896000001 ], [ 126.87574916, 37.54699954 ], [ 126.87575906, 37.54700011 ], [ 126.875775849999982, 37.54700098 ], [ 126.87580397, 37.54700213 ], [ 126.87590173, 37.54700646 ], [ 126.87591817, 37.54700732 ], [ 126.87597563, 37.54700992 ], [ 126.87599084, 37.5470105 ], [ 126.8760368, 37.54701252 ], [ 126.876093200000014, 37.54701511 ], [ 126.87617364, 37.54701857 ], [ 126.876355749999988, 37.54702693 ], [ 126.876400660000016, 37.54702895 ], [ 126.87649401, 37.54703299 ], [ 126.87650744, 37.54703357 ], [ 126.87659178, 37.54703732 ], [ 126.87663791, 37.54703934 ], [ 126.87665312, 37.5470402 ], [ 126.87669644, 37.54704222 ], [ 126.87673374000002, 37.54704367 ], [ 126.876756719999989, 37.54704482 ], [ 126.87678396, 37.54704597 ], [ 126.876790320000012, 37.54704626 ], [ 126.876801630000017, 37.54704683 ], [ 126.87681366, 37.54704741 ], [ 126.87681932, 37.54704769 ], [ 126.876829750000013, 37.54704798 ], [ 126.877370303409876, 37.547072295825195 ], [ 126.877383856383489, 37.545442832285254 ] ] ] } },
{ "type": "Feature", "properties": { "member_grid_ids": ["11470_01853", "11470_01854", "11470_01855", "11470_01877", "11470_01878", "11470_01879", "11470_01899", "11470_01900", "11470_01901"], "display_grid_id": "11470_00335", "gu_code": 11470, "gu_name": "양천구", "source_cell_count": 9, "area_m2": 52458.09, "mean_actual_lst": 38.6989, "mean_actual_anomaly": 0.1776, "seoul_anomaly": 1.5259, "pred_anomaly": 1.0576, "pred_anomaly_std": 0.8978, "green_delta_c": -0.3867, "building_ratio": 0.1883, "green_ratio": 0.3406, "ndvi": 0.2409, "impervious_ratio": 0.3626, "built_surface_ratio": 0.3626, "avg_ground_floor_count": 2.5861, "elevation_m": 22.1767, "albedo": 0.1147, "nearest_park_distance_m": 70.0882, "park_area_within_500m": 107715.8384, "nearest_stream_distance_m": 193.7225, "est_population_density": 4945.3739, "dong_elderly_ratio": 0.1618, "dong_avg_age": 42.7, "dong_pop_density": 27813.7, "nearest_shelter_distance_m": 115.7916, "shelter_count_within_500m": 4.5733, "est_population": 259.4, "est_elderly": 41.8, "shelter_capacity_within_500m": 657.7, "building_form_group": "low_floor_low_density", "dong_name": "목2동", "top1_feature": "ndvi", "top1_shap": -0.1568, "top2_feature": "impervious_ratio", "top2_shap": 0.3924, "top3_feature": "green_ratio", "top3_shap": -0.293, "priority_score": 40.6484, "priority_rank": 250 }, "geometry": { "type": "Polygon", "coordinates": [ [ [ 126.8801951212143, 37.547710986910509 ], [ 126.880213777744444, 37.545457720241565 ], [ 126.877383856383489, 37.545442832285254 ], [ 126.877370303409876, 37.547072295825195 ], [ 126.87763118, 37.54708403 ], [ 126.87772754, 37.54708835000001 ], [ 126.877751570000015, 37.54708922 ], [ 126.87776448000001, 37.5470898 ], [ 126.87780656000001, 37.547091820000013 ], [ 126.877823, 37.54709239 ], [ 126.877853950000016, 37.54709383 ], [ 126.877914059999981, 37.54709671 ], [ 126.87795543, 37.54709844 ], [ 126.87796233, 37.54709958 ], [ 126.877975930000019, 37.54710325 ], [ 126.87798388, 37.54710552 ], [ 126.87799819, 37.54710947 ], [ 126.878007040000014, 37.54711201 ], [ 126.87805052, 37.54712417 ], [ 126.878067470000019, 37.54712869 ], [ 126.87807349, 37.54713039 ], [ 126.87809099, 37.54713519 ], [ 126.878151950000017, 37.54715215 ], [ 126.87816008, 37.54715441 ], [ 126.87816609, 37.5471561 ], [ 126.87821221999998, 37.54716883 ], [ 126.8782594, 37.5471821 ], [ 126.87826877000002, 37.54718465 ], [ 126.87827762, 37.54718691 ], [ 126.87829245, 37.54719115000001 ], [ 126.87830059, 37.54719341 ], [ 126.87832886, 37.54720132 ], [ 126.878335219999983, 37.54720302 ], [ 126.878341410000019, 37.54720471 ], [ 126.87835395, 37.5472081 ], [ 126.87847537, 37.54724202 ], [ 126.878486329999987, 37.54724485 ], [ 126.878504710000016, 37.547249930000014 ], [ 126.8785116, 37.54725191 ], [ 126.878524860000013, 37.54725558 ], [ 126.878533160000018, 37.54725784 ], [ 126.878566210000017, 37.54726717 ], [ 126.87857523, 37.54726972 ], [ 126.880165762501534, 37.547710832797378 ], [ 126.8801951212143, 37.547710986910509 ] ] ] } },
{ "type": "Feature", "properties": { "member_grid_ids": ["11470_01856", "11470_01857", "11470_01879", "11470_01880", "11470_01881", "11470_01901", "11470_01902", "11470_01903"], "display_grid_id": "11470_00336", "gu_code": 11470, "gu_name": "양천구", "source_cell_count": 9, "area_m2": 42724.4, "mean_actual_lst": 39.1721, "mean_actual_anomaly": 0.4009, "seoul_anomaly": 1.7491, "pred_anomaly": 0.7891, "pred_anomaly_std": 1.1659, "green_delta_c": -0.4497, "building_ratio": 0.1594, "green_ratio": 0.2401, "ndvi": 0.1214, "impervious_ratio": 0.3806, "built_surface_ratio": 0.3806, "avg_ground_floor_count": 2.5919, "elevation_m": 12.9238, "albedo": 0.1095, "nearest_park_distance_m": 44.3056, "park_area_within_500m": 84156.7545, "nearest_stream_distance_m": 51.9331, "est_population_density": 5977.3763, "dong_elderly_ratio": 0.1618, "dong_avg_age": 42.6956, "dong_pop_density": 27774.9062, "nearest_shelter_distance_m": 146.2453, "shelter_count_within_500m": 2.7195, "est_population": 255.4, "est_elderly": 41.3, "shelter_capacity_within_500m": 374.3, "building_form_group": "high_floor_low_density", "dong_name": "목2동", "top1_feature": "ndvi", "top1_shap": 0.2696, "top2_feature": "impervious_ratio", "top2_shap": 0.3696, "top3_feature": "elevation_m", "top3_shap": -0.3203, "priority_score": 50.4467, "priority_rank": 166 }, "geometry": { "type": "Polygon", "coordinates": [ [ [ 126.88304370118297, 37.545472540382406 ], [ 126.880213777744444, 37.545457720241565 ], [ 126.8801951212143, 37.547710986910509 ], [ 126.881183250308268, 37.547716169653974 ], [ 126.881214900000018, 37.54768577 ], [ 126.88125226, 37.54765032 ], [ 126.8812783, 37.54762304 ], [ 126.88132648, 37.54756903 ], [ 126.88136774, 37.54752262 ], [ 126.88139787, 37.54748858 ], [ 126.88141434, 37.54747001 ], [ 126.88143825, 37.54744244 ], [ 126.881455599999981, 37.54742247 ], [ 126.88150202, 37.54736846 ], [ 126.881588289999982, 37.54726831 ], [ 126.88163028000001, 37.54721908 ], [ 126.88166641, 37.54717717 ], [ 126.88170149, 37.54713525 ], [ 126.88175709, 37.54707815 ], [ 126.88179162, 37.5470458 ], [ 126.881837839999989, 37.54700221 ], [ 126.88188407, 37.54695861 ], [ 126.88195153, 37.54689590000001 ], [ 126.88197561, 37.54687367 ], [ 126.88198128, 37.54686862 ], [ 126.88199633, 37.54685483 ], [ 126.88200607, 37.54684555 ], [ 126.88201917, 37.54683373000001 ], [ 126.88205069, 37.54680392 ], [ 126.88207229, 37.546783670000011 ], [ 126.88208451, 37.54677158 ], [ 126.88208947, 37.54676595 ], [ 126.8821109, 37.54674289 ], [ 126.882127720000014, 37.5467246 ], [ 126.88216741, 37.54667227 ], [ 126.882301559999988, 37.54649108000001 ], [ 126.882305450000018, 37.54648377 ], [ 126.88234156, 37.54634922 ], [ 126.88236196, 37.54630559000001 ], [ 126.88238252, 37.54627183 ], [ 126.882452020000017, 37.54615449 ], [ 126.882480910000012, 37.54610919 ], [ 126.88252418, 37.54603208 ], [ 126.882555539999984, 37.54599439 ], [ 126.88266732, 37.54585653 ], [ 126.882745810000017, 37.54575469000001 ], [ 126.882842819999979, 37.54567313 ], [ 126.88291967, 37.54560676 ], [ 126.88300129000001, 37.54553702 ], [ 126.883043428763401, 37.54550559494264 ], [ 126.88304370118297, 37.545472540382406 ] ] ] } },
{ "type": "Feature", "properties": { "member_grid_ids": ["11470_01858"], "display_grid_id": "11470_00337", "gu_code": 11470, "gu_name": "양천구", "source_cell_count": 2, "area_m2": 7.09, "mean_actual_lst": 36.9129, "mean_actual_anomaly": -1.9398, "seoul_anomaly": -0.5915, "pred_anomaly": -1.8567, "pred_anomaly_std": 0.8759, "green_delta_c": -0.4769, "building_ratio": 0.1098, "green_ratio": 0.2776, "ndvi": 0.1693, "impervious_ratio": 0.196, "built_surface_ratio": 0.196, "avg_ground_floor_count": 0.0, "elevation_m": 8.0, "albedo": 0.1184, "nearest_park_distance_m": 72.92, "park_area_within_500m": 80978.16, "nearest_stream_distance_m": 0.0, "est_population_density": 0.0, "dong_elderly_ratio": 0.1618, "dong_avg_age": 42.7, "dong_pop_density": 27813.7, "nearest_shelter_distance_m": 328.69, "shelter_count_within_500m": 4.0, "est_population": 0.0, "est_elderly": 0.0, "shelter_capacity_within_500m": 0.5, "building_form_group": "low_floor_low_density", "dong_name": "목2동", "top1_feature": "elevation_m", "top1_shap": -0.6163, "top2_feature": "zoning_green_ratio", "top2_shap": -0.4572, "top3_feature": "nearest_stream_distance_m", "top3_shap": -0.4486, "priority_score": 40.5115, "priority_rank": 252 }, "geometry": { "type": "Polygon", "coordinates": [ [ [ 126.88304370118297, 37.545472540382406 ], [ 126.883043428763401, 37.54550559494264 ], [ 126.883087446035631, 37.545472768939263 ], [ 126.88304370118297, 37.545472540382406 ] ] ] } },
{ "type": "Feature", "properties": { "member_grid_ids": ["11470_01904", "11470_01905", "11470_01906"], "display_grid_id": "11470_00338", "gu_code": 11470, "gu_name": "양천구", "source_cell_count": 3, "area_m2": 3265.2, "mean_actual_lst": 33.072, "mean_actual_anomaly": -5.2286, "seoul_anomaly": -3.8803, "pred_anomaly": -5.4646, "pred_anomaly_std": 1.0797, "green_delta_c": -1.0848, "building_ratio": 0.0, "green_ratio": 0.7868, "ndvi": 0.4954, "impervious_ratio": 0.0619, "built_surface_ratio": 0.0619, "avg_ground_floor_count": 0.0, "elevation_m": 65.7769, "albedo": 0.1291, "nearest_park_distance_m": 78.8101, "park_area_within_500m": 246447.436, "nearest_stream_distance_m": 3240.272, "est_population_density": 0.0, "dong_elderly_ratio": 0.2026, "dong_avg_age": 44.3, "dong_pop_density": 21928.9, "nearest_shelter_distance_m": 274.8957, "shelter_count_within_500m": 3.2675, "est_population": 0.0, "est_elderly": 0.0, "shelter_capacity_within_500m": 299.3, "building_form_group": "no_building", "dong_name": "신월5동", "top1_feature": "building_ratio", "top1_shap": -1.6624, "top2_feature": "impervious_ratio", "top2_shap": -0.9272, "top3_feature": "built_surface_ratio", "top3_shap": -0.8909, "priority_score": 36.8948, "priority_rank": 288 }, "geometry": { "type": "Polygon", "coordinates": [ [ [ 126.829255330723541, 37.547432605566193 ], [ 126.827468652668784, 37.547422442592669 ], [ 126.82747407, 37.54744675 ], [ 126.82753335000001, 37.54757946 ], [ 126.827546720000015, 37.54760736 ], [ 126.8275842, 37.5476823 ], [ 126.82762467000002, 37.5476939 ], [ 126.827919540000011, 37.54756764 ], [ 126.82793828, 37.54756513 ], [ 126.82797755, 37.54756012 ], [ 126.82879321, 37.54762804 ], [ 126.82916726, 37.54766632 ], [ 126.8292531331833, 37.547677845316059 ], [ 126.829255330723541, 37.547432605566193 ] ] ] } },
{ "type": "Feature", "properties": { "member_grid_ids": ["11470_01906"], "display_grid_id": "11470_00339", "gu_code": 11470, "gu_name": "양천구", "source_cell_count": 1, "area_m2": 1431.36, "mean_actual_lst": 34.0046, "mean_actual_anomaly": -4.2959, "seoul_anomaly": -2.9477, "pred_anomaly": -5.1089, "pred_anomaly_std": 1.2023, "green_delta_c": -1.4919, "building_ratio": 0.0, "green_ratio": 0.7754, "ndvi": 0.4974, "impervious_ratio": 0.0666, "built_surface_ratio": 0.0666, "avg_ground_floor_count": 0.0, "elevation_m": 62.044, "albedo": 0.1282, "nearest_park_distance_m": 139.55, "park_area_within_500m": 220621.27, "nearest_stream_distance_m": 3198.22, "est_population_density": 0.0, "dong_elderly_ratio": 0.2026, "dong_avg_age": 44.3, "dong_pop_density": 21928.9, "nearest_shelter_distance_m": 281.9, "shelter_count_within_500m": 2.0, "est_population": 0.0, "est_elderly": 0.0, "shelter_capacity_within_500m": 32.7, "building_form_group": "no_building", "dong_name": "신월5동", "top1_feature": "building_ratio", "top1_shap": -1.6512, "top2_feature": "impervious_ratio", "top2_shap": -0.8603, "top3_feature": "built_surface_ratio", "top3_shap": -0.8284, "priority_score": 38.451, "priority_rank": 273 }, "geometry": { "type": "Polygon", "coordinates": [ [ [ 126.829255330723541, 37.547432605566193 ], [ 126.8292531331833, 37.547677845316059 ], [ 126.82948966, 37.54770959 ], [ 126.82969013, 37.54772705 ], [ 126.82975837, 37.54773222 ], [ 126.82980494, 37.547468750000014 ], [ 126.829807708428476, 37.547435742126829 ], [ 126.829255330723541, 37.547432605566193 ] ] ] } },
{ "type": "Feature", "properties": { "member_grid_ids": ["11470_01907"], "display_grid_id": "11470_00340", "gu_code": 11470, "gu_name": "양천구", "source_cell_count": 1, "area_m2": 212.8, "mean_actual_lst": 39.6294, "mean_actual_anomaly": 1.6499, "seoul_anomaly": 2.9982, "pred_anomaly": 2.9284, "pred_anomaly_std": 0.7011, "green_delta_c": -0.1628, "building_ratio": 0.3432, "green_ratio": 0.2374, "ndvi": 0.0399, "impervious_ratio": 0.3056, "built_surface_ratio": 0.3056, "avg_ground_floor_count": 6.299, "elevation_m": 19.613, "albedo": 0.093, "nearest_park_distance_m": 84.14, "park_area_within_500m": 174131.4, "nearest_stream_distance_m": 1248.8, "est_population_density": 38916.4, "dong_elderly_ratio": 0.1823, "dong_avg_age": 43.7, "dong_pop_density": 39142.8, "nearest_shelter_distance_m": 34.3, "shelter_count_within_500m": 8.0, "est_population": 8.3, "est_elderly": 1.5, "shelter_capacity_within_500m": 9.2, "building_form_group": "high_floor_high_density", "dong_name": "목3동", "top1_feature": "building_ratio", "top1_shap": 0.9939, "top2_feature": "ndvi", "top2_shap": 0.64, "top3_feature": "impervious_ratio", "top3_shap": 0.3693, "priority_score": 33.1772, "priority_rank": 321 }, "geometry": { "type": "Polygon", "coordinates": [ [ [ 126.863215113517853, 37.547620634638278 ], [ 126.863097106692905, 37.547619998168067 ], [ 126.86316165, 37.5478271 ], [ 126.863211983188151, 37.54798859944863 ], [ 126.863215113517853, 37.547620634638278 ] ] ] } },
{ "type": "Feature", "properties": { "member_grid_ids": ["11470_01907", "11470_01908", "11470_01909", "11470_01917", "11470_01918", "11470_01919", "11470_01923", "11470_01924", "11470_01925"], "display_grid_id": "11470_00341", "gu_code": 11470, "gu_name": "양천구", "source_cell_count": 10, "area_m2": 56905.95, "mean_actual_lst": 40.4944, "mean_actual_anomaly": 2.4572, "seoul_anomaly": 3.8054, "pred_anomaly": 3.2472, "pred_anomaly_std": 0.6042, "green_delta_c": -0.4077, "building_ratio": 0.4537, "green_ratio": 0.2566, "ndvi": 0.0905, "impervious_ratio": 0.2676, "built_surface_ratio": 0.2676, "avg_ground_floor_count": 5.2685, "elevation_m": 20.2204, "albedo": 0.106, "nearest_park_distance_m": 24.157, "park_area_within_500m": 188108.7395, "nearest_stream_distance_m": 1116.3392, "est_population_density": 45611.0099, "dong_elderly_ratio": 0.1823, "dong_avg_age": 43.7, "dong_pop_density": 39142.8, "nearest_shelter_distance_m": 77.917, "shelter_count_within_500m": 7.1246, "est_population": 2595.5, "est_elderly": 473.0, "shelter_capacity_within_500m": 1370.3, "building_form_group": "high_floor_high_density", "dong_name": "목3동", "top1_feature": "building_ratio", "top1_shap": 1.157, "top2_feature": "ndvi", "top2_shap": 0.6195, "top3_feature": "impervious_ratio", "top3_shap": 0.3035, "priority_score": 67.2046, "priority_rank": 44 }, "geometry": { "type": "Polygon", "coordinates": [ [ [ 126.866026025007926, 37.549889122623931 ], [ 126.866045109519092, 37.547635862901288 ], [ 126.863215113517853, 37.547620634638278 ], [ 126.863211983188151, 37.54798859944863 ], [ 126.86331736, 37.54832671 ], [ 126.86333828, 37.54839403 ], [ 126.863341989999981, 37.54840636 ], [ 126.86335866, 37.548461910000015 ], [ 126.86336687, 37.54848843 ], [ 126.863368470000012, 37.54849375 ], [ 126.86337079, 37.54850163 ], [ 126.86337289, 37.5485081 ], [ 126.86337586, 37.54851802 ], [ 126.86337731, 37.54852279 ], [ 126.86337925, 37.54852916 ], [ 126.863380979999988, 37.54853514 ], [ 126.86338292, 37.54854106 ], [ 126.86338872, 37.54856021 ], [ 126.86339234, 37.54857223 ], [ 126.863396279999989, 37.54858528 ], [ 126.86340735, 37.54862049 ], [ 126.86341968, 37.54865937 ], [ 126.863434250000012, 37.54870526 ], [ 126.863456400000018, 37.54877596 ], [ 126.86350632, 37.54893398 ], [ 126.86353936, 37.54903875 ], [ 126.8636837, 37.54949645 ], [ 126.863769199999979, 37.54976795000001 ], [ 126.86380359980383, 37.549877168822817 ], [ 126.866026025007926, 37.549889122623931 ] ] ] } },
{ "type": "Feature", "properties": { "member_grid_ids": ["11470_01910", "11470_01911", "11470_01912", "11470_01920", "11470_01921", "11470_01922", "11470_01926", "11470_01927"], "display_grid_id": "11470_00342", "gu_code": 11470, "gu_name": "양천구", "source_cell_count": 11, "area_m2": 52486.03, "mean_actual_lst": 40.5356, "mean_actual_anomaly": 2.2643, "seoul_anomaly": 3.6125, "pred_anomaly": 3.1441, "pred_anomaly_std": 0.6388, "green_delta_c": -0.2839, "building_ratio": 0.3474, "green_ratio": 0.2481, "ndvi": 0.0991, "impervious_ratio": 0.3375, "built_surface_ratio": 0.3375, "avg_ground_floor_count": 4.4245, "elevation_m": 25.2378, "albedo": 0.1085, "nearest_park_distance_m": 5.9282, "park_area_within_500m": 194839.0013, "nearest_stream_distance_m": 917.6844, "est_population_density": 27452.0887, "dong_elderly_ratio": 0.1823, "dong_avg_age": 43.7, "dong_pop_density": 39142.8, "nearest_shelter_distance_m": 169.0568, "shelter_count_within_500m": 9.5743, "est_population": 1440.9, "est_elderly": 262.7, "shelter_capacity_within_500m": 1873.6, "building_form_group": "high_floor_high_density", "dong_name": "목3동", "top1_feature": "building_ratio", "top1_shap": 0.9507, "top2_feature": "ndvi", "top2_shap": 0.5409, "top3_feature": "impervious_ratio", "top3_shap": 0.4018, "priority_score": 61.6138, "priority_rank": 75 }, "geometry": { "type": "Polygon", "coordinates": [ [ [ 126.868875107645621, 37.547651023344116 ], [ 126.866045109519092, 37.547635862901288 ], [ 126.866026025007926, 37.549889122623931 ], [ 126.867030004331767, 37.549894509029052 ], [ 126.86720378, 37.5497894 ], [ 126.867547009999981, 37.549582 ], [ 126.86790846000001, 37.54936335 ], [ 126.868166890000012, 37.54920737 ], [ 126.868343899999985, 37.54910058 ], [ 126.86868109, 37.54889711 ], [ 126.868865539876595, 37.548785762153194 ], [ 126.868875107645621, 37.547651023344116 ] ] ] } },
{ "type": "Feature", "properties": { "member_grid_ids": ["11470_01912", "11470_01913", "11470_01914"], "display_grid_id": "11470_00343", "gu_code": 11470, "gu_name": "양천구", "source_cell_count": 4, "area_m2": 10354.62, "mean_actual_lst": 41.1438, "mean_actual_anomaly": 2.55, "seoul_anomaly": 3.8982, "pred_anomaly": 2.9321, "pred_anomaly_std": 0.7429, "green_delta_c": -0.4115, "building_ratio": 0.1821, "green_ratio": 0.2179, "ndvi": 0.1811, "impervious_ratio": 0.5222, "built_surface_ratio": 0.5222, "avg_ground_floor_count": 3.5533, "elevation_m": 28.0581, "albedo": 0.143, "nearest_park_distance_m": 37.1493, "park_area_within_500m": 202350.6942, "nearest_stream_distance_m": 791.7599, "est_population_density": 12268.5166, "dong_elderly_ratio": 0.1823, "dong_avg_age": 43.7, "dong_pop_density": 39142.8, "nearest_shelter_distance_m": 144.7797, "shelter_count_within_500m": 11.419, "est_population": 127.0, "est_elderly": 23.1, "shelter_capacity_within_500m": 834.9, "building_form_group": "low_floor_low_density", "dong_name": "목3동", "top1_feature": "impervious_ratio", "top1_shap": 0.525, "top2_feature": "built_surface_ratio", "top2_shap": 0.4524, "top3_feature": "building_ratio", "top3_shap": 0.36, "priority_score": 61.2248, "priority_rank": 78 }, "geometry": { "type": "Polygon", "coordinates": [ [ [ 126.868875107645621, 37.547651023344116 ], [ 126.868865539876595, 37.548785762153194 ], [ 126.8694185, 37.54845195 ], [ 126.86970188, 37.5482808 ], [ 126.87008031, 37.54805203 ], [ 126.87025766, 37.54794495 ], [ 126.87031537, 37.54791151 ], [ 126.870411300000015, 37.54785559 ], [ 126.87065607000001, 37.54771789 ], [ 126.87075397, 37.54768238 ], [ 126.87079897514468, 37.547661290869044 ], [ 126.868875107645621, 37.547651023344116 ] ] ] } },
{ "type": "Feature", "properties": { "member_grid_ids": ["11470_01915"], "display_grid_id": "11470_00344", "gu_code": 11470, "gu_name": "양천구", "source_cell_count": 2, "area_m2": 410.07, "mean_actual_lst": 38.9086, "mean_actual_anomaly": 0.0559, "seoul_anomaly": 1.4041, "pred_anomaly": 0.2266, "pred_anomaly_std": 1.4899, "green_delta_c": -0.5922, "building_ratio": 0.2282, "green_ratio": 0.227, "ndvi": 0.0672, "impervious_ratio": 0.4075, "built_surface_ratio": 0.4075, "avg_ground_floor_count": 0.0, "elevation_m": 10.004, "albedo": 0.0885, "nearest_park_distance_m": 166.13, "park_area_within_500m": 69399.42, "nearest_stream_distance_m": 0.0, "est_population_density": 0.0, "dong_elderly_ratio": 0.1357, "dong_avg_age": 39.4, "dong_pop_density": 23219.0, "nearest_shelter_distance_m": 198.2, "shelter_count_within_500m": 3.0, "est_population": 0.0, "est_elderly": 0.0, "shelter_capacity_within_500m": 11.9, "building_form_group": "low_floor_low_density", "dong_name": "목2동", "top1_feature": "impervious_ratio", "top1_shap": 0.6975, "top2_feature": "built_surface_ratio", "top2_shap": 0.611, "top3_feature": "ndvi", "top3_shap": 0.4563, "priority_score": 51.2176, "priority_rank": 159 }, "geometry": { "type": "MultiPolygon", "coordinates": [ [ [ [ 126.880165762501534, 37.547710832797378 ], [ 126.880195055224306, 37.547718956490932 ], [ 126.8801951212143, 37.547710986910509 ], [ 126.880165762501534, 37.547710832797378 ] ] ], [ [ [ 126.879976, 37.54810036 ], [ 126.87996963, 37.54810598 ], [ 126.879949069999981, 37.54813159 ], [ 126.88005743, 37.54814549 ], [ 126.88011914, 37.54815457 ], [ 126.880191387744844, 37.548161871300337 ], [ 126.880194253677274, 37.547815758695535 ], [ 126.879976, 37.54810036 ] ] ] ] } },
{ "type": "Feature", "properties": { "member_grid_ids": ["11470_01915", "11470_01916"], "display_grid_id": "11470_00345", "gu_code": 11470, "gu_name": "양천구", "source_cell_count": 4, "area_m2": 3324.52, "mean_actual_lst": 38.9518, "mean_actual_anomaly": 0.0991, "seoul_anomaly": 1.4474, "pred_anomaly": 0.3881, "pred_anomaly_std": 1.5254, "green_delta_c": -0.649, "building_ratio": 0.2303, "green_ratio": 0.2242, "ndvi": 0.0593, "impervious_ratio": 0.4112, "built_surface_ratio": 0.4112, "avg_ground_floor_count": 0.0, "elevation_m": 9.238, "albedo": 0.0926, "nearest_park_distance_m": 162.3635, "park_area_within_500m": 68455.1857, "nearest_stream_distance_m": 4.1872, "est_population_density": 0.0, "dong_elderly_ratio": 0.1424, "dong_avg_age": 40.2415, "dong_pop_density": 24390.6895, "nearest_shelter_distance_m": 199.6867, "shelter_count_within_500m": 2.49, "est_population": 0.0, "est_elderly": 0.0, "shelter_capacity_within_500m": 107.1, "building_form_group": "low_floor_low_density", "dong_name": "목2동", "top1_feature": "impervious_ratio", "top1_shap": 0.7106, "top2_feature": "built_surface_ratio", "top2_shap": 0.6089, "top3_feature": "ndvi", "top3_shap": 0.3399, "priority_score": 52.3559, "priority_rank": 150 }, "geometry": { "type": "Polygon", "coordinates": [ [ [ 126.880191387744844, 37.548161871300337 ], [ 126.880259850000016, 37.54816879 ], [ 126.88047977, 37.5481907 ], [ 126.88064693, 37.5481475 ], [ 126.88079166, 37.54808824 ], [ 126.880810960000019, 37.54807701 ], [ 126.88088427, 37.54800443 ], [ 126.88102011, 37.5478728 ], [ 126.881119450000014, 37.54777745 ], [ 126.881183250308268, 37.547716169653974 ], [ 126.8801951212143, 37.547710986910509 ], [ 126.880195055224306, 37.547718956490932 ], [ 126.88025561000002, 37.54773575 ], [ 126.880194253677274, 37.547815758695535 ], [ 126.880191387744844, 37.548161871300337 ] ] ] } },
{ "type": "Feature", "properties": { "member_grid_ids": ["11470_01924", "11470_01925", "11470_01928", "11470_01929"], "display_grid_id": "11470_00346", "gu_code": 11470, "gu_name": "양천구", "source_cell_count": 5, "area_m2": 21113.41, "mean_actual_lst": 40.0163, "mean_actual_anomaly": 1.594, "seoul_anomaly": 2.9422, "pred_anomaly": 2.9065, "pred_anomaly_std": 0.6387, "green_delta_c": -0.3016, "building_ratio": 0.3247, "green_ratio": 0.255, "ndvi": 0.1023, "impervious_ratio": 0.3099, "built_surface_ratio": 0.3099, "avg_ground_floor_count": 5.9027, "elevation_m": 20.3868, "albedo": 0.1069, "nearest_park_distance_m": 1.7795, "park_area_within_500m": 198881.8068, "nearest_stream_distance_m": 1013.1995, "est_population_density": 35147.4068, "dong_elderly_ratio": 0.1823, "dong_avg_age": 43.7, "dong_pop_density": 39142.8, "nearest_shelter_distance_m": 138.4808, "shelter_count_within_500m": 5.499, "est_population": 742.1, "est_elderly": 135.3, "shelter_capacity_within_500m": 397.5, "building_form_group": "high_floor_high_density", "dong_name": "목3동", "top1_feature": "building_ratio", "top1_shap": 0.6597, "top2_feature": "ndvi", "top2_shap": 0.6274, "top3_feature": "impervious_ratio", "top3_shap": 0.3989, "priority_score": 50.2378, "priority_rank": 168 }, "geometry": { "type": "Polygon", "coordinates": [ [ [ 126.866026025007926, 37.549889122623931 ], [ 126.86380359980383, 37.549877168822817 ], [ 126.86385544, 37.55004176 ], [ 126.863954240000012, 37.55035468 ], [ 126.86396835, 37.55038935 ], [ 126.863970780000017, 37.55039694 ], [ 126.86398026, 37.55042709 ], [ 126.86398203, 37.55043272 ], [ 126.86398485, 37.55044167 ], [ 126.863989590000017, 37.55045665 ], [ 126.86399474000001, 37.55047313 ], [ 126.864003180000012, 37.55050013 ], [ 126.86401437, 37.55053608 ], [ 126.86401765, 37.55054646 ], [ 126.86402458, 37.55056847 ], [ 126.86413425, 37.55092224 ], [ 126.864171700000014, 37.551044480000016 ], [ 126.864207390000018, 37.55115208 ], [ 126.86423408, 37.5511614 ], [ 126.864311299999983, 37.55118824 ], [ 126.86431963, 37.5511911 ], [ 126.86435565, 37.5512035 ], [ 126.86440478, 37.551220730000011 ], [ 126.864452500000013, 37.55123733 ], [ 126.864460550000018, 37.55124013 ], [ 126.864466980000017, 37.55123728 ], [ 126.8650285, 37.55098916 ], [ 126.86517361, 37.55092372 ], [ 126.865461190000019, 37.55079116 ], [ 126.86575249000002, 37.55065325 ], [ 126.86592701, 37.55055378 ], [ 126.866020857127211, 37.55049923783902 ], [ 126.866026025007926, 37.549889122623931 ] ] ] } },
{ "type": "Feature", "properties": { "member_grid_ids": ["11470_01926", "11470_01930"], "display_grid_id": "11470_00347", "gu_code": 11470, "gu_name": "양천구", "source_cell_count": 4, "area_m2": 3018.17, "mean_actual_lst": 40.5985, "mean_actual_anomaly": 1.9183, "seoul_anomaly": 3.2665, "pred_anomaly": 3.2252, "pred_anomaly_std": 0.6094, "green_delta_c": -0.4095, "building_ratio": 0.3498, "green_ratio": 0.2466, "ndvi": 0.1112, "impervious_ratio": 0.341, "built_surface_ratio": 0.341, "avg_ground_floor_count": 4.3404, "elevation_m": 22.8409, "albedo": 0.1139, "nearest_park_distance_m": 1.2206, "park_area_within_500m": 192031.2614, "nearest_stream_distance_m": 927.4305, "est_population_density": 28200.3426, "dong_elderly_ratio": 0.179, "dong_avg_age": 43.3999, "dong_pop_density": 38031.4797, "nearest_shelter_distance_m": 114.8113, "shelter_count_within_500m": 7.0, "est_population": 85.1, "est_elderly": 15.5, "shelter_capacity_within_500m": 227.4, "building_form_group": "high_floor_high_density", "dong_name": "목3동", "top1_feature": "building_ratio", "top1_shap": 0.9526, "top2_feature": "ndvi", "top2_shap": 0.5391, "top3_feature": "impervious_ratio", "top3_shap": 0.4331, "priority_score": 50.6196, "priority_rank": 164 }, "geometry": { "type": "Polygon", "coordinates": [ [ [ 126.866026025007926, 37.549889122623931 ], [ 126.866020857127211, 37.55049923783902 ], [ 126.86620792, 37.55039052 ], [ 126.86660176, 37.55015276 ], [ 126.86693933, 37.5499493 ], [ 126.86695615, 37.54993918 ], [ 126.867030004331767, 37.549894509029052 ], [ 126.866026025007926, 37.549889122623931 ] ] ] } }
]
}
