{
"type": "FeatureCollection",
"name": "11530_구로구",
"crs": { "type": "name", "properties": { "name": "urn:ogc:def:crs:OGC:1.3:CRS84" } },
"features": [
{ "type": "Feature", "properties": { "nearest_shelter_name": "항동8단지(아)경로당", "nearest_shelter_addr": "서울특별시 구로구 서해안로 2036 (항동 하버라인 8단지 801동)", "nearest_shelter_lon": 126.817895, "nearest_shelter_lat": 37.474645, "member_grid_ids": ["11530_00003", "11530_00013"], "display_grid_id": "11530_00001", "gu_code": 11530, "gu_name": "구로구", "source_cell_count": 5, "area_m2": 10317.4, "mean_actual_lst": 35.4089, "mean_actual_anomaly": -3.7828, "seoul_anomaly": -2.5346, "pred_anomaly": -3.9336, "pred_anomaly_std": 1.0363, "green_delta_c": -1.121, "building_ratio": 0.0147, "green_ratio": 0.7159, "ndvi": 0.4366, "impervious_ratio": 0.1019, "built_surface_ratio": 0.1019, "avg_ground_floor_count": 14.6254, "elevation_m": 61.2814, "albedo": 0.1508, "nearest_park_distance_m": 0.0, "park_area_within_500m": 490250.9657, "nearest_stream_distance_m": 2465.5593, "est_population_density": 19.3571, "dong_elderly_ratio": 0.1319, "dong_avg_age": 36.6, "dong_pop_density": 11438.5, "nearest_shelter_distance_m": 215.53, "shelter_count_within_500m": 1.0, "est_population": 0.2, "est_elderly": 0.0, "shelter_capacity_within_500m": 0.0, "building_form_group": "no_building", "dong_name": "항동", "top1_feature": "building_ratio", "top1_shap": -1.1524, "top2_feature": "green_ratio", "top2_shap": -0.841, "top3_feature": "ndvi", "top3_shap": -0.7049, "priority_score": 39.6275, "priority_rank": 306 }, "geometry": { "type": "Polygon", "coordinates": [ [ [ 126.815764071780833, 37.475247342902286 ], [ 126.815775122805405, 37.474035185134049 ], [ 126.81547321, 37.47405052 ], [ 126.81481592, 37.47455264 ], [ 126.814628270000014, 37.47464948 ], [ 126.81472952, 37.47505734 ], [ 126.81478349018073, 37.475241660244365 ], [ 126.815764071780833, 37.475247342902286 ] ] ] } },
{ "type": "Feature", "properties": { "nearest_shelter_name": "항동8단지(아)경로당", "nearest_shelter_addr": "서울특별시 구로구 서해안로 2036 (항동 하버라인 8단지 801동)", "nearest_shelter_lon": 126.817895, "nearest_shelter_lat": 37.474645, "member_grid_ids": ["11530_00001", "11530_00004", "11530_00005", "11530_00006", "11530_00014", "11530_00015", "11530_00016"], "display_grid_id": "11530_00002", "gu_code": 11530, "gu_name": "구로구", "source_cell_count": 11, "area_m2": 41181.44, "mean_actual_lst": 36.0141, "mean_actual_anomaly": -2.8881, "seoul_anomaly": -1.6399, "pred_anomaly": -1.2837, "pred_anomaly_std": 0.8484, "green_delta_c": -0.3433, "building_ratio": 0.1027, "green_ratio": 0.407, "ndvi": 0.2931, "impervious_ratio": 0.3401, "built_surface_ratio": 0.3401, "avg_ground_floor_count": 12.162, "elevation_m": 48.5643, "albedo": 0.1219, "nearest_park_distance_m": 0.0, "park_area_within_500m": 452621.09, "nearest_stream_distance_m": 2340.3859, "est_population_density": 22672.9282, "dong_elderly_ratio": 0.1319, "dong_avg_age": 36.6, "dong_pop_density": 11438.5, "nearest_shelter_distance_m": 35.08, "shelter_count_within_500m": 2.0111, "est_population": 933.7, "est_elderly": 123.1, "shelter_capacity_within_500m": 29.6, "building_form_group": "high_floor_low_density", "dong_name": "항동", "top1_feature": "green_ratio", "top1_shap": -0.4387, "top2_feature": "nearest_stream_distance_m", "top2_shap": -0.4221, "top3_feature": "ndvi", "top3_shap": -0.3552, "priority_score": 33.0429, "priority_rank": 371 }, "geometry": { "type": "MultiPolygon", "coordinates": [ [ [ [ 126.81791809000002, 37.47368916 ], [ 126.817640219999987, 37.47318782 ], [ 126.81707598, 37.47328803 ], [ 126.81695278, 37.47367892 ], [ 126.81656215, 37.47399423 ], [ 126.81598942, 37.4740243 ], [ 126.815775122805405, 37.474035185134049 ], [ 126.815764071780833, 37.475247342902286 ], [ 126.818330412583478, 37.475262176815761 ], [ 126.818600933130455, 37.474203725193902 ], [ 126.818602199250265, 37.474064268038717 ], [ 126.81791809000002, 37.47368916 ] ] ], [ [ [ 126.818591352243018, 37.475258983734506 ], [ 126.818566000705019, 37.475263535764107 ], [ 126.818591309587973, 37.475263681725977 ], [ 126.818591352243018, 37.475258983734506 ] ] ] ] } },
{ "type": "Feature", "properties": { "nearest_shelter_name": "항동8단지(아)경로당", "nearest_shelter_addr": "서울특별시 구로구 서해안로 2036 (항동 하버라인 8단지 801동)", "nearest_shelter_lon": 126.817895, "nearest_shelter_lat": 37.474645, "member_grid_ids": ["11530_00016", "11530_00017"], "display_grid_id": "11530_00003", "gu_code": 11530, "gu_name": "구로구", "source_cell_count": 4, "area_m2": 256.23, "mean_actual_lst": 37.9436, "mean_actual_anomaly": -0.7313, "seoul_anomaly": 0.5169, "pred_anomaly": 0.0148, "pred_anomaly_std": 0.9433, "green_delta_c": -0.3738, "building_ratio": 0.1623, "green_ratio": 0.3767, "ndvi": 0.272, "impervious_ratio": 0.3715, "built_surface_ratio": 0.3715, "avg_ground_floor_count": 3.3545, "elevation_m": 30.8139, "albedo": 0.1434, "nearest_park_distance_m": 0.0, "park_area_within_500m": 451697.6319, "nearest_stream_distance_m": 2227.8569, "est_population_density": 1936.5632, "dong_elderly_ratio": 0.1319, "dong_avg_age": 36.6, "dong_pop_density": 11438.5, "nearest_shelter_distance_m": 35.08, "shelter_count_within_500m": 3.0, "est_population": 0.5, "est_elderly": 0.1, "shelter_capacity_within_500m": 15.4, "building_form_group": "low_floor_low_density", "dong_name": "항동", "top1_feature": "impervious_ratio", "top1_shap": 0.4536, "top2_feature": "green_ratio", "top2_shap": -0.3411, "top3_feature": "built_surface_ratio", "top3_shap": 0.2778, "priority_score": 33.1818, "priority_rank": 370 }, "geometry": { "type": "MultiPolygon", "coordinates": [ [ [ [ 126.81863235, 37.4740808 ], [ 126.818602199250265, 37.474064268038717 ], [ 126.818600933130455, 37.474203725193902 ], [ 126.81863235, 37.4740808 ] ] ], [ [ [ 126.81941237, 37.47517953 ], [ 126.819386759999986, 37.47517639 ], [ 126.81931043, 37.47518416 ], [ 126.819283250000012, 37.47517736 ], [ 126.81915791, 37.47521968 ], [ 126.819023701598056, 37.475266174587745 ], [ 126.819329772221948, 37.475267938214607 ], [ 126.81942238, 37.47519896 ], [ 126.81941237, 37.47517953 ] ] ], [ [ [ 126.81880703, 37.47524026 ], [ 126.81859555, 37.47525823 ], [ 126.818591352243018, 37.475258983734506 ], [ 126.818591309587973, 37.475263681725977 ], [ 126.818811097401664, 37.475264949062399 ], [ 126.81880703, 37.47524026 ] ] ] ] } },
{ "type": "Feature", "properties": { "nearest_shelter_name": "항서경로당", "nearest_shelter_addr": "서울특별시 구로구 연동로 169 (매화빌라3동)", "nearest_shelter_lon": 126.822897, "nearest_shelter_lat": 37.476548, "member_grid_ids": ["11530_00018"], "display_grid_id": "11530_00004", "gu_code": 11530, "gu_name": "구로구", "source_cell_count": 1, "area_m2": 59.09, "mean_actual_lst": 38.5649, "mean_actual_anomaly": 0.1144, "seoul_anomaly": 1.3626, "pred_anomaly": 1.4573, "pred_anomaly_std": 1.027, "green_delta_c": -0.262, "building_ratio": 0.2695, "green_ratio": 0.3699, "ndvi": 0.27, "impervious_ratio": 0.4812, "built_surface_ratio": 0.4812, "avg_ground_floor_count": 0.0, "elevation_m": 15.0, "albedo": 0.1607, "nearest_park_distance_m": 0.0, "park_area_within_500m": 402411.11, "nearest_stream_distance_m": 2013.3, "est_population_density": 0.0, "dong_elderly_ratio": null, "dong_avg_age": null, "dong_pop_density": null, "nearest_shelter_distance_m": 173.32, "shelter_count_within_500m": 5.0, "est_population": 0.0, "est_elderly": 0.0, "shelter_capacity_within_500m": 131.0, "building_form_group": "low_floor_high_density", "dong_name": null, "top1_feature": "building_ratio", "top1_shap": 0.6711, "top2_feature": "impervious_ratio", "top2_shap": 0.6176, "top3_feature": "built_surface_ratio", "top3_shap": 0.4808, "priority_score": 33.7058, "priority_rank": 364 }, "geometry": { "type": "Polygon", "coordinates": [ [ [ 126.821909800794558, 37.475282773230845 ], [ 126.82190121, 37.47527429 ], [ 126.821778670000015, 37.47524594 ], [ 126.8217448, 37.47523406 ], [ 126.82171727, 37.4752205 ], [ 126.821706133125801, 37.475281604201683 ], [ 126.821909800794558, 37.475282773230845 ] ] ] } },
{ "type": "Feature", "properties": { "nearest_shelter_name": "천왕이펜하우스6단지(아)경로당", "nearest_shelter_addr": "서울특별시 구로구 천왕로 9 (천왕이펜하우스6단지 상가)", "nearest_shelter_lon": 126.840972, "nearest_shelter_lat": 37.478366, "member_grid_ids": ["11530_00007", "11530_00008", "11530_00019", "11530_00020"], "display_grid_id": "11530_00005", "gu_code": 11530, "gu_name": "구로구", "source_cell_count": 6, "area_m2": 8398.49, "mean_actual_lst": 34.3626, "mean_actual_anomaly": -4.3056, "seoul_anomaly": -3.0574, "pred_anomaly": -2.8107, "pred_anomaly_std": 0.9178, "green_delta_c": -1.2576, "building_ratio": 0.0035, "green_ratio": 0.7339, "ndvi": 0.4665, "impervious_ratio": 0.1052, "built_surface_ratio": 0.1052, "avg_ground_floor_count": 0.0, "elevation_m": 51.0098, "albedo": 0.1623, "nearest_park_distance_m": 36.2127, "park_area_within_500m": 313797.5971, "nearest_stream_distance_m": 898.5943, "est_population_density": 0.0, "dong_elderly_ratio": 0.2212, "dong_avg_age": 43.8, "dong_pop_density": 12262.0, "nearest_shelter_distance_m": 613.55, "shelter_count_within_500m": 0.0, "est_population": 0.0, "est_elderly": 0.0, "shelter_capacity_within_500m": 0.0, "building_form_group": "no_building", "dong_name": "오류2동", "top1_feature": "building_ratio", "top1_shap": -1.2574, "top2_feature": "green_ratio", "top2_shap": -0.676, "top3_feature": "ndvi", "top3_shap": -0.3896, "priority_score": 42.7336, "priority_rank": 273 }, "geometry": { "type": "Polygon", "coordinates": [ [ [ 126.835554783935464, 37.475360294178941 ], [ 126.835563364596126, 37.474391077633435 ], [ 126.83483351000001, 37.47442349 ], [ 126.834639879999983, 37.47436268 ], [ 126.83461331, 37.4748703 ], [ 126.83476371, 37.47531341 ], [ 126.834774196772898, 37.475355901942685 ], [ 126.835554783935464, 37.475360294178941 ] ] ] } },
{ "type": "Feature", "properties": { "nearest_shelter_name": "천왕이펜하우스8단지(아)경로당", "nearest_shelter_addr": "서울특별시 구로구 금오로 882 (천왕이펜하우스8단지 801동)", "nearest_shelter_lon": 126.842367, "nearest_shelter_lat": 37.47651, "member_grid_ids": ["11530_00020", "11530_00021", "11530_00022"], "display_grid_id": "11530_00006", "gu_code": 11530, "gu_name": "구로구", "source_cell_count": 5, "area_m2": 12837.39, "mean_actual_lst": 37.1185, "mean_actual_anomaly": -1.5404, "seoul_anomaly": -0.2921, "pred_anomaly": -0.1427, "pred_anomaly_std": 0.9173, "green_delta_c": -0.5889, "building_ratio": 0.1751, "green_ratio": 0.4867, "ndvi": 0.3989, "impervious_ratio": 0.356, "built_surface_ratio": 0.356, "avg_ground_floor_count": 0.1866, "elevation_m": 35.8154, "albedo": 0.1663, "nearest_park_distance_m": 33.7286, "park_area_within_500m": 391599.9878, "nearest_stream_distance_m": 799.6751, "est_population_density": 0.0, "dong_elderly_ratio": 0.2212, "dong_avg_age": 43.8, "dong_pop_density": 12262.0, "nearest_shelter_distance_m": 445.69, "shelter_count_within_500m": 0.3732, "est_population": 0.0, "est_elderly": 0.0, "shelter_capacity_within_500m": 0.0, "building_form_group": "low_floor_high_density", "dong_name": "오류2동", "top1_feature": "building_ratio", "top1_shap": -0.254, "top2_feature": "ndvi", "top2_shap": -0.6103, "top3_feature": "green_ratio", "top3_shap": -0.4474, "priority_score": 43.0997, "priority_rank": 267 }, "geometry": { "type": "MultiPolygon", "coordinates": [ [ [ [ 126.838260713381985, 37.47537548007552 ], [ 126.838149910000013, 37.47532912 ], [ 126.83798677, 37.47521514 ], [ 126.837973349999984, 37.475214 ], [ 126.837897749999982, 37.47520882 ], [ 126.837755069999986, 37.47510979 ], [ 126.837698190000012, 37.47510465 ], [ 126.837639650000014, 37.47506233 ], [ 126.83751924, 37.47502979 ], [ 126.837454899999983, 37.47497535 ], [ 126.83739168000001, 37.47496654 ], [ 126.837256670000016, 37.47491088 ], [ 126.83720445, 37.47488125000001 ], [ 126.83712331000001, 37.47490704 ], [ 126.836946330000018, 37.47490088 ], [ 126.836828180000012, 37.47488437 ], [ 126.836737790000015, 37.47486398 ], [ 126.83661993, 37.47488494 ], [ 126.836479440000019, 37.47482983 ], [ 126.83645308, 37.47484782 ], [ 126.836179370000011, 37.47480886 ], [ 126.836135770000013, 37.47471392 ], [ 126.83610848, 37.474675589999983 ], [ 126.8360323, 37.474614660000015 ], [ 126.83594649, 37.47451994 ], [ 126.83588285, 37.47446128 ], [ 126.83583059999998, 37.47444713 ], [ 126.83576753, 37.47444873 ], [ 126.83572475, 37.47438391 ], [ 126.835563364596126, 37.474391077633435 ], [ 126.835554783935464, 37.475360294178941 ], [ 126.838260713381985, 37.47537548007552 ] ] ], [ [ [ 126.838382052236909, 37.475374486634323 ], [ 126.838374502577395, 37.475376117311924 ], [ 126.838382037489339, 37.47537615950467 ], [ 126.838382052236909, 37.475374486634323 ] ] ] ] } },
{ "type": "Feature", "properties": { "nearest_shelter_name": "천왕이펜하우스8단지(아)경로당", "nearest_shelter_addr": "서울특별시 구로구 금오로 882 (천왕이펜하우스8단지 801동)", "nearest_shelter_lon": 126.842367, "nearest_shelter_lat": 37.47651, "member_grid_ids": ["11530_00023", "11530_00024", "11530_00025"], "display_grid_id": "11530_00007", "gu_code": 11530, "gu_name": "구로구", "source_cell_count": 4, "area_m2": 11058.72, "mean_actual_lst": 37.7507, "mean_actual_anomaly": -0.8334, "seoul_anomaly": 0.4148, "pred_anomaly": 1.5162, "pred_anomaly_std": 0.7899, "green_delta_c": -0.3915, "building_ratio": 0.291, "green_ratio": 0.311, "ndvi": 0.2887, "impervious_ratio": 0.5196, "built_surface_ratio": 0.5196, "avg_ground_floor_count": 0.1203, "elevation_m": 14.7251, "albedo": 0.1445, "nearest_park_distance_m": 1.4254, "park_area_within_500m": 414472.6481, "nearest_stream_distance_m": 447.1048, "est_population_density": 0.0, "dong_elderly_ratio": 0.2212, "dong_avg_age": 43.8, "dong_pop_density": 12262.0, "nearest_shelter_distance_m": 192.61, "shelter_count_within_500m": 2.0, "est_population": 0.0, "est_elderly": 0.0, "shelter_capacity_within_500m": 0.0, "building_form_group": "low_floor_high_density", "dong_name": "오류2동", "top1_feature": "impervious_ratio", "top1_shap": 0.6401, "top2_feature": "building_ratio", "top2_shap": 0.6295, "top3_feature": "built_surface_ratio", "top3_shap": 0.2964, "priority_score": 38.4785, "priority_rank": 327 }, "geometry": { "type": "Polygon", "coordinates": [ [ [ 126.838382037489339, 37.47537615950467 ], [ 126.84120929325492, 37.475391957187192 ], [ 126.841215461507645, 37.474689255607153 ], [ 126.841214440000016, 37.47468881 ], [ 126.84115777, 37.47467692 ], [ 126.84103206, 37.47464801000001 ], [ 126.84093949, 37.47465352 ], [ 126.84082501, 37.4746576 ], [ 126.84078668, 37.47466402 ], [ 126.84076759, 37.47466738 ], [ 126.8406248, 37.47469281 ], [ 126.84045215, 37.47473312 ], [ 126.84041981, 37.47473391 ], [ 126.84027443, 37.47473991 ], [ 126.840108330000021, 37.47476334 ], [ 126.84003052, 37.47480462 ], [ 126.8399488, 37.47486166 ], [ 126.839945080000021, 37.4748656 ], [ 126.839824870000015, 37.47498875 ], [ 126.83969452, 37.47514372 ], [ 126.83966323, 37.47515551 ], [ 126.83956742, 37.47519198 ], [ 126.83947206000002, 37.47517833 ], [ 126.839445920000017, 37.47517717 ], [ 126.839233969999981, 37.47516562 ], [ 126.83912245, 37.475190240000018 ], [ 126.83908038, 37.47520877 ], [ 126.83890409, 37.47529187 ], [ 126.83884522, 37.47530951 ], [ 126.83877738, 37.47531535 ], [ 126.8387523, 37.47531727 ], [ 126.83866747, 37.47533517 ], [ 126.83858552, 37.47533113 ], [ 126.8385599, 37.47533164 ], [ 126.83851166, 37.47533666 ], [ 126.83844502, 37.47536078 ], [ 126.838395, 37.47537169 ], [ 126.838382052236909, 37.475374486634323 ], [ 126.838382037489339, 37.47537615950467 ] ] ] } },
{ "type": "Feature", "properties": { "nearest_shelter_name": "천왕이펜하우스8단지(아)경로당", "nearest_shelter_addr": "서울특별시 구로구 금오로 882 (천왕이펜하우스8단지 801동)", "nearest_shelter_lon": 126.842367, "nearest_shelter_lat": 37.47651, "member_grid_ids": ["11530_00009", "11530_00025", "11530_00026", "11530_00027"], "display_grid_id": "11530_00008", "gu_code": 11530, "gu_name": "구로구", "source_cell_count": 6, "area_m2": 17351.72, "mean_actual_lst": 38.9694, "mean_actual_anomaly": 0.4616, "seoul_anomaly": 1.7098, "pred_anomaly": 1.2638, "pred_anomaly_std": 0.9855, "green_delta_c": -0.3126, "building_ratio": 0.1987, "green_ratio": 0.4048, "ndvi": 0.2366, "impervious_ratio": 0.3548, "built_surface_ratio": 0.3548, "avg_ground_floor_count": 0.0, "elevation_m": 16.2782, "albedo": 0.1295, "nearest_park_distance_m": 46.833, "park_area_within_500m": 374303.7631, "nearest_stream_distance_m": 249.1304, "est_population_density": 0.0, "dong_elderly_ratio": 0.2212, "dong_avg_age": 43.8, "dong_pop_density": 12262.0, "nearest_shelter_distance_m": 151.44, "shelter_count_within_500m": 1.9975, "est_population": 0.0, "est_elderly": 0.0, "shelter_capacity_within_500m": 0.0, "building_form_group": "low_floor_low_density", "dong_name": "오류2동", "top1_feature": "ndvi", "top1_shap": 0.0136, "top2_feature": "impervious_ratio", "top2_shap": 0.5413, "top3_feature": "green_ratio", "top3_shap": -0.3908, "priority_score": 36.7487, "priority_rank": 340 }, "geometry": { "type": "Polygon", "coordinates": [ [ [ 126.84120929325492, 37.475391957187192 ], [ 126.8440365512228, 37.47540768722633 ], [ 126.844044717206032, 37.474473384772352 ], [ 126.843820480000019, 37.4744986 ], [ 126.84366458, 37.47454345 ], [ 126.84353529, 37.47454046 ], [ 126.843517759999983, 37.47455902 ], [ 126.8433573, 37.47467593 ], [ 126.84334999, 37.47471534 ], [ 126.843263650000011, 37.47477942 ], [ 126.84311172000001, 37.47486989 ], [ 126.84307706, 37.47488503 ], [ 126.84295227, 37.47492486 ], [ 126.84286568, 37.47494614 ], [ 126.84284836, 37.47495147 ], [ 126.842781360000018, 37.47497165 ], [ 126.842696070000017, 37.47496028 ], [ 126.842646620000011, 37.47495401 ], [ 126.84250353, 37.47496142 ], [ 126.84247178, 37.47493576 ], [ 126.84239764, 37.47491595 ], [ 126.84237857, 37.47491113 ], [ 126.842342200000019, 37.4749018 ], [ 126.84229969, 37.4748764 ], [ 126.842192849999989, 37.47486105 ], [ 126.84203798, 37.47483438 ], [ 126.84196377, 37.4748492 ], [ 126.841961679999983, 37.47483173 ], [ 126.84186701, 37.47483245 ], [ 126.84181702, 37.47483295 ], [ 126.84174232, 37.47482017 ], [ 126.84163712, 37.47478794 ], [ 126.841525550000014, 37.474754 ], [ 126.84140193, 37.47473666 ], [ 126.84128892, 37.4747213 ], [ 126.841215461507645, 37.474689255607153 ], [ 126.84120929325492, 37.475391957187192 ] ] ] } },
{ "type": "Feature", "properties": { "nearest_shelter_name": "천왕이펜하우스8단지(아)경로당", "nearest_shelter_addr": "서울특별시 구로구 금오로 882 (천왕이펜하우스8단지 801동)", "nearest_shelter_lon": 126.842367, "nearest_shelter_lat": 37.47651, "member_grid_ids": ["11530_00002", "11530_00010", "11530_00011", "11530_00028", "11530_00029"], "display_grid_id": "11530_00009", "gu_code": 11530, "gu_name": "구로구", "source_cell_count": 8, "area_m2": 20348.92, "mean_actual_lst": 38.2409, "mean_actual_anomaly": -0.2474, "seoul_anomaly": 1.0008, "pred_anomaly": 1.0611, "pred_anomaly_std": 0.8524, "green_delta_c": -0.3332, "building_ratio": 0.114, "green_ratio": 0.2926, "ndvi": 0.3093, "impervious_ratio": 0.5078, "built_surface_ratio": 0.5078, "avg_ground_floor_count": 0.7737, "elevation_m": 17.9913, "albedo": 0.1271, "nearest_park_distance_m": 115.0975, "park_area_within_500m": 322331.9432, "nearest_stream_distance_m": 55.3337, "est_population_density": 0.0, "dong_elderly_ratio": 0.2212, "dong_avg_age": 43.8, "dong_pop_density": 12262.0, "nearest_shelter_distance_m": 262.14, "shelter_count_within_500m": 1.4861, "est_population": 0.0, "est_elderly": 0.0, "shelter_capacity_within_500m": 0.0, "building_form_group": "low_floor_low_density", "dong_name": "오류2동", "top1_feature": "ndvi", "top1_shap": -0.6243, "top2_feature": "impervious_ratio", "top2_shap": 0.5969, "top3_feature": "built_surface_ratio", "top3_shap": 0.4442, "priority_score": 40.423, "priority_rank": 299 }, "geometry": { "type": "Polygon", "coordinates": [ [ [ 126.8440365512228, 37.47540768722633 ], [ 126.845527287946936, 37.475415954009655 ], [ 126.84549621, 37.47495049 ], [ 126.845487010000014, 37.47487417 ], [ 126.845479370000021, 37.4748125 ], [ 126.845475730000018, 37.47478096 ], [ 126.845430690000015, 37.47443767 ], [ 126.845419220000011, 37.47434868 ], [ 126.845409350000011, 37.47425041 ], [ 126.84539828, 37.47413777 ], [ 126.84538456, 37.4740302 ], [ 126.8453705, 37.47390712 ], [ 126.84536721000002, 37.47387531 ], [ 126.84536565, 37.47385954 ], [ 126.84536027, 37.4738125 ], [ 126.84532023, 37.47378712 ], [ 126.84523751, 37.47372873 ], [ 126.845109640000018, 37.47363255 ], [ 126.84505094, 37.47357644 ], [ 126.84503296, 37.47355896 ], [ 126.844977609999987, 37.4735037 ], [ 126.844954890000011, 37.47347241 ], [ 126.844914730000013, 37.473498260000014 ], [ 126.84487186, 37.47364855 ], [ 126.84483654, 37.47372482 ], [ 126.84481972, 37.47374535 ], [ 126.84474233, 37.47375567000001 ], [ 126.84471053, 37.47375984 ], [ 126.84469974, 37.47376124 ], [ 126.84460666, 37.47384502 ], [ 126.844552330000013, 37.47397812 ], [ 126.84449068, 37.47398002 ], [ 126.844489110000012, 37.47405519 ], [ 126.84439457, 37.47415756 ], [ 126.84431938, 37.47430246 ], [ 126.84433499, 37.47443846 ], [ 126.84434063, 37.47452464 ], [ 126.84430696, 37.47457866 ], [ 126.844249509999983, 37.47459998 ], [ 126.844221640000015, 37.47457742 ], [ 126.84413138, 37.47449283 ], [ 126.84404805, 37.47447301 ], [ 126.844044717206032, 37.474473384772352 ], [ 126.8440365512228, 37.47540768722633 ] ] ] } },
{ "type": "Feature", "properties": { "nearest_shelter_name": "항동8단지(아)경로당", "nearest_shelter_addr": "서울특별시 구로구 서해안로 2036 (항동 하버라인 8단지 801동)", "nearest_shelter_lon": 126.817895, "nearest_shelter_lat": 37.474645, "member_grid_ids": ["11530_00030", "11530_00052"], "display_grid_id": "11530_00010", "gu_code": 11530, "gu_name": "구로구", "source_cell_count": 5, "area_m2": 8925.53, "mean_actual_lst": 36.2274, "mean_actual_anomaly": -2.9295, "seoul_anomaly": -1.6812, "pred_anomaly": -0.966, "pred_anomaly_std": 0.8898, "green_delta_c": -0.462, "building_ratio": 0.1328, "green_ratio": 0.3644, "ndvi": 0.239, "impervious_ratio": 0.3833, "built_surface_ratio": 0.3833, "avg_ground_floor_count": 17.0, "elevation_m": 41.1757, "albedo": 0.1163, "nearest_park_distance_m": 0.0, "park_area_within_500m": 523700.4366, "nearest_stream_distance_m": 2374.2561, "est_population_density": 35493.6547, "dong_elderly_ratio": 0.1319, "dong_avg_age": 36.6, "dong_pop_density": 11438.5, "nearest_shelter_distance_m": 252.63, "shelter_count_within_500m": 2.0, "est_population": 316.8, "est_elderly": 41.8, "shelter_capacity_within_500m": 0.0, "building_form_group": "high_floor_low_density", "dong_name": "항동", "top1_feature": "avg_ground_floor_count", "top1_shap": -0.5341, "top2_feature": "nearest_stream_distance_m", "top2_shap": -0.3984, "top3_feature": "green_ratio", "top3_shap": -0.2189, "priority_score": 43.7879, "priority_rank": 256 }, "geometry": { "type": "Polygon", "coordinates": [ [ [ 126.815764071780833, 37.475247342902286 ], [ 126.81478349018073, 37.475241660244365 ], [ 126.81496459, 37.47586015 ], [ 126.815221509999986, 37.4762511 ], [ 126.81529525000002, 37.47636215 ], [ 126.815751947576715, 37.476577131100335 ], [ 126.815764071780833, 37.475247342902286 ] ] ] } },
{ "type": "Feature", "properties": { "nearest_shelter_name": "항동8단지(아)경로당", "nearest_shelter_addr": "서울특별시 구로구 서해안로 2036 (항동 하버라인 8단지 801동)", "nearest_shelter_lon": 126.817895, "nearest_shelter_lat": 37.474645, "member_grid_ids": ["11530_00031", "11530_00032", "11530_00033", "11530_00053", "11530_00054", "11530_00055", "11530_00078", "11530_00079", "11530_00080"], "display_grid_id": "11530_00011", "gu_code": 11530, "gu_name": "구로구", "source_cell_count": 15, "area_m2": 59022.64, "mean_actual_lst": 40.0081, "mean_actual_anomaly": 0.8325, "seoul_anomaly": 2.0807, "pred_anomaly": 1.2534, "pred_anomaly_std": 0.8641, "green_delta_c": -0.2256, "building_ratio": 0.2744, "green_ratio": 0.2669, "ndvi": 0.1261, "impervious_ratio": 0.379, "built_surface_ratio": 0.379, "avg_ground_floor_count": 10.1321, "elevation_m": 29.4619, "albedo": 0.1301, "nearest_park_distance_m": 0.0, "park_area_within_500m": 538884.456, "nearest_stream_distance_m": 2217.2492, "est_population_density": 64114.0274, "dong_elderly_ratio": 0.1319, "dong_avg_age": 36.6, "dong_pop_density": 11438.5, "nearest_shelter_distance_m": 124.13, "shelter_count_within_500m": 2.8462, "est_population": 3784.2, "est_elderly": 499.2, "shelter_capacity_within_500m": 202.1, "building_form_group": "high_floor_high_density", "dong_name": "항동", "top1_feature": "building_ratio", "top1_shap": 0.5241, "top2_feature": "ndvi", "top2_shap": 0.3909, "top3_feature": "avg_ground_floor_count", "top3_shap": -0.3754, "priority_score": 57.4242, "priority_rank": 115 }, "geometry": { "type": "Polygon", "coordinates": [ [ [ 126.818570850087042, 37.47751694764478 ], [ 126.818591309587973, 37.475263681725977 ], [ 126.818566000705019, 37.475263535764107 ], [ 126.81846495, 37.47528168 ], [ 126.818399560000017, 37.47529791 ], [ 126.81832095, 37.4752992 ], [ 126.818330412583478, 37.475262176815761 ], [ 126.815764071780833, 37.475247342902286 ], [ 126.815751947576715, 37.476577131100335 ], [ 126.81610846, 37.47674495 ], [ 126.81610005, 37.47686122 ], [ 126.8160716, 37.4770805 ], [ 126.816386791043598, 37.477504331103489 ], [ 126.818570850087042, 37.47751694764478 ] ] ] } },
{ "type": "Feature", "properties": { "nearest_shelter_name": "우남퍼스트빌(아)경로당", "nearest_shelter_addr": "서울특별시 구로구 항동로 8 (우남퍼스트빌더센트럴)", "nearest_shelter_lon": 126.820677, "nearest_shelter_lat": 37.47715, "member_grid_ids": ["11530_00033", "11530_00034", "11530_00055", "11530_00056", "11530_00057", "11530_00081", "11530_00082"], "display_grid_id": "11530_00012", "gu_code": 11530, "gu_name": "구로구", "source_cell_count": 12, "area_m2": 39724.96, "mean_actual_lst": 39.6585, "mean_actual_anomaly": 1.057, "seoul_anomaly": 2.3052, "pred_anomaly": 0.4624, "pred_anomaly_std": 0.8706, "green_delta_c": -0.4112, "building_ratio": 0.1122, "green_ratio": 0.3051, "ndvi": 0.2008, "impervious_ratio": 0.443, "built_surface_ratio": 0.443, "avg_ground_floor_count": 14.7457, "elevation_m": 21.6452, "albedo": 0.1365, "nearest_park_distance_m": 0.0, "park_area_within_500m": 565084.9508, "nearest_stream_distance_m": 2048.4456, "est_population_density": 22412.6574, "dong_elderly_ratio": 0.1319, "dong_avg_age": 36.6, "dong_pop_density": 11438.5, "nearest_shelter_distance_m": 44.35, "shelter_count_within_500m": 5.1946, "est_population": 890.3, "est_elderly": 117.5, "shelter_capacity_within_500m": 513.2, "building_form_group": "high_floor_low_density", "dong_name": "항동", "top1_feature": "avg_ground_floor_count", "top1_shap": -0.4665, "top2_feature": "impervious_ratio", "top2_shap": 0.4112, "top3_feature": "built_surface_ratio", "top3_shap": 0.3183, "priority_score": 50.9722, "priority_rank": 180 }, "geometry": { "type": "Polygon", "coordinates": [ [ [ 126.818591309587973, 37.475263681725977 ], [ 126.818570850087042, 37.47751694764478 ], [ 126.821398175044862, 37.4775332201434 ], [ 126.821410101427873, 37.476214290276431 ], [ 126.82136284, 37.47621248 ], [ 126.82126518, 37.47620866 ], [ 126.821236180000014, 37.47621172 ], [ 126.82122616, 37.47626661 ], [ 126.821202110000016, 37.47628347 ], [ 126.82114995000002, 37.47630111 ], [ 126.821069220000012, 37.47630382 ], [ 126.82100829, 37.47629977 ], [ 126.82079547, 37.47628285 ], [ 126.82061889, 37.47625384 ], [ 126.82047561, 37.47626349 ], [ 126.82033851, 37.47627229 ], [ 126.82016081, 37.476269490000014 ], [ 126.820060989999988, 37.47620456 ], [ 126.81998006000002, 37.4762143 ], [ 126.819916120000016, 37.47621391 ], [ 126.819865739999983, 37.4762237 ], [ 126.819833500000016, 37.4762656 ], [ 126.819780830000013, 37.47627763 ], [ 126.819575740000019, 37.476355860000012 ], [ 126.81954555, 37.47634878 ], [ 126.81951482, 37.4763417 ], [ 126.81942317, 37.47632804 ], [ 126.81934463, 37.47630202 ], [ 126.8193074, 37.47628985 ], [ 126.81929627, 37.4762856 ], [ 126.81914296, 37.47620598 ], [ 126.81907901, 37.47613295 ], [ 126.81906432, 37.47607774 ], [ 126.819055639999988, 37.47593695 ], [ 126.81907094, 37.47582041 ], [ 126.819070630000013, 37.47580434 ], [ 126.8190578, 37.47563399 ], [ 126.81905176, 37.47550052 ], [ 126.81906902, 37.47544985 ], [ 126.81913768, 37.47540267 ], [ 126.819299750000013, 37.4752903 ], [ 126.819329772221948, 37.475267938214607 ], [ 126.819023701598056, 37.475266174587745 ], [ 126.81895158, 37.47529116 ], [ 126.81882132, 37.475327 ], [ 126.818811097401664, 37.475264949062399 ], [ 126.818591309587973, 37.475263681725977 ] ] ] } },
{ "type": "Feature", "properties": { "nearest_shelter_name": "항서경로당", "nearest_shelter_addr": "서울특별시 구로구 연동로 169 (매화빌라3동)", "nearest_shelter_lon": 126.822897, "nearest_shelter_lat": 37.476548, "member_grid_ids": ["11530_00035", "11530_00036", "11530_00037", "11530_00058", "11530_00059", "11530_00060", "11530_00083", "11530_00084", "11530_00085"], "display_grid_id": "11530_00013", "gu_code": 11530, "gu_name": "구로구", "source_cell_count": 12, "area_m2": 43137.48, "mean_actual_lst": 40.5607, "mean_actual_anomaly": 1.559, "seoul_anomaly": 2.8073, "pred_anomaly": 2.0836, "pred_anomaly_std": 0.8679, "green_delta_c": -0.7436, "building_ratio": 0.159, "green_ratio": 0.2259, "ndvi": 0.2084, "impervious_ratio": 0.6146, "built_surface_ratio": 0.6146, "avg_ground_floor_count": 4.7789, "elevation_m": 21.4886, "albedo": 0.1492, "nearest_park_distance_m": 0.8363, "park_area_within_500m": 487412.8825, "nearest_stream_distance_m": 1914.738, "est_population_density": 10398.094, "dong_elderly_ratio": 0.1319, "dong_avg_age": 36.6, "dong_pop_density": 11438.5, "nearest_shelter_distance_m": 20.95, "shelter_count_within_500m": 6.0188, "est_population": 448.5, "est_elderly": 50.0, "shelter_capacity_within_500m": 880.4, "building_form_group": "high_floor_low_density", "dong_name": "항동", "top1_feature": "impervious_ratio", "top1_shap": 0.5902, "top2_feature": "built_surface_ratio", "top2_shap": 0.4618, "top3_feature": "ndvi", "top3_shap": -0.0586, "priority_score": 60.3536, "priority_rank": 92 }, "geometry": { "type": "Polygon", "coordinates": [ [ [ 126.821398175044862, 37.4775332201434 ], [ 126.824225502271375, 37.477549424994315 ], [ 126.824237491773246, 37.476217967318675 ], [ 126.82417277, 37.47619476 ], [ 126.8241081, 37.47635262 ], [ 126.82395043, 37.47647288 ], [ 126.82394159, 37.4764673 ], [ 126.82381638, 37.47638821000001 ], [ 126.82365394, 37.47613148 ], [ 126.82352359, 37.47612676 ], [ 126.82343004, 37.47609876 ], [ 126.82322595, 37.47612464 ], [ 126.823175960000015, 37.47612541 ], [ 126.82314806, 37.47612199 ], [ 126.82318199, 37.47596352 ], [ 126.82318009, 37.47594577000001 ], [ 126.82316313, 37.47594604 ], [ 126.823161319999983, 37.47596208 ], [ 126.823064020000018, 37.47595405 ], [ 126.82294757, 37.47596795 ], [ 126.82277701000001, 37.47593165 ], [ 126.8227008, 37.47589211 ], [ 126.82263277, 37.47583402 ], [ 126.8224931, 37.4758048 ], [ 126.82236593, 37.47580546 ], [ 126.8222494, 37.47578105 ], [ 126.822107100000011, 37.475748470000013 ], [ 126.8220337, 37.47563799 ], [ 126.82198369, 37.47557287 ], [ 126.82194899, 37.475534240000016 ], [ 126.82191983, 37.47546183 ], [ 126.82191924, 37.47541763 ], [ 126.82191319, 37.47528612 ], [ 126.821909800794558, 37.475282773230845 ], [ 126.821706133125801, 37.475281604201683 ], [ 126.82170116, 37.47530889 ], [ 126.8216679, 37.47548116 ], [ 126.82168182, 37.47556845 ], [ 126.82170475, 37.47572589 ], [ 126.82170716, 37.47575856000001 ], [ 126.821718800000014, 37.47591203 ], [ 126.821733, 37.47610746 ], [ 126.82177859, 37.47616947 ], [ 126.821786340000017, 37.47618074 ], [ 126.82177922, 37.47620354 ], [ 126.821705690000016, 37.47622397 ], [ 126.82157063, 37.47626206 ], [ 126.82152541, 37.47626144 ], [ 126.821495470000016, 37.47622845 ], [ 126.821480120000018, 37.47621688 ], [ 126.821416360000015, 37.47621453 ], [ 126.821410101427873, 37.476214290276431 ], [ 126.821398175044862, 37.4775332201434 ] ] ] } },
{ "type": "Feature", "properties": { "nearest_shelter_name": "한양수자인에듀힐즈(아)경로당", "nearest_shelter_addr": "서울특별시 구로구 항동로 42 (한양수자인 에듀힐즈 501동)", "nearest_shelter_lon": 126.825802, "nearest_shelter_lat": 37.478477, "member_grid_ids": ["11530_00038", "11530_00060", "11530_00061", "11530_00062", "11530_00086", "11530_00087"], "display_grid_id": "11530_00014", "gu_code": 11530, "gu_name": "구로구", "source_cell_count": 7, "area_m2": 37097.71, "mean_actual_lst": 36.2948, "mean_actual_anomaly": -2.7793, "seoul_anomaly": -1.5311, "pred_anomaly": -1.5618, "pred_anomaly_std": 0.7681, "green_delta_c": -0.5438, "building_ratio": 0.0876, "green_ratio": 0.4547, "ndvi": 0.3305, "impervious_ratio": 0.3707, "built_surface_ratio": 0.3707, "avg_ground_floor_count": 5.8616, "elevation_m": 41.1568, "albedo": 0.1333, "nearest_park_distance_m": 17.7358, "park_area_within_500m": 361963.9774, "nearest_stream_distance_m": 1752.5374, "est_population_density": 15616.9156, "dong_elderly_ratio": 0.1319, "dong_avg_age": 36.6, "dong_pop_density": 11438.5, "nearest_shelter_distance_m": 109.53, "shelter_count_within_500m": 4.7725, "est_population": 579.4, "est_elderly": 76.4, "shelter_capacity_within_500m": 510.1, "building_form_group": "high_floor_low_density", "dong_name": "항동", "top1_feature": "green_ratio", "top1_shap": -0.4148, "top2_feature": "ndvi", "top2_shap": -0.4479, "top3_feature": "building_ratio", "top3_shap": -0.3991, "priority_score": 43.8005, "priority_rank": 255 }, "geometry": { "type": "Polygon", "coordinates": [ [ [ 126.824225502271375, 37.477549424994315 ], [ 126.827052831757157, 37.477565562197348 ], [ 126.827066007653869, 37.476096200766335 ], [ 126.82611757, 37.4762216 ], [ 126.82534166, 37.47625986 ], [ 126.825279280000018, 37.47626709 ], [ 126.82483411, 37.47626033 ], [ 126.82433444, 37.47625273 ], [ 126.824237491773246, 37.476217967318675 ], [ 126.824225502271375, 37.477549424994315 ] ] ] } },
{ "type": "Feature", "properties": { "nearest_shelter_name": "한양수자인에듀힐즈(아)경로당", "nearest_shelter_addr": "서울특별시 구로구 항동로 42 (한양수자인 에듀힐즈 501동)", "nearest_shelter_lon": 126.825802, "nearest_shelter_lat": 37.478477, "member_grid_ids": ["11530_00039", "11530_00040", "11530_00063", "11530_00064", "11530_00065", "11530_00088", "11530_00089", "11530_00090"], "display_grid_id": "11530_00015", "gu_code": 11530, "gu_name": "구로구", "source_cell_count": 11, "area_m2": 37662.98, "mean_actual_lst": 32.079, "mean_actual_anomaly": -6.6087, "seoul_anomaly": -5.3605, "pred_anomaly": -5.5487, "pred_anomaly_std": 0.6445, "green_delta_c": -0.4203, "building_ratio": 0.0042, "green_ratio": 0.7299, "ndvi": 0.3956, "impervious_ratio": 0.0653, "built_surface_ratio": 0.0653, "avg_ground_floor_count": 1.9913, "elevation_m": 89.234, "albedo": 0.1166, "nearest_park_distance_m": 100.6469, "park_area_within_500m": 233834.0219, "nearest_stream_distance_m": 1528.2298, "est_population_density": 273.4781, "dong_elderly_ratio": 0.1319, "dong_avg_age": 36.6, "dong_pop_density": 11438.5, "nearest_shelter_distance_m": 189.59, "shelter_count_within_500m": 2.4331, "est_population": 10.3, "est_elderly": 1.4, "shelter_capacity_within_500m": 95.5, "building_form_group": "no_building", "dong_name": "항동", "top1_feature": "building_ratio", "top1_shap": -1.4103, "top2_feature": "impervious_ratio", "top2_shap": -1.0263, "top3_feature": "built_surface_ratio", "top3_shap": -0.9999, "priority_score": 31.8813, "priority_rank": 376 }, "geometry": { "type": "Polygon", "coordinates": [ [ [ 126.827052831757157, 37.477565562197348 ], [ 126.829880163492732, 37.477581631752351 ], [ 126.829885038232717, 37.47703572511066 ], [ 126.829621370000012, 37.47689573 ], [ 126.829553090000019, 37.47662506 ], [ 126.82953656, 37.47659603 ], [ 126.82920414, 37.47619573 ], [ 126.828181749999985, 37.476034600000013 ], [ 126.828122219999983, 37.47603226 ], [ 126.827871839999986, 37.47598965 ], [ 126.827066007653869, 37.476096200766335 ], [ 126.827052831757157, 37.477565562197348 ] ] ] } },
{ "type": "Feature", "properties": { "nearest_shelter_name": "한양수자인에듀힐즈(아)경로당", "nearest_shelter_addr": "서울특별시 구로구 항동로 42 (한양수자인 에듀힐즈 501동)", "nearest_shelter_lon": 126.825802, "nearest_shelter_lat": 37.478477, "member_grid_ids": ["11530_00091"], "display_grid_id": "11530_00016", "gu_code": 11530, "gu_name": "구로구", "source_cell_count": 5, "area_m2": 4302.32, "mean_actual_lst": 32.2163, "mean_actual_anomaly": -6.5145, "seoul_anomaly": -5.2663, "pred_anomaly": -5.8548, "pred_anomaly_std": 0.6541, "green_delta_c": -0.5828, "building_ratio": 0.0, "green_ratio": 0.7547, "ndvi": 0.4161, "impervious_ratio": 0.0381, "built_surface_ratio": 0.0381, "avg_ground_floor_count": 0.0, "elevation_m": 96.9093, "albedo": 0.1212, "nearest_park_distance_m": 170.0616, "park_area_within_500m": 137619.3773, "nearest_stream_distance_m": 1334.8887, "est_population_density": 0.0, "dong_elderly_ratio": 0.1494, "dong_avg_age": 38.0114, "dong_pop_density": 11599.9268, "nearest_shelter_distance_m": 463.58, "shelter_count_within_500m": 0.8079, "est_population": 0.0, "est_elderly": 0.0, "shelter_capacity_within_500m": 0.0, "building_form_group": "no_building", "dong_name": "항동", "top1_feature": "building_ratio", "top1_shap": -1.6002, "top2_feature": "impervious_ratio", "top2_shap": -1.1994, "top3_feature": "built_surface_ratio", "top3_shap": -1.1579, "priority_score": 34.1477, "priority_rank": 362 }, "geometry": { "type": "MultiPolygon", "coordinates": [ [ [ [ 126.831495114045566, 37.477590780199669 ], [ 126.83080122, 37.47742426 ], [ 126.830457310000014, 37.47733957 ], [ 126.829885038232717, 37.47703572511066 ], [ 126.829880163492732, 37.477581631752351 ], [ 126.831495114045566, 37.477590780199669 ] ] ], [ [ [ 126.832709614029568, 37.477359604299075 ], [ 126.83207877, 37.47756827 ], [ 126.83197834347834, 37.477593513329417 ], [ 126.832707497468633, 37.477597633659144 ], [ 126.832709614029568, 37.477359604299075 ] ] ] ] } },
{ "type": "Feature", "properties": { "nearest_shelter_name": "천왕이펜하우스4단지(아)경로당", "nearest_shelter_addr": "서울특별시 구로구 천왕로 29 (천왕 이펜하우스 4단지 403동)", "nearest_shelter_lon": 126.838333, "nearest_shelter_lat": 37.480137, "member_grid_ids": ["11530_00041", "11530_00042", "11530_00066", "11530_00067", "11530_00068", "11530_00093", "11530_00094", "11530_00095"], "display_grid_id": "11530_00017", "gu_code": 11530, "gu_name": "구로구", "source_cell_count": 10, "area_m2": 34000.04, "mean_actual_lst": 33.2406, "mean_actual_anomaly": -5.3934, "seoul_anomaly": -4.1451, "pred_anomaly": -4.1771, "pred_anomaly_std": 0.7012, "green_delta_c": -0.9559, "building_ratio": 0.0096, "green_ratio": 0.751, "ndvi": 0.4717, "impervious_ratio": 0.0719, "built_surface_ratio": 0.0719, "avg_ground_floor_count": 0.0, "elevation_m": 63.4847, "albedo": 0.1398, "nearest_park_distance_m": 72.4485, "park_area_within_500m": 229743.0117, "nearest_stream_distance_m": 966.3935, "est_population_density": 0.0, "dong_elderly_ratio": 0.2212, "dong_avg_age": 43.8, "dong_pop_density": 12262.0, "nearest_shelter_distance_m": 373.62, "shelter_count_within_500m": 0.4412, "est_population": 0.0, "est_elderly": 0.0, "shelter_capacity_within_500m": 0.0, "building_form_group": "no_building", "dong_name": "오류2동", "top1_feature": "building_ratio", "top1_shap": -1.3769, "top2_feature": "impervious_ratio", "top2_shap": -0.7298, "top3_feature": "built_surface_ratio", "top3_shap": -0.7297, "priority_score": 40.0189, "priority_rank": 304 }, "geometry": { "type": "Polygon", "coordinates": [ [ [ 126.832707497468633, 37.477597633659144 ], [ 126.835534833675467, 37.477613567917565 ], [ 126.835554783935464, 37.475360294178941 ], [ 126.834774196772898, 37.475355901942685 ], [ 126.834871730000017, 37.475751100000011 ], [ 126.83449542, 37.47601073 ], [ 126.83407923, 37.47641532 ], [ 126.83399581, 37.47659287 ], [ 126.83393197, 37.47678424 ], [ 126.833479809999986, 37.47715581 ], [ 126.83332719, 37.47723218 ], [ 126.83305176, 37.47724643 ], [ 126.832709614029568, 37.477359604299075 ], [ 126.832707497468633, 37.477597633659144 ] ] ] } },
{ "type": "Feature", "properties": { "nearest_shelter_name": "천왕이펜하우스4단지(아)경로당", "nearest_shelter_addr": "서울특별시 구로구 천왕로 29 (천왕 이펜하우스 4단지 403동)", "nearest_shelter_lon": 126.838333, "nearest_shelter_lat": 37.480137, "member_grid_ids": ["11530_00042", "11530_00043", "11530_00044", "11530_00068", "11530_00069", "11530_00070", "11530_00096", "11530_00097"], "display_grid_id": "11530_00018", "gu_code": 11530, "gu_name": "구로구", "source_cell_count": 14, "area_m2": 62490.84, "mean_actual_lst": 38.2014, "mean_actual_anomaly": -0.5166, "seoul_anomaly": 0.7316, "pred_anomaly": 0.6715, "pred_anomaly_std": 0.8702, "green_delta_c": -0.5246, "building_ratio": 0.2226, "green_ratio": 0.4155, "ndvi": 0.2842, "impervious_ratio": 0.4069, "built_surface_ratio": 0.4069, "avg_ground_floor_count": 0.1599, "elevation_m": 35.9215, "albedo": 0.1576, "nearest_park_distance_m": 132.7752, "park_area_within_500m": 393303.7929, "nearest_stream_distance_m": 771.8467, "est_population_density": 0.0, "dong_elderly_ratio": 0.2212, "dong_avg_age": 43.8, "dong_pop_density": 12262.0, "nearest_shelter_distance_m": 282.57, "shelter_count_within_500m": 2.2399, "est_population": 0.0, "est_elderly": 0.0, "shelter_capacity_within_500m": 0.0, "building_form_group": "low_floor_high_density", "dong_name": "오류2동", "top1_feature": "building_ratio", "top1_shap": 0.2191, "top2_feature": "impervious_ratio", "top2_shap": 0.286, "top3_feature": "built_surface_ratio", "top3_shap": 0.1089, "priority_score": 44.2108, "priority_rank": 250 }, "geometry": { "type": "Polygon", "coordinates": [ [ [ 126.835554783935464, 37.475360294178941 ], [ 126.835534833675467, 37.477613567917565 ], [ 126.838362172103714, 37.477629434527451 ], [ 126.838382037489339, 37.47537615950467 ], [ 126.838374502577395, 37.475376117311924 ], [ 126.83830046, 37.47539211 ], [ 126.838260713381985, 37.47537548007552 ], [ 126.835554783935464, 37.475360294178941 ] ] ] } },
{ "type": "Feature", "properties": { "nearest_shelter_name": "천왕이펜하우스6단지(아)경로당", "nearest_shelter_addr": "서울특별시 구로구 천왕로 9 (천왕이펜하우스6단지 상가)", "nearest_shelter_lon": 126.840972, "nearest_shelter_lat": 37.478366, "member_grid_ids": ["11530_00045", "11530_00046", "11530_00047", "11530_00071", "11530_00072", "11530_00073", "11530_00098", "11530_00099", "11530_00100"], "display_grid_id": "11530_00019", "gu_code": 11530, "gu_name": "구로구", "source_cell_count": 16, "area_m2": 62500.0, "mean_actual_lst": 39.1363, "mean_actual_anomaly": 0.5521, "seoul_anomaly": 1.8003, "pred_anomaly": 2.9584, "pred_anomaly_std": 0.8277, "green_delta_c": -0.385, "building_ratio": 0.3423, "green_ratio": 0.2149, "ndvi": 0.2212, "impervious_ratio": 0.6287, "built_surface_ratio": 0.6287, "avg_ground_floor_count": 1.5622, "elevation_m": 17.2124, "albedo": 0.1475, "nearest_park_distance_m": 49.2176, "park_area_within_500m": 400863.76, "nearest_stream_distance_m": 512.76, "est_population_density": 1170.0, "dong_elderly_ratio": 0.2212, "dong_avg_age": 43.8, "dong_pop_density": 12262.0, "nearest_shelter_distance_m": 82.25, "shelter_count_within_500m": 3.6, "est_population": 73.1, "est_elderly": 16.2, "shelter_capacity_within_500m": 0.0, "building_form_group": "low_floor_high_density", "dong_name": "오류2동", "top1_feature": "building_ratio", "top1_shap": 0.9924, "top2_feature": "impervious_ratio", "top2_shap": 0.7213, "top3_feature": "built_surface_ratio", "top3_shap": 0.4587, "priority_score": 53.0303, "priority_rank": 155 }, "geometry": { "type": "Polygon", "coordinates": [ [ [ 126.838382037489339, 37.47537615950467 ], [ 126.838362172103714, 37.477629434527451 ], [ 126.841189512743981, 37.47764523348863 ], [ 126.84120929325492, 37.475391957187192 ], [ 126.838382037489339, 37.47537615950467 ] ] ] } },
{ "type": "Feature", "properties": { "nearest_shelter_name": "천왕이펜하우스8단지(아)경로당", "nearest_shelter_addr": "서울특별시 구로구 금오로 882 (천왕이펜하우스8단지 801동)", "nearest_shelter_lon": 126.842367, "nearest_shelter_lat": 37.47651, "member_grid_ids": ["11530_00047", "11530_00048", "11530_00049", "11530_00073", "11530_00074", "11530_00075", "11530_00101", "11530_00102"], "display_grid_id": "11530_00020", "gu_code": 11530, "gu_name": "구로구", "source_cell_count": 16, "area_m2": 62500.0, "mean_actual_lst": 37.7379, "mean_actual_anomaly": -0.8463, "seoul_anomaly": 0.4019, "pred_anomaly": 1.072, "pred_anomaly_std": 0.7959, "green_delta_c": -0.3127, "building_ratio": 0.1287, "green_ratio": 0.2797, "ndvi": 0.2921, "impervious_ratio": 0.549, "built_surface_ratio": 0.549, "avg_ground_floor_count": 6.1474, "elevation_m": 16.1969, "albedo": 0.1293, "nearest_park_distance_m": 20.6392, "park_area_within_500m": 339523.5584, "nearest_stream_distance_m": 273.6336, "est_population_density": 7229.2, "dong_elderly_ratio": 0.2212, "dong_avg_age": 43.8, "dong_pop_density": 12262.0, "nearest_shelter_distance_m": 26.87, "shelter_count_within_500m": 3.2, "est_population": 451.8, "est_elderly": 100.0, "shelter_capacity_within_500m": 0.0, "building_form_group": "high_floor_low_density", "dong_name": "오류2동", "top1_feature": "impervious_ratio", "top1_shap": 0.5483, "top2_feature": "ndvi", "top2_shap": -0.4913, "top3_feature": "built_surface_ratio", "top3_shap": 0.2728, "priority_score": 39.5581, "priority_rank": 307 }, "geometry": { "type": "Polygon", "coordinates": [ [ [ 126.84120929325492, 37.475391957187192 ], [ 126.841189512743981, 37.47764523348863 ], [ 126.844016855586787, 37.477660964800961 ], [ 126.8440365512228, 37.47540768722633 ], [ 126.84120929325492, 37.475391957187192 ] ] ] } },
{ "type": "Feature", "properties": { "nearest_shelter_name": "천왕이펜하우스8단지(아)경로당", "nearest_shelter_addr": "서울특별시 구로구 금오로 882 (천왕이펜하우스8단지 801동)", "nearest_shelter_lon": 126.842367, "nearest_shelter_lat": 37.47651, "member_grid_ids": ["11530_00050", "11530_00051", "11530_00076", "11530_00077", "11530_00103", "11530_00104"], "display_grid_id": "11530_00021", "gu_code": 11530, "gu_name": "구로구", "source_cell_count": 10, "area_m2": 35620.98, "mean_actual_lst": 37.9674, "mean_actual_anomaly": -0.6167, "seoul_anomaly": 0.6315, "pred_anomaly": 0.8431, "pred_anomaly_std": 0.8352, "green_delta_c": -0.389, "building_ratio": 0.12, "green_ratio": 0.315, "ndvi": 0.3294, "impervious_ratio": 0.5057, "built_surface_ratio": 0.5057, "avg_ground_floor_count": 0.8007, "elevation_m": 15.2144, "albedo": 0.1296, "nearest_park_distance_m": 118.887, "park_area_within_500m": 297827.2737, "nearest_stream_distance_m": 73.1852, "est_population_density": 0.0, "dong_elderly_ratio": 0.2212, "dong_avg_age": 43.8, "dong_pop_density": 12262.0, "nearest_shelter_distance_m": 198.57, "shelter_count_within_500m": 2.6186, "est_population": 0.0, "est_elderly": 0.0, "shelter_capacity_within_500m": 0.0, "building_form_group": "low_floor_low_density", "dong_name": "오류2동", "top1_feature": "ndvi", "top1_shap": -0.6374, "top2_feature": "impervious_ratio", "top2_shap": 0.5975, "top3_feature": "built_surface_ratio", "top3_shap": 0.36, "priority_score": 38.6805, "priority_rank": 321 }, "geometry": { "type": "Polygon", "coordinates": [ [ [ 126.8440365512228, 37.47540768722633 ], [ 126.844016855586787, 37.477660964800961 ], [ 126.84574996087143, 37.477670574335363 ], [ 126.84569106, 37.47707937 ], [ 126.84568776, 37.47704191 ], [ 126.845673780000013, 37.47689069 ], [ 126.84565563, 37.47669583 ], [ 126.84565234, 37.47666513 ], [ 126.845650260000014, 37.47664683 ], [ 126.84564165, 37.47654321 ], [ 126.845633889999988, 37.47645168 ], [ 126.84562834, 37.47639452 ], [ 126.845623340000017, 37.47634496 ], [ 126.84560667, 37.47619853 ], [ 126.8455459, 37.47569471 ], [ 126.845527287946936, 37.475415954009655 ], [ 126.8440365512228, 37.47540768722633 ] ] ] } },
{ "type": "Feature", "properties": { "nearest_shelter_name": "우남퍼스트빌(아)경로당", "nearest_shelter_addr": "서울특별시 구로구 항동로 8 (우남퍼스트빌더센트럴)", "nearest_shelter_lon": 126.820677, "nearest_shelter_lat": 37.47715, "member_grid_ids": ["11530_00079", "11530_00080", "11530_00105", "11530_00106"], "display_grid_id": "11530_00022", "gu_code": 11530, "gu_name": "구로구", "source_cell_count": 5, "area_m2": 11733.26, "mean_actual_lst": 38.9277, "mean_actual_anomaly": -0.1805, "seoul_anomaly": 1.0677, "pred_anomaly": -0.4258, "pred_anomaly_std": 1.0685, "green_delta_c": -0.6185, "building_ratio": 0.2281, "green_ratio": 0.4613, "ndvi": 0.2779, "impervious_ratio": 0.2885, "built_surface_ratio": 0.2885, "avg_ground_floor_count": 6.6713, "elevation_m": 39.5079, "albedo": 0.1556, "nearest_park_distance_m": 0.0, "park_area_within_500m": 593158.7496, "nearest_stream_distance_m": 2073.2524, "est_population_density": 31717.8524, "dong_elderly_ratio": 0.1319, "dong_avg_age": 36.6, "dong_pop_density": 11438.5, "nearest_shelter_distance_m": 190.63, "shelter_count_within_500m": 3.9931, "est_population": 372.2, "est_elderly": 49.1, "shelter_capacity_within_500m": 249.0, "building_form_group": "high_floor_high_density", "dong_name": "항동", "top1_feature": "building_ratio", "top1_shap": 0.19, "top2_feature": "impervious_ratio", "top2_shap": 0.1453, "top3_feature": "green_ratio", "top3_shap": -0.3284, "priority_score": 52.4495, "priority_rank": 162 }, "geometry": { "type": "Polygon", "coordinates": [ [ [ 126.818570850087042, 37.47751694764478 ], [ 126.816386791043598, 37.477504331103489 ], [ 126.81641122000002, 37.47753718 ], [ 126.816999440000018, 37.47797677 ], [ 126.81706045, 37.4780253 ], [ 126.81721015, 37.47813562 ], [ 126.81732372, 37.47813973 ], [ 126.81825602, 37.47816426 ], [ 126.81837328, 37.47831931 ], [ 126.818561276822891, 37.47857119335211 ], [ 126.818570850087042, 37.47751694764478 ] ] ] } },
{ "type": "Feature", "properties": { "nearest_shelter_name": "우남퍼스트빌(아)경로당", "nearest_shelter_addr": "서울특별시 구로구 항동로 8 (우남퍼스트빌더센트럴)", "nearest_shelter_lon": 126.820677, "nearest_shelter_lat": 37.47715, "member_grid_ids": ["11530_00081", "11530_00082", "11530_00106", "11530_00107", "11530_00108", "11530_00139", "11530_00140", "11530_00141"], "display_grid_id": "11530_00023", "gu_code": 11530, "gu_name": "구로구", "source_cell_count": 10, "area_m2": 57592.99, "mean_actual_lst": 37.8829, "mean_actual_anomaly": -1.0356, "seoul_anomaly": 0.2126, "pred_anomaly": -0.4956, "pred_anomaly_std": 1.2478, "green_delta_c": -0.4919, "building_ratio": 0.1062, "green_ratio": 0.5079, "ndvi": 0.2812, "impervious_ratio": 0.2871, "built_surface_ratio": 0.2871, "avg_ground_floor_count": 4.0518, "elevation_m": 28.155, "albedo": 0.158, "nearest_park_distance_m": 0.0, "park_area_within_500m": 645594.7795, "nearest_stream_distance_m": 1878.8131, "est_population_density": 3808.1894, "dong_elderly_ratio": 0.1319, "dong_avg_age": 36.6, "dong_pop_density": 11438.5, "nearest_shelter_distance_m": 44.35, "shelter_count_within_500m": 6.7085, "est_population": 219.3, "est_elderly": 28.9, "shelter_capacity_within_500m": 914.7, "building_form_group": "high_floor_low_density", "dong_name": "항동", "top1_feature": "albedo", "top1_shap": 0.4748, "top2_feature": "green_ratio", "top2_shap": -0.412, "top3_feature": "building_ratio", "top3_shap": -0.3331, "priority_score": 42.3422, "priority_rank": 278 }, "geometry": { "type": "Polygon", "coordinates": [ [ [ 126.821377798148063, 37.479786486508289 ], [ 126.821398175044862, 37.4775332201434 ], [ 126.818570850087042, 37.47751694764478 ], [ 126.818561276822891, 37.47857119335211 ], [ 126.81877914, 37.47886309 ], [ 126.8189971, 37.47916244000001 ], [ 126.819320179917014, 37.479774650110947 ], [ 126.821377798148063, 37.479786486508289 ] ] ] } },
{ "type": "Feature", "properties": { "nearest_shelter_name": "하버라인3단지(아)경로당", "nearest_shelter_addr": "서울특별시 구로구 항동로 43 (하버라인 3단지 301동)", "nearest_shelter_lon": 126.824064, "nearest_shelter_lat": 37.479166, "member_grid_ids": ["11530_00083", "11530_00084", "11530_00085", "11530_00109", "11530_00110", "11530_00111", "11530_00142", "11530_00143", "11530_00144"], "display_grid_id": "11530_00024", "gu_code": 11530, "gu_name": "구로구", "source_cell_count": 12, "area_m2": 62500.0, "mean_actual_lst": 39.4498, "mean_actual_anomaly": 0.4071, "seoul_anomaly": 1.6554, "pred_anomaly": 1.3063, "pred_anomaly_std": 0.8306, "green_delta_c": -0.3948, "building_ratio": 0.1107, "green_ratio": 0.2149, "ndvi": 0.1524, "impervious_ratio": 0.5591, "built_surface_ratio": 0.5591, "avg_ground_floor_count": 10.2749, "elevation_m": 22.9766, "albedo": 0.1352, "nearest_park_distance_m": 0.0, "park_area_within_500m": 580329.156, "nearest_stream_distance_m": 1735.4756, "est_population_density": 27719.6, "dong_elderly_ratio": 0.1319, "dong_avg_age": 36.6, "dong_pop_density": 11438.5, "nearest_shelter_distance_m": 24.31, "shelter_count_within_500m": 7.04, "est_population": 1732.5, "est_elderly": 228.5, "shelter_capacity_within_500m": 818.7, "building_form_group": "high_floor_low_density", "dong_name": "항동", "top1_feature": "impervious_ratio", "top1_shap": 0.5074, "top2_feature": "avg_ground_floor_count", "top2_shap": -0.392, "top3_feature": "built_surface_ratio", "top3_shap": 0.3485, "priority_score": 50.9975, "priority_rank": 179 }, "geometry": { "type": "Polygon", "coordinates": [ [ [ 126.821398175044862, 37.4775332201434 ], [ 126.821377798148063, 37.479786486508289 ], [ 126.824205210257119, 37.479802692670788 ], [ 126.824225502271375, 37.477549424994315 ], [ 126.821398175044862, 37.4775332201434 ] ] ] } },
{ "type": "Feature", "properties": { "nearest_shelter_name": "하버라인3단지(아)경로당", "nearest_shelter_addr": "서울특별시 구로구 항동로 43 (하버라인 3단지 301동)", "nearest_shelter_lon": 126.824064, "nearest_shelter_lat": 37.479166, "member_grid_ids": ["11530_00086", "11530_00087", "11530_00111", "11530_00112", "11530_00113", "11530_00144", "11530_00145", "11530_00146"], "display_grid_id": "11530_00025", "gu_code": 11530, "gu_name": "구로구", "source_cell_count": 13, "area_m2": 62500.0, "mean_actual_lst": 37.9313, "mean_actual_anomaly": -1.3527, "seoul_anomaly": -0.1045, "pred_anomaly": 0.0259, "pred_anomaly_std": 0.7421, "green_delta_c": -0.1728, "building_ratio": 0.1481, "green_ratio": 0.2253, "ndvi": 0.194, "impervious_ratio": 0.5511, "built_surface_ratio": 0.5511, "avg_ground_floor_count": 14.879, "elevation_m": 34.4713, "albedo": 0.124, "nearest_park_distance_m": 0.0, "park_area_within_500m": 417147.748, "nearest_stream_distance_m": 1626.8428, "est_population_density": 49965.2, "dong_elderly_ratio": 0.1319, "dong_avg_age": 36.6, "dong_pop_density": 11438.5, "nearest_shelter_distance_m": 24.31, "shelter_count_within_500m": 6.16, "est_population": 3122.8, "est_elderly": 412.0, "shelter_capacity_within_500m": 818.7, "building_form_group": "high_floor_low_density", "dong_name": "항동", "top1_feature": "avg_ground_floor_count", "top1_shap": -0.7023, "top2_feature": "impervious_ratio", "top2_shap": 0.4579, "top3_feature": "built_surface_ratio", "top3_shap": 0.2989, "priority_score": 41.269, "priority_rank": 292 }, "geometry": { "type": "Polygon", "coordinates": [ [ [ 126.824225502271375, 37.477549424994315 ], [ 126.824205210257119, 37.479802692670788 ], [ 126.827032624625687, 37.479818831179948 ], [ 126.827052831757157, 37.477565562197348 ], [ 126.824225502271375, 37.477549424994315 ] ] ] } },
{ "type": "Feature", "properties": { "nearest_shelter_name": "한양수자인에듀힐즈(아)경로당", "nearest_shelter_addr": "서울특별시 구로구 항동로 42 (한양수자인 에듀힐즈 501동)", "nearest_shelter_lon": 126.825802, "nearest_shelter_lat": 37.478477, "member_grid_ids": ["11530_00088", "11530_00089", "11530_00090", "11530_00114", "11530_00115", "11530_00116", "11530_00147", "11530_00148", "11530_00149"], "display_grid_id": "11530_00026", "gu_code": 11530, "gu_name": "구로구", "source_cell_count": 11, "area_m2": 62500.0, "mean_actual_lst": 33.95, "mean_actual_anomaly": -4.7936, "seoul_anomaly": -3.5454, "pred_anomaly": -2.9218, "pred_anomaly_std": 0.9143, "green_delta_c": -0.637, "building_ratio": 0.0563, "green_ratio": 0.5883, "ndvi": 0.3689, "impervious_ratio": 0.1994, "built_surface_ratio": 0.1994, "avg_ground_floor_count": 2.8437, "elevation_m": 71.229, "albedo": 0.1453, "nearest_park_distance_m": 87.3204, "park_area_within_500m": 233705.5244, "nearest_stream_distance_m": 1496.1352, "est_population_density": 1316.8, "dong_elderly_ratio": 0.1319, "dong_avg_age": 36.6, "dong_pop_density": 11438.5, "nearest_shelter_distance_m": 159.88, "shelter_count_within_500m": 2.6, "est_population": 82.3, "est_elderly": 10.9, "shelter_capacity_within_500m": 312.5, "building_form_group": "low_floor_low_density", "dong_name": "항동", "top1_feature": "green_ratio", "top1_shap": -0.5839, "top2_feature": "building_ratio", "top2_shap": -0.5262, "top3_feature": "ndvi", "top3_shap": -0.4882, "priority_score": 41.1174, "priority_rank": 294 }, "geometry": { "type": "Polygon", "coordinates": [ [ [ 126.827052831757157, 37.477565562197348 ], [ 126.827032624625687, 37.479818831179948 ], [ 126.829860041244345, 37.479834902035584 ], [ 126.829880163492732, 37.477581631752351 ], [ 126.827052831757157, 37.477565562197348 ] ] ] } },
{ "type": "Feature", "properties": { "nearest_shelter_name": "한양수자인에듀힐즈(아)경로당", "nearest_shelter_addr": "서울특별시 구로구 항동로 42 (한양수자인 에듀힐즈 501동)", "nearest_shelter_lon": 126.825802, "nearest_shelter_lat": 37.478477, "member_grid_ids": ["11530_00091", "11530_00092", "11530_00116", "11530_00117", "11530_00118", "11530_00149", "11530_00150", "11530_00151"], "display_grid_id": "11530_00027", "gu_code": 11530, "gu_name": "구로구", "source_cell_count": 12, "area_m2": 62359.61, "mean_actual_lst": 34.1014, "mean_actual_anomaly": -4.7081, "seoul_anomaly": -3.4598, "pred_anomaly": -3.253, "pred_anomaly_std": 0.9972, "green_delta_c": -0.9052, "building_ratio": 0.0148, "green_ratio": 0.6609, "ndvi": 0.375, "impervious_ratio": 0.1274, "built_surface_ratio": 0.1274, "avg_ground_floor_count": 0.6414, "elevation_m": 88.1264, "albedo": 0.1465, "nearest_park_distance_m": 205.8353, "park_area_within_500m": 119933.2749, "nearest_stream_distance_m": 1289.9734, "est_population_density": 0.0, "dong_elderly_ratio": 0.1389, "dong_avg_age": 37.162, "dong_pop_density": 11502.7749, "nearest_shelter_distance_m": 359.88, "shelter_count_within_500m": 0.6012, "est_population": 0.0, "est_elderly": 0.0, "shelter_capacity_within_500m": 0.0, "building_form_group": "no_building", "dong_name": "항동", "top1_feature": "building_ratio", "top1_shap": -0.8429, "top2_feature": "green_ratio", "top2_shap": -0.6652, "top3_feature": "impervious_ratio", "top3_shap": -0.3254, "priority_score": 41.2816, "priority_rank": 291 }, "geometry": { "type": "Polygon", "coordinates": [ [ [ 126.829880163492732, 37.477581631752351 ], [ 126.829860041244345, 37.479834902035584 ], [ 126.832687460103585, 37.479850905237541 ], [ 126.832707497468633, 37.477597633659144 ], [ 126.83197834347834, 37.477593513329417 ], [ 126.83174789, 37.47765144 ], [ 126.831495114045566, 37.477590780199669 ], [ 126.829880163492732, 37.477581631752351 ] ] ] } },
{ "type": "Feature", "properties": { "nearest_shelter_name": "천왕이펜하우스4단지(아)경로당", "nearest_shelter_addr": "서울특별시 구로구 천왕로 29 (천왕 이펜하우스 4단지 403동)", "nearest_shelter_lon": 126.838333, "nearest_shelter_lat": 37.480137, "member_grid_ids": ["11530_00093", "11530_00094", "11530_00095", "11530_00119", "11530_00120", "11530_00121", "11530_00152", "11530_00153", "11530_00154"], "display_grid_id": "11530_00028", "gu_code": 11530, "gu_name": "구로구", "source_cell_count": 9, "area_m2": 62500.0, "mean_actual_lst": 33.4583, "mean_actual_anomaly": -5.195, "seoul_anomaly": -3.9468, "pred_anomaly": -3.803, "pred_anomaly_std": 0.7164, "green_delta_c": -1.0042, "building_ratio": 0.0216, "green_ratio": 0.7502, "ndvi": 0.4815, "impervious_ratio": 0.0938, "built_surface_ratio": 0.0938, "avg_ground_floor_count": 0.0, "elevation_m": 68.0328, "albedo": 0.1507, "nearest_park_distance_m": 151.8156, "park_area_within_500m": 170954.8152, "nearest_stream_distance_m": 1030.3404, "est_population_density": 0.0, "dong_elderly_ratio": 0.2212, "dong_avg_age": 43.8, "dong_pop_density": 12262.0, "nearest_shelter_distance_m": 261.35, "shelter_count_within_500m": 1.12, "est_population": 0.0, "est_elderly": 0.0, "shelter_capacity_within_500m": 0.0, "building_form_group": "no_building", "dong_name": "오류2동", "top1_feature": "building_ratio", "top1_shap": -1.2822, "top2_feature": "impervious_ratio", "top2_shap": -0.6871, "top3_feature": "built_surface_ratio", "top3_shap": -0.5195, "priority_score": 40.2778, "priority_rank": 301 }, "geometry": { "type": "Polygon", "coordinates": [ [ [ 126.832707497468633, 37.477597633659144 ], [ 126.832687460103585, 37.479850905237541 ], [ 126.835514881193987, 37.479866840785654 ], [ 126.835534833675467, 37.477613567917565 ], [ 126.832707497468633, 37.477597633659144 ] ] ] } },
{ "type": "Feature", "properties": { "nearest_shelter_name": "천왕이펜하우스4단지(아)경로당", "nearest_shelter_addr": "서울특별시 구로구 천왕로 29 (천왕 이펜하우스 4단지 403동)", "nearest_shelter_lon": 126.838333, "nearest_shelter_lat": 37.480137, "member_grid_ids": ["11530_00096", "11530_00097", "11530_00121", "11530_00122", "11530_00123", "11530_00154", "11530_00155", "11530_00156"], "display_grid_id": "11530_00029", "gu_code": 11530, "gu_name": "구로구", "source_cell_count": 11, "area_m2": 62500.0, "mean_actual_lst": 38.2481, "mean_actual_anomaly": -0.3632, "seoul_anomaly": 0.885, "pred_anomaly": 0.9059, "pred_anomaly_std": 0.8253, "green_delta_c": -0.4011, "building_ratio": 0.2492, "green_ratio": 0.3899, "ndvi": 0.341, "impervious_ratio": 0.4513, "built_surface_ratio": 0.4513, "avg_ground_floor_count": 1.28, "elevation_m": 28.0535, "albedo": 0.1637, "nearest_park_distance_m": 90.8612, "park_area_within_500m": 335957.3808, "nearest_stream_distance_m": 791.418, "est_population_density": 0.0, "dong_elderly_ratio": 0.2212, "dong_avg_age": 43.8, "dong_pop_density": 12262.0, "nearest_shelter_distance_m": 92.5, "shelter_count_within_500m": 3.44, "est_population": 0.0, "est_elderly": 0.0, "shelter_capacity_within_500m": 0.0, "building_form_group": "low_floor_high_density", "dong_name": "오류2동", "top1_feature": "building_ratio", "top1_shap": 0.4158, "top2_feature": "impervious_ratio", "top2_shap": 0.3711, "top3_feature": "ndvi", "top3_shap": -0.4327, "priority_score": 38.63, "priority_rank": 322 }, "geometry": { "type": "Polygon", "coordinates": [ [ [ 126.835534833675467, 37.477613567917565 ], [ 126.835514881193987, 37.479866840785654 ], [ 126.838342304506114, 37.479882708679767 ], [ 126.838362172103714, 37.477629434527451 ], [ 126.835534833675467, 37.477613567917565 ] ] ] } },
{ "type": "Feature", "properties": { "nearest_shelter_name": "천왕이펜하우스6단지(아)경로당", "nearest_shelter_addr": "서울특별시 구로구 천왕로 9 (천왕이펜하우스6단지 상가)", "nearest_shelter_lon": 126.840972, "nearest_shelter_lat": 37.478366, "member_grid_ids": ["11530_00098", "11530_00099", "11530_00100", "11530_00124", "11530_00125", "11530_00126", "11530_00157", "11530_00158", "11530_00159"], "display_grid_id": "11530_00030", "gu_code": 11530, "gu_name": "구로구", "source_cell_count": 11, "area_m2": 62500.0, "mean_actual_lst": 37.7292, "mean_actual_anomaly": -0.855, "seoul_anomaly": 0.3932, "pred_anomaly": 0.9786, "pred_anomaly_std": 0.7494, "green_delta_c": -0.1526, "building_ratio": 0.1432, "green_ratio": 0.2319, "ndvi": 0.2991, "impervious_ratio": 0.604, "built_surface_ratio": 0.604, "avg_ground_floor_count": 10.1905, "elevation_m": 20.1403, "albedo": 0.1311, "nearest_park_distance_m": 6.0032, "park_area_within_500m": 401300.7488, "nearest_stream_distance_m": 532.2856, "est_population_density": 20482.8, "dong_elderly_ratio": 0.2212, "dong_avg_age": 43.8, "dong_pop_density": 12262.0, "nearest_shelter_distance_m": 27.29, "shelter_count_within_500m": 4.8, "est_population": 1280.2, "est_elderly": 283.2, "shelter_capacity_within_500m": 0.0, "building_form_group": "high_floor_low_density", "dong_name": "오류2동", "top1_feature": "impervious_ratio", "top1_shap": 0.5191, "top2_feature": "ndvi", "top2_shap": -0.4582, "top3_feature": "built_surface_ratio", "top3_shap": 0.3349, "priority_score": 42.721, "priority_rank": 274 }, "geometry": { "type": "Polygon", "coordinates": [ [ [ 126.838362172103714, 37.477629434527451 ], [ 126.838342304506114, 37.479882708679767 ], [ 126.841169730030487, 37.479898508919682 ], [ 126.841189512743981, 37.47764523348863 ], [ 126.838362172103714, 37.477629434527451 ] ] ] } },
{ "type": "Feature", "properties": { "nearest_shelter_name": "천왕이펜하우스6단지(아)경로당", "nearest_shelter_addr": "서울특별시 구로구 천왕로 9 (천왕이펜하우스6단지 상가)", "nearest_shelter_lon": 126.840972, "nearest_shelter_lat": 37.478366, "member_grid_ids": ["11530_00101", "11530_00102", "11530_00126", "11530_00127", "11530_00128", "11530_00159", "11530_00160", "11530_00161"], "display_grid_id": "11530_00031", "gu_code": 11530, "gu_name": "구로구", "source_cell_count": 12, "area_m2": 62500.0, "mean_actual_lst": 38.9867, "mean_actual_anomaly": 0.4026, "seoul_anomaly": 1.6508, "pred_anomaly": 1.0651, "pred_anomaly_std": 0.8522, "green_delta_c": -0.3904, "building_ratio": 0.1448, "green_ratio": 0.309, "ndvi": 0.2266, "impervious_ratio": 0.4879, "built_surface_ratio": 0.4879, "avg_ground_floor_count": 8.6516, "elevation_m": 18.1991, "albedo": 0.1205, "nearest_park_distance_m": 13.908, "park_area_within_500m": 382523.2048, "nearest_stream_distance_m": 293.0728, "est_population_density": 19494.0, "dong_elderly_ratio": 0.2212, "dong_avg_age": 43.8, "dong_pop_density": 12262.0, "nearest_shelter_distance_m": 27.29, "shelter_count_within_500m": 5.04, "est_population": 1218.4, "est_elderly": 269.6, "shelter_capacity_within_500m": 0.0, "building_form_group": "high_floor_low_density", "dong_name": "오류2동", "top1_feature": "impervious_ratio", "top1_shap": 0.495, "top2_feature": "built_surface_ratio", "top2_shap": 0.3704, "top3_feature": "avg_ground_floor_count", "top3_shap": -0.3362, "priority_score": 52.3106, "priority_rank": 163 }, "geometry": { "type": "Polygon", "coordinates": [ [ [ 126.841189512743981, 37.47764523348863 ], [ 126.841169730030487, 37.479898508919682 ], [ 126.84399715775767, 37.479914241505277 ], [ 126.844016855586787, 37.477660964800961 ], [ 126.841189512743981, 37.47764523348863 ] ] ] } },
{ "type": "Feature", "properties": { "nearest_shelter_name": "천왕이펜하우스8단지(아)경로당", "nearest_shelter_addr": "서울특별시 구로구 금오로 882 (천왕이펜하우스8단지 801동)", "nearest_shelter_lon": 126.842367, "nearest_shelter_lat": 37.47651, "member_grid_ids": ["11530_00103", "11530_00104", "11530_00129", "11530_00130", "11530_00162", "11530_00163"], "display_grid_id": "11530_00032", "gu_code": 11530, "gu_name": "구로구", "source_cell_count": 10, "area_m2": 40302.65, "mean_actual_lst": 38.8959, "mean_actual_anomaly": 0.3588, "seoul_anomaly": 1.6071, "pred_anomaly": 0.6549, "pred_anomaly_std": 0.8561, "green_delta_c": -0.422, "building_ratio": 0.2091, "green_ratio": 0.4073, "ndvi": 0.299, "impervious_ratio": 0.4096, "built_surface_ratio": 0.4096, "avg_ground_floor_count": 0.2114, "elevation_m": 16.2812, "albedo": 0.1373, "nearest_park_distance_m": 136.4098, "park_area_within_500m": 363912.4361, "nearest_stream_distance_m": 83.3612, "est_population_density": 0.0, "dong_elderly_ratio": 0.2212, "dong_avg_age": 43.8, "dong_pop_density": 12262.0, "nearest_shelter_distance_m": 234.02, "shelter_count_within_500m": 3.9845, "est_population": 0.0, "est_elderly": 0.0, "shelter_capacity_within_500m": 0.0, "building_form_group": "low_floor_low_density", "dong_name": "오류2동", "top1_feature": "impervious_ratio", "top1_shap": 0.5585, "top2_feature": "green_ratio", "top2_shap": -0.4095, "top3_feature": "built_surface_ratio", "top3_shap": 0.2807, "priority_score": 43.5795, "priority_rank": 259 }, "geometry": { "type": "Polygon", "coordinates": [ [ [ 126.844016855586787, 37.477660964800961 ], [ 126.84399715775767, 37.479914241505277 ], [ 126.845904704000645, 37.479924817391662 ], [ 126.84590386, 37.47991357 ], [ 126.84589388, 37.47978545 ], [ 126.84589199, 37.47975814 ], [ 126.84589011, 37.4797294 ], [ 126.845880589999979, 37.47963874 ], [ 126.84586876, 37.47937518 ], [ 126.84586539, 37.47929944 ], [ 126.84585438000002, 37.47915864 ], [ 126.845850610000014, 37.4791026 ], [ 126.84584254, 37.47898376 ], [ 126.84583996, 37.47895618 ], [ 126.84583449, 37.47886522 ], [ 126.84582715, 37.47874189 ], [ 126.84581474, 37.47850958 ], [ 126.84581321, 37.47848199 ], [ 126.84581236, 37.4784665 ], [ 126.84579467, 37.47821814000001 ], [ 126.84578156000002, 37.47807087 ], [ 126.84576372, 37.47781096 ], [ 126.84575438, 37.47771493 ], [ 126.84574996087143, 37.477670574335363 ], [ 126.844016855586787, 37.477660964800961 ] ] ] } },
{ "type": "Feature", "properties": { "nearest_shelter_name": "성프란치스코장애인종합복지관", "nearest_shelter_addr": "서울특별시 구로구 남부순환로105라길 25-10 (성프란치스코수녀원,성프란치스코복지관)", "nearest_shelter_lon": 126.890521, "nearest_shelter_lat": 37.481571, "member_grid_ids": ["11530_00164"], "display_grid_id": "11530_00033", "gu_code": 11530, "gu_name": "구로구", "source_cell_count": 2, "area_m2": 3077.49, "mean_actual_lst": 41.8128, "mean_actual_anomaly": 3.7566, "seoul_anomaly": 5.0048, "pred_anomaly": 3.0435, "pred_anomaly_std": 0.7627, "green_delta_c": -0.1172, "building_ratio": 0.1434, "green_ratio": 0.2348, "ndvi": 0.0572, "impervious_ratio": 0.445, "built_surface_ratio": 0.445, "avg_ground_floor_count": 3.24, "elevation_m": 14.513, "albedo": 0.1161, "nearest_park_distance_m": 20.08, "park_area_within_500m": 482296.06, "nearest_stream_distance_m": 1133.61, "est_population_density": 3021.9, "dong_elderly_ratio": 0.1987, "dong_avg_age": 49.2, "dong_pop_density": 38193.4, "nearest_shelter_distance_m": 230.35, "shelter_count_within_500m": 7.0, "est_population": 9.3, "est_elderly": 1.8, "shelter_capacity_within_500m": 255.0, "building_form_group": "low_floor_low_density", "dong_name": "가리봉동", "top1_feature": "ndvi", "top1_shap": 0.7875, "top2_feature": "impervious_ratio", "top2_shap": 0.5078, "top3_feature": "built_surface_ratio", "top3_shap": 0.4559, "priority_score": 54.6401, "priority_rank": 139 }, "geometry": { "type": "Polygon", "coordinates": [ [ [ 126.88923629326294, 37.480156761753939 ], [ 126.889240631580748, 37.479623758046372 ], [ 126.88919378, 37.47964083 ], [ 126.88911194, 37.4796706 ], [ 126.88909692, 37.47967622 ], [ 126.889072, 37.4796852 ], [ 126.8890089, 37.47970823 ], [ 126.88895729, 37.47972704 ], [ 126.88883675000001, 37.47977085 ], [ 126.88878496, 37.47978967 ], [ 126.88877488, 37.47979557 ], [ 126.888648640000014, 37.47987119 ], [ 126.88855634, 37.47992629 ], [ 126.88851496, 37.47995102 ], [ 126.88841719, 37.4800095 ], [ 126.888342040000012, 37.48005419 ], [ 126.88830898, 37.48007386 ], [ 126.88828175, 37.48009018 ], [ 126.888240909999979, 37.48011464 ], [ 126.88821438, 37.48013094 ], [ 126.88818644, 37.48014865 ], [ 126.888182305491057, 37.480151308575486 ], [ 126.88923629326294, 37.480156761753939 ] ] ] } },
{ "type": "Feature", "properties": { "nearest_shelter_name": "정수경로당", "nearest_shelter_addr": "서울특별시 구로구 남부순환로105가길 10-2 (가리봉동, 리오파크빌)", "nearest_shelter_lon": 126.892863, "nearest_shelter_lat": 37.47932, "member_grid_ids": ["11530_00131", "11530_00132", "11530_00165", "11530_00166", "11530_00167"], "display_grid_id": "11530_00034", "gu_code": 11530, "gu_name": "구로구", "source_cell_count": 7, "area_m2": 24864.42, "mean_actual_lst": 41.0378, "mean_actual_anomaly": 2.64, "seoul_anomaly": 3.8883, "pred_anomaly": 3.1023, "pred_anomaly_std": 0.6712, "green_delta_c": -0.3452, "building_ratio": 0.3755, "green_ratio": 0.2516, "ndvi": 0.0704, "impervious_ratio": 0.249, "built_surface_ratio": 0.249, "avg_ground_floor_count": 5.0607, "elevation_m": 21.5109, "albedo": 0.1161, "nearest_park_distance_m": 51.338, "park_area_within_500m": 451704.9883, "nearest_stream_distance_m": 1032.3948, "est_population_density": 6433.1049, "dong_elderly_ratio": 0.1987, "dong_avg_age": 49.2, "dong_pop_density": 38193.4, "nearest_shelter_distance_m": 66.84, "shelter_count_within_500m": 7.2956, "est_population": 160.0, "est_elderly": 31.8, "shelter_capacity_within_500m": 1065.7, "building_form_group": "high_floor_high_density", "dong_name": "가리봉동", "top1_feature": "building_ratio", "top1_shap": 0.9846, "top2_feature": "ndvi", "top2_shap": 0.6803, "top3_feature": "impervious_ratio", "top3_shap": 0.3468, "priority_score": 55.3662, "priority_rank": 133 }, "geometry": { "type": "Polygon", "coordinates": [ [ [ 126.88923629326294, 37.480156761753939 ], [ 126.892063756991917, 37.48017134419144 ], [ 126.892073183452126, 37.479007809316904 ], [ 126.89173277, 37.47906657 ], [ 126.891413659999984, 37.47912173000001 ], [ 126.89044359, 37.47929006 ], [ 126.890081, 37.47935447 ], [ 126.88992604, 37.47938192 ], [ 126.889888040000017, 37.47938864 ], [ 126.889880979999987, 37.47938976 ], [ 126.88985253, 37.47940015 ], [ 126.889803740000019, 37.47941813 ], [ 126.88963353, 37.47948046 ], [ 126.88950539, 37.47952709 ], [ 126.88945996, 37.47954366 ], [ 126.88941843, 37.47955882 ], [ 126.88936876, 37.47957707 ], [ 126.889240631580748, 37.479623758046372 ], [ 126.88923629326294, 37.480156761753939 ] ] ] } },
{ "type": "Feature", "properties": { "nearest_shelter_name": "정수경로당", "nearest_shelter_addr": "서울특별시 구로구 남부순환로105가길 10-2 (가리봉동, 리오파크빌)", "nearest_shelter_lon": 126.892863, "nearest_shelter_lat": 37.47932, "member_grid_ids": ["11530_00132", "11530_00133", "11530_00134", "11530_00167", "11530_00168", "11530_00169"], "display_grid_id": "11530_00035", "gu_code": 11530, "gu_name": "구로구", "source_cell_count": 8, "area_m2": 39138.83, "mean_actual_lst": 40.6784, "mean_actual_anomaly": 2.1496, "seoul_anomaly": 3.3978, "pred_anomaly": 2.9471, "pred_anomaly_std": 0.6878, "green_delta_c": -0.2486, "building_ratio": 0.4277, "green_ratio": 0.2348, "ndvi": 0.0767, "impervious_ratio": 0.3366, "built_surface_ratio": 0.3366, "avg_ground_floor_count": 6.4963, "elevation_m": 30.0173, "albedo": 0.1094, "nearest_park_distance_m": 44.748, "park_area_within_500m": 363029.255, "nearest_stream_distance_m": 905.8083, "est_population_density": 30515.5856, "dong_elderly_ratio": 0.1987, "dong_avg_age": 49.2, "dong_pop_density": 38193.4, "nearest_shelter_distance_m": 45.69, "shelter_count_within_500m": 8.8025, "est_population": 1194.3, "est_elderly": 237.4, "shelter_capacity_within_500m": 1463.3, "building_form_group": "high_floor_high_density", "dong_name": "가리봉동", "top1_feature": "building_ratio", "top1_shap": 1.0435, "top2_feature": "ndvi", "top2_shap": 0.5928, "top3_feature": "impervious_ratio", "top3_shap": 0.2729, "priority_score": 51.8876, "priority_rank": 169 }, "geometry": { "type": "Polygon", "coordinates": [ [ [ 126.892063756991917, 37.48017134419144 ], [ 126.894891222753571, 37.480185858971765 ], [ 126.89490453881028, 37.478534520265661 ], [ 126.89488587, 37.47853759 ], [ 126.894610409999984, 37.47858211 ], [ 126.894330880000012, 37.47862747 ], [ 126.893831549999987, 37.47870895 ], [ 126.89365238, 37.47873835 ], [ 126.89356581, 37.47875235 ], [ 126.8934248, 37.47877503 ], [ 126.89336508, 37.47878483 ], [ 126.893185389999985, 37.47881563 ], [ 126.89284330000001, 37.47887473 ], [ 126.892674560000017, 37.47890386000001 ], [ 126.89256306, 37.47892318 ], [ 126.89235739, 37.47895875 ], [ 126.892073183452126, 37.479007809316904 ], [ 126.892063756991917, 37.48017134419144 ] ] ] } },
{ "type": "Feature", "properties": { "nearest_shelter_name": "신성미소지움(아)경로당", "nearest_shelter_addr": "서울특별시 구로구 시흥대로161길 50 (신성미소지움 104동)", "nearest_shelter_lon": 126.89688, "nearest_shelter_lat": 37.479277, "member_grid_ids": ["11530_00135", "11530_00136", "11530_00137", "11530_00170", "11530_00171", "11530_00172"], "display_grid_id": "11530_00036", "gu_code": 11530, "gu_name": "구로구", "source_cell_count": 8, "area_m2": 42274.19, "mean_actual_lst": 40.4398, "mean_actual_anomaly": 1.7544, "seoul_anomaly": 3.0026, "pred_anomaly": 1.5161, "pred_anomaly_std": 0.7467, "green_delta_c": -0.4088, "building_ratio": 0.3855, "green_ratio": 0.2693, "ndvi": 0.1607, "impervious_ratio": 0.3681, "built_surface_ratio": 0.3681, "avg_ground_floor_count": 17.3471, "elevation_m": 37.1061, "albedo": 0.1248, "nearest_park_distance_m": 46.4176, "park_area_within_500m": 281156.4888, "nearest_stream_distance_m": 782.7602, "est_population_density": 11.834, "dong_elderly_ratio": 0.1664, "dong_avg_age": 43.9374, "dong_pop_density": 27488.8102, "nearest_shelter_distance_m": 41.0, "shelter_count_within_500m": 7.2318, "est_population": 0.5, "est_elderly": 0.1, "shelter_capacity_within_500m": 1114.3, "building_form_group": "high_floor_high_density", "dong_name": "구로3동", "top1_feature": "building_ratio", "top1_shap": 0.7479, "top2_feature": "avg_ground_floor_count", "top2_shap": -0.5226, "top3_feature": "impervious_ratio", "top3_shap": 0.2332, "priority_score": 45.9848, "priority_rank": 228 }, "geometry": { "type": "Polygon", "coordinates": [ [ [ 126.894891222753571, 37.480185858971765 ], [ 126.897718690538497, 37.480200306094794 ], [ 126.897728976840625, 37.478918714027209 ], [ 126.897714060000013, 37.478916 ], [ 126.89769197, 37.47891231 ], [ 126.89764571, 37.47890411 ], [ 126.89726705, 37.47883845 ], [ 126.89711164, 37.47881072 ], [ 126.8968017, 37.47875554 ], [ 126.896660060000016, 37.47873064 ], [ 126.89656045, 37.47871281 ], [ 126.8964808, 37.47870062 ], [ 126.896461890000012, 37.47869865 ], [ 126.89628156, 37.47868047 ], [ 126.896211789999981, 37.47867336 ], [ 126.895848300000011, 37.47850664 ], [ 126.89561142, 37.47850643 ], [ 126.89545791, 37.47850599 ], [ 126.895085009999988, 37.47850483 ], [ 126.89507829, 37.47850595 ], [ 126.89490453881028, 37.478534520265661 ], [ 126.894891222753571, 37.480185858971765 ] ] ] } },
{ "type": "Feature", "properties": { "nearest_shelter_name": "신성미소지움(아)경로당", "nearest_shelter_addr": "서울특별시 구로구 시흥대로161길 50 (신성미소지움 104동)", "nearest_shelter_lon": 126.89688, "nearest_shelter_lat": 37.479277, "member_grid_ids": ["11530_00137", "11530_00138", "11530_00172", "11530_00173"], "display_grid_id": "11530_00037", "gu_code": 11530, "gu_name": "구로구", "source_cell_count": 4, "area_m2": 16433.31, "mean_actual_lst": 41.1688, "mean_actual_anomaly": 2.501, "seoul_anomaly": 3.7492, "pred_anomaly": 2.0648, "pred_anomaly_std": 0.7519, "green_delta_c": -0.592, "building_ratio": 0.1779, "green_ratio": 0.3015, "ndvi": 0.2018, "impervious_ratio": 0.3742, "built_surface_ratio": 0.3742, "avg_ground_floor_count": 4.9131, "elevation_m": 30.2137, "albedo": 0.1243, "nearest_park_distance_m": 122.4147, "park_area_within_500m": 260312.4627, "nearest_stream_distance_m": 689.0283, "est_population_density": 0.0, "dong_elderly_ratio": 0.1582, "dong_avg_age": 42.6, "dong_pop_density": 24768.4, "nearest_shelter_distance_m": 73.2, "shelter_count_within_500m": 4.7328, "est_population": 0.0, "est_elderly": 0.0, "shelter_capacity_within_500m": 405.7, "building_form_group": "high_floor_low_density", "dong_name": "구로3동", "top1_feature": "impervious_ratio", "top1_shap": 0.4609, "top2_feature": "built_surface_ratio", "top2_shap": 0.3692, "top3_feature": "building_ratio", "top3_shap": 0.3604, "priority_score": 54.0972, "priority_rank": 150 }, "geometry": { "type": "Polygon", "coordinates": [ [ [ 126.897718690538497, 37.480200306094794 ], [ 126.89940328470928, 37.480208881465629 ], [ 126.899387870000012, 37.48017998 ], [ 126.899364080000012, 37.48013406 ], [ 126.899352460000017, 37.48011096 ], [ 126.89933907, 37.48008391 ], [ 126.89932639, 37.48005801 ], [ 126.89931863, 37.48004223 ], [ 126.89931088, 37.4800259 ], [ 126.89929661, 37.47999632 ], [ 126.89928393, 37.47997012 ], [ 126.89927707, 37.47995547 ], [ 126.899271949999985, 37.47994477 ], [ 126.899248, 37.47989295 ], [ 126.899225810000019, 37.47984197000001 ], [ 126.89921489, 37.47981661 ], [ 126.899184070000018, 37.479743100000015 ], [ 126.89916102, 37.47968424 ], [ 126.89914553, 37.47964311 ], [ 126.89913743, 37.4796217 ], [ 126.89913109, 37.47960452 ], [ 126.8991237, 37.47958425 ], [ 126.89911754, 37.47956763 ], [ 126.89910768, 37.47953918 ], [ 126.89910154, 37.47952088 ], [ 126.89909818, 37.47951157 ], [ 126.899087099999988, 37.479477780000011 ], [ 126.89908429, 37.47946933 ], [ 126.899070559999984, 37.47942625 ], [ 126.8990542, 37.4793778 ], [ 126.89904664, 37.47935527 ], [ 126.89903925, 37.47933049 ], [ 126.89902396, 37.47927669 ], [ 126.89901377000001, 37.47923867 ], [ 126.8990099, 37.47922431 ], [ 126.89899022, 37.47914883 ], [ 126.89865767, 37.47908632 ], [ 126.89851073, 37.47906001 ], [ 126.89836697, 37.4790337 ], [ 126.89815522, 37.478995500000011 ], [ 126.89793076, 37.47895476 ], [ 126.89780412, 37.47893212 ], [ 126.89773577, 37.47891995 ], [ 126.897728976840625, 37.478918714027209 ], [ 126.897718690538497, 37.480200306094794 ] ] ] } },
{ "type": "Feature", "properties": { "nearest_shelter_name": "하버라인2단지(아)경로당", "nearest_shelter_addr": "서울특별시 구로구 연동로 234 (하버라인 2단지 201동)", "nearest_shelter_lon": 126.822411, "nearest_shelter_lat": 37.481993, "member_grid_ids": ["11530_00174", "11530_00175", "11530_00210", "11530_00211", "11530_00252", "11530_00253"], "display_grid_id": "11530_00038", "gu_code": 11530, "gu_name": "구로구", "source_cell_count": 10, "area_m2": 37178.36, "mean_actual_lst": 37.6261, "mean_actual_anomaly": -1.493, "seoul_anomaly": -0.2447, "pred_anomaly": 0.1514, "pred_anomaly_std": 0.88, "green_delta_c": -0.1789, "building_ratio": 0.1033, "green_ratio": 0.2604, "ndvi": 0.1795, "impervious_ratio": 0.5114, "built_surface_ratio": 0.5114, "avg_ground_floor_count": 18.6415, "elevation_m": 20.5476, "albedo": 0.1338, "nearest_park_distance_m": 0.0, "park_area_within_500m": 559500.3528, "nearest_stream_distance_m": 1650.2729, "est_population_density": 35594.6346, "dong_elderly_ratio": 0.1319, "dong_avg_age": 36.6, "dong_pop_density": 11438.5, "nearest_shelter_distance_m": 143.23, "shelter_count_within_500m": 6.8513, "est_population": 1323.3, "est_elderly": 174.5, "shelter_capacity_within_500m": 592.3, "building_form_group": "high_floor_low_density", "dong_name": "항동", "top1_feature": "avg_ground_floor_count", "top1_shap": -0.7761, "top2_feature": "impervious_ratio", "top2_shap": 0.4748, "top3_feature": "ndvi", "top3_shap": 0.2239, "priority_score": 41.6793, "priority_rank": 286 }, "geometry": { "type": "Polygon", "coordinates": [ [ [ 126.821357418982302, 37.482039752002201 ], [ 126.821377798148063, 37.479786486508289 ], [ 126.819320179917014, 37.479774650110947 ], [ 126.81936709, 37.47986354 ], [ 126.81952559, 37.48028077 ], [ 126.81954261, 37.48032359 ], [ 126.81959756000002, 37.48061398 ], [ 126.8195777, 37.48079272 ], [ 126.81968741, 37.48100858 ], [ 126.81974596, 37.48112158 ], [ 126.81975965, 37.48115425 ], [ 126.81977529, 37.48119061 ], [ 126.81978688, 37.48121878 ], [ 126.81980111, 37.48125344000001 ], [ 126.81981411, 37.481285819999989 ], [ 126.81984291, 37.4813543 ], [ 126.8198675, 37.48141065 ], [ 126.8198877, 37.48145996 ], [ 126.81989931, 37.48147967 ], [ 126.819913720000017, 37.4815118 ], [ 126.819946430000016, 37.48157352 ], [ 126.819966310000012, 37.48161043 ], [ 126.81998265999998, 37.48164058 ], [ 126.81998618, 37.48164425 ], [ 126.81998438, 37.48166058 ], [ 126.81998465, 37.48169267 ], [ 126.81998099, 37.481747 ], [ 126.81998057, 37.4817732 ], [ 126.8199777, 37.48178756 ], [ 126.81997322, 37.48181739 ], [ 126.81996355, 37.48187508 ], [ 126.81996244, 37.48189143 ], [ 126.81993848, 37.481937 ], [ 126.819922349999985, 37.481966819999982 ], [ 126.81989681, 37.48200027 ], [ 126.819876085481212, 37.482031233847863 ], [ 126.821357418982302, 37.482039752002201 ] ] ] } },
{ "type": "Feature", "properties": { "nearest_shelter_name": "중흥s클래스(아)경로당", "nearest_shelter_addr": "서울특별시 구로구 연동로 233 (항동중흥에스클래스베르데카운티 101동)", "nearest_shelter_lon": 126.822637, "nearest_shelter_lat": 37.481167, "member_grid_ids": ["11530_00176", "11530_00177", "11530_00178", "11530_00212", "11530_00213", "11530_00214", "11530_00254", "11530_00255", "11530_00256"], "display_grid_id": "11530_00039", "gu_code": 11530, "gu_name": "구로구", "source_cell_count": 15, "area_m2": 62500.0, "mean_actual_lst": 38.6202, "mean_actual_anomaly": -0.2423, "seoul_anomaly": 1.0059, "pred_anomaly": 0.8123, "pred_anomaly_std": 0.7973, "green_delta_c": -0.2361, "building_ratio": 0.1068, "green_ratio": 0.2321, "ndvi": 0.1981, "impervious_ratio": 0.5716, "built_surface_ratio": 0.5716, "avg_ground_floor_count": 12.693, "elevation_m": 24.303, "albedo": 0.1356, "nearest_park_distance_m": 0.0, "park_area_within_500m": 542827.092, "nearest_stream_distance_m": 1516.9868, "est_population_density": 24806.0, "dong_elderly_ratio": 0.1319, "dong_avg_age": 36.6, "dong_pop_density": 11438.5, "nearest_shelter_distance_m": 37.64, "shelter_count_within_500m": 7.72, "est_population": 1550.4, "est_elderly": 204.4, "shelter_capacity_within_500m": 792.5, "building_form_group": "high_floor_low_density", "dong_name": "항동", "top1_feature": "impervious_ratio", "top1_shap": 0.4943, "top2_feature": "avg_ground_floor_count", "top2_shap": -0.4223, "top3_feature": "ndvi", "top3_shap": 0.1369, "priority_score": 41.654, "priority_rank": 287 }, "geometry": { "type": "Polygon", "coordinates": [ [ [ 126.821377798148063, 37.479786486508289 ], [ 126.821357418982302, 37.482039752002201 ], [ 126.824184915983338, 37.482055959476376 ], [ 126.824205210257119, 37.479802692670788 ], [ 126.821377798148063, 37.479786486508289 ] ] ] } },
{ "type": "Feature", "properties": { "nearest_shelter_name": "하버라인3단지(아)경로당", "nearest_shelter_addr": "서울특별시 구로구 항동로 43 (하버라인 3단지 301동)", "nearest_shelter_lon": 126.824064, "nearest_shelter_lat": 37.479166, "member_grid_ids": ["11530_00178", "11530_00179", "11530_00180", "11530_00214", "11530_00215", "11530_00216", "11530_00257", "11530_00258"], "display_grid_id": "11530_00040", "gu_code": 11530, "gu_name": "구로구", "source_cell_count": 14, "area_m2": 62500.0, "mean_actual_lst": 37.2161, "mean_actual_anomaly": -1.9281, "seoul_anomaly": -0.6798, "pred_anomaly": 0.6095, "pred_anomaly_std": 0.8339, "green_delta_c": -0.1667, "building_ratio": 0.1818, "green_ratio": 0.2614, "ndvi": 0.1854, "impervious_ratio": 0.47, "built_surface_ratio": 0.47, "avg_ground_floor_count": 10.6527, "elevation_m": 37.7916, "albedo": 0.1236, "nearest_park_distance_m": 0.0, "park_area_within_500m": 397580.152, "nearest_stream_distance_m": 1392.342, "est_population_density": 39687.6, "dong_elderly_ratio": 0.1319, "dong_avg_age": 36.6, "dong_pop_density": 11438.5, "nearest_shelter_distance_m": 121.25, "shelter_count_within_500m": 6.28, "est_population": 2480.5, "est_elderly": 327.2, "shelter_capacity_within_500m": 777.5, "building_form_group": "high_floor_low_density", "dong_name": "항동", "top1_feature": "impervious_ratio", "top1_shap": 0.4305, "top2_feature": "ndvi", "top2_shap": 0.1505, "top3_feature": "avg_ground_floor_count", "top3_shap": -0.2896, "priority_score": 44.3813, "priority_rank": 247 }, "geometry": { "type": "Polygon", "coordinates": [ [ [ 126.824205210257119, 37.479802692670788 ], [ 126.824184915983338, 37.482055959476376 ], [ 126.827012415244184, 37.48207209929172 ], [ 126.827032624625687, 37.479818831179948 ], [ 126.824205210257119, 37.479802692670788 ] ] ] } },
{ "type": "Feature", "properties": { "nearest_shelter_name": "한양수자인에듀힐즈(아)경로당", "nearest_shelter_addr": "서울특별시 구로구 항동로 42 (한양수자인 에듀힐즈 501동)", "nearest_shelter_lon": 126.825802, "nearest_shelter_lat": 37.478477, "member_grid_ids": ["11530_00181", "11530_00182", "11530_00183", "11530_00217", "11530_00218", "11530_00219", "11530_00259", "11530_00260", "11530_00261"], "display_grid_id": "11530_00041", "gu_code": 11530, "gu_name": "구로구", "source_cell_count": 15, "area_m2": 62500.0, "mean_actual_lst": 31.6764, "mean_actual_anomaly": -7.0927, "seoul_anomaly": -5.8444, "pred_anomaly": -4.9794, "pred_anomaly_std": 0.6595, "green_delta_c": -0.6938, "building_ratio": 0.0, "green_ratio": 0.7608, "ndvi": 0.4351, "impervious_ratio": 0.0673, "built_surface_ratio": 0.0673, "avg_ground_floor_count": 0.0, "elevation_m": 79.5292, "albedo": 0.1236, "nearest_park_distance_m": 86.5308, "park_area_within_500m": 212550.8036, "nearest_stream_distance_m": 1294.5708, "est_population_density": 0.0, "dong_elderly_ratio": 0.1319, "dong_avg_age": 36.6, "dong_pop_density": 11438.5, "nearest_shelter_distance_m": 254.56, "shelter_count_within_500m": 2.96, "est_population": 0.0, "est_elderly": 0.0, "shelter_capacity_within_500m": 116.0, "building_form_group": "no_building", "dong_name": "항동", "top1_feature": "building_ratio", "top1_shap": -1.4985, "top2_feature": "impervious_ratio", "top2_shap": -0.6555, "top3_feature": "built_surface_ratio", "top3_shap": -0.6363, "priority_score": 34.7538, "priority_rank": 358 }, "geometry": { "type": "Polygon", "coordinates": [ [ [ 126.827032624625687, 37.479818831179948 ], [ 126.827012415244184, 37.48207209929172 ], [ 126.829839916755347, 37.48208817144809 ], [ 126.829860041244345, 37.479834902035584 ], [ 126.827032624625687, 37.479818831179948 ] ] ] } },
{ "type": "Feature", "properties": { "nearest_shelter_name": "한양수자인에듀힐즈(아)경로당", "nearest_shelter_addr": "서울특별시 구로구 항동로 42 (한양수자인 에듀힐즈 501동)", "nearest_shelter_lon": 126.825802, "nearest_shelter_lat": 37.478477, "member_grid_ids": ["11530_00183", "11530_00184", "11530_00185", "11530_00219", "11530_00220", "11530_00221", "11530_00262", "11530_00263"], "display_grid_id": "11530_00042", "gu_code": 11530, "gu_name": "구로구", "source_cell_count": 16, "area_m2": 62500.0, "mean_actual_lst": 32.3895, "mean_actual_anomaly": -6.4061, "seoul_anomaly": -5.1579, "pred_anomaly": -5.1823, "pred_anomaly_std": 0.896, "green_delta_c": -0.9062, "building_ratio": 0.0, "green_ratio": 0.7742, "ndvi": 0.4171, "impervious_ratio": 0.0473, "built_surface_ratio": 0.0473, "avg_ground_floor_count": 0.0, "elevation_m": 112.6845, "albedo": 0.1492, "nearest_park_distance_m": 255.194, "park_area_within_500m": 103661.5588, "nearest_stream_distance_m": 1231.2036, "est_population_density": 0.0, "dong_elderly_ratio": 0.1319, "dong_avg_age": 36.6, "dong_pop_density": 11438.5, "nearest_shelter_distance_m": 410.79, "shelter_count_within_500m": 0.16, "est_population": 0.0, "est_elderly": 0.0, "shelter_capacity_within_500m": 0.0, "building_form_group": "no_building", "dong_name": "항동", "top1_feature": "building_ratio", "top1_shap": -1.5024, "top2_feature": "built_surface_ratio", "top2_shap": -0.9844, "top3_feature": "impervious_ratio", "top3_shap": -0.9026, "priority_score": 38.6048, "priority_rank": 323 }, "geometry": { "type": "Polygon", "coordinates": [ [ [ 126.829860041244345, 37.479834902035584 ], [ 126.829839916755347, 37.48208817144809 ], [ 126.832667420507377, 37.482104175945288 ], [ 126.832687460103585, 37.479850905237541 ], [ 126.829860041244345, 37.479834902035584 ] ] ] } },
{ "type": "Feature", "properties": { "nearest_shelter_name": "천왕이펜하우스4단지(아)경로당", "nearest_shelter_addr": "서울특별시 구로구 천왕로 29 (천왕 이펜하우스 4단지 403동)", "nearest_shelter_lon": 126.838333, "nearest_shelter_lat": 37.480137, "member_grid_ids": ["11530_00186", "11530_00187", "11530_00188", "11530_00222", "11530_00223", "11530_00224", "11530_00264", "11530_00265", "11530_00266"], "display_grid_id": "11530_00043", "gu_code": 11530, "gu_name": "구로구", "source_cell_count": 12, "area_m2": 62500.0, "mean_actual_lst": 33.4779, "mean_actual_anomaly": -5.4019, "seoul_anomaly": -4.1536, "pred_anomaly": -4.6302, "pred_anomaly_std": 0.76, "green_delta_c": -0.9814, "building_ratio": 0.0029, "green_ratio": 0.7559, "ndvi": 0.4186, "impervious_ratio": 0.0655, "built_surface_ratio": 0.0655, "avg_ground_floor_count": 0.1271, "elevation_m": 79.2767, "albedo": 0.1435, "nearest_park_distance_m": 117.8688, "park_area_within_500m": 162777.7028, "nearest_stream_distance_m": 1050.6852, "est_population_density": 40.4, "dong_elderly_ratio": 0.2212, "dong_avg_age": 43.8, "dong_pop_density": 12262.0, "nearest_shelter_distance_m": 250.33, "shelter_count_within_500m": 1.28, "est_population": 2.5, "est_elderly": 0.6, "shelter_capacity_within_500m": 0.0, "building_form_group": "no_building", "dong_name": "오류2동", "top1_feature": "building_ratio", "top1_shap": -1.4659, "top2_feature": "impervious_ratio", "top2_shap": -0.8722, "top3_feature": "built_surface_ratio", "top3_shap": -0.8282, "priority_score": 43.0366, "priority_rank": 269 }, "geometry": { "type": "Polygon", "coordinates": [ [ [ 126.832687460103585, 37.479850905237541 ], [ 126.832667420507377, 37.482104175945288 ], [ 126.83549492649081, 37.482120112783178 ], [ 126.835514881193987, 37.479866840785654 ], [ 126.832687460103585, 37.479850905237541 ] ] ] } },
{ "type": "Feature", "properties": { "nearest_shelter_name": "천왕이펜하우스4단지(아)경로당", "nearest_shelter_addr": "서울특별시 구로구 천왕로 29 (천왕 이펜하우스 4단지 403동)", "nearest_shelter_lon": 126.838333, "nearest_shelter_lat": 37.480137, "member_grid_ids": ["11530_00188", "11530_00189", "11530_00190", "11530_00224", "11530_00225", "11530_00226", "11530_00267", "11530_00268"], "display_grid_id": "11530_00044", "gu_code": 11530, "gu_name": "구로구", "source_cell_count": 16, "area_m2": 62500.0, "mean_actual_lst": 36.9248, "mean_actual_anomaly": -1.889, "seoul_anomaly": -0.6408, "pred_anomaly": -0.0487, "pred_anomaly_std": 0.8315, "green_delta_c": -0.4154, "building_ratio": 0.1334, "green_ratio": 0.4076, "ndvi": 0.2983, "impervious_ratio": 0.4121, "built_surface_ratio": 0.4121, "avg_ground_floor_count": 4.3868, "elevation_m": 37.9512, "albedo": 0.1444, "nearest_park_distance_m": 8.7696, "park_area_within_500m": 344207.2916, "nearest_stream_distance_m": 814.5948, "est_population_density": 13623.6, "dong_elderly_ratio": 0.2212, "dong_avg_age": 43.8, "dong_pop_density": 12262.0, "nearest_shelter_distance_m": 53.97, "shelter_count_within_500m": 4.32, "est_population": 851.5, "est_elderly": 188.3, "shelter_capacity_within_500m": 0.0, "building_form_group": "high_floor_low_density", "dong_name": "오류2동", "top1_feature": "green_ratio", "top1_shap": -0.2813, "top2_feature": "impervious_ratio", "top2_shap": 0.248, "top3_feature": "building_ratio", "top3_shap": -0.1055, "priority_score": 45.101, "priority_rank": 237 }, "geometry": { "type": "Polygon", "coordinates": [ [ [ 126.835514881193987, 37.479866840785654 ], [ 126.83549492649081, 37.482120112783178 ], [ 126.838322434696266, 37.482135981961576 ], [ 126.838342304506114, 37.479882708679767 ], [ 126.835514881193987, 37.479866840785654 ] ] ] } },
{ "type": "Feature", "properties": { "nearest_shelter_name": "천왕이펜하우스3단지(아)경로당", "nearest_shelter_addr": "서울특별시 구로구 천왕로 56 (천왕 이펜하우스 3단지 303동)", "nearest_shelter_lon": 126.840436, "nearest_shelter_lat": 37.48218, "member_grid_ids": ["11530_00191", "11530_00192", "11530_00193", "11530_00227", "11530_00228", "11530_00229", "11530_00269", "11530_00270", "11530_00271"], "display_grid_id": "11530_00045", "gu_code": 11530, "gu_name": "구로구", "source_cell_count": 12, "area_m2": 62500.0, "mean_actual_lst": 39.6191, "mean_actual_anomaly": 1.0588, "seoul_anomaly": 2.307, "pred_anomaly": 1.6561, "pred_anomaly_std": 0.7522, "green_delta_c": -0.1755, "building_ratio": 0.1738, "green_ratio": 0.2145, "ndvi": 0.205, "impervious_ratio": 0.5848, "built_surface_ratio": 0.5848, "avg_ground_floor_count": 9.2983, "elevation_m": 26.1553, "albedo": 0.1188, "nearest_park_distance_m": 0.0, "park_area_within_500m": 492910.7528, "nearest_stream_distance_m": 557.4384, "est_population_density": 39734.8, "dong_elderly_ratio": 0.2212, "dong_avg_age": 43.8, "dong_pop_density": 12262.0, "nearest_shelter_distance_m": 37.07, "shelter_count_within_500m": 5.88, "est_population": 2483.4, "est_elderly": 549.4, "shelter_capacity_within_500m": 0.0, "building_form_group": "high_floor_low_density", "dong_name": "오류2동", "top1_feature": "impervious_ratio", "top1_shap": 0.5029, "top2_feature": "built_surface_ratio", "top2_shap": 0.449, "top3_feature": "avg_ground_floor_count", "top3_shap": -0.2385, "priority_score": 57.197, "priority_rank": 117 }, "geometry": { "type": "Polygon", "coordinates": [ [ [ 126.838342304506114, 37.479882708679767 ], [ 126.838322434696266, 37.482135981961576 ], [ 126.841149945114196, 37.482151783480326 ], [ 126.841169730030487, 37.479898508919682 ], [ 126.838342304506114, 37.479882708679767 ] ] ] } },
{ "type": "Feature", "properties": { "nearest_shelter_name": "천왕이펜하우스5단지(아)경로당", "nearest_shelter_addr": "서울특별시 구로구 천왕로 10 (천왕 이펜하우스 5단지 503동)", "nearest_shelter_lon": 126.841745, "nearest_shelter_lat": 37.479813, "member_grid_ids": ["11530_00193", "11530_00194", "11530_00195", "11530_00229", "11530_00230", "11530_00231", "11530_00272", "11530_00273"], "display_grid_id": "11530_00046", "gu_code": 11530, "gu_name": "구로구", "source_cell_count": 15, "area_m2": 62500.0, "mean_actual_lst": 39.2982, "mean_actual_anomaly": 0.9098, "seoul_anomaly": 2.158, "pred_anomaly": 1.7978, "pred_anomaly_std": 0.8135, "green_delta_c": -0.399, "building_ratio": 0.143, "green_ratio": 0.2777, "ndvi": 0.2282, "impervious_ratio": 0.5076, "built_surface_ratio": 0.5076, "avg_ground_floor_count": 5.7286, "elevation_m": 18.1265, "albedo": 0.13, "nearest_park_distance_m": 11.6112, "park_area_within_500m": 491728.856, "nearest_stream_distance_m": 322.6656, "est_population_density": 15130.0, "dong_elderly_ratio": 0.2212, "dong_avg_age": 43.8, "dong_pop_density": 12262.0, "nearest_shelter_distance_m": 77.47, "shelter_count_within_500m": 5.96, "est_population": 945.6, "est_elderly": 209.3, "shelter_capacity_within_500m": 0.0, "building_form_group": "low_floor_low_density", "dong_name": "오류2동", "top1_feature": "impervious_ratio", "top1_shap": 0.5413, "top2_feature": "built_surface_ratio", "top2_shap": 0.4734, "top3_feature": "green_ratio", "top3_shap": 0.1385, "priority_score": 56.3131, "priority_rank": 125 }, "geometry": { "type": "Polygon", "coordinates": [ [ [ 126.841169730030487, 37.479898508919682 ], [ 126.841149945114196, 37.482151783480326 ], [ 126.843977457735193, 37.482167517339249 ], [ 126.84399715775767, 37.479914241505277 ], [ 126.841169730030487, 37.479898508919682 ] ] ] } },
{ "type": "Feature", "properties": { "nearest_shelter_name": "천왕연지타운2단지(아)경로당", "nearest_shelter_addr": "서울특별시 구로구 오리로 1102-10 (천왕연지타운2단지 201동)", "nearest_shelter_lon": 126.845028, "nearest_shelter_lat": 37.483134, "member_grid_ids": ["11530_00196", "11530_00197", "11530_00232", "11530_00233", "11530_00234", "11530_00274", "11530_00275", "11530_00276"], "display_grid_id": "11530_00047", "gu_code": 11530, "gu_name": "구로구", "source_cell_count": 12, "area_m2": 50038.69, "mean_actual_lst": 38.9138, "mean_actual_anomaly": 0.6343, "seoul_anomaly": 1.8825, "pred_anomaly": 2.5935, "pred_anomaly_std": 0.9392, "green_delta_c": -0.6352, "building_ratio": 0.1505, "green_ratio": 0.23, "ndvi": 0.2035, "impervious_ratio": 0.6055, "built_surface_ratio": 0.6055, "avg_ground_floor_count": 2.9415, "elevation_m": 15.1698, "albedo": 0.1471, "nearest_park_distance_m": 72.0904, "park_area_within_500m": 378005.8074, "nearest_stream_distance_m": 108.9724, "est_population_density": 1227.8147, "dong_elderly_ratio": 0.2212, "dong_avg_age": 43.8, "dong_pop_density": 12262.0, "nearest_shelter_distance_m": 115.16, "shelter_count_within_500m": 5.7845, "est_population": 61.4, "est_elderly": 13.6, "shelter_capacity_within_500m": 133.2, "building_form_group": "low_floor_low_density", "dong_name": "오류2동", "top1_feature": "impervious_ratio", "top1_shap": 0.6973, "top2_feature": "built_surface_ratio", "top2_shap": 0.591, "top3_feature": "building_ratio", "top3_shap": 0.3156, "priority_score": 59.8422, "priority_rank": 96 }, "geometry": { "type": "Polygon", "coordinates": [ [ [ 126.84399715775767, 37.479914241505277 ], [ 126.843977457735193, 37.482167517339249 ], [ 126.846804972549833, 37.482183183538204 ], [ 126.846808344947718, 37.481795799105285 ], [ 126.846792280000017, 37.48178657 ], [ 126.84672382, 37.48174621 ], [ 126.84670705, 37.481736340000012 ], [ 126.84663524, 37.48169626 ], [ 126.846623420000014, 37.48168977 ], [ 126.846556579999984, 37.48163337 ], [ 126.8465169, 37.48159897 ], [ 126.84646718, 37.48155131 ], [ 126.846462069999987, 37.48154653 ], [ 126.846420100000017, 37.48150705 ], [ 126.84640794, 37.48149549 ], [ 126.84638768, 37.48146759 ], [ 126.84634664, 37.4814115 ], [ 126.846285669999986, 37.48133175 ], [ 126.84626277, 37.48130327 ], [ 126.84621891, 37.48124015 ], [ 126.84620026, 37.48120407 ], [ 126.84615891, 37.48112631 ], [ 126.84614713, 37.4811049 ], [ 126.84608959, 37.48098994 ], [ 126.84604909, 37.48092542 ], [ 126.846033480000017, 37.48087303 ], [ 126.84600697, 37.48079838 ], [ 126.8459865, 37.48069558 ], [ 126.84597655, 37.48064179 ], [ 126.84596299, 37.48053252 ], [ 126.84594821, 37.48042073 ], [ 126.84593394, 37.48031484 ], [ 126.845928990000019, 37.48023093 ], [ 126.84591658, 37.48008308 ], [ 126.845904704000645, 37.479924817391662 ], [ 126.84399715775767, 37.479914241505277 ] ] ] } },
{ "type": "Feature", "properties": { "nearest_shelter_name": "영화아이닉스(아)경로당", "nearest_shelter_addr": "서울특별시 구로구 개봉로1길 188 (영화아이닉스아파트102동)", "nearest_shelter_lon": 126.849247, "nearest_shelter_lat": 37.482804, "member_grid_ids": ["11530_00277"], "display_grid_id": "11530_00048", "gu_code": 11530, "gu_name": "구로구", "source_cell_count": 4, "area_m2": 5848.84, "mean_actual_lst": 37.561, "mean_actual_anomaly": -0.7078, "seoul_anomaly": 0.5405, "pred_anomaly": 0.6923, "pred_anomaly_std": 0.8026, "green_delta_c": -0.2661, "building_ratio": 0.1036, "green_ratio": 0.2467, "ndvi": 0.2341, "impervious_ratio": 0.5413, "built_surface_ratio": 0.5413, "avg_ground_floor_count": 16.1902, "elevation_m": 17.1304, "albedo": 0.1377, "nearest_park_distance_m": 28.5399, "park_area_within_500m": 215010.9253, "nearest_stream_distance_m": 60.8961, "est_population_density": 41929.2173, "dong_elderly_ratio": 0.2375, "dong_avg_age": 46.1181, "dong_pop_density": 21131.9029, "nearest_shelter_distance_m": 127.14, "shelter_count_within_500m": 4.7478, "est_population": 245.2, "est_elderly": 59.4, "shelter_capacity_within_500m": 36.1, "building_form_group": "high_floor_low_density", "dong_name": "개봉3동", "top1_feature": "avg_ground_floor_count", "top1_shap": -0.5306, "top2_feature": "impervious_ratio", "top2_shap": 0.5055, "top3_feature": "built_surface_ratio", "top3_shap": 0.4533, "priority_score": 38.4975, "priority_rank": 325 }, "geometry": { "type": "Polygon", "coordinates": [ [ [ 126.846804972549833, 37.482183183538204 ], [ 126.849632489548625, 37.482198782077027 ], [ 126.849636241462449, 37.481765928856383 ], [ 126.84933215, 37.48184335 ], [ 126.849223269999982, 37.48187082 ], [ 126.849013099999979, 37.48193137 ], [ 126.84893799, 37.48195267 ], [ 126.84873223, 37.48201069000001 ], [ 126.84846886, 37.48208663 ], [ 126.848323280000017, 37.48209125 ], [ 126.848199260000015, 37.48209529 ], [ 126.84813389, 37.48209719 ], [ 126.84807278, 37.4820943 ], [ 126.84780268, 37.48208325 ], [ 126.84757787, 37.48204523 ], [ 126.84751377, 37.48203444 ], [ 126.84745514, 37.4820248 ], [ 126.84701549, 37.48191017 ], [ 126.8469862, 37.48189466 ], [ 126.84692744, 37.48186276 ], [ 126.846872739999981, 37.48183285 ], [ 126.846849270000021, 37.48181931 ], [ 126.846808344947718, 37.481795799105285 ], [ 126.846804972549833, 37.482183183538204 ] ] ] } },
{ "type": "Feature", "properties": { "nearest_shelter_name": "개봉대상(아)경로당", "nearest_shelter_addr": "서울특별시 구로구 개봉로1길 170", "nearest_shelter_lon": 126.849795, "nearest_shelter_lat": 37.482316, "member_grid_ids": ["11530_00235", "11530_00236", "11530_00237", "11530_00279", "11530_00280", "11530_00281"], "display_grid_id": "11530_00049", "gu_code": 11530, "gu_name": "구로구", "source_cell_count": 6, "area_m2": 16370.36, "mean_actual_lst": 39.1471, "mean_actual_anomaly": 0.9408, "seoul_anomaly": 2.1891, "pred_anomaly": 2.3334, "pred_anomaly_std": 0.8959, "green_delta_c": -0.4856, "building_ratio": 0.2599, "green_ratio": 0.2697, "ndvi": 0.1855, "impervious_ratio": 0.4504, "built_surface_ratio": 0.4504, "avg_ground_floor_count": 4.5345, "elevation_m": 17.4397, "albedo": 0.1324, "nearest_park_distance_m": 161.1856, "park_area_within_500m": 236467.9525, "nearest_stream_distance_m": 58.6325, "est_population_density": 27797.6752, "dong_elderly_ratio": 0.243, "dong_avg_age": 46.9, "dong_pop_density": 24123.6, "nearest_shelter_distance_m": 37.83, "shelter_count_within_500m": 4.7836, "est_population": 455.1, "est_elderly": 110.6, "shelter_capacity_within_500m": 511.0, "building_form_group": "low_floor_high_density", "dong_name": "개봉3동", "top1_feature": "building_ratio", "top1_shap": 0.5221, "top2_feature": "impervious_ratio", "top2_shap": 0.5073, "top3_feature": "built_surface_ratio", "top3_shap": 0.4315, "priority_score": 49.6338, "priority_rank": 192 }, "geometry": { "type": "Polygon", "coordinates": [ [ [ 126.849632489548625, 37.482198782077027 ], [ 126.852460008722133, 37.482214312955534 ], [ 126.852463964728173, 37.481755920797099 ], [ 126.852326719999979, 37.48173738 ], [ 126.8522467, 37.48173277 ], [ 126.852226030000011, 37.48173246 ], [ 126.85206594, 37.48166497 ], [ 126.851965460000017, 37.48164541 ], [ 126.85185333, 37.48162415 ], [ 126.851751600000014, 37.48160375 ], [ 126.851667550000016, 37.48158872 ], [ 126.8516135, 37.48158358 ], [ 126.85129098, 37.48155586 ], [ 126.85099019, 37.48152788 ], [ 126.85084287, 37.48152263 ], [ 126.850701540000017, 37.48152555 ], [ 126.850572719999988, 37.48153946 ], [ 126.85052254, 37.48154841 ], [ 126.85051406, 37.48155009 ], [ 126.85041809, 37.48156686 ], [ 126.85037409, 37.48157807 ], [ 126.849636241462449, 37.481765928856383 ], [ 126.849632489548625, 37.482198782077027 ] ] ] } },
{ "type": "Feature", "properties": { "nearest_shelter_name": "개명경로당", "nearest_shelter_addr": "서울특별시 구로구 개봉로1길 148 (개봉동)", "nearest_shelter_lon": 126.850864, "nearest_shelter_lat": 37.481902, "member_grid_ids": ["11530_00281"], "display_grid_id": "11530_00050", "gu_code": 11530, "gu_name": "구로구", "source_cell_count": 3, "area_m2": 1651.31, "mean_actual_lst": 39.08, "mean_actual_anomaly": 1.0698, "seoul_anomaly": 2.3181, "pred_anomaly": 2.9348, "pred_anomaly_std": 0.8712, "green_delta_c": -0.5556, "building_ratio": 0.2697, "green_ratio": 0.2639, "ndvi": 0.1635, "impervious_ratio": 0.4332, "built_surface_ratio": 0.4332, "avg_ground_floor_count": 3.7762, "elevation_m": 16.9134, "albedo": 0.1332, "nearest_park_distance_m": 119.4884, "park_area_within_500m": 241272.4287, "nearest_stream_distance_m": 46.3286, "est_population_density": 25103.4334, "dong_elderly_ratio": 0.243, "dong_avg_age": 46.9, "dong_pop_density": 24123.6, "nearest_shelter_distance_m": 142.4, "shelter_count_within_500m": 5.0, "est_population": 41.5, "est_elderly": 10.1, "shelter_capacity_within_500m": 41.1, "building_form_group": "high_floor_high_density", "dong_name": "개봉3동", "top1_feature": "building_ratio", "top1_shap": 0.5574, "top2_feature": "impervious_ratio", "top2_shap": 0.4655, "top3_feature": "built_surface_ratio", "top3_shap": 0.4095, "priority_score": 53.8889, "priority_rank": 151 }, "geometry": { "type": "Polygon", "coordinates": [ [ [ 126.852460008722133, 37.482214312955534 ], [ 126.853027940093583, 37.482217424303755 ], [ 126.85270019, 37.48181866 ], [ 126.852619349999983, 37.48178672 ], [ 126.852585959999985, 37.4817788 ], [ 126.852467660000016, 37.48175642 ], [ 126.852463964728173, 37.481755920797099 ], [ 126.852460008722133, 37.482214312955534 ] ] ] } },
{ "type": "Feature", "properties": { "nearest_shelter_name": "상록경로당", "nearest_shelter_addr": "서울특별시 금천구 벚꽃로38길 35 (가산동)", "nearest_shelter_lon": 126.8843, "nearest_shelter_lat": 37.4828, "member_grid_ids": ["11530_00284"], "display_grid_id": "11530_00051", "gu_code": 11530, "gu_name": "구로구", "source_cell_count": 1, "area_m2": 438.33, "mean_actual_lst": 43.1282, "mean_actual_anomaly": 4.9005, "seoul_anomaly": 6.1487, "pred_anomaly": 3.5852, "pred_anomaly_std": 0.6704, "green_delta_c": -0.3503, "building_ratio": 0.3008, "green_ratio": 0.2526, "ndvi": 0.0559, "impervious_ratio": 0.3988, "built_surface_ratio": 0.3988, "avg_ground_floor_count": 3.338, "elevation_m": 14.912, "albedo": 0.1231, "nearest_park_distance_m": 40.84, "park_area_within_500m": 302259.54, "nearest_stream_distance_m": 1073.22, "est_population_density": 16963.6, "dong_elderly_ratio": 0.1987, "dong_avg_age": 49.2, "dong_pop_density": 38193.4, "nearest_shelter_distance_m": 197.66, "shelter_count_within_500m": 6.0, "est_population": 7.4, "est_elderly": 1.5, "shelter_capacity_within_500m": 13.0, "building_form_group": "low_floor_high_density", "dong_name": "가리봉동", "top1_feature": "building_ratio", "top1_shap": 0.791, "top2_feature": "ndvi", "top2_shap": 0.7161, "top3_feature": "impervious_ratio", "top3_shap": 0.4747, "priority_score": 60.4545, "priority_rank": 89 }, "geometry": { "type": "Polygon", "coordinates": [ [ [ 126.886390404991317, 37.482395405936529 ], [ 126.886393054905739, 37.482071376745196 ], [ 126.88638372, 37.48208236 ], [ 126.886349039999985, 37.4821226 ], [ 126.88627453, 37.482210090000017 ], [ 126.88619223, 37.4823063 ], [ 126.88615507, 37.48234963 ], [ 126.88614888, 37.48235441 ], [ 126.88613774, 37.48236313 ], [ 126.886098576243725, 37.482393889937327 ], [ 126.886390404991317, 37.482395405936529 ] ] ] } },
{ "type": "Feature", "properties": { "nearest_shelter_name": "가리봉동주민센터", "nearest_shelter_addr": "서울특별시 구로구 우마2길 35", "nearest_shelter_lon": 126.889769, "nearest_shelter_lat": 37.48245, "member_grid_ids": ["11530_00198", "11530_00199", "11530_00238", "11530_00239", "11530_00240", "11530_00285", "11530_00286"], "display_grid_id": "11530_00052", "gu_code": 11530, "gu_name": "구로구", "source_cell_count": 11, "area_m2": 47410.45, "mean_actual_lst": 42.3069, "mean_actual_anomaly": 4.3225, "seoul_anomaly": 5.5707, "pred_anomaly": 3.9812, "pred_anomaly_std": 0.6414, "green_delta_c": -0.4394, "building_ratio": 0.3943, "green_ratio": 0.218, "ndvi": 0.0757, "impervious_ratio": 0.4631, "built_surface_ratio": 0.4631, "avg_ground_floor_count": 2.6781, "elevation_m": 15.6976, "albedo": 0.1299, "nearest_park_distance_m": 52.9214, "park_area_within_500m": 384161.0696, "nearest_stream_distance_m": 1064.5424, "est_population_density": 23296.3707, "dong_elderly_ratio": 0.1987, "dong_avg_age": 49.2, "dong_pop_density": 38193.4, "nearest_shelter_distance_m": 98.84, "shelter_count_within_500m": 6.5172, "est_population": 1104.5, "est_elderly": 219.5, "shelter_capacity_within_500m": 1508.9, "building_form_group": "low_floor_high_density", "dong_name": "가리봉동", "top1_feature": "building_ratio", "top1_shap": 1.0514, "top2_feature": "ndvi", "top2_shap": 0.6493, "top3_feature": "impervious_ratio", "top3_shap": 0.4847, "priority_score": 74.4066, "priority_rank": 13 }, "geometry": { "type": "Polygon", "coordinates": [ [ [ 126.886390404991317, 37.482395405936529 ], [ 126.889217951575958, 37.482410057216775 ], [ 126.88923629326294, 37.480156761753939 ], [ 126.888182305491057, 37.480151308575486 ], [ 126.88815585, 37.48016832 ], [ 126.8881021, 37.48020263 ], [ 126.88800273, 37.48026616 ], [ 126.88784765, 37.48036541 ], [ 126.88777869, 37.48040955 ], [ 126.88772988, 37.48044076 ], [ 126.88771694, 37.48045668 ], [ 126.8877005, 37.48047647 ], [ 126.88768918, 37.48048998 ], [ 126.887680320000015, 37.48050124 ], [ 126.88766439, 37.48052066 ], [ 126.887632539999984, 37.48055948 ], [ 126.88757679, 37.48062785 ], [ 126.8875621, 37.48064557 ], [ 126.88754546, 37.48066583 ], [ 126.887532899999982, 37.48068102 ], [ 126.88744723, 37.48078568 ], [ 126.8874152, 37.48082479 ], [ 126.88732246, 37.48093845 ], [ 126.887280509999982, 37.48098993 ], [ 126.88721751, 37.4810673 ], [ 126.887067070000015, 37.48125185 ], [ 126.88704017, 37.48128478 ], [ 126.88698884, 37.48134751 ], [ 126.88685787, 37.48150788 ], [ 126.886832200000015, 37.48153939 ], [ 126.88679893, 37.48158018 ], [ 126.886774860000017, 37.48160944 ], [ 126.88670637, 37.481693 ], [ 126.8866761, 37.48173013000001 ], [ 126.88665203, 37.48175996 ], [ 126.88662903, 37.48178782 ], [ 126.886606900000018, 37.48181482 ], [ 126.88657167, 37.48185787 ], [ 126.88654495, 37.4818905 ], [ 126.886517340000012, 37.48192481 ], [ 126.886507789999982, 37.48193636 ], [ 126.88647433, 37.48197575 ], [ 126.886393054905739, 37.482071376745196 ], [ 126.886390404991317, 37.482395405936529 ] ] ] } },
{ "type": "Feature", "properties": { "nearest_shelter_name": "가리봉동주민센터", "nearest_shelter_addr": "서울특별시 구로구 우마2길 35", "nearest_shelter_lon": 126.889769, "nearest_shelter_lat": 37.48245, "member_grid_ids": ["11530_00200", "11530_00201", "11530_00202", "11530_00241", "11530_00242", "11530_00243", "11530_00287", "11530_00288", "11530_00289"], "display_grid_id": "11530_00053", "gu_code": 11530, "gu_name": "구로구", "source_cell_count": 14, "area_m2": 62500.0, "mean_actual_lst": 41.8761, "mean_actual_anomaly": 3.6576, "seoul_anomaly": 4.9058, "pred_anomaly": 3.4829, "pred_anomaly_std": 0.6427, "green_delta_c": -0.5817, "building_ratio": 0.4079, "green_ratio": 0.2435, "ndvi": 0.1191, "impervious_ratio": 0.4178, "built_surface_ratio": 0.4178, "avg_ground_floor_count": 3.8782, "elevation_m": 24.7474, "albedo": 0.1241, "nearest_park_distance_m": 60.6592, "park_area_within_500m": 425137.818, "nearest_stream_distance_m": 913.3956, "est_population_density": 27136.0, "dong_elderly_ratio": 0.1938, "dong_avg_age": 48.408, "dong_pop_density": 36582.4, "nearest_shelter_distance_m": 4.33, "shelter_count_within_500m": 6.2, "est_population": 1696.0, "est_elderly": 331.0, "shelter_capacity_within_500m": 1473.8, "building_form_group": "low_floor_high_density", "dong_name": "가리봉동", "top1_feature": "building_ratio", "top1_shap": 1.0957, "top2_feature": "impervious_ratio", "top2_shap": 0.44, "top3_feature": "ndvi", "top3_shap": 0.4308, "priority_score": 70.947, "priority_rank": 27 }, "geometry": { "type": "Polygon", "coordinates": [ [ [ 126.88923629326294, 37.480156761753939 ], [ 126.889217951575958, 37.482410057216775 ], [ 126.892045500202997, 37.482424640834537 ], [ 126.892063756991917, 37.48017134419144 ], [ 126.88923629326294, 37.480156761753939 ] ] ] } },
{ "type": "Feature", "properties": { "nearest_shelter_name": "성프란치스코장애인종합복지관", "nearest_shelter_addr": "서울특별시 구로구 남부순환로105라길 25-10 (성프란치스코수녀원,성프란치스코복지관)", "nearest_shelter_lon": 126.890521, "nearest_shelter_lat": 37.481571, "member_grid_ids": ["11530_00202", "11530_00203", "11530_00204", "11530_00243", "11530_00244", "11530_00245", "11530_00290", "11530_00291"], "display_grid_id": "11530_00054", "gu_code": 11530, "gu_name": "구로구", "source_cell_count": 15, "area_m2": 62500.0, "mean_actual_lst": 39.8956, "mean_actual_anomaly": 1.4136, "seoul_anomaly": 2.6618, "pred_anomaly": 1.7778, "pred_anomaly_std": 0.6792, "green_delta_c": -0.0941, "building_ratio": 0.3857, "green_ratio": 0.2253, "ndvi": 0.106, "impervious_ratio": 0.4423, "built_surface_ratio": 0.4423, "avg_ground_floor_count": 13.0259, "elevation_m": 30.0988, "albedo": 0.1042, "nearest_park_distance_m": 2.2544, "park_area_within_500m": 414418.2812, "nearest_stream_distance_m": 747.818, "est_population_density": 10712.8, "dong_elderly_ratio": 0.1614, "dong_avg_age": 43.128, "dong_pop_density": 25842.4, "nearest_shelter_distance_m": 135.54, "shelter_count_within_500m": 6.92, "est_population": 669.6, "est_elderly": 119.2, "shelter_capacity_within_500m": 1583.8, "building_form_group": "high_floor_high_density", "dong_name": "구로3동", "top1_feature": "building_ratio", "top1_shap": 0.9235, "top2_feature": "avg_ground_floor_count", "top2_shap": -0.5831, "top3_feature": "ndvi", "top3_shap": 0.2797, "priority_score": 52.1591, "priority_rank": 166 }, "geometry": { "type": "Polygon", "coordinates": [ [ [ 126.892063756991917, 37.48017134419144 ], [ 126.892045500202997, 37.482424640834537 ], [ 126.894873050862955, 37.482439156789667 ], [ 126.894891222753571, 37.480185858971765 ], [ 126.892063756991917, 37.48017134419144 ] ] ] } },
{ "type": "Feature", "properties": { "nearest_shelter_name": "문성골경로당", "nearest_shelter_addr": "서울특별시 구로구 디지털로32가길 50 (구로동)", "nearest_shelter_lon": 126.897787, "nearest_shelter_lat": 37.481369, "member_grid_ids": ["11530_00205", "11530_00206", "11530_00207", "11530_00246", "11530_00247", "11530_00248", "11530_00292", "11530_00293", "11530_00294"], "display_grid_id": "11530_00055", "gu_code": 11530, "gu_name": "구로구", "source_cell_count": 14, "area_m2": 62500.0, "mean_actual_lst": 41.1679, "mean_actual_anomaly": 2.478, "seoul_anomaly": 3.7263, "pred_anomaly": 2.1156, "pred_anomaly_std": 0.7205, "green_delta_c": -0.1652, "building_ratio": 0.3551, "green_ratio": 0.214, "ndvi": 0.127, "impervious_ratio": 0.4969, "built_surface_ratio": 0.4969, "avg_ground_floor_count": 12.1779, "elevation_m": 32.9398, "albedo": 0.1077, "nearest_park_distance_m": 10.1256, "park_area_within_500m": 410434.3196, "nearest_stream_distance_m": 592.6596, "est_population_density": 0.0, "dong_elderly_ratio": 0.1582, "dong_avg_age": 42.6, "dong_pop_density": 24768.4, "nearest_shelter_distance_m": 21.46, "shelter_count_within_500m": 3.52, "est_population": 0.0, "est_elderly": 0.0, "shelter_capacity_within_500m": 534.8, "building_form_group": "high_floor_high_density", "dong_name": "구로3동", "top1_feature": "building_ratio", "top1_shap": 0.8417, "top2_feature": "avg_ground_floor_count", "top2_shap": -0.4389, "top3_feature": "impervious_ratio", "top3_shap": 0.3629, "priority_score": 46.0416, "priority_rank": 227 }, "geometry": { "type": "Polygon", "coordinates": [ [ [ 126.894891222753571, 37.480185858971765 ], [ 126.894873050862955, 37.482439156789667 ], [ 126.897700603546397, 37.482453605081993 ], [ 126.897718690538497, 37.480200306094794 ], [ 126.894891222753571, 37.480185858971765 ] ] ] } },
{ "type": "Feature", "properties": { "nearest_shelter_name": "문성골경로당", "nearest_shelter_addr": "서울특별시 구로구 디지털로32가길 50 (구로동)", "nearest_shelter_lon": 126.897787, "nearest_shelter_lat": 37.481369, "member_grid_ids": ["11530_00207", "11530_00208", "11530_00209", "11530_00248", "11530_00249", "11530_00250", "11530_00295", "11530_00296"], "display_grid_id": "11530_00056", "gu_code": 11530, "gu_name": "구로구", "source_cell_count": 13, "area_m2": 53345.15, "mean_actual_lst": 42.1944, "mean_actual_anomaly": 3.6045, "seoul_anomaly": 4.8527, "pred_anomaly": 3.242, "pred_anomaly_std": 0.7524, "green_delta_c": -0.0906, "building_ratio": 0.3959, "green_ratio": 0.2333, "ndvi": 0.0906, "impervious_ratio": 0.3084, "built_surface_ratio": 0.3084, "avg_ground_floor_count": 7.0254, "elevation_m": 25.6761, "albedo": 0.1116, "nearest_park_distance_m": 70.3616, "park_area_within_500m": 376909.9329, "nearest_stream_distance_m": 480.4524, "est_population_density": 0.0, "dong_elderly_ratio": 0.1582, "dong_avg_age": 42.6, "dong_pop_density": 24768.4, "nearest_shelter_distance_m": 21.46, "shelter_count_within_500m": 3.4376, "est_population": 0.0, "est_elderly": 0.0, "shelter_capacity_within_500m": 489.8, "building_form_group": "high_floor_high_density", "dong_name": "구로3동", "top1_feature": "building_ratio", "top1_shap": 1.0484, "top2_feature": "ndvi", "top2_shap": 0.5932, "top3_feature": "impervious_ratio", "top3_shap": 0.3461, "priority_score": 43.7311, "priority_rank": 257 }, "geometry": { "type": "Polygon", "coordinates": [ [ [ 126.897718690538497, 37.480200306094794 ], [ 126.897700603546397, 37.482453605081993 ], [ 126.900528158243858, 37.482467985711402 ], [ 126.900533906271519, 37.481748539432836 ], [ 126.90052661, 37.48173969 ], [ 126.90048304, 37.48168672 ], [ 126.90036752, 37.48154584 ], [ 126.90031424999998, 37.48148047 ], [ 126.900262049999981, 37.48141679 ], [ 126.90013224, 37.48125928 ], [ 126.90006505, 37.48117673 ], [ 126.89996172, 37.48103896 ], [ 126.89992381, 37.48098853 ], [ 126.899888709999985, 37.48094372 ], [ 126.899867029999982, 37.4809164 ], [ 126.89983951, 37.48088061 ], [ 126.89980406, 37.48083385 ], [ 126.899760860000015, 37.48077496 ], [ 126.89973212, 37.48073495 ], [ 126.899709909999984, 37.48070367 ], [ 126.89968504, 37.48066819 ], [ 126.8996563, 37.48062649 ], [ 126.89964027, 37.4806017 ], [ 126.89961947, 37.480569869999982 ], [ 126.899609059999989, 37.4805538 ], [ 126.8996006, 37.48054057 ], [ 126.899577510000015, 37.48050422 ], [ 126.899548960000018, 37.48045831000001 ], [ 126.8995248, 37.48041915 ], [ 126.899504529999987, 37.48038534 ], [ 126.89948656, 37.48035464 ], [ 126.899475810000013, 37.48033631 ], [ 126.899461880000018, 37.48031265 ], [ 126.89945501, 37.48030083 ], [ 126.8994506, 37.48029322 ], [ 126.899418890000021, 37.48023801 ], [ 126.899405140000013, 37.48021236 ], [ 126.89940328470928, 37.480208881465629 ], [ 126.897718690538497, 37.480200306094794 ] ] ] } },
{ "type": "Feature", "properties": { "nearest_shelter_name": "문성골경로당", "nearest_shelter_addr": "서울특별시 구로구 디지털로32가길 50 (구로동)", "nearest_shelter_lon": 126.897787, "nearest_shelter_lat": 37.481369, "member_grid_ids": ["11530_00251", "11530_00297"], "display_grid_id": "11530_00057", "gu_code": 11530, "gu_name": "구로구", "source_cell_count": 2, "area_m2": 2110.86, "mean_actual_lst": 42.0122, "mean_actual_anomaly": 3.519, "seoul_anomaly": 4.7672, "pred_anomaly": 3.4258, "pred_anomaly_std": 1.0959, "green_delta_c": -0.7317, "building_ratio": 0.0933, "green_ratio": 0.2197, "ndvi": 0.0857, "impervious_ratio": 0.23, "built_surface_ratio": 0.23, "avg_ground_floor_count": 5.8672, "elevation_m": 25.9783, "albedo": 0.1235, "nearest_park_distance_m": 34.5152, "park_area_within_500m": 348871.8844, "nearest_stream_distance_m": 317.9838, "est_population_density": 0.0, "dong_elderly_ratio": 0.1582, "dong_avg_age": 42.6, "dong_pop_density": 24768.4, "nearest_shelter_distance_m": 256.95, "shelter_count_within_500m": 4.1402, "est_population": 0.0, "est_elderly": 0.0, "shelter_capacity_within_500m": 181.4, "building_form_group": "high_floor_low_density", "dong_name": "구로3동", "top1_feature": "ndvi", "top1_shap": 0.8396, "top2_feature": "green_ratio", "top2_shap": 0.4957, "top3_feature": "impervious_ratio", "top3_shap": 0.3985, "priority_score": 66.4078, "priority_rank": 49 }, "geometry": { "type": "Polygon", "coordinates": [ [ [ 126.900528158243858, 37.482467985711402 ], [ 126.901125241277228, 37.482471013755486 ], [ 126.90109222, 37.48243057 ], [ 126.90103878, 37.4823652 ], [ 126.90097546, 37.48228743 ], [ 126.90093701, 37.48224066 ], [ 126.90091444, 37.48221275 ], [ 126.900875639999981, 37.48216542 ], [ 126.90085871, 37.482144580000018 ], [ 126.900847770000013, 37.48213134 ], [ 126.90082555, 37.48210373 ], [ 126.900814090000011, 37.48208991 ], [ 126.900768409999984, 37.48203385 ], [ 126.90071956, 37.48197383 ], [ 126.90067846, 37.48192396000001 ], [ 126.90062801, 37.48186282 ], [ 126.90059468, 37.48182225 ], [ 126.900533906271519, 37.481748539432836 ], [ 126.900528158243858, 37.482467985711402 ] ] ] } },
{ "type": "Feature", "properties": { "nearest_shelter_name": "수목원현대홈타운(아)경로당", "nearest_shelter_addr": "서울특별시 구로구 연동로13길 25 (서울수목원현대홈타운스위트 101동)", "nearest_shelter_lon": 126.820469, "nearest_shelter_lat": 37.484326, "member_grid_ids": ["11530_00252", "11530_00253", "11530_00298", "11530_00299", "11530_00347", "11530_00348"], "display_grid_id": "11530_00058", "gu_code": 11530, "gu_name": "구로구", "source_cell_count": 11, "area_m2": 40353.84, "mean_actual_lst": 39.2211, "mean_actual_anomaly": 0.4626, "seoul_anomaly": 1.7108, "pred_anomaly": 2.3481, "pred_anomaly_std": 0.8405, "green_delta_c": -0.4796, "building_ratio": 0.2399, "green_ratio": 0.2124, "ndvi": 0.1609, "impervious_ratio": 0.5623, "built_surface_ratio": 0.5623, "avg_ground_floor_count": 5.1864, "elevation_m": 20.9102, "albedo": 0.1355, "nearest_park_distance_m": 8.4394, "park_area_within_500m": 328760.3761, "nearest_stream_distance_m": 1472.2127, "est_population_density": 19635.0473, "dong_elderly_ratio": 0.1319, "dong_avg_age": 36.6, "dong_pop_density": 11438.5, "nearest_shelter_distance_m": 60.44, "shelter_count_within_500m": 6.3717, "est_population": 792.4, "est_elderly": 62.1, "shelter_capacity_within_500m": 485.7, "building_form_group": "high_floor_low_density", "dong_name": "항동", "top1_feature": "impervious_ratio", "top1_shap": 0.5308, "top2_feature": "building_ratio", "top2_shap": 0.3563, "top3_feature": "green_ratio", "top3_shap": 0.2836, "priority_score": 55.0, "priority_rank": 138 }, "geometry": { "type": "Polygon", "coordinates": [ [ [ 126.821337037547309, 37.484293016625173 ], [ 126.821357418982302, 37.482039752002201 ], [ 126.819876085481212, 37.482031233847863 ], [ 126.81984540000002, 37.48207708 ], [ 126.819799300000014, 37.48214738 ], [ 126.81973869, 37.4822267 ], [ 126.81968179, 37.48230518 ], [ 126.81961284, 37.48240051 ], [ 126.819583420000015, 37.48243875 ], [ 126.8195676, 37.48248265 ], [ 126.81956172, 37.48250066 ], [ 126.81955515, 37.48251699 ], [ 126.819553680000013, 37.48253472 ], [ 126.819553089999985, 37.48256232 ], [ 126.81955, 37.48259695 ], [ 126.81954818, 37.48261919 ], [ 126.81954272, 37.48268281 ], [ 126.81953974, 37.4827487 ], [ 126.81953661, 37.48280161 ], [ 126.81953369, 37.48283794 ], [ 126.81952938, 37.48286525000001 ], [ 126.819525270000014, 37.48289114 ], [ 126.81951577, 37.48294294 ], [ 126.819506809999979, 37.48299896 ], [ 126.81950178000001, 37.48302765 ], [ 126.819494459999987, 37.48306285 ], [ 126.81948731, 37.48309521 ], [ 126.81946884, 37.4831377 ], [ 126.81944948, 37.4831785 ], [ 126.8194319, 37.48321761 ], [ 126.819415370000016, 37.48325447 ], [ 126.81940366, 37.48328204 ], [ 126.81939033, 37.48330934 ], [ 126.819397900000013, 37.48332117 ], [ 126.81940705, 37.48333978 ], [ 126.81941883, 37.48336316 ], [ 126.819430420000018, 37.48338908 ], [ 126.81944661, 37.48342008 ], [ 126.81946208, 37.48344881 ], [ 126.81947526, 37.48347531 ], [ 126.81949056, 37.48350715 ], [ 126.81950163, 37.48352941 ], [ 126.81952011, 37.48356097 ], [ 126.81954069, 37.48359705 ], [ 126.8195581, 37.48362833 ], [ 126.81957306000001, 37.48365228 ], [ 126.819566450000011, 37.48367846 ], [ 126.819560580000015, 37.48369675 ], [ 126.819548880000013, 37.48371475 ], [ 126.81953753, 37.48373387 ], [ 126.81952707, 37.4837502 ], [ 126.81952440000002, 37.48375695 ], [ 126.81951195, 37.4837924 ], [ 126.81950253, 37.48381407 ], [ 126.81949632, 37.48382673 ], [ 126.81947166, 37.48387005 ], [ 126.819452500000011, 37.48390466 ], [ 126.81942465, 37.48395332 ], [ 126.81938526, 37.48402253 ], [ 126.81934268000002, 37.48409567 ], [ 126.81932476, 37.48412829 ], [ 126.81931354, 37.48416461 ], [ 126.8193073, 37.48418318 ], [ 126.81931062, 37.48420177 ], [ 126.8193132, 37.48422907 ], [ 126.81931720999998, 37.4842519 ], [ 126.819320530000013, 37.48426906 ], [ 126.819324991070076, 37.484281441588863 ], [ 126.821337037547309, 37.484293016625173 ] ] ] } },
{ "type": "Feature", "properties": { "nearest_shelter_name": "하버라인2단지(아)경로당", "nearest_shelter_addr": "서울특별시 구로구 연동로 234 (하버라인 2단지 201동)", "nearest_shelter_lon": 126.822411, "nearest_shelter_lat": 37.481993, "member_grid_ids": ["11530_00254", "11530_00255", "11530_00256", "11530_00300", "11530_00301", "11530_00302", "11530_00349", "11530_00350", "11530_00351"], "display_grid_id": "11530_00059", "gu_code": 11530, "gu_name": "구로구", "source_cell_count": 14, "area_m2": 62500.0, "mean_actual_lst": 36.7427, "mean_actual_anomaly": -2.018, "seoul_anomaly": -0.7698, "pred_anomaly": 0.6602, "pred_anomaly_std": 1.0177, "green_delta_c": -0.3547, "building_ratio": 0.1609, "green_ratio": 0.2793, "ndvi": 0.2058, "impervious_ratio": 0.4459, "built_surface_ratio": 0.4459, "avg_ground_floor_count": 7.7954, "elevation_m": 24.7965, "albedo": 0.1186, "nearest_park_distance_m": 29.4864, "park_area_within_500m": 349381.9864, "nearest_stream_distance_m": 1328.5988, "est_population_density": 18146.8, "dong_elderly_ratio": 0.1319, "dong_avg_age": 36.6, "dong_pop_density": 11438.5, "nearest_shelter_distance_m": 43.51, "shelter_count_within_500m": 7.24, "est_population": 1134.2, "est_elderly": 149.6, "shelter_capacity_within_500m": 665.0, "building_form_group": "high_floor_low_density", "dong_name": "항동", "top1_feature": "impervious_ratio", "top1_shap": 0.3947, "top2_feature": "built_surface_ratio", "top2_shap": 0.2999, "top3_feature": "avg_ground_floor_count", "top3_shap": -0.2615, "priority_score": 40.7702, "priority_rank": 297 }, "geometry": { "type": "Polygon", "coordinates": [ [ [ 126.821357418982302, 37.482039752002201 ], [ 126.821337037547309, 37.484293016625173 ], [ 126.824164619449789, 37.484309225411103 ], [ 126.824184915983338, 37.482055959476376 ], [ 126.821357418982302, 37.482039752002201 ] ] ] } },
{ "type": "Feature", "properties": { "nearest_shelter_name": "항동푸른도서관", "nearest_shelter_addr": "서울특별시 구로구 연동로 290-46 (푸른도서관)", "nearest_shelter_lon": 126.824565, "nearest_shelter_lat": 37.484983, "member_grid_ids": ["11530_00257", "11530_00258", "11530_00302", "11530_00303", "11530_00304", "11530_00351", "11530_00352", "11530_00353"], "display_grid_id": "11530_00060", "gu_code": 11530, "gu_name": "구로구", "source_cell_count": 14, "area_m2": 62500.0, "mean_actual_lst": 36.211, "mean_actual_anomaly": -2.5778, "seoul_anomaly": -1.3296, "pred_anomaly": -0.8243, "pred_anomaly_std": 1.0332, "green_delta_c": -0.241, "building_ratio": 0.178, "green_ratio": 0.5406, "ndvi": 0.3315, "impervious_ratio": 0.2614, "built_surface_ratio": 0.2614, "avg_ground_floor_count": 1.4649, "elevation_m": 30.8611, "albedo": 0.1424, "nearest_park_distance_m": 25.6944, "park_area_within_500m": 268626.0928, "nearest_stream_distance_m": 1184.2916, "est_population_density": 2606.0, "dong_elderly_ratio": 0.1319, "dong_avg_age": 36.6, "dong_pop_density": 11438.5, "nearest_shelter_distance_m": 129.58, "shelter_count_within_500m": 6.76, "est_population": 162.9, "est_elderly": 21.5, "shelter_capacity_within_500m": 549.0, "building_form_group": "low_floor_low_density", "dong_name": "항동", "top1_feature": "green_ratio", "top1_shap": -0.958, "top2_feature": "ndvi", "top2_shap": -0.5978, "top3_feature": "building_ratio", "top3_shap": 0.0485, "priority_score": 31.6414, "priority_rank": 378 }, "geometry": { "type": "Polygon", "coordinates": [ [ [ 126.824184915983338, 37.482055959476376 ], [ 126.824164619449789, 37.484309225411103 ], [ 126.826992203612335, 37.484325366532715 ], [ 126.827012415244184, 37.48207209929172 ], [ 126.824184915983338, 37.482055959476376 ] ] ] } },
{ "type": "Feature", "properties": { "nearest_shelter_name": "항동푸른도서관", "nearest_shelter_addr": "서울특별시 구로구 연동로 290-46 (푸른도서관)", "nearest_shelter_lon": 126.824565, "nearest_shelter_lat": 37.484983, "member_grid_ids": ["11530_00259", "11530_00260", "11530_00261", "11530_00305", "11530_00306", "11530_00307", "11530_00354", "11530_00355", "11530_00356"], "display_grid_id": "11530_00061", "gu_code": 11530, "gu_name": "구로구", "source_cell_count": 13, "area_m2": 62500.0, "mean_actual_lst": 33.982, "mean_actual_anomaly": -4.6168, "seoul_anomaly": -3.3686, "pred_anomaly": -2.6821, "pred_anomaly_std": 0.8117, "green_delta_c": -0.7211, "building_ratio": 0.0367, "green_ratio": 0.6267, "ndvi": 0.3733, "impervious_ratio": 0.1657, "built_surface_ratio": 0.1657, "avg_ground_floor_count": 0.5357, "elevation_m": 53.8769, "albedo": 0.1238, "nearest_park_distance_m": 126.2596, "park_area_within_500m": 131250.1668, "nearest_stream_distance_m": 1067.658, "est_population_density": 0.0, "dong_elderly_ratio": 0.1319, "dong_avg_age": 36.6, "dong_pop_density": 11438.5, "nearest_shelter_distance_m": 291.94, "shelter_count_within_500m": 2.08, "est_population": 0.0, "est_elderly": 0.0, "shelter_capacity_within_500m": 120.0, "building_form_group": "no_building", "dong_name": "항동", "top1_feature": "building_ratio", "top1_shap": -0.7453, "top2_feature": "green_ratio", "top2_shap": -0.6362, "top3_feature": "impervious_ratio", "top3_shap": -0.1571, "priority_score": 39.5391, "priority_rank": 308 }, "geometry": { "type": "Polygon", "coordinates": [ [ [ 126.827012415244184, 37.48207209929172 ], [ 126.826992203612335, 37.484325366532715 ], [ 126.829819790025482, 37.484341439989876 ], [ 126.829839916755347, 37.48208817144809 ], [ 126.827012415244184, 37.48207209929172 ] ] ] } },
{ "type": "Feature", "properties": { "nearest_shelter_name": "항동푸른도서관", "nearest_shelter_addr": "서울특별시 구로구 연동로 290-46 (푸른도서관)", "nearest_shelter_lon": 126.824565, "nearest_shelter_lat": 37.484983, "member_grid_ids": ["11530_00262", "11530_00263", "11530_00307", "11530_00308", "11530_00309", "11530_00356", "11530_00357", "11530_00358"], "display_grid_id": "11530_00062", "gu_code": 11530, "gu_name": "구로구", "source_cell_count": 16, "area_m2": 62500.0, "mean_actual_lst": 31.8851, "mean_actual_anomaly": -6.8661, "seoul_anomaly": -5.6179, "pred_anomaly": -5.677, "pred_anomaly_std": 0.6955, "green_delta_c": -0.7043, "building_ratio": 0.0, "green_ratio": 0.778, "ndvi": 0.4154, "impervious_ratio": 0.0412, "built_surface_ratio": 0.0412, "avg_ground_floor_count": 0.0, "elevation_m": 99.6849, "albedo": 0.127, "nearest_park_distance_m": 272.878, "park_area_within_500m": 68023.7428, "nearest_stream_distance_m": 1008.6124, "est_population_density": 0.0, "dong_elderly_ratio": 0.1319, "dong_avg_age": 36.6, "dong_pop_density": 11438.5, "nearest_shelter_distance_m": 480.48, "shelter_count_within_500m": 0.4, "est_population": 0.0, "est_elderly": 0.0, "shelter_capacity_within_500m": 0.0, "building_form_group": "no_building", "dong_name": "항동", "top1_feature": "building_ratio", "top1_shap": -1.583, "top2_feature": "impervious_ratio", "top2_shap": -1.1511, "top3_feature": "built_surface_ratio", "top3_shap": -1.121, "priority_score": 35.7513, "priority_rank": 350 }, "geometry": { "type": "Polygon", "coordinates": [ [ [ 126.829839916755347, 37.48208817144809 ], [ 126.829819790025482, 37.484341439989876 ], [ 126.832647378679724, 37.4843574457824 ], [ 126.832667420507377, 37.482104175945288 ], [ 126.829839916755347, 37.48208817144809 ] ] ] } },
{ "type": "Feature", "properties": { "nearest_shelter_name": "천왕이펜하우스1단지(아)경로당", "nearest_shelter_addr": "서울특별시 구로구 천왕로 91 (천왕 이펜하우스 1단지 104동)", "nearest_shelter_lon": 126.83711, "nearest_shelter_lat": 37.486011, "member_grid_ids": ["11530_00264", "11530_00265", "11530_00266", "11530_00310", "11530_00311", "11530_00312", "11530_00359", "11530_00360", "11530_00361"], "display_grid_id": "11530_00063", "gu_code": 11530, "gu_name": "구로구", "source_cell_count": 11, "area_m2": 62500.0, "mean_actual_lst": 33.8787, "mean_actual_anomaly": -4.9628, "seoul_anomaly": -3.7146, "pred_anomaly": -4.0055, "pred_anomaly_std": 0.9756, "green_delta_c": -1.2139, "building_ratio": 0.0058, "green_ratio": 0.7488, "ndvi": 0.4273, "impervious_ratio": 0.0738, "built_surface_ratio": 0.0738, "avg_ground_floor_count": 0.5271, "elevation_m": 90.398, "albedo": 0.1584, "nearest_park_distance_m": 118.1824, "park_area_within_500m": 181529.2948, "nearest_stream_distance_m": 984.1012, "est_population_density": 46.8, "dong_elderly_ratio": 0.2212, "dong_avg_age": 43.8, "dong_pop_density": 12262.0, "nearest_shelter_distance_m": 272.9, "shelter_count_within_500m": 2.64, "est_population": 2.9, "est_elderly": 0.6, "shelter_capacity_within_500m": 0.0, "building_form_group": "no_building", "dong_name": "오류2동", "top1_feature": "building_ratio", "top1_shap": -1.2515, "top2_feature": "built_surface_ratio", "top2_shap": -0.659, "top3_feature": "impervious_ratio", "top3_shap": -0.515, "priority_score": 44.4255, "priority_rank": 246 }, "geometry": { "type": "Polygon", "coordinates": [ [ [ 126.832667420507377, 37.482104175945288 ], [ 126.832647378679724, 37.4843574457824 ], [ 126.835474969565666, 37.484373383910139 ], [ 126.83549492649081, 37.482120112783178 ], [ 126.832667420507377, 37.482104175945288 ] ] ] } },
{ "type": "Feature", "properties": { "nearest_shelter_name": "천왕이펜하우스2단지(아)경로당", "nearest_shelter_addr": "서울특별시 구로구 천왕로 92 (천왕이펜하우스2단지 201동)", "nearest_shelter_lon": 126.83932, "nearest_shelter_lat": 37.484615, "member_grid_ids": ["11530_00267", "11530_00268", "11530_00312", "11530_00313", "11530_00314", "11530_00361", "11530_00362", "11530_00363"], "display_grid_id": "11530_00064", "gu_code": 11530, "gu_name": "구로구", "source_cell_count": 14, "area_m2": 62500.0, "mean_actual_lst": 35.3258, "mean_actual_anomaly": -3.3028, "seoul_anomaly": -2.0546, "pred_anomaly": -1.6436, "pred_anomaly_std": 0.8065, "green_delta_c": -0.5262, "building_ratio": 0.0928, "green_ratio": 0.543, "ndvi": 0.3667, "impervious_ratio": 0.2859, "built_surface_ratio": 0.2859, "avg_ground_floor_count": 4.4013, "elevation_m": 56.6046, "albedo": 0.1499, "nearest_park_distance_m": 31.8256, "park_area_within_500m": 392380.3316, "nearest_stream_distance_m": 860.4076, "est_population_density": 5134.0, "dong_elderly_ratio": 0.2212, "dong_avg_age": 43.8, "dong_pop_density": 12262.0, "nearest_shelter_distance_m": 158.66, "shelter_count_within_500m": 6.0, "est_population": 320.9, "est_elderly": 71.0, "shelter_capacity_within_500m": 0.0, "building_form_group": "high_floor_low_density", "dong_name": "오류2동", "top1_feature": "green_ratio", "top1_shap": -0.5512, "top2_feature": "ndvi", "top2_shap": -0.4436, "top3_feature": "building_ratio", "top3_shap": -0.328, "priority_score": 44.6338, "priority_rank": 243 }, "geometry": { "type": "Polygon", "coordinates": [ [ [ 126.83549492649081, 37.482120112783178 ], [ 126.835474969565666, 37.484373383910139 ], [ 126.83830256267386, 37.4843892543729 ], [ 126.838322434696266, 37.482135981961576 ], [ 126.83549492649081, 37.482120112783178 ] ] ] } },
{ "type": "Feature", "properties": { "nearest_shelter_name": "천왕이펜하우스3단지(아)경로당", "nearest_shelter_addr": "서울특별시 구로구 천왕로 56 (천왕 이펜하우스 3단지 303동)", "nearest_shelter_lon": 126.840436, "nearest_shelter_lat": 37.48218, "member_grid_ids": ["11530_00269", "11530_00270", "11530_00271", "11530_00315", "11530_00316", "11530_00317", "11530_00364", "11530_00365", "11530_00366"], "display_grid_id": "11530_00065", "gu_code": 11530, "gu_name": "구로구", "source_cell_count": 14, "area_m2": 62500.0, "mean_actual_lst": 36.7907, "mean_actual_anomaly": -1.6741, "seoul_anomaly": -0.4259, "pred_anomaly": 0.3364, "pred_anomaly_std": 0.8298, "green_delta_c": -0.1889, "building_ratio": 0.1453, "green_ratio": 0.2795, "ndvi": 0.2529, "impervious_ratio": 0.5137, "built_surface_ratio": 0.5137, "avg_ground_floor_count": 11.9774, "elevation_m": 28.8815, "albedo": 0.1135, "nearest_park_distance_m": 0.0, "park_area_within_500m": 563100.2408, "nearest_stream_distance_m": 624.9536, "est_population_density": 29403.6, "dong_elderly_ratio": 0.2212, "dong_avg_age": 43.8, "dong_pop_density": 12262.0, "nearest_shelter_distance_m": 37.07, "shelter_count_within_500m": 7.64, "est_population": 1837.7, "est_elderly": 406.5, "shelter_capacity_within_500m": 0.0, "building_form_group": "high_floor_low_density", "dong_name": "오류2동", "top1_feature": "avg_ground_floor_count", "top1_shap": -0.3688, "top2_feature": "impervious_ratio", "top2_shap": 0.3843, "top3_feature": "built_surface_ratio", "top3_shap": 0.2592, "priority_score": 42.5, "priority_rank": 276 }, "geometry": { "type": "Polygon", "coordinates": [ [ [ 126.838322434696266, 37.482135981961576 ], [ 126.83830256267386, 37.4843892543729 ], [ 126.841130157994826, 37.484405057170541 ], [ 126.841149945114196, 37.482151783480326 ], [ 126.838322434696266, 37.482135981961576 ] ] ] } },
{ "type": "Feature", "properties": { "nearest_shelter_name": "천왕이펜하우스3단지(아)경로당", "nearest_shelter_addr": "서울특별시 구로구 천왕로 56 (천왕 이펜하우스 3단지 303동)", "nearest_shelter_lon": 126.840436, "nearest_shelter_lat": 37.48218, "member_grid_ids": ["11530_00272", "11530_00273", "11530_00317", "11530_00318", "11530_00319", "11530_00366", "11530_00367", "11530_00368"], "display_grid_id": "11530_00066", "gu_code": 11530, "gu_name": "구로구", "source_cell_count": 16, "area_m2": 62500.0, "mean_actual_lst": 37.9499, "mean_actual_anomaly": -0.3056, "seoul_anomaly": 0.9426, "pred_anomaly": 1.7199, "pred_anomaly_std": 0.7664, "green_delta_c": -0.2677, "building_ratio": 0.1813, "green_ratio": 0.2331, "ndvi": 0.2055, "impervious_ratio": 0.5249, "built_surface_ratio": 0.5249, "avg_ground_floor_count": 8.2501, "elevation_m": 21.7229, "albedo": 0.1344, "nearest_park_distance_m": 0.0, "park_area_within_500m": 512635.3712, "nearest_stream_distance_m": 417.1456, "est_population_density": 24534.8, "dong_elderly_ratio": 0.2212, "dong_avg_age": 43.8, "dong_pop_density": 12262.0, "nearest_shelter_distance_m": 115.24, "shelter_count_within_500m": 6.12, "est_population": 1533.4, "est_elderly": 339.2, "shelter_capacity_within_500m": 0.0, "building_form_group": "high_floor_low_density", "dong_name": "오류2동", "top1_feature": "impervious_ratio", "top1_shap": 0.4925, "top2_feature": "built_surface_ratio", "top2_shap": 0.3322, "top3_feature": "avg_ground_floor_count", "top3_shap": -0.1975, "priority_score": 51.7866, "priority_rank": 171 }, "geometry": { "type": "Polygon", "coordinates": [ [ [ 126.841149945114196, 37.482151783480326 ], [ 126.841130157994826, 37.484405057170541 ], [ 126.843957755519114, 37.484420792302885 ], [ 126.843977457735193, 37.482167517339249 ], [ 126.841149945114196, 37.482151783480326 ] ] ] } },
{ "type": "Feature", "properties": { "nearest_shelter_name": "천왕연지타운2단지(아)경로당", "nearest_shelter_addr": "서울특별시 구로구 오리로 1102-10 (천왕연지타운2단지 201동)", "nearest_shelter_lon": 126.845028, "nearest_shelter_lat": 37.483134, "member_grid_ids": ["11530_00274", "11530_00275", "11530_00276", "11530_00320", "11530_00321", "11530_00322", "11530_00369", "11530_00370", "11530_00371"], "display_grid_id": "11530_00067", "gu_code": 11530, "gu_name": "구로구", "source_cell_count": 14, "area_m2": 62500.0, "mean_actual_lst": 35.1976, "mean_actual_anomaly": -3.0262, "seoul_anomaly": -1.7779, "pred_anomaly": -0.6777, "pred_anomaly_std": 0.7366, "green_delta_c": -0.3378, "building_ratio": 0.0881, "green_ratio": 0.4132, "ndvi": 0.3331, "impervious_ratio": 0.3991, "built_surface_ratio": 0.3991, "avg_ground_floor_count": 10.8482, "elevation_m": 26.0992, "albedo": 0.135, "nearest_park_distance_m": 10.0976, "park_area_within_500m": 306110.8372, "nearest_stream_distance_m": 238.6268, "est_population_density": 23325.136, "dong_elderly_ratio": 0.2212, "dong_avg_age": 43.8, "dong_pop_density": 12262.0, "nearest_shelter_distance_m": 44.12, "shelter_count_within_500m": 5.2, "est_population": 1457.8, "est_elderly": 322.5, "shelter_capacity_within_500m": 133.4, "building_form_group": "high_floor_low_density", "dong_name": "오류2동", "top1_feature": "ndvi", "top1_shap": -0.4138, "top2_feature": "green_ratio", "top2_shap": -0.2947, "top3_feature": "building_ratio", "top3_shap": -0.3301, "priority_score": 38.4975, "priority_rank": 326 }, "geometry": { "type": "Polygon", "coordinates": [ [ [ 126.843977457735193, 37.482167517339249 ], [ 126.843957755519114, 37.484420792302885 ], [ 126.846785355237273, 37.484436459769789 ], [ 126.846804972549833, 37.482183183538204 ], [ 126.843977457735193, 37.482167517339249 ] ] ] } },
{ "type": "Feature", "properties": { "nearest_shelter_name": "영화아이닉스(아)경로당", "nearest_shelter_addr": "서울특별시 구로구 개봉로1길 188 (영화아이닉스아파트102동)", "nearest_shelter_lon": 126.849247, "nearest_shelter_lat": 37.482804, "member_grid_ids": ["11530_00277", "11530_00278", "11530_00322", "11530_00323", "11530_00324", "11530_00371", "11530_00372", "11530_00373"], "display_grid_id": "11530_00068", "gu_code": 11530, "gu_name": "구로구", "source_cell_count": 14, "area_m2": 62500.0, "mean_actual_lst": 34.3447, "mean_actual_anomaly": -4.0323, "seoul_anomaly": -2.784, "pred_anomaly": -1.548, "pred_anomaly_std": 0.7692, "green_delta_c": -0.7099, "building_ratio": 0.0478, "green_ratio": 0.5172, "ndvi": 0.35, "impervious_ratio": 0.2958, "built_surface_ratio": 0.2958, "avg_ground_floor_count": 8.1718, "elevation_m": 34.9124, "albedo": 0.1356, "nearest_park_distance_m": 32.3608, "park_area_within_500m": 173474.006, "nearest_stream_distance_m": 168.5476, "est_population_density": 12305.656, "dong_elderly_ratio": 0.2386, "dong_avg_age": 46.28, "dong_pop_density": 21751.28, "nearest_shelter_distance_m": 36.5, "shelter_count_within_500m": 5.12, "est_population": 769.1, "est_elderly": 182.7, "shelter_capacity_within_500m": 494.3, "building_form_group": "no_building", "dong_name": "개봉3동", "top1_feature": "building_ratio", "top1_shap": -0.5629, "top2_feature": "green_ratio", "top2_shap": -0.4062, "top3_feature": "ndvi", "top3_shap": -0.359, "priority_score": 45.404, "priority_rank": 232 }, "geometry": { "type": "Polygon", "coordinates": [ [ [ 126.846804972549833, 37.482183183538204 ], [ 126.846785355237273, 37.484436459769789 ], [ 126.849612957139854, 37.484452059571083 ], [ 126.849632489548625, 37.482198782077027 ], [ 126.846804972549833, 37.482183183538204 ] ] ] } },
{ "type": "Feature", "properties": { "nearest_shelter_name": "개봉대상(아)경로당", "nearest_shelter_addr": "서울특별시 구로구 개봉로1길 170", "nearest_shelter_lon": 126.849795, "nearest_shelter_lat": 37.482316, "member_grid_ids": ["11530_00279", "11530_00280", "11530_00281", "11530_00325", "11530_00326", "11530_00327", "11530_00374", "11530_00375", "11530_00376"], "display_grid_id": "11530_00069", "gu_code": 11530, "gu_name": "구로구", "source_cell_count": 13, "area_m2": 62500.0, "mean_actual_lst": 37.8221, "mean_actual_anomaly": -0.5106, "seoul_anomaly": 0.7376, "pred_anomaly": 1.3541, "pred_anomaly_std": 0.8347, "green_delta_c": -0.4051, "building_ratio": 0.2234, "green_ratio": 0.3147, "ndvi": 0.2133, "impervious_ratio": 0.4505, "built_surface_ratio": 0.4505, "avg_ground_floor_count": 6.2935, "elevation_m": 34.6158, "albedo": 0.1342, "nearest_park_distance_m": 170.6996, "park_area_within_500m": 172315.8192, "nearest_stream_distance_m": 177.0736, "est_population_density": 35215.028, "dong_elderly_ratio": 0.243, "dong_avg_age": 46.9, "dong_pop_density": 24123.6, "nearest_shelter_distance_m": 37.83, "shelter_count_within_500m": 5.56, "est_population": 2200.9, "est_elderly": 534.7, "shelter_capacity_within_500m": 1387.1, "building_form_group": "high_floor_low_density", "dong_name": "개봉3동", "top1_feature": "impervious_ratio", "top1_shap": 0.3915, "top2_feature": "ndvi", "top2_shap": -0.0917, "top3_feature": "green_ratio", "top3_shap": -0.3186, "priority_score": 54.5391, "priority_rank": 142 }, "geometry": { "type": "Polygon", "coordinates": [ [ [ 126.849632489548625, 37.482198782077027 ], [ 126.849612957139854, 37.484452059571083 ], [ 126.852440561217421, 37.484467591706583 ], [ 126.852460008722133, 37.482214312955534 ], [ 126.849632489548625, 37.482198782077027 ] ] ] } },
{ "type": "Feature", "properties": { "nearest_shelter_name": "한진(아)경로당", "nearest_shelter_addr": "서울특별시 구로구 개봉로3길 87", "nearest_shelter_lon": 126.851525, "nearest_shelter_lat": 37.485381, "member_grid_ids": ["11530_00282", "11530_00327", "11530_00328", "11530_00329", "11530_00376", "11530_00377", "11530_00378"], "display_grid_id": "11530_00070", "gu_code": 11530, "gu_name": "구로구", "source_cell_count": 11, "area_m2": 34603.83, "mean_actual_lst": 39.6465, "mean_actual_anomaly": 1.301, "seoul_anomaly": 2.5492, "pred_anomaly": 2.4785, "pred_anomaly_std": 0.8196, "green_delta_c": -0.2371, "building_ratio": 0.3088, "green_ratio": 0.2351, "ndvi": 0.1417, "impervious_ratio": 0.4706, "built_surface_ratio": 0.4706, "avg_ground_floor_count": 6.2975, "elevation_m": 21.0471, "albedo": 0.1258, "nearest_park_distance_m": 109.4883, "park_area_within_500m": 163306.3846, "nearest_stream_distance_m": 83.9523, "est_population_density": 46267.967, "dong_elderly_ratio": 0.243, "dong_avg_age": 46.9, "dong_pop_density": 24123.6, "nearest_shelter_distance_m": 171.79, "shelter_count_within_500m": 5.7711, "est_population": 1601.0, "est_elderly": 389.0, "shelter_capacity_within_500m": 1646.7, "building_form_group": "high_floor_high_density", "dong_name": "개봉3동", "top1_feature": "building_ratio", "top1_shap": 0.7652, "top2_feature": "impervious_ratio", "top2_shap": 0.4583, "top3_feature": "ndvi", "top3_shap": 0.3105, "priority_score": 60.7576, "priority_rank": 87 }, "geometry": { "type": "Polygon", "coordinates": [ [ [ 126.852460008722133, 37.482214312955534 ], [ 126.852440561217421, 37.484467591706583 ], [ 126.854709854991313, 37.484480008070044 ], [ 126.85467104, 37.48440474 ], [ 126.85457753, 37.48425934 ], [ 126.85457365, 37.48425145 ], [ 126.85451013, 37.48412185 ], [ 126.85444221, 37.48398267000001 ], [ 126.85436813, 37.48383307 ], [ 126.85431147, 37.48371784 ], [ 126.85422103, 37.48353077 ], [ 126.854079930000012, 37.48323298 ], [ 126.85397348, 37.48301633 ], [ 126.85394797, 37.48296702 ], [ 126.853899530000021, 37.48289544 ], [ 126.85386378, 37.48283853 ], [ 126.85378886, 37.48275339 ], [ 126.85364988000002, 37.48263131 ], [ 126.853636829999985, 37.48262172 ], [ 126.85339976, 37.48262199 ], [ 126.85315508, 37.48262225 ], [ 126.85306707, 37.48255371 ], [ 126.852958390000012, 37.48247754 ], [ 126.85296901, 37.4824649 ], [ 126.85304213, 37.4823898 ], [ 126.85305115, 37.48238222 ], [ 126.85309116, 37.48234173 ], [ 126.85312814, 37.48230742 ], [ 126.85306903, 37.48227525 ], [ 126.853036089999989, 37.48222734 ], [ 126.853027940093583, 37.482217424303755 ], [ 126.852460008722133, 37.482214312955534 ] ] ] } },
{ "type": "Feature", "properties": { "nearest_shelter_name": "상록경로당", "nearest_shelter_addr": "서울특별시 금천구 벚꽃로38길 35 (가산동)", "nearest_shelter_lon": 126.8843, "nearest_shelter_lat": 37.4828, "member_grid_ids": ["11530_00379"], "display_grid_id": "11530_00071", "gu_code": 11530, "gu_name": "구로구", "source_cell_count": 3, "area_m2": 1510.66, "mean_actual_lst": 42.1288, "mean_actual_anomaly": 3.6253, "seoul_anomaly": 4.8736, "pred_anomaly": 3.2697, "pred_anomaly_std": 0.8793, "green_delta_c": -1.0131, "building_ratio": 0.0676, "green_ratio": 0.2703, "ndvi": 0.1065, "impervious_ratio": 0.2561, "built_surface_ratio": 0.2561, "avg_ground_floor_count": 4.0, "elevation_m": 16.431, "albedo": 0.1383, "nearest_park_distance_m": 52.62, "park_area_within_500m": 294641.15, "nearest_stream_distance_m": 897.78, "est_population_density": 198.6, "dong_elderly_ratio": 0.1987, "dong_avg_age": 49.2, "dong_pop_density": 38193.4, "nearest_shelter_distance_m": 204.84, "shelter_count_within_500m": 6.0, "est_population": 0.3, "est_elderly": 0.1, "shelter_capacity_within_500m": 263.0, "building_form_group": "high_floor_low_density", "dong_name": "가리봉동", "top1_feature": "ndvi", "top1_shap": 0.9118, "top2_feature": "impervious_ratio", "top2_shap": 0.4041, "top3_feature": "built_surface_ratio", "top3_shap": 0.383, "priority_score": 68.024, "priority_rank": 40 }, "geometry": { "type": "Polygon", "coordinates": [ [ [ 126.883544346914874, 37.484633979210521 ], [ 126.883548213238328, 37.484163427936842 ], [ 126.88338802, 37.48427617 ], [ 126.88328598, 37.48434927 ], [ 126.883208330000016, 37.48440494 ], [ 126.883129270000012, 37.48446174 ], [ 126.88309973, 37.48448254 ], [ 126.88306824999998, 37.48450475 ], [ 126.88297664, 37.48456886000001 ], [ 126.88293543, 37.48459782 ], [ 126.882889405122768, 37.484630560047165 ], [ 126.883544346914874, 37.484633979210521 ] ] ] } },
{ "type": "Feature", "properties": { "nearest_shelter_name": "상록경로당", "nearest_shelter_addr": "서울특별시 금천구 벚꽃로38길 35 (가산동)", "nearest_shelter_lon": 126.8843, "nearest_shelter_lat": 37.4828, "member_grid_ids": ["11530_00283", "11530_00284", "11530_00330", "11530_00331", "11530_00332", "11530_00380", "11530_00381", "11530_00382"], "display_grid_id": "11530_00072", "gu_code": 11530, "gu_name": "구로구", "source_cell_count": 13, "area_m2": 40195.2, "mean_actual_lst": 42.0512, "mean_actual_anomaly": 3.5655, "seoul_anomaly": 4.8137, "pred_anomaly": 3.3749, "pred_anomaly_std": 0.7241, "green_delta_c": -0.7871, "building_ratio": 0.3806, "green_ratio": 0.287, "ndvi": 0.1059, "impervious_ratio": 0.2872, "built_surface_ratio": 0.2872, "avg_ground_floor_count": 2.6112, "elevation_m": 20.0883, "albedo": 0.1265, "nearest_park_distance_m": 3.6912, "park_area_within_500m": 246151.4882, "nearest_stream_distance_m": 1021.4831, "est_population_density": 21316.3153, "dong_elderly_ratio": 0.1987, "dong_avg_age": 49.2, "dong_pop_density": 38193.4, "nearest_shelter_distance_m": 92.2, "shelter_count_within_500m": 9.0929, "est_population": 856.8, "est_elderly": 170.2, "shelter_capacity_within_500m": 2084.3, "building_form_group": "low_floor_high_density", "dong_name": "가리봉동", "top1_feature": "building_ratio", "top1_shap": 1.0098, "top2_feature": "ndvi", "top2_shap": 0.659, "top3_feature": "impervious_ratio", "top3_shap": 0.3494, "priority_score": 72.5884, "priority_rank": 16 }, "geometry": { "type": "Polygon", "coordinates": [ [ [ 126.883544346914874, 37.484633979210521 ], [ 126.886371976354695, 37.484648699344383 ], [ 126.886390404991317, 37.482395405936529 ], [ 126.886098576243725, 37.482393889937327 ], [ 126.886048590000016, 37.48243315 ], [ 126.88602401, 37.48245227 ], [ 126.88580893, 37.48262072 ], [ 126.88572987, 37.48268259 ], [ 126.88571448, 37.48269213 ], [ 126.88567416, 37.482718 ], [ 126.8855433, 37.48280319 ], [ 126.88545895, 37.4828583 ], [ 126.88533782, 37.48293728 ], [ 126.88527504, 37.48297778 ], [ 126.88525205, 37.48299296 ], [ 126.88510721, 37.48308996 ], [ 126.885071310000015, 37.48311385 ], [ 126.88505379999998, 37.48312567 ], [ 126.88495053, 37.48319511 ], [ 126.88488916, 37.48323643 ], [ 126.884827970000018, 37.48327721 ], [ 126.884761830000016, 37.48332077 ], [ 126.88470754, 37.48335648 ], [ 126.88467022, 37.48338179 ], [ 126.88462124, 37.48341468000001 ], [ 126.884587110000012, 37.48343773 ], [ 126.88453052, 37.48347541 ], [ 126.88450098, 37.48349538 ], [ 126.88446739, 37.48351757 ], [ 126.884415210000014, 37.48355273 ], [ 126.88436587, 37.48358675 ], [ 126.88434394, 37.48360192 ], [ 126.88429372, 37.48363736 ], [ 126.88426737, 37.48365563 ], [ 126.88420352, 37.48370119 ], [ 126.88403691, 37.48381928 ], [ 126.88393964, 37.48388788 ], [ 126.883847680000017, 37.48395254 ], [ 126.883715220000013, 37.48404589 ], [ 126.883548213238328, 37.484163427936842 ], [ 126.883544346914874, 37.484633979210521 ] ] ] } },
{ "type": "Feature", "properties": { "nearest_shelter_name": "가리봉동주민센터", "nearest_shelter_addr": "서울특별시 구로구 우마2길 35", "nearest_shelter_lon": 126.889769, "nearest_shelter_lat": 37.48245, "member_grid_ids": ["11530_00284", "11530_00285", "11530_00286", "11530_00332", "11530_00333", "11530_00334", "11530_00382", "11530_00383", "11530_00384"], "display_grid_id": "11530_00073", "gu_code": 11530, "gu_name": "구로구", "source_cell_count": 15, "area_m2": 62500.0, "mean_actual_lst": 42.2947, "mean_actual_anomaly": 4.0261, "seoul_anomaly": 5.2743, "pred_anomaly": 3.7894, "pred_anomaly_std": 0.6174, "green_delta_c": -0.6902, "building_ratio": 0.4416, "green_ratio": 0.268, "ndvi": 0.0936, "impervious_ratio": 0.327, "built_surface_ratio": 0.327, "avg_ground_floor_count": 2.591, "elevation_m": 23.2992, "albedo": 0.1257, "nearest_park_distance_m": 100.2464, "park_area_within_500m": 248356.7928, "nearest_stream_distance_m": 968.6728, "est_population_density": 27728.944, "dong_elderly_ratio": 0.1987, "dong_avg_age": 49.2, "dong_pop_density": 38193.4, "nearest_shelter_distance_m": 98.84, "shelter_count_within_500m": 11.36, "est_population": 1733.1, "est_elderly": 344.3, "shelter_capacity_within_500m": 3169.9, "building_form_group": "low_floor_high_density", "dong_name": "가리봉동", "top1_feature": "building_ratio", "top1_shap": 1.1961, "top2_feature": "ndvi", "top2_shap": 0.6463, "top3_feature": "impervious_ratio", "top3_shap": 0.3118, "priority_score": 77.4874, "priority_rank": 6 }, "geometry": { "type": "Polygon", "coordinates": [ [ [ 126.886390404991317, 37.482395405936529 ], [ 126.886371976354695, 37.484648699344383 ], [ 126.889199607846606, 37.48466335181044 ], [ 126.889217951575958, 37.482410057216775 ], [ 126.886390404991317, 37.482395405936529 ] ] ] } },
{ "type": "Feature", "properties": { "nearest_shelter_name": "가리봉동주민센터", "nearest_shelter_addr": "서울특별시 구로구 우마2길 35", "nearest_shelter_lon": 126.889769, "nearest_shelter_lat": 37.48245, "member_grid_ids": ["11530_00287", "11530_00288", "11530_00289", "11530_00335", "11530_00336", "11530_00337", "11530_00385", "11530_00386", "11530_00387"], "display_grid_id": "11530_00074", "gu_code": 11530, "gu_name": "구로구", "source_cell_count": 14, "area_m2": 62500.0, "mean_actual_lst": 41.1662, "mean_actual_anomaly": 2.9329, "seoul_anomaly": 4.1811, "pred_anomaly": 3.5985, "pred_anomaly_std": 0.6835, "green_delta_c": -0.3868, "building_ratio": 0.4016, "green_ratio": 0.2482, "ndvi": 0.1036, "impervious_ratio": 0.3978, "built_surface_ratio": 0.3978, "avg_ground_floor_count": 3.8394, "elevation_m": 28.076, "albedo": 0.1329, "nearest_park_distance_m": 69.8136, "park_area_within_500m": 337115.6844, "nearest_stream_distance_m": 756.526, "est_population_density": 22501.6, "dong_elderly_ratio": 0.1841, "dong_avg_age": 46.824, "dong_pop_density": 33360.4, "nearest_shelter_distance_m": 4.33, "shelter_count_within_500m": 11.4, "est_population": 1406.3, "est_elderly": 269.2, "shelter_capacity_within_500m": 3275.7, "building_form_group": "high_floor_high_density", "dong_name": "가리봉동", "top1_feature": "building_ratio", "top1_shap": 0.9947, "top2_feature": "ndvi", "top2_shap": 0.5629, "top3_feature": "impervious_ratio", "top3_shap": 0.4359, "priority_score": 63.9394, "priority_rank": 61 }, "geometry": { "type": "Polygon", "coordinates": [ [ [ 126.889217951575958, 37.482410057216775 ], [ 126.889199607846606, 37.48466335181044 ], [ 126.892027241381143, 37.484677936608541 ], [ 126.892045500202997, 37.482424640834537 ], [ 126.889217951575958, 37.482410057216775 ] ] ] } },
{ "type": "Feature", "properties": { "nearest_shelter_name": "호국보훈경로당", "nearest_shelter_addr": "서울특별시 구로구 우마1가길 13-9 (가리봉1동복지관)", "nearest_shelter_lon": 126.889669, "nearest_shelter_lat": 37.482889, "member_grid_ids": ["11530_00290", "11530_00291", "11530_00337", "11530_00338", "11530_00339", "11530_00387", "11530_00388", "11530_00389"], "display_grid_id": "11530_00075", "gu_code": 11530, "gu_name": "구로구", "source_cell_count": 12, "area_m2": 62500.0, "mean_actual_lst": 39.8471, "mean_actual_anomaly": 1.5089, "seoul_anomaly": 2.7571, "pred_anomaly": 2.01, "pred_anomaly_std": 0.7014, "green_delta_c": -0.1525, "building_ratio": 0.4451, "green_ratio": 0.2432, "ndvi": 0.1392, "impervious_ratio": 0.3833, "built_surface_ratio": 0.3833, "avg_ground_floor_count": 10.6487, "elevation_m": 24.8704, "albedo": 0.1128, "nearest_park_distance_m": 1.052, "park_area_within_500m": 426378.626, "nearest_stream_distance_m": 574.422, "est_population_density": 2870.4, "dong_elderly_ratio": 0.1582, "dong_avg_age": 42.6, "dong_pop_density": 24768.4, "nearest_shelter_distance_m": 215.0, "shelter_count_within_500m": 10.04, "est_population": 179.4, "est_elderly": 28.4, "shelter_capacity_within_500m": 2525.7, "building_form_group": "high_floor_high_density", "dong_name": "구로3동", "top1_feature": "building_ratio", "top1_shap": 0.8615, "top2_feature": "avg_ground_floor_count", "top2_shap": -0.4804, "top3_feature": "impervious_ratio", "top3_shap": 0.3959, "priority_score": 50.1641, "priority_rank": 187 }, "geometry": { "type": "Polygon", "coordinates": [ [ [ 126.892045500202997, 37.482424640834537 ], [ 126.892027241381143, 37.484677936608541 ], [ 126.894854876948855, 37.484692453738504 ], [ 126.894873050862955, 37.482439156789667 ], [ 126.892045500202997, 37.482424640834537 ] ] ] } },
{ "type": "Feature", "properties": { "nearest_shelter_name": "문성골경로당", "nearest_shelter_addr": "서울특별시 구로구 디지털로32가길 50 (구로동)", "nearest_shelter_lon": 126.897787, "nearest_shelter_lat": 37.481369, "member_grid_ids": ["11530_00292", "11530_00293", "11530_00294", "11530_00340", "11530_00341", "11530_00342", "11530_00390", "11530_00391", "11530_00392"], "display_grid_id": "11530_00076", "gu_code": 11530, "gu_name": "구로구", "source_cell_count": 15, "area_m2": 62500.0, "mean_actual_lst": 40.1075, "mean_actual_anomaly": 1.3848, "seoul_anomaly": 2.633, "pred_anomaly": 1.4868, "pred_anomaly_std": 0.7001, "green_delta_c": -0.1922, "building_ratio": 0.2927, "green_ratio": 0.2381, "ndvi": 0.1347, "impervious_ratio": 0.4077, "built_surface_ratio": 0.4077, "avg_ground_floor_count": 15.8498, "elevation_m": 27.768, "albedo": 0.1153, "nearest_park_distance_m": 0.0, "park_area_within_500m": 494063.75, "nearest_stream_distance_m": 397.4436, "est_population_density": 0.0, "dong_elderly_ratio": 0.1582, "dong_avg_age": 42.6, "dong_pop_density": 24768.4, "nearest_shelter_distance_m": 120.53, "shelter_count_within_500m": 3.52, "est_population": 0.0, "est_elderly": 0.0, "shelter_capacity_within_500m": 434.8, "building_form_group": "high_floor_high_density", "dong_name": "구로3동", "top1_feature": "avg_ground_floor_count", "top1_shap": -0.7449, "top2_feature": "building_ratio", "top2_shap": 0.5767, "top3_feature": "impervious_ratio", "top3_shap": 0.3804, "priority_score": 44.274, "priority_rank": 249 }, "geometry": { "type": "Polygon", "coordinates": [ [ [ 126.894873050862955, 37.482439156789667 ], [ 126.894854876948855, 37.484692453738504 ], [ 126.897682514540278, 37.484706903200227 ], [ 126.897700603546397, 37.482453605081993 ], [ 126.894873050862955, 37.482439156789667 ] ] ] } },
{ "type": "Feature", "properties": { "nearest_shelter_name": "문성골경로당", "nearest_shelter_addr": "서울특별시 구로구 디지털로32가길 50 (구로동)", "nearest_shelter_lon": 126.897787, "nearest_shelter_lat": 37.481369, "member_grid_ids": ["11530_00295", "11530_00296", "11530_00342", "11530_00343", "11530_00344", "11530_00392", "11530_00393", "11530_00394"], "display_grid_id": "11530_00077", "gu_code": 11530, "gu_name": "구로구", "source_cell_count": 14, "area_m2": 62500.0, "mean_actual_lst": 41.824, "mean_actual_anomaly": 3.1013, "seoul_anomaly": 4.3496, "pred_anomaly": 2.6523, "pred_anomaly_std": 0.76, "green_delta_c": -0.1402, "building_ratio": 0.3625, "green_ratio": 0.2196, "ndvi": 0.1034, "impervious_ratio": 0.4175, "built_surface_ratio": 0.4175, "avg_ground_floor_count": 9.5774, "elevation_m": 27.0413, "albedo": 0.1164, "nearest_park_distance_m": 13.6064, "park_area_within_500m": 439453.4332, "nearest_stream_distance_m": 267.1068, "est_population_density": 10721.6, "dong_elderly_ratio": 0.1582, "dong_avg_age": 42.6, "dong_pop_density": 24768.4, "nearest_shelter_distance_m": 152.17, "shelter_count_within_500m": 3.36, "est_population": 670.1, "est_elderly": 106.0, "shelter_capacity_within_500m": 569.8, "building_form_group": "high_floor_high_density", "dong_name": "구로3동", "top1_feature": "building_ratio", "top1_shap": 0.8942, "top2_feature": "ndvi", "top2_shap": 0.4942, "top3_feature": "avg_ground_floor_count", "top3_shap": -0.3376, "priority_score": 60.3157, "priority_rank": 93 }, "geometry": { "type": "Polygon", "coordinates": [ [ [ 126.897700603546397, 37.482453605081993 ], [ 126.897682514540278, 37.484706903200227 ], [ 126.900510154145962, 37.48472128499354 ], [ 126.900528158243858, 37.482467985711402 ], [ 126.897700603546397, 37.482453605081993 ] ] ] } },
{ "type": "Feature", "properties": { "nearest_shelter_name": "힐스테이트뉴포레(아)경로당", "nearest_shelter_addr": "서울특별시 관악구 조원로 25", "nearest_shelter_lon": 126.905399, "nearest_shelter_lat": 37.484096, "member_grid_ids": ["11530_00297", "11530_00345", "11530_00346", "11530_00395", "11530_00396", "11530_00397"], "display_grid_id": "11530_00078", "gu_code": 11530, "gu_name": "구로구", "source_cell_count": 11, "area_m2": 33846.01, "mean_actual_lst": 42.8727, "mean_actual_anomaly": 4.1736, "seoul_anomaly": 5.4218, "pred_anomaly": 4.0315, "pred_anomaly_std": 0.7864, "green_delta_c": -0.2237, "building_ratio": 0.297, "green_ratio": 0.2224, "ndvi": 0.0833, "impervious_ratio": 0.351, "built_surface_ratio": 0.351, "avg_ground_floor_count": 4.5045, "elevation_m": 24.0052, "albedo": 0.116, "nearest_park_distance_m": 4.3565, "park_area_within_500m": 323700.2109, "nearest_stream_distance_m": 162.453, "est_population_density": 7602.0574, "dong_elderly_ratio": 0.1582, "dong_avg_age": 42.6, "dong_pop_density": 24768.4, "nearest_shelter_distance_m": 234.34, "shelter_count_within_500m": 4.3876, "est_population": 257.3, "est_elderly": 40.7, "shelter_capacity_within_500m": 1150.6, "building_form_group": "high_floor_high_density", "dong_name": "구로3동", "top1_feature": "ndvi", "top1_shap": 0.7112, "top2_feature": "building_ratio", "top2_shap": 0.6631, "top3_feature": "impervious_ratio", "top3_shap": 0.4502, "priority_score": 62.5379, "priority_rank": 70 }, "geometry": { "type": "Polygon", "coordinates": [ [ [ 126.900528158243858, 37.482467985711402 ], [ 126.900510154145962, 37.48472128499354 ], [ 126.902977897475694, 37.484733780995278 ], [ 126.902960050000019, 37.48471195 ], [ 126.90293835, 37.48468575 ], [ 126.90289408, 37.48463165 ], [ 126.902876099999986, 37.48460967 ], [ 126.90284647, 37.48457361 ], [ 126.90282036, 37.48454177 ], [ 126.902764799999986, 37.48447387 ], [ 126.902706939999987, 37.48440315 ], [ 126.902668670000011, 37.48435666 ], [ 126.9026154, 37.48429157 ], [ 126.90258048, 37.48424902 ], [ 126.902547680000012, 37.48420872 ], [ 126.90249829, 37.48414844 ], [ 126.9024542, 37.48409462 ], [ 126.902409209999988, 37.48403997 ], [ 126.90236741, 37.48398868000001 ], [ 126.90233954, 37.48395487 ], [ 126.902303040000021, 37.48391006 ], [ 126.90227782, 37.48387964 ], [ 126.90222173, 37.48381089 ], [ 126.902177269999981, 37.48375679 ], [ 126.902153470000016, 37.48372806 ], [ 126.902125409999982, 37.48369537 ], [ 126.90207215, 37.48363226 ], [ 126.90187655, 37.48339248 ], [ 126.90168325, 37.48315581 ], [ 126.90155696, 37.48299887 ], [ 126.901401580000012, 37.482809250000017 ], [ 126.90123385, 37.48260383 ], [ 126.90119522, 37.4825565 ], [ 126.90114743, 37.48249819 ], [ 126.901125241277228, 37.482471013755486 ], [ 126.900528158243858, 37.482467985711402 ] ] ] } },
{ "type": "Feature", "properties": { "nearest_shelter_name": "수목원현대홈타운(아)경로당", "nearest_shelter_addr": "서울특별시 구로구 연동로13길 25 (서울수목원현대홈타운스위트 101동)", "nearest_shelter_lon": 126.820469, "nearest_shelter_lat": 37.484326, "member_grid_ids": ["11530_00398", "11530_00399", "11530_00452", "11530_00453", "11530_00511"], "display_grid_id": "11530_00079", "gu_code": 11530, "gu_name": "구로구", "source_cell_count": 9, "area_m2": 29594.31, "mean_actual_lst": 39.0181, "mean_actual_anomaly": 0.627, "seoul_anomaly": 1.8752, "pred_anomaly": 2.5808, "pred_anomaly_std": 0.7738, "green_delta_c": -0.44, "building_ratio": 0.3229, "green_ratio": 0.1929, "ndvi": 0.2218, "impervious_ratio": 0.6468, "built_surface_ratio": 0.6468, "avg_ground_floor_count": 4.0823, "elevation_m": 28.3872, "albedo": 0.1155, "nearest_park_distance_m": 133.4763, "park_area_within_500m": 147793.3288, "nearest_stream_distance_m": 1335.5426, "est_population_density": 32479.2091, "dong_elderly_ratio": 0.1319, "dong_avg_age": 36.6, "dong_pop_density": 11438.5, "nearest_shelter_distance_m": 53.01, "shelter_count_within_500m": 5.5714, "est_population": 961.2, "est_elderly": 0.0, "shelter_capacity_within_500m": 210.0, "building_form_group": "high_floor_high_density", "dong_name": "항동", "top1_feature": "building_ratio", "top1_shap": 0.9171, "top2_feature": "impervious_ratio", "top2_shap": 0.4017, "top3_feature": "built_surface_ratio", "top3_shap": 0.3684, "priority_score": 43.3901, "priority_rank": 262 }, "geometry": { "type": "Polygon", "coordinates": [ [ [ 126.821337037547309, 37.484293016625173 ], [ 126.819324991070076, 37.484281441588863 ], [ 126.819326320000016, 37.48428513 ], [ 126.81934444, 37.48431304 ], [ 126.81936678000001, 37.48435165 ], [ 126.81938597, 37.48438236 ], [ 126.8194025, 37.48441196 ], [ 126.81942027, 37.4844438 ], [ 126.819436989999986, 37.48447114 ], [ 126.81945088, 37.48449734 ], [ 126.81946742, 37.48451988 ], [ 126.819476, 37.48455368 ], [ 126.81948792, 37.48459453000001 ], [ 126.81948256, 37.48461931 ], [ 126.819473460000012, 37.484659 ], [ 126.81946648, 37.48469248 ], [ 126.81947224, 37.48472066 ], [ 126.81948447, 37.48477812 ], [ 126.81949128, 37.48480854000001 ], [ 126.81948182, 37.48485526 ], [ 126.81946824, 37.48491352 ], [ 126.81944732, 37.48494558 ], [ 126.81941292, 37.485001540000013 ], [ 126.819400630000018, 37.48503477 ], [ 126.81938659, 37.4850753 ], [ 126.81936486, 37.48514282 ], [ 126.819362020000014, 37.48515043 ], [ 126.81936146, 37.48516198 ], [ 126.81935253, 37.48520335 ], [ 126.81934177, 37.48526977 ], [ 126.81933408, 37.48530975 ], [ 126.81932494, 37.48536183 ], [ 126.819319559999983, 37.48539335 ], [ 126.819306399999988, 37.48543022 ], [ 126.819289680000011, 37.48547524 ], [ 126.81929903000001, 37.48548257 ], [ 126.81931647, 37.48550204 ], [ 126.81932672, 37.4855043 ], [ 126.819417090000016, 37.48553569 ], [ 126.81947764, 37.48555633 ], [ 126.819508, 37.48556765 ], [ 126.81951364, 37.4855699 ], [ 126.81961426, 37.48560357 ], [ 126.81971099, 37.48564005 ], [ 126.819763940000016, 37.48565927 ], [ 126.8198033, 37.4856706 ], [ 126.819824490000016, 37.48567654 ], [ 126.81992318, 37.48570682 ], [ 126.819999790000011, 37.48572973 ], [ 126.820033689999988, 37.48573993 ], [ 126.82012302, 37.48577048 ], [ 126.82023176, 37.48580584 ], [ 126.820352680000013, 37.48584516 ], [ 126.820459470000017, 37.48588107 ], [ 126.82052143, 37.48590173 ], [ 126.82054015, 37.485908519999988 ], [ 126.82063599, 37.48594216 ], [ 126.82064164, 37.48594414 ], [ 126.82074385, 37.48598034 ], [ 126.820856460000016, 37.48602022 ], [ 126.820974190000015, 37.48606235 ], [ 126.82099079000001, 37.48606801 ], [ 126.82109175, 37.48610308 ], [ 126.82118567, 37.48613644000001 ], [ 126.821206319999987, 37.48614465 ], [ 126.82129175, 37.48617744 ], [ 126.821319756597646, 37.486203310635531 ], [ 126.821337037547309, 37.484293016625173 ] ] ] } },
{ "type": "Feature", "properties": { "nearest_shelter_name": "구립수목원경로당", "nearest_shelter_addr": "서울특별시 구로구 연동로 296-12 (늘푸른빌)", "nearest_shelter_lon": 126.824346, "nearest_shelter_lat": 37.486295, "member_grid_ids": ["11530_00400", "11530_00401", "11530_00402", "11530_00454", "11530_00455", "11530_00456", "11530_00512", "11530_00513", "11530_00514"], "display_grid_id": "11530_00080", "gu_code": 11530, "gu_name": "구로구", "source_cell_count": 14, "area_m2": 61893.6, "mean_actual_lst": 38.0788, "mean_actual_anomaly": -0.4957, "seoul_anomaly": 0.7525, "pred_anomaly": 1.5616, "pred_anomaly_std": 0.875, "green_delta_c": -0.4351, "building_ratio": 0.2081, "green_ratio": 0.26, "ndvi": 0.3034, "impervious_ratio": 0.6037, "built_surface_ratio": 0.6037, "avg_ground_floor_count": 2.1276, "elevation_m": 36.4677, "albedo": 0.1419, "nearest_park_distance_m": 160.6859, "park_area_within_500m": 164049.2014, "nearest_stream_distance_m": 1146.992, "est_population_density": 9718.525, "dong_elderly_ratio": 0.1319, "dong_avg_age": 36.6, "dong_pop_density": 11438.5, "nearest_shelter_distance_m": 34.62, "shelter_count_within_500m": 6.1616, "est_population": 601.5, "est_elderly": 79.3, "shelter_capacity_within_500m": 313.7, "building_form_group": "low_floor_low_density", "dong_name": "항동", "top1_feature": "ndvi", "top1_shap": -0.6169, "top2_feature": "impervious_ratio", "top2_shap": 0.5257, "top3_feature": "building_ratio", "top3_shap": 0.4113, "priority_score": 43.9268, "priority_rank": 254 }, "geometry": { "type": "Polygon", "coordinates": [ [ [ 126.824144320656217, 37.486562490474917 ], [ 126.824164619449789, 37.484309225411103 ], [ 126.821337037547309, 37.484293016625173 ], [ 126.821319756597646, 37.486203310635531 ], [ 126.82132807, 37.48621099 ], [ 126.82137723000001, 37.48626062 ], [ 126.82143803, 37.4863204 ], [ 126.821509950000021, 37.48639089 ], [ 126.821568110000015, 37.48644786 ], [ 126.82161992, 37.48650117 ], [ 126.821636510000019, 37.48651555 ], [ 126.82172212, 37.48653962 ], [ 126.821754502739964, 37.486548794851785 ], [ 126.824144320656217, 37.486562490474917 ] ] ] } },
{ "type": "Feature", "properties": { "nearest_shelter_name": "항동푸른도서관", "nearest_shelter_addr": "서울특별시 구로구 연동로 290-46 (푸른도서관)", "nearest_shelter_lon": 126.824565, "nearest_shelter_lat": 37.484983, "member_grid_ids": ["11530_00402", "11530_00403", "11530_00404", "11530_00456", "11530_00457", "11530_00458", "11530_00515", "11530_00516"], "display_grid_id": "11530_00081", "gu_code": 11530, "gu_name": "구로구", "source_cell_count": 15, "area_m2": 62500.0, "mean_actual_lst": 34.1865, "mean_actual_anomaly": -4.0345, "seoul_anomaly": -2.7863, "pred_anomaly": -1.7117, "pred_anomaly_std": 0.7778, "green_delta_c": -0.2986, "building_ratio": 0.0751, "green_ratio": 0.5811, "ndvi": 0.3935, "impervious_ratio": 0.2561, "built_surface_ratio": 0.2561, "avg_ground_floor_count": 2.4948, "elevation_m": 41.9681, "albedo": 0.1392, "nearest_park_distance_m": 175.5916, "park_area_within_500m": 125461.1708, "nearest_stream_distance_m": 975.6684, "est_population_density": 3502.8, "dong_elderly_ratio": 0.1319, "dong_avg_age": 36.6, "dong_pop_density": 11438.5, "nearest_shelter_distance_m": 43.49, "shelter_count_within_500m": 5.2, "est_population": 218.9, "est_elderly": 28.9, "shelter_capacity_within_500m": 303.5, "building_form_group": "low_floor_low_density", "dong_name": "항동", "top1_feature": "green_ratio", "top1_shap": -0.9141, "top2_feature": "ndvi", "top2_shap": -0.705, "top3_feature": "building_ratio", "top3_shap": -0.3664, "priority_score": 27.9104, "priority_rank": 386 }, "geometry": { "type": "Polygon", "coordinates": [ [ [ 126.824164619449789, 37.484309225411103 ], [ 126.824144320656217, 37.486562490474917 ], [ 126.826971989729898, 37.486578632902877 ], [ 126.826992203612335, 37.484325366532715 ], [ 126.824164619449789, 37.484309225411103 ] ] ] } },
{ "type": "Feature", "properties": { "nearest_shelter_name": "항동푸른도서관", "nearest_shelter_addr": "서울특별시 구로구 연동로 290-46 (푸른도서관)", "nearest_shelter_lon": 126.824565, "nearest_shelter_lat": 37.484983, "member_grid_ids": ["11530_00405", "11530_00406", "11530_00407", "11530_00459", "11530_00460", "11530_00461", "11530_00517", "11530_00518", "11530_00519"], "display_grid_id": "11530_00082", "gu_code": 11530, "gu_name": "구로구", "source_cell_count": 13, "area_m2": 62500.0, "mean_actual_lst": 33.5033, "mean_actual_anomaly": -4.9268, "seoul_anomaly": -3.6785, "pred_anomaly": -1.967, "pred_anomaly_std": 0.8567, "green_delta_c": -0.3279, "building_ratio": 0.1169, "green_ratio": 0.596, "ndvi": 0.4068, "impervious_ratio": 0.238, "built_surface_ratio": 0.238, "avg_ground_floor_count": 0.9578, "elevation_m": 49.1181, "albedo": 0.1374, "nearest_park_distance_m": 145.36, "park_area_within_500m": 50338.9328, "nearest_stream_distance_m": 830.2316, "est_population_density": 554.8, "dong_elderly_ratio": 0.1355, "dong_avg_age": 36.888, "dong_pop_density": 11471.44, "nearest_shelter_distance_m": 265.2, "shelter_count_within_500m": 3.52, "est_population": 34.7, "est_elderly": 7.6, "shelter_capacity_within_500m": 336.2, "building_form_group": "low_floor_low_density", "dong_name": "항동", "top1_feature": "green_ratio", "top1_shap": -0.9893, "top2_feature": "ndvi", "top2_shap": -0.7135, "top3_feature": "building_ratio", "top3_shap": -0.3285, "priority_score": 33.2197, "priority_rank": 369 }, "geometry": { "type": "Polygon", "coordinates": [ [ [ 126.826992203612335, 37.484325366532715 ], [ 126.826971989729898, 37.486578632902877 ], [ 126.829799661054466, 37.486594707660913 ], [ 126.829819790025482, 37.484341439989876 ], [ 126.826992203612335, 37.484325366532715 ] ] ] } },
{ "type": "Feature", "properties": { "nearest_shelter_name": "금강수목원(아)경로당", "nearest_shelter_addr": "서울특별시 구로구 오리로 1197 (금강수목원아파트 104동)", "nearest_shelter_lon": 126.832325, "nearest_shelter_lat": 37.488267, "member_grid_ids": ["11530_00407", "11530_00408", "11530_00409", "11530_00461", "11530_00462", "11530_00463", "11530_00520", "11530_00521"], "display_grid_id": "11530_00083", "gu_code": 11530, "gu_name": "구로구", "source_cell_count": 14, "area_m2": 62500.0, "mean_actual_lst": 33.0211, "mean_actual_anomaly": -5.8996, "seoul_anomaly": -4.6514, "pred_anomaly": -3.7066, "pred_anomaly_std": 0.8957, "green_delta_c": -0.7608, "building_ratio": 0.039, "green_ratio": 0.6586, "ndvi": 0.353, "impervious_ratio": 0.1368, "built_surface_ratio": 0.1368, "avg_ground_floor_count": 1.0607, "elevation_m": 68.1297, "albedo": 0.1132, "nearest_park_distance_m": 314.2952, "park_area_within_500m": 33520.9232, "nearest_stream_distance_m": 752.7524, "est_population_density": 2062.8, "dong_elderly_ratio": 0.1926, "dong_avg_age": 41.496, "dong_pop_density": 11998.48, "nearest_shelter_distance_m": 185.58, "shelter_count_within_500m": 2.32, "est_population": 128.9, "est_elderly": 28.5, "shelter_capacity_within_500m": 131.3, "building_form_group": "no_building", "dong_name": "오류2동", "top1_feature": "building_ratio", "top1_shap": -1.1129, "top2_feature": "impervious_ratio", "top2_shap": -0.5675, "top3_feature": "built_surface_ratio", "top3_shap": -0.5395, "priority_score": 43.7121, "priority_rank": 258 }, "geometry": { "type": "Polygon", "coordinates": [ [ [ 126.829819790025482, 37.484341439989876 ], [ 126.829799661054466, 37.486594707660913 ], [ 126.832627334620412, 37.486610714748842 ], [ 126.832647378679724, 37.4843574457824 ], [ 126.829819790025482, 37.484341439989876 ] ] ] } },
{ "type": "Feature", "properties": { "nearest_shelter_name": "천왕이펜하우스1단지(아)경로당", "nearest_shelter_addr": "서울특별시 구로구 천왕로 91 (천왕 이펜하우스 1단지 104동)", "nearest_shelter_lon": 126.83711, "nearest_shelter_lat": 37.486011, "member_grid_ids": ["11530_00410", "11530_00411", "11530_00412", "11530_00464", "11530_00465", "11530_00466", "11530_00522", "11530_00523", "11530_00524"], "display_grid_id": "11530_00084", "gu_code": 11530, "gu_name": "구로구", "source_cell_count": 11, "area_m2": 62500.0, "mean_actual_lst": 32.9938, "mean_actual_anomaly": -5.8308, "seoul_anomaly": -4.5826, "pred_anomaly": -4.6489, "pred_anomaly_std": 0.7352, "green_delta_c": -0.6524, "building_ratio": 0.015, "green_ratio": 0.7326, "ndvi": 0.4302, "impervious_ratio": 0.0717, "built_surface_ratio": 0.0717, "avg_ground_floor_count": 0.5626, "elevation_m": 82.2008, "albedo": 0.1266, "nearest_park_distance_m": 167.6036, "park_area_within_500m": 170712.224, "nearest_stream_distance_m": 742.6876, "est_population_density": 802.8, "dong_elderly_ratio": 0.2212, "dong_avg_age": 43.8, "dong_pop_density": 12262.0, "nearest_shelter_distance_m": 149.02, "shelter_count_within_500m": 4.68, "est_population": 50.2, "est_elderly": 11.1, "shelter_capacity_within_500m": 157.5, "building_form_group": "no_building", "dong_name": "오류2동", "top1_feature": "building_ratio", "top1_shap": -1.2337, "top2_feature": "impervious_ratio", "top2_shap": -0.9516, "top3_feature": "built_surface_ratio", "top3_shap": -0.8422, "priority_score": 39.4634, "priority_rank": 309 }, "geometry": { "type": "Polygon", "coordinates": [ [ [ 126.832647378679724, 37.4843574457824 ], [ 126.832627334620412, 37.486610714748842 ], [ 126.835455010418315, 37.486626654166493 ], [ 126.835474969565666, 37.484373383910139 ], [ 126.832647378679724, 37.4843574457824 ] ] ] } },
{ "type": "Feature", "properties": { "nearest_shelter_name": "구로천왕도서관", "nearest_shelter_addr": "서울특별시 구로구 오리로 1165 (천왕역 모아엘가 트레뷰)", "nearest_shelter_lon": 126.837814, "nearest_shelter_lat": 37.487115, "member_grid_ids": ["11530_00412", "11530_00413", "11530_00414", "11530_00466", "11530_00467", "11530_00468", "11530_00525", "11530_00526"], "display_grid_id": "11530_00085", "gu_code": 11530, "gu_name": "구로구", "source_cell_count": 13, "area_m2": 62500.0, "mean_actual_lst": 35.3144, "mean_actual_anomaly": -3.3392, "seoul_anomaly": -2.0909, "pred_anomaly": -1.0797, "pred_anomaly_std": 0.8018, "green_delta_c": -0.3084, "building_ratio": 0.0939, "green_ratio": 0.4356, "ndvi": 0.3149, "impervious_ratio": 0.3602, "built_surface_ratio": 0.3602, "avg_ground_floor_count": 7.2031, "elevation_m": 50.6789, "albedo": 0.1251, "nearest_park_distance_m": 19.1244, "park_area_within_500m": 357602.7832, "nearest_stream_distance_m": 771.1572, "est_population_density": 17876.4, "dong_elderly_ratio": 0.2212, "dong_avg_age": 43.8, "dong_pop_density": 12262.0, "nearest_shelter_distance_m": 53.46, "shelter_count_within_500m": 7.24, "est_population": 1117.3, "est_elderly": 247.1, "shelter_capacity_within_500m": 787.5, "building_form_group": "high_floor_low_density", "dong_name": "오류2동", "top1_feature": "green_ratio", "top1_shap": -0.2859, "top2_feature": "building_ratio", "top2_shap": -0.3187, "top3_feature": "impervious_ratio", "top3_shap": 0.1005, "priority_score": 36.2626, "priority_rank": 348 }, "geometry": { "type": "Polygon", "coordinates": [ [ [ 126.835474969565666, 37.484373383910139 ], [ 126.835455010418315, 37.486626654166493 ], [ 126.838282688438696, 37.486642525913702 ], [ 126.83830256267386, 37.4843892543729 ], [ 126.835474969565666, 37.484373383910139 ] ] ] } },
{ "type": "Feature", "properties": { "nearest_shelter_name": "천왕이펜하우스2단지(아)경로당", "nearest_shelter_addr": "서울특별시 구로구 천왕로 92 (천왕이펜하우스2단지 201동)", "nearest_shelter_lon": 126.83932, "nearest_shelter_lat": 37.484615, "member_grid_ids": ["11530_00415", "11530_00416", "11530_00417", "11530_00469", "11530_00470", "11530_00471", "11530_00527", "11530_00528", "11530_00529"], "display_grid_id": "11530_00086", "gu_code": 11530, "gu_name": "구로구", "source_cell_count": 13, "area_m2": 62500.0, "mean_actual_lst": 36.8388, "mean_actual_anomaly": -1.5891, "seoul_anomaly": -0.3409, "pred_anomaly": 0.8911, "pred_anomaly_std": 0.8544, "green_delta_c": -0.1514, "building_ratio": 0.1444, "green_ratio": 0.268, "ndvi": 0.2537, "impervious_ratio": 0.5163, "built_surface_ratio": 0.5163, "avg_ground_floor_count": 9.7786, "elevation_m": 31.5924, "albedo": 0.1188, "nearest_park_distance_m": 0.0, "park_area_within_500m": 464718.9964, "nearest_stream_distance_m": 724.5096, "est_population_density": 25615.2, "dong_elderly_ratio": 0.2212, "dong_avg_age": 43.8, "dong_pop_density": 12262.0, "nearest_shelter_distance_m": 47.59, "shelter_count_within_500m": 8.8, "est_population": 1600.9, "est_elderly": 354.1, "shelter_capacity_within_500m": 1208.7, "building_form_group": "high_floor_low_density", "dong_name": "오류2동", "top1_feature": "impervious_ratio", "top1_shap": 0.4685, "top2_feature": "built_surface_ratio", "top2_shap": 0.365, "top3_feature": "ndvi", "top3_shap": -0.2197, "priority_score": 36.3952, "priority_rank": 346 }, "geometry": { "type": "Polygon", "coordinates": [ [ [ 126.83830256267386, 37.4843892543729 ], [ 126.838282688438696, 37.486642525913702 ], [ 126.841110368672119, 37.486658329990327 ], [ 126.841130157994826, 37.484405057170541 ], [ 126.83830256267386, 37.4843892543729 ] ] ] } },
{ "type": "Feature", "properties": { "nearest_shelter_name": "천왕연지타운1단지(아)경로당", "nearest_shelter_addr": "서울특별시 구로구 오류로 30 (천왕연지타운1단지 106동)", "nearest_shelter_lon": 126.840565, "nearest_shelter_lat": 37.48579, "member_grid_ids": ["11530_00417", "11530_00418", "11530_00419", "11530_00471", "11530_00472", "11530_00473", "11530_00530", "11530_00531"], "display_grid_id": "11530_00087", "gu_code": 11530, "gu_name": "구로구", "source_cell_count": 12, "area_m2": 62500.0, "mean_actual_lst": 33.7617, "mean_actual_anomaly": -4.5593, "seoul_anomaly": -3.3111, "pred_anomaly": -1.954, "pred_anomaly_std": 0.7955, "green_delta_c": -0.5615, "building_ratio": 0.067, "green_ratio": 0.5657, "ndvi": 0.442, "impervious_ratio": 0.2685, "built_surface_ratio": 0.2685, "avg_ground_floor_count": 3.3847, "elevation_m": 50.6356, "albedo": 0.1367, "nearest_park_distance_m": 3.4032, "park_area_within_500m": 437722.9588, "nearest_stream_distance_m": 594.5168, "est_population_density": 4601.6, "dong_elderly_ratio": 0.2212, "dong_avg_age": 43.8, "dong_pop_density": 12262.0, "nearest_shelter_distance_m": 49.05, "shelter_count_within_500m": 8.0, "est_population": 287.6, "est_elderly": 63.5, "shelter_capacity_within_500m": 968.2, "building_form_group": "high_floor_low_density", "dong_name": "오류2동", "top1_feature": "building_ratio", "top1_shap": -0.666, "top2_feature": "green_ratio", "top2_shap": -0.5541, "top3_feature": "ndvi", "top3_shap": -0.4948, "priority_score": 41.2942, "priority_rank": 290 }, "geometry": { "type": "Polygon", "coordinates": [ [ [ 126.841130157994826, 37.484405057170541 ], [ 126.841110368672119, 37.486658329990327 ], [ 126.843938051109149, 37.486674066396162 ], [ 126.843957755519114, 37.484420792302885 ], [ 126.841130157994826, 37.484405057170541 ] ] ] } },
{ "type": "Feature", "properties": { "nearest_shelter_name": "천왕연지타운2단지(아)경로당", "nearest_shelter_addr": "서울특별시 구로구 오리로 1102-10 (천왕연지타운2단지 201동)", "nearest_shelter_lon": 126.845028, "nearest_shelter_lat": 37.483134, "member_grid_ids": ["11530_00420", "11530_00421", "11530_00422", "11530_00474", "11530_00475", "11530_00476", "11530_00532", "11530_00533", "11530_00534"], "display_grid_id": "11530_00088", "gu_code": 11530, "gu_name": "구로구", "source_cell_count": 9, "area_m2": 62500.0, "mean_actual_lst": 32.0449, "mean_actual_anomaly": -6.5174, "seoul_anomaly": -5.2692, "pred_anomaly": -4.5265, "pred_anomaly_std": 0.6054, "green_delta_c": -0.7997, "building_ratio": 0.0, "green_ratio": 0.801, "ndvi": 0.5009, "impervious_ratio": 0.0548, "built_surface_ratio": 0.0548, "avg_ground_floor_count": 0.0, "elevation_m": 83.6252, "albedo": 0.1414, "nearest_park_distance_m": 133.4448, "park_area_within_500m": 274286.4728, "nearest_stream_distance_m": 471.056, "est_population_density": 0.0, "dong_elderly_ratio": 0.2308, "dong_avg_age": 45.164, "dong_pop_density": 17481.104, "nearest_shelter_distance_m": 198.28, "shelter_count_within_500m": 3.64, "est_population": 0.0, "est_elderly": 0.0, "shelter_capacity_within_500m": 24.0, "building_form_group": "no_building", "dong_name": "오류2동", "top1_feature": "building_ratio", "top1_shap": -1.4994, "top2_feature": "impervious_ratio", "top2_shap": -0.8598, "top3_feature": "built_surface_ratio", "top3_shap": -0.8341, "priority_score": 35.1704, "priority_rank": 355 }, "geometry": { "type": "Polygon", "coordinates": [ [ [ 126.843957755519114, 37.484420792302885 ], [ 126.843938051109149, 37.486674066396162 ], [ 126.846765735740291, 37.486689735131087 ], [ 126.846785355237273, 37.484436459769789 ], [ 126.843957755519114, 37.484420792302885 ] ] ] } },
{ "type": "Feature", "properties": { "nearest_shelter_name": "한진(아)경로당", "nearest_shelter_addr": "서울특별시 구로구 개봉로3길 87", "nearest_shelter_lon": 126.851525, "nearest_shelter_lat": 37.485381, "member_grid_ids": ["11530_00422", "11530_00423", "11530_00424", "11530_00476", "11530_00477", "11530_00478", "11530_00535", "11530_00536"], "display_grid_id": "11530_00089", "gu_code": 11530, "gu_name": "구로구", "source_cell_count": 16, "area_m2": 62500.0, "mean_actual_lst": 32.9877, "mean_actual_anomaly": -5.4673, "seoul_anomaly": -4.2191, "pred_anomaly": -3.5767, "pred_anomaly_std": 0.7011, "green_delta_c": -0.8079, "building_ratio": 0.0111, "green_ratio": 0.7412, "ndvi": 0.4703, "impervious_ratio": 0.0864, "built_surface_ratio": 0.0864, "avg_ground_floor_count": 0.8122, "elevation_m": 65.9218, "albedo": 0.1361, "nearest_park_distance_m": 214.8624, "park_area_within_500m": 123884.7736, "nearest_stream_distance_m": 423.0016, "est_population_density": 0.0, "dong_elderly_ratio": 0.243, "dong_avg_age": 46.9, "dong_pop_density": 24123.6, "nearest_shelter_distance_m": 224.96, "shelter_count_within_500m": 4.76, "est_population": 0.0, "est_elderly": 0.0, "shelter_capacity_within_500m": 600.5, "building_form_group": "no_building", "dong_name": "개봉3동", "top1_feature": "building_ratio", "top1_shap": -1.0829, "top2_feature": "impervious_ratio", "top2_shap": -0.5687, "top3_feature": "green_ratio", "top3_shap": -0.4934, "priority_score": 36.9507, "priority_rank": 337 }, "geometry": { "type": "Polygon", "coordinates": [ [ [ 126.846785355237273, 37.484436459769789 ], [ 126.846765735740291, 37.486689735131087 ], [ 126.849593422556126, 37.486705336194909 ], [ 126.849612957139854, 37.484452059571083 ], [ 126.846785355237273, 37.484436459769789 ] ] ] } },
{ "type": "Feature", "properties": { "nearest_shelter_name": "한진(아)경로당", "nearest_shelter_addr": "서울특별시 구로구 개봉로3길 87", "nearest_shelter_lon": 126.851525, "nearest_shelter_lat": 37.485381, "member_grid_ids": ["11530_00425", "11530_00426", "11530_00427", "11530_00479", "11530_00480", "11530_00481", "11530_00537", "11530_00538", "11530_00539"], "display_grid_id": "11530_00090", "gu_code": 11530, "gu_name": "구로구", "source_cell_count": 13, "area_m2": 62500.0, "mean_actual_lst": 37.847, "mean_actual_anomaly": -0.6847, "seoul_anomaly": 0.5635, "pred_anomaly": 1.066, "pred_anomaly_std": 0.8446, "green_delta_c": -0.2732, "building_ratio": 0.2463, "green_ratio": 0.3147, "ndvi": 0.2117, "impervious_ratio": 0.3959, "built_surface_ratio": 0.3959, "avg_ground_floor_count": 7.2347, "elevation_m": 36.8048, "albedo": 0.1105, "nearest_park_distance_m": 225.37, "park_area_within_500m": 85173.1364, "nearest_stream_distance_m": 347.914, "est_population_density": 48873.2, "dong_elderly_ratio": 0.243, "dong_avg_age": 46.9, "dong_pop_density": 24123.6, "nearest_shelter_distance_m": 52.0, "shelter_count_within_500m": 5.92, "est_population": 3054.6, "est_elderly": 742.1, "shelter_capacity_within_500m": 1702.7, "building_form_group": "high_floor_high_density", "dong_name": "개봉3동", "top1_feature": "building_ratio", "top1_shap": 0.5131, "top2_feature": "impervious_ratio", "top2_shap": 0.3888, "top3_feature": "green_ratio", "top3_shap": -0.2955, "priority_score": 47.8977, "priority_rank": 213 }, "geometry": { "type": "Polygon", "coordinates": [ [ [ 126.849612957139854, 37.484452059571083 ], [ 126.849593422556126, 37.486705336194909 ], [ 126.852421111547201, 37.486720869587479 ], [ 126.852440561217421, 37.484467591706583 ], [ 126.849612957139854, 37.484452059571083 ] ] ] } },
{ "type": "Feature", "properties": { "nearest_shelter_name": "개봉3동주민센터", "nearest_shelter_addr": "서울특별시 구로구 개봉로3길 47-5", "nearest_shelter_lon": 126.853827, "nearest_shelter_lat": 37.485954, "member_grid_ids": ["11530_00427", "11530_00428", "11530_00429", "11530_00481", "11530_00482", "11530_00483", "11530_00540", "11530_00541"], "display_grid_id": "11530_00091", "gu_code": 11530, "gu_name": "구로구", "source_cell_count": 11, "area_m2": 60051.48, "mean_actual_lst": 40.9919, "mean_actual_anomaly": 2.3991, "seoul_anomaly": 3.6473, "pred_anomaly": 3.3319, "pred_anomaly_std": 0.7958, "green_delta_c": -0.3724, "building_ratio": 0.3923, "green_ratio": 0.2762, "ndvi": 0.1132, "impervious_ratio": 0.2776, "built_surface_ratio": 0.2776, "avg_ground_floor_count": 4.6614, "elevation_m": 20.0597, "albedo": 0.1121, "nearest_park_distance_m": 170.893, "park_area_within_500m": 123383.7522, "nearest_stream_distance_m": 158.3402, "est_population_density": 44463.1002, "dong_elderly_ratio": 0.243, "dong_avg_age": 46.9, "dong_pop_density": 24123.6, "nearest_shelter_distance_m": 27.56, "shelter_count_within_500m": 5.0824, "est_population": 2670.1, "est_elderly": 648.8, "shelter_capacity_within_500m": 2111.7, "building_form_group": "high_floor_high_density", "dong_name": "개봉3동", "top1_feature": "building_ratio", "top1_shap": 1.0363, "top2_feature": "ndvi", "top2_shap": 0.5711, "top3_feature": "impervious_ratio", "top3_shap": 0.3527, "priority_score": 62.298, "priority_rank": 72 }, "geometry": { "type": "Polygon", "coordinates": [ [ [ 126.852440561217421, 37.484467591706583 ], [ 126.852421111547201, 37.486720869587479 ], [ 126.855248802703997, 37.486736335308656 ], [ 126.855261612991015, 37.485245761100295 ], [ 126.85516475, 37.48517091 ], [ 126.85507748, 37.48507732 ], [ 126.85504997000001, 37.48504773 ], [ 126.85497966, 37.48495811 ], [ 126.85494636, 37.48490992 ], [ 126.85488666, 37.48481524 ], [ 126.85486587, 37.48478621 ], [ 126.85477013, 37.48459689 ], [ 126.854709854991313, 37.484480008070044 ], [ 126.852440561217421, 37.484467591706583 ] ] ] } },
{ "type": "Feature", "properties": { "nearest_shelter_name": "개봉3동경로당", "nearest_shelter_addr": "서울특별시 구로구 개봉로11길 7-46", "nearest_shelter_lon": 126.855381, "nearest_shelter_lat": 37.487061, "member_grid_ids": ["11530_00430", "11530_00484", "11530_00485", "11530_00486", "11530_00542", "11530_00543", "11530_00544"], "display_grid_id": "11530_00092", "gu_code": 11530, "gu_name": "구로구", "source_cell_count": 10, "area_m2": 29087.41, "mean_actual_lst": 40.1765, "mean_actual_anomaly": 1.4165, "seoul_anomaly": 2.6647, "pred_anomaly": 3.1711, "pred_anomaly_std": 0.8679, "green_delta_c": -0.2829, "building_ratio": 0.2756, "green_ratio": 0.2306, "ndvi": 0.1119, "impervious_ratio": 0.4677, "built_surface_ratio": 0.4677, "avg_ground_floor_count": 3.2463, "elevation_m": 17.0833, "albedo": 0.1356, "nearest_park_distance_m": 36.9835, "park_area_within_500m": 109334.1854, "nearest_stream_distance_m": 88.1108, "est_population_density": 21840.9186, "dong_elderly_ratio": 0.243, "dong_avg_age": 46.9, "dong_pop_density": 24123.6, "nearest_shelter_distance_m": 52.35, "shelter_count_within_500m": 4.9809, "est_population": 635.3, "est_elderly": 154.4, "shelter_capacity_within_500m": 2036.2, "building_form_group": "low_floor_high_density", "dong_name": "개봉3동", "top1_feature": "ndvi", "top1_shap": 0.5711, "top2_feature": "impervious_ratio", "top2_shap": 0.5056, "top3_feature": "building_ratio", "top3_shap": 0.5038, "priority_score": 54.6275, "priority_rank": 141 }, "geometry": { "type": "Polygon", "coordinates": [ [ [ 126.855248802703997, 37.486736335308656 ], [ 126.858076496017148, 37.48675173335824 ], [ 126.858081208844908, 37.486200957380163 ], [ 126.857970750000021, 37.48608466000001 ], [ 126.85783402, 37.48598313 ], [ 126.85772143, 37.48591992 ], [ 126.85767661, 37.48589479 ], [ 126.85762984, 37.48586716 ], [ 126.85748332, 37.48580701 ], [ 126.85744889, 37.48579458 ], [ 126.857290139999989, 37.48576059 ], [ 126.85721472, 37.485754300000011 ], [ 126.857086120000019, 37.48574373000001 ], [ 126.856767820000016, 37.4857211 ], [ 126.856551600000017, 37.48570676 ], [ 126.85642282000002, 37.48570209 ], [ 126.85602396, 37.485583060000017 ], [ 126.85597328, 37.48556947 ], [ 126.855889930000018, 37.48554684 ], [ 126.855729430000011, 37.48549822 ], [ 126.85559686000002, 37.48544823 ], [ 126.855506669999983, 37.48540672 ], [ 126.85542301000001, 37.48535989 ], [ 126.85533408, 37.48530176 ], [ 126.855261612991015, 37.485245761100295 ], [ 126.855248802703997, 37.486736335308656 ] ] ] } },
{ "type": "Feature", "properties": { "nearest_shelter_name": "개봉3동경로당", "nearest_shelter_addr": "서울특별시 구로구 개봉로11길 7-46", "nearest_shelter_lon": 126.855381, "nearest_shelter_lat": 37.487061, "member_grid_ids": ["11530_00544"], "display_grid_id": "11530_00093", "gu_code": 11530, "gu_name": "구로구", "source_cell_count": 2, "area_m2": 1345.71, "mean_actual_lst": 38.7782, "mean_actual_anomaly": -0.4067, "seoul_anomaly": 0.8415, "pred_anomaly": 3.0738, "pred_anomaly_std": 1.0284, "green_delta_c": -0.1152, "building_ratio": 0.3776, "green_ratio": 0.2397, "ndvi": 0.1292, "impervious_ratio": 0.4262, "built_surface_ratio": 0.4262, "avg_ground_floor_count": 3.6011, "elevation_m": 17.4091, "albedo": 0.1353, "nearest_park_distance_m": 0.6168, "park_area_within_500m": 78687.8112, "nearest_stream_distance_m": 67.1045, "est_population_density": 33779.0914, "dong_elderly_ratio": 0.243, "dong_avg_age": 46.9, "dong_pop_density": 24123.6, "nearest_shelter_distance_m": 235.18, "shelter_count_within_500m": 4.9657, "est_population": 45.5, "est_elderly": 11.0, "shelter_capacity_within_500m": 132.2, "building_form_group": "high_floor_high_density", "dong_name": "개봉3동", "top1_feature": "building_ratio", "top1_shap": 1.0831, "top2_feature": "ndvi", "top2_shap": 0.4859, "top3_feature": "impervious_ratio", "top3_shap": 0.4418, "priority_score": 38.1692, "priority_rank": 331 }, "geometry": { "type": "Polygon", "coordinates": [ [ [ 126.858076496017148, 37.48675173335824 ], [ 126.858573951134218, 37.486754435222053 ], [ 126.85854476, 37.48672112 ], [ 126.85839227000001, 37.48655172 ], [ 126.858242250000018, 37.48638147 ], [ 126.85822515, 37.48636033 ], [ 126.85811586, 37.48623744 ], [ 126.858081208844908, 37.486200957380163 ], [ 126.858076496017148, 37.48675173335824 ] ] ] } },
{ "type": "Feature", "properties": { "nearest_shelter_name": "구로한일유엔아이(아)경로당", "nearest_shelter_addr": "서울특별시 구로구 가마산로 87", "nearest_shelter_lon": 126.876121, "nearest_shelter_lat": 37.486296, "member_grid_ids": ["11530_00431"], "display_grid_id": "11530_00094", "gu_code": 11530, "gu_name": "구로구", "source_cell_count": 3, "area_m2": 1458.69, "mean_actual_lst": 41.2514, "mean_actual_anomaly": 2.8967, "seoul_anomaly": 4.1449, "pred_anomaly": 2.0959, "pred_anomaly_std": 0.7608, "green_delta_c": -0.39, "building_ratio": 0.2409, "green_ratio": 0.226, "ndvi": 0.1522, "impervious_ratio": 0.5749, "built_surface_ratio": 0.5749, "avg_ground_floor_count": 11.3267, "elevation_m": 14.239, "albedo": 0.1066, "nearest_park_distance_m": 71.7671, "park_area_within_500m": 176532.0916, "nearest_stream_distance_m": 245.3463, "est_population_density": 0.0, "dong_elderly_ratio": 0.1597, "dong_avg_age": 41.1, "dong_pop_density": 20103.0, "nearest_shelter_distance_m": 146.64, "shelter_count_within_500m": 3.7731, "est_population": 0.0, "est_elderly": 0.0, "shelter_capacity_within_500m": 21.6, "building_form_group": "high_floor_high_density", "dong_name": "구로1동", "top1_feature": "impervious_ratio", "top1_shap": 0.5017, "top2_feature": "building_ratio", "top2_shap": 0.4467, "top3_feature": "avg_ground_floor_count", "top3_shap": -0.3823, "priority_score": 50.8396, "priority_rank": 182 }, "geometry": { "type": "Polygon", "coordinates": [ [ [ 126.875054322776251, 37.485447551554181 ], [ 126.87476214, 37.4853941 ], [ 126.874573049999981, 37.48536684 ], [ 126.87456237, 37.48536629 ], [ 126.874556159999983, 37.48536679 ], [ 126.8745911, 37.48538878 ], [ 126.874723739999979, 37.48551815 ], [ 126.87477788, 37.48557313 ], [ 126.874856490000013, 37.48567345 ], [ 126.87492517, 37.48581656 ], [ 126.874989950000014, 37.48595402 ], [ 126.87499419, 37.485956280000011 ], [ 126.87500104, 37.48597177 ], [ 126.87502234, 37.48601431 ], [ 126.87501769, 37.48605007 ], [ 126.87498874000002, 37.48625811 ], [ 126.87498905, 37.48627304 ], [ 126.87499804, 37.48649097 ], [ 126.875013149999987, 37.48654279 ], [ 126.875044394581977, 37.486639362654493 ], [ 126.875054322776251, 37.485447551554181 ] ] ] } },
{ "type": "Feature", "properties": { "nearest_shelter_name": "현대로얄(아)경로당", "nearest_shelter_addr": "서울특별시 구로구 가마산로 97", "nearest_shelter_lon": 126.877274, "nearest_shelter_lat": 37.486402, "member_grid_ids": ["11530_00487", "11530_00488", "11530_00489", "11530_00546", "11530_00547", "11530_00548"], "display_grid_id": "11530_00095", "gu_code": 11530, "gu_name": "구로구", "source_cell_count": 9, "area_m2": 28806.01, "mean_actual_lst": 39.8596, "mean_actual_anomaly": 1.5003, "seoul_anomaly": 2.7485, "pred_anomaly": 1.3876, "pred_anomaly_std": 0.7894, "green_delta_c": -0.2437, "building_ratio": 0.1784, "green_ratio": 0.231, "ndvi": 0.1796, "impervious_ratio": 0.5177, "built_surface_ratio": 0.5177, "avg_ground_floor_count": 14.5774, "elevation_m": 14.9585, "albedo": 0.1063, "nearest_park_distance_m": 89.8696, "park_area_within_500m": 179065.4944, "nearest_stream_distance_m": 356.9239, "est_population_density": 0.0, "dong_elderly_ratio": 0.1597, "dong_avg_age": 41.1, "dong_pop_density": 20103.0, "nearest_shelter_distance_m": 21.71, "shelter_count_within_500m": 5.0652, "est_population": 0.0, "est_elderly": 0.0, "shelter_capacity_within_500m": 465.5, "building_form_group": "high_floor_low_density", "dong_name": "구로1동", "top1_feature": "avg_ground_floor_count", "top1_shap": -0.505, "top2_feature": "impervious_ratio", "top2_shap": 0.4055, "top3_feature": "built_surface_ratio", "top3_shap": 0.2839, "priority_score": 35.0568, "priority_rank": 356 }, "geometry": { "type": "Polygon", "coordinates": [ [ [ 126.877870408791836, 37.486857624888046 ], [ 126.87787582942245, 37.48620397346933 ], [ 126.877801979999987, 37.48616001 ], [ 126.87768033, 37.48611173 ], [ 126.87765862, 37.48610551 ], [ 126.87762385000002, 37.48608042 ], [ 126.8774149, 37.48605402 ], [ 126.87739188, 37.48604714 ], [ 126.877391910000014, 37.48603001 ], [ 126.877357410000016, 37.48601765 ], [ 126.87731265, 37.48600796 ], [ 126.877311850000012, 37.48601165 ], [ 126.877309, 37.48602733 ], [ 126.877308430000014, 37.48603084 ], [ 126.8770991, 37.48598854 ], [ 126.87691723, 37.48595177 ], [ 126.876883620000015, 37.48594497 ], [ 126.87689916, 37.48592188 ], [ 126.87679505, 37.48588891 ], [ 126.87660979, 37.48583463 ], [ 126.8765449, 37.485821920000014 ], [ 126.87638203, 37.48577985 ], [ 126.876343490000011, 37.48577012 ], [ 126.87631784, 37.48576375 ], [ 126.87614451, 37.48572017 ], [ 126.87609606, 37.48570903 ], [ 126.876075970000016, 37.48570406 ], [ 126.87588378, 37.48565486 ], [ 126.87574696, 37.48562057 ], [ 126.87554297, 37.48556803 ], [ 126.875464779999987, 37.48554748 ], [ 126.8752259, 37.48548126 ], [ 126.875181790000013, 37.48547087 ], [ 126.875054322776251, 37.485447551554181 ], [ 126.875044394581977, 37.486639362654493 ], [ 126.87505024, 37.48665743 ], [ 126.87512111, 37.48675353 ], [ 126.87512322, 37.48675634 ], [ 126.87513888, 37.4867924 ], [ 126.875244449630003, 37.4868437675959 ], [ 126.877870408791836, 37.486857624888046 ] ] ] } },
{ "type": "Feature", "properties": { "nearest_shelter_name": "현대로얄(아)경로당", "nearest_shelter_addr": "서울특별시 구로구 가마산로 97", "nearest_shelter_lon": 126.877274, "nearest_shelter_lat": 37.486402, "member_grid_ids": ["11530_00490", "11530_00491", "11530_00492", "11530_00549", "11530_00550", "11530_00551"], "display_grid_id": "11530_00096", "gu_code": 11530, "gu_name": "구로구", "source_cell_count": 6, "area_m2": 17210.67, "mean_actual_lst": 40.6661, "mean_actual_anomaly": 2.2507, "seoul_anomaly": 3.4989, "pred_anomaly": 1.8681, "pred_anomaly_std": 0.8172, "green_delta_c": -0.4607, "building_ratio": 0.1941, "green_ratio": 0.2883, "ndvi": 0.1866, "impervious_ratio": 0.3968, "built_surface_ratio": 0.3968, "avg_ground_floor_count": 3.586, "elevation_m": 17.6861, "albedo": 0.1191, "nearest_park_distance_m": 89.4327, "park_area_within_500m": 193103.7646, "nearest_stream_distance_m": 650.5947, "est_population_density": 852.517, "dong_elderly_ratio": 0.1722, "dong_avg_age": 43.686, "dong_pop_density": 25878.4721, "nearest_shelter_distance_m": 61.8, "shelter_count_within_500m": 8.3862, "est_population": 14.7, "est_elderly": 2.9, "shelter_capacity_within_500m": 771.2, "building_form_group": "low_floor_low_density", "dong_name": "구로1동", "top1_feature": "impervious_ratio", "top1_shap": 0.4982, "top2_feature": "built_surface_ratio", "top2_shap": 0.42, "top3_feature": "ndvi", "top3_shap": 0.1276, "priority_score": 54.3687, "priority_rank": 147 }, "geometry": { "type": "Polygon", "coordinates": [ [ [ 126.877870408791836, 37.486857624888046 ], [ 126.880698119015136, 37.486872481559388 ], [ 126.880707119713065, 37.485782157328252 ], [ 126.88059159, 37.48582221 ], [ 126.88031725, 37.48591738 ], [ 126.87991863, 37.48605578 ], [ 126.87945214, 37.48621888 ], [ 126.879116580000016, 37.48636918 ], [ 126.8784626, 37.48666216 ], [ 126.878352300000017, 37.48658856 ], [ 126.878267289999982, 37.48650484 ], [ 126.87815616, 37.48639548 ], [ 126.87814557999998, 37.4863904 ], [ 126.878135159999985, 37.48638561 ], [ 126.87799428000001, 37.48632126 ], [ 126.87789249, 37.48623725 ], [ 126.87787996, 37.4862271 ], [ 126.877892, 37.4862136 ], [ 126.87787582942245, 37.48620397346933 ], [ 126.877870408791836, 37.486857624888046 ] ] ] } },
{ "type": "Feature", "properties": { "nearest_shelter_name": "골말경로당", "nearest_shelter_addr": "서울특별시 구로구 구로동로7길 74 (가리봉동)", "nearest_shelter_lon": 126.882538, "nearest_shelter_lat": 37.48639, "member_grid_ids": ["11530_00432", "11530_00433", "11530_00492", "11530_00493", "11530_00494", "11530_00552", "11530_00553"], "display_grid_id": "11530_00097", "gu_code": 11530, "gu_name": "구로구", "source_cell_count": 9, "area_m2": 48703.75, "mean_actual_lst": 42.2471, "mean_actual_anomaly": 4.0195, "seoul_anomaly": 5.2677, "pred_anomaly": 3.5142, "pred_anomaly_std": 0.6708, "green_delta_c": -0.7859, "building_ratio": 0.3204, "green_ratio": 0.2702, "ndvi": 0.1122, "impervious_ratio": 0.3207, "built_surface_ratio": 0.3207, "avg_ground_floor_count": 2.9342, "elevation_m": 22.678, "albedo": 0.129, "nearest_park_distance_m": 125.1973, "park_area_within_500m": 205617.2846, "nearest_stream_distance_m": 848.32, "est_population_density": 18427.2669, "dong_elderly_ratio": 0.1987, "dong_avg_age": 49.2, "dong_pop_density": 38193.4, "nearest_shelter_distance_m": 59.01, "shelter_count_within_500m": 8.5429, "est_population": 897.5, "est_elderly": 178.4, "shelter_capacity_within_500m": 2146.0, "building_form_group": "low_floor_high_density", "dong_name": "가리봉동", "top1_feature": "building_ratio", "top1_shap": 0.7307, "top2_feature": "ndvi", "top2_shap": 0.649, "top3_feature": "impervious_ratio", "top3_shap": 0.4191, "priority_score": 69.678, "priority_rank": 33 }, "geometry": { "type": "Polygon", "coordinates": [ [ [ 126.880698119015136, 37.486872481559388 ], [ 126.883525831309683, 37.486887270557745 ], [ 126.883544346914874, 37.484633979210521 ], [ 126.882889405122768, 37.484630560047165 ], [ 126.88280579, 37.48469004 ], [ 126.88272373, 37.48474881 ], [ 126.882717889999981, 37.48475218 ], [ 126.8826728, 37.4847786 ], [ 126.88264804, 37.48479322 ], [ 126.8826408, 37.48479743 ], [ 126.88261675, 37.48481177 ], [ 126.882573780000016, 37.48483482 ], [ 126.88246696, 37.48490086 ], [ 126.882397470000015, 37.4849436 ], [ 126.8823911, 37.48494641 ], [ 126.88237447, 37.48495738 ], [ 126.88236104, 37.48496525 ], [ 126.88231949, 37.48498942 ], [ 126.88223973, 37.48503664 ], [ 126.882021170000016, 37.48516622 ], [ 126.88176954, 37.48531209 ], [ 126.88135345000002, 37.485558589999989 ], [ 126.88103297, 37.48567089 ], [ 126.88093328, 37.48570375 ], [ 126.880707119713065, 37.485782157328252 ], [ 126.880698119015136, 37.486872481559388 ] ] ] } },
{ "type": "Feature", "properties": { "nearest_shelter_name": "구로4동구경로당", "nearest_shelter_addr": "서울특별시 구로구 구로동로8길 27 (구로동)", "nearest_shelter_lon": 126.886251, "nearest_shelter_lat": 37.486982, "member_grid_ids": ["11530_00434", "11530_00435", "11530_00436", "11530_00495", "11530_00496", "11530_00497", "11530_00554", "11530_00555", "11530_00556"], "display_grid_id": "11530_00098", "gu_code": 11530, "gu_name": "구로구", "source_cell_count": 12, "area_m2": 62500.0, "mean_actual_lst": 42.2632, "mean_actual_anomaly": 3.9812, "seoul_anomaly": 5.2294, "pred_anomaly": 3.56, "pred_anomaly_std": 0.6394, "green_delta_c": -0.8248, "building_ratio": 0.4315, "green_ratio": 0.2675, "ndvi": 0.1257, "impervious_ratio": 0.3731, "built_surface_ratio": 0.3731, "avg_ground_floor_count": 3.1133, "elevation_m": 27.0146, "albedo": 0.1256, "nearest_park_distance_m": 27.2708, "park_area_within_500m": 125962.0644, "nearest_stream_distance_m": 1014.2496, "est_population_density": 28480.0, "dong_elderly_ratio": 0.203, "dong_avg_age": 48.36, "dong_pop_density": 32885.688, "nearest_shelter_distance_m": 12.68, "shelter_count_within_500m": 15.64, "est_population": 1780.0, "est_elderly": 366.1, "shelter_capacity_within_500m": 4242.7, "building_form_group": "low_floor_high_density", "dong_name": "가리봉동", "top1_feature": "building_ratio", "top1_shap": 1.1745, "top2_feature": "ndvi", "top2_shap": 0.4746, "top3_feature": "impervious_ratio", "top3_shap": 0.4236, "priority_score": 80.0126, "priority_rank": 2 }, "geometry": { "type": "Polygon", "coordinates": [ [ [ 126.883544346914874, 37.484633979210521 ], [ 126.883525831309683, 37.486887270557745 ], [ 126.886353545665983, 37.486901991882959 ], [ 126.886371976354695, 37.484648699344383 ], [ 126.883544346914874, 37.484633979210521 ] ] ] } },
{ "type": "Feature", "properties": { "nearest_shelter_name": "구로3동새마을금고", "nearest_shelter_addr": "서울특별시 구로구 도림로 36 (구로동, 영화주택)", "nearest_shelter_lon": 126.888577, "nearest_shelter_lat": 37.487316, "member_grid_ids": ["11530_00436", "11530_00437", "11530_00438", "11530_00497", "11530_00498", "11530_00499", "11530_00557", "11530_00558"], "display_grid_id": "11530_00099", "gu_code": 11530, "gu_name": "구로구", "source_cell_count": 12, "area_m2": 62500.0, "mean_actual_lst": 41.0241, "mean_actual_anomaly": 2.7893, "seoul_anomaly": 4.0375, "pred_anomaly": 3.622, "pred_anomaly_std": 0.6586, "green_delta_c": -0.6318, "building_ratio": 0.4973, "green_ratio": 0.2841, "ndvi": 0.1183, "impervious_ratio": 0.2601, "built_surface_ratio": 0.2601, "avg_ground_floor_count": 3.7494, "elevation_m": 29.4686, "albedo": 0.1063, "nearest_park_distance_m": 165.45, "park_area_within_500m": 128849.434, "nearest_stream_distance_m": 853.5256, "est_population_density": 46381.6, "dong_elderly_ratio": 0.1714, "dong_avg_age": 43.72, "dong_pop_density": 29662.12, "nearest_shelter_distance_m": 44.73, "shelter_count_within_500m": 20.04, "est_population": 2898.8, "est_elderly": 498.4, "shelter_capacity_within_500m": 4777.7, "building_form_group": "high_floor_high_density", "dong_name": "구로3동", "top1_feature": "building_ratio", "top1_shap": 1.3166, "top2_feature": "ndvi", "top2_shap": 0.5708, "top3_feature": "impervious_ratio", "top3_shap": 0.3675, "priority_score": 73.1566, "priority_rank": 14 }, "geometry": { "type": "Polygon", "coordinates": [ [ [ 126.886371976354695, 37.484648699344383 ], [ 126.886353545665983, 37.486901991882959 ], [ 126.889181262074644, 37.486916645534897 ], [ 126.889199607846606, 37.48466335181044 ], [ 126.886371976354695, 37.484648699344383 ] ] ] } },
{ "type": "Feature", "properties": { "nearest_shelter_name": "구로종합사회복지관", "nearest_shelter_addr": "서울특별시 구로구 디지털로31길 93", "nearest_shelter_lon": 126.890808, "nearest_shelter_lat": 37.486794, "member_grid_ids": ["11530_00439", "11530_00440", "11530_00441", "11530_00500", "11530_00501", "11530_00502", "11530_00559", "11530_00560", "11530_00561"], "display_grid_id": "11530_00100", "gu_code": 11530, "gu_name": "구로구", "source_cell_count": 14, "area_m2": 62500.0, "mean_actual_lst": 39.5221, "mean_actual_anomaly": 1.2257, "seoul_anomaly": 2.4739, "pred_anomaly": 2.227, "pred_anomaly_std": 0.7416, "green_delta_c": -0.412, "building_ratio": 0.2906, "green_ratio": 0.2599, "ndvi": 0.1669, "impervious_ratio": 0.4105, "built_surface_ratio": 0.4105, "avg_ground_floor_count": 8.1196, "elevation_m": 24.2432, "albedo": 0.1132, "nearest_park_distance_m": 67.89, "park_area_within_500m": 240177.6792, "nearest_stream_distance_m": 617.9368, "est_population_density": 25463.2, "dong_elderly_ratio": 0.1582, "dong_avg_age": 42.6, "dong_pop_density": 24768.4, "nearest_shelter_distance_m": 15.83, "shelter_count_within_500m": 17.88, "est_population": 1591.4, "est_elderly": 251.8, "shelter_capacity_within_500m": 3974.2, "building_form_group": "high_floor_high_density", "dong_name": "구로3동", "top1_feature": "building_ratio", "top1_shap": 0.5634, "top2_feature": "impervious_ratio", "top2_shap": 0.3862, "top3_feature": "built_surface_ratio", "top3_shap": 0.235, "priority_score": 52.197, "priority_rank": 165 }, "geometry": { "type": "Polygon", "coordinates": [ [ [ 126.889199607846606, 37.48466335181044 ], [ 126.889181262074644, 37.486916645534897 ], [ 126.892008980526128, 37.486931231513395 ], [ 126.892027241381143, 37.484677936608541 ], [ 126.889199607846606, 37.48466335181044 ] ] ] } },
{ "type": "Feature", "properties": { "nearest_shelter_name": "우민늘푸른(아)경로당", "nearest_shelter_addr": "서울특별시 구로구 도림로20길 50 (우민늘푸른아파트 노인정)", "nearest_shelter_lon": 126.894016, "nearest_shelter_lat": 37.488063, "member_grid_ids": ["11530_00441", "11530_00442", "11530_00443", "11530_00502", "11530_00503", "11530_00504", "11530_00562", "11530_00563"], "display_grid_id": "11530_00101", "gu_code": 11530, "gu_name": "구로구", "source_cell_count": 15, "area_m2": 62500.0, "mean_actual_lst": 39.5902, "mean_actual_anomaly": 1.0808, "seoul_anomaly": 2.3291, "pred_anomaly": 1.7359, "pred_anomaly_std": 0.6445, "green_delta_c": -0.0613, "building_ratio": 0.4086, "green_ratio": 0.2241, "ndvi": 0.1188, "impervious_ratio": 0.4229, "built_surface_ratio": 0.4229, "avg_ground_floor_count": 13.2485, "elevation_m": 22.65, "albedo": 0.1183, "nearest_park_distance_m": 1.0404, "park_area_within_500m": 343154.4976, "nearest_stream_distance_m": 410.9128, "est_population_density": 1475.2, "dong_elderly_ratio": 0.1582, "dong_avg_age": 42.6, "dong_pop_density": 24768.4, "nearest_shelter_distance_m": 126.31, "shelter_count_within_500m": 13.8, "est_population": 92.2, "est_elderly": 14.6, "shelter_capacity_within_500m": 3233.7, "building_form_group": "high_floor_high_density", "dong_name": "구로3동", "top1_feature": "building_ratio", "top1_shap": 0.8816, "top2_feature": "avg_ground_floor_count", "top2_shap": -0.7306, "top3_feature": "ndvi", "top3_shap": 0.3023, "priority_score": 45.019, "priority_rank": 238 }, "geometry": { "type": "Polygon", "coordinates": [ [ [ 126.892027241381143, 37.484677936608541 ], [ 126.892008980526128, 37.486931231513395 ], [ 126.89483670101103, 37.486945749818304 ], [ 126.894854876948855, 37.484692453738504 ], [ 126.892027241381143, 37.484677936608541 ] ] ] } },
{ "type": "Feature", "properties": { "nearest_shelter_name": "영서(아)경로당", "nearest_shelter_addr": "서울특별시 구로구 디지털로 319 (현대아파트)", "nearest_shelter_lon": 126.896376, "nearest_shelter_lat": 37.487859, "member_grid_ids": ["11530_00444", "11530_00445", "11530_00446", "11530_00505", "11530_00506", "11530_00507", "11530_00564", "11530_00565", "11530_00566"], "display_grid_id": "11530_00102", "gu_code": 11530, "gu_name": "구로구", "source_cell_count": 9, "area_m2": 62500.0, "mean_actual_lst": 39.9749, "mean_actual_anomaly": 1.2935, "seoul_anomaly": 2.5417, "pred_anomaly": 1.5455, "pred_anomaly_std": 0.6804, "green_delta_c": -0.1312, "building_ratio": 0.3969, "green_ratio": 0.227, "ndvi": 0.1196, "impervious_ratio": 0.4245, "built_surface_ratio": 0.4245, "avg_ground_floor_count": 15.1981, "elevation_m": 21.4172, "albedo": 0.1193, "nearest_park_distance_m": 3.8256, "park_area_within_500m": 436285.4784, "nearest_stream_distance_m": 207.8768, "est_population_density": 576.944, "dong_elderly_ratio": 0.1582, "dong_avg_age": 42.6, "dong_pop_density": 24768.4, "nearest_shelter_distance_m": 101.32, "shelter_count_within_500m": 6.84, "est_population": 36.1, "est_elderly": 5.7, "shelter_capacity_within_500m": 1043.8, "building_form_group": "high_floor_high_density", "dong_name": "구로3동", "top1_feature": "avg_ground_floor_count", "top1_shap": -0.8204, "top2_feature": "building_ratio", "top2_shap": 0.8133, "top3_feature": "ndvi", "top3_shap": 0.2715, "priority_score": 46.4773, "priority_rank": 224 }, "geometry": { "type": "Polygon", "coordinates": [ [ [ 126.894854876948855, 37.484692453738504 ], [ 126.89483670101103, 37.486945749818304 ], [ 126.897664423519913, 37.486960200449467 ], [ 126.897682514540278, 37.484706903200227 ], [ 126.894854876948855, 37.484692453738504 ] ] ] } },
{ "type": "Feature", "properties": { "nearest_shelter_name": "신대림한솔솔파크경로당", "nearest_shelter_addr": "서울특별시 영등포구 도림천로 431 (新 대림 한솔 솔파크 101동)", "nearest_shelter_lon": 126.899573, "nearest_shelter_lat": 37.487288, "member_grid_ids": ["11530_00446", "11530_00447", "11530_00448", "11530_00507", "11530_00508", "11530_00509", "11530_00567"], "display_grid_id": "11530_00103", "gu_code": 11530, "gu_name": "구로구", "source_cell_count": 13, "area_m2": 47541.76, "mean_actual_lst": 41.4324, "mean_actual_anomaly": 2.7097, "seoul_anomaly": 3.958, "pred_anomaly": 2.3603, "pred_anomaly_std": 0.7619, "green_delta_c": -0.2572, "building_ratio": 0.3092, "green_ratio": 0.2021, "ndvi": 0.1088, "impervious_ratio": 0.5183, "built_surface_ratio": 0.5183, "avg_ground_floor_count": 11.4308, "elevation_m": 22.787, "albedo": 0.1254, "nearest_park_distance_m": 16.4925, "park_area_within_500m": 413563.6754, "nearest_stream_distance_m": 80.6315, "est_population_density": 9201.6423, "dong_elderly_ratio": 0.1582, "dong_avg_age": 42.6, "dong_pop_density": 24768.4, "nearest_shelter_distance_m": 122.78, "shelter_count_within_500m": 3.7482, "est_population": 437.5, "est_elderly": 69.2, "shelter_capacity_within_500m": 445.0, "building_form_group": "high_floor_high_density", "dong_name": "구로3동", "top1_feature": "building_ratio", "top1_shap": 0.5015, "top2_feature": "avg_ground_floor_count", "top2_shap": -0.4859, "top3_feature": "impervious_ratio", "top3_shap": 0.4095, "priority_score": 60.7954, "priority_rank": 86 }, "geometry": { "type": "Polygon", "coordinates": [ [ [ 126.900510154145962, 37.48472128499354 ], [ 126.897682514540278, 37.484706903200227 ], [ 126.897664423519913, 37.486960200449467 ], [ 126.89812569008167, 37.486962551258756 ], [ 126.898138430000017, 37.48694737000001 ], [ 126.89814234, 37.48693724 ], [ 126.8981457, 37.48693218 ], [ 126.89827901000001, 37.48685544 ], [ 126.89839959, 37.48678655 ], [ 126.89854776, 37.48670109 ], [ 126.898651369999982, 37.48664177 ], [ 126.89872545, 37.48660298 ], [ 126.89906311, 37.48643911 ], [ 126.899426229999989, 37.48626318 ], [ 126.89959683, 37.48618053 ], [ 126.89976037, 37.48609255 ], [ 126.89992708, 37.48600626 ], [ 126.90009077000002, 37.48593432 ], [ 126.900123650000012, 37.48591999 ], [ 126.90015476, 37.48590819 ], [ 126.900501702704318, 37.485778936663657 ], [ 126.900510154145962, 37.48472128499354 ] ] ] } },
{ "type": "Feature", "properties": { "nearest_shelter_name": "신대림한솔솔파크경로당", "nearest_shelter_addr": "서울특별시 영등포구 도림천로 431 (新 대림 한솔 솔파크 101동)", "nearest_shelter_lon": 126.899573, "nearest_shelter_lat": 37.487288, "member_grid_ids": ["11530_00449", "11530_00450", "11530_00451", "11530_00510"], "display_grid_id": "11530_00104", "gu_code": 11530, "gu_name": "구로구", "source_cell_count": 8, "area_m2": 14466.12, "mean_actual_lst": 43.1489, "mean_actual_anomaly": 4.4262, "seoul_anomaly": 5.6745, "pred_anomaly": 4.1106, "pred_anomaly_std": 0.8176, "green_delta_c": -0.1631, "building_ratio": 0.3256, "green_ratio": 0.1811, "ndvi": 0.0862, "impervious_ratio": 0.5578, "built_surface_ratio": 0.5578, "avg_ground_floor_count": 2.1453, "elevation_m": 23.6408, "albedo": 0.142, "nearest_park_distance_m": 0.6874, "park_area_within_500m": 287599.8151, "nearest_stream_distance_m": 28.5663, "est_population_density": 15788.6439, "dong_elderly_ratio": 0.1582, "dong_avg_age": 42.6, "dong_pop_density": 24768.4, "nearest_shelter_distance_m": 202.17, "shelter_count_within_500m": 3.9522, "est_population": 228.4, "est_elderly": 36.1, "shelter_capacity_within_500m": 912.0, "building_form_group": "low_floor_high_density", "dong_name": "구로3동", "top1_feature": "building_ratio", "top1_shap": 0.8177, "top2_feature": "ndvi", "top2_shap": 0.6007, "top3_feature": "impervious_ratio", "top3_shap": 0.5816, "priority_score": 63.1692, "priority_rank": 67 }, "geometry": { "type": "Polygon", "coordinates": [ [ [ 126.900510154145962, 37.48472128499354 ], [ 126.900501702704318, 37.485778936663657 ], [ 126.90084092, 37.48565256 ], [ 126.90119306, 37.48549068 ], [ 126.901635930000012, 37.4852582 ], [ 126.90171247, 37.485227279999989 ], [ 126.90256206, 37.48508779 ], [ 126.90274253, 37.48501614 ], [ 126.90280437, 37.48501366 ], [ 126.903029619999984, 37.48500568 ], [ 126.903198340000017, 37.48500272 ], [ 126.90317701, 37.4849768 ], [ 126.903115450000016, 37.48490157 ], [ 126.9030807, 37.48485931 ], [ 126.90304154, 37.48481141 ], [ 126.90302989, 37.48479733 ], [ 126.90300221, 37.48476352 ], [ 126.902977897475694, 37.484733780995278 ], [ 126.900510154145962, 37.48472128499354 ] ] ] } },
{ "type": "Feature", "properties": { "nearest_shelter_name": "구립수목원경로당", "nearest_shelter_addr": "서울특별시 구로구 연동로 296-12 (늘푸른빌)", "nearest_shelter_lon": 126.824346, "nearest_shelter_lat": 37.486295, "member_grid_ids": ["11530_00513", "11530_00514", "11530_00568", "11530_00569", "11530_00622", "11530_00623"], "display_grid_id": "11530_00105", "gu_code": 11530, "gu_name": "구로구", "source_cell_count": 8, "area_m2": 26207.01, "mean_actual_lst": 39.0914, "mean_actual_anomaly": 0.9964, "seoul_anomaly": 2.2447, "pred_anomaly": 2.6785, "pred_anomaly_std": 0.8792, "green_delta_c": -0.6264, "building_ratio": 0.2379, "green_ratio": 0.1963, "ndvi": 0.2319, "impervious_ratio": 0.6696, "built_surface_ratio": 0.6696, "avg_ground_floor_count": 1.999, "elevation_m": 42.3444, "albedo": 0.1394, "nearest_park_distance_m": 152.4765, "park_area_within_500m": 144209.5665, "nearest_stream_distance_m": 955.1776, "est_population_density": 13292.2015, "dong_elderly_ratio": 0.1489, "dong_avg_age": 37.9737, "dong_pop_density": 11595.6145, "nearest_shelter_distance_m": 34.62, "shelter_count_within_500m": 5.6436, "est_population": 348.3, "est_elderly": 46.9, "shelter_capacity_within_500m": 231.3, "building_form_group": "low_floor_high_density", "dong_name": "항동", "top1_feature": "impervious_ratio", "top1_shap": 0.6084, "top2_feature": "building_ratio", "top2_shap": 0.5898, "top3_feature": "built_surface_ratio", "top3_shap": 0.4235, "priority_score": 60.3662, "priority_rank": 91 }, "geometry": { "type": "Polygon", "coordinates": [ [ [ 126.824124019602309, 37.488815754667804 ], [ 126.824144320656217, 37.486562490474917 ], [ 126.821754502739964, 37.486548794851785 ], [ 126.821876959999983, 37.48658349 ], [ 126.82199279, 37.48661492 ], [ 126.822137560000016, 37.48665456 ], [ 126.82224349, 37.48668343 ], [ 126.82234412, 37.48671091 ], [ 126.822390380000016, 37.48672337 ], [ 126.82240585, 37.48675718 ], [ 126.82241973, 37.48678761 ], [ 126.82243591000001, 37.48682029 ], [ 126.822454190000016, 37.48686029 ], [ 126.82247265, 37.48690059 ], [ 126.82248267, 37.48692173 ], [ 126.82250013, 37.486933 ], [ 126.8225183, 37.48694598 ], [ 126.82254368, 37.4869646 ], [ 126.82256872, 37.48698408 ], [ 126.822791629999983, 37.48715505000002 ], [ 126.822910850000014, 37.48724533 ], [ 126.822957229999986, 37.48728029 ], [ 126.822996730000014, 37.48730936 ], [ 126.823104820000012, 37.48739541 ], [ 126.82322492, 37.4874902 ], [ 126.823322280000014, 37.48755875 ], [ 126.82341311, 37.48762309 ], [ 126.823586840000019, 37.48774246 ], [ 126.823560610000015, 37.48777535 ], [ 126.82355604, 37.48777197 ], [ 126.82350613, 37.48773528 ], [ 126.82301046, 37.48815041000001 ], [ 126.823037410000012, 37.48818734 ], [ 126.82304029, 37.48838076 ], [ 126.823046670000011, 37.48874427 ], [ 126.823047367484477, 37.488809590235562 ], [ 126.824124019602309, 37.488815754667804 ] ] ] } },
{ "type": "Feature", "properties": { "nearest_shelter_name": "구립수목원경로당", "nearest_shelter_addr": "서울특별시 구로구 연동로 296-12 (늘푸른빌)", "nearest_shelter_lon": 126.824346, "nearest_shelter_lat": 37.486295, "member_grid_ids": ["11530_00515", "11530_00516", "11530_00569", "11530_00570", "11530_00571", "11530_00623", "11530_00624", "11530_00625"], "display_grid_id": "11530_00106", "gu_code": 11530, "gu_name": "구로구", "source_cell_count": 14, "area_m2": 62500.0, "mean_actual_lst": 37.6163, "mean_actual_anomaly": -0.4816, "seoul_anomaly": 0.7666, "pred_anomaly": 1.237, "pred_anomaly_std": 0.8123, "green_delta_c": -0.1769, "building_ratio": 0.1952, "green_ratio": 0.2852, "ndvi": 0.254, "impervious_ratio": 0.5434, "built_surface_ratio": 0.5434, "avg_ground_floor_count": 4.4712, "elevation_m": 44.1032, "albedo": 0.1247, "nearest_park_distance_m": 202.1788, "park_area_within_500m": 140163.5044, "nearest_stream_distance_m": 809.822, "est_population_density": 21193.768, "dong_elderly_ratio": 0.1676, "dong_avg_age": 39.48, "dong_pop_density": 11767.9, "nearest_shelter_distance_m": 87.61, "shelter_count_within_500m": 5.76, "est_population": 1324.6, "est_elderly": 224.2, "shelter_capacity_within_500m": 469.5, "building_form_group": "high_floor_low_density", "dong_name": "항동", "top1_feature": "green_ratio", "top1_shap": -0.0918, "top2_feature": "impervious_ratio", "top2_shap": 0.4169, "top3_feature": "ndvi", "top3_shap": -0.3512, "priority_score": 44.7159, "priority_rank": 242 }, "geometry": { "type": "Polygon", "coordinates": [ [ [ 126.824144320656217, 37.486562490474917 ], [ 126.824124019602309, 37.488815754667804 ], [ 126.826951773596619, 37.488831898402204 ], [ 126.826971989729898, 37.486578632902877 ], [ 126.824144320656217, 37.486562490474917 ] ] ] } },
{ "type": "Feature", "properties": { "nearest_shelter_name": "오정경로당", "nearest_shelter_addr": "서울특별시 구로구 오리로13가길 30 (동보아파트상가)", "nearest_shelter_lon": 126.830284, "nearest_shelter_lat": 37.48957, "member_grid_ids": ["11530_00517", "11530_00518", "11530_00519", "11530_00572", "11530_00573", "11530_00574", "11530_00626", "11530_00627", "11530_00628"], "display_grid_id": "11530_00107", "gu_code": 11530, "gu_name": "구로구", "source_cell_count": 14, "area_m2": 62500.0, "mean_actual_lst": 33.3155, "mean_actual_anomaly": -5.0428, "seoul_anomaly": -3.7946, "pred_anomaly": -3.0717, "pred_anomaly_std": 0.7062, "green_delta_c": -0.8095, "building_ratio": 0.036, "green_ratio": 0.6872, "ndvi": 0.4568, "impervious_ratio": 0.1552, "built_surface_ratio": 0.1552, "avg_ground_floor_count": 2.5378, "elevation_m": 57.855, "albedo": 0.1259, "nearest_park_distance_m": 248.908, "park_area_within_500m": 100643.0216, "nearest_stream_distance_m": 627.054, "est_population_density": 4555.6, "dong_elderly_ratio": 0.2069, "dong_avg_age": 42.648, "dong_pop_density": 12130.24, "nearest_shelter_distance_m": 137.42, "shelter_count_within_500m": 5.36, "est_population": 284.7, "est_elderly": 62.9, "shelter_capacity_within_500m": 478.8, "building_form_group": "no_building", "dong_name": "오류2동", "top1_feature": "building_ratio", "top1_shap": -1.1014, "top2_feature": "green_ratio", "top2_shap": -0.654, "top3_feature": "ndvi", "top3_shap": -0.4449, "priority_score": 46.0985, "priority_rank": 226 }, "geometry": { "type": "Polygon", "coordinates": [ [ [ 126.826971989729898, 37.486578632902877 ], [ 126.826951773596619, 37.488831898402204 ], [ 126.829779529842057, 37.488847974461187 ], [ 126.829799661054466, 37.486594707660913 ], [ 126.826971989729898, 37.486578632902877 ] ] ] } },
{ "type": "Feature", "properties": { "nearest_shelter_name": "금강수목원(아)경로당", "nearest_shelter_addr": "서울특별시 구로구 오리로 1197 (금강수목원아파트 104동)", "nearest_shelter_lon": 126.832325, "nearest_shelter_lat": 37.488267, "member_grid_ids": ["11530_00520", "11530_00521", "11530_00574", "11530_00575", "11530_00576", "11530_00628", "11530_00629", "11530_00630"], "display_grid_id": "11530_00108", "gu_code": 11530, "gu_name": "구로구", "source_cell_count": 10, "area_m2": 62500.0, "mean_actual_lst": 37.5715, "mean_actual_anomaly": -1.1324, "seoul_anomaly": 0.1158, "pred_anomaly": 1.6667, "pred_anomaly_std": 0.8264, "green_delta_c": -0.3034, "building_ratio": 0.2739, "green_ratio": 0.2699, "ndvi": 0.2293, "impervious_ratio": 0.5351, "built_surface_ratio": 0.5351, "avg_ground_floor_count": 5.1059, "elevation_m": 35.7042, "albedo": 0.1179, "nearest_park_distance_m": 281.2448, "park_area_within_500m": 102216.6856, "nearest_stream_distance_m": 520.1828, "est_population_density": 31860.4, "dong_elderly_ratio": 0.2212, "dong_avg_age": 43.8, "dong_pop_density": 12262.0, "nearest_shelter_distance_m": 29.35, "shelter_count_within_500m": 2.88, "est_population": 1991.3, "est_elderly": 440.5, "shelter_capacity_within_500m": 203.7, "building_form_group": "high_floor_high_density", "dong_name": "오류2동", "top1_feature": "building_ratio", "top1_shap": 0.5921, "top2_feature": "impervious_ratio", "top2_shap": 0.412, "top3_feature": "built_surface_ratio", "top3_shap": 0.2611, "priority_score": 50.3661, "priority_rank": 186 }, "geometry": { "type": "Polygon", "coordinates": [ [ [ 126.829799661054466, 37.486594707660913 ], [ 126.829779529842057, 37.488847974461187 ], [ 126.832607288329143, 37.488863982844585 ], [ 126.832627334620412, 37.486610714748842 ], [ 126.829799661054466, 37.486594707660913 ] ] ] } },
{ "type": "Feature", "properties": { "nearest_shelter_name": "금강수목원(아)경로당", "nearest_shelter_addr": "서울특별시 구로구 오리로 1197 (금강수목원아파트 104동)", "nearest_shelter_lon": 126.832325, "nearest_shelter_lat": 37.488267, "member_grid_ids": ["11530_00522", "11530_00523", "11530_00524", "11530_00577", "11530_00578", "11530_00579", "11530_00631", "11530_00632", "11530_00633"], "display_grid_id": "11530_00109", "gu_code": 11530, "gu_name": "구로구", "source_cell_count": 16, "area_m2": 62500.0, "mean_actual_lst": 37.9951, "mean_actual_anomaly": -1.1506, "seoul_anomaly": 0.0976, "pred_anomaly": 1.0342, "pred_anomaly_std": 0.7702, "green_delta_c": -0.3918, "building_ratio": 0.2018, "green_ratio": 0.353, "ndvi": 0.2492, "impervious_ratio": 0.4078, "built_surface_ratio": 0.4078, "avg_ground_floor_count": 4.1048, "elevation_m": 36.5537, "albedo": 0.1199, "nearest_park_distance_m": 158.4324, "park_area_within_500m": 193646.2608, "nearest_stream_distance_m": 503.4172, "est_population_density": 22994.8, "dong_elderly_ratio": 0.2212, "dong_avg_age": 43.8, "dong_pop_density": 12262.0, "nearest_shelter_distance_m": 77.12, "shelter_count_within_500m": 5.96, "est_population": 1437.2, "est_elderly": 317.9, "shelter_capacity_within_500m": 669.0, "building_form_group": "high_floor_high_density", "dong_name": "오류2동", "top1_feature": "building_ratio", "top1_shap": 0.2654, "top2_feature": "impervious_ratio", "top2_shap": 0.2536, "top3_feature": "green_ratio", "top3_shap": -0.2491, "priority_score": 48.1439, "priority_rank": 209 }, "geometry": { "type": "Polygon", "coordinates": [ [ [ 126.832627334620412, 37.486610714748842 ], [ 126.832607288329143, 37.488863982844585 ], [ 126.835435049048442, 37.48887992355224 ], [ 126.835455010418315, 37.486626654166493 ], [ 126.832627334620412, 37.486610714748842 ] ] ] } },
{ "type": "Feature", "properties": { "nearest_shelter_name": "구로천왕도서관", "nearest_shelter_addr": "서울특별시 구로구 오리로 1165 (천왕역 모아엘가 트레뷰)", "nearest_shelter_lon": 126.837814, "nearest_shelter_lat": 37.487115, "member_grid_ids": ["11530_00525", "11530_00526", "11530_00579", "11530_00580", "11530_00581", "11530_00633", "11530_00634", "11530_00635"], "display_grid_id": "11530_00110", "gu_code": 11530, "gu_name": "구로구", "source_cell_count": 13, "area_m2": 62500.0, "mean_actual_lst": 39.1152, "mean_actual_anomaly": 0.3253, "seoul_anomaly": 1.5735, "pred_anomaly": 1.9897, "pred_anomaly_std": 0.8377, "green_delta_c": -0.2403, "building_ratio": 0.2235, "green_ratio": 0.2232, "ndvi": 0.1591, "impervious_ratio": 0.5501, "built_surface_ratio": 0.5501, "avg_ground_floor_count": 8.381, "elevation_m": 34.4914, "albedo": 0.1289, "nearest_park_distance_m": 23.7372, "park_area_within_500m": 312940.4024, "nearest_stream_distance_m": 534.3572, "est_population_density": 47782.0, "dong_elderly_ratio": 0.2212, "dong_avg_age": 43.8, "dong_pop_density": 12262.0, "nearest_shelter_distance_m": 48.13, "shelter_count_within_500m": 11.08, "est_population": 2986.4, "est_elderly": 660.6, "shelter_capacity_within_500m": 1491.0, "building_form_group": "high_floor_low_density", "dong_name": "오류2동", "top1_feature": "impervious_ratio", "top1_shap": 0.4889, "top2_feature": "building_ratio", "top2_shap": 0.3382, "top3_feature": "built_surface_ratio", "top3_shap": 0.2553, "priority_score": 57.1654, "priority_rank": 119 }, "geometry": { "type": "Polygon", "coordinates": [ [ [ 126.835455010418315, 37.486626654166493 ], [ 126.835435049048442, 37.48887992355224 ], [ 126.838262811990489, 37.488895796583968 ], [ 126.838282688438696, 37.486642525913702 ], [ 126.835455010418315, 37.486626654166493 ] ] ] } },
{ "type": "Feature", "properties": { "nearest_shelter_name": "오류2동은빛경로당", "nearest_shelter_addr": "서울특별시 구로구 오리로10길 44-28", "nearest_shelter_lon": 126.839299, "nearest_shelter_lat": 37.487757, "member_grid_ids": ["11530_00527", "11530_00528", "11530_00529", "11530_00582", "11530_00583", "11530_00584", "11530_00636", "11530_00637", "11530_00638"], "display_grid_id": "11530_00111", "gu_code": 11530, "gu_name": "구로구", "source_cell_count": 13, "area_m2": 62500.0, "mean_actual_lst": 38.6587, "mean_actual_anomaly": 0.2138, "seoul_anomaly": 1.4621, "pred_anomaly": 2.5337, "pred_anomaly_std": 0.7589, "green_delta_c": -0.2876, "building_ratio": 0.2848, "green_ratio": 0.2308, "ndvi": 0.1988, "impervious_ratio": 0.5784, "built_surface_ratio": 0.5784, "avg_ground_floor_count": 5.2832, "elevation_m": 28.8554, "albedo": 0.1186, "nearest_park_distance_m": 10.496, "park_area_within_500m": 345319.4732, "nearest_stream_distance_m": 570.084, "est_population_density": 27462.4, "dong_elderly_ratio": 0.2212, "dong_avg_age": 43.8, "dong_pop_density": 12262.0, "nearest_shelter_distance_m": 46.77, "shelter_count_within_500m": 12.4, "est_population": 1716.4, "est_elderly": 379.7, "shelter_capacity_within_500m": 1768.8, "building_form_group": "low_floor_high_density", "dong_name": "오류2동", "top1_feature": "building_ratio", "top1_shap": 0.6495, "top2_feature": "impervious_ratio", "top2_shap": 0.5256, "top3_feature": "built_surface_ratio", "top3_shap": 0.402, "priority_score": 49.1919, "priority_rank": 203 }, "geometry": { "type": "Polygon", "coordinates": [ [ [ 126.838282688438696, 37.486642525913702 ], [ 126.838262811990489, 37.488895796583968 ], [ 126.841090577145849, 37.48891160193962 ], [ 126.841110368672119, 37.486658329990327 ], [ 126.838282688438696, 37.486642525913702 ] ] ] } },
{ "type": "Feature", "properties": { "nearest_shelter_name": "오류2동주민센터", "nearest_shelter_addr": "서울특별시 구로구 오류로 45", "nearest_shelter_lon": 126.839474, "nearest_shelter_lat": 37.488763, "member_grid_ids": ["11530_00530", "11530_00531", "11530_00584", "11530_00585", "11530_00586", "11530_00638", "11530_00639", "11530_00640"], "display_grid_id": "11530_00112", "gu_code": 11530, "gu_name": "구로구", "source_cell_count": 14, "area_m2": 62500.0, "mean_actual_lst": 33.4848, "mean_actual_anomaly": -5.0819, "seoul_anomaly": -3.8337, "pred_anomaly": -2.5798, "pred_anomaly_std": 0.7724, "green_delta_c": -0.6887, "building_ratio": 0.071, "green_ratio": 0.6242, "ndvi": 0.4022, "impervious_ratio": 0.2001, "built_surface_ratio": 0.2001, "avg_ground_floor_count": 2.4178, "elevation_m": 55.0336, "albedo": 0.1241, "nearest_park_distance_m": 18.3776, "park_area_within_500m": 285985.858, "nearest_stream_distance_m": 584.704, "est_population_density": 5808.8, "dong_elderly_ratio": 0.2212, "dong_avg_age": 43.8, "dong_pop_density": 12262.0, "nearest_shelter_distance_m": 147.08, "shelter_count_within_500m": 11.12, "est_population": 363.0, "est_elderly": 80.3, "shelter_capacity_within_500m": 1788.3, "building_form_group": "no_building", "dong_name": "오류2동", "top1_feature": "building_ratio", "top1_shap": -0.6316, "top2_feature": "green_ratio", "top2_shap": -0.5558, "top3_feature": "impervious_ratio", "top3_shap": -0.3574, "priority_score": 45.1389, "priority_rank": 236 }, "geometry": { "type": "Polygon", "coordinates": [ [ [ 126.841110368672119, 37.486658329990327 ], [ 126.841090577145849, 37.48891160193962 ], [ 126.843918344505056, 37.488927339619039 ], [ 126.843938051109149, 37.486674066396162 ], [ 126.841110368672119, 37.486658329990327 ] ] ] } },
{ "type": "Feature", "properties": { "nearest_shelter_name": "천왕연지타운1단지(아)경로당", "nearest_shelter_addr": "서울특별시 구로구 오류로 30 (천왕연지타운1단지 106동)", "nearest_shelter_lon": 126.840565, "nearest_shelter_lat": 37.48579, "member_grid_ids": ["11530_00532", "11530_00533", "11530_00534", "11530_00587", "11530_00588", "11530_00589", "11530_00641", "11530_00642", "11530_00643"], "display_grid_id": "11530_00113", "gu_code": 11530, "gu_name": "구로구", "source_cell_count": 15, "area_m2": 62500.0, "mean_actual_lst": 31.8006, "mean_actual_anomaly": -6.7902, "seoul_anomaly": -5.5419, "pred_anomaly": -4.6751, "pred_anomaly_std": 0.6461, "green_delta_c": -0.85, "building_ratio": 0.014, "green_ratio": 0.7765, "ndvi": 0.462, "impervious_ratio": 0.0552, "built_surface_ratio": 0.0552, "avg_ground_floor_count": 0.4, "elevation_m": 96.0993, "albedo": 0.1177, "nearest_park_distance_m": 201.7056, "park_area_within_500m": 171217.3392, "nearest_stream_distance_m": 597.816, "est_population_density": 0.0, "dong_elderly_ratio": 0.2273, "dong_avg_age": 44.668, "dong_pop_density": 15583.248, "nearest_shelter_distance_m": 361.86, "shelter_count_within_500m": 4.28, "est_population": 0.0, "est_elderly": 0.0, "shelter_capacity_within_500m": 702.5, "building_form_group": "no_building", "dong_name": "오류2동", "top1_feature": "building_ratio", "top1_shap": -1.295, "top2_feature": "impervious_ratio", "top2_shap": -0.9852, "top3_feature": "built_surface_ratio", "top3_shap": -0.854, "priority_score": 37.298, "priority_rank": 336 }, "geometry": { "type": "Polygon", "coordinates": [ [ [ 126.843938051109149, 37.486674066396162 ], [ 126.843918344505056, 37.488927339619039 ], [ 126.846746114058647, 37.488943009622062 ], [ 126.846765735740291, 37.486689735131087 ], [ 126.843938051109149, 37.486674066396162 ] ] ] } },
{ "type": "Feature", "properties": { "nearest_shelter_name": "한진(아)경로당", "nearest_shelter_addr": "서울특별시 구로구 개봉로3길 87", "nearest_shelter_lon": 126.851525, "nearest_shelter_lat": 37.485381, "member_grid_ids": ["11530_00535", "11530_00536", "11530_00589", "11530_00590", "11530_00591", "11530_00643", "11530_00644", "11530_00645"], "display_grid_id": "11530_00114", "gu_code": 11530, "gu_name": "구로구", "source_cell_count": 16, "area_m2": 62500.0, "mean_actual_lst": 32.2995, "mean_actual_anomaly": -6.2076, "seoul_anomaly": -4.9594, "pred_anomaly": -4.4729, "pred_anomaly_std": 0.6327, "green_delta_c": -0.9961, "building_ratio": 0.0048, "green_ratio": 0.784, "ndvi": 0.4957, "impervious_ratio": 0.055, "built_surface_ratio": 0.055, "avg_ground_floor_count": 0.96, "elevation_m": 84.1593, "albedo": 0.1392, "nearest_park_distance_m": 236.4048, "park_area_within_500m": 64081.4384, "nearest_stream_distance_m": 612.7728, "est_population_density": 0.0, "dong_elderly_ratio": 0.243, "dong_avg_age": 46.9, "dong_pop_density": 24123.6, "nearest_shelter_distance_m": 265.0, "shelter_count_within_500m": 2.52, "est_population": 0.0, "est_elderly": 0.0, "shelter_capacity_within_500m": 404.0, "building_form_group": "no_building", "dong_name": "개봉3동", "top1_feature": "building_ratio", "top1_shap": -1.3858, "top2_feature": "impervious_ratio", "top2_shap": -0.945, "top3_feature": "built_surface_ratio", "top3_shap": -0.741, "priority_score": 38.2765, "priority_rank": 329 }, "geometry": { "type": "Polygon", "coordinates": [ [ [ 126.846765735740291, 37.486689735131087 ], [ 126.846746114058647, 37.488943009622062 ], [ 126.84957388579717, 37.488958611948505 ], [ 126.849593422556126, 37.486705336194909 ], [ 126.846765735740291, 37.486689735131087 ] ] ] } },
{ "type": "Feature", "properties": { "nearest_shelter_name": "한진(아)경로당", "nearest_shelter_addr": "서울특별시 구로구 개봉로3길 87", "nearest_shelter_lon": 126.851525, "nearest_shelter_lat": 37.485381, "member_grid_ids": ["11530_00537", "11530_00538", "11530_00539", "11530_00592", "11530_00593", "11530_00594", "11530_00646", "11530_00647", "11530_00648"], "display_grid_id": "11530_00115", "gu_code": 11530, "gu_name": "구로구", "source_cell_count": 13, "area_m2": 62500.0, "mean_actual_lst": 38.0087, "mean_actual_anomaly": -0.6396, "seoul_anomaly": 0.6086, "pred_anomaly": 0.6893, "pred_anomaly_std": 0.8045, "green_delta_c": -0.4277, "building_ratio": 0.252, "green_ratio": 0.4087, "ndvi": 0.2599, "impervious_ratio": 0.2985, "built_surface_ratio": 0.2985, "avg_ground_floor_count": 3.3808, "elevation_m": 38.4263, "albedo": 0.1328, "nearest_park_distance_m": 58.5724, "park_area_within_500m": 43041.2124, "nearest_stream_distance_m": 486.958, "est_population_density": 21068.4, "dong_elderly_ratio": 0.243, "dong_avg_age": 46.9, "dong_pop_density": 24123.6, "nearest_shelter_distance_m": 149.42, "shelter_count_within_500m": 4.32, "est_population": 1316.8, "est_elderly": 319.9, "shelter_capacity_within_500m": 2029.7, "building_form_group": "high_floor_high_density", "dong_name": "개봉3동", "top1_feature": "building_ratio", "top1_shap": 0.3509, "top2_feature": "green_ratio", "top2_shap": -0.3535, "top3_feature": "ndvi", "top3_shap": -0.1849, "priority_score": 52.7399, "priority_rank": 158 }, "geometry": { "type": "Polygon", "coordinates": [ [ [ 126.849593422556126, 37.486705336194909 ], [ 126.84957388579717, 37.488958611948505 ], [ 126.852401659711191, 37.488974146598224 ], [ 126.852421111547201, 37.486720869587479 ], [ 126.849593422556126, 37.486705336194909 ] ] ] } },
{ "type": "Feature", "properties": { "nearest_shelter_name": "개봉3동경로당", "nearest_shelter_addr": "서울특별시 구로구 개봉로11길 7-46", "nearest_shelter_lon": 126.855381, "nearest_shelter_lat": 37.487061, "member_grid_ids": ["11530_00540", "11530_00541", "11530_00594", "11530_00595", "11530_00596", "11530_00648", "11530_00649", "11530_00650"], "display_grid_id": "11530_00116", "gu_code": 11530, "gu_name": "구로구", "source_cell_count": 13, "area_m2": 62500.0, "mean_actual_lst": 41.1505, "mean_actual_anomaly": 2.4827, "seoul_anomaly": 3.7309, "pred_anomaly": 3.8153, "pred_anomaly_std": 0.8719, "green_delta_c": -0.9019, "building_ratio": 0.4651, "green_ratio": 0.3069, "ndvi": 0.1138, "impervious_ratio": 0.1842, "built_surface_ratio": 0.1842, "avg_ground_floor_count": 3.7647, "elevation_m": 18.378, "albedo": 0.1059, "nearest_park_distance_m": 99.3676, "park_area_within_500m": 83988.4132, "nearest_stream_distance_m": 338.6692, "est_population_density": 43190.0, "dong_elderly_ratio": 0.243, "dong_avg_age": 46.9, "dong_pop_density": 24123.6, "nearest_shelter_distance_m": 71.59, "shelter_count_within_500m": 6.0, "est_population": 2699.4, "est_elderly": 655.9, "shelter_capacity_within_500m": 4828.8, "building_form_group": "high_floor_high_density", "dong_name": "개봉3동", "top1_feature": "building_ratio", "top1_shap": 1.427, "top2_feature": "ndvi", "top2_shap": 0.648, "top3_feature": "impervious_ratio", "top3_shap": 0.2629, "priority_score": 78.0051, "priority_rank": 5 }, "geometry": { "type": "Polygon", "coordinates": [ [ [ 126.852421111547201, 37.486720869587479 ], [ 126.852401659711191, 37.488974146598224 ], [ 126.855229435791216, 37.488989613571043 ], [ 126.855248802703997, 37.486736335308656 ], [ 126.852421111547201, 37.486720869587479 ] ] ] } },
{ "type": "Feature", "properties": { "nearest_shelter_name": "개봉3동경로당", "nearest_shelter_addr": "서울특별시 구로구 개봉로11길 7-46", "nearest_shelter_lon": 126.855381, "nearest_shelter_lat": 37.487061, "member_grid_ids": ["11530_00542", "11530_00543", "11530_00544", "11530_00597", "11530_00598", "11530_00599", "11530_00651", "11530_00652", "11530_00653"], "display_grid_id": "11530_00117", "gu_code": 11530, "gu_name": "구로구", "source_cell_count": 15, "area_m2": 62500.0, "mean_actual_lst": 40.7111, "mean_actual_anomaly": 2.1849, "seoul_anomaly": 3.4332, "pred_anomaly": 3.6171, "pred_anomaly_std": 0.7169, "green_delta_c": -0.2818, "building_ratio": 0.3964, "green_ratio": 0.2593, "ndvi": 0.0907, "impervious_ratio": 0.2671, "built_surface_ratio": 0.2671, "avg_ground_floor_count": 3.856, "elevation_m": 17.7909, "albedo": 0.1164, "nearest_park_distance_m": 38.68, "park_area_within_500m": 83925.638, "nearest_stream_distance_m": 219.6216, "est_population_density": 37936.736, "dong_elderly_ratio": 0.243, "dong_avg_age": 46.9, "dong_pop_density": 24123.6, "nearest_shelter_distance_m": 52.35, "shelter_count_within_500m": 7.56, "est_population": 2371.0, "est_elderly": 576.1, "shelter_capacity_within_500m": 5581.0, "building_form_group": "low_floor_high_density", "dong_name": "개봉3동", "top1_feature": "building_ratio", "top1_shap": 1.1261, "top2_feature": "ndvi", "top2_shap": 0.6571, "top3_feature": "impervious_ratio", "top3_shap": 0.3788, "priority_score": 62.904, "priority_rank": 68 }, "geometry": { "type": "Polygon", "coordinates": [ [ [ 126.855248802703997, 37.486736335308656 ], [ 126.855229435791216, 37.488989613571043 ], [ 126.858057214027824, 37.489005012866834 ], [ 126.858076496017148, 37.48675173335824 ], [ 126.855248802703997, 37.486736335308656 ] ] ] } },
{ "type": "Feature", "properties": { "nearest_shelter_name": "개봉도서관", "nearest_shelter_addr": "서울특별시 구로구 개봉로16길 30-11 (개봉초등학교)", "nearest_shelter_lon": 126.85845, "nearest_shelter_lat": 37.489429, "member_grid_ids": ["11530_00545", "11530_00599", "11530_00600", "11530_00653", "11530_00654", "11530_00655"], "display_grid_id": "11530_00118", "gu_code": 11530, "gu_name": "구로구", "source_cell_count": 10, "area_m2": 33124.0, "mean_actual_lst": 39.7474, "mean_actual_anomaly": 1.0649, "seoul_anomaly": 2.3132, "pred_anomaly": 2.8046, "pred_anomaly_std": 0.9132, "green_delta_c": -0.2742, "building_ratio": 0.3257, "green_ratio": 0.256, "ndvi": 0.1222, "impervious_ratio": 0.361, "built_surface_ratio": 0.361, "avg_ground_floor_count": 4.254, "elevation_m": 17.2176, "albedo": 0.1319, "nearest_park_distance_m": 38.9317, "park_area_within_500m": 49385.6325, "nearest_stream_distance_m": 95.8184, "est_population_density": 29549.6219, "dong_elderly_ratio": 0.243, "dong_avg_age": 46.9, "dong_pop_density": 24123.6, "nearest_shelter_distance_m": 102.95, "shelter_count_within_500m": 7.7566, "est_population": 978.8, "est_elderly": 237.8, "shelter_capacity_within_500m": 4008.6, "building_form_group": "high_floor_high_density", "dong_name": "개봉3동", "top1_feature": "building_ratio", "top1_shap": 0.7579, "top2_feature": "ndvi", "top2_shap": 0.5472, "top3_feature": "impervious_ratio", "top3_shap": 0.4329, "priority_score": 52.7146, "priority_rank": 159 }, "geometry": { "type": "Polygon", "coordinates": [ [ [ 126.858076496017148, 37.48675173335824 ], [ 126.858057214027824, 37.489005012866834 ], [ 126.860555134560286, 37.489018559543474 ], [ 126.860185680000015, 37.488595490000016 ], [ 126.85925574, 37.48753119 ], [ 126.85901351, 37.48725609 ], [ 126.858573951134218, 37.486754435222053 ], [ 126.858076496017148, 37.48675173335824 ] ] ] } },
{ "type": "Feature", "properties": { "nearest_shelter_name": "구일우성(아)경로당", "nearest_shelter_addr": "서울특별시 구로구 구일로2길 60 (구일우성아파트 202동)", "nearest_shelter_lon": 126.877161, "nearest_shelter_lat": 37.49003, "member_grid_ids": ["11530_00656", "11530_00657", "11530_00658"], "display_grid_id": "11530_00119", "gu_code": 11530, "gu_name": "구로구", "source_cell_count": 6, "area_m2": 12081.04, "mean_actual_lst": 38.2321, "mean_actual_anomaly": -0.1793, "seoul_anomaly": 1.0689, "pred_anomaly": 1.58, "pred_anomaly_std": 0.8988, "green_delta_c": -0.4696, "building_ratio": 0.1788, "green_ratio": 0.3101, "ndvi": 0.2312, "impervious_ratio": 0.4739, "built_surface_ratio": 0.4739, "avg_ground_floor_count": 3.0154, "elevation_m": 13.4319, "albedo": 0.1363, "nearest_park_distance_m": 316.1289, "park_area_within_500m": 54503.2523, "nearest_stream_distance_m": 202.446, "est_population_density": 0.0, "dong_elderly_ratio": 0.1597, "dong_avg_age": 41.1, "dong_pop_density": 20103.0, "nearest_shelter_distance_m": 229.94, "shelter_count_within_500m": 5.7711, "est_population": 0.0, "est_elderly": 0.0, "shelter_capacity_within_500m": 446.0, "building_form_group": "high_floor_low_density", "dong_name": "구로1동", "top1_feature": "impervious_ratio", "top1_shap": 0.5179, "top2_feature": "built_surface_ratio", "top2_shap": 0.2939, "top3_feature": "ndvi", "top3_shap": -0.263, "priority_score": 45.4987, "priority_rank": 231 }, "geometry": { "type": "Polygon", "coordinates": [ [ [ 126.875023928205891, 37.489095987414608 ], [ 126.875028921459062, 37.488496663699216 ], [ 126.87499714, 37.48849458 ], [ 126.87471574, 37.48857734 ], [ 126.87456653000001, 37.48873345 ], [ 126.87449460000002, 37.48886119 ], [ 126.87434389, 37.48886019 ], [ 126.87407175, 37.4887957 ], [ 126.87373031, 37.48864498 ], [ 126.87357501000001, 37.48854035 ], [ 126.873479189999983, 37.48847943 ], [ 126.873269250000021, 37.48829814 ], [ 126.87307747, 37.48825289 ], [ 126.872955120000015, 37.48830063 ], [ 126.87292224, 37.48831354 ], [ 126.872748200000018, 37.48843077 ], [ 126.87266883, 37.488554 ], [ 126.872683109999983, 37.48877786 ], [ 126.872639650000011, 37.48898139 ], [ 126.872556743141999, 37.489082909918565 ], [ 126.875023928205891, 37.489095987414608 ] ] ] } },
{ "type": "Feature", "properties": { "nearest_shelter_name": "현대로얄(아)경로당", "nearest_shelter_addr": "서울특별시 구로구 가마산로 97", "nearest_shelter_lon": 126.877274, "nearest_shelter_lat": 37.486402, "member_grid_ids": ["11530_00547", "11530_00548", "11530_00602", "11530_00603", "11530_00658", "11530_00659", "11530_00660"], "display_grid_id": "11530_00120", "gu_code": 11530, "gu_name": "구로구", "source_cell_count": 14, "area_m2": 33663.07, "mean_actual_lst": 40.1825, "mean_actual_anomaly": 1.8276, "seoul_anomaly": 3.0758, "pred_anomaly": 1.871, "pred_anomaly_std": 0.7806, "green_delta_c": -0.3669, "building_ratio": 0.19, "green_ratio": 0.2402, "ndvi": 0.1859, "impervious_ratio": 0.5219, "built_surface_ratio": 0.5219, "avg_ground_floor_count": 7.1446, "elevation_m": 14.8105, "albedo": 0.1229, "nearest_park_distance_m": 230.6271, "park_area_within_500m": 105404.3256, "nearest_stream_distance_m": 453.4146, "est_population_density": 0.0, "dong_elderly_ratio": 0.1597, "dong_avg_age": 41.1, "dong_pop_density": 20103.0, "nearest_shelter_distance_m": 50.29, "shelter_count_within_500m": 6.69, "est_population": 0.0, "est_elderly": 0.0, "shelter_capacity_within_500m": 1079.9, "building_form_group": "high_floor_low_density", "dong_name": "구로1동", "top1_feature": "impervious_ratio", "top1_shap": 0.5711, "top2_feature": "built_surface_ratio", "top2_shap": 0.3415, "top3_feature": "building_ratio", "top3_shap": 0.2925, "priority_score": 47.2917, "priority_rank": 216 }, "geometry": { "type": "Polygon", "coordinates": [ [ [ 126.875023928205891, 37.489095987414608 ], [ 126.877851721273714, 37.48911091296663 ], [ 126.877870408791836, 37.486857624888046 ], [ 126.875244449630003, 37.4868437675959 ], [ 126.87536271, 37.48690131 ], [ 126.875973979999983, 37.48691126 ], [ 126.876261580000019, 37.48723959 ], [ 126.876688459999983, 37.48785273 ], [ 126.876698260000012, 37.48790398 ], [ 126.876759750000019, 37.48811747 ], [ 126.8767677, 37.48821687 ], [ 126.876769100000018, 37.48822363 ], [ 126.87679997, 37.48835711000001 ], [ 126.87679008, 37.48857082 ], [ 126.87666809000001, 37.48873174 ], [ 126.87652268, 37.4888366 ], [ 126.87638187, 37.4889412 ], [ 126.876095510000013, 37.48902986 ], [ 126.87604319, 37.48904728 ], [ 126.87581655000001, 37.48902817 ], [ 126.87563108, 37.48889535 ], [ 126.875371860000016, 37.48860845 ], [ 126.875189169999985, 37.48850717 ], [ 126.875028921459062, 37.488496663699216 ], [ 126.875023928205891, 37.489095987414608 ] ] ] } },
{ "type": "Feature", "properties": { "nearest_shelter_name": "하늘도서관", "nearest_shelter_addr": "서울특별시 구로구 구로동로13길 68 (구로구립하늘도서관)", "nearest_shelter_lon": 126.881052, "nearest_shelter_lat": 37.487442, "member_grid_ids": ["11530_00549", "11530_00550", "11530_00551", "11530_00604", "11530_00605", "11530_00606", "11530_00661", "11530_00662", "11530_00663"], "display_grid_id": "11530_00121", "gu_code": 11530, "gu_name": "구로구", "source_cell_count": 14, "area_m2": 62500.0, "mean_actual_lst": 42.2923, "mean_actual_anomaly": 3.9411, "seoul_anomaly": 5.1893, "pred_anomaly": 3.3982, "pred_anomaly_std": 0.9426, "green_delta_c": -0.6807, "building_ratio": 0.2792, "green_ratio": 0.2415, "ndvi": 0.1766, "impervious_ratio": 0.5321, "built_surface_ratio": 0.5321, "avg_ground_floor_count": 2.1669, "elevation_m": 16.0059, "albedo": 0.1414, "nearest_park_distance_m": 212.8404, "park_area_within_500m": 110697.918, "nearest_stream_distance_m": 658.426, "est_population_density": 1974.8, "dong_elderly_ratio": 0.1697, "dong_avg_age": 42.624, "dong_pop_density": 20941.608, "nearest_shelter_distance_m": 48.74, "shelter_count_within_500m": 8.44, "est_population": 123.4, "est_elderly": 26.1, "shelter_capacity_within_500m": 2794.5, "building_form_group": "low_floor_low_density", "dong_name": "구로1동", "top1_feature": "impervious_ratio", "top1_shap": 0.5362, "top2_feature": "building_ratio", "top2_shap": 0.4949, "top3_feature": "built_surface_ratio", "top3_shap": 0.3116, "priority_score": 70.6881, "priority_rank": 29 }, "geometry": { "type": "Polygon", "coordinates": [ [ [ 126.877870408791836, 37.486857624888046 ], [ 126.877851721273714, 37.48911091296663 ], [ 126.880679516422475, 37.489125770840346 ], [ 126.880698119015136, 37.486872481559388 ], [ 126.877870408791836, 37.486857624888046 ] ] ] } },
{ "type": "Feature", "properties": { "nearest_shelter_name": "하늘도서관", "nearest_shelter_addr": "서울특별시 구로구 구로동로13길 68 (구로구립하늘도서관)", "nearest_shelter_lon": 126.881052, "nearest_shelter_lat": 37.487442, "member_grid_ids": ["11530_00552", "11530_00553", "11530_00606", "11530_00607", "11530_00608", "11530_00663", "11530_00664", "11530_00665"], "display_grid_id": "11530_00122", "gu_code": 11530, "gu_name": "구로구", "source_cell_count": 14, "area_m2": 62500.0, "mean_actual_lst": 42.4053, "mean_actual_anomaly": 4.2109, "seoul_anomaly": 5.4591, "pred_anomaly": 3.7887, "pred_anomaly_std": 0.6976, "green_delta_c": -0.5533, "building_ratio": 0.4257, "green_ratio": 0.2419, "ndvi": 0.13, "impervious_ratio": 0.4881, "built_surface_ratio": 0.4881, "avg_ground_floor_count": 2.4086, "elevation_m": 25.3721, "albedo": 0.1214, "nearest_park_distance_m": 212.2636, "park_area_within_500m": 86594.9556, "nearest_stream_distance_m": 890.3172, "est_population_density": 24405.2, "dong_elderly_ratio": 0.2098, "dong_avg_age": 48.72, "dong_pop_density": 24296.04, "nearest_shelter_distance_m": 48.74, "shelter_count_within_500m": 11.8, "est_population": 1525.3, "est_elderly": 320.8, "shelter_capacity_within_500m": 6297.3, "building_form_group": "low_floor_high_density", "dong_name": "구로2동", "top1_feature": "building_ratio", "top1_shap": 1.0528, "top2_feature": "impervious_ratio", "top2_shap": 0.4828, "top3_feature": "ndvi", "top3_shap": 0.3245, "priority_score": 71.3636, "priority_rank": 22 }, "geometry": { "type": "Polygon", "coordinates": [ [ [ 126.880698119015136, 37.486872481559388 ], [ 126.880679516422475, 37.489125770840346 ], [ 126.88350731364271, 37.489140561035597 ], [ 126.883525831309683, 37.486887270557745 ], [ 126.880698119015136, 37.486872481559388 ] ] ] } },
{ "type": "Feature", "properties": { "nearest_shelter_name": "구로4동구경로당", "nearest_shelter_addr": "서울특별시 구로구 구로동로8길 27 (구로동)", "nearest_shelter_lon": 126.886251, "nearest_shelter_lat": 37.486982, "member_grid_ids": ["11530_00554", "11530_00555", "11530_00556", "11530_00609", "11530_00610", "11530_00611", "11530_00666", "11530_00667", "11530_00668"], "display_grid_id": "11530_00123", "gu_code": 11530, "gu_name": "구로구", "source_cell_count": 13, "area_m2": 62500.0, "mean_actual_lst": 42.6579, "mean_actual_anomaly": 4.5354, "seoul_anomaly": 5.7836, "pred_anomaly": 3.8598, "pred_anomaly_std": 0.6637, "green_delta_c": -0.5875, "building_ratio": 0.4843, "green_ratio": 0.2532, "ndvi": 0.1167, "impervious_ratio": 0.4164, "built_surface_ratio": 0.4164, "avg_ground_floor_count": 3.0234, "elevation_m": 26.0618, "albedo": 0.1278, "nearest_park_distance_m": 108.6452, "park_area_within_500m": 49992.8844, "nearest_stream_distance_m": 990.6696, "est_population_density": 37119.2, "dong_elderly_ratio": 0.2186, "dong_avg_age": 48.392, "dong_pop_density": 35597.656, "nearest_shelter_distance_m": 12.68, "shelter_count_within_500m": 20.04, "est_population": 2319.9, "est_elderly": 509.0, "shelter_capacity_within_500m": 8851.7, "building_form_group": "low_floor_high_density", "dong_name": "구로4동", "top1_feature": "building_ratio", "top1_shap": 1.2731, "top2_feature": "ndvi", "top2_shap": 0.3707, "top3_feature": "impervious_ratio", "top3_shap": 0.3677, "priority_score": 75.0, "priority_rank": 11 }, "geometry": { "type": "Polygon", "coordinates": [ [ [ 126.883525831309683, 37.486887270557745 ], [ 126.88350731364271, 37.489140561035597 ], [ 126.886335112924968, 37.489155283552236 ], [ 126.886353545665983, 37.486901991882959 ], [ 126.883525831309683, 37.486887270557745 ] ] ] } },
{ "type": "Feature", "properties": { "nearest_shelter_name": "구로4동복지관경로당", "nearest_shelter_addr": "서울특별시 구로구 구로동로20길 57 (구로동)", "nearest_shelter_lon": 126.887637, "nearest_shelter_lat": 37.488027, "member_grid_ids": ["11530_00557", "11530_00558", "11530_00611", "11530_00612", "11530_00613", "11530_00668", "11530_00669", "11530_00670"], "display_grid_id": "11530_00124", "gu_code": 11530, "gu_name": "구로구", "source_cell_count": 12, "area_m2": 62500.0, "mean_actual_lst": 40.1062, "mean_actual_anomaly": 2.0987, "seoul_anomaly": 3.3469, "pred_anomaly": 3.1682, "pred_anomaly_std": 0.7455, "green_delta_c": -0.4339, "building_ratio": 0.5048, "green_ratio": 0.2927, "ndvi": 0.1184, "impervious_ratio": 0.2343, "built_surface_ratio": 0.2343, "avg_ground_floor_count": 5.1378, "elevation_m": 30.6794, "albedo": 0.1086, "nearest_park_distance_m": 248.9812, "park_area_within_500m": 68813.2844, "nearest_stream_distance_m": 772.1712, "est_population_density": 59678.4, "dong_elderly_ratio": 0.2189, "dong_avg_age": 47.752, "dong_pop_density": 47279.512, "nearest_shelter_distance_m": 28.0, "shelter_count_within_500m": 24.76, "est_population": 3729.9, "est_elderly": 821.2, "shelter_capacity_within_500m": 7445.7, "building_form_group": "high_floor_high_density", "dong_name": "구로4동", "top1_feature": "building_ratio", "top1_shap": 1.2667, "top2_feature": "ndvi", "top2_shap": 0.546, "top3_feature": "impervious_ratio", "top3_shap": 0.2866, "priority_score": 61.2626, "priority_rank": 81 }, "geometry": { "type": "Polygon", "coordinates": [ [ [ 126.886353545665983, 37.486901991882959 ], [ 126.886335112924968, 37.489155283552236 ], [ 126.889162914259799, 37.489169938390127 ], [ 126.889181262074644, 37.486916645534897 ], [ 126.886353545665983, 37.486901991882959 ] ] ] } },
{ "type": "Feature", "properties": { "nearest_shelter_name": "구로종합사회복지관", "nearest_shelter_addr": "서울특별시 구로구 디지털로31길 93", "nearest_shelter_lon": 126.890808, "nearest_shelter_lat": 37.486794, "member_grid_ids": ["11530_00559", "11530_00560", "11530_00561", "11530_00614", "11530_00615", "11530_00616", "11530_00671", "11530_00672", "11530_00673"], "display_grid_id": "11530_00125", "gu_code": 11530, "gu_name": "구로구", "source_cell_count": 15, "area_m2": 62500.0, "mean_actual_lst": 39.0161, "mean_actual_anomaly": 0.8551, "seoul_anomaly": 2.1034, "pred_anomaly": 1.5062, "pred_anomaly_std": 0.6821, "green_delta_c": -0.094, "building_ratio": 0.2637, "green_ratio": 0.2341, "ndvi": 0.1531, "impervious_ratio": 0.4435, "built_surface_ratio": 0.4435, "avg_ground_floor_count": 12.515, "elevation_m": 21.3949, "albedo": 0.0958, "nearest_park_distance_m": 189.4532, "park_area_within_500m": 129573.4552, "nearest_stream_distance_m": 525.4424, "est_population_density": 43638.4, "dong_elderly_ratio": 0.1688, "dong_avg_age": 43.496, "dong_pop_density": 28683.376, "nearest_shelter_distance_m": 15.83, "shelter_count_within_500m": 23.64, "est_population": 2727.4, "est_elderly": 481.5, "shelter_capacity_within_500m": 5264.3, "building_form_group": "high_floor_low_density", "dong_name": "구로3동", "top1_feature": "impervious_ratio", "top1_shap": 0.4232, "top2_feature": "avg_ground_floor_count", "top2_shap": -0.399, "top3_feature": "building_ratio", "top3_shap": 0.3568, "priority_score": 46.8308, "priority_rank": 221 }, "geometry": { "type": "Polygon", "coordinates": [ [ [ 126.889181262074644, 37.486916645534897 ], [ 126.889162914259799, 37.489169938390127 ], [ 126.891990717637682, 37.489184525549092 ], [ 126.892008980526128, 37.486931231513395 ], [ 126.889181262074644, 37.486916645534897 ] ] ] } },
{ "type": "Feature", "properties": { "nearest_shelter_name": "우민늘푸른(아)경로당", "nearest_shelter_addr": "서울특별시 구로구 도림로20길 50 (우민늘푸른아파트 노인정)", "nearest_shelter_lon": 126.894016, "nearest_shelter_lat": 37.488063, "member_grid_ids": ["11530_00562", "11530_00563", "11530_00616", "11530_00617", "11530_00618", "11530_00673", "11530_00674", "11530_00675"], "display_grid_id": "11530_00126", "gu_code": 11530, "gu_name": "구로구", "source_cell_count": 15, "area_m2": 62500.0, "mean_actual_lst": 40.3913, "mean_actual_anomaly": 2.0079, "seoul_anomaly": 3.2562, "pred_anomaly": 1.6046, "pred_anomaly_std": 0.7916, "green_delta_c": -0.4021, "building_ratio": 0.2375, "green_ratio": 0.2582, "ndvi": 0.1577, "impervious_ratio": 0.3746, "built_surface_ratio": 0.3746, "avg_ground_floor_count": 11.9323, "elevation_m": 20.4915, "albedo": 0.1125, "nearest_park_distance_m": 67.3108, "park_area_within_500m": 206033.2608, "nearest_stream_distance_m": 300.74, "est_population_density": 3989.6, "dong_elderly_ratio": 0.1582, "dong_avg_age": 42.6, "dong_pop_density": 24768.4, "nearest_shelter_distance_m": 32.71, "shelter_count_within_500m": 18.92, "est_population": 249.4, "est_elderly": 39.5, "shelter_capacity_within_500m": 3893.8, "building_form_group": "high_floor_high_density", "dong_name": "구로3동", "top1_feature": "avg_ground_floor_count", "top1_shap": -0.4654, "top2_feature": "impervious_ratio", "top2_shap": 0.3144, "top3_feature": "building_ratio", "top3_shap": 0.3128, "priority_score": 50.4672, "priority_rank": 185 }, "geometry": { "type": "Polygon", "coordinates": [ [ [ 126.892008980526128, 37.486931231513395 ], [ 126.891990717637682, 37.489184525549092 ], [ 126.894818523049253, 37.48919904502899 ], [ 126.89483670101103, 37.486945749818304 ], [ 126.892008980526128, 37.486931231513395 ] ] ] } },
{ "type": "Feature", "properties": { "nearest_shelter_name": "영서(아)경로당", "nearest_shelter_addr": "서울특별시 구로구 디지털로 319 (현대아파트)", "nearest_shelter_lon": 126.896376, "nearest_shelter_lat": 37.487859, "member_grid_ids": ["11530_00564", "11530_00565", "11530_00566", "11530_00619", "11530_00620", "11530_00621", "11530_00676", "11530_00677"], "display_grid_id": "11530_00127", "gu_code": 11530, "gu_name": "구로구", "source_cell_count": 12, "area_m2": 50797.52, "mean_actual_lst": 40.9015, "mean_actual_anomaly": 2.4237, "seoul_anomaly": 3.6719, "pred_anomaly": 2.3952, "pred_anomaly_std": 0.7748, "green_delta_c": -0.2773, "building_ratio": 0.2464, "green_ratio": 0.2408, "ndvi": 0.1227, "impervious_ratio": 0.4076, "built_surface_ratio": 0.4076, "avg_ground_floor_count": 9.1204, "elevation_m": 20.4839, "albedo": 0.1274, "nearest_park_distance_m": 84.6575, "park_area_within_500m": 307234.3705, "nearest_stream_distance_m": 94.0441, "est_population_density": 7560.5851, "dong_elderly_ratio": 0.1582, "dong_avg_age": 42.6, "dong_pop_density": 24768.4, "nearest_shelter_distance_m": 13.04, "shelter_count_within_500m": 11.4317, "est_population": 384.1, "est_elderly": 60.7, "shelter_capacity_within_500m": 2053.1, "building_form_group": "high_floor_low_density", "dong_name": "구로3동", "top1_feature": "ndvi", "top1_shap": 0.4676, "top2_feature": "impervious_ratio", "top2_shap": 0.4126, "top3_feature": "avg_ground_floor_count", "top3_shap": -0.3292, "priority_score": 49.6717, "priority_rank": 190 }, "geometry": { "type": "Polygon", "coordinates": [ [ [ 126.897664423519913, 37.486960200449467 ], [ 126.89483670101103, 37.486945749818304 ], [ 126.894818523049253, 37.48919904502899 ], [ 126.89623599854923, 37.489206297644444 ], [ 126.89627428, 37.48916106 ], [ 126.896409489999982, 37.48900238 ], [ 126.896470549999989, 37.48892867 ], [ 126.89650133, 37.48889294 ], [ 126.89668715, 37.48867488 ], [ 126.89721947, 37.48804241 ], [ 126.897659948524733, 37.487517537261944 ], [ 126.897664423519913, 37.486960200449467 ] ] ] } },
{ "type": "Feature", "properties": { "nearest_shelter_name": "영서(아)경로당", "nearest_shelter_addr": "서울특별시 구로구 디지털로 319 (현대아파트)", "nearest_shelter_lon": 126.896376, "nearest_shelter_lat": 37.487859, "member_grid_ids": ["11530_00566"], "display_grid_id": "11530_00128", "gu_code": 11530, "gu_name": "구로구", "source_cell_count": 2, "area_m2": 1260.85, "mean_actual_lst": 39.9518, "mean_actual_anomaly": 1.2386, "seoul_anomaly": 2.4869, "pred_anomaly": 1.2551, "pred_anomaly_std": 0.7922, "green_delta_c": -0.4801, "building_ratio": 0.0968, "green_ratio": 0.2598, "ndvi": 0.1228, "impervious_ratio": 0.3248, "built_surface_ratio": 0.3248, "avg_ground_floor_count": 17.8261, "elevation_m": 21.8909, "albedo": 0.0979, "nearest_park_distance_m": 67.3951, "park_area_within_500m": 400204.0918, "nearest_stream_distance_m": 40.8645, "est_population_density": 13895.1747, "dong_elderly_ratio": 0.1582, "dong_avg_age": 42.6, "dong_pop_density": 24768.4, "nearest_shelter_distance_m": 150.41, "shelter_count_within_500m": 5.0733, "est_population": 17.5, "est_elderly": 2.8, "shelter_capacity_within_500m": 12.1, "building_form_group": "high_floor_low_density", "dong_name": "구로3동", "top1_feature": "avg_ground_floor_count", "top1_shap": -0.7247, "top2_feature": "ndvi", "top2_shap": 0.4765, "top3_feature": "impervious_ratio", "top3_shap": 0.3669, "priority_score": 51.8308, "priority_rank": 170 }, "geometry": { "type": "Polygon", "coordinates": [ [ [ 126.897664423519913, 37.486960200449467 ], [ 126.897659948524733, 37.487517537261944 ], [ 126.89812569008167, 37.486962551258756 ], [ 126.897664423519913, 37.486960200449467 ] ] ] } },
{ "type": "Feature", "properties": { "nearest_shelter_name": "새마을금고(온수지점)", "nearest_shelter_addr": "서울특별시 구로구 부일로1길 30 (온수동)", "nearest_shelter_lon": 126.820473, "nearest_shelter_lat": 37.492419, "member_grid_ids": ["11530_00737", "11530_00802"], "display_grid_id": "11530_00129", "gu_code": 11530, "gu_name": "구로구", "source_cell_count": 5, "area_m2": 4954.38, "mean_actual_lst": 40.0164, "mean_actual_anomaly": 1.9562, "seoul_anomaly": 3.2045, "pred_anomaly": 2.8266, "pred_anomaly_std": 0.8022, "green_delta_c": -0.5616, "building_ratio": 0.0964, "green_ratio": 0.2146, "ndvi": 0.1696, "impervious_ratio": 0.574, "built_surface_ratio": 0.574, "avg_ground_floor_count": 2.0439, "elevation_m": 35.41, "albedo": 0.1304, "nearest_park_distance_m": 0.0, "park_area_within_500m": 300589.8852, "nearest_stream_distance_m": 1073.8269, "est_population_density": 4719.8991, "dong_elderly_ratio": 0.2188, "dong_avg_age": 44.8, "dong_pop_density": 8657.5, "nearest_shelter_distance_m": 148.25, "shelter_count_within_500m": 4.0, "est_population": 23.4, "est_elderly": 5.1, "shelter_capacity_within_500m": 144.1, "building_form_group": "low_floor_low_density", "dong_name": "수궁동", "top1_feature": "impervious_ratio", "top1_shap": 0.5879, "top2_feature": "built_surface_ratio", "top2_shap": 0.541, "top3_feature": "green_ratio", "top3_shap": 0.4025, "priority_score": 61.6541, "priority_rank": 75 }, "geometry": { "type": "Polygon", "coordinates": [ [ [ 126.821275879624309, 37.491052805268119 ], [ 126.821281168000596, 37.490468370227589 ], [ 126.82127543, 37.49047348 ], [ 126.821148330000014, 37.49053078 ], [ 126.82102338, 37.49058713 ], [ 126.8209317, 37.49057742 ], [ 126.82099354, 37.4906479 ], [ 126.8209882, 37.49065118 ], [ 126.82096276999998, 37.49066672 ], [ 126.82079349, 37.49052736 ], [ 126.820785169999979, 37.49053355 ], [ 126.820777740000011, 37.49053889 ], [ 126.82080993000001, 37.49059553 ], [ 126.82089943, 37.49070239 ], [ 126.82097589, 37.49079345 ], [ 126.82084765, 37.49078057 ], [ 126.820339290000021, 37.49072911 ], [ 126.82020939, 37.49074863 ], [ 126.82004498, 37.49078864 ], [ 126.819937950000011, 37.49084225 ], [ 126.81982014, 37.49090148 ], [ 126.81961795, 37.49100563 ], [ 126.819546323484943, 37.491042855911175 ], [ 126.821275879624309, 37.491052805268119 ] ] ] } },
{ "type": "Feature", "properties": { "nearest_shelter_name": "성원빌라경로당", "nearest_shelter_addr": "서울특별시 구로구 경인로 15-7 (온수동, 성원빌라)", "nearest_shelter_lon": 126.823365, "nearest_shelter_lat": 37.489661, "member_grid_ids": ["11530_00678", "11530_00679", "11530_00738", "11530_00739", "11530_00740", "11530_00803", "11530_00804", "11530_00805"], "display_grid_id": "11530_00130", "gu_code": 11530, "gu_name": "구로구", "source_cell_count": 10, "area_m2": 40469.75, "mean_actual_lst": 38.5111, "mean_actual_anomaly": 0.4541, "seoul_anomaly": 1.7023, "pred_anomaly": 1.6199, "pred_anomaly_std": 0.8698, "green_delta_c": -0.3674, "building_ratio": 0.2623, "green_ratio": 0.3026, "ndvi": 0.278, "impervious_ratio": 0.4894, "built_surface_ratio": 0.4894, "avg_ground_floor_count": 2.9626, "elevation_m": 43.4512, "albedo": 0.1242, "nearest_park_distance_m": 0.0, "park_area_within_500m": 275633.5702, "nearest_stream_distance_m": 870.8342, "est_population_density": 19169.8645, "dong_elderly_ratio": 0.2188, "dong_avg_age": 44.8, "dong_pop_density": 8657.5, "nearest_shelter_distance_m": 41.83, "shelter_count_within_500m": 5.0954, "est_population": 775.8, "est_elderly": 169.6, "shelter_capacity_within_500m": 454.5, "building_form_group": "low_floor_high_density", "dong_name": "수궁동", "top1_feature": "ndvi", "top1_shap": -0.5084, "top2_feature": "building_ratio", "top2_shap": 0.4901, "top3_feature": "impervious_ratio", "top3_shap": 0.3683, "priority_score": 47.3737, "priority_rank": 215 }, "geometry": { "type": "Polygon", "coordinates": [ [ [ 126.821275879624309, 37.491052805268119 ], [ 126.824103716287823, 37.491069017989759 ], [ 126.824124019602309, 37.488815754667804 ], [ 126.823047367484477, 37.488809590235562 ], [ 126.823047530000011, 37.48882481 ], [ 126.82304664, 37.48905372 ], [ 126.82304679, 37.48929108 ], [ 126.82300528, 37.48935549 ], [ 126.822910760000013, 37.4895116 ], [ 126.82283377, 37.48963595 ], [ 126.8228177, 37.48971505 ], [ 126.82277925, 37.48990054 ], [ 126.82276212, 37.48997935 ], [ 126.82273965, 37.48998494 ], [ 126.82257012, 37.49003171 ], [ 126.82252008, 37.49004572 ], [ 126.82232102, 37.49009805 ], [ 126.822089780000013, 37.49015964 ], [ 126.821950270000016, 37.49020028 ], [ 126.82163241, 37.49028707 ], [ 126.821512700000014, 37.49032969 ], [ 126.82146513, 37.49034848 ], [ 126.821366950000012, 37.49039198 ], [ 126.821281168000596, 37.490468370227589 ], [ 126.821275879624309, 37.491052805268119 ] ] ] } },
{ "type": "Feature", "properties": { "nearest_shelter_name": "동진빌라경로당", "nearest_shelter_addr": "서울특별시 구로구 경인로 19 (온수동)", "nearest_shelter_lon": 126.824846, "nearest_shelter_lat": 37.49036, "member_grid_ids": ["11530_00679", "11530_00680", "11530_00681", "11530_00740", "11530_00741", "11530_00742", "11530_00806", "11530_00807"], "display_grid_id": "11530_00131", "gu_code": 11530, "gu_name": "구로구", "source_cell_count": 9, "area_m2": 62500.0, "mean_actual_lst": 39.3939, "mean_actual_anomaly": 1.3334, "seoul_anomaly": 2.5817, "pred_anomaly": 2.6998, "pred_anomaly_std": 0.8102, "green_delta_c": -0.4241, "building_ratio": 0.2222, "green_ratio": 0.2195, "ndvi": 0.2211, "impervious_ratio": 0.6018, "built_surface_ratio": 0.6018, "avg_ground_floor_count": 3.0058, "elevation_m": 36.9365, "albedo": 0.1344, "nearest_park_distance_m": 38.528, "park_area_within_500m": 271626.2964, "nearest_stream_distance_m": 682.1456, "est_population_density": 17423.2, "dong_elderly_ratio": 0.22, "dong_avg_age": 44.32, "dong_pop_density": 10387.66, "nearest_shelter_distance_m": 40.68, "shelter_count_within_500m": 4.68, "est_population": 1088.9, "est_elderly": 239.7, "shelter_capacity_within_500m": 487.5, "building_form_group": "low_floor_low_density", "dong_name": "수궁동", "top1_feature": "impervious_ratio", "top1_shap": 0.5419, "top2_feature": "built_surface_ratio", "top2_shap": 0.4459, "top3_feature": "building_ratio", "top3_shap": 0.3205, "priority_score": 61.6414, "priority_rank": 76 }, "geometry": { "type": "Polygon", "coordinates": [ [ [ 126.824124019602309, 37.488815754667804 ], [ 126.824103716287823, 37.491069017989759 ], [ 126.826931555212212, 37.491085163030654 ], [ 126.826951773596619, 37.488831898402204 ], [ 126.824124019602309, 37.488815754667804 ] ] ] } },
{ "type": "Feature", "properties": { "nearest_shelter_name": "오정경로당", "nearest_shelter_addr": "서울특별시 구로구 오리로13가길 30 (동보아파트상가)", "nearest_shelter_lon": 126.830284, "nearest_shelter_lat": 37.48957, "member_grid_ids": ["11530_00682", "11530_00683", "11530_00684", "11530_00743", "11530_00744", "11530_00745", "11530_00808", "11530_00809", "11530_00810"], "display_grid_id": "11530_00132", "gu_code": 11530, "gu_name": "구로구", "source_cell_count": 15, "area_m2": 62500.0, "mean_actual_lst": 36.6921, "mean_actual_anomaly": -1.6846, "seoul_anomaly": -0.4364, "pred_anomaly": -0.3462, "pred_anomaly_std": 0.8199, "green_delta_c": -0.735, "building_ratio": 0.116, "green_ratio": 0.492, "ndvi": 0.3405, "impervious_ratio": 0.2822, "built_surface_ratio": 0.2822, "avg_ground_floor_count": 3.0107, "elevation_m": 43.2243, "albedo": 0.1233, "nearest_park_distance_m": 67.8328, "park_area_within_500m": 248277.788, "nearest_stream_distance_m": 450.2448, "est_population_density": 10520.4, "dong_elderly_ratio": 0.2212, "dong_avg_age": 43.8, "dong_pop_density": 12262.0, "nearest_shelter_distance_m": 54.11, "shelter_count_within_500m": 6.16, "est_population": 657.5, "est_elderly": 145.4, "shelter_capacity_within_500m": 1138.0, "building_form_group": "low_floor_low_density", "dong_name": "오류2동", "top1_feature": "green_ratio", "top1_shap": -0.6377, "top2_feature": "ndvi", "top2_shap": -0.5245, "top3_feature": "impervious_ratio", "top3_shap": 0.1575, "priority_score": 50.5303, "priority_rank": 184 }, "geometry": { "type": "Polygon", "coordinates": [ [ [ 126.826951773596619, 37.488831898402204 ], [ 126.826931555212212, 37.491085163030654 ], [ 126.829759396387956, 37.491101240390662 ], [ 126.829779529842057, 37.488847974461187 ], [ 126.826951773596619, 37.488831898402204 ] ] ] } },
{ "type": "Feature", "properties": { "nearest_shelter_name": "오정경로당", "nearest_shelter_addr": "서울특별시 구로구 오리로13가길 30 (동보아파트상가)", "nearest_shelter_lon": 126.830284, "nearest_shelter_lat": 37.48957, "member_grid_ids": ["11530_00684", "11530_00685", "11530_00686", "11530_00745", "11530_00746", "11530_00747", "11530_00811", "11530_00812"], "display_grid_id": "11530_00133", "gu_code": 11530, "gu_name": "구로구", "source_cell_count": 14, "area_m2": 62500.0, "mean_actual_lst": 38.6815, "mean_actual_anomaly": 0.1285, "seoul_anomaly": 1.3767, "pred_anomaly": 1.549, "pred_anomaly_std": 0.8346, "green_delta_c": -0.4048, "building_ratio": 0.2222, "green_ratio": 0.2998, "ndvi": 0.285, "impervious_ratio": 0.525, "built_surface_ratio": 0.525, "avg_ground_floor_count": 3.7144, "elevation_m": 41.2356, "albedo": 0.1241, "nearest_park_distance_m": 107.1832, "park_area_within_500m": 240266.5624, "nearest_stream_distance_m": 282.7464, "est_population_density": 20641.2, "dong_elderly_ratio": 0.2212, "dong_avg_age": 43.8, "dong_pop_density": 12262.0, "nearest_shelter_distance_m": 54.11, "shelter_count_within_500m": 5.84, "est_population": 1290.1, "est_elderly": 285.4, "shelter_capacity_within_500m": 1424.0, "building_form_group": "high_floor_low_density", "dong_name": "오류2동", "top1_feature": "ndvi", "top1_shap": -0.5628, "top2_feature": "impervious_ratio", "top2_shap": 0.3994, "top3_feature": "building_ratio", "top3_shap": 0.3742, "priority_score": 51.9949, "priority_rank": 168 }, "geometry": { "type": "Polygon", "coordinates": [ [ [ 126.829779529842057, 37.488847974461187 ], [ 126.829759396387956, 37.491101240390662 ], [ 126.832587239805648, 37.491117250069614 ], [ 126.832607288329143, 37.488863982844585 ], [ 126.829779529842057, 37.488847974461187 ] ] ] } },
{ "type": "Feature", "properties": { "nearest_shelter_name": "금강수목원(아)경로당", "nearest_shelter_addr": "서울특별시 구로구 오리로 1197 (금강수목원아파트 104동)", "nearest_shelter_lon": 126.832325, "nearest_shelter_lat": 37.488267, "member_grid_ids": ["11530_00687", "11530_00688", "11530_00689", "11530_00748", "11530_00749", "11530_00750", "11530_00813", "11530_00814", "11530_00815"], "display_grid_id": "11530_00134", "gu_code": 11530, "gu_name": "구로구", "source_cell_count": 13, "area_m2": 62500.0, "mean_actual_lst": 43.7576, "mean_actual_anomaly": 5.1481, "seoul_anomaly": 6.3963, "pred_anomaly": 4.0546, "pred_anomaly_std": 0.9329, "green_delta_c": -0.3913, "building_ratio": 0.3978, "green_ratio": 0.1857, "ndvi": 0.158, "impervious_ratio": 0.6541, "built_surface_ratio": 0.6541, "avg_ground_floor_count": 2.6082, "elevation_m": 26.4124, "albedo": 0.1319, "nearest_park_distance_m": 24.9096, "park_area_within_500m": 230333.754, "nearest_stream_distance_m": 244.6688, "est_population_density": 19422.8, "dong_elderly_ratio": 0.2212, "dong_avg_age": 43.8, "dong_pop_density": 12262.0, "nearest_shelter_distance_m": 138.41, "shelter_count_within_500m": 9.72, "est_population": 1213.9, "est_elderly": 268.4, "shelter_capacity_within_500m": 1800.5, "building_form_group": "low_floor_high_density", "dong_name": "오류2동", "top1_feature": "building_ratio", "top1_shap": 0.9311, "top2_feature": "impervious_ratio", "top2_shap": 0.6235, "top3_feature": "built_surface_ratio", "top3_shap": 0.4644, "priority_score": 77.4242, "priority_rank": 7 }, "geometry": { "type": "Polygon", "coordinates": [ [ [ 126.832607288329143, 37.488863982844585 ], [ 126.832587239805648, 37.491117250069614 ], [ 126.835415085455821, 37.491133192067338 ], [ 126.835435049048442, 37.48887992355224 ], [ 126.832607288329143, 37.488863982844585 ] ] ] } },
{ "type": "Feature", "properties": { "nearest_shelter_name": "영풍마드레빌(아)경로당", "nearest_shelter_addr": "서울특별시 구로구 경인로8길 64 (영풍마드레빌아파트 112동)", "nearest_shelter_lon": 126.838569, "nearest_shelter_lat": 37.49157, "member_grid_ids": ["11530_00689", "11530_00690", "11530_00691", "11530_00750", "11530_00751", "11530_00752", "11530_00816", "11530_00817"], "display_grid_id": "11530_00135", "gu_code": 11530, "gu_name": "구로구", "source_cell_count": 14, "area_m2": 62500.0, "mean_actual_lst": 43.3541, "mean_actual_anomaly": 4.7158, "seoul_anomaly": 5.964, "pred_anomaly": 3.8642, "pred_anomaly_std": 0.8058, "green_delta_c": -0.302, "building_ratio": 0.2969, "green_ratio": 0.1985, "ndvi": 0.12, "impervious_ratio": 0.5866, "built_surface_ratio": 0.5866, "avg_ground_floor_count": 3.7969, "elevation_m": 23.5938, "albedo": 0.1268, "nearest_park_distance_m": 23.488, "park_area_within_500m": 258232.0756, "nearest_stream_distance_m": 277.8736, "est_population_density": 17935.6, "dong_elderly_ratio": 0.2212, "dong_avg_age": 43.8, "dong_pop_density": 12262.0, "nearest_shelter_distance_m": 91.8, "shelter_count_within_500m": 14.76, "est_population": 1121.0, "est_elderly": 247.8, "shelter_capacity_within_500m": 2068.0, "building_form_group": "low_floor_low_density", "dong_name": "오류2동", "top1_feature": "impervious_ratio", "top1_shap": 0.5761, "top2_feature": "built_surface_ratio", "top2_shap": 0.4014, "top3_feature": "ndvi", "top3_shap": 0.3989, "priority_score": 72.8536, "priority_rank": 15 }, "geometry": { "type": "Polygon", "coordinates": [ [ [ 126.835435049048442, 37.48887992355224 ], [ 126.835415085455821, 37.491133192067338 ], [ 126.838242933328985, 37.49114906638367 ], [ 126.838262811990489, 37.488895796583968 ], [ 126.835435049048442, 37.48887992355224 ] ] ] } },
{ "type": "Feature", "properties": { "nearest_shelter_name": "오리골경로당", "nearest_shelter_addr": "서울특별시 구로구 오류로 54 (성민빌딩)", "nearest_shelter_lon": 126.840042, "nearest_shelter_lat": 37.489542, "member_grid_ids": ["11530_00692", "11530_00693", "11530_00694", "11530_00753", "11530_00754", "11530_00755", "11530_00818", "11530_00819", "11530_00820"], "display_grid_id": "11530_00136", "gu_code": 11530, "gu_name": "구로구", "source_cell_count": 13, "area_m2": 62500.0, "mean_actual_lst": 40.695, "mean_actual_anomaly": 1.869, "seoul_anomaly": 3.1172, "pred_anomaly": 2.8006, "pred_anomaly_std": 0.7666, "green_delta_c": -0.2709, "building_ratio": 0.2603, "green_ratio": 0.2188, "ndvi": 0.1674, "impervious_ratio": 0.5481, "built_surface_ratio": 0.5481, "avg_ground_floor_count": 6.3424, "elevation_m": 23.2757, "albedo": 0.1057, "nearest_park_distance_m": 70.0536, "park_area_within_500m": 259714.4784, "nearest_stream_distance_m": 311.1324, "est_population_density": 37304.8, "dong_elderly_ratio": 0.2212, "dong_avg_age": 43.8, "dong_pop_density": 12262.0, "nearest_shelter_distance_m": 22.01, "shelter_count_within_500m": 14.12, "est_population": 2331.5, "est_elderly": 515.7, "shelter_capacity_within_500m": 2059.0, "building_form_group": "high_floor_low_density", "dong_name": "오류2동", "top1_feature": "impervious_ratio", "top1_shap": 0.4961, "top2_feature": "building_ratio", "top2_shap": 0.4515, "top3_feature": "built_surface_ratio", "top3_shap": 0.2991, "priority_score": 58.1629, "priority_rank": 108 }, "geometry": { "type": "Polygon", "coordinates": [ [ [ 126.838262811990489, 37.488895796583968 ], [ 126.838242933328985, 37.49114906638367 ], [ 126.841070783415731, 37.491164873018448 ], [ 126.841090577145849, 37.48891160193962 ], [ 126.838262811990489, 37.488895796583968 ] ] ] } },
{ "type": "Feature", "properties": { "nearest_shelter_name": "오류2동새마을금고", "nearest_shelter_addr": "서울특별시 구로구 오류로 70 (오류동)", "nearest_shelter_lon": 126.840846, "nearest_shelter_lat": 37.490735, "member_grid_ids": ["11530_00694", "11530_00695", "11530_00696", "11530_00755", "11530_00756", "11530_00757", "11530_00821", "11530_00822"], "display_grid_id": "11530_00137", "gu_code": 11530, "gu_name": "구로구", "source_cell_count": 11, "area_m2": 62500.0, "mean_actual_lst": 38.7605, "mean_actual_anomaly": 0.1707, "seoul_anomaly": 1.419, "pred_anomaly": 1.9514, "pred_anomaly_std": 0.8712, "green_delta_c": -0.2987, "building_ratio": 0.3188, "green_ratio": 0.3274, "ndvi": 0.191, "impervious_ratio": 0.3746, "built_surface_ratio": 0.3746, "avg_ground_floor_count": 3.3564, "elevation_m": 39.0207, "albedo": 0.1085, "nearest_park_distance_m": 55.496, "park_area_within_500m": 163880.3128, "nearest_stream_distance_m": 332.1356, "est_population_density": 25550.4, "dong_elderly_ratio": 0.2212, "dong_avg_age": 43.8, "dong_pop_density": 12262.0, "nearest_shelter_distance_m": 56.22, "shelter_count_within_500m": 12.36, "est_population": 1596.9, "est_elderly": 353.2, "shelter_capacity_within_500m": 1982.5, "building_form_group": "low_floor_high_density", "dong_name": "오류2동", "top1_feature": "building_ratio", "top1_shap": 0.841, "top2_feature": "impervious_ratio", "top2_shap": 0.2229, "top3_feature": "green_ratio", "top3_shap": -0.1943, "priority_score": 49.5581, "priority_rank": 195 }, "geometry": { "type": "Polygon", "coordinates": [ [ [ 126.841090577145849, 37.48891160193962 ], [ 126.841070783415731, 37.491164873018448 ], [ 126.843898635706566, 37.491180611971515 ], [ 126.843918344505056, 37.488927339619039 ], [ 126.841090577145849, 37.48891160193962 ] ] ] } },
{ "type": "Feature", "properties": { "nearest_shelter_name": "오류2동경로당", "nearest_shelter_addr": "서울특별시 구로구 오류로8라길 3 (오류동)", "nearest_shelter_lon": 126.842775, "nearest_shelter_lat": 37.491602, "member_grid_ids": ["11530_00697", "11530_00698", "11530_00699", "11530_00758", "11530_00759", "11530_00760", "11530_00823", "11530_00824", "11530_00825"], "display_grid_id": "11530_00138", "gu_code": 11530, "gu_name": "구로구", "source_cell_count": 12, "area_m2": 62500.0, "mean_actual_lst": 37.3588, "mean_actual_anomaly": -1.0887, "seoul_anomaly": 0.1596, "pred_anomaly": -1.3341, "pred_anomaly_std": 0.8178, "green_delta_c": -0.8379, "building_ratio": 0.1093, "green_ratio": 0.5378, "ndvi": 0.3676, "impervious_ratio": 0.2114, "built_surface_ratio": 0.2114, "avg_ground_floor_count": 1.2992, "elevation_m": 55.1768, "albedo": 0.1112, "nearest_park_distance_m": 241.134, "park_area_within_500m": 93593.6176, "nearest_stream_distance_m": 383.7008, "est_population_density": 614.4, "dong_elderly_ratio": 0.2212, "dong_avg_age": 43.8, "dong_pop_density": 12262.0, "nearest_shelter_distance_m": 156.41, "shelter_count_within_500m": 8.36, "est_population": 38.4, "est_elderly": 8.6, "shelter_capacity_within_500m": 1249.7, "building_form_group": "low_floor_low_density", "dong_name": "오류2동", "top1_feature": "green_ratio", "top1_shap": -0.6858, "top2_feature": "ndvi", "top2_shap": -0.5262, "top3_feature": "building_ratio", "top3_shap": -0.1191, "priority_score": 49.596, "priority_rank": 194 }, "geometry": { "type": "Polygon", "coordinates": [ [ [ 126.843918344505056, 37.488927339619039 ], [ 126.843898635706566, 37.491180611971515 ], [ 126.846726490192054, 37.491196283242701 ], [ 126.846746114058647, 37.488943009622062 ], [ 126.843918344505056, 37.488927339619039 ] ] ] } },
{ "type": "Feature", "properties": { "nearest_shelter_name": "금강(아)경로당", "nearest_shelter_addr": "서울특별시 구로구 서해안로34가길 18 (금강아파트 상가동)", "nearest_shelter_lon": 126.847753, "nearest_shelter_lat": 37.492703, "member_grid_ids": ["11530_00699", "11530_00700", "11530_00701", "11530_00760", "11530_00761", "11530_00762", "11530_00826", "11530_00827"], "display_grid_id": "11530_00139", "gu_code": 11530, "gu_name": "구로구", "source_cell_count": 11, "area_m2": 62500.0, "mean_actual_lst": 34.5141, "mean_actual_anomaly": -4.0907, "seoul_anomaly": -2.8425, "pred_anomaly": -2.8237, "pred_anomaly_std": 0.7253, "green_delta_c": -0.5797, "building_ratio": 0.0794, "green_ratio": 0.6777, "ndvi": 0.4293, "impervious_ratio": 0.1447, "built_surface_ratio": 0.1447, "avg_ground_floor_count": 0.44, "elevation_m": 75.4644, "albedo": 0.1283, "nearest_park_distance_m": 252.2676, "park_area_within_500m": 46083.2312, "nearest_stream_distance_m": 460.0544, "est_population_density": 0.0, "dong_elderly_ratio": 0.2302, "dong_avg_age": 44.976, "dong_pop_density": 18133.448, "nearest_shelter_distance_m": 166.73, "shelter_count_within_500m": 4.92, "est_population": 0.0, "est_elderly": 0.0, "shelter_capacity_within_500m": 365.2, "building_form_group": "low_floor_low_density", "dong_name": "오류2동", "top1_feature": "green_ratio", "top1_shap": -0.8675, "top2_feature": "ndvi", "top2_shap": -0.5455, "top3_feature": "building_ratio", "top3_shap": -0.4747, "priority_score": 36.3573, "priority_rank": 347 }, "geometry": { "type": "Polygon", "coordinates": [ [ [ 126.846746114058647, 37.488943009622062 ], [ 126.846726490192054, 37.491196283242701 ], [ 126.849554346862732, 37.491211886831827 ], [ 126.84957388579717, 37.488958611948505 ], [ 126.846746114058647, 37.488943009622062 ] ] ] } },
{ "type": "Feature", "properties": { "nearest_shelter_name": "중앙경로당", "nearest_shelter_addr": "서울특별시 구로구 개봉로15길 58-2 (개봉동)", "nearest_shelter_lon": 126.852999, "nearest_shelter_lat": 37.49012, "member_grid_ids": ["11530_00702", "11530_00703", "11530_00704", "11530_00763", "11530_00764", "11530_00765", "11530_00828", "11530_00829", "11530_00830"], "display_grid_id": "11530_00140", "gu_code": 11530, "gu_name": "구로구", "source_cell_count": 13, "area_m2": 62500.0, "mean_actual_lst": 37.5131, "mean_actual_anomaly": -1.1458, "seoul_anomaly": 0.1024, "pred_anomaly": 0.5072, "pred_anomaly_std": 0.8033, "green_delta_c": -0.5184, "building_ratio": 0.2645, "green_ratio": 0.4596, "ndvi": 0.2767, "impervious_ratio": 0.2227, "built_surface_ratio": 0.2227, "avg_ground_floor_count": 2.8324, "elevation_m": 52.9785, "albedo": 0.13, "nearest_park_distance_m": 71.8612, "park_area_within_500m": 35663.9168, "nearest_stream_distance_m": 507.0556, "est_population_density": 22959.6, "dong_elderly_ratio": 0.245, "dong_avg_age": 46.42, "dong_pop_density": 32574.66, "nearest_shelter_distance_m": 58.51, "shelter_count_within_500m": 5.68, "est_population": 1435.0, "est_elderly": 352.0, "shelter_capacity_within_500m": 2983.0, "building_form_group": "high_floor_high_density", "dong_name": "개봉2동", "top1_feature": "building_ratio", "top1_shap": 0.4764, "top2_feature": "green_ratio", "top2_shap": -0.5849, "top3_feature": "ndvi", "top3_shap": -0.1853, "priority_score": 52.7399, "priority_rank": 157 }, "geometry": { "type": "Polygon", "coordinates": [ [ [ 126.84957388579717, 37.488958611948505 ], [ 126.849554346862732, 37.491211886831827 ], [ 126.852382205709148, 37.491227422738767 ], [ 126.852401659711191, 37.488974146598224 ], [ 126.84957388579717, 37.488958611948505 ] ] ] } },
{ "type": "Feature", "properties": { "nearest_shelter_name": "중앙경로당", "nearest_shelter_addr": "서울특별시 구로구 개봉로15길 58-2 (개봉동)", "nearest_shelter_lon": 126.852999, "nearest_shelter_lat": 37.49012, "member_grid_ids": ["11530_00704", "11530_00705", "11530_00706", "11530_00765", "11530_00766", "11530_00767", "11530_00831", "11530_00832"], "display_grid_id": "11530_00141", "gu_code": 11530, "gu_name": "구로구", "source_cell_count": 14, "area_m2": 62500.0, "mean_actual_lst": 41.0852, "mean_actual_anomaly": 2.4544, "seoul_anomaly": 3.7026, "pred_anomaly": 3.8238, "pred_anomaly_std": 0.7718, "green_delta_c": -0.5736, "building_ratio": 0.4747, "green_ratio": 0.3056, "ndvi": 0.1103, "impervious_ratio": 0.2004, "built_surface_ratio": 0.2004, "avg_ground_floor_count": 3.6619, "elevation_m": 21.1542, "albedo": 0.1085, "nearest_park_distance_m": 109.5444, "park_area_within_500m": 64278.5992, "nearest_stream_distance_m": 454.7228, "est_population_density": 42930.8, "dong_elderly_ratio": 0.245, "dong_avg_age": 46.42, "dong_pop_density": 32574.66, "nearest_shelter_distance_m": 51.79, "shelter_count_within_500m": 9.12, "est_population": 2683.2, "est_elderly": 657.2, "shelter_capacity_within_500m": 5289.0, "building_form_group": "low_floor_high_density", "dong_name": "개봉2동", "top1_feature": "building_ratio", "top1_shap": 1.3839, "top2_feature": "ndvi", "top2_shap": 0.6687, "top3_feature": "impervious_ratio", "top3_shap": 0.2818, "priority_score": 71.5783, "priority_rank": 21 }, "geometry": { "type": "Polygon", "coordinates": [ [ [ 126.852401659711191, 37.488974146598224 ], [ 126.852382205709148, 37.491227422738767 ], [ 126.855210066721838, 37.491242890963335 ], [ 126.855229435791216, 37.488989613571043 ], [ 126.852401659711191, 37.488974146598224 ] ] ] } },
{ "type": "Feature", "properties": { "nearest_shelter_name": "개봉도서관", "nearest_shelter_addr": "서울특별시 구로구 개봉로16길 30-11 (개봉초등학교)", "nearest_shelter_lon": 126.85845, "nearest_shelter_lat": 37.489429, "member_grid_ids": ["11530_00707", "11530_00708", "11530_00709", "11530_00768", "11530_00769", "11530_00770", "11530_00833", "11530_00834", "11530_00835"], "display_grid_id": "11530_00142", "gu_code": 11530, "gu_name": "구로구", "source_cell_count": 13, "area_m2": 62500.0, "mean_actual_lst": 40.9687, "mean_actual_anomaly": 2.3379, "seoul_anomaly": 3.5861, "pred_anomaly": 3.6434, "pred_anomaly_std": 0.7846, "green_delta_c": -0.6342, "building_ratio": 0.4103, "green_ratio": 0.2932, "ndvi": 0.1044, "impervious_ratio": 0.2045, "built_surface_ratio": 0.2045, "avg_ground_floor_count": 3.7655, "elevation_m": 18.4399, "albedo": 0.1183, "nearest_park_distance_m": 176.9856, "park_area_within_500m": 86420.9176, "nearest_stream_distance_m": 337.3064, "est_population_density": 37421.6, "dong_elderly_ratio": 0.245, "dong_avg_age": 46.42, "dong_pop_density": 32574.66, "nearest_shelter_distance_m": 35.19, "shelter_count_within_500m": 10.72, "est_population": 2338.8, "est_elderly": 573.4, "shelter_capacity_within_500m": 4856.5, "building_form_group": "high_floor_high_density", "dong_name": "개봉2동", "top1_feature": "building_ratio", "top1_shap": 1.2514, "top2_feature": "ndvi", "top2_shap": 0.6689, "top3_feature": "impervious_ratio", "top3_shap": 0.2504, "priority_score": 69.6212, "priority_rank": 34 }, "geometry": { "type": "Polygon", "coordinates": [ [ [ 126.855229435791216, 37.488989613571043 ], [ 126.855210066721838, 37.491242890963335 ], [ 126.858037929891367, 37.491258291505375 ], [ 126.858057214027824, 37.489005012866834 ], [ 126.855229435791216, 37.488989613571043 ] ] ] } },
{ "type": "Feature", "properties": { "nearest_shelter_name": "개봉도서관", "nearest_shelter_addr": "서울특별시 구로구 개봉로16길 30-11 (개봉초등학교)", "nearest_shelter_lon": 126.85845, "nearest_shelter_lat": 37.489429, "member_grid_ids": ["11530_00709", "11530_00710", "11530_00711", "11530_00770", "11530_00771", "11530_00772", "11530_00836", "11530_00837"], "display_grid_id": "11530_00143", "gu_code": 11530, "gu_name": "구로구", "source_cell_count": 13, "area_m2": 61897.24, "mean_actual_lst": 38.5777, "mean_actual_anomaly": -0.1056, "seoul_anomaly": 1.1426, "pred_anomaly": 0.9973, "pred_anomaly_std": 0.7133, "green_delta_c": -0.3023, "building_ratio": 0.2273, "green_ratio": 0.2689, "ndvi": 0.2071, "impervious_ratio": 0.4287, "built_surface_ratio": 0.4287, "avg_ground_floor_count": 15.9388, "elevation_m": 24.3953, "albedo": 0.1114, "nearest_park_distance_m": 222.9057, "park_area_within_500m": 69857.4108, "nearest_stream_distance_m": 177.7126, "est_population_density": 75558.2926, "dong_elderly_ratio": 0.2451, "dong_avg_age": 46.4153, "dong_pop_density": 32656.9565, "nearest_shelter_distance_m": 35.19, "shelter_count_within_500m": 10.4136, "est_population": 4676.8, "est_elderly": 1147.0, "shelter_capacity_within_500m": 4116.5, "building_form_group": "high_floor_low_density", "dong_name": "개봉2동", "top1_feature": "avg_ground_floor_count", "top1_shap": -0.49, "top2_feature": "impervious_ratio", "top2_shap": 0.4172, "top3_feature": "built_surface_ratio", "top3_shap": 0.3018, "priority_score": 49.8611, "priority_rank": 189 }, "geometry": { "type": "Polygon", "coordinates": [ [ [ 126.858057214027824, 37.489005012866834 ], [ 126.858037929891367, 37.491258291505375 ], [ 126.860865795208241, 37.491273624364737 ], [ 126.860881818375972, 37.489393111552175 ], [ 126.86068583, 37.48916822 ], [ 126.860555134560286, 37.489018559543474 ], [ 126.858057214027824, 37.489005012866834 ] ] ] } },
{ "type": "Feature", "properties": { "nearest_shelter_name": "현대홈타운2단지(아)경로당", "nearest_shelter_addr": "서울특별시 구로구 개봉로20길 158", "nearest_shelter_lon": 126.861235, "nearest_shelter_lat": 37.491819, "member_grid_ids": ["11530_00712", "11530_00773", "11530_00774", "11530_00838", "11530_00839"], "display_grid_id": "11530_00144", "gu_code": 11530, "gu_name": "구로구", "source_cell_count": 7, "area_m2": 22318.56, "mean_actual_lst": 38.4661, "mean_actual_anomaly": -0.564, "seoul_anomaly": 0.6842, "pred_anomaly": 0.5583, "pred_anomaly_std": 0.8283, "green_delta_c": -0.3072, "building_ratio": 0.2298, "green_ratio": 0.2776, "ndvi": 0.2636, "impervious_ratio": 0.5104, "built_surface_ratio": 0.5104, "avg_ground_floor_count": 18.2232, "elevation_m": 27.9987, "albedo": 0.1281, "nearest_park_distance_m": 276.7547, "park_area_within_500m": 45585.1323, "nearest_stream_distance_m": 79.2852, "est_population_density": 47160.0763, "dong_elderly_ratio": 0.2448, "dong_avg_age": 46.4748, "dong_pop_density": 31610.3887, "nearest_shelter_distance_m": 62.62, "shelter_count_within_500m": 9.892, "est_population": 1052.5, "est_elderly": 259.3, "shelter_capacity_within_500m": 1555.0, "building_form_group": "high_floor_low_density", "dong_name": "개봉2동", "top1_feature": "avg_ground_floor_count", "top1_shap": -0.5389, "top2_feature": "building_ratio", "top2_shap": 0.3267, "top3_feature": "impervious_ratio", "top3_shap": 0.319, "priority_score": 46.894, "priority_rank": 220 }, "geometry": { "type": "Polygon", "coordinates": [ [ [ 126.860865795208241, 37.491273624364737 ], [ 126.863693662663039, 37.491288889541252 ], [ 126.863696334164175, 37.490973975407698 ], [ 126.863690580000011, 37.49097319 ], [ 126.863448059999982, 37.49093939 ], [ 126.86329156, 37.49091867 ], [ 126.863190350000011, 37.4909053 ], [ 126.863112820000012, 37.49089143 ], [ 126.863102400000017, 37.49089001 ], [ 126.86302786, 37.49087613 ], [ 126.862810809999985, 37.49082827 ], [ 126.862733480000017, 37.49080453 ], [ 126.86258656, 37.49075876 ], [ 126.862387410000011, 37.49067911 ], [ 126.8621747, 37.4905775 ], [ 126.862089280000021, 37.49053123 ], [ 126.8619502, 37.49044801 ], [ 126.861830040000015, 37.49036791 ], [ 126.86176793, 37.49032616 ], [ 126.86162276, 37.49020379000001 ], [ 126.861481489999989, 37.49006734 ], [ 126.861384150000021, 37.48996812 ], [ 126.8611188, 37.48966822 ], [ 126.86102553, 37.4895583 ], [ 126.8610162, 37.48954731 ], [ 126.860881818375972, 37.489393111552175 ], [ 126.860865795208241, 37.491273624364737 ] ] ] } },
{ "type": "Feature", "properties": { "nearest_shelter_name": "현대홈타운2단지(아)경로당", "nearest_shelter_addr": "서울특별시 구로구 개봉로20길 158", "nearest_shelter_lon": 126.861235, "nearest_shelter_lat": 37.491819, "member_grid_ids": ["11530_00840"], "display_grid_id": "11530_00145", "gu_code": 11530, "gu_name": "구로구", "source_cell_count": 2, "area_m2": 2450.9, "mean_actual_lst": 38.494, "mean_actual_anomaly": -1.1055, "seoul_anomaly": 0.1427, "pred_anomaly": 0.8641, "pred_anomaly_std": 1.0114, "green_delta_c": -0.1045, "building_ratio": 0.2468, "green_ratio": 0.2999, "ndvi": 0.2471, "impervious_ratio": 0.4407, "built_surface_ratio": 0.4407, "avg_ground_floor_count": 0.615, "elevation_m": 16.5966, "albedo": 0.1322, "nearest_park_distance_m": 218.1734, "park_area_within_500m": 24641.0307, "nearest_stream_distance_m": 42.1415, "est_population_density": 50.8611, "dong_elderly_ratio": 0.2464, "dong_avg_age": 46.1, "dong_pop_density": 38208.7, "nearest_shelter_distance_m": 221.52, "shelter_count_within_500m": 7.845, "est_population": 0.1, "est_elderly": 0.0, "shelter_capacity_within_500m": 0.0, "building_form_group": "low_floor_high_density", "dong_name": "개봉2동", "top1_feature": "impervious_ratio", "top1_shap": 0.5369, "top2_feature": "built_surface_ratio", "top2_shap": 0.4461, "top3_feature": "building_ratio", "top3_shap": 0.3755, "priority_score": 29.0846, "priority_rank": 385 }, "geometry": { "type": "Polygon", "coordinates": [ [ [ 126.863693662663039, 37.491288889541252 ], [ 126.864796812925249, 37.491294826127529 ], [ 126.86479908, 37.49125717 ], [ 126.86476957, 37.49116563 ], [ 126.86455517, 37.49102122 ], [ 126.864496430000017, 37.49106846 ], [ 126.864489090000021, 37.4911166 ], [ 126.86451792, 37.49120306 ], [ 126.8642796, 37.49109213 ], [ 126.86415458, 37.49105059 ], [ 126.86402972, 37.49101948 ], [ 126.863696334164175, 37.490973975407698 ], [ 126.863693662663039, 37.491288889541252 ] ] ] } },
{ "type": "Feature", "properties": { "nearest_shelter_name": "구로1동우체국", "nearest_shelter_addr": "서울특별시 구로구 구일로 64 (구로1동우체국)", "nearest_shelter_lon": 126.874156, "nearest_shelter_lat": 37.491884, "member_grid_ids": ["11530_00713", "11530_00714", "11530_00775", "11530_00776", "11530_00777", "11530_00844", "11530_00845"], "display_grid_id": "11530_00146", "gu_code": 11530, "gu_name": "구로구", "source_cell_count": 10, "area_m2": 29140.27, "mean_actual_lst": 35.8901, "mean_actual_anomaly": -2.1975, "seoul_anomaly": -0.9492, "pred_anomaly": -1.9736, "pred_anomaly_std": 0.8885, "green_delta_c": -0.5681, "building_ratio": 0.0934, "green_ratio": 0.3396, "ndvi": 0.1889, "impervious_ratio": 0.1871, "built_surface_ratio": 0.1871, "avg_ground_floor_count": 0.0, "elevation_m": 10.0118, "albedo": 0.1157, "nearest_park_distance_m": 110.4718, "park_area_within_500m": 51907.6178, "nearest_stream_distance_m": 14.6595, "est_population_density": 0.0, "dong_elderly_ratio": 0.1597, "dong_avg_age": 41.1, "dong_pop_density": 20103.0, "nearest_shelter_distance_m": 233.13, "shelter_count_within_500m": 2.8875, "est_population": 0.0, "est_elderly": 0.0, "shelter_capacity_within_500m": 623.3, "building_form_group": "low_floor_low_density", "dong_name": "구로1동", "top1_feature": "elevation_m", "top1_shap": -0.3859, "top2_feature": "building_ratio", "top2_shap": -0.3307, "top3_feature": "ndvi", "top3_shap": 0.1757, "priority_score": 40.082, "priority_rank": 303 }, "geometry": { "type": "Polygon", "coordinates": [ [ [ 126.872177277760315, 37.491334278972154 ], [ 126.87218327298541, 37.490618010907632 ], [ 126.872178700000021, 37.49061901 ], [ 126.87212177, 37.49064542 ], [ 126.872016190000011, 37.49071541 ], [ 126.87194971, 37.490737290000013 ], [ 126.87183375, 37.49077575 ], [ 126.87177066000001, 37.49078102 ], [ 126.87168887, 37.49077304 ], [ 126.87156769, 37.49076137 ], [ 126.87150538, 37.49072189000001 ], [ 126.871480009999985, 37.49067991 ], [ 126.87147262000002, 37.49056587 ], [ 126.87150283, 37.49046875 ], [ 126.87155725, 37.49036099 ], [ 126.87157695, 37.49020924 ], [ 126.87154749, 37.49008532 ], [ 126.8715054, 37.48999883 ], [ 126.8713421, 37.48983366 ], [ 126.871259330000015, 37.48977078 ], [ 126.87107999, 37.48968329 ], [ 126.87094562, 37.48963726 ], [ 126.87065793, 37.48956091 ], [ 126.87042071, 37.48953587 ], [ 126.87037529, 37.4895406 ], [ 126.87033447, 37.48954479 ], [ 126.87022785, 37.4895962 ], [ 126.870170140000013, 37.48966568 ], [ 126.870135940000011, 37.489719140000012 ], [ 126.87012510000001, 37.48975714 ], [ 126.87013384, 37.48980753 ], [ 126.87016563, 37.4899126 ], [ 126.87021586, 37.48998446 ], [ 126.870234120000021, 37.49005289 ], [ 126.87023313, 37.49011287 ], [ 126.87021012, 37.49013425 ], [ 126.87016517, 37.49017643 ], [ 126.870113, 37.4902093 ], [ 126.87006471, 37.49023741 ], [ 126.869968360000016, 37.49026743 ], [ 126.869876619999985, 37.49029605 ], [ 126.86978646, 37.490325240000011 ], [ 126.86975942, 37.49033337 ], [ 126.86972759, 37.49035641 ], [ 126.86970246, 37.49037413 ], [ 126.8696801, 37.49043099 ], [ 126.869684059999983, 37.49048644 ], [ 126.86972615, 37.49057097 ], [ 126.86973584, 37.49058422 ], [ 126.86978962, 37.49063917 ], [ 126.86986282, 37.49071133 ], [ 126.869909919999984, 37.49075756 ], [ 126.869949930000018, 37.49080689 ], [ 126.869992759999988, 37.49087 ], [ 126.86999291, 37.490987680000011 ], [ 126.86999284, 37.4910243 ], [ 126.86994991, 37.49112138000001 ], [ 126.86989172, 37.49125338 ], [ 126.869823544566771, 37.491321746987651 ], [ 126.872177277760315, 37.491334278972154 ] ] ] } },
{ "type": "Feature", "properties": { "nearest_shelter_name": "구로1동우체국", "nearest_shelter_addr": "서울특별시 구로구 구일로 64 (구로1동우체국)", "nearest_shelter_lon": 126.874156, "nearest_shelter_lat": 37.491884, "member_grid_ids": ["11530_00715", "11530_00716", "11530_00717", "11530_00778", "11530_00779", "11530_00780", "11530_00846", "11530_00847"], "display_grid_id": "11530_00147", "gu_code": 11530, "gu_name": "구로구", "source_cell_count": 9, "area_m2": 38985.86, "mean_actual_lst": 36.7464, "mean_actual_anomaly": -1.667, "seoul_anomaly": -0.4188, "pred_anomaly": 0.1483, "pred_anomaly_std": 0.9723, "green_delta_c": -0.4439, "building_ratio": 0.1768, "green_ratio": 0.4418, "ndvi": 0.2977, "impervious_ratio": 0.3344, "built_surface_ratio": 0.3344, "avg_ground_floor_count": 0.8278, "elevation_m": 14.7348, "albedo": 0.1491, "nearest_park_distance_m": 354.8252, "park_area_within_500m": 29568.777, "nearest_stream_distance_m": 229.869, "est_population_density": 0.0, "dong_elderly_ratio": 0.1597, "dong_avg_age": 41.1, "dong_pop_density": 20103.0, "nearest_shelter_distance_m": 54.51, "shelter_count_within_500m": 6.7184, "est_population": 0.0, "est_elderly": 0.0, "shelter_capacity_within_500m": 1582.5, "building_form_group": "low_floor_low_density", "dong_name": "구로1동", "top1_feature": "green_ratio", "top1_shap": -0.5469, "top2_feature": "ndvi", "top2_shap": -0.4596, "top3_feature": "impervious_ratio", "top3_shap": 0.3922, "priority_score": 34.9432, "priority_rank": 357 }, "geometry": { "type": "Polygon", "coordinates": [ [ [ 126.872177277760315, 37.491334278972154 ], [ 126.875005153672205, 37.491349273415722 ], [ 126.875023928205891, 37.489095987414608 ], [ 126.872556743141999, 37.489082909918565 ], [ 126.87245747, 37.48920447 ], [ 126.87244504, 37.48924049 ], [ 126.872413440000017, 37.48933084 ], [ 126.87244012, 37.48953557 ], [ 126.87244488, 37.48954205 ], [ 126.87267121, 37.48984497 ], [ 126.87267597, 37.48985145 ], [ 126.872770310000021, 37.48995882 ], [ 126.87283894, 37.49001438 ], [ 126.87314903, 37.49020954 ], [ 126.8732761, 37.49028937 ], [ 126.87336816, 37.49038661 ], [ 126.87357665, 37.49048172 ], [ 126.87375246, 37.49047572 ], [ 126.87393294, 37.4904289 ], [ 126.8740204, 37.49031607 ], [ 126.87409036, 37.49021451 ], [ 126.8740916, 37.49020943 ], [ 126.87414888, 37.48998059 ], [ 126.87411019, 37.48977727 ], [ 126.87432216, 37.48969556 ], [ 126.87457892, 37.48976932 ], [ 126.874650960000011, 37.48989891 ], [ 126.874619830000015, 37.49002531 ], [ 126.87454562, 37.49013701 ], [ 126.87449707, 37.49020932 ], [ 126.874492120000014, 37.49021664 ], [ 126.87442768, 37.49028921 ], [ 126.87445342, 37.49042691 ], [ 126.874580620000017, 37.49053912 ], [ 126.87464008, 37.49059041 ], [ 126.87466743, 37.49061242 ], [ 126.87483928, 37.49074550000001 ], [ 126.87466757, 37.49084441 ], [ 126.87453431, 37.49106841 ], [ 126.8743724, 37.4912214 ], [ 126.87412979, 37.4913377 ], [ 126.87395157, 37.49130795 ], [ 126.87376815, 37.49122244 ], [ 126.873559410000013, 37.49106678 ], [ 126.873297420000014, 37.49084548 ], [ 126.87308316, 37.49080752 ], [ 126.87286367, 37.49083852 ], [ 126.87271671, 37.49081951 ], [ 126.872538580000011, 37.49074161 ], [ 126.87244748, 37.49069702 ], [ 126.872254359999985, 37.49060248 ], [ 126.87218327298541, 37.490618010907632 ], [ 126.872177277760315, 37.491334278972154 ] ] ] } },
{ "type": "Feature", "properties": { "nearest_shelter_name": "구일우성(아)경로당", "nearest_shelter_addr": "서울특별시 구로구 구일로2길 60 (구일우성아파트 202동)", "nearest_shelter_lon": 126.877161, "nearest_shelter_lat": 37.49003, "member_grid_ids": ["11530_00717", "11530_00718", "11530_00719", "11530_00780", "11530_00781", "11530_00782", "11530_00849", "11530_00850"], "display_grid_id": "11530_00148", "gu_code": 11530, "gu_name": "구로구", "source_cell_count": 11, "area_m2": 62500.0, "mean_actual_lst": 38.4734, "mean_actual_anomaly": -0.0198, "seoul_anomaly": 1.2284, "pred_anomaly": 0.7217, "pred_anomaly_std": 0.7823, "green_delta_c": -0.3848, "building_ratio": 0.1535, "green_ratio": 0.2958, "ndvi": 0.1984, "impervious_ratio": 0.3915, "built_surface_ratio": 0.3915, "avg_ground_floor_count": 14.1765, "elevation_m": 18.5665, "albedo": 0.107, "nearest_park_distance_m": 476.1708, "park_area_within_500m": 9899.4952, "nearest_stream_distance_m": 455.9144, "est_population_density": 0.0, "dong_elderly_ratio": 0.1597, "dong_avg_age": 41.1, "dong_pop_density": 20103.0, "nearest_shelter_distance_m": 48.75, "shelter_count_within_500m": 8.2, "est_population": 0.0, "est_elderly": 0.0, "shelter_capacity_within_500m": 2106.5, "building_form_group": "high_floor_low_density", "dong_name": "구로1동", "top1_feature": "avg_ground_floor_count", "top1_shap": -0.5051, "top2_feature": "impervious_ratio", "top2_shap": 0.4077, "top3_feature": "ndvi", "top3_shap": 0.1038, "priority_score": 33.2639, "priority_rank": 366 }, "geometry": { "type": "Polygon", "coordinates": [ [ [ 126.875023928205891, 37.489095987414608 ], [ 126.875005153672205, 37.491349273415722 ], [ 126.877833031674683, 37.491364200175674 ], [ 126.877851721273714, 37.48911091296663 ], [ 126.875023928205891, 37.489095987414608 ] ] ] } },
{ "type": "Feature", "properties": { "nearest_shelter_name": "한우리경로당", "nearest_shelter_addr": "서울특별시 구로구 가마산로 161-14", "nearest_shelter_lon": 126.880497, "nearest_shelter_lat": 37.490447, "member_grid_ids": ["11530_00720", "11530_00721", "11530_00722", "11530_00783", "11530_00784", "11530_00785", "11530_00851", "11530_00852", "11530_00853"], "display_grid_id": "11530_00149", "gu_code": 11530, "gu_name": "구로구", "source_cell_count": 14, "area_m2": 62500.0, "mean_actual_lst": 42.0287, "mean_actual_anomaly": 3.6373, "seoul_anomaly": 4.8855, "pred_anomaly": 2.8168, "pred_anomaly_std": 0.9886, "green_delta_c": -0.723, "building_ratio": 0.2359, "green_ratio": 0.2911, "ndvi": 0.1877, "impervious_ratio": 0.5076, "built_surface_ratio": 0.5076, "avg_ground_floor_count": 1.7132, "elevation_m": 14.9633, "albedo": 0.1407, "nearest_park_distance_m": 456.5584, "park_area_within_500m": 10707.6668, "nearest_stream_distance_m": 712.1672, "est_population_density": 3646.0, "dong_elderly_ratio": 0.1703, "dong_avg_age": 42.6, "dong_pop_density": 20246.74, "nearest_shelter_distance_m": 15.53, "shelter_count_within_500m": 11.96, "est_population": 227.9, "est_elderly": 48.4, "shelter_capacity_within_500m": 7201.2, "building_form_group": "low_floor_high_density", "dong_name": "구로1동", "top1_feature": "impervious_ratio", "top1_shap": 0.519, "top2_feature": "building_ratio", "top2_shap": 0.5062, "top3_feature": "built_surface_ratio", "top3_shap": 0.3028, "priority_score": 67.5631, "priority_rank": 42 }, "geometry": { "type": "Polygon", "coordinates": [ [ [ 126.877851721273714, 37.48911091296663 ], [ 126.877833031674683, 37.491364200175674 ], [ 126.880660911758369, 37.491379059251834 ], [ 126.880679516422475, 37.489125770840346 ], [ 126.877851721273714, 37.48911091296663 ] ] ] } },
{ "type": "Feature", "properties": { "nearest_shelter_name": "한우리경로당", "nearest_shelter_addr": "서울특별시 구로구 가마산로 161-14", "nearest_shelter_lon": 126.880497, "nearest_shelter_lat": 37.490447, "member_grid_ids": ["11530_00722", "11530_00723", "11530_00724", "11530_00785", "11530_00786", "11530_00787", "11530_00854", "11530_00855"], "display_grid_id": "11530_00150", "gu_code": 11530, "gu_name": "구로구", "source_cell_count": 14, "area_m2": 62500.0, "mean_actual_lst": 41.9268, "mean_actual_anomaly": 3.7962, "seoul_anomaly": 5.0445, "pred_anomaly": 3.4987, "pred_anomaly_std": 0.6773, "green_delta_c": -0.6446, "building_ratio": 0.352, "green_ratio": 0.2535, "ndvi": 0.1231, "impervious_ratio": 0.4546, "built_surface_ratio": 0.4546, "avg_ground_floor_count": 2.6655, "elevation_m": 20.0766, "albedo": 0.1178, "nearest_park_distance_m": 374.5328, "park_area_within_500m": 16683.6828, "nearest_stream_distance_m": 948.9456, "est_population_density": 23032.4, "dong_elderly_ratio": 0.2126, "dong_avg_age": 48.6, "dong_pop_density": 20821.7, "nearest_shelter_distance_m": 15.53, "shelter_count_within_500m": 14.68, "est_population": 1439.5, "est_elderly": 306.1, "shelter_capacity_within_500m": 7555.8, "building_form_group": "low_floor_high_density", "dong_name": "구로2동", "top1_feature": "building_ratio", "top1_shap": 0.929, "top2_feature": "impervious_ratio", "top2_shap": 0.4764, "top3_feature": "ndvi", "top3_shap": 0.4734, "priority_score": 72.4748, "priority_rank": 17 }, "geometry": { "type": "Polygon", "coordinates": [ [ [ 126.880679516422475, 37.489125770840346 ], [ 126.880660911758369, 37.491379059251834 ], [ 126.883488793913742, 37.491393850644059 ], [ 126.88350731364271, 37.489140561035597 ], [ 126.880679516422475, 37.489125770840346 ] ] ] } },
{ "type": "Feature", "properties": { "nearest_shelter_name": "구로꿈나무어린이도서관", "nearest_shelter_addr": "서울특별시 구로구 구로동로26길 54 (구로구시설관리공단)", "nearest_shelter_lon": 126.886554, "nearest_shelter_lat": 37.48972, "member_grid_ids": ["11530_00725", "11530_00726", "11530_00727", "11530_00788", "11530_00789", "11530_00790", "11530_00856", "11530_00857", "11530_00858"], "display_grid_id": "11530_00151", "gu_code": 11530, "gu_name": "구로구", "source_cell_count": 14, "area_m2": 62500.0, "mean_actual_lst": 43.1317, "mean_actual_anomaly": 5.092, "seoul_anomaly": 6.3402, "pred_anomaly": 3.705, "pred_anomaly_std": 0.6412, "green_delta_c": -0.6275, "building_ratio": 0.3639, "green_ratio": 0.2445, "ndvi": 0.1168, "impervious_ratio": 0.4417, "built_surface_ratio": 0.4417, "avg_ground_floor_count": 3.6145, "elevation_m": 23.2312, "albedo": 0.1273, "nearest_park_distance_m": 236.6132, "park_area_within_500m": 52512.2072, "nearest_stream_distance_m": 928.2052, "est_population_density": 31609.6, "dong_elderly_ratio": 0.2172, "dong_avg_age": 48.44, "dong_pop_density": 32187.82, "nearest_shelter_distance_m": 23.39, "shelter_count_within_500m": 21.64, "est_population": 1975.6, "est_elderly": 427.4, "shelter_capacity_within_500m": 9866.0, "building_form_group": "low_floor_high_density", "dong_name": "구로2동", "top1_feature": "building_ratio", "top1_shap": 0.9863, "top2_feature": "impervious_ratio", "top2_shap": 0.4676, "top3_feature": "ndvi", "top3_shap": 0.406, "priority_score": 74.7853, "priority_rank": 12 }, "geometry": { "type": "Polygon", "coordinates": [ [ [ 126.88350731364271, 37.489140561035597 ], [ 126.883488793913742, 37.491393850644059 ], [ 126.886316678131394, 37.491408574352199 ], [ 126.886335112924968, 37.489155283552236 ], [ 126.88350731364271, 37.489140561035597 ] ] ] } },
{ "type": "Feature", "properties": { "nearest_shelter_name": "두산임대(아)경로당", "nearest_shelter_addr": "서울특별시 구로구 도림로 59 (구로두산아파트 105동)", "nearest_shelter_lon": 126.888683, "nearest_shelter_lat": 37.4898, "member_grid_ids": ["11530_00727", "11530_00728", "11530_00729", "11530_00790", "11530_00791", "11530_00792", "11530_00859", "11530_00860"], "display_grid_id": "11530_00152", "gu_code": 11530, "gu_name": "구로구", "source_cell_count": 13, "area_m2": 62500.0, "mean_actual_lst": 41.9629, "mean_actual_anomaly": 4.0091, "seoul_anomaly": 5.2573, "pred_anomaly": 3.3231, "pred_anomaly_std": 0.6687, "green_delta_c": -0.5513, "building_ratio": 0.3789, "green_ratio": 0.2638, "ndvi": 0.117, "impervious_ratio": 0.3886, "built_surface_ratio": 0.3886, "avg_ground_floor_count": 4.8854, "elevation_m": 23.0084, "albedo": 0.1105, "nearest_park_distance_m": 201.27, "park_area_within_500m": 63439.3056, "nearest_stream_distance_m": 697.0692, "est_population_density": 41068.0, "dong_elderly_ratio": 0.2191, "dong_avg_age": 48.376, "dong_pop_density": 36734.268, "nearest_shelter_distance_m": 21.72, "shelter_count_within_500m": 24.92, "est_population": 2566.7, "est_elderly": 563.4, "shelter_capacity_within_500m": 10611.0, "building_form_group": "high_floor_high_density", "dong_name": "구로4동", "top1_feature": "building_ratio", "top1_shap": 0.9761, "top2_feature": "ndvi", "top2_shap": 0.5403, "top3_feature": "impervious_ratio", "top3_shap": 0.4307, "priority_score": 71.351, "priority_rank": 23 }, "geometry": { "type": "Polygon", "coordinates": [ [ [ 126.886335112924968, 37.489155283552236 ], [ 126.886316678131394, 37.491408574352199 ], [ 126.889144564401846, 37.4914232303761 ], [ 126.889162914259799, 37.489169938390127 ], [ 126.886335112924968, 37.489155283552236 ] ] ] } },
{ "type": "Feature", "properties": { "nearest_shelter_name": "구로리경로당", "nearest_shelter_addr": "서울특별시 구로구 구로동로28길 102-13 (구로동)", "nearest_shelter_lon": 126.889238, "nearest_shelter_lat": 37.491495, "member_grid_ids": ["11530_00730", "11530_00731", "11530_00732", "11530_00793", "11530_00794", "11530_00795", "11530_00861", "11530_00862", "11530_00863"], "display_grid_id": "11530_00153", "gu_code": 11530, "gu_name": "구로구", "source_cell_count": 12, "area_m2": 62500.0, "mean_actual_lst": 41.5746, "mean_actual_anomaly": 3.53, "seoul_anomaly": 4.7782, "pred_anomaly": 2.9017, "pred_anomaly_std": 0.6955, "green_delta_c": -0.6482, "building_ratio": 0.3233, "green_ratio": 0.2625, "ndvi": 0.14, "impervious_ratio": 0.4003, "built_surface_ratio": 0.4003, "avg_ground_floor_count": 6.1614, "elevation_m": 20.2642, "albedo": 0.1166, "nearest_park_distance_m": 209.93, "park_area_within_500m": 80902.2856, "nearest_stream_distance_m": 447.4464, "est_population_density": 44743.6, "dong_elderly_ratio": 0.2189, "dong_avg_age": 47.752, "dong_pop_density": 47279.512, "nearest_shelter_distance_m": 42.47, "shelter_count_within_500m": 26.48, "est_population": 2796.5, "est_elderly": 621.6, "shelter_capacity_within_500m": 5893.5, "building_form_group": "high_floor_high_density", "dong_name": "구로4동", "top1_feature": "building_ratio", "top1_shap": 0.8162, "top2_feature": "impervious_ratio", "top2_shap": 0.37, "top3_feature": "ndvi", "top3_shap": 0.297, "priority_score": 76.351, "priority_rank": 10 }, "geometry": { "type": "Polygon", "coordinates": [ [ [ 126.889162914259799, 37.489169938390127 ], [ 126.889144564401846, 37.4914232303761 ], [ 126.891972452715635, 37.49143781871561 ], [ 126.891990717637682, 37.489184525549092 ], [ 126.889162914259799, 37.489169938390127 ] ] ] } },
{ "type": "Feature", "properties": { "nearest_shelter_name": "이화우성(아)경로당", "nearest_shelter_addr": "서울특별시 구로구 도림로22길 8 (이화우성아파트 상가동)", "nearest_shelter_lon": 126.894048, "nearest_shelter_lat": 37.490157, "member_grid_ids": ["11530_00732", "11530_00733", "11530_00734", "11530_00795", "11530_00796", "11530_00797", "11530_00864", "11530_00865"], "display_grid_id": "11530_00154", "gu_code": 11530, "gu_name": "구로구", "source_cell_count": 11, "area_m2": 62500.0, "mean_actual_lst": 41.5388, "mean_actual_anomaly": 3.3254, "seoul_anomaly": 4.5736, "pred_anomaly": 2.6887, "pred_anomaly_std": 0.7101, "green_delta_c": -0.3382, "building_ratio": 0.2785, "green_ratio": 0.2492, "ndvi": 0.1337, "impervious_ratio": 0.4111, "built_surface_ratio": 0.4111, "avg_ground_floor_count": 7.0808, "elevation_m": 20.7858, "albedo": 0.1137, "nearest_park_distance_m": 226.7596, "park_area_within_500m": 121457.3936, "nearest_stream_distance_m": 217.516, "est_population_density": 15378.8, "dong_elderly_ratio": 0.1714, "dong_avg_age": 43.72, "dong_pop_density": 29662.12, "nearest_shelter_distance_m": 46.66, "shelter_count_within_500m": 24.08, "est_population": 961.2, "est_elderly": 172.5, "shelter_capacity_within_500m": 5119.0, "building_form_group": "high_floor_high_density", "dong_name": "구로3동", "top1_feature": "building_ratio", "top1_shap": 0.5183, "top2_feature": "impervious_ratio", "top2_shap": 0.4474, "top3_feature": "ndvi", "top3_shap": 0.4139, "priority_score": 58.0114, "priority_rank": 110 }, "geometry": { "type": "Polygon", "coordinates": [ [ [ 126.891990717637682, 37.489184525549092 ], [ 126.891972452715635, 37.49143781871561 ], [ 126.894800343063295, 37.491452339370575 ], [ 126.894818523049253, 37.48919904502899 ], [ 126.891990717637682, 37.489184525549092 ] ] ] } },
{ "type": "Feature", "properties": { "nearest_shelter_name": "대원경로당", "nearest_shelter_addr": "서울특별시 구로구 도림로 110", "nearest_shelter_lon": 126.894951, "nearest_shelter_lat": 37.491437, "member_grid_ids": ["11530_00735", "11530_00736", "11530_00798", "11530_00799", "11530_00866"], "display_grid_id": "11530_00155", "gu_code": 11530, "gu_name": "구로구", "source_cell_count": 8, "area_m2": 24062.25, "mean_actual_lst": 40.8178, "mean_actual_anomaly": 2.3916, "seoul_anomaly": 3.6398, "pred_anomaly": 2.4302, "pred_anomaly_std": 0.7895, "green_delta_c": -0.3978, "building_ratio": 0.229, "green_ratio": 0.2544, "ndvi": 0.1749, "impervious_ratio": 0.4502, "built_surface_ratio": 0.4502, "avg_ground_floor_count": 6.7535, "elevation_m": 20.5465, "albedo": 0.1188, "nearest_park_distance_m": 152.4532, "park_area_within_500m": 175734.1864, "nearest_stream_distance_m": 50.4316, "est_population_density": 13198.1753, "dong_elderly_ratio": 0.1582, "dong_avg_age": 42.6, "dong_pop_density": 24768.4, "nearest_shelter_distance_m": 20.06, "shelter_count_within_500m": 18.1472, "est_population": 317.6, "est_elderly": 50.2, "shelter_capacity_within_500m": 1584.7, "building_form_group": "high_floor_low_density", "dong_name": "구로3동", "top1_feature": "impervious_ratio", "top1_shap": 0.4829, "top2_feature": "built_surface_ratio", "top2_shap": 0.4187, "top3_feature": "building_ratio", "top3_shap": 0.407, "priority_score": 55.4293, "priority_rank": 131 }, "geometry": { "type": "Polygon", "coordinates": [ [ [ 126.894818523049253, 37.48919904502899 ], [ 126.894800343063295, 37.491452339370575 ], [ 126.895550059761717, 37.49145617766434 ], [ 126.89563709, 37.4911092 ], [ 126.89570071, 37.49085247 ], [ 126.89575001, 37.49072187 ], [ 126.89576313000002, 37.49068809 ], [ 126.89586376, 37.49049304 ], [ 126.896012740000018, 37.49020966 ], [ 126.896022529999982, 37.49015814 ], [ 126.896047290000013, 37.49001823 ], [ 126.8960642, 37.48992702000001 ], [ 126.896078090000017, 37.48985241 ], [ 126.896096600000021, 37.48975276 ], [ 126.89610123, 37.4897277 ], [ 126.89610540000001, 37.48965 ], [ 126.89611247000002, 37.48952274 ], [ 126.896124040000018, 37.4893386 ], [ 126.89623599854923, 37.489206297644444 ], [ 126.894818523049253, 37.48919904502899 ] ] ] } },
{ "type": "Feature", "properties": { "nearest_shelter_name": "온수경로당", "nearest_shelter_addr": "서울특별시 구로구 부일로1길 62 (온수동)", "nearest_shelter_lon": 126.819124, "nearest_shelter_lat": 37.493268, "member_grid_ids": ["11530_00937"], "display_grid_id": "11530_00156", "gu_code": 11530, "gu_name": "구로구", "source_cell_count": 2, "area_m2": 848.38, "mean_actual_lst": 46.3352, "mean_actual_anomaly": 7.6481, "seoul_anomaly": 8.8963, "pred_anomaly": 4.4718, "pred_anomaly_std": 1.0186, "green_delta_c": -1.4236, "building_ratio": 0.3046, "green_ratio": 0.1661, "ndvi": 0.1973, "impervious_ratio": 0.7135, "built_surface_ratio": 0.7135, "avg_ground_floor_count": 1.659, "elevation_m": 61.761, "albedo": 0.1681, "nearest_park_distance_m": 0.0, "park_area_within_500m": 235799.19, "nearest_stream_distance_m": 1551.95, "est_population_density": 0.0, "dong_elderly_ratio": 0.2188, "dong_avg_age": 44.8, "dong_pop_density": 8657.5, "nearest_shelter_distance_m": 353.15, "shelter_count_within_500m": 2.0, "est_population": 0.0, "est_elderly": 0.0, "shelter_capacity_within_500m": 69.0, "building_form_group": "low_floor_high_density", "dong_name": "수궁동", "top1_feature": "building_ratio", "top1_shap": 0.8077, "top2_feature": "impervious_ratio", "top2_shap": 0.7009, "top3_feature": "built_surface_ratio", "top3_shap": 0.6912, "priority_score": 76.7866, "priority_rank": 8 }, "geometry": { "type": "Polygon", "coordinates": [ [ [ 126.815599652725297, 37.493273435281743 ], [ 126.815601880249815, 37.493029328141077 ], [ 126.815518770000011, 37.49315489 ], [ 126.81548809, 37.49320157 ], [ 126.815444450000015, 37.49320037 ], [ 126.81543332, 37.49319981 ], [ 126.81516018, 37.49319684 ], [ 126.81467977, 37.49319327 ], [ 126.814663880000012, 37.49319296 ], [ 126.81457466, 37.49319337 ], [ 126.81454127403768, 37.493267298929148 ], [ 126.815599652725297, 37.493273435281743 ] ] ] } },
{ "type": "Feature", "properties": { "nearest_shelter_name": "온수경로당", "nearest_shelter_addr": "서울특별시 구로구 부일로1길 62 (온수동)", "nearest_shelter_lon": 126.819124, "nearest_shelter_lat": 37.493268, "member_grid_ids": ["11530_00867", "11530_00868", "11530_00869", "11530_00938", "11530_00939", "11530_00940"], "display_grid_id": "11530_00157", "gu_code": 11530, "gu_name": "구로구", "source_cell_count": 9, "area_m2": 34280.08, "mean_actual_lst": 45.3964, "mean_actual_anomaly": 7.3363, "seoul_anomaly": 8.5845, "pred_anomaly": 5.0276, "pred_anomaly_std": 0.9996, "green_delta_c": -0.9341, "building_ratio": 0.4207, "green_ratio": 0.1687, "ndvi": 0.1412, "impervious_ratio": 0.7024, "built_surface_ratio": 0.7024, "avg_ground_floor_count": 2.1268, "elevation_m": 48.9985, "albedo": 0.1665, "nearest_park_distance_m": 0.0, "park_area_within_500m": 242400.1224, "nearest_stream_distance_m": 1350.2968, "est_population_density": 4308.7411, "dong_elderly_ratio": 0.2188, "dong_avg_age": 44.8, "dong_pop_density": 8657.5, "nearest_shelter_distance_m": 77.56, "shelter_count_within_500m": 2.1459, "est_population": 147.7, "est_elderly": 32.3, "shelter_capacity_within_500m": 344.4, "building_form_group": "low_floor_high_density", "dong_name": "수궁동", "top1_feature": "building_ratio", "top1_shap": 1.294, "top2_feature": "impervious_ratio", "top2_shap": 0.6896, "top3_feature": "built_surface_ratio", "top3_shap": 0.6828, "priority_score": 78.6995, "priority_rank": 3 }, "geometry": { "type": "Polygon", "coordinates": [ [ [ 126.815599652725297, 37.493273435281743 ], [ 126.818427569777484, 37.493289784687327 ], [ 126.81844333616867, 37.491554764791196 ], [ 126.81788907, 37.49153567 ], [ 126.8174321, 37.49178386 ], [ 126.817043949999984, 37.49199246 ], [ 126.81690826, 37.49206404 ], [ 126.81666694, 37.49219516 ], [ 126.81643942, 37.49231841 ], [ 126.81628197, 37.49240235 ], [ 126.816170500000013, 37.4924627 ], [ 126.816057990000019, 37.49252363 ], [ 126.81597147, 37.49257221 ], [ 126.81587239000001, 37.49262611 ], [ 126.815743479999981, 37.4928154 ], [ 126.815601880249815, 37.493029328141077 ], [ 126.815599652725297, 37.493273435281743 ] ] ] } },
{ "type": "Feature", "properties": { "nearest_shelter_name": "새마을금고(온수지점)", "nearest_shelter_addr": "서울특별시 구로구 부일로1길 30 (온수동)", "nearest_shelter_lon": 126.820473, "nearest_shelter_lat": 37.492419, "member_grid_ids": ["11530_00800", "11530_00801", "11530_00802", "11530_00869", "11530_00870", "11530_00871", "11530_00940", "11530_00941", "11530_00942"], "display_grid_id": "11530_00158", "gu_code": 11530, "gu_name": "구로구", "source_cell_count": 14, "area_m2": 58905.15, "mean_actual_lst": 40.467, "mean_actual_anomaly": 2.4278, "seoul_anomaly": 3.676, "pred_anomaly": 2.84, "pred_anomaly_std": 0.7885, "green_delta_c": -0.6113, "building_ratio": 0.2172, "green_ratio": 0.2241, "ndvi": 0.1979, "impervious_ratio": 0.6174, "built_surface_ratio": 0.6174, "avg_ground_floor_count": 3.0867, "elevation_m": 38.3946, "albedo": 0.1402, "nearest_park_distance_m": 2.3631, "park_area_within_500m": 313233.5144, "nearest_stream_distance_m": 1130.5782, "est_population_density": 13506.6596, "dong_elderly_ratio": 0.2188, "dong_avg_age": 44.8, "dong_pop_density": 8657.5, "nearest_shelter_distance_m": 51.88, "shelter_count_within_500m": 4.4279, "est_population": 795.6, "est_elderly": 174.0, "shelter_capacity_within_500m": 1132.5, "building_form_group": "low_floor_low_density", "dong_name": "수궁동", "top1_feature": "impervious_ratio", "top1_shap": 0.6011, "top2_feature": "built_surface_ratio", "top2_shap": 0.5588, "top3_feature": "ndvi", "top3_shap": -0.0803, "priority_score": 65.8018, "priority_rank": 54 }, "geometry": { "type": "Polygon", "coordinates": [ [ [ 126.818427569777484, 37.493289784687327 ], [ 126.821255489109717, 37.493306066407051 ], [ 126.821275879624309, 37.491052805268119 ], [ 126.819546323484943, 37.491042855911175 ], [ 126.819527190000017, 37.4910528 ], [ 126.81941095, 37.49112299 ], [ 126.81937394, 37.49115645 ], [ 126.81932559000002, 37.49120284 ], [ 126.81931960999998, 37.49119213 ], [ 126.81924811, 37.4913145 ], [ 126.8188978, 37.49144151 ], [ 126.81857383, 37.49155926 ], [ 126.81844333616867, 37.491554764791196 ], [ 126.818427569777484, 37.493289784687327 ] ] ] } },
{ "type": "Feature", "properties": { "nearest_shelter_name": "동진빌라경로당", "nearest_shelter_addr": "서울특별시 구로구 경인로 19 (온수동)", "nearest_shelter_lon": 126.824846, "nearest_shelter_lat": 37.49036, "member_grid_ids": ["11530_00803", "11530_00804", "11530_00805", "11530_00872", "11530_00873", "11530_00874", "11530_00943", "11530_00944", "11530_00945"], "display_grid_id": "11530_00159", "gu_code": 11530, "gu_name": "구로구", "source_cell_count": 11, "area_m2": 62500.0, "mean_actual_lst": 38.8801, "mean_actual_anomaly": 0.8242, "seoul_anomaly": 2.0725, "pred_anomaly": 2.5033, "pred_anomaly_std": 0.7805, "green_delta_c": -0.371, "building_ratio": 0.2472, "green_ratio": 0.2393, "ndvi": 0.1927, "impervious_ratio": 0.5583, "built_surface_ratio": 0.5583, "avg_ground_floor_count": 3.7189, "elevation_m": 34.8395, "albedo": 0.1197, "nearest_park_distance_m": 0.0, "park_area_within_500m": 314438.6268, "nearest_stream_distance_m": 878.4112, "est_population_density": 22187.2, "dong_elderly_ratio": 0.2188, "dong_avg_age": 44.8, "dong_pop_density": 8657.5, "nearest_shelter_distance_m": 102.44, "shelter_count_within_500m": 5.48, "est_population": 1386.7, "est_elderly": 303.4, "shelter_capacity_within_500m": 1829.0, "building_form_group": "low_floor_high_density", "dong_name": "수궁동", "top1_feature": "impervious_ratio", "top1_shap": 0.5093, "top2_feature": "building_ratio", "top2_shap": 0.4724, "top3_feature": "ndvi", "top3_shap": -0.025, "priority_score": 60.2652, "priority_rank": 94 }, "geometry": { "type": "Polygon", "coordinates": [ [ [ 126.821275879624309, 37.491052805268119 ], [ 126.821255489109717, 37.493306066407051 ], [ 126.824083410712518, 37.493322280440744 ], [ 126.824103716287823, 37.491069017989759 ], [ 126.821275879624309, 37.491052805268119 ] ] ] } },
{ "type": "Feature", "properties": { "nearest_shelter_name": "동진빌라경로당", "nearest_shelter_addr": "서울특별시 구로구 경인로 19 (온수동)", "nearest_shelter_lon": 126.824846, "nearest_shelter_lat": 37.49036, "member_grid_ids": ["11530_00806", "11530_00807", "11530_00874", "11530_00875", "11530_00876", "11530_00945", "11530_00946", "11530_00947"], "display_grid_id": "11530_00160", "gu_code": 11530, "gu_name": "구로구", "source_cell_count": 12, "area_m2": 62500.0, "mean_actual_lst": 40.0902, "mean_actual_anomaly": 1.8646, "seoul_anomaly": 3.1129, "pred_anomaly": 2.6347, "pred_anomaly_std": 0.7987, "green_delta_c": -0.3975, "building_ratio": 0.1918, "green_ratio": 0.274, "ndvi": 0.1955, "impervious_ratio": 0.5509, "built_surface_ratio": 0.5509, "avg_ground_floor_count": 1.7029, "elevation_m": 29.2016, "albedo": 0.1401, "nearest_park_distance_m": 0.1552, "park_area_within_500m": 328181.3284, "nearest_stream_distance_m": 639.616, "est_population_density": 7152.8, "dong_elderly_ratio": 0.2188, "dong_avg_age": 44.8, "dong_pop_density": 8657.5, "nearest_shelter_distance_m": 86.46, "shelter_count_within_500m": 5.16, "est_population": 447.1, "est_elderly": 97.8, "shelter_capacity_within_500m": 2119.0, "building_form_group": "low_floor_high_density", "dong_name": "수궁동", "top1_feature": "impervious_ratio", "top1_shap": 0.5638, "top2_feature": "building_ratio", "top2_shap": 0.3447, "top3_feature": "ndvi", "top3_shap": 0.0135, "priority_score": 61.5657, "priority_rank": 78 }, "geometry": { "type": "Polygon", "coordinates": [ [ [ 126.824103716287823, 37.491069017989759 ], [ 126.824083410712518, 37.493322280440744 ], [ 126.826911334576408, 37.493338426788227 ], [ 126.826931555212212, 37.491085163030654 ], [ 126.824103716287823, 37.491069017989759 ] ] ] } },
{ "type": "Feature", "properties": { "nearest_shelter_name": "가든빌라(아)경로당", "nearest_shelter_addr": "서울특별시 구로구 경인로 83 (서울가든빌라 3동)", "nearest_shelter_lon": 126.831391, "nearest_shelter_lat": 37.492294, "member_grid_ids": ["11530_00808", "11530_00809", "11530_00810", "11530_00877", "11530_00878", "11530_00879", "11530_00948", "11530_00949", "11530_00950"], "display_grid_id": "11530_00161", "gu_code": 11530, "gu_name": "구로구", "source_cell_count": 12, "area_m2": 62500.0, "mean_actual_lst": 40.7409, "mean_actual_anomaly": 2.2381, "seoul_anomaly": 3.4863, "pred_anomaly": 2.3485, "pred_anomaly_std": 0.9389, "green_delta_c": -0.657, "building_ratio": 0.2212, "green_ratio": 0.3825, "ndvi": 0.1712, "impervious_ratio": 0.4034, "built_surface_ratio": 0.4034, "avg_ground_floor_count": 1.5545, "elevation_m": 25.4504, "albedo": 0.1414, "nearest_park_distance_m": 1.0136, "park_area_within_500m": 303131.7032, "nearest_stream_distance_m": 382.7592, "est_population_density": 7022.8, "dong_elderly_ratio": 0.2212, "dong_avg_age": 43.8, "dong_pop_density": 12262.0, "nearest_shelter_distance_m": 148.51, "shelter_count_within_500m": 6.56, "est_population": 438.9, "est_elderly": 97.1, "shelter_capacity_within_500m": 2133.0, "building_form_group": "low_floor_low_density", "dong_name": "오류2동", "top1_feature": "impervious_ratio", "top1_shap": 0.4917, "top2_feature": "green_ratio", "top2_shap": -0.3663, "top3_feature": "building_ratio", "top3_shap": 0.2999, "priority_score": 67.197, "priority_rank": 44 }, "geometry": { "type": "Polygon", "coordinates": [ [ [ 126.826931555212212, 37.491085163030654 ], [ 126.826911334576408, 37.493338426788227 ], [ 126.829739260691966, 37.493354505449346 ], [ 126.829759396387956, 37.491101240390662 ], [ 126.826931555212212, 37.491085163030654 ] ] ] } },
{ "type": "Feature", "properties": { "nearest_shelter_name": "가든빌라(아)경로당", "nearest_shelter_addr": "서울특별시 구로구 경인로 83 (서울가든빌라 3동)", "nearest_shelter_lon": 126.831391, "nearest_shelter_lat": 37.492294, "member_grid_ids": ["11530_00811", "11530_00812", "11530_00879", "11530_00880", "11530_00881", "11530_00950", "11530_00951", "11530_00952"], "display_grid_id": "11530_00162", "gu_code": 11530, "gu_name": "구로구", "source_cell_count": 10, "area_m2": 62500.0, "mean_actual_lst": 41.3781, "mean_actual_anomaly": 2.8111, "seoul_anomaly": 4.0593, "pred_anomaly": 3.3167, "pred_anomaly_std": 0.8286, "green_delta_c": -0.8639, "building_ratio": 0.1936, "green_ratio": 0.268, "ndvi": 0.1479, "impervious_ratio": 0.4841, "built_surface_ratio": 0.4841, "avg_ground_floor_count": 2.9939, "elevation_m": 26.3956, "albedo": 0.1255, "nearest_park_distance_m": 8.0184, "park_area_within_500m": 282742.2296, "nearest_stream_distance_m": 157.0048, "est_population_density": 14100.4, "dong_elderly_ratio": 0.2212, "dong_avg_age": 43.8, "dong_pop_density": 12262.0, "nearest_shelter_distance_m": 54.96, "shelter_count_within_500m": 7.04, "est_population": 881.3, "est_elderly": 195.1, "shelter_capacity_within_500m": 2145.0, "building_form_group": "low_floor_low_density", "dong_name": "오류2동", "top1_feature": "impervious_ratio", "top1_shap": 0.5013, "top2_feature": "built_surface_ratio", "top2_shap": 0.3795, "top3_feature": "ndvi", "top3_shap": 0.3531, "priority_score": 69.9495, "priority_rank": 32 }, "geometry": { "type": "Polygon", "coordinates": [ [ [ 126.829759396387956, 37.491101240390662 ], [ 126.829739260691966, 37.493354505449346 ], [ 126.832567189049698, 37.493370516423923 ], [ 126.832587239805648, 37.491117250069614 ], [ 126.829759396387956, 37.491101240390662 ] ] ] } },
{ "type": "Feature", "properties": { "nearest_shelter_name": "새마을금고수궁지점", "nearest_shelter_addr": "서울특별시 구로구 부일로15길 10 (궁동)", "nearest_shelter_lon": 126.834232, "nearest_shelter_lat": 37.493714, "member_grid_ids": ["11530_00813", "11530_00814", "11530_00815", "11530_00882", "11530_00883", "11530_00884", "11530_00953", "11530_00954", "11530_00955"], "display_grid_id": "11530_00163", "gu_code": 11530, "gu_name": "구로구", "source_cell_count": 12, "area_m2": 62500.0, "mean_actual_lst": 43.6411, "mean_actual_anomaly": 4.8912, "seoul_anomaly": 6.1394, "pred_anomaly": 4.1001, "pred_anomaly_std": 0.9052, "green_delta_c": -0.7788, "building_ratio": 0.1794, "green_ratio": 0.1965, "ndvi": 0.1293, "impervious_ratio": 0.6398, "built_surface_ratio": 0.6398, "avg_ground_floor_count": 1.657, "elevation_m": 21.5788, "albedo": 0.1321, "nearest_park_distance_m": 0.0904, "park_area_within_500m": 231676.0148, "nearest_stream_distance_m": 64.0264, "est_population_density": 2651.6, "dong_elderly_ratio": 0.2212, "dong_avg_age": 43.8, "dong_pop_density": 12262.0, "nearest_shelter_distance_m": 87.05, "shelter_count_within_500m": 11.16, "est_population": 165.7, "est_elderly": 36.7, "shelter_capacity_within_500m": 2451.0, "building_form_group": "low_floor_low_density", "dong_name": "오류2동", "top1_feature": "impervious_ratio", "top1_shap": 0.6921, "top2_feature": "built_surface_ratio", "top2_shap": 0.6525, "top3_feature": "ndvi", "top3_shap": 0.2987, "priority_score": 76.6982, "priority_rank": 9 }, "geometry": { "type": "Polygon", "coordinates": [ [ [ 126.832587239805648, 37.491117250069614 ], [ 126.832567189049698, 37.493370516423923 ], [ 126.835395119640182, 37.493386459711793 ], [ 126.835415085455821, 37.491133192067338 ], [ 126.832587239805648, 37.491117250069614 ] ] ] } },
{ "type": "Feature", "properties": { "nearest_shelter_name": "영풍마드레빌(아)경로당", "nearest_shelter_addr": "서울특별시 구로구 경인로8길 64 (영풍마드레빌아파트 112동)", "nearest_shelter_lon": 126.838569, "nearest_shelter_lat": 37.49157, "member_grid_ids": ["11530_00816", "11530_00817", "11530_00884", "11530_00885", "11530_00886", "11530_00955", "11530_00956", "11530_00957"], "display_grid_id": "11530_00164", "gu_code": 11530, "gu_name": "구로구", "source_cell_count": 9, "area_m2": 62500.0, "mean_actual_lst": 43.2382, "mean_actual_anomaly": 4.5451, "seoul_anomaly": 5.7934, "pred_anomaly": 3.5283, "pred_anomaly_std": 0.9784, "green_delta_c": -0.5194, "building_ratio": 0.2407, "green_ratio": 0.2022, "ndvi": 0.1104, "impervious_ratio": 0.5711, "built_surface_ratio": 0.5711, "avg_ground_floor_count": 4.2908, "elevation_m": 22.5625, "albedo": 0.1187, "nearest_park_distance_m": 4.648, "park_area_within_500m": 183595.522, "nearest_stream_distance_m": 70.5704, "est_population_density": 4030.0, "dong_elderly_ratio": 0.2212, "dong_avg_age": 43.8, "dong_pop_density": 12262.0, "nearest_shelter_distance_m": 91.8, "shelter_count_within_500m": 15.4, "est_population": 251.9, "est_elderly": 55.7, "shelter_capacity_within_500m": 2902.5, "building_form_group": "low_floor_low_density", "dong_name": "오류2동", "top1_feature": "impervious_ratio", "top1_shap": 0.6178, "top2_feature": "building_ratio", "top2_shap": 0.4683, "top3_feature": "built_surface_ratio", "top3_shap": 0.4153, "priority_score": 72.2096, "priority_rank": 20 }, "geometry": { "type": "Polygon", "coordinates": [ [ [ 126.835415085455821, 37.491133192067338 ], [ 126.835395119640182, 37.493386459711793 ], [ 126.838223052453927, 37.493402335312801 ], [ 126.838242933328985, 37.49114906638367 ], [ 126.835415085455821, 37.491133192067338 ] ] ] } },
{ "type": "Feature", "properties": { "nearest_shelter_name": "삼천리(아)경로당", "nearest_shelter_addr": "서울특별시 구로구 경인로8길 75 (삼천리아파트 103동)", "nearest_shelter_lon": 126.838698, "nearest_shelter_lat": 37.492345, "member_grid_ids": ["11530_00818", "11530_00819", "11530_00820", "11530_00887", "11530_00888", "11530_00889", "11530_00958", "11530_00959", "11530_00960"], "display_grid_id": "11530_00165", "gu_code": 11530, "gu_name": "구로구", "source_cell_count": 14, "area_m2": 62500.0, "mean_actual_lst": 39.0299, "mean_actual_anomaly": 0.0206, "seoul_anomaly": 1.2689, "pred_anomaly": 1.4312, "pred_anomaly_std": 0.8475, "green_delta_c": -0.1863, "building_ratio": 0.183, "green_ratio": 0.2412, "ndvi": 0.1496, "impervious_ratio": 0.4349, "built_surface_ratio": 0.4349, "avg_ground_floor_count": 14.1683, "elevation_m": 21.5735, "albedo": 0.0872, "nearest_park_distance_m": 135.9264, "park_area_within_500m": 169683.2056, "nearest_stream_distance_m": 77.6932, "est_population_density": 16650.4, "dong_elderly_ratio": 0.2212, "dong_avg_age": 43.8, "dong_pop_density": 12262.0, "nearest_shelter_distance_m": 33.58, "shelter_count_within_500m": 16.28, "est_population": 1040.7, "est_elderly": 230.1, "shelter_capacity_within_500m": 2553.5, "building_form_group": "high_floor_low_density", "dong_name": "오류2동", "top1_feature": "impervious_ratio", "top1_shap": 0.4413, "top2_feature": "avg_ground_floor_count", "top2_shap": -0.4038, "top3_feature": "built_surface_ratio", "top3_shap": 0.2368, "priority_score": 39.3687, "priority_rank": 312 }, "geometry": { "type": "Polygon", "coordinates": [ [ [ 126.838242933328985, 37.49114906638367 ], [ 126.838223052453927, 37.493402335312801 ], [ 126.841050987481495, 37.493418143226791 ], [ 126.841070783415731, 37.491164873018448 ], [ 126.838242933328985, 37.49114906638367 ] ] ] } },
{ "type": "Feature", "properties": { "nearest_shelter_name": "오류대우푸르지오(아)경로당", "nearest_shelter_addr": "서울특별시 구로구 오류로8길 11 (오류동푸르지오 관리실)", "nearest_shelter_lon": 126.841573, "nearest_shelter_lat": 37.4918, "member_grid_ids": ["11530_00821", "11530_00822", "11530_00889", "11530_00890", "11530_00891", "11530_00960", "11530_00961", "11530_00962"], "display_grid_id": "11530_00166", "gu_code": 11530, "gu_name": "구로구", "source_cell_count": 12, "area_m2": 62500.0, "mean_actual_lst": 40.2862, "mean_actual_anomaly": 1.694, "seoul_anomaly": 2.9422, "pred_anomaly": 2.9672, "pred_anomaly_std": 0.6977, "green_delta_c": -0.2246, "building_ratio": 0.3191, "green_ratio": 0.2306, "ndvi": 0.126, "impervious_ratio": 0.4442, "built_surface_ratio": 0.4442, "avg_ground_floor_count": 5.3796, "elevation_m": 22.4994, "albedo": 0.1056, "nearest_park_distance_m": 66.3672, "park_area_within_500m": 116204.5136, "nearest_stream_distance_m": 94.2772, "est_population_density": 32496.0, "dong_elderly_ratio": 0.2212, "dong_avg_age": 43.8, "dong_pop_density": 12262.0, "nearest_shelter_distance_m": 53.91, "shelter_count_within_500m": 18.04, "est_population": 2031.0, "est_elderly": 449.3, "shelter_capacity_within_500m": 2408.0, "building_form_group": "high_floor_high_density", "dong_name": "오류2동", "top1_feature": "building_ratio", "top1_shap": 0.7464, "top2_feature": "impervious_ratio", "top2_shap": 0.4562, "top3_feature": "built_surface_ratio", "top3_shap": 0.248, "priority_score": 56.1427, "priority_rank": 128 }, "geometry": { "type": "Polygon", "coordinates": [ [ [ 126.841070783415731, 37.491164873018448 ], [ 126.841050987481495, 37.493418143226791 ], [ 126.843878924713437, 37.493433883453569 ], [ 126.843898635706566, 37.491180611971515 ], [ 126.841070783415731, 37.491164873018448 ] ] ] } },
{ "type": "Feature", "properties": { "nearest_shelter_name": "응골경로당", "nearest_shelter_addr": "서울특별시 구로구 서해안로 2340-11 (화신연립)", "nearest_shelter_lon": 126.84466, "nearest_shelter_lat": 37.493455, "member_grid_ids": ["11530_00823", "11530_00824", "11530_00825", "11530_00892", "11530_00893", "11530_00894", "11530_00963", "11530_00964", "11530_00965"], "display_grid_id": "11530_00167", "gu_code": 11530, "gu_name": "구로구", "source_cell_count": 14, "area_m2": 62500.0, "mean_actual_lst": 41.0458, "mean_actual_anomaly": 2.5884, "seoul_anomaly": 3.8366, "pred_anomaly": 2.5861, "pred_anomaly_std": 0.9392, "green_delta_c": -0.4714, "building_ratio": 0.323, "green_ratio": 0.2702, "ndvi": 0.161, "impervious_ratio": 0.4521, "built_surface_ratio": 0.4521, "avg_ground_floor_count": 2.5062, "elevation_m": 30.4511, "albedo": 0.116, "nearest_park_distance_m": 130.822, "park_area_within_500m": 96340.856, "nearest_stream_distance_m": 154.9896, "est_population_density": 17425.6, "dong_elderly_ratio": 0.2212, "dong_avg_age": 43.8, "dong_pop_density": 12262.0, "nearest_shelter_distance_m": 55.25, "shelter_count_within_500m": 14.28, "est_population": 1089.1, "est_elderly": 241.0, "shelter_capacity_within_500m": 2376.3, "building_form_group": "low_floor_high_density", "dong_name": "오류2동", "top1_feature": "building_ratio", "top1_shap": 0.734, "top2_feature": "impervious_ratio", "top2_shap": 0.4647, "top3_feature": "ndvi", "top3_shap": 0.1753, "priority_score": 66.2311, "priority_rank": 50 }, "geometry": { "type": "Polygon", "coordinates": [ [ [ 126.843898635706566, 37.491180611971515 ], [ 126.843878924713437, 37.493433883453569 ], [ 126.846706864140273, 37.493449555992989 ], [ 126.846726490192054, 37.491196283242701 ], [ 126.843898635706566, 37.491180611971515 ] ] ] } },
{ "type": "Feature", "properties": { "nearest_shelter_name": "금강(아)경로당", "nearest_shelter_addr": "서울특별시 구로구 서해안로34가길 18 (금강아파트 상가동)", "nearest_shelter_lon": 126.847753, "nearest_shelter_lat": 37.492703, "member_grid_ids": ["11530_00826", "11530_00827", "11530_00894", "11530_00895", "11530_00896", "11530_00965", "11530_00966", "11530_00967"], "display_grid_id": "11530_00168", "gu_code": 11530, "gu_name": "구로구", "source_cell_count": 11, "area_m2": 62500.0, "mean_actual_lst": 36.0652, "mean_actual_anomaly": -2.5526, "seoul_anomaly": -1.3043, "pred_anomaly": -0.9892, "pred_anomaly_std": 0.8663, "green_delta_c": -0.5671, "building_ratio": 0.1471, "green_ratio": 0.5213, "ndvi": 0.3349, "impervious_ratio": 0.2505, "built_surface_ratio": 0.2505, "avg_ground_floor_count": 4.3078, "elevation_m": 60.6101, "albedo": 0.1209, "nearest_park_distance_m": 249.5412, "park_area_within_500m": 87663.8824, "nearest_stream_distance_m": 231.2776, "est_population_density": 7624.0, "dong_elderly_ratio": 0.2313, "dong_avg_age": 44.72, "dong_pop_density": 22640.68, "nearest_shelter_distance_m": 34.43, "shelter_count_within_500m": 10.04, "est_population": 476.5, "est_elderly": 105.3, "shelter_capacity_within_500m": 893.7, "building_form_group": "no_building", "dong_name": "오류2동", "top1_feature": "green_ratio", "top1_shap": -0.6953, "top2_feature": "building_ratio", "top2_shap": -0.2995, "top3_feature": "ndvi", "top3_shap": -0.377, "priority_score": 40.4924, "priority_rank": 298 }, "geometry": { "type": "Polygon", "coordinates": [ [ [ 126.846726490192054, 37.491196283242701 ], [ 126.846706864140273, 37.493449555992989 ], [ 126.849534805752569, 37.493465160844892 ], [ 126.849554346862732, 37.491211886831827 ], [ 126.846726490192054, 37.491196283242701 ] ] ] } },
{ "type": "Feature", "properties": { "nearest_shelter_name": "개봉2동경로당", "nearest_shelter_addr": "서울특별시 구로구 개봉로17나길 62", "nearest_shelter_lon": 126.851947, "nearest_shelter_lat": 37.493549, "member_grid_ids": ["11530_00828", "11530_00829", "11530_00830", "11530_00897", "11530_00898", "11530_00899", "11530_00968", "11530_00969", "11530_00970"], "display_grid_id": "11530_00169", "gu_code": 11530, "gu_name": "구로구", "source_cell_count": 13, "area_m2": 62500.0, "mean_actual_lst": 37.2646, "mean_actual_anomaly": -1.3487, "seoul_anomaly": -0.1005, "pred_anomaly": 0.6888, "pred_anomaly_std": 0.9445, "green_delta_c": -0.5431, "building_ratio": 0.3036, "green_ratio": 0.4428, "ndvi": 0.2663, "impervious_ratio": 0.1493, "built_surface_ratio": 0.1493, "avg_ground_floor_count": 3.4809, "elevation_m": 50.1771, "albedo": 0.1188, "nearest_park_distance_m": 260.8684, "park_area_within_500m": 69057.5768, "nearest_stream_distance_m": 271.0452, "est_population_density": 28452.4, "dong_elderly_ratio": 0.2464, "dong_avg_age": 46.1, "dong_pop_density": 38208.7, "nearest_shelter_distance_m": 68.49, "shelter_count_within_500m": 8.56, "est_population": 1778.3, "est_elderly": 438.2, "shelter_capacity_within_500m": 2051.5, "building_form_group": "high_floor_high_density", "dong_name": "개봉2동", "top1_feature": "building_ratio", "top1_shap": 0.6359, "top2_feature": "green_ratio", "top2_shap": -0.3751, "top3_feature": "ndvi", "top3_shap": -0.0711, "priority_score": 53.0682, "priority_rank": 153 }, "geometry": { "type": "Polygon", "coordinates": [ [ [ 126.849554346862732, 37.491211886831827 ], [ 126.849534805752569, 37.493465160844892 ], [ 126.852362749540845, 37.493480698009115 ], [ 126.852382205709148, 37.491227422738767 ], [ 126.849554346862732, 37.491211886831827 ] ] ] } },
{ "type": "Feature", "properties": { "nearest_shelter_name": "개봉2동경로당", "nearest_shelter_addr": "서울특별시 구로구 개봉로17나길 62", "nearest_shelter_lon": 126.851947, "nearest_shelter_lat": 37.493549, "member_grid_ids": ["11530_00831", "11530_00832", "11530_00899", "11530_00900", "11530_00901", "11530_00970", "11530_00971", "11530_00972"], "display_grid_id": "11530_00170", "gu_code": 11530, "gu_name": "구로구", "source_cell_count": 13, "area_m2": 62500.0, "mean_actual_lst": 40.9, "mean_actual_anomaly": 2.3849, "seoul_anomaly": 3.6332, "pred_anomaly": 3.9883, "pred_anomaly_std": 0.8251, "green_delta_c": -0.8882, "building_ratio": 0.4961, "green_ratio": 0.2852, "ndvi": 0.0967, "impervious_ratio": 0.1463, "built_surface_ratio": 0.1463, "avg_ground_floor_count": 3.7781, "elevation_m": 21.4176, "albedo": 0.1126, "nearest_park_distance_m": 142.158, "park_area_within_500m": 102773.0192, "nearest_stream_distance_m": 245.1636, "est_population_density": 46174.0, "dong_elderly_ratio": 0.2464, "dong_avg_age": 46.1, "dong_pop_density": 38208.7, "nearest_shelter_distance_m": 68.49, "shelter_count_within_500m": 11.04, "est_population": 2885.9, "est_elderly": 711.1, "shelter_capacity_within_500m": 4220.5, "building_form_group": "high_floor_high_density", "dong_name": "개봉2동", "top1_feature": "building_ratio", "top1_shap": 1.616, "top2_feature": "ndvi", "top2_shap": 0.7333, "top3_feature": "green_ratio", "top3_shap": 0.2076, "priority_score": 78.6301, "priority_rank": 4 }, "geometry": { "type": "Polygon", "coordinates": [ [ [ 126.852382205709148, 37.491227422738767 ], [ 126.852362749540845, 37.493480698009115 ], [ 126.855190695495665, 37.493496167485496 ], [ 126.855210066721838, 37.491242890963335 ], [ 126.852382205709148, 37.491227422738767 ] ] ] } },
{ "type": "Feature", "properties": { "nearest_shelter_name": "개봉현대(아)경로당", "nearest_shelter_addr": "서울특별시 구로구 개봉로20길 6", "nearest_shelter_lon": 126.858163, "nearest_shelter_lat": 37.492361, "member_grid_ids": ["11530_00833", "11530_00834", "11530_00835", "11530_00902", "11530_00903", "11530_00904", "11530_00973", "11530_00974", "11530_00975"], "display_grid_id": "11530_00171", "gu_code": 11530, "gu_name": "구로구", "source_cell_count": 12, "area_m2": 62500.0, "mean_actual_lst": 39.6521, "mean_actual_anomaly": 1.0213, "seoul_anomaly": 2.2695, "pred_anomaly": 1.858, "pred_anomaly_std": 0.7888, "green_delta_c": -0.3342, "building_ratio": 0.2824, "green_ratio": 0.2624, "ndvi": 0.1137, "impervious_ratio": 0.2913, "built_surface_ratio": 0.2913, "avg_ground_floor_count": 12.077, "elevation_m": 24.4951, "albedo": 0.1093, "nearest_park_distance_m": 78.736, "park_area_within_500m": 146374.0856, "nearest_stream_distance_m": 174.7064, "est_population_density": 77901.6, "dong_elderly_ratio": 0.2464, "dong_avg_age": 46.1, "dong_pop_density": 38208.7, "nearest_shelter_distance_m": 25.24, "shelter_count_within_500m": 15.12, "est_population": 4868.8, "est_elderly": 1199.8, "shelter_capacity_within_500m": 4198.5, "building_form_group": "high_floor_high_density", "dong_name": "개봉2동", "top1_feature": "building_ratio", "top1_shap": 0.5339, "top2_feature": "avg_ground_floor_count", "top2_shap": -0.4583, "top3_feature": "ndvi", "top3_shap": 0.4005, "priority_score": 57.3864, "priority_rank": 116 }, "geometry": { "type": "Polygon", "coordinates": [ [ [ 126.855210066721838, 37.491242890963335 ], [ 126.855190695495665, 37.493496167485496 ], [ 126.858018643607551, 37.493511569273878 ], [ 126.858037929891367, 37.491258291505375 ], [ 126.855210066721838, 37.491242890963335 ] ] ] } },
{ "type": "Feature", "properties": { "nearest_shelter_name": "개봉현대(아)경로당", "nearest_shelter_addr": "서울특별시 구로구 개봉로20길 6", "nearest_shelter_lon": 126.858163, "nearest_shelter_lat": 37.492361, "member_grid_ids": ["11530_00836", "11530_00837", "11530_00904", "11530_00905", "11530_00906", "11530_00975", "11530_00976", "11530_00977"], "display_grid_id": "11530_00172", "gu_code": 11530, "gu_name": "구로구", "source_cell_count": 14, "area_m2": 62500.0, "mean_actual_lst": 39.2788, "mean_actual_anomaly": 0.4442, "seoul_anomaly": 1.6925, "pred_anomaly": 1.0676, "pred_anomaly_std": 0.7787, "green_delta_c": -0.1848, "building_ratio": 0.207, "green_ratio": 0.2558, "ndvi": 0.1519, "impervious_ratio": 0.3928, "built_surface_ratio": 0.3928, "avg_ground_floor_count": 16.3592, "elevation_m": 29.2594, "albedo": 0.099, "nearest_park_distance_m": 145.9272, "park_area_within_500m": 134641.296, "nearest_stream_distance_m": 135.9288, "est_population_density": 79920.8, "dong_elderly_ratio": 0.2464, "dong_avg_age": 46.1, "dong_pop_density": 38208.7, "nearest_shelter_distance_m": 25.24, "shelter_count_within_500m": 14.16, "est_population": 4995.1, "est_elderly": 1230.8, "shelter_capacity_within_500m": 3920.5, "building_form_group": "high_floor_low_density", "dong_name": "개봉2동", "top1_feature": "avg_ground_floor_count", "top1_shap": -0.6259, "top2_feature": "impervious_ratio", "top2_shap": 0.4149, "top3_feature": "ndvi", "top3_shap": 0.2159, "priority_score": 49.0404, "priority_rank": 204 }, "geometry": { "type": "Polygon", "coordinates": [ [ [ 126.858037929891367, 37.491258291505375 ], [ 126.858018643607551, 37.493511569273878 ], [ 126.860846593867052, 37.493526903374089 ], [ 126.860865795208241, 37.491273624364737 ], [ 126.858037929891367, 37.491258291505375 ] ] ] } },
{ "type": "Feature", "properties": { "nearest_shelter_name": "현대홈타운2단지(아)경로당", "nearest_shelter_addr": "서울특별시 구로구 개봉로20길 158", "nearest_shelter_lon": 126.861235, "nearest_shelter_lat": 37.491819, "member_grid_ids": ["11530_00838", "11530_00839", "11530_00840", "11530_00907", "11530_00908", "11530_00909", "11530_00978", "11530_00979", "11530_00980"], "display_grid_id": "11530_00173", "gu_code": 11530, "gu_name": "구로구", "source_cell_count": 10, "area_m2": 62500.0, "mean_actual_lst": 39.1259, "mean_actual_anomaly": -0.1571, "seoul_anomaly": 1.0911, "pred_anomaly": 0.9373, "pred_anomaly_std": 0.8413, "green_delta_c": -0.3352, "building_ratio": 0.1819, "green_ratio": 0.2765, "ndvi": 0.2054, "impervious_ratio": 0.463, "built_surface_ratio": 0.463, "avg_ground_floor_count": 12.7888, "elevation_m": 20.9336, "albedo": 0.1229, "nearest_park_distance_m": 227.2236, "park_area_within_500m": 80120.7764, "nearest_stream_distance_m": 69.262, "est_population_density": 40645.972, "dong_elderly_ratio": 0.2464, "dong_avg_age": 46.1, "dong_pop_density": 38208.7, "nearest_shelter_distance_m": 43.18, "shelter_count_within_500m": 12.68, "est_population": 2540.4, "est_elderly": 626.0, "shelter_capacity_within_500m": 1555.0, "building_form_group": "high_floor_low_density", "dong_name": "개봉2동", "top1_feature": "impervious_ratio", "top1_shap": 0.4673, "top2_feature": "avg_ground_floor_count", "top2_shap": -0.3373, "top3_feature": "ndvi", "top3_shap": 0.0815, "priority_score": 54.3434, "priority_rank": 148 }, "geometry": { "type": "Polygon", "coordinates": [ [ [ 126.860865795208241, 37.491273624364737 ], [ 126.860846593867052, 37.493526903374089 ], [ 126.863674546264747, 37.493542169785997 ], [ 126.863693662663039, 37.491288889541252 ], [ 126.860865795208241, 37.491273624364737 ] ] ] } },
{ "type": "Feature", "properties": { "nearest_shelter_name": "한마을(아)경로당", "nearest_shelter_addr": "서울특별시 구로구 경인로 382", "nearest_shelter_lon": 126.863152, "nearest_shelter_lat": 37.494762, "member_grid_ids": ["11530_00840", "11530_00841", "11530_00842", "11530_00909", "11530_00910", "11530_00911", "11530_00980", "11530_00981", "11530_00982"], "display_grid_id": "11530_00174", "gu_code": 11530, "gu_name": "구로구", "source_cell_count": 13, "area_m2": 51217.99, "mean_actual_lst": 37.9778, "mean_actual_anomaly": -0.9834, "seoul_anomaly": 0.2649, "pred_anomaly": 0.9486, "pred_anomaly_std": 0.9632, "green_delta_c": -0.2791, "building_ratio": 0.2276, "green_ratio": 0.3213, "ndvi": 0.264, "impervious_ratio": 0.4529, "built_surface_ratio": 0.4529, "avg_ground_floor_count": 0.2441, "elevation_m": 13.9766, "albedo": 0.1388, "nearest_park_distance_m": 288.8519, "park_area_within_500m": 31553.9864, "nearest_stream_distance_m": 37.1934, "est_population_density": 137.7787, "dong_elderly_ratio": 0.2464, "dong_avg_age": 46.1, "dong_pop_density": 38208.7, "nearest_shelter_distance_m": 191.09, "shelter_count_within_500m": 6.9228, "est_population": 7.1, "est_elderly": 1.8, "shelter_capacity_within_500m": 0.0, "building_form_group": "low_floor_low_density", "dong_name": "개봉2동", "top1_feature": "impervious_ratio", "top1_shap": 0.5862, "top2_feature": "built_surface_ratio", "top2_shap": 0.4392, "top3_feature": "building_ratio", "top3_shap": 0.3125, "priority_score": 38.1945, "priority_rank": 330 }, "geometry": { "type": "Polygon", "coordinates": [ [ [ 126.863693662663039, 37.491288889541252 ], [ 126.863674546264747, 37.493542169785997 ], [ 126.866502500791114, 37.493557368509407 ], [ 126.866510543347346, 37.492605178661258 ], [ 126.866499160000018, 37.49260387 ], [ 126.86636375, 37.4926389 ], [ 126.866303699999989, 37.49263152 ], [ 126.86620453, 37.49255538 ], [ 126.86608085, 37.49236264 ], [ 126.86581339, 37.49214526 ], [ 126.865552100000016, 37.49174402 ], [ 126.86547781, 37.49159639 ], [ 126.865403760000021, 37.49150817 ], [ 126.86515183, 37.491592920000016 ], [ 126.86505335, 37.49154128 ], [ 126.86485131, 37.49139576 ], [ 126.864795079999979, 37.49132361 ], [ 126.864796812925249, 37.491294826127529 ], [ 126.863693662663039, 37.491288889541252 ] ] ] } },
{ "type": "Feature", "properties": { "nearest_shelter_name": "고척벽산블루밍(아)경로당", "nearest_shelter_addr": "서울특별시 구로구 경인로 390", "nearest_shelter_lon": 126.864198, "nearest_shelter_lat": 37.495777, "member_grid_ids": ["11530_00912", "11530_00983", "11530_00984"], "display_grid_id": "11530_00175", "gu_code": 11530, "gu_name": "구로구", "source_cell_count": 7, "area_m2": 6747.23, "mean_actual_lst": 36.1294, "mean_actual_anomaly": -2.2181, "seoul_anomaly": -0.9698, "pred_anomaly": -0.2256, "pred_anomaly_std": 1.4216, "green_delta_c": -0.0861, "building_ratio": 0.1723, "green_ratio": 0.3102, "ndvi": 0.1275, "impervious_ratio": 0.3076, "built_surface_ratio": 0.3076, "avg_ground_floor_count": 0.0, "elevation_m": 14.887, "albedo": 0.0962, "nearest_park_distance_m": 305.1773, "park_area_within_500m": 20021.65, "nearest_stream_distance_m": 15.7982, "est_population_density": 0.0, "dong_elderly_ratio": 0.1597, "dong_avg_age": 41.1, "dong_pop_density": 20103.0, "nearest_shelter_distance_m": 373.93, "shelter_count_within_500m": 2.0576, "est_population": 0.0, "est_elderly": 0.0, "shelter_capacity_within_500m": 41.9, "building_form_group": "low_floor_low_density", "dong_name": "구로1동", "top1_feature": "ndvi", "top1_shap": 0.5426, "top2_feature": "impervious_ratio", "top2_shap": 0.4231, "top3_feature": "floor_area_ratio_proxy", "top3_shap": -0.3783, "priority_score": 27.178, "priority_rank": 387 }, "geometry": { "type": "MultiPolygon", "coordinates": [ [ [ [ 126.86934564000002, 37.49163653 ], [ 126.86930426, 37.49175757 ], [ 126.86929791999998, 37.49185187 ], [ 126.86930599, 37.49187695 ], [ 126.86934396050637, 37.491966623744119 ], [ 126.869346746179332, 37.491635316878401 ], [ 126.86934564000002, 37.49163653 ] ] ], [ [ [ 126.867754349745795, 37.493564074901826 ], [ 126.867743280000013, 37.49354401 ], [ 126.867670600000011, 37.49347241 ], [ 126.86753721, 37.49337428 ], [ 126.867473030000014, 37.49320386 ], [ 126.86736972, 37.4930745 ], [ 126.86715921, 37.49292166 ], [ 126.86704177, 37.49288464 ], [ 126.86695541, 37.4928668 ], [ 126.86683472, 37.49287962 ], [ 126.86675553000002, 37.49289839 ], [ 126.866601820000014, 37.49289202 ], [ 126.8666858, 37.49266349 ], [ 126.86658571000001, 37.49261382000001 ], [ 126.866510543347346, 37.492605178661258 ], [ 126.866502500791114, 37.493557368509407 ], [ 126.867754349745795, 37.493564074901826 ] ] ] ] } },
{ "type": "Feature", "properties": { "nearest_shelter_name": "우성(아)경로당", "nearest_shelter_addr": "서울특별시 구로구 구일로8길 31 (구로우성아파트 101동)", "nearest_shelter_lon": 126.872386, "nearest_shelter_lat": 37.494814, "member_grid_ids": ["11530_00843", "11530_00844", "11530_00845", "11530_00913", "11530_00914", "11530_00915", "11530_00985", "11530_00986", "11530_00987"], "display_grid_id": "11530_00176", "gu_code": 11530, "gu_name": "구로구", "source_cell_count": 11, "area_m2": 56118.17, "mean_actual_lst": 37.2826, "mean_actual_anomaly": -1.079, "seoul_anomaly": 0.1693, "pred_anomaly": -1.0416, "pred_anomaly_std": 1.0754, "green_delta_c": -0.459, "building_ratio": 0.1367, "green_ratio": 0.3453, "ndvi": 0.1639, "impervious_ratio": 0.2442, "built_surface_ratio": 0.2442, "avg_ground_floor_count": 0.5346, "elevation_m": 10.2129, "albedo": 0.1306, "nearest_park_distance_m": 223.7783, "park_area_within_500m": 26247.9718, "nearest_stream_distance_m": 36.467, "est_population_density": 0.0, "dong_elderly_ratio": 0.1597, "dong_avg_age": 41.1, "dong_pop_density": 20103.0, "nearest_shelter_distance_m": 199.04, "shelter_count_within_500m": 5.5238, "est_population": 0.0, "est_elderly": 0.0, "shelter_capacity_within_500m": 1597.8, "building_form_group": "low_floor_low_density", "dong_name": "구로1동", "top1_feature": "elevation_m", "top1_shap": -0.4358, "top2_feature": "ndvi", "top2_shap": 0.2224, "top3_feature": "green_ratio", "top3_shap": -0.2191, "priority_score": 39.0214, "priority_rank": 316 }, "geometry": { "type": "Polygon", "coordinates": [ [ [ 126.87215841619215, 37.493587562890191 ], [ 126.872177277760315, 37.491334278972154 ], [ 126.869823544566771, 37.491321746987651 ], [ 126.86979917, 37.49134619 ], [ 126.86968773, 37.49141899 ], [ 126.86964969, 37.49144373 ], [ 126.86958128, 37.49146898 ], [ 126.86952559, 37.49149089 ], [ 126.86941308, 37.49156257 ], [ 126.869346746179332, 37.491635316878401 ], [ 126.86934396050637, 37.491966623744119 ], [ 126.86936599000002, 37.49201865 ], [ 126.869437090000019, 37.49208517000001 ], [ 126.869462649999988, 37.49211279 ], [ 126.86951191, 37.49213143 ], [ 126.86961555000002, 37.49217125 ], [ 126.869664819999983, 37.49218116 ], [ 126.86968125, 37.49218088 ], [ 126.86988799, 37.49217661 ], [ 126.86997664, 37.49220544 ], [ 126.870022119999987, 37.49226208 ], [ 126.87005713, 37.49235222 ], [ 126.87005414, 37.49243528 ], [ 126.870013249999985, 37.49248141 ], [ 126.86995896, 37.49251006 ], [ 126.86956112, 37.49257944 ], [ 126.869537449999982, 37.492583089999989 ], [ 126.86945491, 37.49259539 ], [ 126.869404849999981, 37.49263165 ], [ 126.869381290000021, 37.49266483 ], [ 126.86936865, 37.49271748 ], [ 126.86937314, 37.49277211 ], [ 126.869388240000021, 37.49282957 ], [ 126.86941818, 37.49288563 ], [ 126.86943315000002, 37.49291324 ], [ 126.869580160000012, 37.49310684000001 ], [ 126.87006662, 37.4934858 ], [ 126.870040063417875, 37.49357628567909 ], [ 126.87215841619215, 37.493587562890191 ] ] ] } },
{ "type": "Feature", "properties": { "nearest_shelter_name": "구로주공(아)경로당", "nearest_shelter_addr": "서울특별시 구로구 구일로4길 65 (구로주공아파트 104동)", "nearest_shelter_lon": 126.87509, "nearest_shelter_lat": 37.493069, "member_grid_ids": ["11530_00846", "11530_00847", "11530_00848", "11530_00916", "11530_00917", "11530_00918", "11530_00988", "11530_00989", "11530_00990"], "display_grid_id": "11530_00177", "gu_code": 11530, "gu_name": "구로구", "source_cell_count": 11, "area_m2": 62500.0, "mean_actual_lst": 38.7804, "mean_actual_anomaly": 0.3789, "seoul_anomaly": 1.6271, "pred_anomaly": 1.3859, "pred_anomaly_std": 0.8218, "green_delta_c": -0.5211, "building_ratio": 0.1362, "green_ratio": 0.3235, "ndvi": 0.1938, "impervious_ratio": 0.3125, "built_surface_ratio": 0.3125, "avg_ground_floor_count": 7.9302, "elevation_m": 16.3499, "albedo": 0.1306, "nearest_park_distance_m": 407.614, "park_area_within_500m": 11262.6144, "nearest_stream_distance_m": 245.124, "est_population_density": 0.0, "dong_elderly_ratio": 0.1597, "dong_avg_age": 41.1, "dong_pop_density": 20103.0, "nearest_shelter_distance_m": 12.75, "shelter_count_within_500m": 9.16, "est_population": 0.0, "est_elderly": 0.0, "shelter_capacity_within_500m": 1921.2, "building_form_group": "high_floor_low_density", "dong_name": "구로1동", "top1_feature": "impervious_ratio", "top1_shap": 0.3918, "top2_feature": "built_surface_ratio", "top2_shap": 0.2973, "top3_feature": "ndvi", "top3_shap": 0.1967, "priority_score": 38.7815, "priority_rank": 319 }, "geometry": { "type": "Polygon", "coordinates": [ [ [ 126.872177277760315, 37.491334278972154 ], [ 126.87215841619215, 37.493587562890191 ], [ 126.874986377047875, 37.493602558547231 ], [ 126.875005153672205, 37.491349273415722 ], [ 126.872177277760315, 37.491334278972154 ] ] ] } },
{ "type": "Feature", "properties": { "nearest_shelter_name": "구로주공(아)경로당", "nearest_shelter_addr": "서울특별시 구로구 구일로4길 65 (구로주공아파트 104동)", "nearest_shelter_lon": 126.87509, "nearest_shelter_lat": 37.493069, "member_grid_ids": ["11530_00848", "11530_00849", "11530_00850", "11530_00918", "11530_00919", "11530_00920", "11530_00990", "11530_00991", "11530_00992"], "display_grid_id": "11530_00178", "gu_code": 11530, "gu_name": "구로구", "source_cell_count": 11, "area_m2": 62500.0, "mean_actual_lst": 38.978, "mean_actual_anomaly": 0.5001, "seoul_anomaly": 1.7483, "pred_anomaly": 1.0661, "pred_anomaly_std": 0.7477, "green_delta_c": -0.6211, "building_ratio": 0.1813, "green_ratio": 0.3072, "ndvi": 0.222, "impervious_ratio": 0.2777, "built_surface_ratio": 0.2777, "avg_ground_floor_count": 12.0569, "elevation_m": 21.1942, "albedo": 0.1083, "nearest_park_distance_m": 601.6564, "park_area_within_500m": 57.2792, "nearest_stream_distance_m": 482.428, "est_population_density": 0.0, "dong_elderly_ratio": 0.1597, "dong_avg_age": 41.1, "dong_pop_density": 20103.0, "nearest_shelter_distance_m": 12.75, "shelter_count_within_500m": 10.2, "est_population": 0.0, "est_elderly": 0.0, "shelter_capacity_within_500m": 1945.8, "building_form_group": "high_floor_low_density", "dong_name": "구로1동", "top1_feature": "impervious_ratio", "top1_shap": 0.2848, "top2_feature": "avg_ground_floor_count", "top2_shap": -0.2634, "top3_feature": "built_surface_ratio", "top3_shap": 0.2395, "priority_score": 37.7715, "priority_rank": 333 }, "geometry": { "type": "Polygon", "coordinates": [ [ [ 126.875005153672205, 37.491349273415722 ], [ 126.874986377047875, 37.493602558547231 ], [ 126.877814339994501, 37.49361748651517 ], [ 126.877833031674683, 37.491364200175674 ], [ 126.875005153672205, 37.491349273415722 ] ] ] } },
{ "type": "Feature", "properties": { "nearest_shelter_name": "무지개경로당", "nearest_shelter_addr": "서울특별시 구로구 구로동로35가길 19-16", "nearest_shelter_lon": 126.881331, "nearest_shelter_lat": 37.493735, "member_grid_ids": ["11530_00851", "11530_00852", "11530_00853", "11530_00921", "11530_00922", "11530_00923", "11530_00993", "11530_00994", "11530_00995"], "display_grid_id": "11530_00179", "gu_code": 11530, "gu_name": "구로구", "source_cell_count": 15, "area_m2": 62500.0, "mean_actual_lst": 40.6857, "mean_actual_anomaly": 2.312, "seoul_anomaly": 3.5602, "pred_anomaly": 1.5801, "pred_anomaly_std": 0.9524, "green_delta_c": -0.6606, "building_ratio": 0.1682, "green_ratio": 0.3864, "ndvi": 0.1919, "impervious_ratio": 0.295, "built_surface_ratio": 0.295, "avg_ground_floor_count": 4.8371, "elevation_m": 15.5743, "albedo": 0.1278, "nearest_park_distance_m": 528.2744, "park_area_within_500m": 1210.25, "nearest_stream_distance_m": 739.7992, "est_population_density": 5865.2, "dong_elderly_ratio": 0.1703, "dong_avg_age": 42.6, "dong_pop_density": 20246.74, "nearest_shelter_distance_m": 86.23, "shelter_count_within_500m": 12.52, "est_population": 366.6, "est_elderly": 77.9, "shelter_capacity_within_500m": 7279.8, "building_form_group": "low_floor_low_density", "dong_name": "구로1동", "top1_feature": "ndvi", "top1_shap": 0.3551, "top2_feature": "impervious_ratio", "top2_shap": 0.3677, "top3_feature": "green_ratio", "top3_shap": -0.3371, "priority_score": 63.3586, "priority_rank": 66 }, "geometry": { "type": "Polygon", "coordinates": [ [ [ 126.877833031674683, 37.491364200175674 ], [ 126.877814339994501, 37.49361748651517 ], [ 126.880642305022533, 37.493632346793845 ], [ 126.880660911758369, 37.491379059251834 ], [ 126.877833031674683, 37.491364200175674 ] ] ] } },
{ "type": "Feature", "properties": { "nearest_shelter_name": "구로2동주민센터", "nearest_shelter_addr": "서울특별시 구로구 구로동로 141 (구로동)", "nearest_shelter_lon": 126.883571, "nearest_shelter_lat": 37.491319, "member_grid_ids": ["11530_00854", "11530_00855", "11530_00923", "11530_00924", "11530_00925", "11530_00995", "11530_00996", "11530_00997"], "display_grid_id": "11530_00180", "gu_code": 11530, "gu_name": "구로구", "source_cell_count": 13, "area_m2": 62500.0, "mean_actual_lst": 41.301, "mean_actual_anomaly": 3.1521, "seoul_anomaly": 4.4003, "pred_anomaly": 3.3926, "pred_anomaly_std": 0.6567, "green_delta_c": -0.5079, "building_ratio": 0.4169, "green_ratio": 0.2703, "ndvi": 0.1108, "impervious_ratio": 0.3579, "built_surface_ratio": 0.3579, "avg_ground_floor_count": 3.3294, "elevation_m": 22.3527, "albedo": 0.1145, "nearest_park_distance_m": 335.1144, "park_area_within_500m": 33444.1396, "nearest_stream_distance_m": 968.6432, "est_population_density": 33139.6, "dong_elderly_ratio": 0.2126, "dong_avg_age": 48.6, "dong_pop_density": 20821.7, "nearest_shelter_distance_m": 57.82, "shelter_count_within_500m": 13.8, "est_population": 2071.2, "est_elderly": 440.4, "shelter_capacity_within_500m": 7455.3, "building_form_group": "low_floor_high_density", "dong_name": "구로2동", "top1_feature": "building_ratio", "top1_shap": 1.1121, "top2_feature": "ndvi", "top2_shap": 0.5694, "top3_feature": "impervious_ratio", "top3_shap": 0.3897, "priority_score": 71.1174, "priority_rank": 26 }, "geometry": { "type": "Polygon", "coordinates": [ [ [ 126.880660911758369, 37.491379059251834 ], [ 126.880642305022533, 37.493632346793845 ], [ 126.883470272122509, 37.493647139383121 ], [ 126.883488793913742, 37.491393850644059 ], [ 126.880660911758369, 37.491379059251834 ] ] ] } },
{ "type": "Feature", "properties": { "nearest_shelter_name": "구로2동경로당", "nearest_shelter_addr": "서울특별시 구로구 구로동로28길 25-13 (구로동)", "nearest_shelter_lon": 126.885561, "nearest_shelter_lat": 37.491421, "member_grid_ids": ["11530_00856", "11530_00857", "11530_00858", "11530_00926", "11530_00927", "11530_00928", "11530_00998", "11530_00999", "11530_01000"], "display_grid_id": "11530_00181", "gu_code": 11530, "gu_name": "구로구", "source_cell_count": 11, "area_m2": 62500.0, "mean_actual_lst": 41.4681, "mean_actual_anomaly": 3.3485, "seoul_anomaly": 4.5968, "pred_anomaly": 3.1979, "pred_anomaly_std": 0.6892, "green_delta_c": -0.2757, "building_ratio": 0.399, "green_ratio": 0.2333, "ndvi": 0.0885, "impervious_ratio": 0.4184, "built_surface_ratio": 0.4184, "avg_ground_floor_count": 6.4294, "elevation_m": 26.5302, "albedo": 0.1185, "nearest_park_distance_m": 114.1148, "park_area_within_500m": 81912.788, "nearest_stream_distance_m": 867.2412, "est_population_density": 65090.4, "dong_elderly_ratio": 0.2126, "dong_avg_age": 48.6, "dong_pop_density": 20821.7, "nearest_shelter_distance_m": 33.28, "shelter_count_within_500m": 21.16, "est_population": 4068.2, "est_elderly": 864.8, "shelter_capacity_within_500m": 9384.5, "building_form_group": "high_floor_high_density", "dong_name": "구로2동", "top1_feature": "building_ratio", "top1_shap": 0.8505, "top2_feature": "ndvi", "top2_shap": 0.5103, "top3_feature": "impervious_ratio", "top3_shap": 0.4425, "priority_score": 67.1465, "priority_rank": 45 }, "geometry": { "type": "Polygon", "coordinates": [ [ [ 126.883488793913742, 37.491393850644059 ], [ 126.883470272122509, 37.493647139383121 ], [ 126.886298241285004, 37.493661864282821 ], [ 126.886316678131394, 37.491408574352199 ], [ 126.883488793913742, 37.491393850644059 ] ] ] } },
{ "type": "Feature", "properties": { "nearest_shelter_name": "한중다문화경로당", "nearest_shelter_addr": "서울특별시 구로구 구로동로28길 78-4 (구로동)", "nearest_shelter_lon": 126.888396, "nearest_shelter_lat": 37.491032, "member_grid_ids": ["11530_00859", "11530_00860", "11530_00928", "11530_00929", "11530_00930", "11530_01000", "11530_01001", "11530_01002"], "display_grid_id": "11530_00182", "gu_code": 11530, "gu_name": "구로구", "source_cell_count": 11, "area_m2": 62500.0, "mean_actual_lst": 41.309, "mean_actual_anomaly": 3.3767, "seoul_anomaly": 4.6249, "pred_anomaly": 3.719, "pred_anomaly_std": 0.6279, "green_delta_c": -0.465, "building_ratio": 0.4333, "green_ratio": 0.272, "ndvi": 0.1032, "impervious_ratio": 0.3135, "built_surface_ratio": 0.3135, "avg_ground_floor_count": 3.7712, "elevation_m": 24.7266, "albedo": 0.1156, "nearest_park_distance_m": 23.6564, "park_area_within_500m": 83915.5328, "nearest_stream_distance_m": 634.9516, "est_population_density": 38667.2, "dong_elderly_ratio": 0.2126, "dong_avg_age": 48.6, "dong_pop_density": 20821.7, "nearest_shelter_distance_m": 46.01, "shelter_count_within_500m": 22.84, "est_population": 2416.7, "est_elderly": 513.9, "shelter_capacity_within_500m": 9346.5, "building_form_group": "low_floor_high_density", "dong_name": "구로2동", "top1_feature": "building_ratio", "top1_shap": 1.0785, "top2_feature": "ndvi", "top2_shap": 0.5966, "top3_feature": "impervious_ratio", "top3_shap": 0.3994, "priority_score": 72.2159, "priority_rank": 19 }, "geometry": { "type": "Polygon", "coordinates": [ [ [ 126.886316678131394, 37.491408574352199 ], [ 126.886298241285004, 37.493661864282821 ], [ 126.889126212500543, 37.493676521492823 ], [ 126.889144564401846, 37.4914232303761 ], [ 126.886316678131394, 37.491408574352199 ] ] ] } },
{ "type": "Feature", "properties": { "nearest_shelter_name": "구로리경로당", "nearest_shelter_addr": "서울특별시 구로구 구로동로28길 102-13 (구로동)", "nearest_shelter_lon": 126.889238, "nearest_shelter_lat": 37.491495, "member_grid_ids": ["11530_00861", "11530_00862", "11530_00863", "11530_00931", "11530_00932", "11530_00933", "11530_01003", "11530_01004", "11530_01005"], "display_grid_id": "11530_00183", "gu_code": 11530, "gu_name": "구로구", "source_cell_count": 13, "area_m2": 62500.0, "mean_actual_lst": 42.0357, "mean_actual_anomaly": 4.0197, "seoul_anomaly": 5.2679, "pred_anomaly": 3.7818, "pred_anomaly_std": 0.6539, "green_delta_c": -0.4536, "building_ratio": 0.414, "green_ratio": 0.2597, "ndvi": 0.1152, "impervious_ratio": 0.4039, "built_surface_ratio": 0.4039, "avg_ground_floor_count": 3.3944, "elevation_m": 17.689, "albedo": 0.1279, "nearest_park_distance_m": 86.846, "park_area_within_500m": 81848.1288, "nearest_stream_distance_m": 383.364, "est_population_density": 33877.2, "dong_elderly_ratio": 0.2205, "dong_avg_age": 48.328, "dong_pop_density": 40144.104, "nearest_shelter_distance_m": 42.47, "shelter_count_within_500m": 22.72, "est_population": 2117.3, "est_elderly": 466.9, "shelter_capacity_within_500m": 4154.5, "building_form_group": "low_floor_high_density", "dong_name": "구로4동", "top1_feature": "building_ratio", "top1_shap": 1.1204, "top2_feature": "ndvi", "top2_shap": 0.535, "top3_feature": "impervious_ratio", "top3_shap": 0.38, "priority_score": 71.2121, "priority_rank": 25 }, "geometry": { "type": "Polygon", "coordinates": [ [ [ 126.889144564401846, 37.4914232303761 ], [ 126.889126212500543, 37.493676521492823 ], [ 126.891954185759644, 37.493691111012943 ], [ 126.891972452715635, 37.49143781871561 ], [ 126.889144564401846, 37.4914232303761 ] ] ] } },
{ "type": "Feature", "properties": { "nearest_shelter_name": "경남아너스빌(아)경로당", "nearest_shelter_addr": "서울특별시 구로구 구로중앙로8길 41-23 (경남아너스빌 관리동)", "nearest_shelter_lon": 126.893168, "nearest_shelter_lat": 37.493384, "member_grid_ids": ["11530_00864", "11530_00865", "11530_00933", "11530_00934", "11530_00935", "11530_01005", "11530_01006", "11530_01007"], "display_grid_id": "11530_00184", "gu_code": 11530, "gu_name": "구로구", "source_cell_count": 11, "area_m2": 62500.0, "mean_actual_lst": 41.0692, "mean_actual_anomaly": 2.8234, "seoul_anomaly": 4.0716, "pred_anomaly": 3.0638, "pred_anomaly_std": 0.6922, "green_delta_c": -0.3068, "building_ratio": 0.3237, "green_ratio": 0.2351, "ndvi": 0.1389, "impervious_ratio": 0.4771, "built_surface_ratio": 0.4771, "avg_ground_floor_count": 5.6764, "elevation_m": 18.1749, "albedo": 0.1255, "nearest_park_distance_m": 178.098, "park_area_within_500m": 94603.44, "nearest_stream_distance_m": 151.4048, "est_population_density": 38766.8, "dong_elderly_ratio": 0.2189, "dong_avg_age": 47.752, "dong_pop_density": 47279.512, "nearest_shelter_distance_m": 16.8, "shelter_count_within_500m": 19.52, "est_population": 2422.9, "est_elderly": 531.1, "shelter_capacity_within_500m": 3437.0, "building_form_group": "high_floor_high_density", "dong_name": "구로4동", "top1_feature": "building_ratio", "top1_shap": 0.703, "top2_feature": "impervious_ratio", "top2_shap": 0.4709, "top3_feature": "ndvi", "top3_shap": 0.2885, "priority_score": 62.6515, "priority_rank": 69 }, "geometry": { "type": "Polygon", "coordinates": [ [ [ 126.891972452715635, 37.49143781871561 ], [ 126.891954185759644, 37.493691111012943 ], [ 126.894782161052902, 37.493705632843046 ], [ 126.894800343063295, 37.491452339370575 ], [ 126.891972452715635, 37.49143781871561 ] ] ] } },
{ "type": "Feature", "properties": { "nearest_shelter_name": "대원경로당", "nearest_shelter_addr": "서울특별시 구로구 도림로 110", "nearest_shelter_lon": 126.894951, "nearest_shelter_lat": 37.491437, "member_grid_ids": ["11530_00866", "11530_00936", "11530_01008"], "display_grid_id": "11530_00185", "gu_code": 11530, "gu_name": "구로구", "source_cell_count": 5, "area_m2": 10431.99, "mean_actual_lst": 41.4344, "mean_actual_anomaly": 2.9553, "seoul_anomaly": 4.2035, "pred_anomaly": 3.0331, "pred_anomaly_std": 1.0759, "green_delta_c": -0.6736, "building_ratio": 0.346, "green_ratio": 0.2192, "ndvi": 0.218, "impervious_ratio": 0.5095, "built_surface_ratio": 0.5095, "avg_ground_floor_count": 2.8861, "elevation_m": 18.6135, "albedo": 0.1283, "nearest_park_distance_m": 62.5152, "park_area_within_500m": 112815.5257, "nearest_stream_distance_m": 13.0083, "est_population_density": 18579.6189, "dong_elderly_ratio": 0.2048, "dong_avg_age": 46.5511, "dong_pop_density": 42032.3103, "nearest_shelter_distance_m": 20.06, "shelter_count_within_500m": 16.2944, "est_population": 193.8, "est_elderly": 41.0, "shelter_capacity_within_500m": 825.3, "building_form_group": "low_floor_low_density", "dong_name": "구로4동", "top1_feature": "ndvi", "top1_shap": -0.0157, "top2_feature": "building_ratio", "top2_shap": 0.4267, "top3_feature": "impervious_ratio", "top3_shap": 0.3835, "priority_score": 61.9318, "priority_rank": 73 }, "geometry": { "type": "Polygon", "coordinates": [ [ [ 126.894800343063295, 37.491452339370575 ], [ 126.894782161052902, 37.493705632843046 ], [ 126.894982676355923, 37.493706659931362 ], [ 126.894986780000011, 37.49368913 ], [ 126.894996559999981, 37.49364689 ], [ 126.89500402, 37.49361509 ], [ 126.89503762, 37.49347096000001 ], [ 126.89505166, 37.4934096 ], [ 126.89507619, 37.49331135 ], [ 126.895119, 37.49314189 ], [ 126.89517054, 37.49293976 ], [ 126.89520181, 37.49281733 ], [ 126.89525368, 37.49261295 ], [ 126.89530858000002, 37.49239929 ], [ 126.89538266000001, 37.49211442 ], [ 126.895405960000019, 37.49202586 ], [ 126.89541251, 37.49200098 ], [ 126.89541928, 37.49197414 ], [ 126.89547185, 37.49176621 ], [ 126.89549264, 37.49168514 ], [ 126.895510410000014, 37.49161505 ], [ 126.89554043, 37.49149457 ], [ 126.895550059761717, 37.49145617766434 ], [ 126.894800343063295, 37.491452339370575 ] ] ] } },
{ "type": "Feature", "properties": { "nearest_shelter_name": "온수경로당", "nearest_shelter_addr": "서울특별시 구로구 부일로1길 62 (온수동)", "nearest_shelter_lon": 126.819124, "nearest_shelter_lat": 37.493268, "member_grid_ids": ["11530_01009", "11530_01010", "11530_01082", "11530_01083", "11530_01155", "11530_01156"], "display_grid_id": "11530_00186", "gu_code": 11530, "gu_name": "구로구", "source_cell_count": 9, "area_m2": 32178.45, "mean_actual_lst": 41.9692, "mean_actual_anomaly": 3.2486, "seoul_anomaly": 4.4969, "pred_anomaly": 1.8915, "pred_anomaly_std": 1.0289, "green_delta_c": -0.8423, "building_ratio": 0.3719, "green_ratio": 0.3533, "ndvi": 0.2644, "impervious_ratio": 0.5011, "built_surface_ratio": 0.5011, "avg_ground_floor_count": 1.7131, "elevation_m": 60.0062, "albedo": 0.1662, "nearest_park_distance_m": 16.5003, "park_area_within_500m": 233950.2487, "nearest_stream_distance_m": 1598.9317, "est_population_density": 0.0, "dong_elderly_ratio": 0.2188, "dong_avg_age": 44.8, "dong_pop_density": 8657.5, "nearest_shelter_distance_m": 365.15, "shelter_count_within_500m": 0.8891, "est_population": 0.0, "est_elderly": 0.0, "shelter_capacity_within_500m": 265.5, "building_form_group": "low_floor_high_density", "dong_name": "수궁동", "top1_feature": "building_ratio", "top1_shap": 0.7425, "top2_feature": "impervious_ratio", "top2_shap": 0.3033, "top3_feature": "built_surface_ratio", "top3_shap": 0.276, "priority_score": 66.8624, "priority_rank": 47 }, "geometry": { "type": "Polygon", "coordinates": [ [ [ 126.815579090043514, 37.495526692908918 ], [ 126.815599652725297, 37.493273435281743 ], [ 126.81454127403768, 37.493267298929148 ], [ 126.8144279, 37.49351835 ], [ 126.814392200000015, 37.49359432 ], [ 126.81431741, 37.49375891 ], [ 126.81432683, 37.49394842 ], [ 126.81433231, 37.49401798000001 ], [ 126.81435234, 37.49434039 ], [ 126.81435249, 37.49442513000001 ], [ 126.81423841, 37.49454125 ], [ 126.81422034000002, 37.49455868 ], [ 126.814068890000016, 37.494713 ], [ 126.81395357000001, 37.49483053 ], [ 126.81386718, 37.49489824 ], [ 126.81385459000002, 37.49491822 ], [ 126.8137174, 37.49515845 ], [ 126.813565489999988, 37.49542624 ], [ 126.813514832648863, 37.495514715194616 ], [ 126.815579090043514, 37.495526692908918 ] ] ] } },
{ "type": "Feature", "properties": { "nearest_shelter_name": "온수경로당", "nearest_shelter_addr": "서울특별시 구로구 부일로1길 62 (온수동)", "nearest_shelter_lon": 126.819124, "nearest_shelter_lat": 37.493268, "member_grid_ids": ["11530_01011", "11530_01012", "11530_01013", "11530_01084", "11530_01085", "11530_01086", "11530_01157", "11530_01158", "11530_01159"], "display_grid_id": "11530_00187", "gu_code": 11530, "gu_name": "구로구", "source_cell_count": 16, "area_m2": 62500.0, "mean_actual_lst": 43.0771, "mean_actual_anomaly": 4.7412, "seoul_anomaly": 5.9894, "pred_anomaly": 3.4313, "pred_anomaly_std": 0.8825, "green_delta_c": -0.7721, "building_ratio": 0.2508, "green_ratio": 0.1982, "ndvi": 0.1727, "impervious_ratio": 0.6644, "built_surface_ratio": 0.6644, "avg_ground_floor_count": 2.4923, "elevation_m": 47.3475, "albedo": 0.1526, "nearest_park_distance_m": 2.6496, "park_area_within_500m": 207204.9612, "nearest_stream_distance_m": 1401.8356, "est_population_density": 6628.8, "dong_elderly_ratio": 0.2188, "dong_avg_age": 44.8, "dong_pop_density": 8657.5, "nearest_shelter_distance_m": 81.11, "shelter_count_within_500m": 2.84, "est_population": 414.3, "est_elderly": 90.6, "shelter_capacity_within_500m": 812.5, "building_form_group": "low_floor_high_density", "dong_name": "수궁동", "top1_feature": "impervious_ratio", "top1_shap": 0.6408, "top2_feature": "built_surface_ratio", "top2_shap": 0.6169, "top3_feature": "building_ratio", "top3_shap": 0.4036, "priority_score": 81.7109, "priority_rank": 1 }, "geometry": { "type": "Polygon", "coordinates": [ [ [ 126.815599652725297, 37.493273435281743 ], [ 126.815579090043514, 37.495526692908918 ], [ 126.818407092043913, 37.495543043637589 ], [ 126.818427569777484, 37.493289784687327 ], [ 126.815599652725297, 37.493273435281743 ] ] ] } },
{ "type": "Feature", "properties": { "nearest_shelter_name": "온수경로당", "nearest_shelter_addr": "서울특별시 구로구 부일로1길 62 (온수동)", "nearest_shelter_lon": 126.819124, "nearest_shelter_lat": 37.493268, "member_grid_ids": ["11530_01013", "11530_01014", "11530_01015", "11530_01086", "11530_01087", "11530_01088", "11530_01160", "11530_01161"], "display_grid_id": "11530_00188", "gu_code": 11530, "gu_name": "구로구", "source_cell_count": 12, "area_m2": 62500.0, "mean_actual_lst": 34.7736, "mean_actual_anomaly": -3.3077, "seoul_anomaly": -2.0595, "pred_anomaly": -1.9461, "pred_anomaly_std": 0.7551, "green_delta_c": -0.3705, "building_ratio": 0.0799, "green_ratio": 0.5782, "ndvi": 0.4811, "impervious_ratio": 0.2773, "built_surface_ratio": 0.2773, "avg_ground_floor_count": 2.1788, "elevation_m": 63.4309, "albedo": 0.1377, "nearest_park_distance_m": 66.312, "park_area_within_500m": 271457.7404, "nearest_stream_distance_m": 1167.3132, "est_population_density": 7347.2, "dong_elderly_ratio": 0.2188, "dong_avg_age": 44.8, "dong_pop_density": 8657.5, "nearest_shelter_distance_m": 65.33, "shelter_count_within_500m": 4.84, "est_population": 459.2, "est_elderly": 100.5, "shelter_capacity_within_500m": 3392.5, "building_form_group": "low_floor_low_density", "dong_name": "수궁동", "top1_feature": "green_ratio", "top1_shap": -0.865, "top2_feature": "ndvi", "top2_shap": -0.7704, "top3_feature": "building_ratio", "top3_shap": -0.41, "priority_score": 36.4394, "priority_rank": 344 }, "geometry": { "type": "Polygon", "coordinates": [ [ [ 126.818427569777484, 37.493289784687327 ], [ 126.818407092043913, 37.495543043637589 ], [ 126.8212350963246, 37.495559326674936 ], [ 126.821255489109717, 37.493306066407051 ], [ 126.818427569777484, 37.493289784687327 ] ] ] } },
{ "type": "Feature", "properties": { "nearest_shelter_name": "온수힐스테이트(아)경로당", "nearest_shelter_addr": "서울특별시 구로구 부일로9길 127 (온수 힐스테이트 104동)", "nearest_shelter_lon": 126.821542, "nearest_shelter_lat": 37.496201, "member_grid_ids": ["11530_01016", "11530_01017", "11530_01018", "11530_01089", "11530_01090", "11530_01091", "11530_01162", "11530_01163", "11530_01164"], "display_grid_id": "11530_00189", "gu_code": 11530, "gu_name": "구로구", "source_cell_count": 12, "area_m2": 62500.0, "mean_actual_lst": 33.6517, "mean_actual_anomaly": -4.3645, "seoul_anomaly": -3.1163, "pred_anomaly": -2.3576, "pred_anomaly_std": 0.7191, "green_delta_c": -0.5637, "building_ratio": 0.0559, "green_ratio": 0.6229, "ndvi": 0.469, "impervious_ratio": 0.2134, "built_surface_ratio": 0.2134, "avg_ground_floor_count": 3.505, "elevation_m": 57.4175, "albedo": 0.1407, "nearest_park_distance_m": 80.0784, "park_area_within_500m": 282076.2192, "nearest_stream_distance_m": 916.4648, "est_population_density": 5245.2, "dong_elderly_ratio": 0.2188, "dong_avg_age": 44.8, "dong_pop_density": 8657.5, "nearest_shelter_distance_m": 74.43, "shelter_count_within_500m": 5.84, "est_population": 327.8, "est_elderly": 71.8, "shelter_capacity_within_500m": 3690.2, "building_form_group": "no_building", "dong_name": "수궁동", "top1_feature": "green_ratio", "top1_shap": -0.9578, "top2_feature": "ndvi", "top2_shap": -0.7271, "top3_feature": "building_ratio", "top3_shap": -0.5473, "priority_score": 42.2096, "priority_rank": 280 }, "geometry": { "type": "Polygon", "coordinates": [ [ [ 126.821255489109717, 37.493306066407051 ], [ 126.8212350963246, 37.495559326674936 ], [ 126.824063102876096, 37.495575542020752 ], [ 126.824083410712518, 37.493322280440744 ], [ 126.821255489109717, 37.493306066407051 ] ] ] } },
{ "type": "Feature", "properties": { "nearest_shelter_name": "온수어르신복지관", "nearest_shelter_addr": "서울특별시 구로구 부일로9길 111 (온수동)", "nearest_shelter_lon": 126.823342, "nearest_shelter_lat": 37.496686, "member_grid_ids": ["11530_01018", "11530_01019", "11530_01020", "11530_01091", "11530_01092", "11530_01093", "11530_01165", "11530_01166"], "display_grid_id": "11530_00190", "gu_code": 11530, "gu_name": "구로구", "source_cell_count": 12, "area_m2": 62500.0, "mean_actual_lst": 39.0816, "mean_actual_anomaly": 0.607, "seoul_anomaly": 1.8553, "pred_anomaly": 1.168, "pred_anomaly_std": 0.8515, "green_delta_c": -0.6808, "building_ratio": 0.1582, "green_ratio": 0.3623, "ndvi": 0.2801, "impervious_ratio": 0.4245, "built_surface_ratio": 0.4245, "avg_ground_floor_count": 2.9504, "elevation_m": 42.6353, "albedo": 0.1352, "nearest_park_distance_m": 71.576, "park_area_within_500m": 268883.7776, "nearest_stream_distance_m": 690.896, "est_population_density": 12585.2, "dong_elderly_ratio": 0.2188, "dong_avg_age": 44.8, "dong_pop_density": 8657.5, "nearest_shelter_distance_m": 204.5, "shelter_count_within_500m": 6.0, "est_population": 786.6, "est_elderly": 172.1, "shelter_capacity_within_500m": 4158.3, "building_form_group": "low_floor_low_density", "dong_name": "수궁동", "top1_feature": "ndvi", "top1_shap": -0.3576, "top2_feature": "impervious_ratio", "top2_shap": 0.4121, "top3_feature": "green_ratio", "top3_shap": -0.2872, "priority_score": 63.4722, "priority_rank": 64 }, "geometry": { "type": "Polygon", "coordinates": [ [ [ 126.824083410712518, 37.493322280440744 ], [ 126.824063102876096, 37.495575542020752 ], [ 126.826891111688965, 37.495591689674896 ], [ 126.826911334576408, 37.493338426788227 ], [ 126.824083410712518, 37.493322280440744 ] ] ] } },
{ "type": "Feature", "properties": { "nearest_shelter_name": "우신빌라경로당", "nearest_shelter_addr": "서울특별시 구로구 오리로 1265 (궁동, 우신빌라)", "nearest_shelter_lon": 126.830571, "nearest_shelter_lat": 37.494301, "member_grid_ids": ["11530_01021", "11530_01022", "11530_01023", "11530_01094", "11530_01095", "11530_01096", "11530_01167", "11530_01168", "11530_01169"], "display_grid_id": "11530_00191", "gu_code": 11530, "gu_name": "구로구", "source_cell_count": 12, "area_m2": 62500.0, "mean_actual_lst": 40.3715, "mean_actual_anomaly": 1.8371, "seoul_anomaly": 3.0853, "pred_anomaly": 2.0553, "pred_anomaly_std": 0.8932, "green_delta_c": -0.505, "building_ratio": 0.2879, "green_ratio": 0.3279, "ndvi": 0.2494, "impervious_ratio": 0.4775, "built_surface_ratio": 0.4775, "avg_ground_floor_count": 2.2355, "elevation_m": 33.6704, "albedo": 0.1327, "nearest_park_distance_m": 22.5716, "park_area_within_500m": 238356.5684, "nearest_stream_distance_m": 463.3228, "est_population_density": 15899.2, "dong_elderly_ratio": 0.2188, "dong_avg_age": 44.8, "dong_pop_density": 8657.5, "nearest_shelter_distance_m": 87.07, "shelter_count_within_500m": 6.52, "est_population": 993.7, "est_elderly": 217.3, "shelter_capacity_within_500m": 4578.5, "building_form_group": "low_floor_low_density", "dong_name": "수궁동", "top1_feature": "building_ratio", "top1_shap": 0.5408, "top2_feature": "impervious_ratio", "top2_shap": 0.4079, "top3_feature": "ndvi", "top3_shap": -0.2705, "priority_score": 65.2778, "priority_rank": 55 }, "geometry": { "type": "Polygon", "coordinates": [ [ [ 126.826911334576408, 37.493338426788227 ], [ 126.826891111688965, 37.495591689674896 ], [ 126.829719122753772, 37.495607769637189 ], [ 126.829739260691966, 37.493354505449346 ], [ 126.826911334576408, 37.493338426788227 ] ] ] } },
{ "type": "Feature", "properties": { "nearest_shelter_name": "아랫말경로당", "nearest_shelter_addr": "서울특별시 구로구 부일로11길 4-3 (궁동)", "nearest_shelter_lon": 126.832199, "nearest_shelter_lat": 37.493645, "member_grid_ids": ["11530_01023", "11530_01024", "11530_01025", "11530_01096", "11530_01097", "11530_01098", "11530_01170", "11530_01171"], "display_grid_id": "11530_00192", "gu_code": 11530, "gu_name": "구로구", "source_cell_count": 12, "area_m2": 62500.0, "mean_actual_lst": 40.4522, "mean_actual_anomaly": 1.9797, "seoul_anomaly": 3.2279, "pred_anomaly": 3.5258, "pred_anomaly_std": 0.709, "green_delta_c": -0.2883, "building_ratio": 0.3479, "green_ratio": 0.23, "ndvi": 0.1348, "impervious_ratio": 0.5169, "built_surface_ratio": 0.5169, "avg_ground_floor_count": 3.5607, "elevation_m": 29.1387, "albedo": 0.1206, "nearest_park_distance_m": 52.978, "park_area_within_500m": 215293.7988, "nearest_stream_distance_m": 303.3404, "est_population_density": 30048.8, "dong_elderly_ratio": 0.2188, "dong_avg_age": 44.8, "dong_pop_density": 8657.5, "nearest_shelter_distance_m": 26.13, "shelter_count_within_500m": 6.92, "est_population": 1878.0, "est_elderly": 410.9, "shelter_capacity_within_500m": 3102.5, "building_form_group": "high_floor_high_density", "dong_name": "수궁동", "top1_feature": "building_ratio", "top1_shap": 0.8889, "top2_feature": "impervious_ratio", "top2_shap": 0.4755, "top3_feature": "built_surface_ratio", "top3_shap": 0.2664, "priority_score": 58.7058, "priority_rank": 106 }, "geometry": { "type": "Polygon", "coordinates": [ [ [ 126.829739260691966, 37.493354505449346 ], [ 126.829719122753772, 37.495607769637189 ], [ 126.832547136061024, 37.495623781907476 ], [ 126.832567189049698, 37.493370516423923 ], [ 126.829739260691966, 37.493354505449346 ] ] ] } },
{ "type": "Feature", "properties": { "nearest_shelter_name": "새마을금고수궁지점", "nearest_shelter_addr": "서울특별시 구로구 부일로15길 10 (궁동)", "nearest_shelter_lon": 126.834232, "nearest_shelter_lat": 37.493714, "member_grid_ids": ["11530_01026", "11530_01027", "11530_01028", "11530_01099", "11530_01100", "11530_01101", "11530_01172", "11530_01173", "11530_01174"], "display_grid_id": "11530_00193", "gu_code": 11530, "gu_name": "구로구", "source_cell_count": 13, "area_m2": 62500.0, "mean_actual_lst": 41.1213, "mean_actual_anomaly": 2.4277, "seoul_anomaly": 3.6759, "pred_anomaly": 3.2824, "pred_anomaly_std": 0.6859, "green_delta_c": -0.2304, "building_ratio": 0.343, "green_ratio": 0.2617, "ndvi": 0.1406, "impervious_ratio": 0.4522, "built_surface_ratio": 0.4522, "avg_ground_floor_count": 3.4673, "elevation_m": 29.0735, "albedo": 0.1278, "nearest_park_distance_m": 173.3408, "park_area_within_500m": 193053.9432, "nearest_stream_distance_m": 250.1548, "est_population_density": 28864.0, "dong_elderly_ratio": 0.2188, "dong_avg_age": 44.8, "dong_pop_density": 8657.5, "nearest_shelter_distance_m": 13.24, "shelter_count_within_500m": 10.64, "est_population": 1804.0, "est_elderly": 394.8, "shelter_capacity_within_500m": 2820.8, "building_form_group": "low_floor_high_density", "dong_name": "수궁동", "top1_feature": "building_ratio", "top1_shap": 0.8396, "top2_feature": "ndvi", "top2_shap": 0.3453, "top3_feature": "impervious_ratio", "top3_shap": 0.4257, "priority_score": 59.6212, "priority_rank": 98 }, "geometry": { "type": "Polygon", "coordinates": [ [ [ 126.832567189049698, 37.493370516423923 ], [ 126.832547136061024, 37.495623781907476 ], [ 126.835375151601269, 37.495639726485578 ], [ 126.835395119640182, 37.493386459711793 ], [ 126.832567189049698, 37.493370516423923 ] ] ] } },
{ "type": "Feature", "properties": { "nearest_shelter_name": "궁동빌라경로당", "nearest_shelter_addr": "서울특별시 구로구 부일로19길 34 (노인정)", "nearest_shelter_lon": 126.836488, "nearest_shelter_lat": 37.494609, "member_grid_ids": ["11530_01028", "11530_01029", "11530_01030", "11530_01101", "11530_01102", "11530_01103", "11530_01175", "11530_01176"], "display_grid_id": "11530_00194", "gu_code": 11530, "gu_name": "구로구", "source_cell_count": 14, "area_m2": 62500.0, "mean_actual_lst": 41.5685, "mean_actual_anomaly": 3.0149, "seoul_anomaly": 4.2631, "pred_anomaly": 3.4192, "pred_anomaly_std": 0.8965, "green_delta_c": -0.5273, "building_ratio": 0.3403, "green_ratio": 0.2836, "ndvi": 0.128, "impervious_ratio": 0.3807, "built_surface_ratio": 0.3807, "avg_ground_floor_count": 3.755, "elevation_m": 33.8699, "albedo": 0.1297, "nearest_park_distance_m": 177.568, "park_area_within_500m": 120336.9624, "nearest_stream_distance_m": 213.5364, "est_population_density": 31990.4, "dong_elderly_ratio": 0.2157, "dong_avg_age": 44.656, "dong_pop_density": 14114.572, "nearest_shelter_distance_m": 15.24, "shelter_count_within_500m": 13.52, "est_population": 1999.4, "est_elderly": 429.4, "shelter_capacity_within_500m": 1800.3, "building_form_group": "high_floor_high_density", "dong_name": "수궁동", "top1_feature": "building_ratio", "top1_shap": 0.8011, "top2_feature": "ndvi", "top2_shap": 0.4742, "top3_feature": "impervious_ratio", "top3_shap": 0.4361, "priority_score": 66.6414, "priority_rank": 48 }, "geometry": { "type": "Polygon", "coordinates": [ [ [ 126.835395119640182, 37.493386459711793 ], [ 126.835375151601269, 37.495639726485578 ], [ 126.83820316936503, 37.495655603371333 ], [ 126.838223052453927, 37.493402335312801 ], [ 126.835395119640182, 37.493386459711793 ] ] ] } },
{ "type": "Feature", "properties": { "nearest_shelter_name": "새마을경로당", "nearest_shelter_addr": "서울특별시 구로구 고척로4길 15-1", "nearest_shelter_lon": 126.841307, "nearest_shelter_lat": 37.495869, "member_grid_ids": ["11530_01031", "11530_01032", "11530_01033", "11530_01104", "11530_01105", "11530_01106", "11530_01177", "11530_01178", "11530_01179"], "display_grid_id": "11530_00195", "gu_code": 11530, "gu_name": "구로구", "source_cell_count": 11, "area_m2": 62500.0, "mean_actual_lst": 39.8577, "mean_actual_anomaly": 1.3424, "seoul_anomaly": 2.5906, "pred_anomaly": 2.7616, "pred_anomaly_std": 0.7803, "green_delta_c": -0.2566, "building_ratio": 0.315, "green_ratio": 0.2492, "ndvi": 0.1024, "impervious_ratio": 0.3675, "built_surface_ratio": 0.3675, "avg_ground_floor_count": 6.232, "elevation_m": 25.293, "albedo": 0.1118, "nearest_park_distance_m": 176.9968, "park_area_within_500m": 93566.6612, "nearest_stream_distance_m": 185.4096, "est_population_density": 24722.0, "dong_elderly_ratio": 0.2057, "dong_avg_age": 44.2, "dong_pop_density": 31395.3, "nearest_shelter_distance_m": 32.79, "shelter_count_within_500m": 19.32, "est_population": 1545.1, "est_elderly": 317.8, "shelter_capacity_within_500m": 1980.0, "building_form_group": "high_floor_high_density", "dong_name": "오류1동", "top1_feature": "building_ratio", "top1_shap": 0.7014, "top2_feature": "ndvi", "top2_shap": 0.4654, "top3_feature": "impervious_ratio", "top3_shap": 0.3922, "priority_score": 49.3624, "priority_rank": 199 }, "geometry": { "type": "Polygon", "coordinates": [ [ [ 126.838223052453927, 37.493402335312801 ], [ 126.83820316936503, 37.495655603371333 ], [ 126.8410311893429, 37.495671412564583 ], [ 126.841050987481495, 37.493418143226791 ], [ 126.838223052453927, 37.493402335312801 ] ] ] } },
{ "type": "Feature", "properties": { "nearest_shelter_name": "오류동경서농협", "nearest_shelter_addr": "서울특별시 구로구 고척로6길 66", "nearest_shelter_lon": 126.84229, "nearest_shelter_lat": 37.495968, "member_grid_ids": ["11530_01033", "11530_01034", "11530_01035", "11530_01106", "11530_01107", "11530_01108", "11530_01180", "11530_01181"], "display_grid_id": "11530_00196", "gu_code": 11530, "gu_name": "구로구", "source_cell_count": 10, "area_m2": 62500.0, "mean_actual_lst": 40.5355, "mean_actual_anomaly": 1.8975, "seoul_anomaly": 3.1457, "pred_anomaly": 2.4979, "pred_anomaly_std": 0.8155, "green_delta_c": -0.2951, "building_ratio": 0.2204, "green_ratio": 0.2303, "ndvi": 0.0867, "impervious_ratio": 0.43, "built_surface_ratio": 0.43, "avg_ground_floor_count": 7.7504, "elevation_m": 21.1761, "albedo": 0.1187, "nearest_park_distance_m": 48.56, "park_area_within_500m": 87388.0348, "nearest_stream_distance_m": 160.0168, "est_population_density": 1793.2, "dong_elderly_ratio": 0.2057, "dong_avg_age": 44.2, "dong_pop_density": 31395.3, "nearest_shelter_distance_m": 34.12, "shelter_count_within_500m": 22.04, "est_population": 112.1, "est_elderly": 23.1, "shelter_capacity_within_500m": 4344.0, "building_form_group": "high_floor_high_density", "dong_name": "오류1동", "top1_feature": "ndvi", "top1_shap": 0.5794, "top2_feature": "building_ratio", "top2_shap": 0.432, "top3_feature": "impervious_ratio", "top3_shap": 0.3362, "priority_score": 50.9091, "priority_rank": 181 }, "geometry": { "type": "Polygon", "coordinates": [ [ [ 126.841050987481495, 37.493418143226791 ], [ 126.8410311893429, 37.495671412564583 ], [ 126.843859211525398, 37.495687154065166 ], [ 126.843878924713437, 37.493433883453569 ], [ 126.841050987481495, 37.493418143226791 ] ] ] } },
{ "type": "Feature", "properties": { "nearest_shelter_name": "우림필유(아)경로당", "nearest_shelter_addr": "서울특별시 구로구 서해안로 2368 (우림필유 노인정)", "nearest_shelter_lon": 126.846583, "nearest_shelter_lat": 37.493997, "member_grid_ids": ["11530_01036", "11530_01037", "11530_01038", "11530_01109", "11530_01110", "11530_01111", "11530_01182", "11530_01183", "11530_01184"], "display_grid_id": "11530_00197", "gu_code": 11530, "gu_name": "구로구", "source_cell_count": 14, "area_m2": 62500.0, "mean_actual_lst": 40.6036, "mean_actual_anomaly": 2.1086, "seoul_anomaly": 3.3568, "pred_anomaly": 2.9713, "pred_anomaly_std": 0.8448, "green_delta_c": -0.4333, "building_ratio": 0.24, "green_ratio": 0.2307, "ndvi": 0.142, "impervious_ratio": 0.5153, "built_surface_ratio": 0.5153, "avg_ground_floor_count": 3.9828, "elevation_m": 19.2222, "albedo": 0.1238, "nearest_park_distance_m": 12.0416, "park_area_within_500m": 102533.1776, "nearest_stream_distance_m": 92.8492, "est_population_density": 11948.8, "dong_elderly_ratio": 0.2094, "dong_avg_age": 44.104, "dong_pop_density": 26803.308, "nearest_shelter_distance_m": 15.09, "shelter_count_within_500m": 18.32, "est_population": 746.8, "est_elderly": 158.5, "shelter_capacity_within_500m": 3742.3, "building_form_group": "low_floor_low_density", "dong_name": "오류1동", "top1_feature": "impervious_ratio", "top1_shap": 0.5316, "top2_feature": "building_ratio", "top2_shap": 0.3248, "top3_feature": "built_surface_ratio", "top3_shap": 0.3021, "priority_score": 57.1591, "priority_rank": 121 }, "geometry": { "type": "Polygon", "coordinates": [ [ [ 126.843878924713437, 37.493433883453569 ], [ 126.843859211525398, 37.495687154065166 ], [ 126.846687235903033, 37.495702827872904 ], [ 126.846706864140273, 37.493449555992989 ], [ 126.843878924713437, 37.493433883453569 ] ] ] } },
{ "type": "Feature", "properties": { "nearest_shelter_name": "우림필유(아)경로당", "nearest_shelter_addr": "서울특별시 구로구 서해안로 2368 (우림필유 노인정)", "nearest_shelter_lon": 126.846583, "nearest_shelter_lat": 37.493997, "member_grid_ids": ["11530_01038", "11530_01039", "11530_01040", "11530_01111", "11530_01112", "11530_01113", "11530_01185", "11530_01186"], "display_grid_id": "11530_00198", "gu_code": 11530, "gu_name": "구로구", "source_cell_count": 14, "area_m2": 62500.0, "mean_actual_lst": 39.5128, "mean_actual_anomaly": 0.983, "seoul_anomaly": 2.2313, "pred_anomaly": 2.2111, "pred_anomaly_std": 1.0255, "green_delta_c": -0.4676, "building_ratio": 0.2401, "green_ratio": 0.2719, "ndvi": 0.131, "impervious_ratio": 0.3839, "built_surface_ratio": 0.3839, "avg_ground_floor_count": 6.9125, "elevation_m": 20.6773, "albedo": 0.1145, "nearest_park_distance_m": 81.4088, "park_area_within_500m": 103764.8048, "nearest_stream_distance_m": 64.7772, "est_population_density": 34564.0, "dong_elderly_ratio": 0.2224, "dong_avg_age": 44.712, "dong_pop_density": 28983.596, "nearest_shelter_distance_m": 15.09, "shelter_count_within_500m": 16.64, "est_population": 2160.2, "est_elderly": 480.4, "shelter_capacity_within_500m": 3452.7, "building_form_group": "high_floor_high_density", "dong_name": "오류1동", "top1_feature": "building_ratio", "top1_shap": 0.5048, "top2_feature": "ndvi", "top2_shap": 0.43, "top3_feature": "impervious_ratio", "top3_shap": 0.3191, "priority_score": 61.048, "priority_rank": 84 }, "geometry": { "type": "Polygon", "coordinates": [ [ [ 126.846706864140273, 37.493449555992989 ], [ 126.846687235903033, 37.495702827872904 ], [ 126.849515262466412, 37.495718433987648 ], [ 126.849534805752569, 37.493465160844892 ], [ 126.846706864140273, 37.493449555992989 ] ] ] } },
{ "type": "Feature", "properties": { "nearest_shelter_name": "두산(아)경로당", "nearest_shelter_addr": "서울특별시 구로구 남부순환로95길 88 (두산아파트 상가)", "nearest_shelter_lon": 126.852538, "nearest_shelter_lat": 37.495095, "member_grid_ids": ["11530_01041", "11530_01042", "11530_01043", "11530_01114", "11530_01115", "11530_01116", "11530_01187", "11530_01188", "11530_01189"], "display_grid_id": "11530_00199", "gu_code": 11530, "gu_name": "구로구", "source_cell_count": 12, "area_m2": 62500.0, "mean_actual_lst": 39.456, "mean_actual_anomaly": 0.8627, "seoul_anomaly": 2.111, "pred_anomaly": 3.0854, "pred_anomaly_std": 0.8384, "green_delta_c": -0.4378, "building_ratio": 0.2645, "green_ratio": 0.2525, "ndvi": 0.1218, "impervious_ratio": 0.3564, "built_surface_ratio": 0.3564, "avg_ground_floor_count": 3.4847, "elevation_m": 21.0015, "albedo": 0.1221, "nearest_park_distance_m": 157.5168, "park_area_within_500m": 103968.522, "nearest_stream_distance_m": 59.9852, "est_population_density": 22994.4, "dong_elderly_ratio": 0.2464, "dong_avg_age": 46.1, "dong_pop_density": 38208.7, "nearest_shelter_distance_m": 33.47, "shelter_count_within_500m": 11.88, "est_population": 1437.1, "est_elderly": 354.1, "shelter_capacity_within_500m": 779.7, "building_form_group": "high_floor_high_density", "dong_name": "개봉2동", "top1_feature": "building_ratio", "top1_shap": 0.5777, "top2_feature": "ndvi", "top2_shap": 0.4593, "top3_feature": "impervious_ratio", "top3_shap": 0.4525, "priority_score": 58.0366, "priority_rank": 109 }, "geometry": { "type": "Polygon", "coordinates": [ [ [ 126.849534805752569, 37.493465160844892 ], [ 126.849515262466412, 37.495718433987648 ], [ 126.852343291206012, 37.495733972409255 ], [ 126.852362749540845, 37.493480698009115 ], [ 126.849534805752569, 37.493465160844892 ] ] ] } },
{ "type": "Feature", "properties": { "nearest_shelter_name": "두산(아)경로당", "nearest_shelter_addr": "서울특별시 구로구 남부순환로95길 88 (두산아파트 상가)", "nearest_shelter_lon": 126.852538, "nearest_shelter_lat": 37.495095, "member_grid_ids": ["11530_01043", "11530_01044", "11530_01045", "11530_01116", "11530_01117", "11530_01118", "11530_01190", "11530_01191"], "display_grid_id": "11530_00200", "gu_code": 11530, "gu_name": "구로구", "source_cell_count": 11, "area_m2": 62500.0, "mean_actual_lst": 38.6657, "mean_actual_anomaly": 0.1638, "seoul_anomaly": 1.4121, "pred_anomaly": 1.6877, "pred_anomaly_std": 0.9139, "green_delta_c": -0.5738, "building_ratio": 0.195, "green_ratio": 0.2829, "ndvi": 0.1321, "impervious_ratio": 0.2807, "built_surface_ratio": 0.2807, "avg_ground_floor_count": 14.5928, "elevation_m": 21.6109, "albedo": 0.1134, "nearest_park_distance_m": 108.6664, "park_area_within_500m": 150550.4868, "nearest_stream_distance_m": 64.5212, "est_population_density": 46489.6, "dong_elderly_ratio": 0.2421, "dong_avg_age": 45.94, "dong_pop_density": 36176.332, "nearest_shelter_distance_m": 33.47, "shelter_count_within_500m": 11.24, "est_population": 2905.6, "est_elderly": 711.8, "shelter_capacity_within_500m": 2472.7, "building_form_group": "high_floor_low_density", "dong_name": "개봉2동", "top1_feature": "ndvi", "top1_shap": 0.4534, "top2_feature": "avg_ground_floor_count", "top2_shap": -0.3656, "top3_feature": "impervious_ratio", "top3_shap": 0.3405, "priority_score": 57.1591, "priority_rank": 120 }, "geometry": { "type": "Polygon", "coordinates": [ [ [ 126.852362749540845, 37.493480698009115 ], [ 126.852343291206012, 37.495733972409255 ], [ 126.855171322112398, 37.495749443137505 ], [ 126.855190695495665, 37.493496167485496 ], [ 126.852362749540845, 37.493480698009115 ] ] ] } },
{ "type": "Feature", "properties": { "nearest_shelter_name": "삼호(아)경로당", "nearest_shelter_addr": "서울특별시 구로구 남부순환로95길 16 (삼호아파트 101동)", "nearest_shelter_lon": 126.857173, "nearest_shelter_lat": 37.494243, "member_grid_ids": ["11530_01046", "11530_01047", "11530_01048", "11530_01119", "11530_01120", "11530_01121", "11530_01192", "11530_01193", "11530_01194"], "display_grid_id": "11530_00201", "gu_code": 11530, "gu_name": "구로구", "source_cell_count": 16, "area_m2": 62500.0, "mean_actual_lst": 40.2953, "mean_actual_anomaly": 1.6942, "seoul_anomaly": 2.9424, "pred_anomaly": 1.9663, "pred_anomaly_std": 0.8189, "green_delta_c": -0.7195, "building_ratio": 0.1776, "green_ratio": 0.2595, "ndvi": 0.1336, "impervious_ratio": 0.3401, "built_surface_ratio": 0.3401, "avg_ground_floor_count": 11.196, "elevation_m": 17.3523, "albedo": 0.1182, "nearest_park_distance_m": 16.0064, "park_area_within_500m": 213171.4172, "nearest_stream_distance_m": 79.4924, "est_population_density": 35975.2, "dong_elderly_ratio": 0.2388, "dong_avg_age": 45.82, "dong_pop_density": 34652.056, "nearest_shelter_distance_m": 40.84, "shelter_count_within_500m": 17.0, "est_population": 2248.5, "est_elderly": 539.5, "shelter_capacity_within_500m": 3568.3, "building_form_group": "high_floor_low_density", "dong_name": "개봉2동", "top1_feature": "impervious_ratio", "top1_shap": 0.3908, "top2_feature": "ndvi", "top2_shap": 0.3906, "top3_feature": "built_surface_ratio", "top3_shap": 0.277, "priority_score": 70.8712, "priority_rank": 28 }, "geometry": { "type": "Polygon", "coordinates": [ [ [ 126.855190695495665, 37.493496167485496 ], [ 126.855171322112398, 37.495749443137505 ], [ 126.857999355176133, 37.495764846172293 ], [ 126.858018643607551, 37.493511569273878 ], [ 126.855190695495665, 37.493496167485496 ] ] ] } },
{ "type": "Feature", "properties": { "nearest_shelter_name": "영화(아)경로당", "nearest_shelter_addr": "서울특별시 구로구 경인로40길 11 (영화아파트 상가동)", "nearest_shelter_lon": 126.860113, "nearest_shelter_lat": 37.495988, "member_grid_ids": ["11530_01048", "11530_01049", "11530_01050", "11530_01121", "11530_01122", "11530_01123", "11530_01195", "11530_01196"], "display_grid_id": "11530_00202", "gu_code": 11530, "gu_name": "구로구", "source_cell_count": 11, "area_m2": 62500.0, "mean_actual_lst": 41.3773, "mean_actual_anomaly": 2.7629, "seoul_anomaly": 4.0112, "pred_anomaly": 2.6491, "pred_anomaly_std": 0.7394, "green_delta_c": -0.2509, "building_ratio": 0.234, "green_ratio": 0.2178, "ndvi": 0.1109, "impervious_ratio": 0.4666, "built_surface_ratio": 0.4666, "avg_ground_floor_count": 9.4078, "elevation_m": 18.6222, "albedo": 0.1256, "nearest_park_distance_m": 0.0, "park_area_within_500m": 209449.4996, "nearest_stream_distance_m": 114.7988, "est_population_density": 40854.4, "dong_elderly_ratio": 0.2302, "dong_avg_age": 45.5, "dong_pop_density": 30587.32, "nearest_shelter_distance_m": 26.84, "shelter_count_within_500m": 17.8, "est_population": 2553.4, "est_elderly": 575.6, "shelter_capacity_within_500m": 2102.2, "building_form_group": "high_floor_high_density", "dong_name": "개봉1동", "top1_feature": "impervious_ratio", "top1_shap": 0.4675, "top2_feature": "building_ratio", "top2_shap": 0.4362, "top3_feature": "ndvi", "top3_shap": 0.4157, "priority_score": 63.3775, "priority_rank": 65 }, "geometry": { "type": "Polygon", "coordinates": [ [ [ 126.858018643607551, 37.493511569273878 ], [ 126.857999355176133, 37.495764846172293 ], [ 126.860827390387698, 37.495780181513446 ], [ 126.860846593867052, 37.493526903374089 ], [ 126.858018643607551, 37.493511569273878 ] ] ] } },
{ "type": "Feature", "properties": { "nearest_shelter_name": "한마을(아)경로당", "nearest_shelter_addr": "서울특별시 구로구 경인로 382", "nearest_shelter_lon": 126.863152, "nearest_shelter_lat": 37.494762, "member_grid_ids": ["11530_01051", "11530_01052", "11530_01053", "11530_01124", "11530_01125", "11530_01126", "11530_01197", "11530_01198", "11530_01199"], "display_grid_id": "11530_00203", "gu_code": 11530, "gu_name": "구로구", "source_cell_count": 15, "area_m2": 62500.0, "mean_actual_lst": 37.7009, "mean_actual_anomaly": -0.7958, "seoul_anomaly": 0.4525, "pred_anomaly": 0.5742, "pred_anomaly_std": 0.7893, "green_delta_c": -0.1691, "building_ratio": 0.1581, "green_ratio": 0.2347, "ndvi": 0.1754, "impervious_ratio": 0.4474, "built_surface_ratio": 0.4474, "avg_ground_floor_count": 18.4367, "elevation_m": 24.914, "albedo": 0.1102, "nearest_park_distance_m": 141.5724, "park_area_within_500m": 145662.2564, "nearest_stream_distance_m": 161.2392, "est_population_density": 5896.0, "dong_elderly_ratio": 0.2194, "dong_avg_age": 45.1, "dong_pop_density": 25506.4, "nearest_shelter_distance_m": 47.5, "shelter_count_within_500m": 12.76, "est_population": 368.5, "est_elderly": 80.9, "shelter_capacity_within_500m": 0.0, "building_form_group": "high_floor_low_density", "dong_name": "개봉1동", "top1_feature": "avg_ground_floor_count", "top1_shap": -0.7504, "top2_feature": "impervious_ratio", "top2_shap": 0.4273, "top3_feature": "built_surface_ratio", "top3_shap": 0.3526, "priority_score": 32.197, "priority_rank": 374 }, "geometry": { "type": "Polygon", "coordinates": [ [ [ 126.860846593867052, 37.493526903374089 ], [ 126.860827390387698, 37.495780181513446 ], [ 126.863655427737712, 37.495795449160809 ], [ 126.863674546264747, 37.493542169785997 ], [ 126.860846593867052, 37.493526903374089 ] ] ] } },
{ "type": "Feature", "properties": { "nearest_shelter_name": "한마을(아)경로당", "nearest_shelter_addr": "서울특별시 구로구 경인로 382", "nearest_shelter_lon": 126.863152, "nearest_shelter_lat": 37.494762, "member_grid_ids": ["11530_01053", "11530_01054", "11530_01055", "11530_01126", "11530_01127", "11530_01128", "11530_01200", "11530_01201"], "display_grid_id": "11530_00204", "gu_code": 11530, "gu_name": "구로구", "source_cell_count": 12, "area_m2": 62500.0, "mean_actual_lst": 38.8538, "mean_actual_anomaly": 0.3572, "seoul_anomaly": 1.6054, "pred_anomaly": 1.3221, "pred_anomaly_std": 0.8778, "green_delta_c": -0.1928, "building_ratio": 0.2313, "green_ratio": 0.2538, "ndvi": 0.1821, "impervious_ratio": 0.5049, "built_surface_ratio": 0.5049, "avg_ground_floor_count": 13.6795, "elevation_m": 18.3407, "albedo": 0.1316, "nearest_park_distance_m": 363.2948, "park_area_within_500m": 46961.9356, "nearest_stream_distance_m": 158.9536, "est_population_density": 1879.2, "dong_elderly_ratio": 0.226, "dong_avg_age": 45.164, "dong_pop_density": 25151.008, "nearest_shelter_distance_m": 47.5, "shelter_count_within_500m": 6.92, "est_population": 117.4, "est_elderly": 25.7, "shelter_capacity_within_500m": 0.0, "building_form_group": "high_floor_low_density", "dong_name": "고척1동", "top1_feature": "avg_ground_floor_count", "top1_shap": -0.489, "top2_feature": "impervious_ratio", "top2_shap": 0.4871, "top3_feature": "built_surface_ratio", "top3_shap": 0.3238, "priority_score": 41.048, "priority_rank": 295 }, "geometry": { "type": "Polygon", "coordinates": [ [ [ 126.863674546264747, 37.493542169785997 ], [ 126.863655427737712, 37.495795449160809 ], [ 126.866483467216668, 37.495810649114205 ], [ 126.866502500791114, 37.493557368509407 ], [ 126.863674546264747, 37.493542169785997 ] ] ] } },
{ "type": "Feature", "properties": { "nearest_shelter_name": "고척벽산블루밍(아)경로당", "nearest_shelter_addr": "서울특별시 구로구 경인로 390", "nearest_shelter_lon": 126.864198, "nearest_shelter_lat": 37.495777, "member_grid_ids": ["11530_01056", "11530_01057", "11530_01129", "11530_01130", "11530_01131", "11530_01202", "11530_01203", "11530_01204"], "display_grid_id": "11530_00205", "gu_code": 11530, "gu_name": "구로구", "source_cell_count": 12, "area_m2": 38345.8, "mean_actual_lst": 38.807, "mean_actual_anomaly": 0.152, "seoul_anomaly": 1.4002, "pred_anomaly": 1.9879, "pred_anomaly_std": 1.3018, "green_delta_c": -0.5408, "building_ratio": 0.2102, "green_ratio": 0.2286, "ndvi": 0.1137, "impervious_ratio": 0.5028, "built_surface_ratio": 0.5028, "avg_ground_floor_count": 0.7693, "elevation_m": 14.1819, "albedo": 0.1229, "nearest_park_distance_m": 477.3866, "park_area_within_500m": 3094.6541, "nearest_stream_distance_m": 57.9467, "est_population_density": 209.9422, "dong_elderly_ratio": 0.2109, "dong_avg_age": 45.0922, "dong_pop_density": 25212.0111, "nearest_shelter_distance_m": 252.06, "shelter_count_within_500m": 4.7469, "est_population": 8.0, "est_elderly": 1.7, "shelter_capacity_within_500m": 183.3, "building_form_group": "low_floor_high_density", "dong_name": "개봉1동", "top1_feature": "impervious_ratio", "top1_shap": 0.6405, "top2_feature": "ndvi", "top2_shap": 0.3559, "top3_feature": "built_surface_ratio", "top3_shap": 0.2976, "priority_score": 55.2841, "priority_rank": 135 }, "geometry": { "type": "Polygon", "coordinates": [ [ [ 126.866502500791114, 37.493557368509407 ], [ 126.866483467216668, 37.495810649114205 ], [ 126.86931150881513, 37.495825781373483 ], [ 126.869322910566183, 37.494469968409717 ], [ 126.86924282, 37.49453312 ], [ 126.86880707, 37.49476015 ], [ 126.86870892, 37.49481129 ], [ 126.86848295, 37.49499741 ], [ 126.868348650000016, 37.49510793 ], [ 126.8682942, 37.49512617 ], [ 126.86822918, 37.49512835 ], [ 126.867990230000018, 37.49506163 ], [ 126.86758835000002, 37.49481593 ], [ 126.867610129999989, 37.49468813 ], [ 126.867588650000016, 37.49464672 ], [ 126.86755071, 37.49462443 ], [ 126.867424429999986, 37.494595 ], [ 126.86737394, 37.4945651 ], [ 126.86732680999998, 37.49453858 ], [ 126.8672735, 37.49450868 ], [ 126.86722355, 37.4944799 ], [ 126.867121899999987, 37.49442178 ], [ 126.867075470000017, 37.49439919 ], [ 126.867042090000012, 37.49438424 ], [ 126.86698331, 37.49435799 ], [ 126.86695135, 37.49434528 ], [ 126.86689113, 37.49432494 ], [ 126.8667865, 37.49424261 ], [ 126.86677493, 37.49419670000001 ], [ 126.86684359, 37.49413145 ], [ 126.86690677, 37.49407972 ], [ 126.86697637, 37.49398744 ], [ 126.867035449999989, 37.49395457 ], [ 126.86713595, 37.49396735 ], [ 126.8672163, 37.49399447 ], [ 126.86729127000001, 37.494068040000016 ], [ 126.86729972, 37.49407651 ], [ 126.867349290000021, 37.49412499 ], [ 126.86741985, 37.49418701 ], [ 126.86747315, 37.49422284 ], [ 126.8676132, 37.49425847 ], [ 126.86762699, 37.49425117 ], [ 126.8677511, 37.49410968 ], [ 126.867780489999987, 37.49407592 ], [ 126.867771239999982, 37.494007770000017 ], [ 126.867755740000021, 37.4938926 ], [ 126.867748739999982, 37.49375378 ], [ 126.867764410000021, 37.49358231 ], [ 126.867754349745795, 37.493564074901826 ], [ 126.866502500791114, 37.493557368509407 ] ] ] } },
{ "type": "Feature", "properties": { "nearest_shelter_name": "영등포농협구일지점", "nearest_shelter_addr": "서울특별시 구로구 구일로10길 27", "nearest_shelter_lon": 126.872241, "nearest_shelter_lat": 37.495827, "member_grid_ids": ["11530_01058", "11530_01059", "11530_01060", "11530_01131", "11530_01132", "11530_01133", "11530_01205", "11530_01206"], "display_grid_id": "11530_00206", "gu_code": 11530, "gu_name": "구로구", "source_cell_count": 13, "area_m2": 59111.39, "mean_actual_lst": 37.446, "mean_actual_anomaly": -1.1015, "seoul_anomaly": 0.1467, "pred_anomaly": -0.1901, "pred_anomaly_std": 1.0043, "green_delta_c": -0.6259, "building_ratio": 0.1131, "green_ratio": 0.2817, "ndvi": 0.1375, "impervious_ratio": 0.3306, "built_surface_ratio": 0.3306, "avg_ground_floor_count": 5.5976, "elevation_m": 10.8469, "albedo": 0.1227, "nearest_park_distance_m": 416.2213, "park_area_within_500m": 6983.6284, "nearest_stream_distance_m": 40.649, "est_population_density": 0.0, "dong_elderly_ratio": 0.1619, "dong_avg_age": 41.4172, "dong_pop_density": 20133.396, "nearest_shelter_distance_m": 58.98, "shelter_count_within_500m": 8.5872, "est_population": 0.0, "est_elderly": 0.0, "shelter_capacity_within_500m": 1292.7, "building_form_group": "high_floor_low_density", "dong_name": "구로1동", "top1_feature": "impervious_ratio", "top1_shap": 0.3347, "top2_feature": "building_ratio", "top2_shap": -0.2417, "top3_feature": "built_surface_ratio", "top3_shap": 0.1309, "priority_score": 40.1326, "priority_rank": 302 }, "geometry": { "type": "Polygon", "coordinates": [ [ [ 126.86931150881513, 37.495825781373483 ], [ 126.87213955252362, 37.49584084593851 ], [ 126.87215841619215, 37.493587562890191 ], [ 126.870040063417875, 37.49357628567909 ], [ 126.87001631, 37.49365722 ], [ 126.86985376, 37.49376065 ], [ 126.86979994, 37.49381578 ], [ 126.86970918, 37.49409554 ], [ 126.8695024, 37.49432844 ], [ 126.869322910566183, 37.494469968409717 ], [ 126.86931150881513, 37.495825781373483 ] ] ] } },
{ "type": "Feature", "properties": { "nearest_shelter_name": "현대상선(아)경로당", "nearest_shelter_addr": "서울특별시 구로구 구일로10길 53 (현대아파트 102동)", "nearest_shelter_lon": 126.875036, "nearest_shelter_lat": 37.495912, "member_grid_ids": ["11530_01061", "11530_01062", "11530_01063", "11530_01134", "11530_01135", "11530_01136", "11530_01207", "11530_01208", "11530_01209"], "display_grid_id": "11530_00207", "gu_code": 11530, "gu_name": "구로구", "source_cell_count": 12, "area_m2": 62500.0, "mean_actual_lst": 40.1636, "mean_actual_anomaly": 1.7392, "seoul_anomaly": 2.9874, "pred_anomaly": 1.8755, "pred_anomaly_std": 0.7911, "green_delta_c": -0.5123, "building_ratio": 0.2149, "green_ratio": 0.2796, "ndvi": 0.1763, "impervious_ratio": 0.3915, "built_surface_ratio": 0.3915, "avg_ground_floor_count": 8.8452, "elevation_m": 16.6846, "albedo": 0.1157, "nearest_park_distance_m": 396.5404, "park_area_within_500m": 9786.124, "nearest_stream_distance_m": 264.662, "est_population_density": 0.0, "dong_elderly_ratio": 0.1597, "dong_avg_age": 41.1, "dong_pop_density": 20103.0, "nearest_shelter_distance_m": 8.68, "shelter_count_within_500m": 12.72, "est_population": 0.0, "est_elderly": 0.0, "shelter_capacity_within_500m": 1975.0, "building_form_group": "high_floor_low_density", "dong_name": "구로1동", "top1_feature": "impervious_ratio", "top1_shap": 0.4277, "top2_feature": "built_surface_ratio", "top2_shap": 0.262, "top3_feature": "building_ratio", "top3_shap": 0.2387, "priority_score": 45.3598, "priority_rank": 233 }, "geometry": { "type": "Polygon", "coordinates": [ [ [ 126.87215841619215, 37.493587562890191 ], [ 126.87213955252362, 37.49584084593851 ], [ 126.874967598332688, 37.4958558428091 ], [ 126.874986377047875, 37.493602558547231 ], [ 126.87215841619215, 37.493587562890191 ] ] ] } },
{ "type": "Feature", "properties": { "nearest_shelter_name": "중앙하이츠(아)경로당", "nearest_shelter_addr": "서울특별시 구로구 구일로8길 92 (중앙구로하이츠아파트 6동)", "nearest_shelter_lon": 126.876388, "nearest_shelter_lat": 37.496567, "member_grid_ids": ["11530_01063", "11530_01064", "11530_01065", "11530_01136", "11530_01137", "11530_01138", "11530_01210", "11530_01211"], "display_grid_id": "11530_00208", "gu_code": 11530, "gu_name": "구로구", "source_cell_count": 12, "area_m2": 62500.0, "mean_actual_lst": 39.3438, "mean_actual_anomaly": 0.8582, "seoul_anomaly": 2.1064, "pred_anomaly": 0.8282, "pred_anomaly_std": 0.7245, "green_delta_c": -0.5052, "building_ratio": 0.1242, "green_ratio": 0.3386, "ndvi": 0.2249, "impervious_ratio": 0.3004, "built_surface_ratio": 0.3004, "avg_ground_floor_count": 12.5592, "elevation_m": 20.7609, "albedo": 0.1131, "nearest_park_distance_m": 453.9716, "park_area_within_500m": 10209.4328, "nearest_stream_distance_m": 501.7196, "est_population_density": 0.0, "dong_elderly_ratio": 0.1597, "dong_avg_age": 41.1, "dong_pop_density": 20103.0, "nearest_shelter_distance_m": 82.31, "shelter_count_within_500m": 16.16, "est_population": 0.0, "est_elderly": 0.0, "shelter_capacity_within_500m": 3386.5, "building_form_group": "high_floor_low_density", "dong_name": "구로1동", "top1_feature": "impervious_ratio", "top1_shap": 0.356, "top2_feature": "avg_ground_floor_count", "top2_shap": -0.2221, "top3_feature": "built_surface_ratio", "top3_shap": 0.1809, "priority_score": 43.1629, "priority_rank": 266 }, "geometry": { "type": "Polygon", "coordinates": [ [ [ 126.874986377047875, 37.493602558547231 ], [ 126.874967598332688, 37.4958558428091 ], [ 126.877795646232897, 37.495870771985103 ], [ 126.877814339994501, 37.49361748651517 ], [ 126.874986377047875, 37.493602558547231 ] ] ] } },
{ "type": "Feature", "properties": { "nearest_shelter_name": "무지개경로당", "nearest_shelter_addr": "서울특별시 구로구 구로동로35가길 19-16", "nearest_shelter_lon": 126.881331, "nearest_shelter_lat": 37.493735, "member_grid_ids": ["11530_01066", "11530_01067", "11530_01068", "11530_01139", "11530_01140", "11530_01141", "11530_01212", "11530_01213", "11530_01214"], "display_grid_id": "11530_00209", "gu_code": 11530, "gu_name": "구로구", "source_cell_count": 12, "area_m2": 62500.0, "mean_actual_lst": 41.7997, "mean_actual_anomaly": 3.5687, "seoul_anomaly": 4.8169, "pred_anomaly": 2.1077, "pred_anomaly_std": 1.4482, "green_delta_c": -0.7705, "building_ratio": 0.1845, "green_ratio": 0.3651, "ndvi": 0.1105, "impervious_ratio": 0.2101, "built_surface_ratio": 0.2101, "avg_ground_floor_count": 0.899, "elevation_m": 15.7734, "albedo": 0.1143, "nearest_park_distance_m": 449.6272, "park_area_within_500m": 7810.5528, "nearest_stream_distance_m": 759.7664, "est_population_density": 6030.0, "dong_elderly_ratio": 0.1914, "dong_avg_age": 45.6, "dong_pop_density": 20534.22, "nearest_shelter_distance_m": 72.42, "shelter_count_within_500m": 15.76, "est_population": 376.9, "est_elderly": 80.1, "shelter_capacity_within_500m": 5960.5, "building_form_group": "low_floor_low_density", "dong_name": "구로2동", "top1_feature": "ndvi", "top1_shap": 1.0061, "top2_feature": "impervious_ratio", "top2_shap": 0.2945, "top3_feature": "building_ratio", "top3_shap": 0.2355, "priority_score": 70.0631, "priority_rank": 31 }, "geometry": { "type": "Polygon", "coordinates": [ [ [ 126.877814339994501, 37.49361748651517 ], [ 126.877795646232897, 37.495870771985103 ], [ 126.880623696214741, 37.495885633466372 ], [ 126.880642305022533, 37.493632346793845 ], [ 126.877814339994501, 37.49361748651517 ] ] ] } },
{ "type": "Feature", "properties": { "nearest_shelter_name": "상수경로당", "nearest_shelter_addr": "서울특별시 구로구 구로동로41길 33 (구로동, )", "nearest_shelter_lon": 126.881734, "nearest_shelter_lat": 37.494616, "member_grid_ids": ["11530_01068", "11530_01069", "11530_01070", "11530_01141", "11530_01142", "11530_01143", "11530_01215", "11530_01216"], "display_grid_id": "11530_00210", "gu_code": 11530, "gu_name": "구로구", "source_cell_count": 13, "area_m2": 62500.0, "mean_actual_lst": 41.4363, "mean_actual_anomaly": 3.3783, "seoul_anomaly": 4.6265, "pred_anomaly": 3.3802, "pred_anomaly_std": 0.6125, "green_delta_c": -0.5415, "building_ratio": 0.4212, "green_ratio": 0.2745, "ndvi": 0.1018, "impervious_ratio": 0.2848, "built_surface_ratio": 0.2848, "avg_ground_floor_count": 3.5032, "elevation_m": 25.1418, "albedo": 0.114, "nearest_park_distance_m": 230.2816, "park_area_within_500m": 46964.8408, "nearest_stream_distance_m": 963.484, "est_population_density": 34829.2, "dong_elderly_ratio": 0.2126, "dong_avg_age": 48.6, "dong_pop_density": 20821.7, "nearest_shelter_distance_m": 41.61, "shelter_count_within_500m": 15.68, "est_population": 2176.8, "est_elderly": 462.7, "shelter_capacity_within_500m": 8530.0, "building_form_group": "high_floor_high_density", "dong_name": "구로2동", "top1_feature": "building_ratio", "top1_shap": 1.1547, "top2_feature": "ndvi", "top2_shap": 0.6481, "top3_feature": "impervious_ratio", "top3_shap": 0.3451, "priority_score": 68.8636, "priority_rank": 38 }, "geometry": { "type": "Polygon", "coordinates": [ [ [ 126.880642305022533, 37.493632346793845 ], [ 126.880623696214741, 37.495885633466372 ], [ 126.883451748268797, 37.495900427252757 ], [ 126.883470272122509, 37.493647139383121 ], [ 126.880642305022533, 37.493632346793845 ] ] ] } },
{ "type": "Feature", "properties": { "nearest_shelter_name": "가마산경로당", "nearest_shelter_addr": "서울특별시 구로구 가마산로21길 21-8 (구로동)", "nearest_shelter_lon": 126.885202, "nearest_shelter_lat": 37.494737, "member_grid_ids": ["11530_01071", "11530_01072", "11530_01073", "11530_01144", "11530_01145", "11530_01146", "11530_01217", "11530_01218", "11530_01219"], "display_grid_id": "11530_00211", "gu_code": 11530, "gu_name": "구로구", "source_cell_count": 12, "area_m2": 62500.0, "mean_actual_lst": 40.995, "mean_actual_anomaly": 2.9439, "seoul_anomaly": 4.1921, "pred_anomaly": 3.4779, "pred_anomaly_std": 0.6699, "green_delta_c": -0.694, "building_ratio": 0.4113, "green_ratio": 0.2722, "ndvi": 0.1273, "impervious_ratio": 0.3652, "built_surface_ratio": 0.3652, "avg_ground_floor_count": 3.2039, "elevation_m": 22.1895, "albedo": 0.1183, "nearest_park_distance_m": 40.5552, "park_area_within_500m": 87479.7292, "nearest_stream_distance_m": 813.0116, "est_population_density": 30874.8, "dong_elderly_ratio": 0.2126, "dong_avg_age": 48.6, "dong_pop_density": 20821.7, "nearest_shelter_distance_m": 30.32, "shelter_count_within_500m": 18.96, "est_population": 1929.7, "est_elderly": 410.2, "shelter_capacity_within_500m": 8577.5, "building_form_group": "low_floor_high_density", "dong_name": "구로2동", "top1_feature": "building_ratio", "top1_shap": 1.1297, "top2_feature": "ndvi", "top2_shap": 0.3913, "top3_feature": "impervious_ratio", "top3_shap": 0.3552, "priority_score": 69.4823, "priority_rank": 35 }, "geometry": { "type": "Polygon", "coordinates": [ [ [ 126.883470272122509, 37.493647139383121 ], [ 126.883451748268797, 37.495900427252757 ], [ 126.886279802385587, 37.4959151533441 ], [ 126.886298241285004, 37.493661864282821 ], [ 126.883470272122509, 37.493647139383121 ] ] ] } },
{ "type": "Feature", "properties": { "nearest_shelter_name": "살구마을경로당", "nearest_shelter_addr": "서울특별시 구로구 구로중앙로19나길 8", "nearest_shelter_lon": 126.888457, "nearest_shelter_lat": 37.494072, "member_grid_ids": ["11530_01073", "11530_01074", "11530_01075", "11530_01146", "11530_01147", "11530_01148", "11530_01220", "11530_01221"], "display_grid_id": "11530_00212", "gu_code": 11530, "gu_name": "구로구", "source_cell_count": 10, "area_m2": 62500.0, "mean_actual_lst": 41.239, "mean_actual_anomaly": 3.2738, "seoul_anomaly": 4.522, "pred_anomaly": 3.2086, "pred_anomaly_std": 0.6438, "green_delta_c": -0.4577, "building_ratio": 0.2942, "green_ratio": 0.2331, "ndvi": 0.1126, "impervious_ratio": 0.4617, "built_surface_ratio": 0.4617, "avg_ground_floor_count": 5.1545, "elevation_m": 21.179, "albedo": 0.1244, "nearest_park_distance_m": 24.4896, "park_area_within_500m": 89710.4228, "nearest_stream_distance_m": 576.6404, "est_population_density": 33359.6, "dong_elderly_ratio": 0.2099, "dong_avg_age": 48.248, "dong_pop_density": 21760.604, "nearest_shelter_distance_m": 10.57, "shelter_count_within_500m": 19.36, "est_population": 2085.0, "est_elderly": 434.3, "shelter_capacity_within_500m": 6110.5, "building_form_group": "high_floor_low_density", "dong_name": "구로2동", "top1_feature": "building_ratio", "top1_shap": 0.5734, "top2_feature": "ndvi", "top2_shap": 0.5095, "top3_feature": "impervious_ratio", "top3_shap": 0.4686, "priority_score": 67.6073, "priority_rank": 41 }, "geometry": { "type": "Polygon", "coordinates": [ [ [ 126.886298241285004, 37.493661864282821 ], [ 126.886279802385587, 37.4959151533441 ], [ 126.889107858555676, 37.495929811740254 ], [ 126.889126212500543, 37.493676521492823 ], [ 126.886298241285004, 37.493661864282821 ] ] ] } },
{ "type": "Feature", "properties": { "nearest_shelter_name": "구로아트벨리", "nearest_shelter_addr": "서울특별시 구로구 가마산로25길 9-24 (구로구의회)", "nearest_shelter_lon": 126.888964, "nearest_shelter_lat": 37.496558, "member_grid_ids": ["11530_01076", "11530_01077", "11530_01078", "11530_01149", "11530_01150", "11530_01151", "11530_01222", "11530_01223", "11530_01224"], "display_grid_id": "11530_00213", "gu_code": 11530, "gu_name": "구로구", "source_cell_count": 14, "area_m2": 62500.0, "mean_actual_lst": 40.8321, "mean_actual_anomaly": 2.7837, "seoul_anomaly": 4.0319, "pred_anomaly": 2.6523, "pred_anomaly_std": 0.6997, "green_delta_c": -0.2832, "building_ratio": 0.267, "green_ratio": 0.2372, "ndvi": 0.1311, "impervious_ratio": 0.4772, "built_surface_ratio": 0.4772, "avg_ground_floor_count": 6.8286, "elevation_m": 18.5169, "albedo": 0.1459, "nearest_park_distance_m": 87.3716, "park_area_within_500m": 88244.3548, "nearest_stream_distance_m": 321.862, "est_population_density": 21321.6, "dong_elderly_ratio": 0.215, "dong_avg_age": 47.624, "dong_pop_density": 42021.912, "nearest_shelter_distance_m": 93.52, "shelter_count_within_500m": 20.6, "est_population": 1332.6, "est_elderly": 296.1, "shelter_capacity_within_500m": 3622.2, "building_form_group": "high_floor_high_density", "dong_name": "구로4동", "top1_feature": "building_ratio", "top1_shap": 0.5929, "top2_feature": "impervious_ratio", "top2_shap": 0.3721, "top3_feature": "ndvi", "top3_shap": 0.3469, "priority_score": 63.8131, "priority_rank": 62 }, "geometry": { "type": "Polygon", "coordinates": [ [ [ 126.889126212500543, 37.493676521492823 ], [ 126.889107858555676, 37.495929811740254 ], [ 126.891935916769555, 37.495944402441062 ], [ 126.891954185759644, 37.493691111012943 ], [ 126.889126212500543, 37.493676521492823 ] ] ] } },
{ "type": "Feature", "properties": { "nearest_shelter_name": "우성(아)경로당(구로4동)", "nearest_shelter_addr": "서울특별시 구로구 도림천로 344 (대림2차우성아파트)", "nearest_shelter_lon": 126.893865, "nearest_shelter_lat": 37.493894, "member_grid_ids": ["11530_01078", "11530_01079", "11530_01080", "11530_01151", "11530_01152", "11530_01153", "11530_01225", "11530_01226"], "display_grid_id": "11530_00214", "gu_code": 11530, "gu_name": "구로구", "source_cell_count": 11, "area_m2": 60148.02, "mean_actual_lst": 40.9455, "mean_actual_anomaly": 2.6093, "seoul_anomaly": 3.8576, "pred_anomaly": 2.5669, "pred_anomaly_std": 0.7576, "green_delta_c": -0.3568, "building_ratio": 0.2666, "green_ratio": 0.2469, "ndvi": 0.1553, "impervious_ratio": 0.467, "built_surface_ratio": 0.467, "avg_ground_floor_count": 6.0135, "elevation_m": 19.0928, "albedo": 0.1279, "nearest_park_distance_m": 168.7528, "park_area_within_500m": 86831.7368, "nearest_stream_distance_m": 92.9616, "est_population_density": 38746.0771, "dong_elderly_ratio": 0.2242, "dong_avg_age": 48.2, "dong_pop_density": 49237.0, "nearest_shelter_distance_m": 42.03, "shelter_count_within_500m": 16.4965, "est_population": 2330.5, "est_elderly": 522.5, "shelter_capacity_within_500m": 2180.3, "building_form_group": "high_floor_low_density", "dong_name": "구로4동", "top1_feature": "building_ratio", "top1_shap": 0.544, "top2_feature": "impervious_ratio", "top2_shap": 0.4605, "top3_feature": "built_surface_ratio", "top3_shap": 0.3752, "priority_score": 66.1364, "priority_rank": 52 }, "geometry": { "type": "Polygon", "coordinates": [ [ [ 126.894782161052902, 37.493705632843046 ], [ 126.891954185759644, 37.493691111012943 ], [ 126.891935916769555, 37.495944402441062 ], [ 126.89445043315888, 37.495957318634225 ], [ 126.894471100000018, 37.49586683 ], [ 126.89450346, 37.4957258 ], [ 126.894532799999979, 37.49559856 ], [ 126.89455485000002, 37.4955003 ], [ 126.894582590000013, 37.49537673 ], [ 126.8945833, 37.49537223 ], [ 126.894591230000017, 37.49526355 ], [ 126.89459772, 37.49517345000001 ], [ 126.89460022, 37.49515966 ], [ 126.89461636999998, 37.49509942 ], [ 126.894632720000018, 37.49503778 ], [ 126.8946519, 37.49496627 ], [ 126.89467855, 37.49486663 ], [ 126.89468512, 37.49484241 ], [ 126.89468832999998, 37.4948303 ], [ 126.89469295, 37.49481004 ], [ 126.894702710000018, 37.49477373 ], [ 126.89474357, 37.4946237 ], [ 126.894775708484588, 37.494505238018462 ], [ 126.894782161052902, 37.493705632843046 ] ] ] } },
{ "type": "Feature", "properties": { "nearest_shelter_name": "구립두암경로당", "nearest_shelter_addr": "서울특별시 영등포구 도림로31길 14-1", "nearest_shelter_lon": 126.89554, "nearest_shelter_lat": 37.493661, "member_grid_ids": ["11530_01081"], "display_grid_id": "11530_00215", "gu_code": 11530, "gu_name": "구로구", "source_cell_count": 2, "area_m2": 797.1, "mean_actual_lst": 42.0818, "mean_actual_anomaly": 3.6271, "seoul_anomaly": 4.8753, "pred_anomaly": 4.6155, "pred_anomaly_std": 1.1183, "green_delta_c": -0.6125, "building_ratio": 0.6039, "green_ratio": 0.219, "ndvi": 0.1732, "impervious_ratio": 0.5598, "built_surface_ratio": 0.5598, "avg_ground_floor_count": 2.0, "elevation_m": 21.822, "albedo": 0.1452, "nearest_park_distance_m": 39.08, "park_area_within_500m": 85907.53, "nearest_stream_distance_m": 18.73, "est_population_density": 29732.8, "dong_elderly_ratio": 0.2242, "dong_avg_age": 48.2, "dong_pop_density": 49237.0, "nearest_shelter_distance_m": 70.36, "shelter_count_within_500m": 14.0, "est_population": 23.7, "est_elderly": 5.3, "shelter_capacity_within_500m": 220.0, "building_form_group": "low_floor_high_density", "dong_name": "구로4동", "top1_feature": "building_ratio", "top1_shap": 1.6412, "top2_feature": "impervious_ratio", "top2_shap": 0.5193, "top3_feature": "avg_ground_floor_count", "top3_shap": 0.5036, "priority_score": 61.3005, "priority_rank": 80 }, "geometry": { "type": "Polygon", "coordinates": [ [ [ 126.894782161052902, 37.493705632843046 ], [ 126.894775708484588, 37.494505238018462 ], [ 126.89479153, 37.49444692 ], [ 126.89481746, 37.4943467 ], [ 126.89485833, 37.49419132 ], [ 126.894908949999987, 37.493998779999984 ], [ 126.89493666, 37.49389321000001 ], [ 126.894961539999983, 37.49379695 ], [ 126.894982676355923, 37.493706659931362 ], [ 126.894782161052902, 37.493705632843046 ] ] ] } },
{ "type": "Feature", "properties": { "nearest_shelter_name": "온수경로당", "nearest_shelter_addr": "서울특별시 구로구 부일로1길 62 (온수동)", "nearest_shelter_lon": 126.819124, "nearest_shelter_lat": 37.493268, "member_grid_ids": ["11530_01154", "11530_01155", "11530_01156", "11530_01227", "11530_01228", "11530_01229", "11530_01300", "11530_01301"], "display_grid_id": "11530_00216", "gu_code": 11530, "gu_name": "구로구", "source_cell_count": 11, "area_m2": 45802.22, "mean_actual_lst": 33.4324, "mean_actual_anomaly": -5.2896, "seoul_anomaly": -4.0413, "pred_anomaly": -5.1251, "pred_anomaly_std": 0.6722, "green_delta_c": -0.7988, "building_ratio": 0.0152, "green_ratio": 0.752, "ndvi": 0.4331, "impervious_ratio": 0.0782, "built_surface_ratio": 0.0782, "avg_ground_floor_count": 0.2687, "elevation_m": 68.5463, "albedo": 0.1469, "nearest_park_distance_m": 164.7811, "park_area_within_500m": 199210.6545, "nearest_stream_distance_m": 1674.6323, "est_population_density": 0.0, "dong_elderly_ratio": 0.2188, "dong_avg_age": 44.8, "dong_pop_density": 8657.5, "nearest_shelter_distance_m": 441.18, "shelter_count_within_500m": 0.1092, "est_population": 0.0, "est_elderly": 0.0, "shelter_capacity_within_500m": 29.5, "building_form_group": "no_building", "dong_name": "수궁동", "top1_feature": "building_ratio", "top1_shap": -1.418, "top2_feature": "impervious_ratio", "top2_shap": -0.847, "top3_feature": "built_surface_ratio", "top3_shap": -0.6803, "priority_score": 39.274, "priority_rank": 315 }, "geometry": { "type": "Polygon", "coordinates": [ [ [ 126.815579090043514, 37.495526692908918 ], [ 126.813514832648863, 37.495514715194616 ], [ 126.8133685, 37.49577029 ], [ 126.8133204, 37.495853840000017 ], [ 126.81319954, 37.49606905 ], [ 126.813012119999982, 37.49640069 ], [ 126.81314576, 37.49658786 ], [ 126.81324716, 37.49673389 ], [ 126.813645190000017, 37.49704479 ], [ 126.81393652, 37.49726855 ], [ 126.814036320000014, 37.49735175 ], [ 126.81407103, 37.49760438 ], [ 126.814094165353737, 37.497771456102875 ], [ 126.815538193240116, 37.497779831860683 ], [ 126.815558634071323, 37.497768007523192 ], [ 126.815579090043514, 37.495526692908918 ] ] ] } },
{ "type": "Feature", "properties": { "nearest_shelter_name": "온수경로당", "nearest_shelter_addr": "서울특별시 구로구 부일로1길 62 (온수동)", "nearest_shelter_lon": 126.819124, "nearest_shelter_lat": 37.493268, "member_grid_ids": ["11530_01157", "11530_01158", "11530_01159", "11530_01230", "11530_01231", "11530_01232", "11530_01302", "11530_01303", "11530_01304"], "display_grid_id": "11530_00217", "gu_code": 11530, "gu_name": "구로구", "source_cell_count": 12, "area_m2": 61593.77, "mean_actual_lst": 34.7677, "mean_actual_anomaly": -3.7108, "seoul_anomaly": -2.4625, "pred_anomaly": -2.2683, "pred_anomaly_std": 0.8227, "green_delta_c": -0.7391, "building_ratio": 0.104, "green_ratio": 0.5843, "ndvi": 0.4034, "impervious_ratio": 0.245, "built_surface_ratio": 0.245, "avg_ground_floor_count": 2.6876, "elevation_m": 62.0804, "albedo": 0.1421, "nearest_park_distance_m": 55.0259, "park_area_within_500m": 151109.1941, "nearest_stream_distance_m": 1463.8047, "est_population_density": 6266.8672, "dong_elderly_ratio": 0.2188, "dong_avg_age": 44.8, "dong_pop_density": 8657.5, "nearest_shelter_distance_m": 260.2, "shelter_count_within_500m": 2.4612, "est_population": 386.0, "est_elderly": 84.4, "shelter_capacity_within_500m": 966.0, "building_form_group": "no_building", "dong_name": "수궁동", "top1_feature": "building_ratio", "top1_shap": -0.5574, "top2_feature": "green_ratio", "top2_shap": -0.6188, "top3_feature": "impervious_ratio", "top3_shap": -0.0993, "priority_score": 50.6944, "priority_rank": 183 }, "geometry": { "type": "Polygon", "coordinates": [ [ [ 126.818386612030039, 37.497796301716697 ], [ 126.818407092043913, 37.495543043637589 ], [ 126.815579090043514, 37.495526692908918 ], [ 126.815558634071323, 37.497768007523192 ], [ 126.815743479999981, 37.49766108 ], [ 126.81577197999998, 37.49764423 ], [ 126.81609639, 37.4976439 ], [ 126.81622175, 37.49767929 ], [ 126.8165143, 37.49777773000001 ], [ 126.81653251810765, 37.497785588954926 ], [ 126.818386612030039, 37.497796301716697 ] ] ] } },
{ "type": "Feature", "properties": { "nearest_shelter_name": "온수힐스테이트(아)경로당", "nearest_shelter_addr": "서울특별시 구로구 부일로9길 127 (온수 힐스테이트 104동)", "nearest_shelter_lon": 126.821542, "nearest_shelter_lat": 37.496201, "member_grid_ids": ["11530_01160", "11530_01161", "11530_01232", "11530_01233", "11530_01234", "11530_01304", "11530_01305", "11530_01306"], "display_grid_id": "11530_00218", "gu_code": 11530, "gu_name": "구로구", "source_cell_count": 12, "area_m2": 62500.0, "mean_actual_lst": 34.1527, "mean_actual_anomaly": -4.2872, "seoul_anomaly": -3.039, "pred_anomaly": -0.92, "pred_anomaly_std": 0.851, "green_delta_c": -0.1585, "building_ratio": 0.1677, "green_ratio": 0.4129, "ndvi": 0.3821, "impervious_ratio": 0.422, "built_surface_ratio": 0.422, "avg_ground_floor_count": 7.7638, "elevation_m": 67.8164, "albedo": 0.1284, "nearest_park_distance_m": 94.952, "park_area_within_500m": 143120.5756, "nearest_stream_distance_m": 1243.2628, "est_population_density": 28574.4, "dong_elderly_ratio": 0.2188, "dong_avg_age": 44.8, "dong_pop_density": 8657.5, "nearest_shelter_distance_m": 82.88, "shelter_count_within_500m": 4.6, "est_population": 1785.9, "est_elderly": 390.7, "shelter_capacity_within_500m": 3625.0, "building_form_group": "high_floor_low_density", "dong_name": "수궁동", "top1_feature": "ndvi", "top1_shap": -0.6931, "top2_feature": "green_ratio", "top2_shap": -0.6472, "top3_feature": "impervious_ratio", "top3_shap": 0.2627, "priority_score": 38.4091, "priority_rank": 328 }, "geometry": { "type": "Polygon", "coordinates": [ [ [ 126.818407092043913, 37.495543043637589 ], [ 126.818386612030039, 37.497796301716697 ], [ 126.82121470126863, 37.497812586071738 ], [ 126.8212350963246, 37.495559326674936 ], [ 126.818407092043913, 37.495543043637589 ] ] ] } },
{ "type": "Feature", "properties": { "nearest_shelter_name": "온수힐스테이트(아)경로당", "nearest_shelter_addr": "서울특별시 구로구 부일로9길 127 (온수 힐스테이트 104동)", "nearest_shelter_lon": 126.821542, "nearest_shelter_lat": 37.496201, "member_grid_ids": ["11530_01162", "11530_01163", "11530_01164", "11530_01235", "11530_01236", "11530_01237", "11530_01307", "11530_01308", "11530_01309"], "display_grid_id": "11530_00219", "gu_code": 11530, "gu_name": "구로구", "source_cell_count": 10, "area_m2": 62500.0, "mean_actual_lst": 35.9218, "mean_actual_anomaly": -2.3001, "seoul_anomaly": -1.0519, "pred_anomaly": 0.5257, "pred_anomaly_std": 0.8504, "green_delta_c": -0.3045, "building_ratio": 0.1879, "green_ratio": 0.3137, "ndvi": 0.283, "impervious_ratio": 0.4981, "built_surface_ratio": 0.4981, "avg_ground_floor_count": 6.5609, "elevation_m": 54.6778, "albedo": 0.1252, "nearest_park_distance_m": 269.4464, "park_area_within_500m": 106724.6504, "nearest_stream_distance_m": 1011.4544, "est_population_density": 26394.0, "dong_elderly_ratio": 0.2188, "dong_avg_age": 44.8, "dong_pop_density": 8657.5, "nearest_shelter_distance_m": 36.62, "shelter_count_within_500m": 4.0, "est_population": 1649.6, "est_elderly": 361.0, "shelter_capacity_within_500m": 3428.2, "building_form_group": "high_floor_low_density", "dong_name": "수궁동", "top1_feature": "ndvi", "top1_shap": -0.4213, "top2_feature": "impervious_ratio", "top2_shap": 0.3954, "top3_feature": "green_ratio", "top3_shap": -0.2563, "priority_score": 38.7248, "priority_rank": 320 }, "geometry": { "type": "Polygon", "coordinates": [ [ [ 126.8212350963246, 37.495559326674936 ], [ 126.82121470126863, 37.497812586071738 ], [ 126.8240427927783, 37.497828802729757 ], [ 126.824063102876096, 37.495575542020752 ], [ 126.8212350963246, 37.495559326674936 ] ] ] } },
{ "type": "Feature", "properties": { "nearest_shelter_name": "온수어르신복지관", "nearest_shelter_addr": "서울특별시 구로구 부일로9길 111 (온수동)", "nearest_shelter_lon": 126.823342, "nearest_shelter_lat": 37.496686, "member_grid_ids": ["11530_01165", "11530_01166", "11530_01237", "11530_01238", "11530_01239", "11530_01309", "11530_01310", "11530_01311"], "display_grid_id": "11530_00220", "gu_code": 11530, "gu_name": "구로구", "source_cell_count": 9, "area_m2": 62500.0, "mean_actual_lst": 37.1763, "mean_actual_anomaly": -1.2711, "seoul_anomaly": -0.0228, "pred_anomaly": 0.2652, "pred_anomaly_std": 0.8281, "green_delta_c": -0.4072, "building_ratio": 0.1407, "green_ratio": 0.4091, "ndvi": 0.3163, "impervious_ratio": 0.3943, "built_surface_ratio": 0.3943, "avg_ground_floor_count": 3.1266, "elevation_m": 42.9527, "albedo": 0.138, "nearest_park_distance_m": 214.3216, "park_area_within_500m": 108319.6648, "nearest_stream_distance_m": 812.684, "est_population_density": 12953.2, "dong_elderly_ratio": 0.2188, "dong_avg_age": 44.8, "dong_pop_density": 8657.5, "nearest_shelter_distance_m": 67.17, "shelter_count_within_500m": 4.48, "est_population": 809.6, "est_elderly": 177.1, "shelter_capacity_within_500m": 5086.2, "building_form_group": "high_floor_low_density", "dong_name": "수궁동", "top1_feature": "ndvi", "top1_shap": -0.5013, "top2_feature": "building_ratio", "top2_shap": -0.0115, "top3_feature": "green_ratio", "top3_shap": -0.3552, "priority_score": 46.3005, "priority_rank": 225 }, "geometry": { "type": "Polygon", "coordinates": [ [ [ 126.824063102876096, 37.495575542020752 ], [ 126.8240427927783, 37.497828802729757 ], [ 126.826870886549628, 37.497844951690652 ], [ 126.826891111688965, 37.495591689674896 ], [ 126.824063102876096, 37.495575542020752 ] ] ] } },
{ "type": "Feature", "properties": { "nearest_shelter_name": "궁동경로당", "nearest_shelter_addr": "서울특별시 구로구 부일로17길 158-4 (궁동)", "nearest_shelter_lon": 126.830276, "nearest_shelter_lat": 37.498584, "member_grid_ids": ["11530_01167", "11530_01168", "11530_01169", "11530_01240", "11530_01241", "11530_01242", "11530_01312", "11530_01313", "11530_01314"], "display_grid_id": "11530_00221", "gu_code": 11530, "gu_name": "구로구", "source_cell_count": 14, "area_m2": 62500.0, "mean_actual_lst": 39.3859, "mean_actual_anomaly": 1.02, "seoul_anomaly": 2.2683, "pred_anomaly": 2.7603, "pred_anomaly_std": 0.7942, "green_delta_c": -0.3784, "building_ratio": 0.3245, "green_ratio": 0.2188, "ndvi": 0.2126, "impervious_ratio": 0.5979, "built_surface_ratio": 0.5979, "avg_ground_floor_count": 3.6446, "elevation_m": 37.0332, "albedo": 0.1433, "nearest_park_distance_m": 87.762, "park_area_within_500m": 108394.466, "nearest_stream_distance_m": 630.7772, "est_population_density": 28700.8, "dong_elderly_ratio": 0.2188, "dong_avg_age": 44.8, "dong_pop_density": 8657.5, "nearest_shelter_distance_m": 139.76, "shelter_count_within_500m": 6.2, "est_population": 1793.8, "est_elderly": 392.5, "shelter_capacity_within_500m": 7574.5, "building_form_group": "high_floor_high_density", "dong_name": "수궁동", "top1_feature": "building_ratio", "top1_shap": 0.8202, "top2_feature": "impervious_ratio", "top2_shap": 0.4132, "top3_feature": "ndvi", "top3_shap": -0.1754, "priority_score": 67.2412, "priority_rank": 43 }, "geometry": { "type": "Polygon", "coordinates": [ [ [ 126.826891111688965, 37.495591689674896 ], [ 126.826870886549628, 37.497844951690652 ], [ 126.829698982573106, 37.497861032954198 ], [ 126.829719122753772, 37.495607769637189 ], [ 126.826891111688965, 37.495591689674896 ] ] ] } },
{ "type": "Feature", "properties": { "nearest_shelter_name": "궁동경로당", "nearest_shelter_addr": "서울특별시 구로구 부일로17길 158-4 (궁동)", "nearest_shelter_lon": 126.830276, "nearest_shelter_lat": 37.498584, "member_grid_ids": ["11530_01170", "11530_01171", "11530_01242", "11530_01243", "11530_01244", "11530_01314", "11530_01315", "11530_01316"], "display_grid_id": "11530_00222", "gu_code": 11530, "gu_name": "구로구", "source_cell_count": 11, "area_m2": 62500.0, "mean_actual_lst": 37.9358, "mean_actual_anomaly": -0.419, "seoul_anomaly": 0.8293, "pred_anomaly": 1.716, "pred_anomaly_std": 0.7225, "green_delta_c": -0.2632, "building_ratio": 0.2695, "green_ratio": 0.3301, "ndvi": 0.2024, "impervious_ratio": 0.42, "built_surface_ratio": 0.42, "avg_ground_floor_count": 4.6663, "elevation_m": 32.3413, "albedo": 0.1171, "nearest_park_distance_m": 153.274, "park_area_within_500m": 98297.7476, "nearest_stream_distance_m": 524.6172, "est_population_density": 28791.2, "dong_elderly_ratio": 0.2188, "dong_avg_age": 44.8, "dong_pop_density": 8657.5, "nearest_shelter_distance_m": 138.6, "shelter_count_within_500m": 6.92, "est_population": 1799.4, "est_elderly": 393.7, "shelter_capacity_within_500m": 5386.5, "building_form_group": "high_floor_high_density", "dong_name": "수궁동", "top1_feature": "building_ratio", "top1_shap": 0.5739, "top2_feature": "green_ratio", "top2_shap": -0.3707, "top3_feature": "ndvi", "top3_shap": -0.1034, "priority_score": 49.5076, "priority_rank": 196 }, "geometry": { "type": "Polygon", "coordinates": [ [ [ 126.829719122753772, 37.495607769637189 ], [ 126.829698982573106, 37.497861032954198 ], [ 126.832527080839341, 37.497877046520259 ], [ 126.832547136061024, 37.495623781907476 ], [ 126.829719122753772, 37.495607769637189 ] ] ] } },
{ "type": "Feature", "properties": { "nearest_shelter_name": "오류1동동산경로당", "nearest_shelter_addr": "서울특별시 구로구 고척로3길 85 (구립동산경로당)", "nearest_shelter_lon": 126.836885, "nearest_shelter_lat": 37.497733, "member_grid_ids": ["11530_01172", "11530_01173", "11530_01174", "11530_01245", "11530_01246", "11530_01247", "11530_01317", "11530_01318", "11530_01319"], "display_grid_id": "11530_00223", "gu_code": 11530, "gu_name": "구로구", "source_cell_count": 14, "area_m2": 62500.0, "mean_actual_lst": 35.699, "mean_actual_anomaly": -2.9019, "seoul_anomaly": -1.6537, "pred_anomaly": -1.8346, "pred_anomaly_std": 0.7555, "green_delta_c": -0.6208, "building_ratio": 0.1047, "green_ratio": 0.6064, "ndvi": 0.4075, "impervious_ratio": 0.2118, "built_surface_ratio": 0.2118, "avg_ground_floor_count": 1.9288, "elevation_m": 51.1711, "albedo": 0.1407, "nearest_park_distance_m": 337.6616, "park_area_within_500m": 71628.464, "nearest_stream_distance_m": 488.2796, "est_population_density": 8797.6, "dong_elderly_ratio": 0.2178, "dong_avg_age": 44.752, "dong_pop_density": 10476.524, "nearest_shelter_distance_m": 138.68, "shelter_count_within_500m": 10.64, "est_population": 549.9, "est_elderly": 119.2, "shelter_capacity_within_500m": 4668.3, "building_form_group": "low_floor_low_density", "dong_name": "수궁동", "top1_feature": "green_ratio", "top1_shap": -0.8129, "top2_feature": "ndvi", "top2_shap": -0.5782, "top3_feature": "building_ratio", "top3_shap": -0.4413, "priority_score": 48.125, "priority_rank": 210 }, "geometry": { "type": "Polygon", "coordinates": [ [ [ 126.832547136061024, 37.495623781907476 ], [ 126.832527080839341, 37.497877046520259 ], [ 126.835355181338798, 37.497892992388671 ], [ 126.835375151601269, 37.495639726485578 ], [ 126.832547136061024, 37.495623781907476 ] ] ] } },
{ "type": "Feature", "properties": { "nearest_shelter_name": "오류1동동산경로당", "nearest_shelter_addr": "서울특별시 구로구 고척로3길 85 (구립동산경로당)", "nearest_shelter_lon": 126.836885, "nearest_shelter_lat": 37.497733, "member_grid_ids": ["11530_01175", "11530_01176", "11530_01247", "11530_01248", "11530_01249", "11530_01319", "11530_01320", "11530_01321"], "display_grid_id": "11530_00224", "gu_code": 11530, "gu_name": "구로구", "source_cell_count": 14, "area_m2": 62500.0, "mean_actual_lst": 39.2053, "mean_actual_anomaly": 0.7396, "seoul_anomaly": 1.9878, "pred_anomaly": 2.5606, "pred_anomaly_std": 0.8635, "green_delta_c": -0.5639, "building_ratio": 0.3391, "green_ratio": 0.3002, "ndvi": 0.1821, "impervious_ratio": 0.3786, "built_surface_ratio": 0.3786, "avg_ground_floor_count": 3.5608, "elevation_m": 40.7972, "albedo": 0.1286, "nearest_park_distance_m": 415.1064, "park_area_within_500m": 26554.8144, "nearest_stream_distance_m": 450.8916, "est_population_density": 29512.8, "dong_elderly_ratio": 0.2083, "dong_avg_age": 44.32, "dong_pop_density": 26847.74, "nearest_shelter_distance_m": 47.03, "shelter_count_within_500m": 12.88, "est_population": 1844.6, "est_elderly": 386.1, "shelter_capacity_within_500m": 1032.8, "building_form_group": "low_floor_high_density", "dong_name": "오류1동", "top1_feature": "building_ratio", "top1_shap": 0.7167, "top2_feature": "impervious_ratio", "top2_shap": 0.4138, "top3_feature": "ndvi", "top3_shap": -0.0276, "priority_score": 59.7349, "priority_rank": 97 }, "geometry": { "type": "Polygon", "coordinates": [ [ [ 126.835375151601269, 37.495639726485578 ], [ 126.835355181338798, 37.497892992388671 ], [ 126.838183284062069, 37.49790887055925 ], [ 126.83820316936503, 37.495655603371333 ], [ 126.835375151601269, 37.495639726485578 ] ] ] } },
{ "type": "Feature", "properties": { "nearest_shelter_name": "새마을경로당", "nearest_shelter_addr": "서울특별시 구로구 고척로4길 15-1", "nearest_shelter_lon": 126.841307, "nearest_shelter_lat": 37.495869, "member_grid_ids": ["11530_01177", "11530_01178", "11530_01179", "11530_01250", "11530_01251", "11530_01252", "11530_01322", "11530_01323", "11530_01324"], "display_grid_id": "11530_00225", "gu_code": 11530, "gu_name": "구로구", "source_cell_count": 12, "area_m2": 62500.0, "mean_actual_lst": 39.0815, "mean_actual_anomaly": 0.7536, "seoul_anomaly": 2.0019, "pred_anomaly": 2.693, "pred_anomaly_std": 0.7175, "green_delta_c": -0.3635, "building_ratio": 0.3184, "green_ratio": 0.27, "ndvi": 0.1788, "impervious_ratio": 0.4493, "built_surface_ratio": 0.4493, "avg_ground_floor_count": 3.386, "elevation_m": 33.671, "albedo": 0.1217, "nearest_park_distance_m": 302.4784, "park_area_within_500m": 37217.0092, "nearest_stream_distance_m": 424.7128, "est_population_density": 26448.4, "dong_elderly_ratio": 0.2057, "dong_avg_age": 44.2, "dong_pop_density": 31395.3, "nearest_shelter_distance_m": 32.79, "shelter_count_within_500m": 18.6, "est_population": 1653.0, "est_elderly": 340.0, "shelter_capacity_within_500m": 2424.0, "building_form_group": "low_floor_high_density", "dong_name": "오류1동", "top1_feature": "building_ratio", "top1_shap": 0.814, "top2_feature": "impervious_ratio", "top2_shap": 0.4548, "top3_feature": "ndvi", "top3_shap": 0.0581, "priority_score": 54.4697, "priority_rank": 146 }, "geometry": { "type": "Polygon", "coordinates": [ [ [ 126.83820316936503, 37.495655603371333 ], [ 126.838183284062069, 37.49790887055925 ], [ 126.841011388999704, 37.497924681031861 ], [ 126.8410311893429, 37.495671412564583 ], [ 126.83820316936503, 37.495655603371333 ] ] ] } },
{ "type": "Feature", "properties": { "nearest_shelter_name": "오류동경서농협", "nearest_shelter_addr": "서울특별시 구로구 고척로6길 66", "nearest_shelter_lon": 126.84229, "nearest_shelter_lat": 37.495968, "member_grid_ids": ["11530_01180", "11530_01181", "11530_01252", "11530_01253", "11530_01254", "11530_01324", "11530_01325", "11530_01326"], "display_grid_id": "11530_00226", "gu_code": 11530, "gu_name": "구로구", "source_cell_count": 9, "area_m2": 62500.0, "mean_actual_lst": 40.4235, "mean_actual_anomaly": 2.0075, "seoul_anomaly": 3.2558, "pred_anomaly": 3.3834, "pred_anomaly_std": 0.7073, "green_delta_c": -0.0948, "building_ratio": 0.3678, "green_ratio": 0.2279, "ndvi": 0.1128, "impervious_ratio": 0.4703, "built_surface_ratio": 0.4703, "avg_ground_floor_count": 4.22, "elevation_m": 25.3529, "albedo": 0.1256, "nearest_park_distance_m": 97.8272, "park_area_within_500m": 82432.8804, "nearest_stream_distance_m": 394.1808, "est_population_density": 20863.6, "dong_elderly_ratio": 0.2057, "dong_avg_age": 44.2, "dong_pop_density": 31395.3, "nearest_shelter_distance_m": 34.12, "shelter_count_within_500m": 22.76, "est_population": 1304.0, "est_elderly": 268.2, "shelter_capacity_within_500m": 4000.0, "building_form_group": "low_floor_high_density", "dong_name": "오류1동", "top1_feature": "building_ratio", "top1_shap": 0.9075, "top2_feature": "impervious_ratio", "top2_shap": 0.4165, "top3_feature": "ndvi", "top3_shap": 0.4051, "priority_score": 49.3308, "priority_rank": 201 }, "geometry": { "type": "Polygon", "coordinates": [ [ [ 126.8410311893429, 37.495671412564583 ], [ 126.841011388999704, 37.497924681031861 ], [ 126.843839496142195, 37.497940423806305 ], [ 126.843859211525398, 37.495687154065166 ], [ 126.8410311893429, 37.495671412564583 ] ] ] } },
{ "type": "Feature", "properties": { "nearest_shelter_name": "오류라인(아)경로당", "nearest_shelter_addr": "서울특별시 구로구 경인로 230-13", "nearest_shelter_lon": 126.846965, "nearest_shelter_lat": 37.496532, "member_grid_ids": ["11530_01182", "11530_01183", "11530_01184", "11530_01255", "11530_01256", "11530_01257", "11530_01327", "11530_01328", "11530_01329"], "display_grid_id": "11530_00227", "gu_code": 11530, "gu_name": "구로구", "source_cell_count": 13, "area_m2": 62500.0, "mean_actual_lst": 39.0464, "mean_actual_anomaly": 0.3997, "seoul_anomaly": 1.6479, "pred_anomaly": 1.9675, "pred_anomaly_std": 0.7591, "green_delta_c": -0.0766, "building_ratio": 0.3468, "green_ratio": 0.2178, "ndvi": 0.1018, "impervious_ratio": 0.4731, "built_surface_ratio": 0.4731, "avg_ground_floor_count": 10.5314, "elevation_m": 27.5021, "albedo": 0.1021, "nearest_park_distance_m": 73.1528, "park_area_within_500m": 108274.5696, "nearest_stream_distance_m": 315.6572, "est_population_density": 15857.6, "dong_elderly_ratio": 0.2057, "dong_avg_age": 44.2, "dong_pop_density": 31395.3, "nearest_shelter_distance_m": 26.49, "shelter_count_within_500m": 18.8, "est_population": 991.1, "est_elderly": 203.9, "shelter_capacity_within_500m": 3651.8, "building_form_group": "high_floor_high_density", "dong_name": "오류1동", "top1_feature": "building_ratio", "top1_shap": 0.8841, "top2_feature": "ndvi", "top2_shap": 0.3402, "top3_feature": "avg_ground_floor_count", "top3_shap": -0.3345, "priority_score": 38.5038, "priority_rank": 324 }, "geometry": { "type": "Polygon", "coordinates": [ [ [ 126.843859211525398, 37.495687154065166 ], [ 126.843839496142195, 37.497940423806305 ], [ 126.846667605480107, 37.49795609888244 ], [ 126.846687235903033, 37.495702827872904 ], [ 126.843859211525398, 37.495687154065166 ] ] ] } },
{ "type": "Feature", "properties": { "nearest_shelter_name": "오류라인(아)경로당", "nearest_shelter_addr": "서울특별시 구로구 경인로 230-13", "nearest_shelter_lon": 126.846965, "nearest_shelter_lat": 37.496532, "member_grid_ids": ["11530_01185", "11530_01186", "11530_01257", "11530_01258", "11530_01259", "11530_01329", "11530_01330", "11530_01331"], "display_grid_id": "11530_00228", "gu_code": 11530, "gu_name": "구로구", "source_cell_count": 15, "area_m2": 62500.0, "mean_actual_lst": 38.7653, "mean_actual_anomaly": 0.1517, "seoul_anomaly": 1.3999, "pred_anomaly": 1.2491, "pred_anomaly_std": 0.7663, "green_delta_c": -0.1788, "building_ratio": 0.1826, "green_ratio": 0.2236, "ndvi": 0.1591, "impervious_ratio": 0.5142, "built_surface_ratio": 0.5142, "avg_ground_floor_count": 16.1789, "elevation_m": 25.259, "albedo": 0.1104, "nearest_park_distance_m": 44.1136, "park_area_within_500m": 109586.6528, "nearest_stream_distance_m": 250.7868, "est_population_density": 19984.8, "dong_elderly_ratio": 0.2079, "dong_avg_age": 44.344, "dong_pop_density": 30453.076, "nearest_shelter_distance_m": 26.49, "shelter_count_within_500m": 17.6, "est_population": 1249.1, "est_elderly": 258.3, "shelter_capacity_within_500m": 4365.3, "building_form_group": "high_floor_low_density", "dong_name": "오류1동", "top1_feature": "avg_ground_floor_count", "top1_shap": -0.702, "top2_feature": "impervious_ratio", "top2_shap": 0.4239, "top3_feature": "built_surface_ratio", "top3_shap": 0.2404, "priority_score": 41.9823, "priority_rank": 282 }, "geometry": { "type": "Polygon", "coordinates": [ [ [ 126.846687235903033, 37.495702827872904 ], [ 126.846667605480107, 37.49795609888244 ], [ 126.849495717003975, 37.497971706260103 ], [ 126.849515262466412, 37.495718433987648 ], [ 126.846687235903033, 37.495702827872904 ] ] ] } },
{ "type": "Feature", "properties": { "nearest_shelter_name": "두산(아)경로당", "nearest_shelter_addr": "서울특별시 구로구 남부순환로95길 88 (두산아파트 상가)", "nearest_shelter_lon": 126.852538, "nearest_shelter_lat": 37.495095, "member_grid_ids": ["11530_01187", "11530_01188", "11530_01189", "11530_01260", "11530_01261", "11530_01262", "11530_01332", "11530_01333", "11530_01334"], "display_grid_id": "11530_00229", "gu_code": 11530, "gu_name": "구로구", "source_cell_count": 10, "area_m2": 62500.0, "mean_actual_lst": 38.1029, "mean_actual_anomaly": -0.5442, "seoul_anomaly": 0.704, "pred_anomaly": 1.3456, "pred_anomaly_std": 0.8483, "green_delta_c": -0.4433, "building_ratio": 0.1386, "green_ratio": 0.3107, "ndvi": 0.2622, "impervious_ratio": 0.4805, "built_surface_ratio": 0.4805, "avg_ground_floor_count": 1.9971, "elevation_m": 24.6404, "albedo": 0.1394, "nearest_park_distance_m": 79.9888, "park_area_within_500m": 130229.7668, "nearest_stream_distance_m": 224.7148, "est_population_density": 210.4, "dong_elderly_ratio": 0.2248, "dong_avg_age": 45.3, "dong_pop_density": 28046.86, "nearest_shelter_distance_m": 72.95, "shelter_count_within_500m": 14.44, "est_population": 13.2, "est_elderly": 3.2, "shelter_capacity_within_500m": 2941.7, "building_form_group": "low_floor_low_density", "dong_name": "개봉1동", "top1_feature": "impervious_ratio", "top1_shap": 0.5132, "top2_feature": "ndvi", "top2_shap": -0.2764, "top3_feature": "built_surface_ratio", "top3_shap": 0.3134, "priority_score": 44.0404, "priority_rank": 253 }, "geometry": { "type": "Polygon", "coordinates": [ [ [ 126.849515262466412, 37.495718433987648 ], [ 126.849495717003975, 37.497971706260103 ], [ 126.852323830704364, 37.497987245939136 ], [ 126.852343291206012, 37.495733972409255 ], [ 126.849515262466412, 37.495718433987648 ] ] ] } },
{ "type": "Feature", "properties": { "nearest_shelter_name": "개봉역센트레빌레우스", "nearest_shelter_addr": "서울특별시 구로구 경인로 302", "nearest_shelter_lon": 126.854328, "nearest_shelter_lat": 37.496149, "member_grid_ids": ["11530_01190", "11530_01191", "11530_01262", "11530_01263", "11530_01264", "11530_01334", "11530_01335", "11530_01336"], "display_grid_id": "11530_00230", "gu_code": 11530, "gu_name": "구로구", "source_cell_count": 11, "area_m2": 62500.0, "mean_actual_lst": 38.7156, "mean_actual_anomaly": -0.0332, "seoul_anomaly": 1.215, "pred_anomaly": 1.2174, "pred_anomaly_std": 0.7695, "green_delta_c": -0.2734, "building_ratio": 0.1111, "green_ratio": 0.2553, "ndvi": 0.174, "impervious_ratio": 0.4445, "built_surface_ratio": 0.4445, "avg_ground_floor_count": 14.5289, "elevation_m": 18.6302, "albedo": 0.1301, "nearest_park_distance_m": 25.1688, "park_area_within_500m": 214457.9268, "nearest_stream_distance_m": 247.3788, "est_population_density": 6292.8, "dong_elderly_ratio": 0.2205, "dong_avg_age": 45.14, "dong_pop_density": 26014.492, "nearest_shelter_distance_m": 50.97, "shelter_count_within_500m": 12.04, "est_population": 393.3, "est_elderly": 86.5, "shelter_capacity_within_500m": 1510.7, "building_form_group": "high_floor_low_density", "dong_name": "개봉1동", "top1_feature": "avg_ground_floor_count", "top1_shap": -0.4734, "top2_feature": "impervious_ratio", "top2_shap": 0.4168, "top3_feature": "ndvi", "top3_shap": 0.1737, "priority_score": 42.7399, "priority_rank": 272 }, "geometry": { "type": "Polygon", "coordinates": [ [ [ 126.852343291206012, 37.495733972409255 ], [ 126.852323830704364, 37.497987245939136 ], [ 126.855151946571809, 37.498002717919363 ], [ 126.855171322112398, 37.495749443137505 ], [ 126.852343291206012, 37.495733972409255 ] ] ] } },
{ "type": "Feature", "properties": { "nearest_shelter_name": "고척동삼환로즈빌(아)경로당", "nearest_shelter_addr": "서울특별시 구로구 경인로 343", "nearest_shelter_lon": 126.858204, "nearest_shelter_lat": 37.497852, "member_grid_ids": ["11530_01192", "11530_01193", "11530_01194", "11530_01265", "11530_01266", "11530_01267", "11530_01337", "11530_01338", "11530_01339"], "display_grid_id": "11530_00231", "gu_code": 11530, "gu_name": "구로구", "source_cell_count": 14, "area_m2": 62500.0, "mean_actual_lst": 40.5652, "mean_actual_anomaly": 1.9116, "seoul_anomaly": 3.1598, "pred_anomaly": 2.691, "pred_anomaly_std": 0.7082, "green_delta_c": -0.2879, "building_ratio": 0.2548, "green_ratio": 0.2193, "ndvi": 0.0972, "impervious_ratio": 0.4749, "built_surface_ratio": 0.4749, "avg_ground_floor_count": 8.6931, "elevation_m": 19.3666, "albedo": 0.1208, "nearest_park_distance_m": 26.7688, "park_area_within_500m": 300181.7052, "nearest_stream_distance_m": 296.1164, "est_population_density": 18112.8, "dong_elderly_ratio": 0.2198, "dong_avg_age": 45.084, "dong_pop_density": 25108.44, "nearest_shelter_distance_m": 37.08, "shelter_count_within_500m": 15.32, "est_population": 1132.1, "est_elderly": 248.4, "shelter_capacity_within_500m": 789.3, "building_form_group": "high_floor_high_density", "dong_name": "개봉1동", "top1_feature": "ndvi", "top1_shap": 0.5924, "top2_feature": "impervious_ratio", "top2_shap": 0.4666, "top3_feature": "building_ratio", "top3_shap": 0.3802, "priority_score": 56.3005, "priority_rank": 126 }, "geometry": { "type": "Polygon", "coordinates": [ [ [ 126.855171322112398, 37.495749443137505 ], [ 126.855151946571809, 37.498002717919363 ], [ 126.857980064596816, 37.498018122200627 ], [ 126.857999355176133, 37.495764846172293 ], [ 126.855171322112398, 37.495749443137505 ] ] ] } },
{ "type": "Feature", "properties": { "nearest_shelter_name": "영화(아)경로당", "nearest_shelter_addr": "서울특별시 구로구 경인로40길 11 (영화아파트 상가동)", "nearest_shelter_lon": 126.860113, "nearest_shelter_lat": 37.495988, "member_grid_ids": ["11530_01195", "11530_01196", "11530_01267", "11530_01268", "11530_01269", "11530_01339", "11530_01340", "11530_01341"], "display_grid_id": "11530_00232", "gu_code": 11530, "gu_name": "구로구", "source_cell_count": 11, "area_m2": 62500.0, "mean_actual_lst": 40.0679, "mean_actual_anomaly": 1.5713, "seoul_anomaly": 2.8195, "pred_anomaly": 1.605, "pred_anomaly_std": 0.7295, "green_delta_c": -0.2811, "building_ratio": 0.1859, "green_ratio": 0.224, "ndvi": 0.1406, "impervious_ratio": 0.491, "built_surface_ratio": 0.491, "avg_ground_floor_count": 17.6206, "elevation_m": 19.5586, "albedo": 0.122, "nearest_park_distance_m": 6.1448, "park_area_within_500m": 269280.0772, "nearest_stream_distance_m": 352.434, "est_population_density": 24622.4, "dong_elderly_ratio": 0.2213, "dong_avg_age": 45.02, "dong_pop_density": 23516.6, "nearest_shelter_distance_m": 26.84, "shelter_count_within_500m": 16.92, "est_population": 1538.9, "est_elderly": 337.6, "shelter_capacity_within_500m": 631.2, "building_form_group": "high_floor_low_density", "dong_name": "개봉1동", "top1_feature": "avg_ground_floor_count", "top1_shap": -0.5458, "top2_feature": "impervious_ratio", "top2_shap": 0.3914, "top3_feature": "ndvi", "top3_shap": 0.3428, "priority_score": 55.2651, "priority_rank": 136 }, "geometry": { "type": "Polygon", "coordinates": [ [ [ 126.857999355176133, 37.495764846172293 ], [ 126.857980064596816, 37.498018122200627 ], [ 126.860808184769937, 37.4980334587828 ], [ 126.860827390387698, 37.495780181513446 ], [ 126.857999355176133, 37.495764846172293 ] ] ] } },
{ "type": "Feature", "properties": { "nearest_shelter_name": "고척벽산블루밍(아)경로당", "nearest_shelter_addr": "서울특별시 구로구 경인로 390", "nearest_shelter_lon": 126.864198, "nearest_shelter_lat": 37.495777, "member_grid_ids": ["11530_01197", "11530_01198", "11530_01199", "11530_01270", "11530_01271", "11530_01272", "11530_01342", "11530_01343", "11530_01344"], "display_grid_id": "11530_00233", "gu_code": 11530, "gu_name": "구로구", "source_cell_count": 11, "area_m2": 62500.0, "mean_actual_lst": 39.2316, "mean_actual_anomaly": 0.6992, "seoul_anomaly": 1.9474, "pred_anomaly": 1.765, "pred_anomaly_std": 0.6918, "green_delta_c": -0.1641, "building_ratio": 0.259, "green_ratio": 0.217, "ndvi": 0.1182, "impervious_ratio": 0.4602, "built_surface_ratio": 0.4602, "avg_ground_floor_count": 11.6535, "elevation_m": 22.9679, "albedo": 0.1102, "nearest_park_distance_m": 84.082, "park_area_within_500m": 192406.9044, "nearest_stream_distance_m": 395.0504, "est_population_density": 3095.2, "dong_elderly_ratio": 0.2225, "dong_avg_age": 44.972, "dong_pop_density": 22322.72, "nearest_shelter_distance_m": 48.01, "shelter_count_within_500m": 13.16, "est_population": 193.5, "est_elderly": 42.4, "shelter_capacity_within_500m": 285.0, "building_form_group": "high_floor_high_density", "dong_name": "고척1동", "top1_feature": "building_ratio", "top1_shap": 0.4235, "top2_feature": "impervious_ratio", "top2_shap": 0.3714, "top3_feature": "ndvi", "top3_shap": 0.3575, "priority_score": 44.3182, "priority_rank": 248 }, "geometry": { "type": "Polygon", "coordinates": [ [ [ 126.860827390387698, 37.495780181513446 ], [ 126.860808184769937, 37.4980334587828 ], [ 126.863636307081734, 37.498048727665676 ], [ 126.863655427737712, 37.495795449160809 ], [ 126.860827390387698, 37.495780181513446 ] ] ] } },
{ "type": "Feature", "properties": { "nearest_shelter_name": "고척벽산블루밍(아)경로당", "nearest_shelter_addr": "서울특별시 구로구 경인로 390", "nearest_shelter_lon": 126.864198, "nearest_shelter_lat": 37.495777, "member_grid_ids": ["11530_01200", "11530_01201", "11530_01272", "11530_01273", "11530_01274", "11530_01344", "11530_01345", "11530_01346"], "display_grid_id": "11530_00234", "gu_code": 11530, "gu_name": "구로구", "source_cell_count": 11, "area_m2": 62500.0, "mean_actual_lst": 40.1034, "mean_actual_anomaly": 1.4851, "seoul_anomaly": 2.7333, "pred_anomaly": 2.5156, "pred_anomaly_std": 0.7741, "green_delta_c": -0.1937, "building_ratio": 0.2562, "green_ratio": 0.2179, "ndvi": 0.1325, "impervious_ratio": 0.5195, "built_surface_ratio": 0.5195, "avg_ground_floor_count": 7.9248, "elevation_m": 19.2212, "albedo": 0.1358, "nearest_park_distance_m": 309.4012, "park_area_within_500m": 58865.55, "nearest_stream_distance_m": 331.9168, "est_population_density": 1696.0, "dong_elderly_ratio": 0.224, "dong_avg_age": 44.908, "dong_pop_density": 20730.88, "nearest_shelter_distance_m": 52.11, "shelter_count_within_500m": 8.76, "est_population": 106.0, "est_elderly": 23.7, "shelter_capacity_within_500m": 180.0, "building_form_group": "high_floor_low_density", "dong_name": "고척1동", "top1_feature": "impervious_ratio", "top1_shap": 0.4793, "top2_feature": "building_ratio", "top2_shap": 0.3583, "top3_feature": "ndvi", "top3_shap": 0.2918, "priority_score": 49.6338, "priority_rank": 193 }, "geometry": { "type": "Polygon", "coordinates": [ [ [ 126.863655427737712, 37.495795449160809 ], [ 126.863636307081734, 37.498048727665676 ], [ 126.866464431522758, 37.49806392884912 ], [ 126.866483467216668, 37.495810649114205 ], [ 126.863655427737712, 37.495795449160809 ] ] ] } },
{ "type": "Feature", "properties": { "nearest_shelter_name": "고척벽산블루밍(아)경로당", "nearest_shelter_addr": "서울특별시 구로구 경인로 390", "nearest_shelter_lon": 126.864198, "nearest_shelter_lat": 37.495777, "member_grid_ids": ["11530_01202", "11530_01203", "11530_01204", "11530_01275", "11530_01276", "11530_01277", "11530_01347", "11530_01348", "11530_01349"], "display_grid_id": "11530_00235", "gu_code": 11530, "gu_name": "구로구", "source_cell_count": 11, "area_m2": 62500.0, "mean_actual_lst": 39.8675, "mean_actual_anomaly": 1.0606, "seoul_anomaly": 2.3088, "pred_anomaly": 2.609, "pred_anomaly_std": 1.1686, "green_delta_c": -0.5005, "building_ratio": 0.2772, "green_ratio": 0.2025, "ndvi": 0.1072, "impervious_ratio": 0.5766, "built_surface_ratio": 0.5766, "avg_ground_floor_count": 1.92, "elevation_m": 13.4866, "albedo": 0.2047, "nearest_park_distance_m": 485.752, "park_area_within_500m": 1443.7016, "nearest_stream_distance_m": 103.1928, "est_population_density": 15128.8, "dong_elderly_ratio": 0.2191, "dong_avg_age": 46.528, "dong_pop_density": 20659.412, "nearest_shelter_distance_m": 252.06, "shelter_count_within_500m": 5.6, "est_population": 945.6, "est_elderly": 212.0, "shelter_capacity_within_500m": 308.3, "building_form_group": "low_floor_low_density", "dong_name": "고척1동", "top1_feature": "impervious_ratio", "top1_shap": 0.6011, "top2_feature": "built_surface_ratio", "top2_shap": 0.4764, "top3_feature": "building_ratio", "top3_shap": 0.4536, "priority_score": 69.4066, "priority_rank": 36 }, "geometry": { "type": "Polygon", "coordinates": [ [ [ 126.866483467216668, 37.495810649114205 ], [ 126.866464431522758, 37.49806392884912 ], [ 126.869292558083501, 37.498079062332977 ], [ 126.86931150881513, 37.495825781373483 ], [ 126.866483467216668, 37.495810649114205 ] ] ] } },
{ "type": "Feature", "properties": { "nearest_shelter_name": "영등포농협구일지점", "nearest_shelter_addr": "서울특별시 구로구 구일로10길 27", "nearest_shelter_lon": 126.872241, "nearest_shelter_lat": 37.495827, "member_grid_ids": ["11530_01205", "11530_01206", "11530_01277", "11530_01278", "11530_01279", "11530_01349", "11530_01350", "11530_01351"], "display_grid_id": "11530_00236", "gu_code": 11530, "gu_name": "구로구", "source_cell_count": 9, "area_m2": 62500.0, "mean_actual_lst": 37.3306, "mean_actual_anomaly": -1.3169, "seoul_anomaly": -0.0686, "pred_anomaly": 0.6376, "pred_anomaly_std": 1.2107, "green_delta_c": -0.4494, "building_ratio": 0.1869, "green_ratio": 0.2919, "ndvi": 0.1551, "impervious_ratio": 0.3732, "built_surface_ratio": 0.3732, "avg_ground_floor_count": 6.2357, "elevation_m": 11.3709, "albedo": 0.128, "nearest_park_distance_m": 323.6112, "park_area_within_500m": 15563.228, "nearest_stream_distance_m": 46.5488, "est_population_density": 0.0, "dong_elderly_ratio": 0.1957, "dong_avg_age": 46.2, "dong_pop_density": 20591.716, "nearest_shelter_distance_m": 58.98, "shelter_count_within_500m": 8.08, "est_population": 0.0, "est_elderly": 0.0, "shelter_capacity_within_500m": 389.8, "building_form_group": "high_floor_low_density", "dong_name": "구로2동", "top1_feature": "impervious_ratio", "top1_shap": 0.3771, "top2_feature": "building_ratio", "top2_shap": 0.2521, "top3_feature": "elevation_m", "top3_shap": -0.2457, "priority_score": 37.3548, "priority_rank": 335 }, "geometry": { "type": "Polygon", "coordinates": [ [ [ 126.86931150881513, 37.495825781373483 ], [ 126.869292558083501, 37.498079062332977 ], [ 126.872120686754528, 37.498094128117089 ], [ 126.87213955252362, 37.49584084593851 ], [ 126.86931150881513, 37.495825781373483 ] ] ] } },
{ "type": "Feature", "properties": { "nearest_shelter_name": "현대상선(아)경로당", "nearest_shelter_addr": "서울특별시 구로구 구일로10길 53 (현대아파트 102동)", "nearest_shelter_lon": 126.875036, "nearest_shelter_lat": 37.495912, "member_grid_ids": ["11530_01207", "11530_01208", "11530_01209", "11530_01280", "11530_01281", "11530_01282", "11530_01352", "11530_01353", "11530_01354"], "display_grid_id": "11530_00237", "gu_code": 11530, "gu_name": "구로구", "source_cell_count": 12, "area_m2": 62500.0, "mean_actual_lst": 39.7382, "mean_actual_anomaly": 1.2561, "seoul_anomaly": 2.5043, "pred_anomaly": 1.8434, "pred_anomaly_std": 0.6348, "green_delta_c": -0.1325, "building_ratio": 0.2582, "green_ratio": 0.2314, "ndvi": 0.1181, "impervious_ratio": 0.4107, "built_surface_ratio": 0.4107, "avg_ground_floor_count": 11.2878, "elevation_m": 17.5407, "albedo": 0.122, "nearest_park_distance_m": 172.8396, "park_area_within_500m": 32819.488, "nearest_stream_distance_m": 284.2476, "est_population_density": 0.0, "dong_elderly_ratio": 0.1597, "dong_avg_age": 41.1, "dong_pop_density": 20103.0, "nearest_shelter_distance_m": 8.68, "shelter_count_within_500m": 10.88, "est_population": 0.0, "est_elderly": 0.0, "shelter_capacity_within_500m": 1526.5, "building_form_group": "high_floor_high_density", "dong_name": "구로1동", "top1_feature": "building_ratio", "top1_shap": 0.4567, "top2_feature": "ndvi", "top2_shap": 0.3998, "top3_feature": "avg_ground_floor_count", "top3_shap": -0.3818, "priority_score": 30.7386, "priority_rank": 380 }, "geometry": { "type": "Polygon", "coordinates": [ [ [ 126.87213955252362, 37.49584084593851 ], [ 126.872120686754528, 37.498094128117089 ], [ 126.874948817526388, 37.498109126201307 ], [ 126.874967598332688, 37.4958558428091 ], [ 126.87213955252362, 37.49584084593851 ] ] ] } },
{ "type": "Feature", "properties": { "nearest_shelter_name": "중앙하이츠(아)경로당", "nearest_shelter_addr": "서울특별시 구로구 구일로8길 92 (중앙구로하이츠아파트 6동)", "nearest_shelter_lon": 126.876388, "nearest_shelter_lat": 37.496567, "member_grid_ids": ["11530_01210", "11530_01211", "11530_01282", "11530_01283", "11530_01284", "11530_01354", "11530_01355", "11530_01356"], "display_grid_id": "11530_00238", "gu_code": 11530, "gu_name": "구로구", "source_cell_count": 13, "area_m2": 62500.0, "mean_actual_lst": 40.652, "mean_actual_anomaly": 2.2142, "seoul_anomaly": 3.4624, "pred_anomaly": 2.3689, "pred_anomaly_std": 0.7945, "green_delta_c": -0.3384, "building_ratio": 0.2217, "green_ratio": 0.2239, "ndvi": 0.1347, "impervious_ratio": 0.4542, "built_surface_ratio": 0.4542, "avg_ground_floor_count": 8.2075, "elevation_m": 18.9935, "albedo": 0.1229, "nearest_park_distance_m": 241.8052, "park_area_within_500m": 49204.0256, "nearest_stream_distance_m": 517.4492, "est_population_density": 0.0, "dong_elderly_ratio": 0.1597, "dong_avg_age": 41.1, "dong_pop_density": 20103.0, "nearest_shelter_distance_m": 34.08, "shelter_count_within_500m": 14.32, "est_population": 0.0, "est_elderly": 0.0, "shelter_capacity_within_500m": 3249.0, "building_form_group": "high_floor_low_density", "dong_name": "구로1동", "top1_feature": "impervious_ratio", "top1_shap": 0.5458, "top2_feature": "building_ratio", "top2_shap": 0.3829, "top3_feature": "ndvi", "top3_shap": 0.2829, "priority_score": 42.3043, "priority_rank": 279 }, "geometry": { "type": "Polygon", "coordinates": [ [ [ 126.874967598332688, 37.4958558428091 ], [ 126.874948817526388, 37.498109126201307 ], [ 126.877776950389617, 37.498124056585446 ], [ 126.877795646232897, 37.495870771985103 ], [ 126.874967598332688, 37.4958558428091 ] ] ] } },
{ "type": "Feature", "properties": { "nearest_shelter_name": "화원경로당", "nearest_shelter_addr": "서울특별시 구로구 벚꽃로 490 (구로동)", "nearest_shelter_lon": 126.880406, "nearest_shelter_lat": 37.497918, "member_grid_ids": ["11530_01212", "11530_01213", "11530_01214", "11530_01285", "11530_01286", "11530_01287", "11530_01357", "11530_01358", "11530_01359"], "display_grid_id": "11530_00239", "gu_code": 11530, "gu_name": "구로구", "source_cell_count": 11, "area_m2": 62500.0, "mean_actual_lst": 40.5331, "mean_actual_anomaly": 2.3918, "seoul_anomaly": 3.6401, "pred_anomaly": 1.9816, "pred_anomaly_std": 1.0763, "green_delta_c": -0.7686, "building_ratio": 0.216, "green_ratio": 0.3731, "ndvi": 0.1739, "impervious_ratio": 0.3457, "built_surface_ratio": 0.3457, "avg_ground_floor_count": 2.2474, "elevation_m": 16.8084, "albedo": 0.1264, "nearest_park_distance_m": 309.9208, "park_area_within_500m": 82135.4912, "nearest_stream_distance_m": 769.964, "est_population_density": 4775.6, "dong_elderly_ratio": 0.1914, "dong_avg_age": 45.6, "dong_pop_density": 20534.22, "nearest_shelter_distance_m": 31.2, "shelter_count_within_500m": 15.92, "est_population": 298.5, "est_elderly": 63.5, "shelter_capacity_within_500m": 3736.5, "building_form_group": "high_floor_low_density", "dong_name": "구로2동", "top1_feature": "impervious_ratio", "top1_shap": 0.4308, "top2_feature": "green_ratio", "top2_shap": -0.3452, "top3_feature": "ndvi", "top3_shap": 0.3283, "priority_score": 62.4179, "priority_rank": 71 }, "geometry": { "type": "Polygon", "coordinates": [ [ [ 126.877795646232897, 37.495870771985103 ], [ 126.877776950389617, 37.498124056585446 ], [ 126.880605085334736, 37.498138919269387 ], [ 126.880623696214741, 37.495885633466372 ], [ 126.877795646232897, 37.495870771985103 ] ] ] } },
{ "type": "Feature", "properties": { "nearest_shelter_name": "우리유앤미(아)경로당", "nearest_shelter_addr": "서울특별시 구로구 구로동로43길 10 (우리유앤미아파트 101동)", "nearest_shelter_lon": 126.881527, "nearest_shelter_lat": 37.496618, "member_grid_ids": ["11530_01215", "11530_01216", "11530_01287", "11530_01288", "11530_01289", "11530_01359", "11530_01360", "11530_01361"], "display_grid_id": "11530_00240", "gu_code": 11530, "gu_name": "구로구", "source_cell_count": 11, "area_m2": 62500.0, "mean_actual_lst": 40.4338, "mean_actual_anomaly": 2.3505, "seoul_anomaly": 3.5987, "pred_anomaly": 3.1022, "pred_anomaly_std": 0.6727, "green_delta_c": -0.6108, "building_ratio": 0.354, "green_ratio": 0.2756, "ndvi": 0.1125, "impervious_ratio": 0.3208, "built_surface_ratio": 0.3208, "avg_ground_floor_count": 4.0237, "elevation_m": 23.2188, "albedo": 0.1129, "nearest_park_distance_m": 241.8536, "park_area_within_500m": 107612.0432, "nearest_stream_distance_m": 952.7984, "est_population_density": 33648.4, "dong_elderly_ratio": 0.2126, "dong_avg_age": 48.6, "dong_pop_density": 20821.7, "nearest_shelter_distance_m": 27.5, "shelter_count_within_500m": 17.28, "est_population": 2103.0, "est_elderly": 446.9, "shelter_capacity_within_500m": 4605.0, "building_form_group": "high_floor_high_density", "dong_name": "구로2동", "top1_feature": "building_ratio", "top1_shap": 0.9302, "top2_feature": "ndvi", "top2_shap": 0.5587, "top3_feature": "impervious_ratio", "top3_shap": 0.3855, "priority_score": 66.1995, "priority_rank": 51 }, "geometry": { "type": "Polygon", "coordinates": [ [ [ 126.880623696214741, 37.495885633466372 ], [ 126.880605085334736, 37.498138919269387 ], [ 126.883433222352309, 37.498153714252958 ], [ 126.883451748268797, 37.495900427252757 ], [ 126.880623696214741, 37.495885633466372 ] ] ] } },
{ "type": "Feature", "properties": { "nearest_shelter_name": "구로삶터지역자활센터", "nearest_shelter_addr": "서울특별시 구로구 구로동로42길 43 (구로동)", "nearest_shelter_lon": 126.883579, "nearest_shelter_lat": 37.497633, "member_grid_ids": ["11530_01217", "11530_01218", "11530_01219", "11530_01290", "11530_01291", "11530_01292", "11530_01362", "11530_01363", "11530_01364"], "display_grid_id": "11530_00241", "gu_code": 11530, "gu_name": "구로구", "source_cell_count": 10, "area_m2": 62500.0, "mean_actual_lst": 41.3389, "mean_actual_anomaly": 3.3887, "seoul_anomaly": 4.6369, "pred_anomaly": 3.4629, "pred_anomaly_std": 0.6835, "green_delta_c": -0.5661, "building_ratio": 0.3602, "green_ratio": 0.272, "ndvi": 0.1258, "impervious_ratio": 0.3649, "built_surface_ratio": 0.3649, "avg_ground_floor_count": 2.8441, "elevation_m": 25.1088, "albedo": 0.133, "nearest_park_distance_m": 113.9184, "park_area_within_500m": 123766.3852, "nearest_stream_distance_m": 776.1932, "est_population_density": 24402.0, "dong_elderly_ratio": 0.2099, "dong_avg_age": 48.248, "dong_pop_density": 21760.604, "nearest_shelter_distance_m": 38.28, "shelter_count_within_500m": 21.76, "est_population": 1525.1, "est_elderly": 319.6, "shelter_capacity_within_500m": 5365.0, "building_form_group": "low_floor_high_density", "dong_name": "구로2동", "top1_feature": "building_ratio", "top1_shap": 0.8376, "top2_feature": "ndvi", "top2_shap": 0.4901, "top3_feature": "impervious_ratio", "top3_shap": 0.436, "priority_score": 67.0518, "priority_rank": 46 }, "geometry": { "type": "Polygon", "coordinates": [ [ [ 126.883451748268797, 37.495900427252757 ], [ 126.883433222352309, 37.498153714252958 ], [ 126.886261361432886, 37.498168441536002 ], [ 126.886279802385587, 37.4959151533441 ], [ 126.883451748268797, 37.495900427252757 ] ] ] } },
{ "type": "Feature", "properties": { "nearest_shelter_name": "구로아트벨리", "nearest_shelter_addr": "서울특별시 구로구 가마산로25길 9-24 (구로구의회)", "nearest_shelter_lon": 126.888964, "nearest_shelter_lat": 37.496558, "member_grid_ids": ["11530_01220", "11530_01221", "11530_01292", "11530_01293", "11530_01294", "11530_01364", "11530_01365", "11530_01366"], "display_grid_id": "11530_00242", "gu_code": 11530, "gu_name": "구로구", "source_cell_count": 13, "area_m2": 62500.0, "mean_actual_lst": 41.7291, "mean_actual_anomaly": 3.6643, "seoul_anomaly": 4.9125, "pred_anomaly": 3.5121, "pred_anomaly_std": 0.7073, "green_delta_c": -0.7105, "building_ratio": 0.3764, "green_ratio": 0.2746, "ndvi": 0.1339, "impervious_ratio": 0.3585, "built_surface_ratio": 0.3585, "avg_ground_floor_count": 3.7095, "elevation_m": 22.2625, "albedo": 0.127, "nearest_park_distance_m": 97.6384, "park_area_within_500m": 115485.0836, "nearest_stream_distance_m": 538.9708, "est_population_density": 30154.0, "dong_elderly_ratio": 0.1852, "dong_avg_age": 45.08, "dong_pop_density": 30210.74, "nearest_shelter_distance_m": 48.35, "shelter_count_within_500m": 20.08, "est_population": 1884.6, "est_elderly": 345.7, "shelter_capacity_within_500m": 3996.0, "building_form_group": "low_floor_high_density", "dong_name": "구로5동", "top1_feature": "building_ratio", "top1_shap": 0.9309, "top2_feature": "impervious_ratio", "top2_shap": 0.426, "top3_feature": "ndvi", "top3_shap": 0.3611, "priority_score": 71.3384, "priority_rank": 24 }, "geometry": { "type": "Polygon", "coordinates": [ [ [ 126.886279802385587, 37.4959151533441 ], [ 126.886261361432886, 37.498168441536002 ], [ 126.889089502566961, 37.498183101118386 ], [ 126.889107858555676, 37.495929811740254 ], [ 126.886279802385587, 37.4959151533441 ] ] ] } },
{ "type": "Feature", "properties": { "nearest_shelter_name": "구로구민회관", "nearest_shelter_addr": "서울특별시 구로구 가마산로25길 21 (구로구민회관)", "nearest_shelter_lon": 126.889556, "nearest_shelter_lat": 37.496947, "member_grid_ids": ["11530_01222", "11530_01223", "11530_01224", "11530_01295", "11530_01296", "11530_01297", "11530_01367", "11530_01368", "11530_01369"], "display_grid_id": "11530_00243", "gu_code": 11530, "gu_name": "구로구", "source_cell_count": 11, "area_m2": 62500.0, "mean_actual_lst": 40.3656, "mean_actual_anomaly": 2.2698, "seoul_anomaly": 3.518, "pred_anomaly": 2.2854, "pred_anomaly_std": 0.674, "green_delta_c": -0.1395, "building_ratio": 0.2961, "green_ratio": 0.2389, "ndvi": 0.1247, "impervious_ratio": 0.4367, "built_surface_ratio": 0.4367, "avg_ground_floor_count": 8.5282, "elevation_m": 18.4339, "albedo": 0.1238, "nearest_park_distance_m": 133.3292, "park_area_within_500m": 71702.2844, "nearest_stream_distance_m": 281.7052, "est_population_density": 18739.2, "dong_elderly_ratio": 0.1801, "dong_avg_age": 44.36, "dong_pop_density": 33225.16, "nearest_shelter_distance_m": 15.87, "shelter_count_within_500m": 17.88, "est_population": 1171.2, "est_elderly": 215.6, "shelter_capacity_within_500m": 2567.8, "building_form_group": "high_floor_high_density", "dong_name": "구로5동", "top1_feature": "building_ratio", "top1_shap": 0.6177, "top2_feature": "ndvi", "top2_shap": 0.3272, "top3_feature": "impervious_ratio", "top3_shap": 0.2742, "priority_score": 49.2172, "priority_rank": 202 }, "geometry": { "type": "Polygon", "coordinates": [ [ [ 126.889107858555676, 37.495929811740254 ], [ 126.889089502566961, 37.498183101118386 ], [ 126.89191764574511, 37.498197692999938 ], [ 126.891935916769555, 37.495944402441062 ], [ 126.889107858555676, 37.495929811740254 ] ] ] } },
{ "type": "Feature", "properties": { "nearest_shelter_name": "신구로현대(아)경로당", "nearest_shelter_addr": "서울특별시 구로구 구로중앙로18길 68 (신구로현대아파트 상가동)", "nearest_shelter_lon": 126.892932, "nearest_shelter_lat": 37.496559, "member_grid_ids": ["11530_01225", "11530_01226", "11530_01297", "11530_01298", "11530_01299", "11530_01369", "11530_01370", "11530_01371"], "display_grid_id": "11530_00244", "gu_code": 11530, "gu_name": "구로구", "source_cell_count": 11, "area_m2": 50829.69, "mean_actual_lst": 39.8969, "mean_actual_anomaly": 1.6973, "seoul_anomaly": 2.9456, "pred_anomaly": 1.5348, "pred_anomaly_std": 0.8221, "green_delta_c": -0.3454, "building_ratio": 0.2295, "green_ratio": 0.2601, "ndvi": 0.1435, "impervious_ratio": 0.3797, "built_surface_ratio": 0.3797, "avg_ground_floor_count": 10.6085, "elevation_m": 19.8589, "albedo": 0.1117, "nearest_park_distance_m": 235.3248, "park_area_within_500m": 30060.2295, "nearest_stream_distance_m": 73.9879, "est_population_density": 15211.5832, "dong_elderly_ratio": 0.2023, "dong_avg_age": 46.2883, "dong_pop_density": 41265.6296, "nearest_shelter_distance_m": 34.37, "shelter_count_within_500m": 15.8714, "est_population": 773.2, "est_elderly": 170.5, "shelter_capacity_within_500m": 2171.7, "building_form_group": "high_floor_high_density", "dong_name": "구로4동", "top1_feature": "impervious_ratio", "top1_shap": 0.3593, "top2_feature": "avg_ground_floor_count", "top2_shap": -0.334, "top3_feature": "ndvi", "top3_shap": 0.3134, "priority_score": 49.356, "priority_rank": 200 }, "geometry": { "type": "Polygon", "coordinates": [ [ [ 126.891935916769555, 37.495944402441062 ], [ 126.89191764574511, 37.498197692999938 ], [ 126.894028399324796, 37.498208539364178 ], [ 126.894033289999982, 37.49819269 ], [ 126.89404252, 37.49816117 ], [ 126.894122479999979, 37.49784843 ], [ 126.894117719999983, 37.49784082 ], [ 126.89406934, 37.49781713 ], [ 126.89408019, 37.49776588 ], [ 126.89415935, 37.49739458 ], [ 126.894258280000017, 37.49691685 ], [ 126.89426416, 37.49688899 ], [ 126.89429454, 37.49676091 ], [ 126.89431089, 37.49670321 ], [ 126.89432155, 37.49666575 ], [ 126.894322619999983, 37.496654220000011 ], [ 126.89432513, 37.49662663 ], [ 126.894315330000012, 37.496436 ], [ 126.89439058, 37.4962004 ], [ 126.89440834, 37.49614383 ], [ 126.89443696, 37.49601631 ], [ 126.89445043315888, 37.495957318634225 ], [ 126.891935916769555, 37.495944402441062 ] ] ] } },
{ "type": "Feature", "properties": { "nearest_shelter_name": "온수힐스테이트(아)경로당", "nearest_shelter_addr": "서울특별시 구로구 부일로9길 127 (온수 힐스테이트 104동)", "nearest_shelter_lon": 126.821542, "nearest_shelter_lat": 37.496201, "member_grid_ids": ["11530_01372", "11530_01373"], "display_grid_id": "11530_00245", "gu_code": 11530, "gu_name": "구로구", "source_cell_count": 2, "area_m2": 3542.01, "mean_actual_lst": 32.1186, "mean_actual_anomaly": -6.4972, "seoul_anomaly": -5.249, "pred_anomaly": -6.1885, "pred_anomaly_std": 0.5559, "green_delta_c": -0.2242, "building_ratio": 0.0, "green_ratio": 0.7815, "ndvi": 0.4263, "impervious_ratio": 0.0462, "built_surface_ratio": 0.0462, "avg_ground_floor_count": 0.0, "elevation_m": 89.7006, "albedo": 0.1284, "nearest_park_distance_m": 264.7365, "park_area_within_500m": 162149.344, "nearest_stream_distance_m": 1713.2731, "est_population_density": 0.0, "dong_elderly_ratio": 0.2188, "dong_avg_age": 44.8, "dong_pop_density": 8657.5, "nearest_shelter_distance_m": 619.91, "shelter_count_within_500m": 0.0, "est_population": 0.0, "est_elderly": 0.0, "shelter_capacity_within_500m": 0.0, "building_form_group": "no_building", "dong_name": "수궁동", "top1_feature": "building_ratio", "top1_shap": -1.6504, "top2_feature": "impervious_ratio", "top2_shap": -1.1198, "top3_feature": "built_surface_ratio", "top3_shap": -1.0826, "priority_score": 22.7083, "priority_rank": 393 }, "geometry": { "type": "Polygon", "coordinates": [ [ [ 126.814094165353737, 37.497771456102875 ], [ 126.814113030000016, 37.49790769 ], [ 126.81413934, 37.4981265 ], [ 126.81419662, 37.49818656 ], [ 126.81428264, 37.49826808000001 ], [ 126.814618440000018, 37.49802759 ], [ 126.814642180000021, 37.49800228 ], [ 126.81514168, 37.49800955 ], [ 126.81527527, 37.4979329 ], [ 126.815325529999981, 37.49790285 ], [ 126.815538193240116, 37.497779831860683 ], [ 126.814094165353737, 37.497771456102875 ] ] ] } },
{ "type": "Feature", "properties": { "nearest_shelter_name": "온수힐스테이트(아)경로당", "nearest_shelter_addr": "서울특별시 구로구 부일로9길 127 (온수 힐스테이트 104동)", "nearest_shelter_lon": 126.821542, "nearest_shelter_lat": 37.496201, "member_grid_ids": ["11530_01374", "11530_01375", "11530_01376"], "display_grid_id": "11530_00246", "gu_code": 11530, "gu_name": "구로구", "source_cell_count": 7, "area_m2": 9163.73, "mean_actual_lst": 32.1985, "mean_actual_anomaly": -6.4861, "seoul_anomaly": -5.2379, "pred_anomaly": -5.9148, "pred_anomaly_std": 0.6567, "green_delta_c": -0.2648, "building_ratio": 0.0, "green_ratio": 0.7836, "ndvi": 0.5668, "impervious_ratio": 0.0504, "built_surface_ratio": 0.0504, "avg_ground_floor_count": 0.0, "elevation_m": 90.6708, "albedo": 0.1477, "nearest_park_distance_m": 134.069, "park_area_within_500m": 104159.5053, "nearest_stream_distance_m": 1457.6943, "est_population_density": 0.0, "dong_elderly_ratio": 0.2188, "dong_avg_age": 44.8, "dong_pop_density": 8657.5, "nearest_shelter_distance_m": 358.65, "shelter_count_within_500m": 2.1371, "est_population": 0.0, "est_elderly": 0.0, "shelter_capacity_within_500m": 486.7, "building_form_group": "no_building", "dong_name": "수궁동", "top1_feature": "building_ratio", "top1_shap": -1.6129, "top2_feature": "impervious_ratio", "top2_shap": -1.0859, "top3_feature": "built_surface_ratio", "top3_shap": -1.0669, "priority_score": 23.0114, "priority_rank": 392 }, "geometry": { "type": "Polygon", "coordinates": [ [ [ 126.818386612030039, 37.497796301716697 ], [ 126.81653251810765, 37.497785588954926 ], [ 126.81658243, 37.49780712 ], [ 126.81670023, 37.49789853 ], [ 126.81689007, 37.49801793 ], [ 126.81699548, 37.49804709 ], [ 126.81709559, 37.49807766 ], [ 126.817250439999981, 37.49812548 ], [ 126.81758238, 37.49822736 ], [ 126.81772565, 37.49838329 ], [ 126.81792531, 37.49860461 ], [ 126.81802856, 37.49872361 ], [ 126.818208290000015, 37.49885593 ], [ 126.818377213690084, 37.498830244353421 ], [ 126.818386612030039, 37.497796301716697 ] ] ] } },
{ "type": "Feature", "properties": { "nearest_shelter_name": "온수힐스테이트(아)경로당", "nearest_shelter_addr": "서울특별시 구로구 부일로9길 127 (온수 힐스테이트 104동)", "nearest_shelter_lon": 126.821542, "nearest_shelter_lat": 37.496201, "member_grid_ids": ["11530_01376", "11530_01377", "11530_01378", "11530_01444", "11530_01445", "11530_01446", "11530_01512", "11530_01513"], "display_grid_id": "11530_00247", "gu_code": 11530, "gu_name": "구로구", "source_cell_count": 11, "area_m2": 49195.25, "mean_actual_lst": 33.0935, "mean_actual_anomaly": -5.5042, "seoul_anomaly": -4.256, "pred_anomaly": -3.4264, "pred_anomaly_std": 0.8267, "green_delta_c": -0.3479, "building_ratio": 0.0539, "green_ratio": 0.6476, "ndvi": 0.5343, "impervious_ratio": 0.1841, "built_surface_ratio": 0.1841, "avg_ground_floor_count": 5.0033, "elevation_m": 77.4973, "albedo": 0.147, "nearest_park_distance_m": 211.4523, "park_area_within_500m": 51382.7836, "nearest_stream_distance_m": 1340.8619, "est_population_density": 8653.2743, "dong_elderly_ratio": 0.2188, "dong_avg_age": 44.8, "dong_pop_density": 8657.5, "nearest_shelter_distance_m": 241.81, "shelter_count_within_500m": 3.0, "est_population": 425.7, "est_elderly": 93.1, "shelter_capacity_within_500m": 3106.5, "building_form_group": "no_building", "dong_name": "수궁동", "top1_feature": "building_ratio", "top1_shap": -0.7154, "top2_feature": "green_ratio", "top2_shap": -0.6752, "top3_feature": "ndvi", "top3_shap": -0.6442, "priority_score": 37.4747, "priority_rank": 334 }, "geometry": { "type": "Polygon", "coordinates": [ [ [ 126.821194303941553, 37.500065844597422 ], [ 126.82121470126863, 37.497812586071738 ], [ 126.818386612030039, 37.497796301716697 ], [ 126.818377213690084, 37.498830244353421 ], [ 126.81891217, 37.4987489 ], [ 126.81933788000002, 37.49901986 ], [ 126.81944973, 37.49909126 ], [ 126.81955259, 37.49915985 ], [ 126.81963993, 37.49921066 ], [ 126.81962965, 37.49922443 ], [ 126.81960924, 37.49925764000001 ], [ 126.81959461000001, 37.4993128 ], [ 126.81951743, 37.49959397 ], [ 126.81946661, 37.49978393 ], [ 126.819442290000012, 37.49997002 ], [ 126.819431432600339, 37.500055701281909 ], [ 126.821194303941553, 37.500065844597422 ] ] ] } },
{ "type": "Feature", "properties": { "nearest_shelter_name": "수궁분회경로당", "nearest_shelter_addr": "서울특별시 구로구 부일로9길 111 (온수동)", "nearest_shelter_lon": 126.823233, "nearest_shelter_lat": 37.496748, "member_grid_ids": ["11530_01379", "11530_01380", "11530_01381", "11530_01447", "11530_01448", "11530_01449", "11530_01514", "11530_01515", "11530_01516"], "display_grid_id": "11530_00248", "gu_code": 11530, "gu_name": "구로구", "source_cell_count": 15, "area_m2": 62500.0, "mean_actual_lst": 34.3517, "mean_actual_anomaly": -4.1376, "seoul_anomaly": -2.8894, "pred_anomaly": -2.3547, "pred_anomaly_std": 0.7611, "green_delta_c": -0.5038, "building_ratio": 0.062, "green_ratio": 0.5945, "ndvi": 0.4295, "impervious_ratio": 0.2404, "built_surface_ratio": 0.2404, "avg_ground_floor_count": 0.96, "elevation_m": 62.5133, "albedo": 0.141, "nearest_park_distance_m": 391.484, "park_area_within_500m": 13196.8036, "nearest_stream_distance_m": 1162.4232, "est_population_density": 1761.6, "dong_elderly_ratio": 0.2188, "dong_avg_age": 44.8, "dong_pop_density": 8657.5, "nearest_shelter_distance_m": 171.66, "shelter_count_within_500m": 3.0, "est_population": 110.1, "est_elderly": 24.1, "shelter_capacity_within_500m": 3218.8, "building_form_group": "no_building", "dong_name": "수궁동", "top1_feature": "building_ratio", "top1_shap": -0.7649, "top2_feature": "impervious_ratio", "top2_shap": -0.1483, "top3_feature": "green_ratio", "top3_shap": -0.4749, "priority_score": 40.4167, "priority_rank": 300 }, "geometry": { "type": "Polygon", "coordinates": [ [ [ 126.82121470126863, 37.497812586071738 ], [ 126.821194303941553, 37.500065844597422 ], [ 126.824022480418861, 37.500082062567749 ], [ 126.8240427927783, 37.497828802729757 ], [ 126.82121470126863, 37.497812586071738 ] ] ] } },
{ "type": "Feature", "properties": { "nearest_shelter_name": "수궁분회경로당", "nearest_shelter_addr": "서울특별시 구로구 부일로9길 111 (온수동)", "nearest_shelter_lon": 126.823233, "nearest_shelter_lat": 37.496748, "member_grid_ids": ["11530_01381", "11530_01382", "11530_01383", "11530_01449", "11530_01450", "11530_01451", "11530_01517", "11530_01518"], "display_grid_id": "11530_00249", "gu_code": 11530, "gu_name": "구로구", "source_cell_count": 12, "area_m2": 62500.0, "mean_actual_lst": 33.2861, "mean_actual_anomaly": -5.0399, "seoul_anomaly": -3.7917, "pred_anomaly": -3.0355, "pred_anomaly_std": 0.7716, "green_delta_c": -0.6825, "building_ratio": 0.0635, "green_ratio": 0.6471, "ndvi": 0.4037, "impervious_ratio": 0.164, "built_surface_ratio": 0.164, "avg_ground_floor_count": 1.9786, "elevation_m": 63.0698, "albedo": 0.1448, "nearest_park_distance_m": 337.704, "park_area_within_500m": 21862.318, "nearest_stream_distance_m": 994.2952, "est_population_density": 5021.6, "dong_elderly_ratio": 0.2188, "dong_avg_age": 44.8, "dong_pop_density": 8657.5, "nearest_shelter_distance_m": 184.28, "shelter_count_within_500m": 4.76, "est_population": 313.8, "est_elderly": 68.6, "shelter_capacity_within_500m": 6333.8, "building_form_group": "no_building", "dong_name": "수궁동", "top1_feature": "building_ratio", "top1_shap": -0.8982, "top2_feature": "impervious_ratio", "top2_shap": -0.3993, "top3_feature": "green_ratio", "top3_shap": -0.4852, "priority_score": 45.846, "priority_rank": 230 }, "geometry": { "type": "Polygon", "coordinates": [ [ [ 126.8240427927783, 37.497828802729757 ], [ 126.824022480418861, 37.500082062567749 ], [ 126.826850659158083, 37.500098212835447 ], [ 126.826870886549628, 37.497844951690652 ], [ 126.8240427927783, 37.497828802729757 ] ] ] } },
{ "type": "Feature", "properties": { "nearest_shelter_name": "궁동종합사회복지관", "nearest_shelter_addr": "서울특별시 구로구 오리로22길 5 (궁동)", "nearest_shelter_lon": 126.829814, "nearest_shelter_lat": 37.499168, "member_grid_ids": ["11530_01384", "11530_01385", "11530_01386", "11530_01452", "11530_01453", "11530_01454", "11530_01519", "11530_01520", "11530_01521"], "display_grid_id": "11530_00250", "gu_code": 11530, "gu_name": "구로구", "source_cell_count": 16, "area_m2": 62500.0, "mean_actual_lst": 38.6123, "mean_actual_anomaly": 0.3461, "seoul_anomaly": 1.5943, "pred_anomaly": 2.7616, "pred_anomaly_std": 0.7101, "green_delta_c": -0.1916, "building_ratio": 0.2607, "green_ratio": 0.2464, "ndvi": 0.1476, "impervious_ratio": 0.4571, "built_surface_ratio": 0.4571, "avg_ground_floor_count": 4.3059, "elevation_m": 31.95, "albedo": 0.1307, "nearest_park_distance_m": 106.756, "park_area_within_500m": 37439.704, "nearest_stream_distance_m": 852.0828, "est_population_density": 27731.2, "dong_elderly_ratio": 0.2188, "dong_avg_age": 44.8, "dong_pop_density": 8657.5, "nearest_shelter_distance_m": 12.34, "shelter_count_within_500m": 4.04, "est_population": 1733.2, "est_elderly": 379.1, "shelter_capacity_within_500m": 5776.3, "building_form_group": "high_floor_high_density", "dong_name": "수궁동", "top1_feature": "building_ratio", "top1_shap": 0.5981, "top2_feature": "impervious_ratio", "top2_shap": 0.4455, "top3_feature": "ndvi", "top3_shap": 0.313, "priority_score": 51.2121, "priority_rank": 177 }, "geometry": { "type": "Polygon", "coordinates": [ [ [ 126.826870886549628, 37.497844951690652 ], [ 126.826850659158083, 37.500098212835447 ], [ 126.829678840149754, 37.500114295400337 ], [ 126.829698982573106, 37.497861032954198 ], [ 126.826870886549628, 37.497844951690652 ] ] ] } },
{ "type": "Feature", "properties": { "nearest_shelter_name": "궁동종합사회복지관", "nearest_shelter_addr": "서울특별시 구로구 오리로22길 5 (궁동)", "nearest_shelter_lon": 126.829814, "nearest_shelter_lat": 37.499168, "member_grid_ids": ["11530_01386", "11530_01387", "11530_01388", "11530_01454", "11530_01455", "11530_01456", "11530_01522", "11530_01523"], "display_grid_id": "11530_00251", "gu_code": 11530, "gu_name": "구로구", "source_cell_count": 13, "area_m2": 62500.0, "mean_actual_lst": 37.9211, "mean_actual_anomaly": -0.2349, "seoul_anomaly": 1.0133, "pred_anomaly": 1.5707, "pred_anomaly_std": 0.7658, "green_delta_c": -0.4547, "building_ratio": 0.2595, "green_ratio": 0.3425, "ndvi": 0.2045, "impervious_ratio": 0.3452, "built_surface_ratio": 0.3452, "avg_ground_floor_count": 4.6181, "elevation_m": 37.4711, "albedo": 0.1193, "nearest_park_distance_m": 86.3912, "park_area_within_500m": 33230.0376, "nearest_stream_distance_m": 776.842, "est_population_density": 28056.8, "dong_elderly_ratio": 0.2188, "dong_avg_age": 44.8, "dong_pop_density": 8657.5, "nearest_shelter_distance_m": 12.34, "shelter_count_within_500m": 4.04, "est_population": 1753.6, "est_elderly": 383.6, "shelter_capacity_within_500m": 4747.3, "building_form_group": "high_floor_high_density", "dong_name": "수궁동", "top1_feature": "building_ratio", "top1_shap": 0.3825, "top2_feature": "impervious_ratio", "top2_shap": 0.3447, "top3_feature": "green_ratio", "top3_shap": -0.184, "priority_score": 52.2664, "priority_rank": 164 }, "geometry": { "type": "Polygon", "coordinates": [ [ [ 126.829698982573106, 37.497861032954198 ], [ 126.829678840149754, 37.500114295400337 ], [ 126.832507023384395, 37.500130310262257 ], [ 126.832527080839341, 37.497877046520259 ], [ 126.829698982573106, 37.497861032954198 ] ] ] } },
{ "type": "Feature", "properties": { "nearest_shelter_name": "오류1동동산경로당", "nearest_shelter_addr": "서울특별시 구로구 고척로3길 85 (구립동산경로당)", "nearest_shelter_lon": 126.836885, "nearest_shelter_lat": 37.497733, "member_grid_ids": ["11530_01389", "11530_01390", "11530_01391", "11530_01457", "11530_01458", "11530_01459", "11530_01524", "11530_01525", "11530_01526"], "display_grid_id": "11530_00252", "gu_code": 11530, "gu_name": "구로구", "source_cell_count": 10, "area_m2": 62500.0, "mean_actual_lst": 34.0719, "mean_actual_anomaly": -4.3442, "seoul_anomaly": -3.0959, "pred_anomaly": -3.302, "pred_anomaly_std": 0.7601, "green_delta_c": -0.8203, "building_ratio": 0.027, "green_ratio": 0.6914, "ndvi": 0.4342, "impervious_ratio": 0.1353, "built_surface_ratio": 0.1353, "avg_ground_floor_count": 0.9982, "elevation_m": 72.9474, "albedo": 0.1334, "nearest_park_distance_m": 320.316, "park_area_within_500m": 11014.5484, "nearest_stream_distance_m": 745.6116, "est_population_density": 1856.8, "dong_elderly_ratio": 0.2162, "dong_avg_age": 44.68, "dong_pop_density": 13205.06, "nearest_shelter_distance_m": 151.57, "shelter_count_within_500m": 6.56, "est_population": 116.0, "est_elderly": 25.1, "shelter_capacity_within_500m": 3778.7, "building_form_group": "no_building", "dong_name": "수궁동", "top1_feature": "building_ratio", "top1_shap": -1.0204, "top2_feature": "impervious_ratio", "top2_shap": -0.4987, "top3_feature": "built_surface_ratio", "top3_shap": -0.4948, "priority_score": 44.8485, "priority_rank": 240 }, "geometry": { "type": "Polygon", "coordinates": [ [ [ 126.832527080839341, 37.497877046520259 ], [ 126.832507023384395, 37.500130310262257 ], [ 126.835335208852541, 37.500146257421044 ], [ 126.835355181338798, 37.497892992388671 ], [ 126.832527080839341, 37.497877046520259 ] ] ] } },
{ "type": "Feature", "properties": { "nearest_shelter_name": "동부골든(아)서부경로당", "nearest_shelter_addr": "서울특별시 구로구 고척로 49 (동부골든아파트)", "nearest_shelter_lon": 126.83803, "nearest_shelter_lat": 37.499022, "member_grid_ids": ["11530_01391", "11530_01392", "11530_01393", "11530_01459", "11530_01460", "11530_01461", "11530_01527", "11530_01528"], "display_grid_id": "11530_00253", "gu_code": 11530, "gu_name": "구로구", "source_cell_count": 14, "area_m2": 62500.0, "mean_actual_lst": 34.7471, "mean_actual_anomaly": -3.9026, "seoul_anomaly": -2.6543, "pred_anomaly": -1.5676, "pred_anomaly_std": 0.82, "green_delta_c": -0.3693, "building_ratio": 0.0892, "green_ratio": 0.5334, "ndvi": 0.3895, "impervious_ratio": 0.297, "built_surface_ratio": 0.297, "avg_ground_floor_count": 4.6391, "elevation_m": 73.1241, "albedo": 0.1511, "nearest_park_distance_m": 524.3104, "park_area_within_500m": 1038.7452, "nearest_stream_distance_m": 708.3244, "est_population_density": 9404.0, "dong_elderly_ratio": 0.2057, "dong_avg_age": 44.2, "dong_pop_density": 31395.3, "nearest_shelter_distance_m": 45.72, "shelter_count_within_500m": 9.76, "est_population": 587.8, "est_elderly": 120.9, "shelter_capacity_within_500m": 1012.8, "building_form_group": "high_floor_low_density", "dong_name": "오류1동", "top1_feature": "building_ratio", "top1_shap": -0.2789, "top2_feature": "ndvi", "top2_shap": -0.5198, "top3_feature": "green_ratio", "top3_shap": -0.5182, "priority_score": 35.3409, "priority_rank": 354 }, "geometry": { "type": "Polygon", "coordinates": [ [ [ 126.835355181338798, 37.497892992388671 ], [ 126.835335208852541, 37.500146257421044 ], [ 126.838163396544772, 37.50016213687654 ], [ 126.838183284062069, 37.49790887055925 ], [ 126.835355181338798, 37.497892992388671 ] ] ] } },
{ "type": "Feature", "properties": { "nearest_shelter_name": "한신플러스(아)경로당", "nearest_shelter_addr": "서울특별시 구로구 고척로 52 (한신플러스타운 상가동)", "nearest_shelter_lon": 126.841208, "nearest_shelter_lat": 37.498389, "member_grid_ids": ["11530_01394", "11530_01395", "11530_01396", "11530_01462", "11530_01463", "11530_01464", "11530_01529", "11530_01530", "11530_01531"], "display_grid_id": "11530_00254", "gu_code": 11530, "gu_name": "구로구", "source_cell_count": 13, "area_m2": 62500.0, "mean_actual_lst": 36.5907, "mean_actual_anomaly": -1.9302, "seoul_anomaly": -0.682, "pred_anomaly": -0.2392, "pred_anomaly_std": 0.7695, "green_delta_c": -0.3025, "building_ratio": 0.1718, "green_ratio": 0.3425, "ndvi": 0.2566, "impervious_ratio": 0.3927, "built_surface_ratio": 0.3927, "avg_ground_floor_count": 14.3492, "elevation_m": 66.127, "albedo": 0.1177, "nearest_park_distance_m": 416.206, "park_area_within_500m": 5704.8524, "nearest_stream_distance_m": 683.838, "est_population_density": 55991.6, "dong_elderly_ratio": 0.2084, "dong_avg_age": 44.38, "dong_pop_density": 30217.52, "nearest_shelter_distance_m": 17.79, "shelter_count_within_500m": 16.0, "est_population": 3499.5, "est_elderly": 721.8, "shelter_capacity_within_500m": 1784.0, "building_form_group": "high_floor_low_density", "dong_name": "오류1동", "top1_feature": "avg_ground_floor_count", "top1_shap": -0.4058, "top2_feature": "impervious_ratio", "top2_shap": 0.293, "top3_feature": "building_ratio", "top3_shap": 0.0406, "priority_score": 41.3447, "priority_rank": 289 }, "geometry": { "type": "Polygon", "coordinates": [ [ [ 126.838183284062069, 37.49790887055925 ], [ 126.838163396544772, 37.50016213687654 ], [ 126.84099158645158, 37.500177948628554 ], [ 126.841011388999704, 37.497924681031861 ], [ 126.838183284062069, 37.49790887055925 ] ] ] } },
{ "type": "Feature", "properties": { "nearest_shelter_name": "한신플러스(아)경로당", "nearest_shelter_addr": "서울특별시 구로구 고척로 52 (한신플러스타운 상가동)", "nearest_shelter_lon": 126.841208, "nearest_shelter_lat": 37.498389, "member_grid_ids": ["11530_01396", "11530_01397", "11530_01398", "11530_01464", "11530_01465", "11530_01466", "11530_01532", "11530_01533"], "display_grid_id": "11530_00255", "gu_code": 11530, "gu_name": "구로구", "source_cell_count": 12, "area_m2": 62500.0, "mean_actual_lst": 38.762, "mean_actual_anomaly": 0.3642, "seoul_anomaly": 1.6124, "pred_anomaly": 1.7903, "pred_anomaly_std": 0.7965, "green_delta_c": -0.4419, "building_ratio": 0.2869, "green_ratio": 0.2858, "ndvi": 0.1994, "impervious_ratio": 0.4176, "built_surface_ratio": 0.4176, "avg_ground_floor_count": 7.457, "elevation_m": 45.385, "albedo": 0.1243, "nearest_park_distance_m": 254.014, "park_area_within_500m": 37154.1884, "nearest_stream_distance_m": 644.102, "est_population_density": 38116.4, "dong_elderly_ratio": 0.2084, "dong_avg_age": 44.38, "dong_pop_density": 30217.52, "nearest_shelter_distance_m": 17.79, "shelter_count_within_500m": 20.88, "est_population": 2382.3, "est_elderly": 499.0, "shelter_capacity_within_500m": 3823.0, "building_form_group": "low_floor_high_density", "dong_name": "오류1동", "top1_feature": "building_ratio", "top1_shap": 0.6184, "top2_feature": "impervious_ratio", "top2_shap": 0.386, "top3_feature": "built_surface_ratio", "top3_shap": 0.2303, "priority_score": 57.4621, "priority_rank": 113 }, "geometry": { "type": "Polygon", "coordinates": [ [ [ 126.841011388999704, 37.497924681031861 ], [ 126.84099158645158, 37.500177948628554 ], [ 126.843819778563557, 37.500193692676959 ], [ 126.843839496142195, 37.497940423806305 ], [ 126.841011388999704, 37.497924681031861 ] ] ] } },
{ "type": "Feature", "properties": { "nearest_shelter_name": "거성2차푸르뫼(아)경로당", "nearest_shelter_addr": "서울특별시 구로구 고척로 82 (거성푸르뫼2차아파트 상가B동)", "nearest_shelter_lon": 126.84374, "nearest_shelter_lat": 37.500185, "member_grid_ids": ["11530_01399", "11530_01400", "11530_01401", "11530_01467", "11530_01468", "11530_01469", "11530_01534", "11530_01535", "11530_01536"], "display_grid_id": "11530_00256", "gu_code": 11530, "gu_name": "구로구", "source_cell_count": 14, "area_m2": 62500.0, "mean_actual_lst": 39.4471, "mean_actual_anomaly": 0.9442, "seoul_anomaly": 2.1925, "pred_anomaly": 3.3947, "pred_anomaly_std": 0.7748, "green_delta_c": -0.2862, "building_ratio": 0.3852, "green_ratio": 0.2424, "ndvi": 0.1201, "impervious_ratio": 0.4365, "built_surface_ratio": 0.4365, "avg_ground_floor_count": 3.047, "elevation_m": 37.0884, "albedo": 0.1227, "nearest_park_distance_m": 106.7672, "park_area_within_500m": 68603.4568, "nearest_stream_distance_m": 563.2492, "est_population_density": 26852.0, "dong_elderly_ratio": 0.2117, "dong_avg_age": 44.596, "dong_pop_density": 28804.184, "nearest_shelter_distance_m": 57.07, "shelter_count_within_500m": 21.32, "est_population": 1678.2, "est_elderly": 353.8, "shelter_capacity_within_500m": 4297.5, "building_form_group": "low_floor_high_density", "dong_name": "오류1동", "top1_feature": "building_ratio", "top1_shap": 0.9747, "top2_feature": "impervious_ratio", "top2_shap": 0.4154, "top3_feature": "ndvi", "top3_shap": 0.354, "priority_score": 55.846, "priority_rank": 129 }, "geometry": { "type": "Polygon", "coordinates": [ [ [ 126.843839496142195, 37.497940423806305 ], [ 126.843819778563557, 37.500193692676959 ], [ 126.846647972871224, 37.500209369021555 ], [ 126.846667605480107, 37.49795609888244 ], [ 126.843839496142195, 37.497940423806305 ] ] ] } },
{ "type": "Feature", "properties": { "nearest_shelter_name": "개봉푸르지오(아)경로당", "nearest_shelter_addr": "서울특별시 구로구 남부순환로 775 (개봉푸르지오 상가105동)", "nearest_shelter_lon": 126.847957, "nearest_shelter_lat": 37.500653, "member_grid_ids": ["11530_01401", "11530_01402", "11530_01403", "11530_01469", "11530_01470", "11530_01471", "11530_01537", "11530_01538"], "display_grid_id": "11530_00257", "gu_code": 11530, "gu_name": "구로구", "source_cell_count": 14, "area_m2": 62500.0, "mean_actual_lst": 38.2563, "mean_actual_anomaly": -0.0929, "seoul_anomaly": 1.1553, "pred_anomaly": 1.9485, "pred_anomaly_std": 0.7991, "green_delta_c": -0.181, "building_ratio": 0.2099, "green_ratio": 0.215, "ndvi": 0.1291, "impervious_ratio": 0.5068, "built_surface_ratio": 0.5068, "avg_ground_floor_count": 10.9046, "elevation_m": 22.9068, "albedo": 0.1238, "nearest_park_distance_m": 76.8144, "park_area_within_500m": 91664.6832, "nearest_stream_distance_m": 506.1844, "est_population_density": 34182.4, "dong_elderly_ratio": 0.2183, "dong_avg_age": 45.028, "dong_pop_density": 25977.512, "nearest_shelter_distance_m": 51.01, "shelter_count_within_500m": 16.12, "est_population": 2136.4, "est_elderly": 465.3, "shelter_capacity_within_500m": 4842.0, "building_form_group": "low_floor_high_density", "dong_name": "개봉1동", "top1_feature": "impervious_ratio", "top1_shap": 0.5005, "top2_feature": "avg_ground_floor_count", "top2_shap": -0.4039, "top3_feature": "building_ratio", "top3_shap": 0.3295, "priority_score": 52.8535, "priority_rank": 156 }, "geometry": { "type": "Polygon", "coordinates": [ [ [ 126.846667605480107, 37.49795609888244 ], [ 126.846647972871224, 37.500209369021555 ], [ 126.84947616936509, 37.500224977662221 ], [ 126.849495717003975, 37.497971706260103 ], [ 126.846667605480107, 37.49795609888244 ] ] ] } },
{ "type": "Feature", "properties": { "nearest_shelter_name": "개봉1동주민센터", "nearest_shelter_addr": "서울특별시 구로구 경인로33길 51", "nearest_shelter_lon": 126.851117, "nearest_shelter_lat": 37.50021, "member_grid_ids": ["11530_01404", "11530_01405", "11530_01406", "11530_01472", "11530_01473", "11530_01474", "11530_01539", "11530_01540", "11530_01541"], "display_grid_id": "11530_00258", "gu_code": 11530, "gu_name": "구로구", "source_cell_count": 10, "area_m2": 62500.0, "mean_actual_lst": 40.2452, "mean_actual_anomaly": 1.6343, "seoul_anomaly": 2.8825, "pred_anomaly": 2.825, "pred_anomaly_std": 0.6944, "green_delta_c": -0.3097, "building_ratio": 0.3038, "green_ratio": 0.2551, "ndvi": 0.1331, "impervious_ratio": 0.4345, "built_surface_ratio": 0.4345, "avg_ground_floor_count": 4.245, "elevation_m": 19.2485, "albedo": 0.1272, "nearest_park_distance_m": 154.9544, "park_area_within_500m": 167211.5152, "nearest_stream_distance_m": 484.1776, "est_population_density": 23997.2, "dong_elderly_ratio": 0.2199, "dong_avg_age": 45.132, "dong_pop_density": 25509.908, "nearest_shelter_distance_m": 5.64, "shelter_count_within_500m": 12.04, "est_population": 1499.8, "est_elderly": 330.2, "shelter_capacity_within_500m": 3032.5, "building_form_group": "high_floor_high_density", "dong_name": "개봉1동", "top1_feature": "building_ratio", "top1_shap": 0.5987, "top2_feature": "impervious_ratio", "top2_shap": 0.4552, "top3_feature": "ndvi", "top3_shap": 0.4124, "priority_score": 58.5606, "priority_rank": 107 }, "geometry": { "type": "Polygon", "coordinates": [ [ [ 126.849495717003975, 37.497971706260103 ], [ 126.84947616936509, 37.500224977662221 ], [ 126.852304368035689, 37.500240518598758 ], [ 126.852323830704364, 37.497987245939136 ], [ 126.849495717003975, 37.497971706260103 ] ] ] } },
{ "type": "Feature", "properties": { "nearest_shelter_name": "개봉1동경로당", "nearest_shelter_addr": "서울특별시 구로구 경인로35길 40-1 (경로당)", "nearest_shelter_lon": 126.854011, "nearest_shelter_lat": 37.499108, "member_grid_ids": ["11530_01406", "11530_01407", "11530_01408", "11530_01474", "11530_01475", "11530_01476", "11530_01542", "11530_01543"], "display_grid_id": "11530_00259", "gu_code": 11530, "gu_name": "구로구", "source_cell_count": 12, "area_m2": 62500.0, "mean_actual_lst": 42.0272, "mean_actual_anomaly": 3.2853, "seoul_anomaly": 4.5335, "pred_anomaly": 3.8714, "pred_anomaly_std": 0.5939, "green_delta_c": -0.3233, "building_ratio": 0.4156, "green_ratio": 0.2461, "ndvi": 0.1151, "impervious_ratio": 0.4436, "built_surface_ratio": 0.4436, "avg_ground_floor_count": 2.9532, "elevation_m": 20.7896, "albedo": 0.1311, "nearest_park_distance_m": 53.9376, "park_area_within_500m": 239480.0072, "nearest_stream_distance_m": 504.8608, "est_population_density": 29409.2, "dong_elderly_ratio": 0.2199, "dong_avg_age": 45.132, "dong_pop_density": 25509.908, "nearest_shelter_distance_m": 56.66, "shelter_count_within_500m": 12.2, "est_population": 1838.1, "est_elderly": 404.2, "shelter_capacity_within_500m": 2367.0, "building_form_group": "low_floor_high_density", "dong_name": "개봉1동", "top1_feature": "building_ratio", "top1_shap": 1.1277, "top2_feature": "ndvi", "top2_shap": 0.4637, "top3_feature": "impervious_ratio", "top3_shap": 0.4542, "priority_score": 64.1351, "priority_rank": 60 }, "geometry": { "type": "Polygon", "coordinates": [ [ [ 126.852323830704364, 37.497987245939136 ], [ 126.852304368035689, 37.500240518598758 ], [ 126.855132568873614, 37.500255991831018 ], [ 126.855151946571809, 37.498002717919363 ], [ 126.852323830704364, 37.497987245939136 ] ] ] } },
{ "type": "Feature", "properties": { "nearest_shelter_name": "송암경로당", "nearest_shelter_addr": "서울특별시 구로구 고척로52길 115", "nearest_shelter_lon": 126.855662, "nearest_shelter_lat": 37.499884, "member_grid_ids": ["11530_01409", "11530_01410", "11530_01411", "11530_01477", "11530_01478", "11530_01479", "11530_01544", "11530_01545", "11530_01546"], "display_grid_id": "11530_00260", "gu_code": 11530, "gu_name": "구로구", "source_cell_count": 12, "area_m2": 62500.0, "mean_actual_lst": 40.4967, "mean_actual_anomaly": 1.9216, "seoul_anomaly": 3.1698, "pred_anomaly": 2.5281, "pred_anomaly_std": 0.6665, "green_delta_c": -0.1673, "building_ratio": 0.2897, "green_ratio": 0.2417, "ndvi": 0.1071, "impervious_ratio": 0.4352, "built_surface_ratio": 0.4352, "avg_ground_floor_count": 9.1478, "elevation_m": 23.73, "albedo": 0.1209, "nearest_park_distance_m": 38.4624, "park_area_within_500m": 324114.8392, "nearest_stream_distance_m": 545.61, "est_population_density": 14015.2, "dong_elderly_ratio": 0.2234, "dong_avg_age": 44.932, "dong_pop_density": 21327.82, "nearest_shelter_distance_m": 41.79, "shelter_count_within_500m": 13.64, "est_population": 875.9, "est_elderly": 195.0, "shelter_capacity_within_500m": 1473.0, "building_form_group": "high_floor_low_density", "dong_name": "고척1동", "top1_feature": "building_ratio", "top1_shap": 0.5522, "top2_feature": "ndvi", "top2_shap": 0.4487, "top3_feature": "impervious_ratio", "top3_shap": 0.414, "priority_score": 49.6591, "priority_rank": 191 }, "geometry": { "type": "Polygon", "coordinates": [ [ [ 126.855151946571809, 37.498002717919363 ], [ 126.855132568873614, 37.500255991831018 ], [ 126.857960771869372, 37.500271397358858 ], [ 126.857980064596816, 37.498018122200627 ], [ 126.855151946571809, 37.498002717919363 ] ] ] } },
{ "type": "Feature", "properties": { "nearest_shelter_name": "고척아이파크MD", "nearest_shelter_addr": "서울특별시 구로구 경인로43길 49 (고척아이파크)", "nearest_shelter_lon": 126.859521, "nearest_shelter_lat": 37.498327, "member_grid_ids": ["11530_01411", "11530_01412", "11530_01413", "11530_01479", "11530_01480", "11530_01481", "11530_01547", "11530_01548"], "display_grid_id": "11530_00261", "gu_code": 11530, "gu_name": "구로구", "source_cell_count": 14, "area_m2": 62500.0, "mean_actual_lst": 40.5289, "mean_actual_anomaly": 2.0322, "seoul_anomaly": 3.2804, "pred_anomaly": 2.0588, "pred_anomaly_std": 0.8864, "green_delta_c": -0.2217, "building_ratio": 0.2689, "green_ratio": 0.2672, "ndvi": 0.1099, "impervious_ratio": 0.3554, "built_surface_ratio": 0.3554, "avg_ground_floor_count": 14.4777, "elevation_m": 15.505, "albedo": 0.1286, "nearest_park_distance_m": 3.0512, "park_area_within_500m": 265779.3536, "nearest_stream_distance_m": 607.3636, "est_population_density": 24.8, "dong_elderly_ratio": 0.2242, "dong_avg_age": 44.9, "dong_pop_density": 20531.9, "nearest_shelter_distance_m": 40.07, "shelter_count_within_500m": 16.2, "est_population": 1.6, "est_elderly": 0.4, "shelter_capacity_within_500m": 995.0, "building_form_group": "low_floor_low_density", "dong_name": "고척1동", "top1_feature": "building_ratio", "top1_shap": 0.4753, "top2_feature": "avg_ground_floor_count", "top2_shap": -0.3515, "top3_feature": "ndvi", "top3_shap": 0.4063, "priority_score": 41.8561, "priority_rank": 283 }, "geometry": { "type": "Polygon", "coordinates": [ [ [ 126.857980064596816, 37.498018122200627 ], [ 126.857960771869372, 37.500271397358858 ], [ 126.860788977013513, 37.500286735182094 ], [ 126.860808184769937, 37.4980334587828 ], [ 126.857980064596816, 37.498018122200627 ] ] ] } },
{ "type": "Feature", "properties": { "nearest_shelter_name": "고척1동주민센터", "nearest_shelter_addr": "서울특별시 구로구 중앙로3길 18-8", "nearest_shelter_lon": 126.862775, "nearest_shelter_lat": 37.500368, "member_grid_ids": ["11530_01414", "11530_01415", "11530_01416", "11530_01482", "11530_01483", "11530_01484", "11530_01549", "11530_01550", "11530_01551"], "display_grid_id": "11530_00262", "gu_code": 11530, "gu_name": "구로구", "source_cell_count": 13, "area_m2": 62500.0, "mean_actual_lst": 41.3985, "mean_actual_anomaly": 2.7933, "seoul_anomaly": 4.0416, "pred_anomaly": 2.9026, "pred_anomaly_std": 0.7005, "green_delta_c": -0.2758, "building_ratio": 0.3173, "green_ratio": 0.221, "ndvi": 0.1492, "impervious_ratio": 0.46, "built_surface_ratio": 0.46, "avg_ground_floor_count": 5.8996, "elevation_m": 18.6075, "albedo": 0.1245, "nearest_park_distance_m": 117.6264, "park_area_within_500m": 173310.4908, "nearest_stream_distance_m": 600.1908, "est_population_density": 0.0, "dong_elderly_ratio": 0.2242, "dong_avg_age": 44.9, "dong_pop_density": 20531.9, "nearest_shelter_distance_m": 26.78, "shelter_count_within_500m": 15.72, "est_population": 0.0, "est_elderly": 0.0, "shelter_capacity_within_500m": 655.5, "building_form_group": "high_floor_high_density", "dong_name": "고척1동", "top1_feature": "building_ratio", "top1_shap": 0.7224, "top2_feature": "impervious_ratio", "top2_shap": 0.461, "top3_feature": "ndvi", "top3_shap": 0.2901, "priority_score": 43.3144, "priority_rank": 264 }, "geometry": { "type": "Polygon", "coordinates": [ [ [ 126.860808184769937, 37.4980334587828 ], [ 126.860788977013513, 37.500286735182094 ], [ 126.863617184296572, 37.500302005300576 ], [ 126.863636307081734, 37.498048727665676 ], [ 126.860808184769937, 37.4980334587828 ] ] ] } },
{ "type": "Feature", "properties": { "nearest_shelter_name": "동아한신(아)경로당", "nearest_shelter_addr": "서울특별시 구로구 중앙로6길 17 (고척동 동아한신아파트 상가동)", "nearest_shelter_lon": 126.864898, "nearest_shelter_lat": 37.501181, "member_grid_ids": ["11530_01416", "11530_01417", "11530_01418", "11530_01484", "11530_01485", "11530_01486", "11530_01552", "11530_01553"], "display_grid_id": "11530_00263", "gu_code": 11530, "gu_name": "구로구", "source_cell_count": 13, "area_m2": 62500.0, "mean_actual_lst": 39.9743, "mean_actual_anomaly": 1.294, "seoul_anomaly": 2.5422, "pred_anomaly": 2.6809, "pred_anomaly_std": 0.6349, "green_delta_c": -0.0786, "building_ratio": 0.2837, "green_ratio": 0.2165, "ndvi": 0.1152, "impervious_ratio": 0.4908, "built_surface_ratio": 0.4908, "avg_ground_floor_count": 5.8655, "elevation_m": 18.0414, "albedo": 0.1278, "nearest_park_distance_m": 245.8136, "park_area_within_500m": 67227.3532, "nearest_stream_distance_m": 404.558, "est_population_density": 4043.2, "dong_elderly_ratio": 0.2242, "dong_avg_age": 44.9, "dong_pop_density": 20531.9, "nearest_shelter_distance_m": 97.74, "shelter_count_within_500m": 11.48, "est_population": 252.7, "est_elderly": 56.6, "shelter_capacity_within_500m": 803.5, "building_form_group": "high_floor_high_density", "dong_name": "고척1동", "top1_feature": "building_ratio", "top1_shap": 0.5676, "top2_feature": "impervious_ratio", "top2_shap": 0.4688, "top3_feature": "ndvi", "top3_shap": 0.4207, "priority_score": 49.4192, "priority_rank": 197 }, "geometry": { "type": "Polygon", "coordinates": [ [ [ 126.863636307081734, 37.498048727665676 ], [ 126.863617184296572, 37.500302005300576 ], [ 126.866445393709071, 37.500317207714147 ], [ 126.866464431522758, 37.49806392884912 ], [ 126.863636307081734, 37.498048727665676 ] ] ] } },
{ "type": "Feature", "properties": { "nearest_shelter_name": "고척경로당", "nearest_shelter_addr": "서울특별시 구로구 안양천로537다길 30 (고척동)", "nearest_shelter_lon": 126.868476, "nearest_shelter_lat": 37.501949, "member_grid_ids": ["11530_01419", "11530_01420", "11530_01421", "11530_01487", "11530_01488", "11530_01489", "11530_01554", "11530_01555", "11530_01556"], "display_grid_id": "11530_00264", "gu_code": 11530, "gu_name": "구로구", "source_cell_count": 14, "area_m2": 62500.0, "mean_actual_lst": 40.2182, "mean_actual_anomaly": 1.4976, "seoul_anomaly": 2.7458, "pred_anomaly": 2.6704, "pred_anomaly_std": 0.9977, "green_delta_c": -0.2324, "building_ratio": 0.3796, "green_ratio": 0.1976, "ndvi": 0.0637, "impervious_ratio": 0.5002, "built_surface_ratio": 0.5002, "avg_ground_floor_count": 3.8326, "elevation_m": 17.7071, "albedo": 0.1844, "nearest_park_distance_m": 409.9336, "park_area_within_500m": 8037.596, "nearest_stream_distance_m": 154.6004, "est_population_density": 29568.0, "dong_elderly_ratio": 0.2223, "dong_avg_age": 45.492, "dong_pop_density": 20578.268, "nearest_shelter_distance_m": 182.46, "shelter_count_within_500m": 7.28, "est_population": 1848.0, "est_elderly": 414.3, "shelter_capacity_within_500m": 873.8, "building_form_group": "high_floor_high_density", "dong_name": "고척1동", "top1_feature": "building_ratio", "top1_shap": 0.5298, "top2_feature": "ndvi", "top2_shap": 0.4521, "top3_feature": "impervious_ratio", "top3_shap": 0.3999, "priority_score": 65.9596, "priority_rank": 53 }, "geometry": { "type": "Polygon", "coordinates": [ [ [ 126.866464431522758, 37.49806392884912 ], [ 126.866445393709071, 37.500317207714147 ], [ 126.86927360524156, 37.500332342422652 ], [ 126.869292558083501, 37.498079062332977 ], [ 126.866464431522758, 37.49806392884912 ] ] ] } },
{ "type": "Feature", "properties": { "nearest_shelter_name": "고척경로당", "nearest_shelter_addr": "서울특별시 구로구 안양천로537다길 30 (고척동)", "nearest_shelter_lon": 126.868476, "nearest_shelter_lat": 37.501949, "member_grid_ids": ["11530_01421", "11530_01422", "11530_01423", "11530_01489", "11530_01490", "11530_01491", "11530_01557", "11530_01558"], "display_grid_id": "11530_00265", "gu_code": 11530, "gu_name": "구로구", "source_cell_count": 12, "area_m2": 62500.0, "mean_actual_lst": 38.6996, "mean_actual_anomaly": 0.0124, "seoul_anomaly": 1.2606, "pred_anomaly": 0.1823, "pred_anomaly_std": 1.0744, "green_delta_c": -0.4215, "building_ratio": 0.1913, "green_ratio": 0.2828, "ndvi": 0.1488, "impervious_ratio": 0.3562, "built_surface_ratio": 0.3562, "avg_ground_floor_count": 0.7511, "elevation_m": 10.7821, "albedo": 0.1413, "nearest_park_distance_m": 243.388, "park_area_within_500m": 32022.0856, "nearest_stream_distance_m": 29.8692, "est_population_density": 167.2, "dong_elderly_ratio": 0.2131, "dong_avg_age": 48.452, "dong_pop_density": 20810.108, "nearest_shelter_distance_m": 247.0, "shelter_count_within_500m": 7.52, "est_population": 10.4, "est_elderly": 2.3, "shelter_capacity_within_500m": 522.8, "building_form_group": "low_floor_low_density", "dong_name": "구로2동", "top1_feature": "elevation_m", "top1_shap": -0.3433, "top2_feature": "impervious_ratio", "top2_shap": 0.3357, "top3_feature": "ndvi", "top3_shap": 0.2292, "priority_score": 48.0366, "priority_rank": 211 }, "geometry": { "type": "Polygon", "coordinates": [ [ [ 126.869292558083501, 37.498079062332977 ], [ 126.86927360524156, 37.500332342422652 ], [ 126.872101818884602, 37.500347409425935 ], [ 126.872120686754528, 37.498094128117089 ], [ 126.869292558083501, 37.498079062332977 ] ] ] } },
{ "type": "Feature", "properties": { "nearest_shelter_name": "우방(아)경로당", "nearest_shelter_addr": "서울특별시 구로구 구일로 154-17 (우방아파트 1동)", "nearest_shelter_lon": 126.874275, "nearest_shelter_lat": 37.497955, "member_grid_ids": ["11530_01424", "11530_01425", "11530_01426", "11530_01492", "11530_01493", "11530_01494", "11530_01559", "11530_01560", "11530_01561"], "display_grid_id": "11530_00266", "gu_code": 11530, "gu_name": "구로구", "source_cell_count": 13, "area_m2": 62500.0, "mean_actual_lst": 41.2861, "mean_actual_anomaly": 2.7674, "seoul_anomaly": 4.0156, "pred_anomaly": 2.9014, "pred_anomaly_std": 0.8049, "green_delta_c": -0.3092, "building_ratio": 0.3474, "green_ratio": 0.2342, "ndvi": 0.1029, "impervious_ratio": 0.47, "built_surface_ratio": 0.47, "avg_ground_floor_count": 7.0712, "elevation_m": 15.5678, "albedo": 0.1314, "nearest_park_distance_m": 51.3716, "park_area_within_500m": 78517.3132, "nearest_stream_distance_m": 229.8452, "est_population_density": 0.0, "dong_elderly_ratio": 0.2084, "dong_avg_age": 48.0, "dong_pop_density": 20764.204, "nearest_shelter_distance_m": 77.95, "shelter_count_within_500m": 8.4, "est_population": 0.0, "est_elderly": 0.0, "shelter_capacity_within_500m": 407.5, "building_form_group": "high_floor_high_density", "dong_name": "구로2동", "top1_feature": "building_ratio", "top1_shap": 0.755, "top2_feature": "ndvi", "top2_shap": 0.4396, "top3_feature": "impervious_ratio", "top3_shap": 0.4338, "priority_score": 51.4078, "priority_rank": 173 }, "geometry": { "type": "Polygon", "coordinates": [ [ [ 126.872120686754528, 37.498094128117089 ], [ 126.872101818884602, 37.500347409425935 ], [ 126.874930034628704, 37.500362408723831 ], [ 126.874948817526388, 37.498109126201307 ], [ 126.872120686754528, 37.498094128117089 ] ] ] } },
{ "type": "Feature", "properties": { "nearest_shelter_name": "현대의보(아)경로당", "nearest_shelter_addr": "서울특별시 구로구 구일로8길 121 (현대의보아파트 관리사무실)", "nearest_shelter_lon": 126.875938, "nearest_shelter_lat": 37.498304, "member_grid_ids": ["11530_01426", "11530_01427", "11530_01428", "11530_01494", "11530_01495", "11530_01496", "11530_01562", "11530_01563"], "display_grid_id": "11530_00267", "gu_code": 11530, "gu_name": "구로구", "source_cell_count": 11, "area_m2": 62500.0, "mean_actual_lst": 41.7392, "mean_actual_anomaly": 3.4773, "seoul_anomaly": 4.7255, "pred_anomaly": 3.3093, "pred_anomaly_std": 0.9191, "green_delta_c": -0.4777, "building_ratio": 0.2728, "green_ratio": 0.2155, "ndvi": 0.1271, "impervious_ratio": 0.534, "built_surface_ratio": 0.534, "avg_ground_floor_count": 4.9256, "elevation_m": 16.4542, "albedo": 0.1284, "nearest_park_distance_m": 43.1108, "park_area_within_500m": 167835.6676, "nearest_stream_distance_m": 463.3132, "est_population_density": 0.0, "dong_elderly_ratio": 0.183, "dong_avg_age": 44.4, "dong_pop_density": 20419.228, "nearest_shelter_distance_m": 31.51, "shelter_count_within_500m": 10.72, "est_population": 0.0, "est_elderly": 0.0, "shelter_capacity_within_500m": 1985.0, "building_form_group": "high_floor_high_density", "dong_name": "구로1동", "top1_feature": "building_ratio", "top1_shap": 0.5329, "top2_feature": "impervious_ratio", "top2_shap": 0.5004, "top3_feature": "ndvi", "top3_shap": 0.4725, "priority_score": 59.5391, "priority_rank": 100 }, "geometry": { "type": "Polygon", "coordinates": [ [ [ 126.874948817526388, 37.498109126201307 ], [ 126.874930034628704, 37.500362408723831 ], [ 126.877758252464432, 37.500377340316184 ], [ 126.877776950389617, 37.498124056585446 ], [ 126.874948817526388, 37.498109126201307 ] ] ] } },
{ "type": "Feature", "properties": { "nearest_shelter_name": "중앙하이츠(아)", "nearest_shelter_addr": "서울특별시 구로구 구로동로47길 24 (구로중앙하이츠아파트 102동)", "nearest_shelter_lon": 126.880658, "nearest_shelter_lat": 37.498712, "member_grid_ids": ["11530_01429", "11530_01430", "11530_01431", "11530_01497", "11530_01498", "11530_01499", "11530_01564", "11530_01565", "11530_01566"], "display_grid_id": "11530_00268", "gu_code": 11530, "gu_name": "구로구", "source_cell_count": 14, "area_m2": 62500.0, "mean_actual_lst": 38.3557, "mean_actual_anomaly": 0.3937, "seoul_anomaly": 1.6419, "pred_anomaly": 1.7681, "pred_anomaly_std": 0.9154, "green_delta_c": -0.3305, "building_ratio": 0.2642, "green_ratio": 0.2802, "ndvi": 0.1916, "impervious_ratio": 0.5071, "built_surface_ratio": 0.5071, "avg_ground_floor_count": 8.5138, "elevation_m": 16.2716, "albedo": 0.119, "nearest_park_distance_m": 92.9688, "park_area_within_500m": 249428.0096, "nearest_stream_distance_m": 716.0784, "est_population_density": 1449.6, "dong_elderly_ratio": 0.1914, "dong_avg_age": 45.6, "dong_pop_density": 20534.22, "nearest_shelter_distance_m": 14.48, "shelter_count_within_500m": 14.76, "est_population": 90.6, "est_elderly": 19.3, "shelter_capacity_within_500m": 3092.3, "building_form_group": "low_floor_high_density", "dong_name": "구로2동", "top1_feature": "building_ratio", "top1_shap": 0.548, "top2_feature": "impervious_ratio", "top2_shap": 0.5109, "top3_feature": "avg_ground_floor_count", "top3_shap": -0.2889, "priority_score": 44.7601, "priority_rank": 241 }, "geometry": { "type": "Polygon", "coordinates": [ [ [ 126.877776950389617, 37.498124056585446 ], [ 126.877758252464432, 37.500377340316184 ], [ 126.880586472382291, 37.500392204202853 ], [ 126.880605085334736, 37.498138919269387 ], [ 126.877776950389617, 37.498124056585446 ] ] ] } },
{ "type": "Feature", "properties": { "nearest_shelter_name": "중앙하이츠(아)", "nearest_shelter_addr": "서울특별시 구로구 구로동로47길 24 (구로중앙하이츠아파트 102동)", "nearest_shelter_lon": 126.880658, "nearest_shelter_lat": 37.498712, "member_grid_ids": ["11530_01431", "11530_01432", "11530_01433", "11530_01499", "11530_01500", "11530_01501", "11530_01567", "11530_01568"], "display_grid_id": "11530_00269", "gu_code": 11530, "gu_name": "구로구", "source_cell_count": 12, "area_m2": 62500.0, "mean_actual_lst": 39.8079, "mean_actual_anomaly": 1.8178, "seoul_anomaly": 3.066, "pred_anomaly": 2.9065, "pred_anomaly_std": 0.6494, "green_delta_c": -0.2573, "building_ratio": 0.3181, "green_ratio": 0.2326, "ndvi": 0.093, "impervious_ratio": 0.3794, "built_surface_ratio": 0.3794, "avg_ground_floor_count": 6.9159, "elevation_m": 25.0862, "albedo": 0.1126, "nearest_park_distance_m": 60.4464, "park_area_within_500m": 242540.2352, "nearest_stream_distance_m": 907.2384, "est_population_density": 21948.8, "dong_elderly_ratio": 0.2099, "dong_avg_age": 48.248, "dong_pop_density": 21760.604, "nearest_shelter_distance_m": 14.48, "shelter_count_within_500m": 16.6, "est_population": 1371.8, "est_elderly": 289.6, "shelter_capacity_within_500m": 4027.3, "building_form_group": "low_floor_high_density", "dong_name": "구로2동", "top1_feature": "building_ratio", "top1_shap": 0.6828, "top2_feature": "ndvi", "top2_shap": 0.5945, "top3_feature": "impervious_ratio", "top3_shap": 0.4325, "priority_score": 51.3889, "priority_rank": 174 }, "geometry": { "type": "Polygon", "coordinates": [ [ [ 126.880605085334736, 37.498138919269387 ], [ 126.880586472382291, 37.500392204202853 ], [ 126.88341469437286, 37.500407000383682 ], [ 126.883433222352309, 37.498153714252958 ], [ 126.880605085334736, 37.498138919269387 ] ] ] } },
{ "type": "Feature", "properties": { "nearest_shelter_name": "아홉길경로당", "nearest_shelter_addr": "서울특별시 구로구 구로중앙로27길 28-29 (구로동)", "nearest_shelter_lon": 126.884885, "nearest_shelter_lat": 37.498474, "member_grid_ids": ["11530_01434", "11530_01435", "11530_01436", "11530_01502", "11530_01503", "11530_01504", "11530_01569", "11530_01570", "11530_01571"], "display_grid_id": "11530_00270", "gu_code": 11530, "gu_name": "구로구", "source_cell_count": 13, "area_m2": 62500.0, "mean_actual_lst": 41.1763, "mean_actual_anomaly": 3.0693, "seoul_anomaly": 4.3175, "pred_anomaly": 2.8949, "pred_anomaly_std": 0.6506, "green_delta_c": -0.3696, "building_ratio": 0.2876, "green_ratio": 0.2351, "ndvi": 0.1229, "impervious_ratio": 0.4252, "built_surface_ratio": 0.4252, "avg_ground_floor_count": 9.223, "elevation_m": 25.8796, "albedo": 0.1144, "nearest_park_distance_m": 46.5224, "park_area_within_500m": 206690.1268, "nearest_stream_distance_m": 743.5368, "est_population_density": 33777.2, "dong_elderly_ratio": 0.1838, "dong_avg_age": 44.904, "dong_pop_density": 30680.192, "nearest_shelter_distance_m": 26.32, "shelter_count_within_500m": 21.56, "est_population": 2111.1, "est_elderly": 393.6, "shelter_capacity_within_500m": 4969.5, "building_form_group": "low_floor_high_density", "dong_name": "구로5동", "top1_feature": "building_ratio", "top1_shap": 0.5551, "top2_feature": "impervious_ratio", "top2_shap": 0.4394, "top3_feature": "ndvi", "top3_shap": 0.3811, "priority_score": 61.4647, "priority_rank": 79 }, "geometry": { "type": "Polygon", "coordinates": [ [ [ 126.883433222352309, 37.498153714252958 ], [ 126.88341469437286, 37.500407000383682 ], [ 126.886242918426632, 37.500421728858512 ], [ 126.886261361432886, 37.498168441536002 ], [ 126.883433222352309, 37.498153714252958 ] ] ] } },
{ "type": "Feature", "properties": { "nearest_shelter_name": "새말경로당", "nearest_shelter_addr": "서울특별시 구로구 구로중앙로30길 16", "nearest_shelter_lon": 126.886227, "nearest_shelter_lat": 37.499129, "member_grid_ids": ["11530_01436", "11530_01437", "11530_01438", "11530_01504", "11530_01505", "11530_01506", "11530_01572", "11530_01573"], "display_grid_id": "11530_00271", "gu_code": 11530, "gu_name": "구로구", "source_cell_count": 11, "area_m2": 62500.0, "mean_actual_lst": 41.9586, "mean_actual_anomaly": 3.7933, "seoul_anomaly": 5.0415, "pred_anomaly": 3.7283, "pred_anomaly_std": 0.602, "green_delta_c": -0.2542, "building_ratio": 0.3915, "green_ratio": 0.2415, "ndvi": 0.1025, "impervious_ratio": 0.4276, "built_surface_ratio": 0.4276, "avg_ground_floor_count": 3.2216, "elevation_m": 18.4212, "albedo": 0.1214, "nearest_park_distance_m": 73.3376, "park_area_within_500m": 122569.6908, "nearest_stream_distance_m": 505.3112, "est_population_density": 29715.6, "dong_elderly_ratio": 0.1783, "dong_avg_age": 44.2, "dong_pop_density": 32558.0, "nearest_shelter_distance_m": 43.47, "shelter_count_within_500m": 21.72, "est_population": 1857.2, "est_elderly": 331.2, "shelter_capacity_within_500m": 3745.5, "building_form_group": "low_floor_high_density", "dong_name": "구로5동", "top1_feature": "building_ratio", "top1_shap": 0.9938, "top2_feature": "ndvi", "top2_shap": 0.5928, "top3_feature": "impervious_ratio", "top3_shap": 0.4353, "priority_score": 61.2437, "priority_rank": 82 }, "geometry": { "type": "Polygon", "coordinates": [ [ [ 126.886261361432886, 37.498168441536002 ], [ 126.886242918426632, 37.500421728858512 ], [ 126.889071144534185, 37.50043638962719 ], [ 126.889089502566961, 37.498183101118386 ], [ 126.886261361432886, 37.498168441536002 ] ] ] } },
{ "type": "Feature", "properties": { "nearest_shelter_name": "대성스타이렉스(아)경로당", "nearest_shelter_addr": "서울특별시 구로구 공원로 27 (대림역대성스카이렉스)", "nearest_shelter_lon": 126.890883, "nearest_shelter_lat": 37.499419, "member_grid_ids": ["11530_01439", "11530_01440", "11530_01441", "11530_01507", "11530_01508", "11530_01509", "11530_01574", "11530_01575", "11530_01576"], "display_grid_id": "11530_00272", "gu_code": 11530, "gu_name": "구로구", "source_cell_count": 13, "area_m2": 62500.0, "mean_actual_lst": 39.9442, "mean_actual_anomaly": 1.6839, "seoul_anomaly": 2.9321, "pred_anomaly": 1.7715, "pred_anomaly_std": 0.705, "green_delta_c": -0.2323, "building_ratio": 0.2715, "green_ratio": 0.235, "ndvi": 0.1612, "impervious_ratio": 0.4706, "built_surface_ratio": 0.4706, "avg_ground_floor_count": 12.4062, "elevation_m": 22.6879, "albedo": 0.1343, "nearest_park_distance_m": 189.97, "park_area_within_500m": 50013.7652, "nearest_stream_distance_m": 247.4416, "est_population_density": 18492.0, "dong_elderly_ratio": 0.1783, "dong_avg_age": 44.2, "dong_pop_density": 32558.0, "nearest_shelter_distance_m": 16.8, "shelter_count_within_500m": 16.64, "est_population": 1155.7, "est_elderly": 206.0, "shelter_capacity_within_500m": 2451.0, "building_form_group": "high_floor_high_density", "dong_name": "구로5동", "top1_feature": "building_ratio", "top1_shap": 0.5017, "top2_feature": "impervious_ratio", "top2_shap": 0.3858, "top3_feature": "avg_ground_floor_count", "top3_shap": -0.3682, "priority_score": 47.5758, "priority_rank": 214 }, "geometry": { "type": "Polygon", "coordinates": [ [ [ 126.889089502566961, 37.498183101118386 ], [ 126.889071144534185, 37.50043638962719 ], [ 126.891899372686041, 37.500450982689571 ], [ 126.89191764574511, 37.498197692999938 ], [ 126.889089502566961, 37.498183101118386 ] ] ] } },
{ "type": "Feature", "properties": { "nearest_shelter_name": "금호어울림(아)경로당", "nearest_shelter_addr": "서울특별시 구로구 공원로 26 (금호아파트)", "nearest_shelter_lon": 126.89216, "nearest_shelter_lat": 37.499887, "member_grid_ids": ["11530_01441", "11530_01442", "11530_01443", "11530_01509", "11530_01510", "11530_01511", "11530_01577"], "display_grid_id": "11530_00273", "gu_code": 11530, "gu_name": "구로구", "source_cell_count": 9, "area_m2": 37482.15, "mean_actual_lst": 38.9376, "mean_actual_anomaly": 0.7438, "seoul_anomaly": 1.992, "pred_anomaly": 1.7694, "pred_anomaly_std": 0.8135, "green_delta_c": -0.3423, "building_ratio": 0.2559, "green_ratio": 0.2477, "ndvi": 0.1735, "impervious_ratio": 0.5004, "built_surface_ratio": 0.5004, "avg_ground_floor_count": 7.177, "elevation_m": 19.749, "albedo": 0.1176, "nearest_park_distance_m": 332.9267, "park_area_within_500m": 22709.3831, "nearest_stream_distance_m": 65.2304, "est_population_density": 81.5667, "dong_elderly_ratio": 0.1783, "dong_avg_age": 44.2, "dong_pop_density": 32558.0, "nearest_shelter_distance_m": 43.61, "shelter_count_within_500m": 16.2515, "est_population": 3.1, "est_elderly": 0.5, "shelter_capacity_within_500m": 2198.0, "building_form_group": "high_floor_high_density", "dong_name": "구로5동", "top1_feature": "impervious_ratio", "top1_shap": 0.4917, "top2_feature": "building_ratio", "top2_shap": 0.4399, "top3_feature": "built_surface_ratio", "top3_shap": 0.3885, "priority_score": 41.1364, "priority_rank": 293 }, "geometry": { "type": "Polygon", "coordinates": [ [ [ 126.89191764574511, 37.498197692999938 ], [ 126.891899372686041, 37.500450982689571 ], [ 126.892890228958024, 37.500456079281527 ], [ 126.892902740000011, 37.50041938 ], [ 126.89292544, 37.50035745 ], [ 126.89293093000002, 37.50035042 ], [ 126.89297622, 37.50030964 ], [ 126.893006310000018, 37.50028236 ], [ 126.893275250000016, 37.50003679 ], [ 126.89328055, 37.50003427 ], [ 126.89332623, 37.49997659 ], [ 126.89334729, 37.49995014 ], [ 126.893370659999988, 37.49991974 ], [ 126.89339102000001, 37.49989274 ], [ 126.89342377, 37.499849690000012 ], [ 126.893449980000014, 37.49981508 ], [ 126.89351511, 37.49972984 ], [ 126.89353494, 37.49970366 ], [ 126.89356894, 37.49965949 ], [ 126.89360912, 37.499606590000013 ], [ 126.89362453, 37.49958578 ], [ 126.8936407, 37.49952723 ], [ 126.893645840000019, 37.49950921 ], [ 126.8936787, 37.49939154 ], [ 126.89371919, 37.49924855 ], [ 126.893762710000019, 37.49909401 ], [ 126.893798410000016, 37.49896903 ], [ 126.893921080000013, 37.49855947 ], [ 126.89400471, 37.49828531 ], [ 126.894028399324796, 37.498208539364178 ], [ 126.89191764574511, 37.498197692999938 ] ] ] } },
{ "type": "Feature", "properties": { "nearest_shelter_name": "수궁분회경로당", "nearest_shelter_addr": "서울특별시 구로구 부일로9길 111 (온수동)", "nearest_shelter_lon": 126.823233, "nearest_shelter_lat": 37.496748, "member_grid_ids": ["11530_01512", "11530_01513", "11530_01578", "11530_01579", "11530_01644", "11530_01645"], "display_grid_id": "11530_00274", "gu_code": 11530, "gu_name": "구로구", "source_cell_count": 6, "area_m2": 25507.44, "mean_actual_lst": 31.6783, "mean_actual_anomaly": -6.9592, "seoul_anomaly": -5.7109, "pred_anomaly": -4.9897, "pred_anomaly_std": 0.9993, "green_delta_c": -0.5006, "building_ratio": 0.0085, "green_ratio": 0.754, "ndvi": 0.5574, "impervious_ratio": 0.069, "built_surface_ratio": 0.069, "avg_ground_floor_count": 0.196, "elevation_m": 84.5031, "albedo": 0.1578, "nearest_park_distance_m": 194.2779, "park_area_within_500m": 29831.5545, "nearest_stream_distance_m": 1440.5866, "est_population_density": 0.0, "dong_elderly_ratio": 0.2188, "dong_avg_age": 44.8, "dong_pop_density": 8657.5, "nearest_shelter_distance_m": 433.89, "shelter_count_within_500m": 0.9296, "est_population": 0.0, "est_elderly": 0.0, "shelter_capacity_within_500m": 526.7, "building_form_group": "no_building", "dong_name": "수궁동", "top1_feature": "building_ratio", "top1_shap": -1.2942, "top2_feature": "impervious_ratio", "top2_shap": -0.8375, "top3_feature": "built_surface_ratio", "top3_shap": -0.8105, "priority_score": 31.8371, "priority_rank": 377 }, "geometry": { "type": "Polygon", "coordinates": [ [ [ 126.821194303941553, 37.500065844597422 ], [ 126.819431432600339, 37.500055701281909 ], [ 126.81940248, 37.50028418 ], [ 126.8193884, 37.50041283 ], [ 126.81938102, 37.50046406 ], [ 126.81940386, 37.500664 ], [ 126.81941504000001, 37.50078903 ], [ 126.81942933, 37.50079891 ], [ 126.819713419999985, 37.50110990000001 ], [ 126.81990709999998, 37.50132335 ], [ 126.820000130000011, 37.50143443000001 ], [ 126.820064200000019, 37.50146578 ], [ 126.820379030000012, 37.50163548 ], [ 126.820612130000015, 37.50176761 ], [ 126.820752840000011, 37.50182386 ], [ 126.820871470000014, 37.50187302 ], [ 126.82117641, 37.50196529 ], [ 126.821177105569504, 37.501965524308879 ], [ 126.821194303941553, 37.500065844597422 ] ] ] } },
{ "type": "Feature", "properties": { "nearest_shelter_name": "수궁분회경로당", "nearest_shelter_addr": "서울특별시 구로구 부일로9길 111 (온수동)", "nearest_shelter_lon": 126.823233, "nearest_shelter_lat": 37.496748, "member_grid_ids": ["11530_01514", "11530_01515", "11530_01516", "11530_01580", "11530_01581", "11530_01582", "11530_01646", "11530_01647", "11530_01648"], "display_grid_id": "11530_00275", "gu_code": 11530, "gu_name": "구로구", "source_cell_count": 12, "area_m2": 61473.15, "mean_actual_lst": 31.7251, "mean_actual_anomaly": -6.7166, "seoul_anomaly": -5.4684, "pred_anomaly": -4.7939, "pred_anomaly_std": 0.7471, "green_delta_c": -0.5998, "building_ratio": 0.0089, "green_ratio": 0.7606, "ndvi": 0.5022, "impervious_ratio": 0.0716, "built_surface_ratio": 0.0716, "avg_ground_floor_count": 0.0813, "elevation_m": 79.2093, "albedo": 0.1435, "nearest_park_distance_m": 389.0694, "park_area_within_500m": 5027.4505, "nearest_stream_distance_m": 1329.3778, "est_population_density": 0.0, "dong_elderly_ratio": 0.2188, "dong_avg_age": 44.8, "dong_pop_density": 8657.5, "nearest_shelter_distance_m": 370.46, "shelter_count_within_500m": 1.5861, "est_population": 0.0, "est_elderly": 0.0, "shelter_capacity_within_500m": 2051.3, "building_form_group": "no_building", "dong_name": "수궁동", "top1_feature": "building_ratio", "top1_shap": -1.4068, "top2_feature": "impervious_ratio", "top2_shap": -0.8067, "top3_feature": "built_surface_ratio", "top3_shap": -0.7788, "priority_score": 34.1856, "priority_rank": 361 }, "geometry": { "type": "Polygon", "coordinates": [ [ [ 126.824002165797552, 37.502335321534709 ], [ 126.824022480418861, 37.500082062567749 ], [ 126.821194303941553, 37.500065844597422 ], [ 126.821177105569504, 37.501965524308879 ], [ 126.82134096, 37.50202072 ], [ 126.82154405, 37.50214942 ], [ 126.821564170000016, 37.50215649 ], [ 126.821557121331239, 37.502321303859787 ], [ 126.824002165797552, 37.502335321534709 ] ] ] } },
{ "type": "Feature", "properties": { "nearest_shelter_name": "궁동어린이도서관", "nearest_shelter_addr": "서울특별시 구로구 오리로 1352 (궁동어린이도서관)", "nearest_shelter_lon": 126.829314, "nearest_shelter_lat": 37.50219, "member_grid_ids": ["11530_01517", "11530_01518", "11530_01582", "11530_01583", "11530_01584", "11530_01648", "11530_01649", "11530_01650"], "display_grid_id": "11530_00276", "gu_code": 11530, "gu_name": "구로구", "source_cell_count": 9, "area_m2": 62500.0, "mean_actual_lst": 34.7012, "mean_actual_anomaly": -3.6248, "seoul_anomaly": -2.3766, "pred_anomaly": -1.6158, "pred_anomaly_std": 0.87, "green_delta_c": -0.36, "building_ratio": 0.112, "green_ratio": 0.5182, "ndvi": 0.3747, "impervious_ratio": 0.2769, "built_surface_ratio": 0.2769, "avg_ground_floor_count": 0.8758, "elevation_m": 53.4534, "albedo": 0.1456, "nearest_park_distance_m": 373.7496, "park_area_within_500m": 6935.7076, "nearest_stream_distance_m": 1188.1656, "est_population_density": 356.0, "dong_elderly_ratio": 0.2188, "dong_avg_age": 44.8, "dong_pop_density": 8657.5, "nearest_shelter_distance_m": 271.12, "shelter_count_within_500m": 2.52, "est_population": 22.2, "est_elderly": 4.8, "shelter_capacity_within_500m": 3723.2, "building_form_group": "low_floor_low_density", "dong_name": "수궁동", "top1_feature": "green_ratio", "top1_shap": -0.6004, "top2_feature": "ndvi", "top2_shap": -0.5728, "top3_feature": "impervious_ratio", "top3_shap": -0.0055, "priority_score": 36.4773, "priority_rank": 343 }, "geometry": { "type": "Polygon", "coordinates": [ [ [ 126.824022480418861, 37.500082062567749 ], [ 126.824002165797552, 37.502335321534709 ], [ 126.826830429514118, 37.5023514731093 ], [ 126.826850659158083, 37.500098212835447 ], [ 126.824022480418861, 37.500082062567749 ] ] ] } },
{ "type": "Feature", "properties": { "nearest_shelter_name": "궁동어린이도서관", "nearest_shelter_addr": "서울특별시 구로구 오리로 1352 (궁동어린이도서관)", "nearest_shelter_lon": 126.829314, "nearest_shelter_lat": 37.50219, "member_grid_ids": ["11530_01519", "11530_01520", "11530_01521", "11530_01585", "11530_01586", "11530_01587", "11530_01651", "11530_01652", "11530_01653"], "display_grid_id": "11530_00277", "gu_code": 11530, "gu_name": "구로구", "source_cell_count": 14, "area_m2": 62500.0, "mean_actual_lst": 35.586, "mean_actual_anomaly": -2.5653, "seoul_anomaly": -1.317, "pred_anomaly": 0.3345, "pred_anomaly_std": 0.8574, "green_delta_c": -0.1461, "building_ratio": 0.1827, "green_ratio": 0.3916, "ndvi": 0.3187, "impervious_ratio": 0.3983, "built_surface_ratio": 0.3983, "avg_ground_floor_count": 1.9916, "elevation_m": 34.7923, "albedo": 0.136, "nearest_park_distance_m": 183.0664, "park_area_within_500m": 10387.8728, "nearest_stream_distance_m": 1071.9588, "est_population_density": 4760.0, "dong_elderly_ratio": 0.2188, "dong_avg_age": 44.8, "dong_pop_density": 8657.5, "nearest_shelter_distance_m": 43.22, "shelter_count_within_500m": 3.0, "est_population": 297.5, "est_elderly": 65.1, "shelter_capacity_within_500m": 4193.8, "building_form_group": "low_floor_low_density", "dong_name": "수궁동", "top1_feature": "ndvi", "top1_shap": -0.5747, "top2_feature": "impervious_ratio", "top2_shap": 0.4383, "top3_feature": "green_ratio", "top3_shap": -0.4128, "priority_score": 30.4924, "priority_rank": 381 }, "geometry": { "type": "Polygon", "coordinates": [ [ [ 126.826850659158083, 37.500098212835447 ], [ 126.826830429514118, 37.5023514731093 ], [ 126.829658695483388, 37.502367556975607 ], [ 126.829678840149754, 37.500114295400337 ], [ 126.826850659158083, 37.500098212835447 ] ] ] } },
{ "type": "Feature", "properties": { "nearest_shelter_name": "궁동어린이도서관", "nearest_shelter_addr": "서울특별시 구로구 오리로 1352 (궁동어린이도서관)", "nearest_shelter_lon": 126.829314, "nearest_shelter_lat": 37.50219, "member_grid_ids": ["11530_01522", "11530_01523", "11530_01587", "11530_01588", "11530_01589", "11530_01653", "11530_01654", "11530_01655"], "display_grid_id": "11530_00278", "gu_code": 11530, "gu_name": "구로구", "source_cell_count": 14, "area_m2": 62500.0, "mean_actual_lst": 36.9046, "mean_actual_anomaly": -1.2083, "seoul_anomaly": 0.0399, "pred_anomaly": 1.5212, "pred_anomaly_std": 0.8221, "green_delta_c": -0.4371, "building_ratio": 0.1723, "green_ratio": 0.2916, "ndvi": 0.2575, "impervious_ratio": 0.5008, "built_surface_ratio": 0.5008, "avg_ground_floor_count": 2.6618, "elevation_m": 35.9498, "albedo": 0.1331, "nearest_park_distance_m": 175.6104, "park_area_within_500m": 13064.248, "nearest_stream_distance_m": 1013.1756, "est_population_density": 9381.6, "dong_elderly_ratio": 0.2188, "dong_avg_age": 44.8, "dong_pop_density": 8657.5, "nearest_shelter_distance_m": 43.22, "shelter_count_within_500m": 3.0, "est_population": 586.4, "est_elderly": 128.3, "shelter_capacity_within_500m": 4193.7, "building_form_group": "low_floor_low_density", "dong_name": "수궁동", "top1_feature": "impervious_ratio", "top1_shap": 0.5239, "top2_feature": "built_surface_ratio", "top2_shap": 0.3596, "top3_feature": "ndvi", "top3_shap": -0.2121, "priority_score": 48.4596, "priority_rank": 207 }, "geometry": { "type": "Polygon", "coordinates": [ [ [ 126.829678840149754, 37.500114295400337 ], [ 126.829658695483388, 37.502367556975607 ], [ 126.832486963695914, 37.50238357313345 ], [ 126.832507023384395, 37.500130310262257 ], [ 126.829678840149754, 37.500114295400337 ] ] ] } },
{ "type": "Feature", "properties": { "nearest_shelter_name": "동부골든(아)서부경로당", "nearest_shelter_addr": "서울특별시 구로구 고척로 49 (동부골든아파트)", "nearest_shelter_lon": 126.83803, "nearest_shelter_lat": 37.499022, "member_grid_ids": ["11530_01524", "11530_01525", "11530_01526", "11530_01590", "11530_01591", "11530_01592", "11530_01656", "11530_01657", "11530_01658"], "display_grid_id": "11530_00279", "gu_code": 11530, "gu_name": "구로구", "source_cell_count": 11, "area_m2": 62500.0, "mean_actual_lst": 33.8297, "mean_actual_anomaly": -4.4398, "seoul_anomaly": -3.1916, "pred_anomaly": -2.4796, "pred_anomaly_std": 0.7501, "green_delta_c": -0.6186, "building_ratio": 0.0501, "green_ratio": 0.578, "ndvi": 0.3958, "impervious_ratio": 0.2402, "built_surface_ratio": 0.2402, "avg_ground_floor_count": 1.272, "elevation_m": 64.6911, "albedo": 0.1223, "nearest_park_distance_m": 329.1312, "park_area_within_500m": 22029.3356, "nearest_stream_distance_m": 982.7412, "est_population_density": 1700.8, "dong_elderly_ratio": 0.2183, "dong_avg_age": 44.776, "dong_pop_density": 9567.012, "nearest_shelter_distance_m": 268.89, "shelter_count_within_500m": 5.04, "est_population": 106.3, "est_elderly": 23.3, "shelter_capacity_within_500m": 3616.8, "building_form_group": "low_floor_low_density", "dong_name": "수궁동", "top1_feature": "building_ratio", "top1_shap": -0.6398, "top2_feature": "green_ratio", "top2_shap": -0.4647, "top3_feature": "ndvi", "top3_shap": -0.4446, "priority_score": 44.1288, "priority_rank": 251 }, "geometry": { "type": "Polygon", "coordinates": [ [ [ 126.832507023384395, 37.500130310262257 ], [ 126.832486963695914, 37.50238357313345 ], [ 126.835315234142229, 37.502399521582696 ], [ 126.835335208852541, 37.500146257421044 ], [ 126.832507023384395, 37.500130310262257 ] ] ] } },
{ "type": "Feature", "properties": { "nearest_shelter_name": "동부골든(아)서부경로당", "nearest_shelter_addr": "서울특별시 구로구 고척로 49 (동부골든아파트)", "nearest_shelter_lon": 126.83803, "nearest_shelter_lat": 37.499022, "member_grid_ids": ["11530_01527", "11530_01528", "11530_01592", "11530_01593", "11530_01594", "11530_01658", "11530_01659", "11530_01660"], "display_grid_id": "11530_00280", "gu_code": 11530, "gu_name": "구로구", "source_cell_count": 11, "area_m2": 62500.0, "mean_actual_lst": 31.8852, "mean_actual_anomaly": -6.5866, "seoul_anomaly": -5.3384, "pred_anomaly": -4.286, "pred_anomaly_std": 0.6639, "green_delta_c": -1.0371, "building_ratio": 0.0004, "green_ratio": 0.7681, "ndvi": 0.5091, "impervious_ratio": 0.0759, "built_surface_ratio": 0.0759, "avg_ground_floor_count": 0.08, "elevation_m": 87.878, "albedo": 0.1281, "nearest_park_distance_m": 430.2008, "park_area_within_500m": 12264.5516, "nearest_stream_distance_m": 946.4252, "est_population_density": 0.0, "dong_elderly_ratio": 0.2166, "dong_avg_age": 44.872, "dong_pop_density": 23988.356, "nearest_shelter_distance_m": 131.8, "shelter_count_within_500m": 7.6, "est_population": 0.0, "est_elderly": 0.0, "shelter_capacity_within_500m": 439.7, "building_form_group": "no_building", "dong_name": "개봉1동", "top1_feature": "building_ratio", "top1_shap": -1.4543, "top2_feature": "impervious_ratio", "top2_shap": -0.6624, "top3_feature": "built_surface_ratio", "top3_shap": -0.637, "priority_score": 36.4204, "priority_rank": 345 }, "geometry": { "type": "Polygon", "coordinates": [ [ [ 126.835335208852541, 37.500146257421044 ], [ 126.835315234142229, 37.502399521582696 ], [ 126.83814350681287, 37.502415402323173 ], [ 126.838163396544772, 37.50016213687654 ], [ 126.835335208852541, 37.500146257421044 ] ] ] } },
{ "type": "Feature", "properties": { "nearest_shelter_name": "에덴장애인종합복지관", "nearest_shelter_addr": "서울특별시 구로구 고척로21가길 84-35 (개봉동)", "nearest_shelter_lon": 126.841244, "nearest_shelter_lat": 37.501235, "member_grid_ids": ["11530_01529", "11530_01530", "11530_01531", "11530_01595", "11530_01596", "11530_01597", "11530_01661", "11530_01662", "11530_01663"], "display_grid_id": "11530_00281", "gu_code": 11530, "gu_name": "구로구", "source_cell_count": 14, "area_m2": 62500.0, "mean_actual_lst": 33.7361, "mean_actual_anomaly": -4.9079, "seoul_anomaly": -3.6597, "pred_anomaly": -2.9348, "pred_anomaly_std": 0.8489, "green_delta_c": -0.9597, "building_ratio": 0.057, "green_ratio": 0.6462, "ndvi": 0.3789, "impervious_ratio": 0.128, "built_surface_ratio": 0.128, "avg_ground_floor_count": 8.0856, "elevation_m": 62.2242, "albedo": 0.1257, "nearest_park_distance_m": 501.5956, "park_area_within_500m": 1778.5044, "nearest_stream_distance_m": 922.6676, "est_population_density": 10028.4, "dong_elderly_ratio": 0.2194, "dong_avg_age": 45.1, "dong_pop_density": 25506.4, "nearest_shelter_distance_m": 28.76, "shelter_count_within_500m": 11.52, "est_population": 626.8, "est_elderly": 137.6, "shelter_capacity_within_500m": 638.0, "building_form_group": "no_building", "dong_name": "개봉1동", "top1_feature": "building_ratio", "top1_shap": -0.7264, "top2_feature": "green_ratio", "top2_shap": -0.5893, "top3_feature": "impervious_ratio", "top3_shap": -0.2924, "priority_score": 43.1818, "priority_rank": 265 }, "geometry": { "type": "Polygon", "coordinates": [ [ [ 126.838163396544772, 37.50016213687654 ], [ 126.83814350681287, 37.502415402323173 ], [ 126.840971781698357, 37.502431215354683 ], [ 126.84099158645158, 37.500177948628554 ], [ 126.838163396544772, 37.50016213687654 ] ] ] } },
{ "type": "Feature", "properties": { "nearest_shelter_name": "양송이경로당", "nearest_shelter_addr": "서울특별시 구로구 고척로21가길 48-11 (개봉동)", "nearest_shelter_lon": 126.843115, "nearest_shelter_lat": 37.502083, "member_grid_ids": ["11530_01532", "11530_01533", "11530_01597", "11530_01598", "11530_01599", "11530_01663", "11530_01664", "11530_01665"], "display_grid_id": "11530_00282", "gu_code": 11530, "gu_name": "구로구", "source_cell_count": 11, "area_m2": 62500.0, "mean_actual_lst": 37.5948, "mean_actual_anomaly": -1.0082, "seoul_anomaly": 0.2401, "pred_anomaly": 1.3058, "pred_anomaly_std": 0.8827, "green_delta_c": -0.3704, "building_ratio": 0.2684, "green_ratio": 0.323, "ndvi": 0.176, "impervious_ratio": 0.2852, "built_surface_ratio": 0.2852, "avg_ground_floor_count": 7.1131, "elevation_m": 37.4314, "albedo": 0.117, "nearest_park_distance_m": 364.5044, "park_area_within_500m": 10414.1524, "nearest_stream_distance_m": 872.4804, "est_population_density": 37062.0, "dong_elderly_ratio": 0.2194, "dong_avg_age": 45.1, "dong_pop_density": 25506.4, "nearest_shelter_distance_m": 14.74, "shelter_count_within_500m": 14.0, "est_population": 2316.4, "est_elderly": 508.2, "shelter_capacity_within_500m": 1828.0, "building_form_group": "high_floor_low_density", "dong_name": "개봉1동", "top1_feature": "building_ratio", "top1_shap": 0.4454, "top2_feature": "ndvi", "top2_shap": 0.271, "top3_feature": "green_ratio", "top3_shap": -0.2662, "priority_score": 43.5101, "priority_rank": 260 }, "geometry": { "type": "Polygon", "coordinates": [ [ [ 126.84099158645158, 37.500177948628554 ], [ 126.840971781698357, 37.502431215354683 ], [ 126.843800058789256, 37.502446960677105 ], [ 126.843819778563557, 37.500193692676959 ], [ 126.84099158645158, 37.500177948628554 ] ] ] } },
{ "type": "Feature", "properties": { "nearest_shelter_name": "거성2차푸르뫼(아)경로당", "nearest_shelter_addr": "서울특별시 구로구 고척로 82 (거성푸르뫼2차아파트 상가B동)", "nearest_shelter_lon": 126.84374, "nearest_shelter_lat": 37.500185, "member_grid_ids": ["11530_01534", "11530_01535", "11530_01536", "11530_01600", "11530_01601", "11530_01602", "11530_01666", "11530_01667", "11530_01668"], "display_grid_id": "11530_00283", "gu_code": 11530, "gu_name": "구로구", "source_cell_count": 11, "area_m2": 62500.0, "mean_actual_lst": 39.5045, "mean_actual_anomaly": 0.791, "seoul_anomaly": 2.0392, "pred_anomaly": 2.9937, "pred_anomaly_std": 0.7022, "green_delta_c": -0.4172, "building_ratio": 0.3552, "green_ratio": 0.2688, "ndvi": 0.1058, "impervious_ratio": 0.2333, "built_surface_ratio": 0.2333, "avg_ground_floor_count": 3.6103, "elevation_m": 28.5052, "albedo": 0.1123, "nearest_park_distance_m": 160.0928, "park_area_within_500m": 16992.3504, "nearest_stream_distance_m": 793.4324, "est_population_density": 30798.4, "dong_elderly_ratio": 0.2194, "dong_avg_age": 45.1, "dong_pop_density": 25506.4, "nearest_shelter_distance_m": 57.07, "shelter_count_within_500m": 14.92, "est_population": 1924.9, "est_elderly": 422.3, "shelter_capacity_within_500m": 3049.0, "building_form_group": "low_floor_high_density", "dong_name": "개봉1동", "top1_feature": "building_ratio", "top1_shap": 0.8677, "top2_feature": "ndvi", "top2_shap": 0.6071, "top3_feature": "impervious_ratio", "top3_shap": 0.3235, "priority_score": 57.1843, "priority_rank": 118 }, "geometry": { "type": "Polygon", "coordinates": [ [ [ 126.843819778563557, 37.500193692676959 ], [ 126.843800058789256, 37.502446960677105 ], [ 126.846628338076087, 37.502462638290254 ], [ 126.846647972871224, 37.500209369021555 ], [ 126.843819778563557, 37.500193692676959 ] ] ] } },
{ "type": "Feature", "properties": { "nearest_shelter_name": "안나경로당", "nearest_shelter_addr": "서울특별시 구로구 고척로 134-5 (개봉동)", "nearest_shelter_lon": 126.849036, "nearest_shelter_lat": 37.502183, "member_grid_ids": ["11530_01537", "11530_01538", "11530_01602", "11530_01603", "11530_01604", "11530_01668", "11530_01669", "11530_01670"], "display_grid_id": "11530_00284", "gu_code": 11530, "gu_name": "구로구", "source_cell_count": 12, "area_m2": 62500.0, "mean_actual_lst": 38.6514, "mean_actual_anomaly": -0.1301, "seoul_anomaly": 1.1181, "pred_anomaly": 1.9527, "pred_anomaly_std": 0.7196, "green_delta_c": -0.1079, "building_ratio": 0.2722, "green_ratio": 0.2509, "ndvi": 0.1072, "impervious_ratio": 0.3599, "built_surface_ratio": 0.3599, "avg_ground_floor_count": 9.1926, "elevation_m": 20.9434, "albedo": 0.1055, "nearest_park_distance_m": 161.3384, "park_area_within_500m": 65753.8376, "nearest_stream_distance_m": 742.6044, "est_population_density": 49255.2, "dong_elderly_ratio": 0.2194, "dong_avg_age": 45.1, "dong_pop_density": 25506.4, "nearest_shelter_distance_m": 21.56, "shelter_count_within_500m": 12.44, "est_population": 3078.4, "est_elderly": 675.4, "shelter_capacity_within_500m": 3418.5, "building_form_group": "high_floor_high_density", "dong_name": "개봉1동", "top1_feature": "building_ratio", "top1_shap": 0.4687, "top2_feature": "ndvi", "top2_shap": 0.4391, "top3_feature": "impervious_ratio", "top3_shap": 0.3435, "priority_score": 44.4318, "priority_rank": 245 }, "geometry": { "type": "Polygon", "coordinates": [ [ [ 126.846647972871224, 37.500209369021555 ], [ 126.846628338076087, 37.502462638290254 ], [ 126.849456619549386, 37.502478248193981 ], [ 126.84947616936509, 37.500224977662221 ], [ 126.846647972871224, 37.500209369021555 ] ] ] } },
{ "type": "Feature", "properties": { "nearest_shelter_name": "개봉1동주민센터", "nearest_shelter_addr": "서울특별시 구로구 경인로33길 51", "nearest_shelter_lon": 126.851117, "nearest_shelter_lat": 37.50021, "member_grid_ids": ["11530_01539", "11530_01540", "11530_01541", "11530_01605", "11530_01606", "11530_01607", "11530_01671", "11530_01672", "11530_01673"], "display_grid_id": "11530_00285", "gu_code": 11530, "gu_name": "구로구", "source_cell_count": 10, "area_m2": 62500.0, "mean_actual_lst": 40.8651, "mean_actual_anomaly": 2.1517, "seoul_anomaly": 3.3999, "pred_anomaly": 3.8168, "pred_anomaly_std": 0.6402, "green_delta_c": -0.4122, "building_ratio": 0.4351, "green_ratio": 0.2741, "ndvi": 0.0959, "impervious_ratio": 0.2918, "built_surface_ratio": 0.2918, "avg_ground_floor_count": 3.021, "elevation_m": 20.9184, "albedo": 0.1283, "nearest_park_distance_m": 107.0832, "park_area_within_500m": 137678.08, "nearest_stream_distance_m": 723.9232, "est_population_density": 32372.4, "dong_elderly_ratio": 0.2287, "dong_avg_age": 45.644, "dong_pop_density": 25566.036, "nearest_shelter_distance_m": 5.64, "shelter_count_within_500m": 9.8, "est_population": 2023.3, "est_elderly": 463.4, "shelter_capacity_within_500m": 2356.5, "building_form_group": "low_floor_high_density", "dong_name": "고척2동", "top1_feature": "building_ratio", "top1_shap": 1.1721, "top2_feature": "ndvi", "top2_shap": 0.6535, "top3_feature": "impervious_ratio", "top3_shap": 0.3627, "priority_score": 60.404, "priority_rank": 90 }, "geometry": { "type": "Polygon", "coordinates": [ [ [ 126.84947616936509, 37.500224977662221 ], [ 126.849456619549386, 37.502478248193981 ], [ 126.852284903199717, 37.502493790388101 ], [ 126.852304368035689, 37.500240518598758 ], [ 126.84947616936509, 37.500224977662221 ] ] ] } },
{ "type": "Feature", "properties": { "nearest_shelter_name": "송암경로당", "nearest_shelter_addr": "서울특별시 구로구 고척로52길 115", "nearest_shelter_lon": 126.855662, "nearest_shelter_lat": 37.499884, "member_grid_ids": ["11530_01542", "11530_01543", "11530_01607", "11530_01608", "11530_01609", "11530_01673", "11530_01674", "11530_01675"], "display_grid_id": "11530_00286", "gu_code": 11530, "gu_name": "구로구", "source_cell_count": 14, "area_m2": 62500.0, "mean_actual_lst": 41.047, "mean_actual_anomaly": 2.462, "seoul_anomaly": 3.7102, "pred_anomaly": 3.0395, "pred_anomaly_std": 0.7573, "green_delta_c": -0.5786, "building_ratio": 0.3796, "green_ratio": 0.2825, "ndvi": 0.1848, "impervious_ratio": 0.4393, "built_surface_ratio": 0.4393, "avg_ground_floor_count": 2.2919, "elevation_m": 35.5058, "albedo": 0.126, "nearest_park_distance_m": 0.3192, "park_area_within_500m": 175685.468, "nearest_stream_distance_m": 742.6544, "est_population_density": 21594.0, "dong_elderly_ratio": 0.2265, "dong_avg_age": 45.516, "dong_pop_density": 25552.004, "nearest_shelter_distance_m": 105.16, "shelter_count_within_500m": 11.56, "est_population": 1349.6, "est_elderly": 305.6, "shelter_capacity_within_500m": 2609.0, "building_form_group": "low_floor_high_density", "dong_name": "고척2동", "top1_feature": "building_ratio", "top1_shap": 0.924, "top2_feature": "impervious_ratio", "top2_shap": 0.4057, "top3_feature": "ndvi", "top3_shap": -0.0533, "priority_score": 70.3661, "priority_rank": 30 }, "geometry": { "type": "Polygon", "coordinates": [ [ [ 126.852304368035689, 37.500240518598758 ], [ 126.852284903199717, 37.502493790388101 ], [ 126.855113189017601, 37.502509264872486 ], [ 126.855132568873614, 37.500255991831018 ], [ 126.852304368035689, 37.500240518598758 ] ] ] } },
{ "type": "Feature", "properties": { "nearest_shelter_name": "소산경로당", "nearest_shelter_addr": "서울특별시 구로구 경서로5길 11-3", "nearest_shelter_lon": 126.857779, "nearest_shelter_lat": 37.501499, "member_grid_ids": ["11530_01544", "11530_01545", "11530_01546", "11530_01610", "11530_01611", "11530_01612", "11530_01676", "11530_01677", "11530_01678"], "display_grid_id": "11530_00287", "gu_code": 11530, "gu_name": "구로구", "source_cell_count": 9, "area_m2": 62500.0, "mean_actual_lst": 42.0076, "mean_actual_anomaly": 3.5109, "seoul_anomaly": 4.7591, "pred_anomaly": 3.4191, "pred_anomaly_std": 0.6834, "green_delta_c": -0.3129, "building_ratio": 0.3654, "green_ratio": 0.2115, "ndvi": 0.1168, "impervious_ratio": 0.5409, "built_surface_ratio": 0.5409, "avg_ground_floor_count": 3.5996, "elevation_m": 32.2622, "albedo": 0.1377, "nearest_park_distance_m": 40.9448, "park_area_within_500m": 240719.2672, "nearest_stream_distance_m": 780.014, "est_population_density": 31941.6, "dong_elderly_ratio": 0.2227, "dong_avg_age": 44.964, "dong_pop_density": 22123.74, "nearest_shelter_distance_m": 39.33, "shelter_count_within_500m": 14.44, "est_population": 1996.3, "est_elderly": 444.8, "shelter_capacity_within_500m": 1785.5, "building_form_group": "high_floor_high_density", "dong_name": "고척1동", "top1_feature": "building_ratio", "top1_shap": 1.019, "top2_feature": "impervious_ratio", "top2_shap": 0.4917, "top3_feature": "ndvi", "top3_shap": 0.3839, "priority_score": 68.9268, "priority_rank": 37 }, "geometry": { "type": "Polygon", "coordinates": [ [ [ 126.855132568873614, 37.500255991831018 ], [ 126.855113189017601, 37.502509264872486 ], [ 126.857941476993588, 37.502524671646952 ], [ 126.857960771869372, 37.500271397358858 ], [ 126.855132568873614, 37.500255991831018 ] ] ] } },
{ "type": "Feature", "properties": { "nearest_shelter_name": "소산경로당", "nearest_shelter_addr": "서울특별시 구로구 경서로5길 11-3", "nearest_shelter_lon": 126.857779, "nearest_shelter_lat": 37.501499, "member_grid_ids": ["11530_01547", "11530_01548", "11530_01612", "11530_01613", "11530_01614", "11530_01678", "11530_01679", "11530_01680"], "display_grid_id": "11530_00288", "gu_code": 11530, "gu_name": "구로구", "source_cell_count": 11, "area_m2": 62500.0, "mean_actual_lst": 39.5877, "mean_actual_anomaly": 1.0758, "seoul_anomaly": 2.324, "pred_anomaly": 1.8834, "pred_anomaly_std": 0.6862, "green_delta_c": -0.1878, "building_ratio": 0.2305, "green_ratio": 0.2472, "ndvi": 0.1034, "impervious_ratio": 0.3844, "built_surface_ratio": 0.3844, "avg_ground_floor_count": 13.4718, "elevation_m": 16.754, "albedo": 0.1185, "nearest_park_distance_m": 24.636, "park_area_within_500m": 210645.5656, "nearest_stream_distance_m": 833.0316, "est_population_density": 5642.4, "dong_elderly_ratio": 0.2242, "dong_avg_age": 44.9, "dong_pop_density": 20531.9, "nearest_shelter_distance_m": 39.33, "shelter_count_within_500m": 17.16, "est_population": 352.7, "est_elderly": 79.1, "shelter_capacity_within_500m": 912.5, "building_form_group": "high_floor_low_density", "dong_name": "고척1동", "top1_feature": "ndvi", "top1_shap": 0.4769, "top2_feature": "impervious_ratio", "top2_shap": 0.3935, "top3_feature": "avg_ground_floor_count", "top3_shap": -0.383, "priority_score": 41.7803, "priority_rank": 285 }, "geometry": { "type": "Polygon", "coordinates": [ [ [ 126.857960771869372, 37.500271397358858 ], [ 126.857941476993588, 37.502524671646952 ], [ 126.860769767118171, 37.502540010711343 ], [ 126.860788977013513, 37.500286735182094 ], [ 126.857960771869372, 37.500271397358858 ] ] ] } },
{ "type": "Feature", "properties": { "nearest_shelter_name": "고척1동주민센터", "nearest_shelter_addr": "서울특별시 구로구 중앙로3길 18-8", "nearest_shelter_lon": 126.862775, "nearest_shelter_lat": 37.500368, "member_grid_ids": ["11530_01549", "11530_01550", "11530_01551", "11530_01615", "11530_01616", "11530_01617", "11530_01681", "11530_01682", "11530_01683"], "display_grid_id": "11530_00289", "gu_code": 11530, "gu_name": "구로구", "source_cell_count": 12, "area_m2": 62500.0, "mean_actual_lst": 39.8752, "mean_actual_anomaly": 1.2381, "seoul_anomaly": 2.4863, "pred_anomaly": 1.7627, "pred_anomaly_std": 0.7623, "green_delta_c": -0.402, "building_ratio": 0.2302, "green_ratio": 0.2661, "ndvi": 0.2219, "impervious_ratio": 0.4756, "built_surface_ratio": 0.4756, "avg_ground_floor_count": 6.9666, "elevation_m": 19.3017, "albedo": 0.1294, "nearest_park_distance_m": 29.5136, "park_area_within_500m": 142435.0484, "nearest_stream_distance_m": 703.9788, "est_population_density": 1028.8, "dong_elderly_ratio": 0.2242, "dong_avg_age": 44.9, "dong_pop_density": 20531.9, "nearest_shelter_distance_m": 26.78, "shelter_count_within_500m": 17.88, "est_population": 64.3, "est_elderly": 14.4, "shelter_capacity_within_500m": 1098.0, "building_form_group": "high_floor_low_density", "dong_name": "고척1동", "top1_feature": "impervious_ratio", "top1_shap": 0.4574, "top2_feature": "ndvi", "top2_shap": -0.0442, "top3_feature": "building_ratio", "top3_shap": 0.3399, "priority_score": 44.9747, "priority_rank": 239 }, "geometry": { "type": "Polygon", "coordinates": [ [ [ 126.860788977013513, 37.500286735182094 ], [ 126.860769767118171, 37.502540010711343 ], [ 126.863598059381943, 37.502555282065494 ], [ 126.863617184296572, 37.500302005300576 ], [ 126.860788977013513, 37.500286735182094 ] ] ] } },
{ "type": "Feature", "properties": { "nearest_shelter_name": "동아한신(아)경로당", "nearest_shelter_addr": "서울특별시 구로구 중앙로6길 17 (고척동 동아한신아파트 상가동)", "nearest_shelter_lon": 126.864898, "nearest_shelter_lat": 37.501181, "member_grid_ids": ["11530_01552", "11530_01553", "11530_01617", "11530_01618", "11530_01619", "11530_01683", "11530_01684", "11530_01685"], "display_grid_id": "11530_00290", "gu_code": 11530, "gu_name": "구로구", "source_cell_count": 12, "area_m2": 62500.0, "mean_actual_lst": 40.3503, "mean_actual_anomaly": 1.8452, "seoul_anomaly": 3.0934, "pred_anomaly": 2.6042, "pred_anomaly_std": 0.6611, "green_delta_c": -0.1857, "building_ratio": 0.3258, "green_ratio": 0.2304, "ndvi": 0.1306, "impervious_ratio": 0.4984, "built_surface_ratio": 0.4984, "avg_ground_floor_count": 6.9042, "elevation_m": 23.3497, "albedo": 0.1139, "nearest_park_distance_m": 155.104, "park_area_within_500m": 66955.0932, "nearest_stream_distance_m": 476.1732, "est_population_density": 14763.2, "dong_elderly_ratio": 0.2242, "dong_avg_age": 44.9, "dong_pop_density": 20531.9, "nearest_shelter_distance_m": 14.25, "shelter_count_within_500m": 15.4, "est_population": 922.7, "est_elderly": 206.9, "shelter_capacity_within_500m": 1411.0, "building_form_group": "high_floor_high_density", "dong_name": "고척1동", "top1_feature": "building_ratio", "top1_shap": 0.7078, "top2_feature": "impervious_ratio", "top2_shap": 0.4564, "top3_feature": "ndvi", "top3_shap": 0.328, "priority_score": 47.9672, "priority_rank": 212 }, "geometry": { "type": "Polygon", "coordinates": [ [ [ 126.863617184296572, 37.500302005300576 ], [ 126.863598059381943, 37.502555282065494 ], [ 126.866426353775395, 37.502570485709256 ], [ 126.866445393709071, 37.500317207714147 ], [ 126.863617184296572, 37.500302005300576 ] ] ] } },
{ "type": "Feature", "properties": { "nearest_shelter_name": "고척경로당", "nearest_shelter_addr": "서울특별시 구로구 안양천로537다길 30 (고척동)", "nearest_shelter_lon": 126.868476, "nearest_shelter_lat": 37.501949, "member_grid_ids": ["11530_01554", "11530_01555", "11530_01556", "11530_01620", "11530_01621", "11530_01622", "11530_01686", "11530_01687", "11530_01688"], "display_grid_id": "11530_00291", "gu_code": 11530, "gu_name": "구로구", "source_cell_count": 12, "area_m2": 62500.0, "mean_actual_lst": 41.0905, "mean_actual_anomaly": 2.4293, "seoul_anomaly": 3.6776, "pred_anomaly": 2.6475, "pred_anomaly_std": 0.8525, "green_delta_c": -0.3925, "building_ratio": 0.3026, "green_ratio": 0.2463, "ndvi": 0.1837, "impervious_ratio": 0.5693, "built_surface_ratio": 0.5693, "avg_ground_floor_count": 3.2299, "elevation_m": 29.3298, "albedo": 0.136, "nearest_park_distance_m": 358.0176, "park_area_within_500m": 22237.5056, "nearest_stream_distance_m": 227.1828, "est_population_density": 22256.0, "dong_elderly_ratio": 0.2242, "dong_avg_age": 44.9, "dong_pop_density": 20531.9, "nearest_shelter_distance_m": 36.72, "shelter_count_within_500m": 9.28, "est_population": 1391.0, "est_elderly": 311.8, "shelter_capacity_within_500m": 1170.7, "building_form_group": "low_floor_high_density", "dong_name": "고척1동", "top1_feature": "building_ratio", "top1_shap": 0.6986, "top2_feature": "impervious_ratio", "top2_shap": 0.522, "top3_feature": "ndvi", "top3_shap": -0.0526, "priority_score": 64.4697, "priority_rank": 58 }, "geometry": { "type": "Polygon", "coordinates": [ [ [ 126.866445393709071, 37.500317207714147 ], [ 126.866426353775395, 37.502570485709256 ], [ 126.869254650289136, 37.502585621642488 ], [ 126.86927360524156, 37.500332342422652 ], [ 126.866445393709071, 37.500317207714147 ] ] ] } },
{ "type": "Feature", "properties": { "nearest_shelter_name": "고척경로당", "nearest_shelter_addr": "서울특별시 구로구 안양천로537다길 30 (고척동)", "nearest_shelter_lon": 126.868476, "nearest_shelter_lat": 37.501949, "member_grid_ids": ["11530_01557", "11530_01558", "11530_01622", "11530_01623", "11530_01624", "11530_01688", "11530_01689", "11530_01690"], "display_grid_id": "11530_00292", "gu_code": 11530, "gu_name": "구로구", "source_cell_count": 10, "area_m2": 62500.0, "mean_actual_lst": 38.096, "mean_actual_anomaly": -0.6154, "seoul_anomaly": 0.6328, "pred_anomaly": -0.9465, "pred_anomaly_std": 0.8505, "green_delta_c": -0.6101, "building_ratio": 0.1033, "green_ratio": 0.3714, "ndvi": 0.2227, "impervious_ratio": 0.2694, "built_surface_ratio": 0.2694, "avg_ground_floor_count": 0.689, "elevation_m": 11.686, "albedo": 0.1439, "nearest_park_distance_m": 216.5296, "park_area_within_500m": 38643.7024, "nearest_stream_distance_m": 31.9716, "est_population_density": 776.8, "dong_elderly_ratio": 0.2149, "dong_avg_age": 47.86, "dong_pop_density": 20763.74, "nearest_shelter_distance_m": 72.17, "shelter_count_within_500m": 5.36, "est_population": 48.6, "est_elderly": 10.9, "shelter_capacity_within_500m": 726.7, "building_form_group": "low_floor_low_density", "dong_name": "구로2동", "top1_feature": "green_ratio", "top1_shap": -0.1897, "top2_feature": "elevation_m", "top2_shap": -0.2899, "top3_feature": "building_ratio", "top3_shap": -0.2437, "priority_score": 47.1149, "priority_rank": 217 }, "geometry": { "type": "Polygon", "coordinates": [ [ [ 126.86927360524156, 37.500332342422652 ], [ 126.869254650289136, 37.502585621642488 ], [ 126.872082948913615, 37.502600689865005 ], [ 126.872101818884602, 37.500347409425935 ], [ 126.86927360524156, 37.500332342422652 ] ] ] } },
{ "type": "Feature", "properties": { "nearest_shelter_name": "현대의보(아)경로당", "nearest_shelter_addr": "서울특별시 구로구 구일로8길 121 (현대의보아파트 관리사무실)", "nearest_shelter_lon": 126.875938, "nearest_shelter_lat": 37.498304, "member_grid_ids": ["11530_01559", "11530_01560", "11530_01561", "11530_01625", "11530_01626", "11530_01627", "11530_01691", "11530_01692", "11530_01693"], "display_grid_id": "11530_00293", "gu_code": 11530, "gu_name": "구로구", "source_cell_count": 14, "area_m2": 62500.0, "mean_actual_lst": 40.259, "mean_actual_anomaly": 1.7246, "seoul_anomaly": 2.9729, "pred_anomaly": 2.1938, "pred_anomaly_std": 0.9703, "green_delta_c": -0.4817, "building_ratio": 0.3261, "green_ratio": 0.3285, "ndvi": 0.1939, "impervious_ratio": 0.4302, "built_surface_ratio": 0.4302, "avg_ground_floor_count": 3.3244, "elevation_m": 13.5833, "albedo": 0.1416, "nearest_park_distance_m": 47.5916, "park_area_within_500m": 146530.6012, "nearest_stream_distance_m": 173.342, "est_population_density": 0.0, "dong_elderly_ratio": 0.2126, "dong_avg_age": 48.6, "dong_pop_density": 20821.7, "nearest_shelter_distance_m": 245.14, "shelter_count_within_500m": 5.04, "est_population": 0.0, "est_elderly": 0.0, "shelter_capacity_within_500m": 134.0, "building_form_group": "high_floor_high_density", "dong_name": "구로2동", "top1_feature": "building_ratio", "top1_shap": 0.6167, "top2_feature": "impervious_ratio", "top2_shap": 0.4444, "top3_feature": "ndvi", "top3_shap": -0.0127, "priority_score": 54.5139, "priority_rank": 144 }, "geometry": { "type": "Polygon", "coordinates": [ [ [ 126.872101818884602, 37.500347409425935 ], [ 126.872082948913615, 37.502600689865005 ], [ 126.874911249639425, 37.502615690376665 ], [ 126.874930034628704, 37.500362408723831 ], [ 126.872101818884602, 37.500347409425935 ] ] ] } },
{ "type": "Feature", "properties": { "nearest_shelter_name": "문화경로당", "nearest_shelter_addr": "서울특별시 구로구 경인로58길 7", "nearest_shelter_lon": 126.879565, "nearest_shelter_lat": 37.502132, "member_grid_ids": ["11530_01562", "11530_01563", "11530_01627", "11530_01628", "11530_01629", "11530_01693", "11530_01694", "11530_01695"], "display_grid_id": "11530_00294", "gu_code": 11530, "gu_name": "구로구", "source_cell_count": 10, "area_m2": 62500.0, "mean_actual_lst": 41.9946, "mean_actual_anomaly": 3.6785, "seoul_anomaly": 4.9268, "pred_anomaly": 3.4941, "pred_anomaly_std": 0.814, "green_delta_c": -0.468, "building_ratio": 0.364, "green_ratio": 0.2257, "ndvi": 0.1275, "impervious_ratio": 0.5166, "built_surface_ratio": 0.5166, "avg_ground_floor_count": 4.6646, "elevation_m": 15.385, "albedo": 0.1289, "nearest_park_distance_m": 38.6444, "park_area_within_500m": 288843.3044, "nearest_stream_distance_m": 406.4404, "est_population_density": 0.0, "dong_elderly_ratio": 0.2126, "dong_avg_age": 48.6, "dong_pop_density": 20821.7, "nearest_shelter_distance_m": 211.1, "shelter_count_within_500m": 6.56, "est_population": 0.0, "est_elderly": 0.0, "shelter_capacity_within_500m": 440.5, "building_form_group": "high_floor_high_density", "dong_name": "구로2동", "top1_feature": "building_ratio", "top1_shap": 0.9072, "top2_feature": "impervious_ratio", "top2_shap": 0.4929, "top3_feature": "ndvi", "top3_shap": 0.4309, "priority_score": 64.6528, "priority_rank": 57 }, "geometry": { "type": "Polygon", "coordinates": [ [ [ 126.874930034628704, 37.500362408723831 ], [ 126.874911249639425, 37.502615690376665 ], [ 126.877739552457086, 37.502630623177303 ], [ 126.877758252464432, 37.500377340316184 ], [ 126.874930034628704, 37.500362408723831 ] ] ] } },
{ "type": "Feature", "properties": { "nearest_shelter_name": "문화경로당", "nearest_shelter_addr": "서울특별시 구로구 경인로58길 7", "nearest_shelter_lon": 126.879565, "nearest_shelter_lat": 37.502132, "member_grid_ids": ["11530_01564", "11530_01565", "11530_01566", "11530_01630", "11530_01631", "11530_01632", "11530_01696", "11530_01697", "11530_01698"], "display_grid_id": "11530_00295", "gu_code": 11530, "gu_name": "구로구", "source_cell_count": 13, "area_m2": 62500.0, "mean_actual_lst": 41.3778, "mean_actual_anomaly": 3.2902, "seoul_anomaly": 4.5385, "pred_anomaly": 3.0912, "pred_anomaly_std": 0.8669, "green_delta_c": -0.5107, "building_ratio": 0.2364, "green_ratio": 0.2571, "ndvi": 0.1452, "impervious_ratio": 0.5065, "built_surface_ratio": 0.5065, "avg_ground_floor_count": 3.0134, "elevation_m": 15.4009, "albedo": 0.1221, "nearest_park_distance_m": 8.6248, "park_area_within_500m": 418896.6192, "nearest_stream_distance_m": 658.5752, "est_population_density": 0.0, "dong_elderly_ratio": 0.2084, "dong_avg_age": 48.0, "dong_pop_density": 20764.204, "nearest_shelter_distance_m": 12.7, "shelter_count_within_500m": 9.96, "est_population": 0.0, "est_elderly": 0.0, "shelter_capacity_within_500m": 1749.3, "building_form_group": "low_floor_low_density", "dong_name": "구로2동", "top1_feature": "impervious_ratio", "top1_shap": 0.5387, "top2_feature": "building_ratio", "top2_shap": 0.4204, "top3_feature": "ndvi", "top3_shap": 0.2896, "priority_score": 56.2184, "priority_rank": 127 }, "geometry": { "type": "Polygon", "coordinates": [ [ [ 126.877758252464432, 37.500377340316184 ], [ 126.877739552457086, 37.502630623177303 ], [ 126.880567857357164, 37.502645488266793 ], [ 126.880586472382291, 37.500392204202853 ], [ 126.877758252464432, 37.500377340316184 ] ] ] } },
{ "type": "Feature", "properties": { "nearest_shelter_name": "롯데(아)경로당", "nearest_shelter_addr": "서울특별시 구로구 새말로 31 (신도림롯데아파트 경비실)", "nearest_shelter_lon": 126.88355, "nearest_shelter_lat": 37.502656, "member_grid_ids": ["11530_01567", "11530_01568", "11530_01632", "11530_01633", "11530_01634", "11530_01698", "11530_01699", "11530_01700"], "display_grid_id": "11530_00296", "gu_code": 11530, "gu_name": "구로구", "source_cell_count": 10, "area_m2": 62500.0, "mean_actual_lst": 40.2078, "mean_actual_anomaly": 2.1824, "seoul_anomaly": 3.4306, "pred_anomaly": 2.5673, "pred_anomaly_std": 0.8456, "green_delta_c": -0.2404, "building_ratio": 0.2333, "green_ratio": 0.2206, "ndvi": 0.0814, "impervious_ratio": 0.4746, "built_surface_ratio": 0.4746, "avg_ground_floor_count": 6.8446, "elevation_m": 24.0739, "albedo": 0.1228, "nearest_park_distance_m": 0.0, "park_area_within_500m": 429463.9856, "nearest_stream_distance_m": 866.124, "est_population_density": 10814.4, "dong_elderly_ratio": 0.1879, "dong_avg_age": 45.432, "dong_pop_density": 29271.836, "nearest_shelter_distance_m": 80.55, "shelter_count_within_500m": 14.36, "est_population": 675.9, "est_elderly": 120.5, "shelter_capacity_within_500m": 2315.3, "building_form_group": "high_floor_high_density", "dong_name": "구로5동", "top1_feature": "ndvi", "top1_shap": 0.6096, "top2_feature": "impervious_ratio", "top2_shap": 0.4322, "top3_feature": "building_ratio", "top3_shap": 0.2925, "priority_score": 55.7386, "priority_rank": 130 }, "geometry": { "type": "Polygon", "coordinates": [ [ [ 126.880586472382291, 37.500392204202853 ], [ 126.880567857357164, 37.502645488266793 ], [ 126.883396164330165, 37.502660285644943 ], [ 126.88341469437286, 37.500407000383682 ], [ 126.880586472382291, 37.500392204202853 ] ] ] } },
{ "type": "Feature", "properties": { "nearest_shelter_name": "덕영드림(아)경로당", "nearest_shelter_addr": "서울특별시 구로구 구로중앙로34길 17 (덕영드림아파트)", "nearest_shelter_lon": 126.883937, "nearest_shelter_lat": 37.501037, "member_grid_ids": ["11530_01569", "11530_01570", "11530_01571", "11530_01635", "11530_01636", "11530_01637", "11530_01701", "11530_01702", "11530_01703"], "display_grid_id": "11530_00297", "gu_code": 11530, "gu_name": "구로구", "source_cell_count": 15, "area_m2": 62500.0, "mean_actual_lst": 41.3613, "mean_actual_anomaly": 3.0683, "seoul_anomaly": 4.3166, "pred_anomaly": 3.5262, "pred_anomaly_std": 0.5979, "green_delta_c": -0.2275, "building_ratio": 0.4103, "green_ratio": 0.2473, "ndvi": 0.0997, "impervious_ratio": 0.3712, "built_surface_ratio": 0.3712, "avg_ground_floor_count": 4.8365, "elevation_m": 23.8096, "albedo": 0.1124, "nearest_park_distance_m": 48.6408, "park_area_within_500m": 363325.2692, "nearest_stream_distance_m": 726.7792, "est_population_density": 33221.2, "dong_elderly_ratio": 0.1783, "dong_avg_age": 44.2, "dong_pop_density": 32558.0, "nearest_shelter_distance_m": 30.59, "shelter_count_within_500m": 17.0, "est_population": 2076.3, "est_elderly": 370.2, "shelter_capacity_within_500m": 2700.0, "building_form_group": "low_floor_high_density", "dong_name": "구로5동", "top1_feature": "building_ratio", "top1_shap": 1.1336, "top2_feature": "ndvi", "top2_shap": 0.5001, "top3_feature": "impervious_ratio", "top3_shap": 0.407, "priority_score": 54.6338, "priority_rank": 140 }, "geometry": { "type": "Polygon", "coordinates": [ [ [ 126.88341469437286, 37.500407000383682 ], [ 126.883396164330165, 37.502660285644943 ], [ 126.886224473366639, 37.502675015311617 ], [ 126.886242918426632, 37.500421728858512 ], [ 126.88341469437286, 37.500407000383682 ] ] ] } },
{ "type": "Feature", "properties": { "nearest_shelter_name": "푸른솔경로당", "nearest_shelter_addr": "서울특별시 구로구 구로중앙로32나길 12", "nearest_shelter_lon": 126.885526, "nearest_shelter_lat": 37.501599, "member_grid_ids": ["11530_01572", "11530_01573", "11530_01637", "11530_01638", "11530_01639", "11530_01703", "11530_01704", "11530_01705"], "display_grid_id": "11530_00298", "gu_code": 11530, "gu_name": "구로구", "source_cell_count": 14, "area_m2": 62500.0, "mean_actual_lst": 41.2999, "mean_actual_anomaly": 2.9269, "seoul_anomaly": 4.1751, "pred_anomaly": 3.3376, "pred_anomaly_std": 0.6514, "green_delta_c": -0.2916, "building_ratio": 0.4035, "green_ratio": 0.2631, "ndvi": 0.1083, "impervious_ratio": 0.3058, "built_surface_ratio": 0.3058, "avg_ground_floor_count": 5.557, "elevation_m": 19.0606, "albedo": 0.1162, "nearest_park_distance_m": 37.3008, "park_area_within_500m": 235751.9372, "nearest_stream_distance_m": 487.5184, "est_population_density": 40383.6, "dong_elderly_ratio": 0.1783, "dong_avg_age": 44.2, "dong_pop_density": 32558.0, "nearest_shelter_distance_m": 69.79, "shelter_count_within_500m": 19.88, "est_population": 2524.0, "est_elderly": 450.0, "shelter_capacity_within_500m": 3227.0, "building_form_group": "high_floor_high_density", "dong_name": "구로5동", "top1_feature": "building_ratio", "top1_shap": 1.0941, "top2_feature": "ndvi", "top2_shap": 0.5819, "top3_feature": "impervious_ratio", "top3_shap": 0.317, "priority_score": 64.8864, "priority_rank": 56 }, "geometry": { "type": "Polygon", "coordinates": [ [ [ 126.886242918426632, 37.500421728858512 ], [ 126.886224473366639, 37.502675015311617 ], [ 126.889052784457107, 37.502689677266666 ], [ 126.889071144534185, 37.50043638962719 ], [ 126.886242918426632, 37.500421728858512 ] ] ] } },
{ "type": "Feature", "properties": { "nearest_shelter_name": "다솜(아)경로당", "nearest_shelter_addr": "서울특별시 구로구 새말로16길 70 (다솜금호아파트)", "nearest_shelter_lon": 126.89205, "nearest_shelter_lat": 37.502397, "member_grid_ids": ["11530_01574", "11530_01575", "11530_01576", "11530_01640", "11530_01641", "11530_01642", "11530_01706", "11530_01707", "11530_01708"], "display_grid_id": "11530_00299", "gu_code": 11530, "gu_name": "구로구", "source_cell_count": 12, "area_m2": 62500.0, "mean_actual_lst": 38.8368, "mean_actual_anomaly": 0.5024, "seoul_anomaly": 1.7507, "pred_anomaly": 1.4785, "pred_anomaly_std": 0.7783, "green_delta_c": -0.3574, "building_ratio": 0.2441, "green_ratio": 0.2457, "ndvi": 0.1579, "impervious_ratio": 0.4315, "built_surface_ratio": 0.4315, "avg_ground_floor_count": 11.5728, "elevation_m": 19.5219, "albedo": 0.1143, "nearest_park_distance_m": 149.8276, "park_area_within_500m": 96804.3868, "nearest_stream_distance_m": 228.6856, "est_population_density": 3428.0, "dong_elderly_ratio": 0.1783, "dong_avg_age": 44.2, "dong_pop_density": 32558.0, "nearest_shelter_distance_m": 21.6, "shelter_count_within_500m": 17.76, "est_population": 214.3, "est_elderly": 38.2, "shelter_capacity_within_500m": 3573.5, "building_form_group": "high_floor_high_density", "dong_name": "구로5동", "top1_feature": "building_ratio", "top1_shap": 0.4416, "top2_feature": "impervious_ratio", "top2_shap": 0.3764, "top3_feature": "avg_ground_floor_count", "top3_shap": -0.3198, "priority_score": 42.5631, "priority_rank": 275 }, "geometry": { "type": "Polygon", "coordinates": [ [ [ 126.889071144534185, 37.50043638962719 ], [ 126.889052784457107, 37.502689677266666 ], [ 126.891881097592147, 37.502704271509934 ], [ 126.891899372686041, 37.500450982689571 ], [ 126.889071144534185, 37.50043638962719 ] ] ] } },
{ "type": "Feature", "properties": { "nearest_shelter_name": "다솜(아)경로당", "nearest_shelter_addr": "서울특별시 구로구 새말로16길 70 (다솜금호아파트)", "nearest_shelter_lon": 126.89205, "nearest_shelter_lat": 37.502397, "member_grid_ids": ["11530_01577", "11530_01642", "11530_01643", "11530_01708", "11530_01709"], "display_grid_id": "11530_00300", "gu_code": 11530, "gu_name": "구로구", "source_cell_count": 6, "area_m2": 21382.01, "mean_actual_lst": 39.2937, "mean_actual_anomaly": 1.0241, "seoul_anomaly": 2.2724, "pred_anomaly": 1.635, "pred_anomaly_std": 0.8068, "green_delta_c": -0.3653, "building_ratio": 0.2719, "green_ratio": 0.2286, "ndvi": 0.1527, "impervious_ratio": 0.5216, "built_surface_ratio": 0.5216, "avg_ground_floor_count": 9.0327, "elevation_m": 17.4517, "albedo": 0.1178, "nearest_park_distance_m": 272.2181, "park_area_within_500m": 56047.8013, "nearest_stream_distance_m": 80.4305, "est_population_density": 20.7053, "dong_elderly_ratio": 0.1783, "dong_avg_age": 44.2, "dong_pop_density": 32558.0, "nearest_shelter_distance_m": 21.6, "shelter_count_within_500m": 15.3491, "est_population": 0.4, "est_elderly": 0.1, "shelter_capacity_within_500m": 1930.5, "building_form_group": "high_floor_high_density", "dong_name": "구로5동", "top1_feature": "building_ratio", "top1_shap": 0.5544, "top2_feature": "impervious_ratio", "top2_shap": 0.4888, "top3_feature": "avg_ground_floor_count", "top3_shap": -0.3261, "priority_score": 42.0013, "priority_rank": 281 }, "geometry": { "type": "Polygon", "coordinates": [ [ [ 126.891899372686041, 37.500450982689571 ], [ 126.891881097592147, 37.502704271509934 ], [ 126.893109591015474, 37.502710589503863 ], [ 126.89313325, 37.50267659 ], [ 126.893131850000017, 37.50266814 ], [ 126.893066419999982, 37.50257966 ], [ 126.893018450000014, 37.50251402 ], [ 126.89299905, 37.50248754 ], [ 126.892992, 37.5024771 ], [ 126.892947919999983, 37.50240866 ], [ 126.89288004, 37.50230273 ], [ 126.89279136, 37.5021658 ], [ 126.89273159, 37.50207312 ], [ 126.89277203, 37.50197207 ], [ 126.89283569, 37.50181305 ], [ 126.892921339999987, 37.5016059 ], [ 126.89293251, 37.50157492 ], [ 126.8929216, 37.50154311 ], [ 126.892869350000012, 37.50138989 ], [ 126.89285968, 37.50136145 ], [ 126.89284471, 37.50131806 ], [ 126.89283873, 37.50130061 ], [ 126.89283469, 37.50128907 ], [ 126.89283011, 37.50127583 ], [ 126.892819550000013, 37.50124483 ], [ 126.892807940000012, 37.50121076 ], [ 126.89279703, 37.5011795 ], [ 126.892783129999984, 37.5011381 ], [ 126.89277855, 37.50112486 ], [ 126.8927751, 37.50107220000001 ], [ 126.89277406, 37.50105503 ], [ 126.89277216, 37.50102575 ], [ 126.892760580000015, 37.50084244 ], [ 126.89276201, 37.50083343 ], [ 126.89276627, 37.500820760000018 ], [ 126.892785440000011, 37.50076419 ], [ 126.892853230000014, 37.50056461 ], [ 126.892890228958024, 37.500456079281527 ], [ 126.891899372686041, 37.500450982689571 ] ] ] } },
{ "type": "Feature", "properties": { "nearest_shelter_name": "궁동어린이도서관", "nearest_shelter_addr": "서울특별시 구로구 오리로 1352 (궁동어린이도서관)", "nearest_shelter_lon": 126.829314, "nearest_shelter_lat": 37.50219, "member_grid_ids": ["11530_01710", "11530_01711", "11530_01712", "11530_01774", "11530_01775", "11530_01776", "11530_01837", "11530_01838", "11530_01839"], "display_grid_id": "11530_00301", "gu_code": 11530, "gu_name": "구로구", "source_cell_count": 12, "area_m2": 49604.64, "mean_actual_lst": 31.7974, "mean_actual_anomaly": -6.9658, "seoul_anomaly": -5.7176, "pred_anomaly": -4.8169, "pred_anomaly_std": 0.8108, "green_delta_c": -0.4045, "building_ratio": 0.0082, "green_ratio": 0.7393, "ndvi": 0.4979, "impervious_ratio": 0.0862, "built_surface_ratio": 0.0862, "avg_ground_floor_count": 0.4032, "elevation_m": 89.4337, "albedo": 0.1468, "nearest_park_distance_m": 507.8237, "park_area_within_500m": 813.7913, "nearest_stream_distance_m": 1517.4479, "est_population_density": 0.0, "dong_elderly_ratio": 0.2188, "dong_avg_age": 44.8, "dong_pop_density": 8657.5, "nearest_shelter_distance_m": 474.51, "shelter_count_within_500m": 0.2016, "est_population": 0.0, "est_elderly": 0.0, "shelter_capacity_within_500m": 120.0, "building_form_group": "no_building", "dong_name": "수궁동", "top1_feature": "building_ratio", "top1_shap": -1.2307, "top2_feature": "impervious_ratio", "top2_shap": -0.6784, "top3_feature": "green_ratio", "top3_shap": -0.5538, "priority_score": 29.2109, "priority_rank": 383 }, "geometry": { "type": "Polygon", "coordinates": [ [ [ 126.823981848914059, 37.504588579630614 ], [ 126.824002165797552, 37.502335321534709 ], [ 126.821557121331239, 37.502321303859787 ], [ 126.821555380000021, 37.50236202 ], [ 126.821551539999987, 37.50241748 ], [ 126.821543439999985, 37.50262357 ], [ 126.82154659, 37.50270889 ], [ 126.821554230000018, 37.50284123 ], [ 126.821563270000013, 37.50290207 ], [ 126.82159042, 37.50300178 ], [ 126.82165169000001, 37.50324317 ], [ 126.82181245000001, 37.50355707 ], [ 126.82187439, 37.50366641 ], [ 126.82197597, 37.50389576 ], [ 126.82197264, 37.50410609 ], [ 126.821913760000015, 37.50427268 ], [ 126.82187818, 37.50436639 ], [ 126.821826920000021, 37.50452201 ], [ 126.82182671, 37.50453778 ], [ 126.821840085106345, 37.50457630281857 ], [ 126.823981848914059, 37.504588579630614 ] ] ] } },
{ "type": "Feature", "properties": { "nearest_shelter_name": "궁동어린이도서관", "nearest_shelter_addr": "서울특별시 구로구 오리로 1352 (궁동어린이도서관)", "nearest_shelter_lon": 126.829314, "nearest_shelter_lat": 37.50219, "member_grid_ids": ["11530_01712", "11530_01713", "11530_01714", "11530_01776", "11530_01777", "11530_01778", "11530_01840", "11530_01841"], "display_grid_id": "11530_00302", "gu_code": 11530, "gu_name": "구로구", "source_cell_count": 14, "area_m2": 62500.0, "mean_actual_lst": 33.8299, "mean_actual_anomaly": -4.815, "seoul_anomaly": -3.5668, "pred_anomaly": -3.4976, "pred_anomaly_std": 0.8874, "green_delta_c": -0.7205, "building_ratio": 0.0318, "green_ratio": 0.6826, "ndvi": 0.4648, "impervious_ratio": 0.141, "built_surface_ratio": 0.141, "avg_ground_floor_count": 0.32, "elevation_m": 61.4449, "albedo": 0.1488, "nearest_park_distance_m": 528.254, "park_area_within_500m": 1030.4288, "nearest_stream_distance_m": 1414.2068, "est_population_density": 0.0, "dong_elderly_ratio": 0.2188, "dong_avg_age": 44.8, "dong_pop_density": 8657.5, "nearest_shelter_distance_m": 278.21, "shelter_count_within_500m": 0.96, "est_population": 0.0, "est_elderly": 0.0, "shelter_capacity_within_500m": 720.0, "building_form_group": "no_building", "dong_name": "수궁동", "top1_feature": "building_ratio", "top1_shap": -0.9929, "top2_feature": "green_ratio", "top2_shap": -0.635, "top3_feature": "impervious_ratio", "top3_shap": -0.3635, "priority_score": 38.8447, "priority_rank": 318 }, "geometry": { "type": "Polygon", "coordinates": [ [ [ 126.824002165797552, 37.502335321534709 ], [ 126.823981848914059, 37.504588579630614 ], [ 126.826810197617434, 37.504604732512163 ], [ 126.826830429514118, 37.5023514731093 ], [ 126.824002165797552, 37.502335321534709 ] ] ] } },
{ "type": "Feature", "properties": { "nearest_shelter_name": "궁동어린이도서관", "nearest_shelter_addr": "서울특별시 구로구 오리로 1352 (궁동어린이도서관)", "nearest_shelter_lon": 126.829314, "nearest_shelter_lat": 37.50219, "member_grid_ids": ["11530_01715", "11530_01716", "11530_01717", "11530_01779", "11530_01780", "11530_01781", "11530_01842", "11530_01843", "11530_01844"], "display_grid_id": "11530_00303", "gu_code": 11530, "gu_name": "구로구", "source_cell_count": 15, "area_m2": 62500.0, "mean_actual_lst": 34.7309, "mean_actual_anomaly": -3.7514, "seoul_anomaly": -2.5032, "pred_anomaly": -1.0096, "pred_anomaly_std": 0.8201, "green_delta_c": -0.2856, "building_ratio": 0.1174, "green_ratio": 0.4776, "ndvi": 0.3465, "impervious_ratio": 0.3426, "built_surface_ratio": 0.3426, "avg_ground_floor_count": 2.8727, "elevation_m": 42.3007, "albedo": 0.1433, "nearest_park_distance_m": 396.9928, "park_area_within_500m": 9038.5972, "nearest_stream_distance_m": 1318.0824, "est_population_density": 0.0, "dong_elderly_ratio": 0.2188, "dong_avg_age": 44.8, "dong_pop_density": 8657.5, "nearest_shelter_distance_m": 75.92, "shelter_count_within_500m": 1.64, "est_population": 0.0, "est_elderly": 0.0, "shelter_capacity_within_500m": 2076.5, "building_form_group": "high_floor_low_density", "dong_name": "수궁동", "top1_feature": "ndvi", "top1_shap": -0.6717, "top2_feature": "green_ratio", "top2_shap": -0.631, "top3_feature": "impervious_ratio", "top3_shap": 0.1916, "priority_score": 25.5871, "priority_rank": 391 }, "geometry": { "type": "Polygon", "coordinates": [ [ [ 126.826830429514118, 37.5023514731093 ], [ 126.826810197617434, 37.504604732512163 ], [ 126.829638548573797, 37.504620817679964 ], [ 126.829658695483388, 37.502367556975607 ], [ 126.826830429514118, 37.5023514731093 ] ] ] } },
{ "type": "Feature", "properties": { "nearest_shelter_name": "궁동어린이도서관", "nearest_shelter_addr": "서울특별시 구로구 오리로 1352 (궁동어린이도서관)", "nearest_shelter_lon": 126.829314, "nearest_shelter_lat": 37.50219, "member_grid_ids": ["11530_01717", "11530_01718", "11530_01719", "11530_01781", "11530_01782", "11530_01783", "11530_01845", "11530_01846"], "display_grid_id": "11530_00304", "gu_code": 11530, "gu_name": "구로구", "source_cell_count": 13, "area_m2": 62148.6, "mean_actual_lst": 33.12, "mean_actual_anomaly": -5.1957, "seoul_anomaly": -3.9474, "pred_anomaly": -2.689, "pred_anomaly_std": 0.7788, "green_delta_c": -0.6418, "building_ratio": 0.0598, "green_ratio": 0.6308, "ndvi": 0.4364, "impervious_ratio": 0.2162, "built_surface_ratio": 0.2162, "avg_ground_floor_count": 0.2344, "elevation_m": 51.0949, "albedo": 0.1327, "nearest_park_distance_m": 295.8137, "park_area_within_500m": 31633.0722, "nearest_stream_distance_m": 1269.3416, "est_population_density": 0.0, "dong_elderly_ratio": 0.2188, "dong_avg_age": 44.8, "dong_pop_density": 8657.5, "nearest_shelter_distance_m": 75.92, "shelter_count_within_500m": 2.4425, "est_population": 0.0, "est_elderly": 0.0, "shelter_capacity_within_500m": 2440.8, "building_form_group": "no_building", "dong_name": "수궁동", "top1_feature": "building_ratio", "top1_shap": -0.9235, "top2_feature": "impervious_ratio", "top2_shap": -0.089, "top3_feature": "green_ratio", "top3_shap": -0.446, "priority_score": 34.3876, "priority_rank": 360 }, "geometry": { "type": "Polygon", "coordinates": [ [ [ 126.832486963695914, 37.50238357313345 ], [ 126.829658695483388, 37.502367556975607 ], [ 126.829638548573797, 37.504620817679964 ], [ 126.83206898894305, 37.504634585778447 ], [ 126.832073640000019, 37.5046312 ], [ 126.832468493442207, 37.50445807550674 ], [ 126.832486963695914, 37.50238357313345 ] ] ] } },
{ "type": "Feature", "properties": { "nearest_shelter_name": "신정숲속마을아파트경로당(사립)", "nearest_shelter_addr": "서울특별시 양천구 신정로 110 (신정숲속마을)", "nearest_shelter_lon": 126.835059, "nearest_shelter_lat": 37.505967, "member_grid_ids": ["11530_01720", "11530_01721", "11530_01722", "11530_01784", "11530_01785", "11530_01847"], "display_grid_id": "11530_00305", "gu_code": 11530, "gu_name": "구로구", "source_cell_count": 12, "area_m2": 33510.24, "mean_actual_lst": 32.9201, "mean_actual_anomaly": -5.4335, "seoul_anomaly": -4.1853, "pred_anomaly": -3.1431, "pred_anomaly_std": 0.7664, "green_delta_c": -0.5016, "building_ratio": 0.0382, "green_ratio": 0.6459, "ndvi": 0.4751, "impervious_ratio": 0.1911, "built_surface_ratio": 0.1911, "avg_ground_floor_count": 0.5811, "elevation_m": 57.6894, "albedo": 0.1341, "nearest_park_distance_m": 222.309, "park_area_within_500m": 38359.4527, "nearest_stream_distance_m": 1194.3865, "est_population_density": 0.0, "dong_elderly_ratio": 0.2181, "dong_avg_age": 44.7559, "dong_pop_density": 8870.073, "nearest_shelter_distance_m": 282.85, "shelter_count_within_500m": 2.3922, "est_population": 0.0, "est_elderly": 0.0, "shelter_capacity_within_500m": 1486.1, "building_form_group": "low_floor_low_density", "dong_name": "수궁동", "top1_feature": "green_ratio", "top1_shap": -0.7787, "top2_feature": "building_ratio", "top2_shap": -0.6315, "top3_feature": "ndvi", "top3_shap": -0.6208, "priority_score": 33.3775, "priority_rank": 365 }, "geometry": { "type": "Polygon", "coordinates": [ [ [ 126.835315234142229, 37.502399521582696 ], [ 126.832486963695914, 37.50238357313345 ], [ 126.832468493442207, 37.50445807550674 ], [ 126.83291279, 37.50426327 ], [ 126.83293211, 37.50424357 ], [ 126.83296274, 37.50421491 ], [ 126.83299444, 37.50413652000001 ], [ 126.833012130000014, 37.50409277 ], [ 126.83303056, 37.504081480000011 ], [ 126.83305019, 37.50406947 ], [ 126.833072480000013, 37.50405369 ], [ 126.83308434, 37.5040453 ], [ 126.83356106, 37.50391111 ], [ 126.83357119, 37.50390378 ], [ 126.83359062, 37.50388975 ], [ 126.83360559, 37.50388091 ], [ 126.83362246, 37.50387094 ], [ 126.83376451, 37.50367434 ], [ 126.83383748, 37.50357335 ], [ 126.83389619, 37.50349203 ], [ 126.83393905, 37.50343271 ], [ 126.83396951, 37.50340179 ], [ 126.83399341, 37.50337901000001 ], [ 126.83405187000001, 37.50335186 ], [ 126.834146960000012, 37.50330771 ], [ 126.8343035, 37.50325897 ], [ 126.83450788, 37.50319532 ], [ 126.834672400000017, 37.50311221 ], [ 126.83524653, 37.50286946 ], [ 126.835310963250379, 37.50288127049518 ], [ 126.835315234142229, 37.502399521582696 ] ] ] } },
{ "type": "Feature", "properties": { "nearest_shelter_name": "개봉건영(아)경로당", "nearest_shelter_addr": "서울특별시 구로구 고척로21나길 85-6 (건영아파트 101동)", "nearest_shelter_lon": 126.840425, "nearest_shelter_lat": 37.501172, "member_grid_ids": ["11530_01722", "11530_01723", "11530_01724", "11530_01787"], "display_grid_id": "11530_00306", "gu_code": 11530, "gu_name": "구로구", "source_cell_count": 8, "area_m2": 22131.37, "mean_actual_lst": 31.9505, "mean_actual_anomaly": -6.6491, "seoul_anomaly": -5.4009, "pred_anomaly": -4.7529, "pred_anomaly_std": 0.6465, "green_delta_c": -0.8235, "building_ratio": 0.0, "green_ratio": 0.8104, "ndvi": 0.5345, "impervious_ratio": 0.0454, "built_surface_ratio": 0.0454, "avg_ground_floor_count": 0.0, "elevation_m": 85.7333, "albedo": 0.1389, "nearest_park_distance_m": 284.0201, "park_area_within_500m": 33966.6653, "nearest_stream_distance_m": 1120.6728, "est_population_density": 0.0, "dong_elderly_ratio": 0.2193, "dong_avg_age": 45.06, "dong_pop_density": 23259.9034, "nearest_shelter_distance_m": 313.82, "shelter_count_within_500m": 6.1332, "est_population": 0.0, "est_elderly": 0.0, "shelter_capacity_within_500m": 399.9, "building_form_group": "no_building", "dong_name": "개봉1동", "top1_feature": "building_ratio", "top1_shap": -1.517, "top2_feature": "impervious_ratio", "top2_shap": -1.0019, "top3_feature": "built_surface_ratio", "top3_shap": -0.975, "priority_score": 36.1679, "priority_rank": 349 }, "geometry": { "type": "Polygon", "coordinates": [ [ [ 126.83814350681287, 37.502415402323173 ], [ 126.835315234142229, 37.502399521582696 ], [ 126.835310963250379, 37.50288127049518 ], [ 126.8363936, 37.50307971 ], [ 126.83639925, 37.50308198 ], [ 126.836504300000016, 37.5031266 ], [ 126.83691789, 37.50332034 ], [ 126.837494240000012, 37.50327975 ], [ 126.83786955, 37.50352804 ], [ 126.83797872, 37.50362955 ], [ 126.838131359945478, 37.503791371285637 ], [ 126.83814350681287, 37.502415402323173 ] ] ] } },
{ "type": "Feature", "properties": { "nearest_shelter_name": "에덴장애인종합복지관", "nearest_shelter_addr": "서울특별시 구로구 고척로21가길 84-35 (개봉동)", "nearest_shelter_lon": 126.841244, "nearest_shelter_lat": 37.501235, "member_grid_ids": ["11530_01725", "11530_01726", "11530_01727", "11530_01788", "11530_01789", "11530_01790", "11530_01848", "11530_01849", "11530_01850"], "display_grid_id": "11530_00307", "gu_code": 11530, "gu_name": "구로구", "source_cell_count": 13, "area_m2": 58406.2, "mean_actual_lst": 32.8832, "mean_actual_anomaly": -5.7711, "seoul_anomaly": -4.5229, "pred_anomaly": -4.1997, "pred_anomaly_std": 0.7361, "green_delta_c": -0.7885, "building_ratio": 0.0383, "green_ratio": 0.7441, "ndvi": 0.4212, "impervious_ratio": 0.0822, "built_surface_ratio": 0.0822, "avg_ground_floor_count": 1.2, "elevation_m": 71.5422, "albedo": 0.1429, "nearest_park_distance_m": 358.1, "park_area_within_500m": 28151.1906, "nearest_stream_distance_m": 1168.7379, "est_population_density": 3884.8613, "dong_elderly_ratio": 0.2161, "dong_avg_age": 44.8589, "dong_pop_density": 24664.3316, "nearest_shelter_distance_m": 184.31, "shelter_count_within_500m": 8.2817, "est_population": 226.9, "est_elderly": 49.8, "shelter_capacity_within_500m": 1150.5, "building_form_group": "no_building", "dong_name": "개봉1동", "top1_feature": "building_ratio", "top1_shap": -1.1689, "top2_feature": "impervious_ratio", "top2_shap": -0.7243, "top3_feature": "built_surface_ratio", "top3_shap": -0.6179, "priority_score": 44.053, "priority_rank": 252 }, "geometry": { "type": "Polygon", "coordinates": [ [ [ 126.840951974739724, 37.504684481210212 ], [ 126.840971781698357, 37.502431215354683 ], [ 126.83814350681287, 37.502415402323173 ], [ 126.838131359945478, 37.503791371285637 ], [ 126.83815079, 37.50381197 ], [ 126.83821101, 37.50391031 ], [ 126.8382843, 37.50409089 ], [ 126.83835607, 37.5042405 ], [ 126.83840568, 37.50434531 ], [ 126.838420139999982, 37.5043594 ], [ 126.83848944, 37.50442426 ], [ 126.838795250000018, 37.50454519 ], [ 126.839319410000016, 37.50444736 ], [ 126.839589320000016, 37.50449588 ], [ 126.839758540971857, 37.504677816580312 ], [ 126.840951974739724, 37.504684481210212 ] ] ] } },
{ "type": "Feature", "properties": { "nearest_shelter_name": "양송이경로당", "nearest_shelter_addr": "서울특별시 구로구 고척로21가길 48-11 (개봉동)", "nearest_shelter_lon": 126.843115, "nearest_shelter_lat": 37.502083, "member_grid_ids": ["11530_01727", "11530_01728", "11530_01729", "11530_01790", "11530_01791", "11530_01792", "11530_01851", "11530_01852"], "display_grid_id": "11530_00308", "gu_code": 11530, "gu_name": "구로구", "source_cell_count": 12, "area_m2": 62500.0, "mean_actual_lst": 38.0019, "mean_actual_anomaly": -0.6524, "seoul_anomaly": 0.5958, "pred_anomaly": 0.9258, "pred_anomaly_std": 0.8852, "green_delta_c": -0.4078, "building_ratio": 0.3055, "green_ratio": 0.4055, "ndvi": 0.2235, "impervious_ratio": 0.2642, "built_surface_ratio": 0.2642, "avg_ground_floor_count": 3.6588, "elevation_m": 34.7594, "albedo": 0.1269, "nearest_park_distance_m": 394.1304, "park_area_within_500m": 16209.5944, "nearest_stream_distance_m": 1118.7744, "est_population_density": 27288.0, "dong_elderly_ratio": 0.2194, "dong_avg_age": 45.1, "dong_pop_density": 25506.4, "nearest_shelter_distance_m": 90.61, "shelter_count_within_500m": 9.76, "est_population": 1705.5, "est_elderly": 374.2, "shelter_capacity_within_500m": 1178.2, "building_form_group": "high_floor_high_density", "dong_name": "개봉1동", "top1_feature": "building_ratio", "top1_shap": 0.6836, "top2_feature": "green_ratio", "top2_shap": -0.6388, "top3_feature": "ndvi", "top3_shap": -0.1347, "priority_score": 51.2879, "priority_rank": 176 }, "geometry": { "type": "Polygon", "coordinates": [ [ [ 126.840971781698357, 37.502431215354683 ], [ 126.840951974739724, 37.504684481210212 ], [ 126.843780336819023, 37.504700227806737 ], [ 126.843800058789256, 37.502446960677105 ], [ 126.840971781698357, 37.502431215354683 ] ] ] } },
{ "type": "Feature", "properties": { "nearest_shelter_name": "천수경로당", "nearest_shelter_addr": "서울특별시 구로구 고척로27가길 3-6", "nearest_shelter_lon": 126.847086, "nearest_shelter_lat": 37.5038, "member_grid_ids": ["11530_01730", "11530_01731", "11530_01732", "11530_01793", "11530_01794", "11530_01795", "11530_01853", "11530_01854", "11530_01855"], "display_grid_id": "11530_00309", "gu_code": 11530, "gu_name": "구로구", "source_cell_count": 15, "area_m2": 62500.0, "mean_actual_lst": 40.2558, "mean_actual_anomaly": 1.5011, "seoul_anomaly": 2.7493, "pred_anomaly": 3.0425, "pred_anomaly_std": 0.6643, "green_delta_c": -0.4799, "building_ratio": 0.3089, "green_ratio": 0.275, "ndvi": 0.0953, "impervious_ratio": 0.2927, "built_surface_ratio": 0.2927, "avg_ground_floor_count": 3.2668, "elevation_m": 22.3845, "albedo": 0.1321, "nearest_park_distance_m": 327.462, "park_area_within_500m": 20350.4968, "nearest_stream_distance_m": 1044.606, "est_population_density": 24480.0, "dong_elderly_ratio": 0.2194, "dong_avg_age": 45.1, "dong_pop_density": 25506.4, "nearest_shelter_distance_m": 41.55, "shelter_count_within_500m": 11.72, "est_population": 1530.0, "est_elderly": 335.6, "shelter_capacity_within_500m": 1579.3, "building_form_group": "low_floor_high_density", "dong_name": "개봉1동", "top1_feature": "ndvi", "top1_shap": 0.6833, "top2_feature": "building_ratio", "top2_shap": 0.6286, "top3_feature": "impervious_ratio", "top3_shap": 0.4032, "priority_score": 58.7374, "priority_rank": 105 }, "geometry": { "type": "Polygon", "coordinates": [ [ [ 126.843800058789256, 37.502446960677105 ], [ 126.843780336819023, 37.504700227806737 ], [ 126.846608701094496, 37.50471590668851 ], [ 126.846628338076087, 37.502462638290254 ], [ 126.843800058789256, 37.502446960677105 ] ] ] } },
{ "type": "Feature", "properties": { "nearest_shelter_name": "천수경로당", "nearest_shelter_addr": "서울특별시 구로구 고척로27가길 3-6", "nearest_shelter_lon": 126.847086, "nearest_shelter_lat": 37.5038, "member_grid_ids": ["11530_01732", "11530_01733", "11530_01734", "11530_01795", "11530_01796", "11530_01797", "11530_01856", "11530_01857"], "display_grid_id": "11530_00310", "gu_code": 11530, "gu_name": "구로구", "source_cell_count": 16, "area_m2": 62500.0, "mean_actual_lst": 39.7623, "mean_actual_anomaly": 0.8574, "seoul_anomaly": 2.1056, "pred_anomaly": 3.0506, "pred_anomaly_std": 0.7527, "green_delta_c": -0.3453, "building_ratio": 0.4441, "green_ratio": 0.3028, "ndvi": 0.1098, "impervious_ratio": 0.2259, "built_surface_ratio": 0.2259, "avg_ground_floor_count": 2.7834, "elevation_m": 24.9415, "albedo": 0.1311, "nearest_park_distance_m": 283.3188, "park_area_within_500m": 43286.5112, "nearest_stream_distance_m": 999.7748, "est_population_density": 30274.4, "dong_elderly_ratio": 0.226, "dong_avg_age": 45.484, "dong_pop_density": 25548.496, "nearest_shelter_distance_m": 41.55, "shelter_count_within_500m": 11.48, "est_population": 1892.2, "est_elderly": 426.8, "shelter_capacity_within_500m": 2413.8, "building_form_group": "low_floor_high_density", "dong_name": "개봉1동", "top1_feature": "building_ratio", "top1_shap": 1.1419, "top2_feature": "ndvi", "top2_shap": 0.6673, "top3_feature": "impervious_ratio", "top3_shap": 0.2465, "priority_score": 53.2955, "priority_rank": 152 }, "geometry": { "type": "Polygon", "coordinates": [ [ [ 126.846628338076087, 37.502462638290254 ], [ 126.846608701094496, 37.50471590668851 ], [ 126.849437067556721, 37.504731517855376 ], [ 126.849456619549386, 37.502478248193981 ], [ 126.846628338076087, 37.502462638290254 ] ] ] } },
{ "type": "Feature", "properties": { "nearest_shelter_name": "세곡경로당", "nearest_shelter_addr": "서울특별시 구로구 고척로52가길 58", "nearest_shelter_lon": 126.852476, "nearest_shelter_lat": 37.503431, "member_grid_ids": ["11530_01735", "11530_01736", "11530_01737", "11530_01798", "11530_01799", "11530_01800", "11530_01858", "11530_01859", "11530_01860"], "display_grid_id": "11530_00311", "gu_code": 11530, "gu_name": "구로구", "source_cell_count": 14, "area_m2": 62500.0, "mean_actual_lst": 39.5694, "mean_actual_anomaly": 0.8177, "seoul_anomaly": 2.0659, "pred_anomaly": 2.7245, "pred_anomaly_std": 0.8105, "green_delta_c": -0.3594, "building_ratio": 0.4117, "green_ratio": 0.3108, "ndvi": 0.143, "impervious_ratio": 0.3008, "built_surface_ratio": 0.3008, "avg_ground_floor_count": 2.5247, "elevation_m": 28.2322, "albedo": 0.124, "nearest_park_distance_m": 96.3824, "park_area_within_500m": 102418.7292, "nearest_stream_distance_m": 983.7412, "est_population_density": 25072.0, "dong_elderly_ratio": 0.2331, "dong_avg_age": 45.9, "dong_pop_density": 25594.1, "nearest_shelter_distance_m": 49.41, "shelter_count_within_500m": 11.08, "est_population": 1567.0, "est_elderly": 365.4, "shelter_capacity_within_500m": 2230.5, "building_form_group": "low_floor_high_density", "dong_name": "고척2동", "top1_feature": "building_ratio", "top1_shap": 1.0131, "top2_feature": "ndvi", "top2_shap": 0.3854, "top3_feature": "impervious_ratio", "top3_shap": 0.2948, "priority_score": 54.495, "priority_rank": 145 }, "geometry": { "type": "Polygon", "coordinates": [ [ [ 126.849456619549386, 37.502478248193981 ], [ 126.849437067556721, 37.504731517855376 ], [ 126.852265436196205, 37.504747061307157 ], [ 126.852284903199717, 37.502493790388101 ], [ 126.849456619549386, 37.502478248193981 ] ] ] } },
{ "type": "Feature", "properties": { "nearest_shelter_name": "세곡경로당", "nearest_shelter_addr": "서울특별시 구로구 고척로52가길 58", "nearest_shelter_lon": 126.852476, "nearest_shelter_lat": 37.503431, "member_grid_ids": ["11530_01737", "11530_01738", "11530_01739", "11530_01800", "11530_01801", "11530_01802", "11530_01861", "11530_01862"], "display_grid_id": "11530_00312", "gu_code": 11530, "gu_name": "구로구", "source_cell_count": 13, "area_m2": 62500.0, "mean_actual_lst": 39.1053, "mean_actual_anomaly": 0.5135, "seoul_anomaly": 1.7617, "pred_anomaly": 1.9943, "pred_anomaly_std": 0.8415, "green_delta_c": -0.458, "building_ratio": 0.3176, "green_ratio": 0.2968, "ndvi": 0.1991, "impervious_ratio": 0.3721, "built_surface_ratio": 0.3721, "avg_ground_floor_count": 3.8026, "elevation_m": 34.3053, "albedo": 0.1197, "nearest_park_distance_m": 46.1584, "park_area_within_500m": 131487.3828, "nearest_stream_distance_m": 1000.4692, "est_population_density": 25020.0, "dong_elderly_ratio": 0.2331, "dong_avg_age": 45.9, "dong_pop_density": 25594.1, "nearest_shelter_distance_m": 49.41, "shelter_count_within_500m": 11.32, "est_population": 1563.8, "est_elderly": 364.5, "shelter_capacity_within_500m": 3007.0, "building_form_group": "low_floor_high_density", "dong_name": "고척2동", "top1_feature": "building_ratio", "top1_shap": 0.6887, "top2_feature": "impervious_ratio", "top2_shap": 0.419, "top3_feature": "ndvi", "top3_shap": -0.0144, "priority_score": 55.3409, "priority_rank": 134 }, "geometry": { "type": "Polygon", "coordinates": [ [ [ 126.852284903199717, 37.502493790388101 ], [ 126.852265436196205, 37.504747061307157 ], [ 126.855093807003499, 37.504762537043717 ], [ 126.855113189017601, 37.502509264872486 ], [ 126.852284903199717, 37.502493790388101 ] ] ] } },
{ "type": "Feature", "properties": { "nearest_shelter_name": "고척대우(아)경로당", "nearest_shelter_addr": "서울특별시 구로구 고척로52길 48 (고척대우아파트 101동)", "nearest_shelter_lon": 126.855413, "nearest_shelter_lat": 37.50307, "member_grid_ids": ["11530_01740", "11530_01741", "11530_01742", "11530_01803", "11530_01804", "11530_01805", "11530_01863", "11530_01864", "11530_01865"], "display_grid_id": "11530_00313", "gu_code": 11530, "gu_name": "구로구", "source_cell_count": 14, "area_m2": 62500.0, "mean_actual_lst": 39.8218, "mean_actual_anomaly": 1.2415, "seoul_anomaly": 2.4897, "pred_anomaly": 1.5956, "pred_anomaly_std": 0.8183, "green_delta_c": -0.2924, "building_ratio": 0.2354, "green_ratio": 0.2681, "ndvi": 0.1147, "impervious_ratio": 0.3824, "built_surface_ratio": 0.3824, "avg_ground_floor_count": 11.2938, "elevation_m": 39.6631, "albedo": 0.1058, "nearest_park_distance_m": 76.7144, "park_area_within_500m": 178049.2264, "nearest_stream_distance_m": 1036.3512, "est_population_density": 63274.4, "dong_elderly_ratio": 0.231, "dong_avg_age": 45.66, "dong_pop_density": 24379.172, "nearest_shelter_distance_m": 26.02, "shelter_count_within_500m": 13.36, "est_population": 3954.6, "est_elderly": 912.4, "shelter_capacity_within_500m": 5031.2, "building_form_group": "high_floor_low_density", "dong_name": "고척2동", "top1_feature": "ndvi", "top1_shap": 0.5255, "top2_feature": "building_ratio", "top2_shap": 0.4338, "top3_feature": "avg_ground_floor_count", "top3_shap": -0.3585, "priority_score": 56.8813, "priority_rank": 123 }, "geometry": { "type": "Polygon", "coordinates": [ [ [ 126.855113189017601, 37.502509264872486 ], [ 126.855093807003499, 37.504762537043717 ], [ 126.857922179969137, 37.504777945064887 ], [ 126.857941476993588, 37.502524671646952 ], [ 126.855113189017601, 37.502509264872486 ] ] ] } },
{ "type": "Feature", "properties": { "nearest_shelter_name": "고척벽산베스트블루밍(아)경로당", "nearest_shelter_addr": "서울특별시 구로구 고척로60길 30 (벽산베스트블루밍아파트 103동)", "nearest_shelter_lon": 126.859018, "nearest_shelter_lat": 37.504534, "member_grid_ids": ["11530_01742", "11530_01743", "11530_01744", "11530_01805", "11530_01806", "11530_01807", "11530_01866", "11530_01867"], "display_grid_id": "11530_00314", "gu_code": 11530, "gu_name": "구로구", "source_cell_count": 15, "area_m2": 62500.0, "mean_actual_lst": 40.5091, "mean_actual_anomaly": 2.0048, "seoul_anomaly": 3.2531, "pred_anomaly": 2.3749, "pred_anomaly_std": 0.8621, "green_delta_c": -0.4005, "building_ratio": 0.1949, "green_ratio": 0.2966, "ndvi": 0.1119, "impervious_ratio": 0.351, "built_surface_ratio": 0.351, "avg_ground_floor_count": 5.7729, "elevation_m": 22.6875, "albedo": 0.1294, "nearest_park_distance_m": 105.4152, "park_area_within_500m": 192002.1584, "nearest_stream_distance_m": 1006.8136, "est_population_density": 18520.8, "dong_elderly_ratio": 0.2281, "dong_avg_age": 45.34, "dong_pop_density": 22759.268, "nearest_shelter_distance_m": 27.92, "shelter_count_within_500m": 17.04, "est_population": 1157.5, "est_elderly": 268.5, "shelter_capacity_within_500m": 4744.8, "building_form_group": "low_floor_low_density", "dong_name": "고척1동", "top1_feature": "ndvi", "top1_shap": 0.7074, "top2_feature": "impervious_ratio", "top2_shap": 0.4159, "top3_feature": "built_surface_ratio", "top3_shap": 0.2698, "priority_score": 57.4621, "priority_rank": 114 }, "geometry": { "type": "Polygon", "coordinates": [ [ [ 126.857941476993588, 37.502524671646952 ], [ 126.857922179969137, 37.504777945064887 ], [ 126.860750555083669, 37.504793285370511 ], [ 126.860769767118171, 37.502540010711343 ], [ 126.857941476993588, 37.502524671646952 ] ] ] } },
{ "type": "Feature", "properties": { "nearest_shelter_name": "고척1동새마을금고", "nearest_shelter_addr": "서울특별시 구로구 경인로47길 102", "nearest_shelter_lon": 126.864025, "nearest_shelter_lat": 37.50323, "member_grid_ids": ["11530_01745", "11530_01746", "11530_01747", "11530_01808", "11530_01809", "11530_01810", "11530_01868", "11530_01869", "11530_01870"], "display_grid_id": "11530_00315", "gu_code": 11530, "gu_name": "구로구", "source_cell_count": 15, "area_m2": 62500.0, "mean_actual_lst": 39.9493, "mean_actual_anomaly": 1.3309, "seoul_anomaly": 2.5791, "pred_anomaly": 2.1471, "pred_anomaly_std": 0.6965, "green_delta_c": -0.3002, "building_ratio": 0.2358, "green_ratio": 0.2354, "ndvi": 0.1386, "impervious_ratio": 0.4684, "built_surface_ratio": 0.4684, "avg_ground_floor_count": 7.6163, "elevation_m": 28.5102, "albedo": 0.1265, "nearest_park_distance_m": 50.0932, "park_area_within_500m": 156864.78, "nearest_stream_distance_m": 776.252, "est_population_density": 2289.28, "dong_elderly_ratio": 0.2249, "dong_avg_age": 44.98, "dong_pop_density": 20936.876, "nearest_shelter_distance_m": 45.49, "shelter_count_within_500m": 21.24, "est_population": 143.1, "est_elderly": 32.5, "shelter_capacity_within_500m": 4665.1, "building_form_group": "high_floor_low_density", "dong_name": "고척1동", "top1_feature": "impervious_ratio", "top1_shap": 0.424, "top2_feature": "building_ratio", "top2_shap": 0.3317, "top3_feature": "ndvi", "top3_shap": 0.2953, "priority_score": 44.6212, "priority_rank": 244 }, "geometry": { "type": "Polygon", "coordinates": [ [ [ 126.860769767118171, 37.502540010711343 ], [ 126.860750555083669, 37.504793285370511 ], [ 126.863578932337589, 37.504808557960416 ], [ 126.863598059381943, 37.502555282065494 ], [ 126.860769767118171, 37.502540010711343 ] ] ] } },
{ "type": "Feature", "properties": { "nearest_shelter_name": "고척1동새마을금고", "nearest_shelter_addr": "서울특별시 구로구 경인로47길 102", "nearest_shelter_lon": 126.864025, "nearest_shelter_lat": 37.50323, "member_grid_ids": ["11530_01747", "11530_01748", "11530_01749", "11530_01810", "11530_01811", "11530_01812", "11530_01871", "11530_01872"], "display_grid_id": "11530_00316", "gu_code": 11530, "gu_name": "구로구", "source_cell_count": 15, "area_m2": 62500.0, "mean_actual_lst": 39.8683, "mean_actual_anomaly": 1.1977, "seoul_anomaly": 2.4459, "pred_anomaly": 3.0607, "pred_anomaly_std": 0.7123, "green_delta_c": -0.3557, "building_ratio": 0.3806, "green_ratio": 0.2549, "ndvi": 0.1416, "impervious_ratio": 0.3819, "built_surface_ratio": 0.3819, "avg_ground_floor_count": 4.0276, "elevation_m": 33.324, "albedo": 0.1268, "nearest_park_distance_m": 78.158, "park_area_within_500m": 102721.8744, "nearest_stream_distance_m": 543.256, "est_population_density": 28394.824, "dong_elderly_ratio": 0.2242, "dong_avg_age": 44.9, "dong_pop_density": 20531.9, "nearest_shelter_distance_m": 45.49, "shelter_count_within_500m": 18.6, "est_population": 1774.7, "est_elderly": 397.8, "shelter_capacity_within_500m": 2391.3, "building_form_group": "high_floor_high_density", "dong_name": "고척1동", "top1_feature": "building_ratio", "top1_shap": 0.9965, "top2_feature": "impervious_ratio", "top2_shap": 0.4203, "top3_feature": "ndvi", "top3_shap": 0.3074, "priority_score": 53.0429, "priority_rank": 154 }, "geometry": { "type": "Polygon", "coordinates": [ [ [ 126.863598059381943, 37.502555282065494 ], [ 126.863578932337589, 37.504808557960416 ], [ 126.866407311721503, 37.504823762834448 ], [ 126.866426353775395, 37.502570485709256 ], [ 126.863598059381943, 37.502555282065494 ] ] ] } },
{ "type": "Feature", "properties": { "nearest_shelter_name": "구립국화경로당", "nearest_shelter_addr": "서울특별시 구로구 경인로47다길 43 (고척동, 산업인아파트)", "nearest_shelter_lon": 126.867196, "nearest_shelter_lat": 37.5038, "member_grid_ids": ["11530_01750", "11530_01751", "11530_01752", "11530_01813", "11530_01814", "11530_01815", "11530_01873", "11530_01874", "11530_01875"], "display_grid_id": "11530_00317", "gu_code": 11530, "gu_name": "구로구", "source_cell_count": 14, "area_m2": 62500.0, "mean_actual_lst": 37.534, "mean_actual_anomaly": -1.1291, "seoul_anomaly": 0.1192, "pred_anomaly": -0.3833, "pred_anomaly_std": 0.8562, "green_delta_c": -0.5147, "building_ratio": 0.1209, "green_ratio": 0.467, "ndvi": 0.3047, "impervious_ratio": 0.2845, "built_surface_ratio": 0.2845, "avg_ground_floor_count": 3.6431, "elevation_m": 33.8719, "albedo": 0.1333, "nearest_park_distance_m": 239.7984, "park_area_within_500m": 41704.7124, "nearest_stream_distance_m": 291.8836, "est_population_density": 3819.296, "dong_elderly_ratio": 0.2242, "dong_avg_age": 44.9, "dong_pop_density": 20531.9, "nearest_shelter_distance_m": 23.58, "shelter_count_within_500m": 13.08, "est_population": 238.7, "est_elderly": 53.5, "shelter_capacity_within_500m": 1997.7, "building_form_group": "high_floor_low_density", "dong_name": "고척1동", "top1_feature": "green_ratio", "top1_shap": -0.6346, "top2_feature": "ndvi", "top2_shap": -0.2962, "top3_feature": "impervious_ratio", "top3_shap": 0.2615, "priority_score": 39.4444, "priority_rank": 310 }, "geometry": { "type": "Polygon", "coordinates": [ [ [ 126.866426353775395, 37.502570485709256 ], [ 126.866407311721503, 37.504823762834448 ], [ 126.869235693225889, 37.504838899992464 ], [ 126.869254650289136, 37.502585621642488 ], [ 126.866426353775395, 37.502570485709256 ] ] ] } },
{ "type": "Feature", "properties": { "nearest_shelter_name": "고척경로당", "nearest_shelter_addr": "서울특별시 구로구 안양천로537다길 30 (고척동)", "nearest_shelter_lon": 126.868476, "nearest_shelter_lat": 37.501949, "member_grid_ids": ["11530_01752", "11530_01753", "11530_01754", "11530_01815", "11530_01816", "11530_01817", "11530_01875", "11530_01876", "11530_01877"], "display_grid_id": "11530_00318", "gu_code": 11530, "gu_name": "구로구", "source_cell_count": 15, "area_m2": 59342.24, "mean_actual_lst": 38.409, "mean_actual_anomaly": -0.2555, "seoul_anomaly": 0.9928, "pred_anomaly": -0.3938, "pred_anomaly_std": 0.907, "green_delta_c": -1.409, "building_ratio": 0.0875, "green_ratio": 0.3493, "ndvi": 0.2112, "impervious_ratio": 0.3093, "built_surface_ratio": 0.3093, "avg_ground_floor_count": 2.2925, "elevation_m": 13.1576, "albedo": 0.1346, "nearest_park_distance_m": 262.5585, "park_area_within_500m": 34458.1385, "nearest_stream_distance_m": 72.5235, "est_population_density": 0.0, "dong_elderly_ratio": 0.2222, "dong_avg_age": 45.5235, "dong_pop_density": 20580.7354, "nearest_shelter_distance_m": 138.7, "shelter_count_within_500m": 6.2371, "est_population": 0.0, "est_elderly": 0.0, "shelter_capacity_within_500m": 1032.8, "building_form_group": "high_floor_low_density", "dong_name": "고척1동", "top1_feature": "building_ratio", "top1_shap": -0.5148, "top2_feature": "impervious_ratio", "top2_shap": 0.1453, "top3_feature": "built_surface_ratio", "top3_shap": 0.0485, "priority_score": 49.4129, "priority_rank": 198 }, "geometry": { "type": "Polygon", "coordinates": [ [ [ 126.872082948913615, 37.502600689865005 ], [ 126.869254650289136, 37.502585621642488 ], [ 126.869235693225889, 37.504838899992464 ], [ 126.871422100904468, 37.504850554970403 ], [ 126.8714217, 37.5048472 ], [ 126.871468980000017, 37.50468873 ], [ 126.87182022, 37.50421947 ], [ 126.87182978, 37.50420653 ], [ 126.87182713, 37.50420146 ], [ 126.87186561, 37.50412689 ], [ 126.8719879, 37.50412026 ], [ 126.872070258273851, 37.504115949139404 ], [ 126.872082948913615, 37.502600689865005 ] ] ] } },
{ "type": "Feature", "properties": { "nearest_shelter_name": "월드진영(아)경로당", "nearest_shelter_addr": "서울특별시 구로구 구로중앙로 229 (월드아파트 관리사무소)", "nearest_shelter_lon": 126.876045, "nearest_shelter_lat": 37.505632, "member_grid_ids": ["11530_01755", "11530_01756", "11530_01757", "11530_01818", "11530_01819", "11530_01820", "11530_01878", "11530_01879"], "display_grid_id": "11530_00319", "gu_code": 11530, "gu_name": "구로구", "source_cell_count": 11, "area_m2": 46271.38, "mean_actual_lst": 40.866, "mean_actual_anomaly": 2.4003, "seoul_anomaly": 3.6485, "pred_anomaly": 2.0487, "pred_anomaly_std": 0.8884, "green_delta_c": -0.4597, "building_ratio": 0.3098, "green_ratio": 0.2963, "ndvi": 0.2028, "impervious_ratio": 0.5205, "built_surface_ratio": 0.5205, "avg_ground_floor_count": 3.3849, "elevation_m": 11.9471, "albedo": 0.1393, "nearest_park_distance_m": 65.3699, "park_area_within_500m": 173703.2294, "nearest_stream_distance_m": 133.359, "est_population_density": 0.0, "dong_elderly_ratio": 0.2126, "dong_avg_age": 48.6, "dong_pop_density": 20821.7, "nearest_shelter_distance_m": 132.45, "shelter_count_within_500m": 3.2507, "est_population": 0.0, "est_elderly": 0.0, "shelter_capacity_within_500m": 161.0, "building_form_group": "high_floor_high_density", "dong_name": "구로2동", "top1_feature": "building_ratio", "top1_shap": 0.7269, "top2_feature": "impervious_ratio", "top2_shap": 0.4634, "top3_feature": "green_ratio", "top3_shap": -0.1482, "priority_score": 57.822, "priority_rank": 111 }, "geometry": { "type": "Polygon", "coordinates": [ [ [ 126.874892462558293, 37.504868971159794 ], [ 126.874911249639425, 37.502615690376665 ], [ 126.872082948913615, 37.502600689865005 ], [ 126.872070258273851, 37.504115949139404 ], [ 126.87212469, 37.5041131 ], [ 126.87217365, 37.50410752 ], [ 126.872326220000019, 37.50406742 ], [ 126.87242435, 37.50403459 ], [ 126.872431780000014, 37.50403178 ], [ 126.87243655, 37.50402925 ], [ 126.87244504, 37.5040256 ], [ 126.87258197, 37.50393536 ], [ 126.87261665, 37.50390979 ], [ 126.872646020000019, 37.5038932 ], [ 126.87274277, 37.50383755 ], [ 126.8731373, 37.50377126 ], [ 126.873176730000012, 37.5037575 ], [ 126.873550280000018, 37.50355744 ], [ 126.87356831, 37.50355493 ], [ 126.87358014, 37.50356028 ], [ 126.873665910000014, 37.50393851 ], [ 126.87375662, 37.504209179999989 ], [ 126.87375764, 37.50423396 ], [ 126.873734019999986, 37.50430574 ], [ 126.87370003, 37.50444563 ], [ 126.87368852, 37.50456361 ], [ 126.87369306, 37.50470101 ], [ 126.873705330000021, 37.50475648 ], [ 126.873754840000018, 37.50484637 ], [ 126.87376728504556, 37.504863011343481 ], [ 126.874892462558293, 37.504868971159794 ] ] ] } },
{ "type": "Feature", "properties": { "nearest_shelter_name": "월드진영(아)경로당", "nearest_shelter_addr": "서울특별시 구로구 구로중앙로 229 (월드아파트 관리사무소)", "nearest_shelter_lon": 126.876045, "nearest_shelter_lat": 37.505632, "member_grid_ids": ["11530_01757", "11530_01758", "11530_01759", "11530_01820", "11530_01821", "11530_01822", "11530_01880", "11530_01881"], "display_grid_id": "11530_00320", "gu_code": 11530, "gu_name": "구로구", "source_cell_count": 16, "area_m2": 62500.0, "mean_actual_lst": 42.7993, "mean_actual_anomaly": 4.5116, "seoul_anomaly": 5.7598, "pred_anomaly": 3.5746, "pred_anomaly_std": 0.906, "green_delta_c": -0.204, "building_ratio": 0.4042, "green_ratio": 0.1914, "ndvi": 0.0819, "impervious_ratio": 0.5898, "built_surface_ratio": 0.5898, "avg_ground_floor_count": 5.3508, "elevation_m": 12.8507, "albedo": 0.1355, "nearest_park_distance_m": 8.9476, "park_area_within_500m": 321324.5456, "nearest_stream_distance_m": 340.6068, "est_population_density": 49.6, "dong_elderly_ratio": 0.2126, "dong_avg_age": 48.6, "dong_pop_density": 20821.7, "nearest_shelter_distance_m": 84.01, "shelter_count_within_500m": 6.08, "est_population": 3.1, "est_elderly": 0.7, "shelter_capacity_within_500m": 384.0, "building_form_group": "high_floor_high_density", "dong_name": "구로2동", "top1_feature": "building_ratio", "top1_shap": 1.107, "top2_feature": "impervious_ratio", "top2_shap": 0.542, "top3_feature": "ndvi", "top3_shap": 0.3596, "priority_score": 59.3561, "priority_rank": 101 }, "geometry": { "type": "Polygon", "coordinates": [ [ [ 126.874911249639425, 37.502615690376665 ], [ 126.874892462558293, 37.504868971159794 ], [ 126.877720850367382, 37.504883905168796 ], [ 126.877739552457086, 37.502630623177303 ], [ 126.874911249639425, 37.502615690376665 ] ] ] } },
{ "type": "Feature", "properties": { "nearest_shelter_name": "대림1차(아)경로당", "nearest_shelter_addr": "서울특별시 구로구 신도림로 16 (신도림 대림아파트 202동)", "nearest_shelter_lon": 126.880422, "nearest_shelter_lat": 37.505845, "member_grid_ids": ["11530_01760", "11530_01761", "11530_01762", "11530_01823", "11530_01824", "11530_01825", "11530_01882", "11530_01883", "11530_01884"], "display_grid_id": "11530_00321", "gu_code": 11530, "gu_name": "구로구", "source_cell_count": 12, "area_m2": 62500.0, "mean_actual_lst": 41.4523, "mean_actual_anomaly": 3.1795, "seoul_anomaly": 4.4277, "pred_anomaly": 3.6282, "pred_anomaly_std": 0.8054, "green_delta_c": -0.2716, "building_ratio": 0.3379, "green_ratio": 0.203, "ndvi": 0.0686, "impervious_ratio": 0.4824, "built_surface_ratio": 0.4824, "avg_ground_floor_count": 4.2172, "elevation_m": 17.1356, "albedo": 0.1268, "nearest_park_distance_m": 0.0, "park_area_within_500m": 507548.6676, "nearest_stream_distance_m": 589.9812, "est_population_density": 2710.0, "dong_elderly_ratio": 0.2079, "dong_avg_age": 47.932, "dong_pop_density": 21931.204, "nearest_shelter_distance_m": 105.58, "shelter_count_within_500m": 10.04, "est_population": 169.4, "est_elderly": 32.8, "shelter_capacity_within_500m": 2579.7, "building_form_group": "low_floor_high_density", "dong_name": "구로2동", "top1_feature": "building_ratio", "top1_shap": 0.7955, "top2_feature": "impervious_ratio", "top2_shap": 0.5026, "top3_feature": "ndvi", "top3_shap": 0.502, "priority_score": 59.0152, "priority_rank": 103 }, "geometry": { "type": "Polygon", "coordinates": [ [ [ 126.877739552457086, 37.502630623177303 ], [ 126.877720850367382, 37.504883905168796 ], [ 126.8805492402591, 37.504898771461143 ], [ 126.880567857357164, 37.502645488266793 ], [ 126.877739552457086, 37.502630623177303 ] ] ] } },
{ "type": "Feature", "properties": { "nearest_shelter_name": "롯데(아)경로당", "nearest_shelter_addr": "서울특별시 구로구 새말로 31 (신도림롯데아파트 경비실)", "nearest_shelter_lon": 126.88355, "nearest_shelter_lat": 37.502656, "member_grid_ids": ["11530_01762", "11530_01763", "11530_01764", "11530_01825", "11530_01826", "11530_01827", "11530_01885", "11530_01886"], "display_grid_id": "11530_00322", "gu_code": 11530, "gu_name": "구로구", "source_cell_count": 15, "area_m2": 62500.0, "mean_actual_lst": 39.5152, "mean_actual_anomaly": 1.2447, "seoul_anomaly": 2.493, "pred_anomaly": 1.413, "pred_anomaly_std": 0.7801, "green_delta_c": -0.2893, "building_ratio": 0.1312, "green_ratio": 0.2461, "ndvi": 0.1689, "impervious_ratio": 0.4889, "built_surface_ratio": 0.4889, "avg_ground_floor_count": 11.6354, "elevation_m": 19.3968, "albedo": 0.1117, "nearest_park_distance_m": 0.0, "park_area_within_500m": 606125.5612, "nearest_stream_distance_m": 816.3196, "est_population_density": 23749.2, "dong_elderly_ratio": 0.1728, "dong_avg_age": 42.732, "dong_pop_density": 27734.02, "nearest_shelter_distance_m": 81.25, "shelter_count_within_500m": 14.28, "est_population": 1484.3, "est_elderly": 246.1, "shelter_capacity_within_500m": 3285.3, "building_form_group": "high_floor_low_density", "dong_name": "신도림동", "top1_feature": "impervious_ratio", "top1_shap": 0.4601, "top2_feature": "avg_ground_floor_count", "top2_shap": -0.3095, "top3_feature": "built_surface_ratio", "top3_shap": 0.2796, "priority_score": 57.0139, "priority_rank": 122 }, "geometry": { "type": "Polygon", "coordinates": [ [ [ 126.880567857357164, 37.502645488266793 ], [ 126.8805492402591, 37.504898771461143 ], [ 126.883377632224011, 37.504913570036692 ], [ 126.883396164330165, 37.502660285644943 ], [ 126.880567857357164, 37.502645488266793 ] ] ] } },
{ "type": "Feature", "properties": { "nearest_shelter_name": "일신건영(아)경로당", "nearest_shelter_addr": null, "nearest_shelter_lon": 126.885814, "nearest_shelter_lat": 37.503556, "member_grid_ids": ["11530_01765", "11530_01766", "11530_01767", "11530_01828", "11530_01829", "11530_01830", "11530_01887", "11530_01888", "11530_01889"], "display_grid_id": "11530_00323", "gu_code": 11530, "gu_name": "구로구", "source_cell_count": 12, "area_m2": 62500.0, "mean_actual_lst": 39.4112, "mean_actual_anomaly": 1.1163, "seoul_anomaly": 2.3645, "pred_anomaly": 1.0405, "pred_anomaly_std": 0.7151, "green_delta_c": -0.2532, "building_ratio": 0.1818, "green_ratio": 0.2333, "ndvi": 0.1711, "impervious_ratio": 0.5093, "built_surface_ratio": 0.5093, "avg_ground_floor_count": 15.1168, "elevation_m": 25.4968, "albedo": 0.102, "nearest_park_distance_m": 4.1376, "park_area_within_500m": 558610.3984, "nearest_stream_distance_m": 743.0924, "est_population_density": 56776.8, "dong_elderly_ratio": 0.177, "dong_avg_age": 43.92, "dong_pop_density": 31960.296, "nearest_shelter_distance_m": 59.77, "shelter_count_within_500m": 14.96, "est_population": 3548.5, "est_elderly": 628.3, "shelter_capacity_within_500m": 1941.2, "building_form_group": "high_floor_low_density", "dong_name": "구로5동", "top1_feature": "avg_ground_floor_count", "top1_shap": -0.5558, "top2_feature": "impervious_ratio", "top2_shap": 0.4491, "top3_feature": "built_surface_ratio", "top3_shap": 0.3634, "priority_score": 56.5783, "priority_rank": 124 }, "geometry": { "type": "Polygon", "coordinates": [ [ [ 126.883396164330165, 37.502660285644943 ], [ 126.883377632224011, 37.504913570036692 ], [ 126.886206026252637, 37.504928300895294 ], [ 126.886224473366639, 37.502675015311617 ], [ 126.883396164330165, 37.502660285644943 ] ] ] } },
{ "type": "Feature", "properties": { "nearest_shelter_name": "일신건영(아)경로당", "nearest_shelter_addr": null, "nearest_shelter_lon": 126.885814, "nearest_shelter_lat": 37.503556, "member_grid_ids": ["11530_01767", "11530_01768", "11530_01769", "11530_01830", "11530_01831", "11530_01832", "11530_01890", "11530_01891"], "display_grid_id": "11530_00324", "gu_code": 11530, "gu_name": "구로구", "source_cell_count": 15, "area_m2": 62500.0, "mean_actual_lst": 40.4514, "mean_actual_anomaly": 2.1565, "seoul_anomaly": 3.4047, "pred_anomaly": 2.3811, "pred_anomaly_std": 0.7144, "green_delta_c": -0.2871, "building_ratio": 0.2168, "green_ratio": 0.2206, "ndvi": 0.1664, "impervious_ratio": 0.5406, "built_surface_ratio": 0.5406, "avg_ground_floor_count": 7.1529, "elevation_m": 20.457, "albedo": 0.122, "nearest_park_distance_m": 33.3856, "park_area_within_500m": 401335.8816, "nearest_stream_distance_m": 504.3396, "est_population_density": 32368.8, "dong_elderly_ratio": 0.1783, "dong_avg_age": 44.2, "dong_pop_density": 32558.0, "nearest_shelter_distance_m": 59.77, "shelter_count_within_500m": 16.96, "est_population": 2023.1, "est_elderly": 360.8, "shelter_capacity_within_500m": 3525.3, "building_form_group": "high_floor_low_density", "dong_name": "구로5동", "top1_feature": "impervious_ratio", "top1_shap": 0.4993, "top2_feature": "building_ratio", "top2_shap": 0.3771, "top3_feature": "built_surface_ratio", "top3_shap": 0.3532, "priority_score": 61.572, "priority_rank": 77 }, "geometry": { "type": "Polygon", "coordinates": [ [ [ 126.886224473366639, 37.502675015311617 ], [ 126.886206026252637, 37.504928300895294 ], [ 126.889034422335499, 37.504942964036779 ], [ 126.889052784457107, 37.502689677266666 ], [ 126.886224473366639, 37.502675015311617 ] ] ] } },
{ "type": "Feature", "properties": { "nearest_shelter_name": "우성(아)경로당(구로5동)", "nearest_shelter_addr": "서울특별시 구로구 공원로6가길 67 (구로우성아파트 1동)", "nearest_shelter_lon": 126.889272, "nearest_shelter_lat": 37.503956, "member_grid_ids": ["11530_01770", "11530_01771", "11530_01772", "11530_01833", "11530_01834", "11530_01835", "11530_01892", "11530_01893", "11530_01894"], "display_grid_id": "11530_00325", "gu_code": 11530, "gu_name": "구로구", "source_cell_count": 13, "area_m2": 62500.0, "mean_actual_lst": 39.735, "mean_actual_anomaly": 1.5188, "seoul_anomaly": 2.767, "pred_anomaly": 2.6059, "pred_anomaly_std": 0.7206, "green_delta_c": -0.0993, "building_ratio": 0.3043, "green_ratio": 0.2427, "ndvi": 0.1144, "impervious_ratio": 0.4047, "built_surface_ratio": 0.4047, "avg_ground_floor_count": 7.2493, "elevation_m": 17.7962, "albedo": 0.1096, "nearest_park_distance_m": 72.3836, "park_area_within_500m": 224740.386, "nearest_stream_distance_m": 245.7072, "est_population_density": 32472.4, "dong_elderly_ratio": 0.1783, "dong_avg_age": 44.2, "dong_pop_density": 32558.0, "nearest_shelter_distance_m": 31.24, "shelter_count_within_500m": 15.8, "est_population": 2029.5, "est_elderly": 361.9, "shelter_capacity_within_500m": 3000.0, "building_form_group": "high_floor_high_density", "dong_name": "구로5동", "top1_feature": "building_ratio", "top1_shap": 0.6543, "top2_feature": "ndvi", "top2_shap": 0.3999, "top3_feature": "impervious_ratio", "top3_shap": 0.3972, "priority_score": 48.3712, "priority_rank": 208 }, "geometry": { "type": "Polygon", "coordinates": [ [ [ 126.889052784457107, 37.502689677266666 ], [ 126.889034422335499, 37.504942964036779 ], [ 126.89186282046316, 37.504957559461012 ], [ 126.891881097592147, 37.502704271509934 ], [ 126.889052784457107, 37.502689677266666 ] ] ] } },
{ "type": "Feature", "properties": { "nearest_shelter_name": "대한노인회구로구지회", "nearest_shelter_addr": "서울특별시 구로구 새말로18길 39 (구로동)", "nearest_shelter_lon": 126.892836, "nearest_shelter_lat": 37.504704, "member_grid_ids": ["11530_01772", "11530_01773", "11530_01835", "11530_01836", "11530_01895"], "display_grid_id": "11530_00326", "gu_code": 11530, "gu_name": "구로구", "source_cell_count": 9, "area_m2": 28327.8, "mean_actual_lst": 39.9945, "mean_actual_anomaly": 1.9453, "seoul_anomaly": 3.1935, "pred_anomaly": 2.2112, "pred_anomaly_std": 0.8645, "green_delta_c": -0.4007, "building_ratio": 0.2438, "green_ratio": 0.2291, "ndvi": 0.1262, "impervious_ratio": 0.5073, "built_surface_ratio": 0.5073, "avg_ground_floor_count": 6.4643, "elevation_m": 17.3276, "albedo": 0.1059, "nearest_park_distance_m": 205.1541, "park_area_within_500m": 125490.0078, "nearest_stream_distance_m": 78.5708, "est_population_density": 15868.6692, "dong_elderly_ratio": 0.1783, "dong_avg_age": 44.2, "dong_pop_density": 32558.0, "nearest_shelter_distance_m": 33.46, "shelter_count_within_500m": 15.8783, "est_population": 449.5, "est_elderly": 80.2, "shelter_capacity_within_500m": 1843.6, "building_form_group": "high_floor_high_density", "dong_name": "구로5동", "top1_feature": "building_ratio", "top1_shap": 0.4916, "top2_feature": "impervious_ratio", "top2_shap": 0.4769, "top3_feature": "built_surface_ratio", "top3_shap": 0.3151, "priority_score": 52.5505, "priority_rank": 160 }, "geometry": { "type": "Polygon", "coordinates": [ [ [ 126.891881097592147, 37.502704271509934 ], [ 126.89186282046316, 37.504957559461012 ], [ 126.893964776869609, 37.504968362348372 ], [ 126.89393013, 37.50482169 ], [ 126.893838839999987, 37.50476699 ], [ 126.89377776, 37.50473061 ], [ 126.89371381, 37.50471817 ], [ 126.893374609999981, 37.50465366 ], [ 126.89324936, 37.5046296 ], [ 126.89322604, 37.50462508 ], [ 126.89316882, 37.50460167 ], [ 126.893164760000019, 37.50459236 ], [ 126.8931063, 37.50445632 ], [ 126.89311994, 37.50442846 ], [ 126.89313749, 37.50439243000001 ], [ 126.893141209999982, 37.50438455 ], [ 126.89314705, 37.50437245 ], [ 126.89318038, 37.50430378 ], [ 126.89323301, 37.50419571 ], [ 126.89330161, 37.50405386 ], [ 126.89330361, 37.50401304 ], [ 126.893305810000015, 37.50396489 ], [ 126.893303159999988, 37.5039542 ], [ 126.893297, 37.50394293 ], [ 126.89327743, 37.50390687 ], [ 126.89325171, 37.5038601 ], [ 126.89315398, 37.50374598 ], [ 126.89310577, 37.503720309999984 ], [ 126.893009, 37.50366786 ], [ 126.89280997, 37.503462129999988 ], [ 126.89274529, 37.50334664 ], [ 126.89269321, 37.50331421 ], [ 126.892708970000015, 37.50329085 ], [ 126.89272243000002, 37.50327144 ], [ 126.892741200000017, 37.50324386 ], [ 126.89289118, 37.50302662 ], [ 126.89303887, 37.50281222 ], [ 126.893109591015474, 37.502710589503863 ], [ 126.891881097592147, 37.502704271509934 ] ] ] } },
{ "type": "Feature", "properties": { "nearest_shelter_name": "궁동어린이도서관", "nearest_shelter_addr": "서울특별시 구로구 오리로 1352 (궁동어린이도서관)", "nearest_shelter_lon": 126.829314, "nearest_shelter_lat": 37.50219, "member_grid_ids": ["11530_01837", "11530_01838", "11530_01839", "11530_01897", "11530_01898", "11530_01899", "11530_01954", "11530_01955"], "display_grid_id": "11530_00327", "gu_code": 11530, "gu_name": "구로구", "source_cell_count": 8, "area_m2": 37418.53, "mean_actual_lst": 31.1989, "mean_actual_anomaly": -7.5825, "seoul_anomaly": -6.3343, "pred_anomaly": -6.1874, "pred_anomaly_std": 0.7801, "green_delta_c": 0.1071, "building_ratio": 0.0, "green_ratio": 0.7802, "ndvi": 0.491, "impervious_ratio": 0.0471, "built_surface_ratio": 0.0471, "avg_ground_floor_count": 0.0, "elevation_m": 93.1348, "albedo": 0.1354, "nearest_park_distance_m": 624.5105, "park_area_within_500m": 0.0, "nearest_stream_distance_m": 1706.9732, "est_population_density": 0.0, "dong_elderly_ratio": 0.2188, "dong_avg_age": 44.8, "dong_pop_density": 8657.5, "nearest_shelter_distance_m": 541.25, "shelter_count_within_500m": 0.0, "est_population": 0.0, "est_elderly": 0.0, "shelter_capacity_within_500m": 0.0, "building_form_group": "no_building", "dong_name": "수궁동", "top1_feature": "building_ratio", "top1_shap": -1.6392, "top2_feature": "impervious_ratio", "top2_shap": -1.1126, "top3_feature": "built_surface_ratio", "top3_shap": -1.081, "priority_score": 18.7058, "priority_rank": 394 }, "geometry": { "type": "Polygon", "coordinates": [ [ [ 126.823961529768113, 37.506841836855443 ], [ 126.823981848914059, 37.504588579630614 ], [ 126.821840085106345, 37.50457630281857 ], [ 126.82189498, 37.50473441 ], [ 126.82195696, 37.50490232 ], [ 126.82196818, 37.504939210000011 ], [ 126.822019790000013, 37.50508092 ], [ 126.822155440000017, 37.50518136 ], [ 126.82237859, 37.50534783 ], [ 126.822388939999982, 37.50537515 ], [ 126.82246482, 37.50556926 ], [ 126.822514670000018, 37.50563776 ], [ 126.82255026, 37.50568511 ], [ 126.82253653, 37.50573493 ], [ 126.82251328, 37.50599815 ], [ 126.82249282, 37.50605753 ], [ 126.82249094, 37.50610228 ], [ 126.822382939999983, 37.50611396 ], [ 126.822361639999983, 37.5062257 ], [ 126.82231871, 37.506521 ], [ 126.82229652, 37.50670821 ], [ 126.822280141239816, 37.506832201749255 ], [ 126.823961529768113, 37.506841836855443 ] ] ] } },
{ "type": "Feature", "properties": { "nearest_shelter_name": "궁동어린이도서관", "nearest_shelter_addr": "서울특별시 구로구 오리로 1352 (궁동어린이도서관)", "nearest_shelter_lon": 126.829314, "nearest_shelter_lat": 37.50219, "member_grid_ids": ["11530_01840", "11530_01841", "11530_01899", "11530_01900", "11530_01901", "11530_01955", "11530_01956", "11530_01957"], "display_grid_id": "11530_00328", "gu_code": 11530, "gu_name": "구로구", "source_cell_count": 14, "area_m2": 62500.0, "mean_actual_lst": 32.6262, "mean_actual_anomaly": -5.9624, "seoul_anomaly": -4.7142, "pred_anomaly": -4.7026, "pred_anomaly_std": 0.9047, "green_delta_c": -1.1389, "building_ratio": 0.0, "green_ratio": 0.7329, "ndvi": 0.4515, "impervious_ratio": 0.0745, "built_surface_ratio": 0.0745, "avg_ground_floor_count": 0.0, "elevation_m": 75.0382, "albedo": 0.14, "nearest_park_distance_m": 545.3724, "park_area_within_500m": 747.472, "nearest_stream_distance_m": 1631.886, "est_population_density": 0.0, "dong_elderly_ratio": 0.2188, "dong_avg_age": 44.8, "dong_pop_density": 8657.5, "nearest_shelter_distance_m": 381.04, "shelter_count_within_500m": 0.32, "est_population": 0.0, "est_elderly": 0.0, "shelter_capacity_within_500m": 240.0, "building_form_group": "no_building", "dong_name": "수궁동", "top1_feature": "building_ratio", "top1_shap": -1.4825, "top2_feature": "impervious_ratio", "top2_shap": -0.6169, "top3_feature": "built_surface_ratio", "top3_shap": -0.5929, "priority_score": 39.8548, "priority_rank": 305 }, "geometry": { "type": "Polygon", "coordinates": [ [ [ 126.823981848914059, 37.504588579630614 ], [ 126.823961529768113, 37.506841836855443 ], [ 126.826789963467775, 37.506857991044029 ], [ 126.826810197617434, 37.504604732512163 ], [ 126.823981848914059, 37.504588579630614 ] ] ] } },
{ "type": "Feature", "properties": { "nearest_shelter_name": "궁동어린이도서관", "nearest_shelter_addr": "서울특별시 구로구 오리로 1352 (궁동어린이도서관)", "nearest_shelter_lon": 126.829314, "nearest_shelter_lat": 37.50219, "member_grid_ids": ["11530_01842", "11530_01843", "11530_01844", "11530_01902", "11530_01903", "11530_01904", "11530_01958", "11530_01959", "11530_01960"], "display_grid_id": "11530_00329", "gu_code": 11530, "gu_name": "구로구", "source_cell_count": 12, "area_m2": 62500.0, "mean_actual_lst": 35.3093, "mean_actual_anomaly": -2.986, "seoul_anomaly": -1.7378, "pred_anomaly": -1.6138, "pred_anomaly_std": 0.9011, "green_delta_c": -0.3645, "building_ratio": 0.1194, "green_ratio": 0.5627, "ndvi": 0.3412, "impervious_ratio": 0.241, "built_surface_ratio": 0.241, "avg_ground_floor_count": 0.48, "elevation_m": 49.7439, "albedo": 0.1469, "nearest_park_distance_m": 391.4736, "park_area_within_500m": 17701.0012, "nearest_stream_distance_m": 1549.316, "est_population_density": 0.0, "dong_elderly_ratio": 0.2188, "dong_avg_age": 44.8, "dong_pop_density": 8657.5, "nearest_shelter_distance_m": 271.21, "shelter_count_within_500m": 1.4, "est_population": 0.0, "est_elderly": 0.0, "shelter_capacity_within_500m": 881.5, "building_form_group": "low_floor_low_density", "dong_name": "수궁동", "top1_feature": "green_ratio", "top1_shap": -1.0838, "top2_feature": "ndvi", "top2_shap": -0.5437, "top3_feature": "impervious_ratio", "top3_shap": 0.1595, "priority_score": 32.7967, "priority_rank": 372 }, "geometry": { "type": "Polygon", "coordinates": [ [ [ 126.826810197617434, 37.504604732512163 ], [ 126.826789963467775, 37.506857991044029 ], [ 126.829618399420681, 37.506874077513395 ], [ 126.829638548573797, 37.504620817679964 ], [ 126.826810197617434, 37.504604732512163 ] ] ] } },
{ "type": "Feature", "properties": { "nearest_shelter_name": "궁동어린이도서관", "nearest_shelter_addr": "서울특별시 구로구 오리로 1352 (궁동어린이도서관)", "nearest_shelter_lon": 126.829314, "nearest_shelter_lat": 37.50219, "member_grid_ids": ["11530_01845", "11530_01846", "11530_01904", "11530_01905", "11530_01906", "11530_01960", "11530_01961"], "display_grid_id": "11530_00330", "gu_code": 11530, "gu_name": "구로구", "source_cell_count": 8, "area_m2": 34591.78, "mean_actual_lst": 32.8185, "mean_actual_anomaly": -5.515, "seoul_anomaly": -4.2668, "pred_anomaly": -3.6654, "pred_anomaly_std": 0.7227, "green_delta_c": -0.7665, "building_ratio": 0.0348, "green_ratio": 0.6916, "ndvi": 0.424, "impervious_ratio": 0.1486, "built_surface_ratio": 0.1486, "avg_ground_floor_count": 0.1445, "elevation_m": 55.5784, "albedo": 0.1282, "nearest_park_distance_m": 235.2675, "park_area_within_500m": 40969.6455, "nearest_stream_distance_m": 1490.2269, "est_population_density": 0.0, "dong_elderly_ratio": 0.2188, "dong_avg_age": 44.8, "dong_pop_density": 8657.5, "nearest_shelter_distance_m": 299.46, "shelter_count_within_500m": 2.1967, "est_population": 0.0, "est_elderly": 0.0, "shelter_capacity_within_500m": 1008.2, "building_form_group": "no_building", "dong_name": "수궁동", "top1_feature": "building_ratio", "top1_shap": -0.9723, "top2_feature": "impervious_ratio", "top2_shap": -0.3323, "top3_feature": "green_ratio", "top3_shap": -0.5136, "priority_score": 37.8093, "priority_rank": 332 }, "geometry": { "type": "Polygon", "coordinates": [ [ [ 126.829638548573797, 37.504620817679964 ], [ 126.829618399420681, 37.506874077513395 ], [ 126.830608879564593, 37.506879694765686 ], [ 126.830565539999981, 37.50635612 ], [ 126.83060664, 37.50631057 ], [ 126.83066027, 37.50627544 ], [ 126.83081465, 37.5061515 ], [ 126.83087806, 37.50610462 ], [ 126.830899439999982, 37.50608883 ], [ 126.83097166, 37.50603657 ], [ 126.83118639, 37.50586935 ], [ 126.831188370000021, 37.50585243 ], [ 126.83119811, 37.5057694 ], [ 126.83135893, 37.50561096 ], [ 126.83145722, 37.50551412 ], [ 126.83149996, 37.50544633 ], [ 126.83160091000002, 37.50511225 ], [ 126.8318727, 37.50482228 ], [ 126.832001250000019, 37.50468515 ], [ 126.83200762, 37.50467924 ], [ 126.83204846, 37.50464953 ], [ 126.83206898894305, 37.504634585778447 ], [ 126.829638548573797, 37.504620817679964 ] ] ] } },
{ "type": "Feature", "properties": { "nearest_shelter_name": "신정6차현대아파트경로당(사립)", "nearest_shelter_addr": "서울특별시 양천구 신정로 170 (현대6차아파트 101동)", "nearest_shelter_lon": 126.840737, "nearest_shelter_lat": 37.507748, "member_grid_ids": ["11530_01849", "11530_01850", "11530_01907", "11530_01908"], "display_grid_id": "11530_00331", "gu_code": 11530, "gu_name": "구로구", "source_cell_count": 4, "area_m2": 9122.83, "mean_actual_lst": 32.4579, "mean_actual_anomaly": -6.1964, "seoul_anomaly": -4.9482, "pred_anomaly": -4.5019, "pred_anomaly_std": 0.7333, "green_delta_c": -0.8689, "building_ratio": 0.0, "green_ratio": 0.7673, "ndvi": 0.4882, "impervious_ratio": 0.0758, "built_surface_ratio": 0.0758, "avg_ground_floor_count": 0.0, "elevation_m": 69.3784, "albedo": 0.1409, "nearest_park_distance_m": 303.6207, "park_area_within_500m": 87486.3693, "nearest_stream_distance_m": 1317.1183, "est_population_density": 0.0, "dong_elderly_ratio": 0.1973, "dong_avg_age": 43.5029, "dong_pop_density": 19927.3803, "nearest_shelter_distance_m": 250.78, "shelter_count_within_500m": 7.3664, "est_population": 0.0, "est_elderly": 0.0, "shelter_capacity_within_500m": 429.0, "building_form_group": "no_building", "dong_name": "개봉1동", "top1_feature": "building_ratio", "top1_shap": -1.4844, "top2_feature": "green_ratio", "top2_shap": -0.5689, "top3_feature": "ndvi", "top3_shap": -0.4402, "priority_score": 36.6604, "priority_rank": 342 }, "geometry": { "type": "Polygon", "coordinates": [ [ [ 126.840951974739724, 37.504684481210212 ], [ 126.839758540971857, 37.504677816580312 ], [ 126.83995092, 37.50488465 ], [ 126.8399907, 37.50495538 ], [ 126.84006263, 37.50519453 ], [ 126.84011685, 37.50537733 ], [ 126.84012972, 37.50538748000001 ], [ 126.84016674, 37.5054278 ], [ 126.84049859, 37.50552258 ], [ 126.8406248, 37.50583247 ], [ 126.8407447, 37.50604267 ], [ 126.840940883467837, 37.505946129036559 ], [ 126.840951974739724, 37.504684481210212 ] ] ] } },
{ "type": "Feature", "properties": { "nearest_shelter_name": "백곡경로당", "nearest_shelter_addr": "서울특별시 구로구 고척로21길 85", "nearest_shelter_lon": 126.844444, "nearest_shelter_lat": 37.505141, "member_grid_ids": ["11530_01851", "11530_01852", "11530_01908", "11530_01909", "11530_01910"], "display_grid_id": "11530_00332", "gu_code": 11530, "gu_name": "구로구", "source_cell_count": 8, "area_m2": 27746.8, "mean_actual_lst": 34.1931, "mean_actual_anomaly": -4.4613, "seoul_anomaly": -3.213, "pred_anomaly": -2.9021, "pred_anomaly_std": 0.7795, "green_delta_c": -0.5533, "building_ratio": 0.0658, "green_ratio": 0.6615, "ndvi": 0.4404, "impervious_ratio": 0.1635, "built_surface_ratio": 0.1635, "avg_ground_floor_count": 1.9103, "elevation_m": 46.3728, "albedo": 0.1354, "nearest_park_distance_m": 270.6127, "park_area_within_500m": 73210.605, "nearest_stream_distance_m": 1276.5998, "est_population_density": 6054.7494, "dong_elderly_ratio": 0.2027, "dong_avg_age": 43.8911, "dong_pop_density": 21283.5105, "nearest_shelter_distance_m": 108.13, "shelter_count_within_500m": 9.5558, "est_population": 168.0, "est_elderly": 36.7, "shelter_capacity_within_500m": 960.2, "building_form_group": "no_building", "dong_name": "개봉1동", "top1_feature": "green_ratio", "top1_shap": -0.9884, "top2_feature": "ndvi", "top2_shap": -0.7801, "top3_feature": "building_ratio", "top3_shap": -0.6623, "priority_score": 39.4255, "priority_rank": 311 }, "geometry": { "type": "Polygon", "coordinates": [ [ [ 126.843780336819023, 37.504700227806737 ], [ 126.840951974739724, 37.504684481210212 ], [ 126.840940883467837, 37.505946129036559 ], [ 126.84117492, 37.505830960000011 ], [ 126.841562060000015, 37.50576982 ], [ 126.84207263, 37.50566549 ], [ 126.8420981, 37.50565623 ], [ 126.84232719000002, 37.50553715 ], [ 126.842428220000016, 37.5054807 ], [ 126.84268515, 37.50548555000001 ], [ 126.84346857, 37.5057997 ], [ 126.8435841, 37.5058204 ], [ 126.843770812082298, 37.505788354292065 ], [ 126.843780336819023, 37.504700227806737 ] ] ] } },
{ "type": "Feature", "properties": { "nearest_shelter_name": "백곡경로당", "nearest_shelter_addr": "서울특별시 구로구 고척로21길 85", "nearest_shelter_lon": 126.844444, "nearest_shelter_lat": 37.505141, "member_grid_ids": ["11530_01853", "11530_01854", "11530_01855", "11530_01911", "11530_01912", "11530_01913", "11530_01963", "11530_01964", "11530_01965"], "display_grid_id": "11530_00333", "gu_code": 11530, "gu_name": "구로구", "source_cell_count": 10, "area_m2": 53043.33, "mean_actual_lst": 39.2135, "mean_actual_anomaly": 0.5508, "seoul_anomaly": 1.799, "pred_anomaly": 2.576, "pred_anomaly_std": 0.6248, "green_delta_c": -0.4526, "building_ratio": 0.3134, "green_ratio": 0.2807, "ndvi": 0.1377, "impervious_ratio": 0.3629, "built_surface_ratio": 0.3629, "avg_ground_floor_count": 3.5003, "elevation_m": 23.039, "albedo": 0.1237, "nearest_park_distance_m": 180.0857, "park_area_within_500m": 61344.8532, "nearest_stream_distance_m": 1263.6727, "est_population_density": 27618.9283, "dong_elderly_ratio": 0.2207, "dong_avg_age": 45.1754, "dong_pop_density": 25514.6668, "nearest_shelter_distance_m": 40.15, "shelter_count_within_500m": 10.0801, "est_population": 1465.0, "est_elderly": 324.3, "shelter_capacity_within_500m": 1584.7, "building_form_group": "high_floor_high_density", "dong_name": "개봉1동", "top1_feature": "building_ratio", "top1_shap": 0.7173, "top2_feature": "ndvi", "top2_shap": 0.2982, "top3_feature": "impervious_ratio", "top3_shap": 0.4026, "priority_score": 52.0581, "priority_rank": 167 }, "geometry": { "type": "Polygon", "coordinates": [ [ [ 126.846589061926153, 37.506969174216295 ], [ 126.846608701094496, 37.50471590668851 ], [ 126.843780336819023, 37.504700227806737 ], [ 126.843770812082298, 37.505788354292065 ], [ 126.84440771, 37.50567904 ], [ 126.84448091, 37.50574361 ], [ 126.84450199, 37.50571408 ], [ 126.84467689, 37.50574049 ], [ 126.8446724, 37.50577259 ], [ 126.844581819999988, 37.50599574 ], [ 126.84449513, 37.5062099 ], [ 126.8443818, 37.5064899 ], [ 126.844469100000012, 37.50657026 ], [ 126.84452502000002, 37.50662074000001 ], [ 126.844611730000011, 37.50673094 ], [ 126.84465923, 37.5068318 ], [ 126.84469861, 37.50692928 ], [ 126.844709099725421, 37.506958759767507 ], [ 126.846589061926153, 37.506969174216295 ] ] ] } },
{ "type": "Feature", "properties": { "nearest_shelter_name": "삼덕경로당", "nearest_shelter_addr": "서울특별시 구로구 고척로33다길 21 (고척동, 신성빌라)", "nearest_shelter_lon": 126.848635, "nearest_shelter_lat": 37.506383, "member_grid_ids": ["11530_01856", "11530_01857", "11530_01913", "11530_01914", "11530_01915", "11530_01965", "11530_01966", "11530_01967"], "display_grid_id": "11530_00334", "gu_code": 11530, "gu_name": "구로구", "source_cell_count": 12, "area_m2": 62500.0, "mean_actual_lst": 39.6328, "mean_actual_anomaly": 0.8497, "seoul_anomaly": 2.0979, "pred_anomaly": 2.9824, "pred_anomaly_std": 0.6922, "green_delta_c": -0.4608, "building_ratio": 0.4486, "green_ratio": 0.2736, "ndvi": 0.0986, "impervious_ratio": 0.2947, "built_surface_ratio": 0.2947, "avg_ground_floor_count": 3.1623, "elevation_m": 36.3713, "albedo": 0.1252, "nearest_park_distance_m": 276.2636, "park_area_within_500m": 51101.3304, "nearest_stream_distance_m": 1237.8204, "est_population_density": 34861.6, "dong_elderly_ratio": 0.2315, "dong_avg_age": 45.804, "dong_pop_density": 25583.576, "nearest_shelter_distance_m": 25.46, "shelter_count_within_500m": 11.96, "est_population": 2178.8, "est_elderly": 503.3, "shelter_capacity_within_500m": 1651.2, "building_form_group": "low_floor_high_density", "dong_name": "고척2동", "top1_feature": "building_ratio", "top1_shap": 1.115, "top2_feature": "ndvi", "top2_shap": 0.6194, "top3_feature": "impervious_ratio", "top3_shap": 0.1967, "priority_score": 59.6086, "priority_rank": 99 }, "geometry": { "type": "Polygon", "coordinates": [ [ [ 126.846608701094496, 37.50471590668851 ], [ 126.846589061926153, 37.506969174216295 ], [ 126.849417513386754, 37.506984786646377 ], [ 126.849437067556721, 37.504731517855376 ], [ 126.846608701094496, 37.50471590668851 ] ] ] } },
{ "type": "Feature", "properties": { "nearest_shelter_name": "삼익2차(아)경로당", "nearest_shelter_addr": "서울특별시 구로구 중앙로15길 125 (삼익아파트 202동)", "nearest_shelter_lon": 126.852699, "nearest_shelter_lat": 37.507513, "member_grid_ids": ["11530_01858", "11530_01859", "11530_01860", "11530_01916", "11530_01917", "11530_01918", "11530_01968", "11530_01969", "11530_01970"], "display_grid_id": "11530_00335", "gu_code": 11530, "gu_name": "구로구", "source_cell_count": 11, "area_m2": 62500.0, "mean_actual_lst": 37.3515, "mean_actual_anomaly": -1.3365, "seoul_anomaly": -0.0882, "pred_anomaly": 0.1028, "pred_anomaly_std": 0.8989, "green_delta_c": -0.4482, "building_ratio": 0.2113, "green_ratio": 0.4514, "ndvi": 0.3161, "impervious_ratio": 0.2938, "built_surface_ratio": 0.2938, "avg_ground_floor_count": 2.0406, "elevation_m": 42.4866, "albedo": 0.1415, "nearest_park_distance_m": 287.2896, "park_area_within_500m": 50518.4108, "nearest_stream_distance_m": 1223.5908, "est_population_density": 12188.8, "dong_elderly_ratio": 0.2331, "dong_avg_age": 45.9, "dong_pop_density": 25594.1, "nearest_shelter_distance_m": 114.01, "shelter_count_within_500m": 11.24, "est_population": 761.8, "est_elderly": 177.5, "shelter_capacity_within_500m": 1326.0, "building_form_group": "low_floor_low_density", "dong_name": "고척2동", "top1_feature": "green_ratio", "top1_shap": -0.6749, "top2_feature": "building_ratio", "top2_shap": 0.1987, "top3_feature": "ndvi", "top3_shap": -0.4107, "priority_score": 45.8712, "priority_rank": 229 }, "geometry": { "type": "Polygon", "coordinates": [ [ [ 126.849437067556721, 37.504731517855376 ], [ 126.849417513386754, 37.506984786646377 ], [ 126.852245967024871, 37.507000331355904 ], [ 126.852265436196205, 37.504747061307157 ], [ 126.849437067556721, 37.504731517855376 ] ] ] } },
{ "type": "Feature", "properties": { "nearest_shelter_name": "덕의경로당", "nearest_shelter_addr": "서울특별시 구로구 고척로51길 39 (고척동)", "nearest_shelter_lon": 126.854248, "nearest_shelter_lat": 37.506458, "member_grid_ids": ["11530_01861", "11530_01862", "11530_01918", "11530_01919", "11530_01920", "11530_01970", "11530_01971", "11530_01972"], "display_grid_id": "11530_00336", "gu_code": 11530, "gu_name": "구로구", "source_cell_count": 14, "area_m2": 62500.0, "mean_actual_lst": 38.8133, "mean_actual_anomaly": 0.252, "seoul_anomaly": 1.5002, "pred_anomaly": 1.7316, "pred_anomaly_std": 0.7752, "green_delta_c": -0.4802, "building_ratio": 0.2544, "green_ratio": 0.3059, "ndvi": 0.2468, "impervious_ratio": 0.4371, "built_surface_ratio": 0.4371, "avg_ground_floor_count": 2.6474, "elevation_m": 31.9131, "albedo": 0.1352, "nearest_park_distance_m": 245.5248, "park_area_within_500m": 72763.1204, "nearest_stream_distance_m": 1238.658, "est_population_density": 16292.0, "dong_elderly_ratio": 0.2331, "dong_avg_age": 45.9, "dong_pop_density": 25594.1, "nearest_shelter_distance_m": 26.11, "shelter_count_within_500m": 11.16, "est_population": 1018.3, "est_elderly": 237.3, "shelter_capacity_within_500m": 3736.5, "building_form_group": "low_floor_high_density", "dong_name": "고척2동", "top1_feature": "building_ratio", "top1_shap": 0.4912, "top2_feature": "ndvi", "top2_shap": -0.3436, "top3_feature": "impervious_ratio", "top3_shap": 0.4066, "priority_score": 52.4748, "priority_rank": 161 }, "geometry": { "type": "Polygon", "coordinates": [ [ [ 126.852265436196205, 37.504747061307157 ], [ 126.852245967024871, 37.507000331355904 ], [ 126.855074422831038, 37.507015808344718 ], [ 126.855093807003499, 37.504762537043717 ], [ 126.852265436196205, 37.504747061307157 ] ] ] } },
{ "type": "Feature", "properties": { "nearest_shelter_name": "경남2차(아)경로당", "nearest_shelter_addr": "서울특별시 구로구 고척로52길 21 (경남2차아파트 관리사무소)", "nearest_shelter_lon": 126.856486, "nearest_shelter_lat": 37.504441, "member_grid_ids": ["11530_01863", "11530_01864", "11530_01865", "11530_01921", "11530_01922", "11530_01923", "11530_01973", "11530_01974", "11530_01975"], "display_grid_id": "11530_00337", "gu_code": 11530, "gu_name": "구로구", "source_cell_count": 10, "area_m2": 62500.0, "mean_actual_lst": 39.7795, "mean_actual_anomaly": 1.2372, "seoul_anomaly": 2.4854, "pred_anomaly": 2.3915, "pred_anomaly_std": 0.7065, "green_delta_c": -0.2936, "building_ratio": 0.2887, "green_ratio": 0.2566, "ndvi": 0.1582, "impervious_ratio": 0.4618, "built_surface_ratio": 0.4618, "avg_ground_floor_count": 4.5382, "elevation_m": 22.9533, "albedo": 0.1309, "nearest_park_distance_m": 109.42, "park_area_within_500m": 122464.7296, "nearest_stream_distance_m": 1251.0904, "est_population_density": 32242.4, "dong_elderly_ratio": 0.2331, "dong_avg_age": 45.9, "dong_pop_density": 25594.1, "nearest_shelter_distance_m": 45.53, "shelter_count_within_500m": 12.48, "est_population": 2015.2, "est_elderly": 469.7, "shelter_capacity_within_500m": 4700.7, "building_form_group": "low_floor_high_density", "dong_name": "고척2동", "top1_feature": "building_ratio", "top1_shap": 0.5627, "top2_feature": "impervious_ratio", "top2_shap": 0.4377, "top3_feature": "ndvi", "top3_shap": 0.1683, "priority_score": 58.8636, "priority_rank": 104 }, "geometry": { "type": "Polygon", "coordinates": [ [ [ 126.855093807003499, 37.504762537043717 ], [ 126.855074422831038, 37.507015808344718 ], [ 126.85790288079582, 37.507031217612656 ], [ 126.857922179969137, 37.504777945064887 ], [ 126.855093807003499, 37.504762537043717 ] ] ] } },
{ "type": "Feature", "properties": { "nearest_shelter_name": "고척벽산베스트블루밍(아)경로당", "nearest_shelter_addr": "서울특별시 구로구 고척로60길 30 (벽산베스트블루밍아파트 103동)", "nearest_shelter_lon": 126.859018, "nearest_shelter_lat": 37.504534, "member_grid_ids": ["11530_01866", "11530_01867", "11530_01923", "11530_01924", "11530_01925", "11530_01975", "11530_01976", "11530_01977"], "display_grid_id": "11530_00338", "gu_code": 11530, "gu_name": "구로구", "source_cell_count": 11, "area_m2": 60758.2, "mean_actual_lst": 39.6123, "mean_actual_anomaly": 1.1156, "seoul_anomaly": 2.3638, "pred_anomaly": 2.2764, "pred_anomaly_std": 0.6145, "green_delta_c": -0.2207, "building_ratio": 0.3047, "green_ratio": 0.2403, "ndvi": 0.1263, "impervious_ratio": 0.4239, "built_surface_ratio": 0.4239, "avg_ground_floor_count": 7.5487, "elevation_m": 19.9325, "albedo": 0.1129, "nearest_park_distance_m": 77.2804, "park_area_within_500m": 204485.1536, "nearest_stream_distance_m": 1090.8174, "est_population_density": 45984.7434, "dong_elderly_ratio": 0.2331, "dong_avg_age": 45.9, "dong_pop_density": 25594.1, "nearest_shelter_distance_m": 27.92, "shelter_count_within_500m": 15.6995, "est_population": 2794.0, "est_elderly": 651.3, "shelter_capacity_within_500m": 5117.2, "building_form_group": "high_floor_high_density", "dong_name": "고척2동", "top1_feature": "building_ratio", "top1_shap": 0.6693, "top2_feature": "ndvi", "top2_shap": 0.4121, "top3_feature": "impervious_ratio", "top3_shap": 0.3372, "priority_score": 54.5202, "priority_rank": 143 }, "geometry": { "type": "Polygon", "coordinates": [ [ [ 126.860750555083669, 37.504793285370511 ], [ 126.857922179969137, 37.504777945064887 ], [ 126.85790288079582, 37.507031217612656 ], [ 126.86005957698076, 37.507042921649969 ], [ 126.860266420000016, 37.50670002 ], [ 126.86031571, 37.50661617 ], [ 126.86032136, 37.50661589 ], [ 126.86033673, 37.50661479 ], [ 126.86043865, 37.5067416 ], [ 126.860733203522699, 37.506828138879719 ], [ 126.860750555083669, 37.504793285370511 ] ] ] } },
{ "type": "Feature", "properties": { "nearest_shelter_name": "경남1차(아)경로당", "nearest_shelter_addr": "서울특별시 구로구 경인로47길 150 (경남1차아파트 관리사무실)", "nearest_shelter_lon": 126.862634, "nearest_shelter_lat": 37.505334, "member_grid_ids": ["11530_01868", "11530_01869", "11530_01870", "11530_01926", "11530_01927", "11530_01928", "11530_01978", "11530_01979"], "display_grid_id": "11530_00339", "gu_code": 11530, "gu_name": "구로구", "source_cell_count": 11, "area_m2": 48984.43, "mean_actual_lst": 38.113, "mean_actual_anomaly": -0.4469, "seoul_anomaly": 0.8013, "pred_anomaly": 1.1946, "pred_anomaly_std": 0.7237, "green_delta_c": -0.1557, "building_ratio": 0.1994, "green_ratio": 0.2147, "ndvi": 0.1841, "impervious_ratio": 0.5388, "built_surface_ratio": 0.5388, "avg_ground_floor_count": 12.5966, "elevation_m": 23.5741, "albedo": 0.1076, "nearest_park_distance_m": 9.9563, "park_area_within_500m": 231772.5543, "nearest_stream_distance_m": 861.671, "est_population_density": 1310.4323, "dong_elderly_ratio": 0.2301, "dong_avg_age": 45.5614, "dong_pop_density": 23880.0173, "nearest_shelter_distance_m": 38.36, "shelter_count_within_500m": 18.8851, "est_population": 64.2, "est_elderly": 14.8, "shelter_capacity_within_500m": 5940.4, "building_form_group": "high_floor_low_density", "dong_name": "고척2동", "top1_feature": "impervious_ratio", "top1_shap": 0.4241, "top2_feature": "built_surface_ratio", "top2_shap": 0.3753, "top3_feature": "avg_ground_floor_count", "top3_shap": -0.3487, "priority_score": 31.0101, "priority_rank": 379 }, "geometry": { "type": "Polygon", "coordinates": [ [ [ 126.863578932337589, 37.504808557960416 ], [ 126.860750555083669, 37.504793285370511 ], [ 126.860733203522699, 37.506828138879719 ], [ 126.86086306, 37.50686629 ], [ 126.861167550000019, 37.50695758 ], [ 126.86125286, 37.50698331 ], [ 126.861483352326516, 37.507050626665873 ], [ 126.862871386892778, 37.507058121742432 ], [ 126.86278911, 37.50695724 ], [ 126.86268768, 37.50685944 ], [ 126.86262945, 37.50680643 ], [ 126.862583560000019, 37.50677878 ], [ 126.862648809999982, 37.50676309 ], [ 126.86278961, 37.50668808 ], [ 126.86289878, 37.50660712 ], [ 126.862942, 37.50655903 ], [ 126.86296027, 37.50652244 ], [ 126.862762929999988, 37.50640002 ], [ 126.862820320000012, 37.50613287 ], [ 126.86282656, 37.50610445 ], [ 126.86282657000001, 37.50609769 ], [ 126.86282933, 37.50603547 ], [ 126.86283623, 37.5059389 ], [ 126.862949220000019, 37.50570928 ], [ 126.86313903, 37.50531729 ], [ 126.86338009, 37.50511147 ], [ 126.863513160000011, 37.50501449 ], [ 126.863577180225363, 37.505014954278806 ], [ 126.863578932337589, 37.504808557960416 ] ] ] } },
{ "type": "Feature", "properties": { "nearest_shelter_name": "오금경로당", "nearest_shelter_addr": "서울특별시 구로구 중앙로14나길 30 (고척동, 일지빌라)", "nearest_shelter_lon": 126.865794, "nearest_shelter_lat": 37.50549, "member_grid_ids": ["11530_01871", "11530_01872", "11530_01929", "11530_01930"], "display_grid_id": "11530_00340", "gu_code": 11530, "gu_name": "구로구", "source_cell_count": 6, "area_m2": 14035.44, "mean_actual_lst": 39.3553, "mean_actual_anomaly": 0.7135, "seoul_anomaly": 1.9617, "pred_anomaly": 2.998, "pred_anomaly_std": 0.7633, "green_delta_c": -0.3229, "building_ratio": 0.3349, "green_ratio": 0.2394, "ndvi": 0.1741, "impervious_ratio": 0.4378, "built_surface_ratio": 0.4378, "avg_ground_floor_count": 3.9737, "elevation_m": 36.4075, "albedo": 0.1183, "nearest_park_distance_m": 21.9181, "park_area_within_500m": 127794.3539, "nearest_stream_distance_m": 552.0028, "est_population_density": 27227.7495, "dong_elderly_ratio": 0.2207, "dong_avg_age": 44.7564, "dong_pop_density": 21026.0842, "nearest_shelter_distance_m": 9.68, "shelter_count_within_500m": 18.363, "est_population": 382.2, "est_elderly": 84.0, "shelter_capacity_within_500m": 1249.2, "building_form_group": "low_floor_high_density", "dong_name": "고척1동", "top1_feature": "building_ratio", "top1_shap": 0.8192, "top2_feature": "impervious_ratio", "top2_shap": 0.4473, "top3_feature": "built_surface_ratio", "top3_shap": 0.2855, "priority_score": 42.399, "priority_rank": 277 }, "geometry": { "type": "Polygon", "coordinates": [ [ [ 126.866407311721503, 37.504823762834448 ], [ 126.863578932337589, 37.504808557960416 ], [ 126.863577180225363, 37.505014954278806 ], [ 126.863604170000016, 37.50501515 ], [ 126.863619470000017, 37.50504811 ], [ 126.8636921, 37.50504848 ], [ 126.863694099999989, 37.50502145 ], [ 126.863778730000021, 37.50502887 ], [ 126.86401796, 37.50505307000001 ], [ 126.864198140000013, 37.50508426 ], [ 126.8643426, 37.50504276 ], [ 126.86452558, 37.50499792 ], [ 126.86455139, 37.50499232 ], [ 126.86460949, 37.50501209 ], [ 126.86468768, 37.50506709 ], [ 126.864708719999982, 37.50505783 ], [ 126.86473368, 37.50512768 ], [ 126.86473375, 37.50518653 ], [ 126.864730730000019, 37.50520173000001 ], [ 126.864726280000014, 37.5052172 ], [ 126.86471881, 37.50524564 ], [ 126.864720029999987, 37.50525128000001 ], [ 126.864721609999989, 37.50525803 ], [ 126.86477926, 37.50533102 ], [ 126.86480874999998, 37.50533978 ], [ 126.86481228, 37.50534456 ], [ 126.86482826, 37.50539894 ], [ 126.86483546, 37.505428790000011 ], [ 126.86484309, 37.50550426 ], [ 126.86486676, 37.50551189 ], [ 126.865048570000013, 37.50552899 ], [ 126.865148729999987, 37.50554572 ], [ 126.86516072000002, 37.50556346 ], [ 126.8652448, 37.5055768 ], [ 126.86543761, 37.50557279 ], [ 126.86576368, 37.50555093 ], [ 126.86581671, 37.50554564 ], [ 126.86583559, 37.50555552 ], [ 126.86593723999998, 37.50554183 ], [ 126.866047719999983, 37.505525059999989 ], [ 126.86608503, 37.50551244 ], [ 126.866230929999986, 37.50544616 ], [ 126.86628133, 37.50542707000001 ], [ 126.86640250442909, 37.505392577738618 ], [ 126.866407311721503, 37.504823762834448 ] ] ] } },
{ "type": "Feature", "properties": { "nearest_shelter_name": "오금경로당", "nearest_shelter_addr": "서울특별시 구로구 중앙로14나길 30 (고척동, 일지빌라)", "nearest_shelter_lon": 126.865794, "nearest_shelter_lat": 37.50549, "member_grid_ids": ["11530_01873", "11530_01931"], "display_grid_id": "11530_00341", "gu_code": 11530, "gu_name": "구로구", "source_cell_count": 6, "area_m2": 5858.67, "mean_actual_lst": 37.9566, "mean_actual_anomaly": -0.6554, "seoul_anomaly": 0.5928, "pred_anomaly": 0.877, "pred_anomaly_std": 0.8585, "green_delta_c": -0.3585, "building_ratio": 0.2602, "green_ratio": 0.3303, "ndvi": 0.295, "impervious_ratio": 0.4441, "built_surface_ratio": 0.4441, "avg_ground_floor_count": 2.1883, "elevation_m": 31.8234, "albedo": 0.1328, "nearest_park_distance_m": 138.8848, "park_area_within_500m": 71450.9246, "nearest_stream_distance_m": 381.015, "est_population_density": 9420.9008, "dong_elderly_ratio": 0.2238, "dong_avg_age": 44.8852, "dong_pop_density": 20582.7686, "nearest_shelter_distance_m": 76.5, "shelter_count_within_500m": 17.5971, "est_population": 55.2, "est_elderly": 12.4, "shelter_capacity_within_500m": 628.5, "building_form_group": "low_floor_high_density", "dong_name": "고척1동", "top1_feature": "building_ratio", "top1_shap": 0.488, "top2_feature": "ndvi", "top2_shap": -0.4487, "top3_feature": "impervious_ratio", "top3_shap": 0.4293, "priority_score": 36.894, "priority_rank": 339 }, "geometry": { "type": "Polygon", "coordinates": [ [ [ 126.869235693225889, 37.504838899992464 ], [ 126.866407311721503, 37.504823762834448 ], [ 126.86640250442909, 37.505392577738618 ], [ 126.86642224, 37.50538696 ], [ 126.866493340000019, 37.50535608 ], [ 126.86650376999998, 37.5053499 ], [ 126.8665873, 37.50528524 ], [ 126.8665654, 37.50527873 ], [ 126.86647559, 37.50529552 ], [ 126.86646959, 37.50529411 ], [ 126.86645216, 37.50525918000001 ], [ 126.86645606, 37.50525243 ], [ 126.86656855, 37.5051999 ], [ 126.86679192, 37.50528998 ], [ 126.8671388, 37.505294309999989 ], [ 126.86724526, 37.50525305 ], [ 126.867519090000016, 37.50510047 ], [ 126.867554110000015, 37.50508249 ], [ 126.86796303, 37.50488332 ], [ 126.86868458, 37.50486132000001 ], [ 126.86901258, 37.50485212 ], [ 126.86904859000002, 37.50487046 ], [ 126.869142200000013, 37.50489619 ], [ 126.869234547417392, 37.504975085246841 ], [ 126.869235693225889, 37.504838899992464 ] ] ] } },
{ "type": "Feature", "properties": { "nearest_shelter_name": "구립국화경로당", "nearest_shelter_addr": "서울특별시 구로구 경인로47다길 43 (고척동, 산업인아파트)", "nearest_shelter_lon": 126.867196, "nearest_shelter_lat": 37.5038, "member_grid_ids": ["11530_01876", "11530_01877", "11530_01932", "11530_01933", "11530_01934"], "display_grid_id": "11530_00342", "gu_code": 11530, "gu_name": "구로구", "source_cell_count": 6, "area_m2": 12976.36, "mean_actual_lst": 38.3082, "mean_actual_anomaly": -0.292, "seoul_anomaly": 0.9562, "pred_anomaly": 0.9302, "pred_anomaly_std": 1.0129, "green_delta_c": -0.416, "building_ratio": 0.1552, "green_ratio": 0.3526, "ndvi": 0.2062, "impervious_ratio": 0.3861, "built_surface_ratio": 0.3861, "avg_ground_floor_count": 2.3478, "elevation_m": 15.3697, "albedo": 0.1421, "nearest_park_distance_m": 332.9869, "park_area_within_500m": 38508.2148, "nearest_stream_distance_m": 125.6427, "est_population_density": 0.0, "dong_elderly_ratio": 0.2242, "dong_avg_age": 44.9, "dong_pop_density": 20531.9, "nearest_shelter_distance_m": 282.28, "shelter_count_within_500m": 7.8363, "est_population": 0.0, "est_elderly": 0.0, "shelter_capacity_within_500m": 870.1, "building_form_group": "low_floor_low_density", "dong_name": "고척1동", "top1_feature": "impervious_ratio", "top1_shap": 0.4026, "top2_feature": "green_ratio", "top2_shap": -0.2869, "top3_feature": "built_surface_ratio", "top3_shap": 0.2831, "priority_score": 41.6098, "priority_rank": 288 }, "geometry": { "type": "Polygon", "coordinates": [ [ [ 126.869235693225889, 37.504838899992464 ], [ 126.869234547417392, 37.504975085246841 ], [ 126.870248709999984, 37.5058415 ], [ 126.870255949999986, 37.50584574 ], [ 126.87042071, 37.50580903 ], [ 126.87060686, 37.50576869 ], [ 126.87063055, 37.50575915 ], [ 126.87064135, 37.50575211 ], [ 126.87101488, 37.50526966 ], [ 126.87119501, 37.50513386 ], [ 126.87129225000001, 37.50510947 ], [ 126.87144835, 37.50507022 ], [ 126.871422100904468, 37.504850554970403 ], [ 126.869235693225889, 37.504838899992464 ] ] ] } },
{ "type": "Feature", "properties": { "nearest_shelter_name": "월드진영(아)경로당", "nearest_shelter_addr": "서울특별시 구로구 구로중앙로 229 (월드아파트 관리사무소)", "nearest_shelter_lon": 126.876045, "nearest_shelter_lat": 37.505632, "member_grid_ids": ["11530_01878", "11530_01879", "11530_01935", "11530_01936", "11530_01980", "11530_01981"], "display_grid_id": "11530_00343", "gu_code": 11530, "gu_name": "구로구", "source_cell_count": 7, "area_m2": 12726.93, "mean_actual_lst": 41.7131, "mean_actual_anomaly": 3.445, "seoul_anomaly": 4.6932, "pred_anomaly": 3.0639, "pred_anomaly_std": 0.9095, "green_delta_c": -0.5332, "building_ratio": 0.2712, "green_ratio": 0.2149, "ndvi": 0.1344, "impervious_ratio": 0.5919, "built_surface_ratio": 0.5919, "avg_ground_floor_count": 4.2621, "elevation_m": 13.432, "albedo": 0.1285, "nearest_park_distance_m": 134.7794, "park_area_within_500m": 190257.959, "nearest_stream_distance_m": 153.3954, "est_population_density": 0.0, "dong_elderly_ratio": 0.1989, "dong_avg_age": 46.2784, "dong_pop_density": 22041.8661, "nearest_shelter_distance_m": 102.02, "shelter_count_within_500m": 4.6404, "est_population": 0.0, "est_elderly": 0.0, "shelter_capacity_within_500m": 0.0, "building_form_group": "low_floor_low_density", "dong_name": "구로2동", "top1_feature": "impervious_ratio", "top1_shap": 0.5784, "top2_feature": "built_surface_ratio", "top2_shap": 0.4279, "top3_feature": "building_ratio", "top3_shap": 0.3765, "priority_score": 60.8649, "priority_rank": 85 }, "geometry": { "type": "Polygon", "coordinates": [ [ [ 126.874873673385054, 37.507122251073177 ], [ 126.874892462558293, 37.504868971159794 ], [ 126.87376728504556, 37.504863011343481 ], [ 126.873850929999989, 37.50497486 ], [ 126.8740561, 37.505172450000011 ], [ 126.87413124, 37.5052618 ], [ 126.87417109, 37.50531195 ], [ 126.87426474, 37.50562825 ], [ 126.874276509999987, 37.50566853 ], [ 126.87430323, 37.5057488 ], [ 126.87432802, 37.50582316 ], [ 126.874384989999982, 37.50599441 ], [ 126.874401690000013, 37.50604453 ], [ 126.87441787, 37.50609271 ], [ 126.87442863, 37.50610793 ], [ 126.87450087, 37.50622767 ], [ 126.87455128, 37.50631049 ], [ 126.87459092, 37.50637671 ], [ 126.874630760000016, 37.50644152000001 ], [ 126.87465119, 37.50647448 ], [ 126.87467745, 37.50651758 ], [ 126.87468432, 37.50652857 ], [ 126.874686260000018, 37.50653363 ], [ 126.874705, 37.50662939 ], [ 126.87471219, 37.50666741 ], [ 126.874582460000013, 37.50667516 ], [ 126.8744787, 37.50669166 ], [ 126.874424409999989, 37.50672088 ], [ 126.87434227, 37.50679991 ], [ 126.87427281, 37.5069074 ], [ 126.874244950000019, 37.50698001 ], [ 126.874231962445705, 37.507118853212866 ], [ 126.874873673385054, 37.507122251073177 ] ] ] } },
{ "type": "Feature", "properties": { "nearest_shelter_name": "월드진영(아)경로당", "nearest_shelter_addr": "서울특별시 구로구 구로중앙로 229 (월드아파트 관리사무소)", "nearest_shelter_lon": 126.876045, "nearest_shelter_lat": 37.505632, "member_grid_ids": ["11530_01880", "11530_01881", "11530_01936", "11530_01937", "11530_01938", "11530_01981", "11530_01982", "11530_01983"], "display_grid_id": "11530_00344", "gu_code": 11530, "gu_name": "구로구", "source_cell_count": 13, "area_m2": 62500.0, "mean_actual_lst": 40.8461, "mean_actual_anomaly": 2.5904, "seoul_anomaly": 3.8386, "pred_anomaly": 2.314, "pred_anomaly_std": 0.7356, "green_delta_c": -0.2701, "building_ratio": 0.273, "green_ratio": 0.2271, "ndvi": 0.1437, "impervious_ratio": 0.498, "built_surface_ratio": 0.498, "avg_ground_floor_count": 8.969, "elevation_m": 14.7597, "albedo": 0.1248, "nearest_park_distance_m": 71.6524, "park_area_within_500m": 266220.28, "nearest_stream_distance_m": 266.0964, "est_population_density": 204.8, "dong_elderly_ratio": 0.1845, "dong_avg_age": 44.176, "dong_pop_density": 23210.1, "nearest_shelter_distance_m": 16.21, "shelter_count_within_500m": 7.52, "est_population": 12.8, "est_elderly": 2.3, "shelter_capacity_within_500m": 2936.0, "building_form_group": "high_floor_high_density", "dong_name": "신도림동", "top1_feature": "impervious_ratio", "top1_shap": 0.4763, "top2_feature": "building_ratio", "top2_shap": 0.4214, "top3_feature": "ndvi", "top3_shap": 0.2873, "priority_score": 46.5341, "priority_rank": 223 }, "geometry": { "type": "Polygon", "coordinates": [ [ [ 126.874892462558293, 37.504868971159794 ], [ 126.874873673385054, 37.507122251073177 ], [ 126.877702146195034, 37.507137186290606 ], [ 126.877720850367382, 37.504883905168796 ], [ 126.874892462558293, 37.504868971159794 ] ] ] } },
{ "type": "Feature", "properties": { "nearest_shelter_name": "대림1차(아)경로당", "nearest_shelter_addr": "서울특별시 구로구 신도림로 16 (신도림 대림아파트 202동)", "nearest_shelter_lon": 126.880422, "nearest_shelter_lat": 37.505845, "member_grid_ids": ["11530_01882", "11530_01883", "11530_01884", "11530_01939", "11530_01940", "11530_01941", "11530_01984", "11530_01985", "11530_01986"], "display_grid_id": "11530_00345", "gu_code": 11530, "gu_name": "구로구", "source_cell_count": 14, "area_m2": 62500.0, "mean_actual_lst": 38.6095, "mean_actual_anomaly": 0.38, "seoul_anomaly": 1.6282, "pred_anomaly": 1.0888, "pred_anomaly_std": 0.6668, "green_delta_c": -0.1559, "building_ratio": 0.239, "green_ratio": 0.2466, "ndvi": 0.1438, "impervious_ratio": 0.4453, "built_surface_ratio": 0.4453, "avg_ground_floor_count": 15.7524, "elevation_m": 19.5418, "albedo": 0.1069, "nearest_park_distance_m": 4.1024, "park_area_within_500m": 458101.0516, "nearest_stream_distance_m": 503.8292, "est_population_density": 59994.0, "dong_elderly_ratio": 0.1705, "dong_avg_age": 41.964, "dong_pop_density": 24404.3, "nearest_shelter_distance_m": 11.7, "shelter_count_within_500m": 11.56, "est_population": 3749.6, "est_elderly": 613.5, "shelter_capacity_within_500m": 4436.2, "building_form_group": "high_floor_low_density", "dong_name": "신도림동", "top1_feature": "avg_ground_floor_count", "top1_shap": -0.5656, "top2_feature": "impervious_ratio", "top2_shap": 0.4195, "top3_feature": "built_surface_ratio", "top3_shap": 0.216, "priority_score": 50.0631, "priority_rank": 188 }, "geometry": { "type": "Polygon", "coordinates": [ [ [ 126.877720850367382, 37.504883905168796 ], [ 126.877702146195034, 37.507137186290606 ], [ 126.880530621087885, 37.507152053785909 ], [ 126.8805492402591, 37.504898771461143 ], [ 126.877720850367382, 37.504883905168796 ] ] ] } },
{ "type": "Feature", "properties": { "nearest_shelter_name": "대림1차(아)경로당", "nearest_shelter_addr": "서울특별시 구로구 신도림로 16 (신도림 대림아파트 202동)", "nearest_shelter_lon": 126.880422, "nearest_shelter_lat": 37.505845, "member_grid_ids": ["11530_01885", "11530_01886", "11530_01941", "11530_01942", "11530_01943", "11530_01986", "11530_01987", "11530_01988"], "display_grid_id": "11530_00346", "gu_code": 11530, "gu_name": "구로구", "source_cell_count": 11, "area_m2": 62500.0, "mean_actual_lst": 38.0489, "mean_actual_anomaly": -0.085, "seoul_anomaly": 1.1632, "pred_anomaly": 0.5758, "pred_anomaly_std": 0.678, "green_delta_c": -0.1434, "building_ratio": 0.2193, "green_ratio": 0.2539, "ndvi": 0.1786, "impervious_ratio": 0.4515, "built_surface_ratio": 0.4515, "avg_ground_floor_count": 16.7866, "elevation_m": 24.0306, "albedo": 0.0941, "nearest_park_distance_m": 0.0, "park_area_within_500m": 592709.2924, "nearest_stream_distance_m": 713.838, "est_population_density": 89134.0, "dong_elderly_ratio": 0.1625, "dong_avg_age": 40.7, "dong_pop_density": 25086.7, "nearest_shelter_distance_m": 11.7, "shelter_count_within_500m": 15.96, "est_population": 5570.9, "est_elderly": 905.3, "shelter_capacity_within_500m": 4621.7, "building_form_group": "high_floor_low_density", "dong_name": "신도림동", "top1_feature": "avg_ground_floor_count", "top1_shap": -0.5579, "top2_feature": "impervious_ratio", "top2_shap": 0.4163, "top3_feature": "building_ratio", "top3_shap": 0.2369, "priority_score": 51.1616, "priority_rank": 178 }, "geometry": { "type": "Polygon", "coordinates": [ [ [ 126.8805492402591, 37.504898771461143 ], [ 126.880530621087885, 37.507152053785909 ], [ 126.883359098054157, 37.507166853558928 ], [ 126.883377632224011, 37.504913570036692 ], [ 126.8805492402591, 37.504898771461143 ] ] ] } },
{ "type": "Feature", "properties": { "nearest_shelter_name": "영등포농협(신도림지점)", "nearest_shelter_addr": "서울특별시 구로구 경인로 619-3", "nearest_shelter_lon": 126.884114, "nearest_shelter_lat": 37.50665, "member_grid_ids": ["11530_01887", "11530_01888", "11530_01889", "11530_01944", "11530_01945", "11530_01946", "11530_01989", "11530_01990", "11530_01991"], "display_grid_id": "11530_00347", "gu_code": 11530, "gu_name": "구로구", "source_cell_count": 12, "area_m2": 62500.0, "mean_actual_lst": 39.2879, "mean_actual_anomaly": 1.0373, "seoul_anomaly": 2.2855, "pred_anomaly": 1.1079, "pred_anomaly_std": 0.69, "green_delta_c": -0.1705, "building_ratio": 0.2216, "green_ratio": 0.2274, "ndvi": 0.1092, "impervious_ratio": 0.4687, "built_surface_ratio": 0.4687, "avg_ground_floor_count": 14.7585, "elevation_m": 16.593, "albedo": 0.111, "nearest_park_distance_m": 0.0, "park_area_within_500m": 629780.7704, "nearest_stream_distance_m": 725.818, "est_population_density": 71544.8, "dong_elderly_ratio": 0.1644, "dong_avg_age": 41.12, "dong_pop_density": 25983.256, "nearest_shelter_distance_m": 18.12, "shelter_count_within_500m": 16.8, "est_population": 4471.5, "est_elderly": 733.6, "shelter_capacity_within_500m": 4416.8, "building_form_group": "high_floor_low_density", "dong_name": "신도림동", "top1_feature": "avg_ground_floor_count", "top1_shap": -0.5243, "top2_feature": "ndvi", "top2_shap": 0.377, "top3_feature": "impervious_ratio", "top3_shap": 0.3659, "priority_score": 55.3788, "priority_rank": 132 }, "geometry": { "type": "Polygon", "coordinates": [ [ [ 126.883377632224011, 37.504913570036692 ], [ 126.883359098054157, 37.507166853558928 ], [ 126.886187577084371, 37.507181585609509 ], [ 126.886206026252637, 37.504928300895294 ], [ 126.883377632224011, 37.504913570036692 ] ] ] } },
{ "type": "Feature", "properties": { "nearest_shelter_name": "태영타운(아)경로당", "nearest_shelter_addr": "서울특별시 구로구 새말로 93 (신도림태영타운 109동)", "nearest_shelter_lon": 126.887922, "nearest_shelter_lat": 37.506041, "member_grid_ids": ["11530_01890", "11530_01891", "11530_01946", "11530_01947", "11530_01948", "11530_01991", "11530_01992", "11530_01993"], "display_grid_id": "11530_00348", "gu_code": 11530, "gu_name": "구로구", "source_cell_count": 15, "area_m2": 62500.0, "mean_actual_lst": 38.3378, "mean_actual_anomaly": 0.0429, "seoul_anomaly": 1.2911, "pred_anomaly": 0.71, "pred_anomaly_std": 0.7276, "green_delta_c": -0.0892, "building_ratio": 0.1778, "green_ratio": 0.2343, "ndvi": 0.1713, "impervious_ratio": 0.483, "built_surface_ratio": 0.483, "avg_ground_floor_count": 18.8534, "elevation_m": 28.727, "albedo": 0.0953, "nearest_park_distance_m": 0.0, "park_area_within_500m": 530419.98, "nearest_stream_distance_m": 508.4124, "est_population_density": 72879.2, "dong_elderly_ratio": 0.1732, "dong_avg_age": 43.08, "dong_pop_density": 30167.184, "nearest_shelter_distance_m": 52.57, "shelter_count_within_500m": 14.96, "est_population": 4555.0, "est_elderly": 797.3, "shelter_capacity_within_500m": 2587.8, "building_form_group": "high_floor_low_density", "dong_name": "구로5동", "top1_feature": "avg_ground_floor_count", "top1_shap": -0.6818, "top2_feature": "impervious_ratio", "top2_shap": 0.4448, "top3_feature": "built_surface_ratio", "top3_shap": 0.366, "priority_score": 48.9015, "priority_rank": 206 }, "geometry": { "type": "Polygon", "coordinates": [ [ [ 126.886206026252637, 37.504928300895294 ], [ 126.886187577084371, 37.507181585609509 ], [ 126.889016058169091, 37.507196249937508 ], [ 126.889034422335499, 37.504942964036779 ], [ 126.886206026252637, 37.504928300895294 ] ] ] } },
{ "type": "Feature", "properties": { "nearest_shelter_name": "구로노인종합복지관", "nearest_shelter_addr": "서울특별시 구로구 새말로16길 7 (구로동)", "nearest_shelter_lon": 126.890599, "nearest_shelter_lat": 37.505287, "member_grid_ids": ["11530_01892", "11530_01893", "11530_01894", "11530_01949", "11530_01950", "11530_01951", "11530_01994", "11530_01995", "11530_01996"], "display_grid_id": "11530_00349", "gu_code": 11530, "gu_name": "구로구", "source_cell_count": 13, "area_m2": 62500.0, "mean_actual_lst": 39.1823, "mean_actual_anomaly": 1.3913, "seoul_anomaly": 2.6395, "pred_anomaly": 1.5198, "pred_anomaly_std": 0.8131, "green_delta_c": -0.1835, "building_ratio": 0.2873, "green_ratio": 0.2069, "ndvi": 0.1598, "impervious_ratio": 0.5735, "built_surface_ratio": 0.5735, "avg_ground_floor_count": 19.8259, "elevation_m": 16.9597, "albedo": 0.1152, "nearest_park_distance_m": 18.7124, "park_area_within_500m": 331910.3076, "nearest_stream_distance_m": 252.1032, "est_population_density": 74298.0, "dong_elderly_ratio": 0.1783, "dong_avg_age": 44.2, "dong_pop_density": 32558.0, "nearest_shelter_distance_m": 39.03, "shelter_count_within_500m": 13.8, "est_population": 4643.6, "est_elderly": 827.9, "shelter_capacity_within_500m": 2233.0, "building_form_group": "high_floor_high_density", "dong_name": "구로5동", "top1_feature": "avg_ground_floor_count", "top1_shap": -0.6593, "top2_feature": "building_ratio", "top2_shap": 0.5418, "top3_feature": "impervious_ratio", "top3_shap": 0.4104, "priority_score": 60.1894, "priority_rank": 95 }, "geometry": { "type": "Polygon", "coordinates": [ [ [ 126.889034422335499, 37.504942964036779 ], [ 126.889016058169091, 37.507196249937508 ], [ 126.891844541298838, 37.507210846542769 ], [ 126.89186282046316, 37.504957559461012 ], [ 126.889034422335499, 37.504942964036779 ] ] ] } },
{ "type": "Feature", "properties": { "nearest_shelter_name": "대한노인회구로구지회", "nearest_shelter_addr": "서울특별시 구로구 새말로18길 39 (구로동)", "nearest_shelter_lon": 126.892836, "nearest_shelter_lat": 37.504704, "member_grid_ids": ["11530_01895", "11530_01896", "11530_01951", "11530_01952", "11530_01953", "11530_01996", "11530_01997"], "display_grid_id": "11530_00350", "gu_code": 11530, "gu_name": "구로구", "source_cell_count": 8, "area_m2": 36331.46, "mean_actual_lst": 39.7936, "mean_actual_anomaly": 2.043, "seoul_anomaly": 3.2912, "pred_anomaly": 2.5236, "pred_anomaly_std": 0.8276, "green_delta_c": -0.577, "building_ratio": 0.1857, "green_ratio": 0.2118, "ndvi": 0.1891, "impervious_ratio": 0.6084, "built_surface_ratio": 0.6084, "avg_ground_floor_count": 4.9207, "elevation_m": 17.863, "albedo": 0.1263, "nearest_park_distance_m": 124.905, "park_area_within_500m": 197774.2586, "nearest_stream_distance_m": 67.642, "est_population_density": 16468.532, "dong_elderly_ratio": 0.1783, "dong_avg_age": 44.2, "dong_pop_density": 32558.0, "nearest_shelter_distance_m": 33.46, "shelter_count_within_500m": 15.5259, "est_population": 598.3, "est_elderly": 106.7, "shelter_capacity_within_500m": 2289.4, "building_form_group": "high_floor_low_density", "dong_name": "구로5동", "top1_feature": "impervious_ratio", "top1_shap": 0.622, "top2_feature": "built_surface_ratio", "top2_shap": 0.5272, "top3_feature": "green_ratio", "top3_shap": 0.3384, "priority_score": 64.3813, "priority_rank": 59 }, "geometry": { "type": "Polygon", "coordinates": [ [ [ 126.89186282046316, 37.504957559461012 ], [ 126.891844541298838, 37.507210846542769 ], [ 126.89298165608426, 37.50721669562251 ], [ 126.8929736, 37.50712709 ], [ 126.89297295, 37.50708767 ], [ 126.893012070000012, 37.50704886 ], [ 126.89301205, 37.50693511 ], [ 126.89301612, 37.50692891 ], [ 126.893018790000013, 37.50692441 ], [ 126.893107590000014, 37.50686029 ], [ 126.89313183, 37.50683919 ], [ 126.893238019999984, 37.506729210000017 ], [ 126.893245639999989, 37.50671485 ], [ 126.89325432, 37.50670077 ], [ 126.893301310000012, 37.50658764 ], [ 126.893339970000014, 37.50648799 ], [ 126.893382709999983, 37.50638752 ], [ 126.89343661, 37.50626087 ], [ 126.89350063000002, 37.5061086 ], [ 126.89353132, 37.50603091 ], [ 126.89353751, 37.50602726 ], [ 126.89359345, 37.50595608 ], [ 126.89366904, 37.50586014 ], [ 126.89367188, 37.50585282 ], [ 126.89375597, 37.50550348 ], [ 126.89376377, 37.50548434 ], [ 126.89395507, 37.50505485 ], [ 126.893974570000012, 37.50500982 ], [ 126.893964776869609, 37.504968362348372 ], [ 126.89186282046316, 37.504957559461012 ] ] ] } },
{ "type": "Feature", "properties": { "nearest_shelter_name": "신정이펜하우스4단지아파트경로당(사립)", "nearest_shelter_addr": "서울특별시 양천구 신정이펜1로 51 (신정 이펜하우스 4단지 401)", "nearest_shelter_lon": 126.829891, "nearest_shelter_lat": 37.510652, "member_grid_ids": ["11530_01998", "11530_01999", "11530_02000", "11530_02043", "11530_02044"], "display_grid_id": "11530_00351", "gu_code": 11530, "gu_name": "구로구", "source_cell_count": 7, "area_m2": 18417.89, "mean_actual_lst": 30.9397, "mean_actual_anomaly": -7.8508, "seoul_anomaly": -6.6026, "pred_anomaly": -6.601, "pred_anomaly_std": 0.8205, "green_delta_c": 0.3084, "building_ratio": 0.0, "green_ratio": 0.7765, "ndvi": 0.4912, "impervious_ratio": 0.0461, "built_surface_ratio": 0.0461, "avg_ground_floor_count": 0.0, "elevation_m": 116.7062, "albedo": 0.1525, "nearest_park_distance_m": 560.489, "park_area_within_500m": 162.816, "nearest_stream_distance_m": 1880.1384, "est_population_density": 0.0, "dong_elderly_ratio": 0.2188, "dong_avg_age": 44.8, "dong_pop_density": 8657.5, "nearest_shelter_distance_m": 600.68, "shelter_count_within_500m": 0.0, "est_population": 0.0, "est_elderly": 0.0, "shelter_capacity_within_500m": 0.0, "building_form_group": "no_building", "dong_name": "수궁동", "top1_feature": "building_ratio", "top1_shap": -1.627, "top2_feature": "impervious_ratio", "top2_shap": -1.1178, "top3_feature": "built_surface_ratio", "top3_shap": -1.0839, "priority_score": 18.5101, "priority_rank": 395 }, "geometry": { "type": "Polygon", "coordinates": [ [ [ 126.823961529768113, 37.506841836855443 ], [ 126.822280141239816, 37.506832201749255 ], [ 126.82224684, 37.5070843 ], [ 126.82222373, 37.50728924 ], [ 126.82221845, 37.50743085 ], [ 126.82221491, 37.50765441 ], [ 126.822222609999983, 37.50768736 ], [ 126.82255284, 37.50771236 ], [ 126.82263866000001, 37.50773952 ], [ 126.82286554, 37.50782375 ], [ 126.823114640000014, 37.50793338 ], [ 126.823591640000018, 37.50813795 ], [ 126.823949397906944, 37.508187058990394 ], [ 126.823961529768113, 37.506841836855443 ] ] ] } },
{ "type": "Feature", "properties": { "nearest_shelter_name": "신정이펜하우스4단지아파트경로당(사립)", "nearest_shelter_addr": "서울특별시 양천구 신정이펜1로 51 (신정 이펜하우스 4단지 401)", "nearest_shelter_lon": 126.829891, "nearest_shelter_lat": 37.510652, "member_grid_ids": ["11530_02000", "11530_02001", "11530_02002", "11530_02044", "11530_02045", "11530_02046", "11530_02083"], "display_grid_id": "11530_00352", "gu_code": 11530, "gu_name": "구로구", "source_cell_count": 12, "area_m2": 45465.56, "mean_actual_lst": 31.0344, "mean_actual_anomaly": -7.584, "seoul_anomaly": -6.3358, "pred_anomaly": -6.5565, "pred_anomaly_std": 0.6955, "green_delta_c": 0.2735, "building_ratio": 0.0, "green_ratio": 0.7816, "ndvi": 0.5087, "impervious_ratio": 0.0468, "built_surface_ratio": 0.0468, "avg_ground_floor_count": 0.0, "elevation_m": 110.882, "albedo": 0.1516, "nearest_park_distance_m": 386.0422, "park_area_within_500m": 19946.7867, "nearest_stream_distance_m": 1835.0994, "est_population_density": 0.0, "dong_elderly_ratio": 0.2192, "dong_avg_age": 44.8293, "dong_pop_density": 8725.6133, "nearest_shelter_distance_m": 384.5, "shelter_count_within_500m": 0.4463, "est_population": 0.0, "est_elderly": 0.0, "shelter_capacity_within_500m": 123.0, "building_form_group": "no_building", "dong_name": "수궁동", "top1_feature": "building_ratio", "top1_shap": -1.6405, "top2_feature": "impervious_ratio", "top2_shap": -1.1142, "top3_feature": "built_surface_ratio", "top3_shap": -1.0824, "priority_score": 18.1881, "priority_rank": 396 }, "geometry": { "type": "Polygon", "coordinates": [ [ [ 126.826789963467775, 37.506857991044029 ], [ 126.823961529768113, 37.506841836855443 ], [ 126.823949397906944, 37.508187058990394 ], [ 126.82418894, 37.50821994 ], [ 126.824457110000012, 37.50825808 ], [ 126.82455053, 37.50828468 ], [ 126.82487056, 37.50836484 ], [ 126.82506023000002, 37.50842313 ], [ 126.82551764, 37.50854348 ], [ 126.82590652, 37.50865809 ], [ 126.82613345999998, 37.50871952 ], [ 126.82627331, 37.50876815 ], [ 126.826459970000016, 37.50875013 ], [ 126.8265104, 37.50872205 ], [ 126.826774544054331, 37.508574915426699 ], [ 126.826789963467775, 37.506857991044029 ] ] ] } },
{ "type": "Feature", "properties": { "nearest_shelter_name": "신정이펜하우스4단지아파트경로당(사립)", "nearest_shelter_addr": "서울특별시 양천구 신정이펜1로 51 (신정 이펜하우스 4단지 401)", "nearest_shelter_lon": 126.829891, "nearest_shelter_lat": 37.510652, "member_grid_ids": ["11530_02003", "11530_02004", "11530_02005", "11530_02047", "11530_02048", "11530_02049", "11530_02084", "11530_02085"], "display_grid_id": "11530_00353", "gu_code": 11530, "gu_name": "구로구", "source_cell_count": 12, "area_m2": 47784.09, "mean_actual_lst": 32.8445, "mean_actual_anomaly": -5.5305, "seoul_anomaly": -4.2823, "pred_anomaly": -4.6024, "pred_anomaly_std": 0.8493, "green_delta_c": -0.477, "building_ratio": 0.0391, "green_ratio": 0.7149, "ndvi": 0.4427, "impervious_ratio": 0.1103, "built_surface_ratio": 0.1103, "avg_ground_floor_count": 0.3946, "elevation_m": 75.666, "albedo": 0.1522, "nearest_park_distance_m": 236.0301, "park_area_within_500m": 78381.5648, "nearest_stream_distance_m": 1769.4643, "est_population_density": 0.0, "dong_elderly_ratio": 0.2188, "dong_avg_age": 44.8, "dong_pop_density": 8657.5, "nearest_shelter_distance_m": 264.77, "shelter_count_within_500m": 1.2867, "est_population": 0.0, "est_elderly": 0.0, "shelter_capacity_within_500m": 461.9, "building_form_group": "no_building", "dong_name": "수궁동", "top1_feature": "building_ratio", "top1_shap": -1.0941, "top2_feature": "impervious_ratio", "top2_shap": -0.6523, "top3_feature": "green_ratio", "top3_shap": -0.5434, "priority_score": 32.4053, "priority_rank": 373 }, "geometry": { "type": "Polygon", "coordinates": [ [ [ 126.829618399420681, 37.506874077513395 ], [ 126.826789963467775, 37.506857991044029 ], [ 126.826774544054331, 37.508574915426699 ], [ 126.826880939999981, 37.50851565 ], [ 126.82692146, 37.5084915 ], [ 126.82698824, 37.50850314 ], [ 126.82705793, 37.50850112 ], [ 126.82713634, 37.50849886 ], [ 126.82727018, 37.50854495 ], [ 126.827652650000019, 37.50867671 ], [ 126.828110609999982, 37.50879959 ], [ 126.82851721, 37.50866504 ], [ 126.82899426, 37.508525540000015 ], [ 126.8291036, 37.50849358 ], [ 126.82919985, 37.50846662 ], [ 126.82927956, 37.50844428 ], [ 126.82939951, 37.50838449 ], [ 126.82949244, 37.50831986 ], [ 126.829605390242136, 37.508328747319162 ], [ 126.829618399420681, 37.506874077513395 ] ] ] } },
{ "type": "Feature", "properties": { "nearest_shelter_name": "신정이펜하우스4단지아파트경로당(사립)", "nearest_shelter_addr": "서울특별시 양천구 신정이펜1로 51 (신정 이펜하우스 4단지 401)", "nearest_shelter_lon": 126.829891, "nearest_shelter_lat": 37.510652, "member_grid_ids": ["11530_02005", "11530_02006", "11530_02049", "11530_02050"], "display_grid_id": "11530_00354", "gu_code": 11530, "gu_name": "구로구", "source_cell_count": 6, "area_m2": 17041.96, "mean_actual_lst": 32.2194, "mean_actual_anomaly": -6.0809, "seoul_anomaly": -4.8326, "pred_anomaly": -4.9842, "pred_anomaly_std": 0.6338, "green_delta_c": -0.3227, "building_ratio": 0.03, "green_ratio": 0.7637, "ndvi": 0.5135, "impervious_ratio": 0.0912, "built_surface_ratio": 0.0912, "avg_ground_floor_count": 0.5196, "elevation_m": 72.4738, "albedo": 0.1306, "nearest_park_distance_m": 225.5003, "park_area_within_500m": 119591.7851, "nearest_stream_distance_m": 1727.0468, "est_population_density": 0.0, "dong_elderly_ratio": 0.2188, "dong_avg_age": 44.8, "dong_pop_density": 8657.5, "nearest_shelter_distance_m": 287.11, "shelter_count_within_500m": 2.44, "est_population": 0.0, "est_elderly": 0.0, "shelter_capacity_within_500m": 379.1, "building_form_group": "no_building", "dong_name": "수궁동", "top1_feature": "building_ratio", "top1_shap": -1.1172, "top2_feature": "impervious_ratio", "top2_shap": -0.7033, "top3_feature": "built_surface_ratio", "top3_shap": -0.6732, "priority_score": 25.7008, "priority_rank": 390 }, "geometry": { "type": "Polygon", "coordinates": [ [ [ 126.829618399420681, 37.506874077513395 ], [ 126.829605390242136, 37.508328747319162 ], [ 126.82983521, 37.50834683 ], [ 126.83064594, 37.50822074 ], [ 126.831025080000018, 37.50803095 ], [ 126.83103663, 37.50801084 ], [ 126.83104495, 37.50799634 ], [ 126.831044, 37.50796183 ], [ 126.83104219, 37.50789583 ], [ 126.831025380000014, 37.50782757 ], [ 126.83097579, 37.50771356 ], [ 126.830791260000012, 37.50731375 ], [ 126.83065082, 37.50700946 ], [ 126.83061421, 37.50694409 ], [ 126.830608879564593, 37.506879694765686 ], [ 126.829618399420681, 37.506874077513395 ] ] ] } },
{ "type": "Feature", "properties": { "nearest_shelter_name": "글마루한옥어린이도서관", "nearest_shelter_addr": "서울특별시 구로구 고척로27바길 7 (개봉한옥어린이도서관)", "nearest_shelter_lon": 126.845564, "nearest_shelter_lat": 37.507011, "member_grid_ids": ["11530_02007", "11530_02008", "11530_02009", "11530_02051", "11530_02052"], "display_grid_id": "11530_00355", "gu_code": 11530, "gu_name": "구로구", "source_cell_count": 9, "area_m2": 18848.74, "mean_actual_lst": 37.84, "mean_actual_anomaly": -0.8214, "seoul_anomaly": 0.4268, "pred_anomaly": 1.4775, "pred_anomaly_std": 0.822, "green_delta_c": -0.4056, "building_ratio": 0.1691, "green_ratio": 0.3024, "ndvi": 0.2149, "impervious_ratio": 0.456, "built_surface_ratio": 0.456, "avg_ground_floor_count": 3.1768, "elevation_m": 26.5932, "albedo": 0.1452, "nearest_park_distance_m": 50.0047, "park_area_within_500m": 120359.8944, "nearest_stream_distance_m": 1463.116, "est_population_density": 8454.1211, "dong_elderly_ratio": 0.2265, "dong_avg_age": 45.5171, "dong_pop_density": 25552.1225, "nearest_shelter_distance_m": 39.91, "shelter_count_within_500m": 9.462, "est_population": 159.4, "est_elderly": 36.0, "shelter_capacity_within_500m": 898.6, "building_form_group": "low_floor_low_density", "dong_name": "고척2동", "top1_feature": "impervious_ratio", "top1_shap": 0.4647, "top2_feature": "green_ratio", "top2_shap": -0.0178, "top3_feature": "built_surface_ratio", "top3_shap": 0.3341, "priority_score": 35.6439, "priority_rank": 352 }, "geometry": { "type": "Polygon", "coordinates": [ [ [ 126.846589061926153, 37.506969174216295 ], [ 126.844709099725421, 37.506958759767507 ], [ 126.84475624, 37.50709124 ], [ 126.844869919999979, 37.50732397 ], [ 126.84493354, 37.50740177 ], [ 126.84505768, 37.50752976 ], [ 126.845260900000014, 37.50770601 ], [ 126.84533729, 37.50777002 ], [ 126.84536445, 37.50779286 ], [ 126.845449720000019, 37.50783718 ], [ 126.84562151, 37.50791146 ], [ 126.84576136, 37.5079657 ], [ 126.845911330000021, 37.50799772 ], [ 126.84595512, 37.50801635 ], [ 126.84599906, 37.50804203 ], [ 126.846050750000018, 37.50808631 ], [ 126.84609198, 37.5081483 ], [ 126.84626096, 37.50846979 ], [ 126.8462845, 37.50854246 ], [ 126.84629159, 37.50869817 ], [ 126.84623447, 37.50897657 ], [ 126.84651234, 37.5090279 ], [ 126.846571021348183, 37.509038808274227 ], [ 126.846589061926153, 37.506969174216295 ] ] ] } },
{ "type": "Feature", "properties": { "nearest_shelter_name": "그랜드(아)경로당", "nearest_shelter_addr": "서울특별시 구로구 고척로27바길 47 (그랜드아파트)", "nearest_shelter_lon": 126.847538, "nearest_shelter_lat": 37.507641, "member_grid_ids": ["11530_02009", "11530_02010", "11530_02011", "11530_02052", "11530_02053", "11530_02054", "11530_02086", "11530_02087", "11530_02088"], "display_grid_id": "11530_00356", "gu_code": 11530, "gu_name": "구로구", "source_cell_count": 16, "area_m2": 59782.4, "mean_actual_lst": 36.0027, "mean_actual_anomaly": -2.6748, "seoul_anomaly": -1.4266, "pred_anomaly": -0.8544, "pred_anomaly_std": 0.8111, "green_delta_c": -0.3986, "building_ratio": 0.1753, "green_ratio": 0.4942, "ndvi": 0.3407, "impervious_ratio": 0.2842, "built_surface_ratio": 0.2842, "avg_ground_floor_count": 2.9708, "elevation_m": 44.1571, "albedo": 0.133, "nearest_park_distance_m": 146.395, "park_area_within_500m": 120490.0991, "nearest_stream_distance_m": 1486.6614, "est_population_density": 12104.7322, "dong_elderly_ratio": 0.2331, "dong_avg_age": 45.9, "dong_pop_density": 25594.1, "nearest_shelter_distance_m": 28.59, "shelter_count_within_500m": 10.7994, "est_population": 723.7, "est_elderly": 168.7, "shelter_capacity_within_500m": 1543.7, "building_form_group": "low_floor_low_density", "dong_name": "고척2동", "top1_feature": "green_ratio", "top1_shap": -0.7107, "top2_feature": "building_ratio", "top2_shap": 0.1807, "top3_feature": "ndvi", "top3_shap": -0.4999, "priority_score": 36.9445, "priority_rank": 338 }, "geometry": { "type": "Polygon", "coordinates": [ [ [ 126.849397957039258, 37.509238054566957 ], [ 126.849417513386754, 37.506984786646377 ], [ 126.846589061926153, 37.506969174216295 ], [ 126.846571021348183, 37.509038808274227 ], [ 126.846620630000018, 37.50904803000001 ], [ 126.846640579999985, 37.50905819 ], [ 126.84667959, 37.50907907 ], [ 126.846835283769096, 37.509223911338843 ], [ 126.847840193248061, 37.509229463996149 ], [ 126.84789802, 37.50920005 ], [ 126.848690369999986, 37.50889248 ], [ 126.84871353, 37.5088835 ], [ 126.84903091000001, 37.50906581000001 ], [ 126.84910699000001, 37.5091957 ], [ 126.849144646074208, 37.509236659036532 ], [ 126.849397957039258, 37.509238054566957 ] ] ] } },
{ "type": "Feature", "properties": { "nearest_shelter_name": "한일유엔아이(아)경로당", "nearest_shelter_addr": "서울특별시 구로구 중앙로15길 151 (한일유앤아이아파트 상가동)", "nearest_shelter_lon": 126.850972, "nearest_shelter_lat": 37.508313, "member_grid_ids": ["11530_02012", "11530_02013", "11530_02014", "11530_02055", "11530_02056", "11530_02057", "11530_02089", "11530_02090", "11530_02091"], "display_grid_id": "11530_00357", "gu_code": 11530, "gu_name": "구로구", "source_cell_count": 11, "area_m2": 62500.0, "mean_actual_lst": 35.6012, "mean_actual_anomaly": -2.8795, "seoul_anomaly": -1.6312, "pred_anomaly": -1.3349, "pred_anomaly_std": 0.8318, "green_delta_c": -0.4199, "building_ratio": 0.13, "green_ratio": 0.4823, "ndvi": 0.3429, "impervious_ratio": 0.2779, "built_surface_ratio": 0.2779, "avg_ground_floor_count": 8.7101, "elevation_m": 41.1324, "albedo": 0.1196, "nearest_park_distance_m": 267.146, "park_area_within_500m": 114042.7256, "nearest_stream_distance_m": 1483.3796, "est_population_density": 29949.6, "dong_elderly_ratio": 0.2331, "dong_avg_age": 45.9, "dong_pop_density": 25594.1, "nearest_shelter_distance_m": 12.14, "shelter_count_within_500m": 10.12, "est_population": 1871.9, "est_elderly": 436.3, "shelter_capacity_within_500m": 1325.1, "building_form_group": "high_floor_low_density", "dong_name": "고척2동", "top1_feature": "green_ratio", "top1_shap": -0.5976, "top2_feature": "ndvi", "top2_shap": -0.5213, "top3_feature": "impervious_ratio", "top3_shap": 0.0801, "priority_score": 41.7803, "priority_rank": 284 }, "geometry": { "type": "Polygon", "coordinates": [ [ [ 126.849417513386754, 37.506984786646377 ], [ 126.849397957039258, 37.509238054566957 ], [ 126.852226495685471, 37.509253600534286 ], [ 126.852245967024871, 37.507000331355904 ], [ 126.849417513386754, 37.506984786646377 ] ] ] } },
{ "type": "Feature", "properties": { "nearest_shelter_name": "삼익2차(아)경로당", "nearest_shelter_addr": "서울특별시 구로구 중앙로15길 125 (삼익아파트 202동)", "nearest_shelter_lon": 126.852699, "nearest_shelter_lat": 37.507513, "member_grid_ids": ["11530_02014", "11530_02015", "11530_02016", "11530_02057", "11530_02058", "11530_02059", "11530_02092", "11530_02093"], "display_grid_id": "11530_00358", "gu_code": 11530, "gu_name": "구로구", "source_cell_count": 15, "area_m2": 62500.0, "mean_actual_lst": 37.2571, "mean_actual_anomaly": -1.1802, "seoul_anomaly": 0.068, "pred_anomaly": -0.0911, "pred_anomaly_std": 0.7882, "green_delta_c": -0.3978, "building_ratio": 0.1884, "green_ratio": 0.379, "ndvi": 0.3068, "impervious_ratio": 0.4118, "built_surface_ratio": 0.4118, "avg_ground_floor_count": 6.4154, "elevation_m": 37.711, "albedo": 0.1292, "nearest_park_distance_m": 264.8804, "park_area_within_500m": 122255.3344, "nearest_stream_distance_m": 1494.7972, "est_population_density": 30292.0, "dong_elderly_ratio": 0.2331, "dong_avg_age": 45.9, "dong_pop_density": 25594.1, "nearest_shelter_distance_m": 40.97, "shelter_count_within_500m": 10.44, "est_population": 1893.2, "est_elderly": 441.3, "shelter_capacity_within_500m": 3809.8, "building_form_group": "low_floor_low_density", "dong_name": "고척2동", "top1_feature": "ndvi", "top1_shap": -0.3991, "top2_feature": "green_ratio", "top2_shap": -0.3326, "top3_feature": "building_ratio", "top3_shap": 0.0938, "priority_score": 45.2778, "priority_rank": 235 }, "geometry": { "type": "Polygon", "coordinates": [ [ [ 126.852245967024871, 37.507000331355904 ], [ 126.852226495685471, 37.509253600534286 ], [ 126.855055036499976, 37.509269078775446 ], [ 126.855074422831038, 37.507015808344718 ], [ 126.852245967024871, 37.507000331355904 ] ] ] } },
{ "type": "Feature", "properties": { "nearest_shelter_name": "고척파크푸르지오(아)경로당", "nearest_shelter_addr": "서울특별시 구로구 중앙로 121 (고척파크푸르지오 101동)", "nearest_shelter_lon": 126.858074, "nearest_shelter_lat": 37.507505, "member_grid_ids": ["11530_02017", "11530_02018", "11530_02019", "11530_02060", "11530_02061", "11530_02062", "11530_02094", "11530_02095", "11530_02096"], "display_grid_id": "11530_00359", "gu_code": 11530, "gu_name": "구로구", "source_cell_count": 12, "area_m2": 62219.38, "mean_actual_lst": 34.9439, "mean_actual_anomaly": -3.4698, "seoul_anomaly": -2.2216, "pred_anomaly": -2.5961, "pred_anomaly_std": 0.7779, "green_delta_c": -0.5717, "building_ratio": 0.0454, "green_ratio": 0.6017, "ndvi": 0.4414, "impervious_ratio": 0.2303, "built_surface_ratio": 0.2303, "avg_ground_floor_count": 4.9173, "elevation_m": 40.8244, "albedo": 0.1345, "nearest_park_distance_m": 212.1892, "park_area_within_500m": 222017.4423, "nearest_stream_distance_m": 1390.1612, "est_population_density": 7442.9105, "dong_elderly_ratio": 0.2331, "dong_avg_age": 45.9, "dong_pop_density": 25594.1, "nearest_shelter_distance_m": 15.68, "shelter_count_within_500m": 11.0804, "est_population": 463.1, "est_elderly": 107.9, "shelter_capacity_within_500m": 5248.3, "building_form_group": "high_floor_low_density", "dong_name": "고척2동", "top1_feature": "green_ratio", "top1_shap": -0.8515, "top2_feature": "ndvi", "top2_shap": -0.7403, "top3_feature": "building_ratio", "top3_shap": -0.5421, "priority_score": 43.0682, "priority_rank": 268 }, "geometry": { "type": "Polygon", "coordinates": [ [ [ 126.857883579473366, 37.509284489290238 ], [ 126.85790288079582, 37.507031217612656 ], [ 126.855074422831038, 37.507015808344718 ], [ 126.855055036499976, 37.509269078775446 ], [ 126.855525270987854, 37.509271645409328 ], [ 126.8556124, 37.50915549 ], [ 126.856016018244617, 37.509274322009588 ], [ 126.857883579473366, 37.509284489290238 ] ] ] } },
{ "type": "Feature", "properties": { "nearest_shelter_name": "고척파크푸르지오(아)경로당", "nearest_shelter_addr": "서울특별시 구로구 중앙로 121 (고척파크푸르지오 101동)", "nearest_shelter_lon": 126.858074, "nearest_shelter_lat": 37.507505, "member_grid_ids": ["11530_02019", "11530_02020", "11530_02021", "11530_02062", "11530_02063", "11530_02096", "11530_02097"], "display_grid_id": "11530_00360", "gu_code": 11530, "gu_name": "구로구", "source_cell_count": 10, "area_m2": 32947.12, "mean_actual_lst": 36.2957, "mean_actual_anomaly": -2.1073, "seoul_anomaly": -0.8591, "pred_anomaly": 0.6123, "pred_anomaly_std": 0.8766, "green_delta_c": -0.2224, "building_ratio": 0.1565, "green_ratio": 0.2856, "ndvi": 0.2364, "impervious_ratio": 0.4873, "built_surface_ratio": 0.4873, "avg_ground_floor_count": 9.3316, "elevation_m": 23.3827, "albedo": 0.1111, "nearest_park_distance_m": 70.3969, "park_area_within_500m": 298973.6395, "nearest_stream_distance_m": 1212.5853, "est_population_density": 25540.7347, "dong_elderly_ratio": 0.2331, "dong_avg_age": 45.9, "dong_pop_density": 25594.1, "nearest_shelter_distance_m": 15.68, "shelter_count_within_500m": 12.1197, "est_population": 841.5, "est_elderly": 196.2, "shelter_capacity_within_500m": 4310.1, "building_form_group": "high_floor_low_density", "dong_name": "고척2동", "top1_feature": "impervious_ratio", "top1_shap": 0.4616, "top2_feature": "built_surface_ratio", "top2_shap": 0.3715, "top3_feature": "avg_ground_floor_count", "top3_shap": -0.2598, "priority_score": 33.9646, "priority_rank": 363 }, "geometry": { "type": "Polygon", "coordinates": [ [ [ 126.85790288079582, 37.507031217612656 ], [ 126.857883579473366, 37.509284489290238 ], [ 126.85871147223294, 37.509288987014571 ], [ 126.85885014, 37.50906174 ], [ 126.859356829999982, 37.50820668 ], [ 126.85937917, 37.50816983 ], [ 126.85965271, 37.50771741 ], [ 126.86005957698076, 37.507042921649969 ], [ 126.85790288079582, 37.507031217612656 ] ] ] } },
{ "type": "Feature", "properties": { "nearest_shelter_name": "고척리가(아)경로당", "nearest_shelter_addr": "서울특별시 구로구 중앙로12길 17-8 (고척LIG리가 2단지 201동)", "nearest_shelter_lon": 126.862001, "nearest_shelter_lat": 37.506117, "member_grid_ids": ["11530_02022", "11530_02023", "11530_02024"], "display_grid_id": "11530_00361", "gu_code": 11530, "gu_name": "구로구", "source_cell_count": 6, "area_m2": 5602.33, "mean_actual_lst": 38.5676, "mean_actual_anomaly": 0.0709, "seoul_anomaly": 1.3191, "pred_anomaly": 3.6538, "pred_anomaly_std": 1.1851, "green_delta_c": -0.5415, "building_ratio": 0.4854, "green_ratio": 0.2122, "ndvi": 0.1417, "impervious_ratio": 0.5594, "built_surface_ratio": 0.5594, "avg_ground_floor_count": 3.2662, "elevation_m": 16.2643, "albedo": 0.1156, "nearest_park_distance_m": 14.1087, "park_area_within_500m": 333178.5745, "nearest_stream_distance_m": 832.6013, "est_population_density": 0.0, "dong_elderly_ratio": 0.2127, "dong_avg_age": 44.4523, "dong_pop_density": 22368.6934, "nearest_shelter_distance_m": 110.12, "shelter_count_within_500m": 17.4234, "est_population": 0.0, "est_elderly": 0.0, "shelter_capacity_within_500m": 2888.7, "building_form_group": "low_floor_high_density", "dong_name": "고척2동", "top1_feature": "building_ratio", "top1_shap": 1.3474, "top2_feature": "impervious_ratio", "top2_shap": 0.5059, "top3_feature": "green_ratio", "top3_shap": 0.2851, "priority_score": 47.0897, "priority_rank": 218 }, "geometry": { "type": "Polygon", "coordinates": [ [ [ 126.863554447006663, 37.507692703443453 ], [ 126.86345835, 37.50761858 ], [ 126.86330921, 37.50751677 ], [ 126.86314302, 37.50736819 ], [ 126.863070009999987, 37.50729095 ], [ 126.862976, 37.50718639 ], [ 126.862871386892778, 37.507058121742432 ], [ 126.861483352326516, 37.507050626665873 ], [ 126.86166809, 37.50710458 ], [ 126.86183235, 37.50714675 ], [ 126.86228769, 37.50728131 ], [ 126.86269922, 37.50740033 ], [ 126.86287033, 37.50756637 ], [ 126.86315452, 37.50783982 ], [ 126.86316758, 37.50784968 ], [ 126.86318347, 37.50785928 ], [ 126.86338954, 37.50794624000001 ], [ 126.86348066, 37.50798549000001 ], [ 126.86350556, 37.50799593 ], [ 126.86355170623068, 37.50801551583168 ], [ 126.863554447006663, 37.507692703443453 ] ] ] } },
{ "type": "Feature", "properties": { "nearest_shelter_name": "목동2차우성2단지아파트우정경로당(사립)", "nearest_shelter_addr": "서울특별시 양천구 목동남로4길 6-23 (목동2차우성아파트 노인정)", "nearest_shelter_lon": 126.865065, "nearest_shelter_lat": 37.506989, "member_grid_ids": ["11530_02064"], "display_grid_id": "11530_00362", "gu_code": 11530, "gu_name": "구로구", "source_cell_count": 2, "area_m2": 827.64, "mean_actual_lst": 38.0828, "mean_actual_anomaly": -0.4139, "seoul_anomaly": 0.8344, "pred_anomaly": 2.6938, "pred_anomaly_std": 0.96, "green_delta_c": -0.1714, "building_ratio": 0.3617, "green_ratio": 0.2215, "ndvi": 0.1118, "impervious_ratio": 0.506, "built_surface_ratio": 0.506, "avg_ground_floor_count": 5.9836, "elevation_m": 17.8259, "albedo": 0.0886, "nearest_park_distance_m": 13.8076, "park_area_within_500m": 374785.5548, "nearest_stream_distance_m": 786.619, "est_population_density": 0.0, "dong_elderly_ratio": 0.212, "dong_avg_age": 44.4, "dong_pop_density": 22252.1, "nearest_shelter_distance_m": 167.34, "shelter_count_within_500m": 16.3668, "est_population": 0.0, "est_elderly": 0.0, "shelter_capacity_within_500m": 1032.3, "building_form_group": "high_floor_high_density", "dong_name": null, "top1_feature": "building_ratio", "top1_shap": 0.934, "top2_feature": "impervious_ratio", "top2_shap": 0.4636, "top3_feature": "ndvi", "top3_shap": 0.2382, "priority_score": 33.2386, "priority_rank": 367 }, "geometry": { "type": "Polygon", "coordinates": [ [ [ 126.86355170623068, 37.50801551583168 ], [ 126.86358006, 37.50802755 ], [ 126.86363215, 37.50805436 ], [ 126.86371919, 37.5081026 ], [ 126.863808690000013, 37.50815706 ], [ 126.863841690000015, 37.50817737 ], [ 126.86388052, 37.50820219 ], [ 126.86393313, 37.50823885 ], [ 126.864020490000016, 37.50829977 ], [ 126.864064609999986, 37.50833023 ], [ 126.864081740000017, 37.50833953 ], [ 126.86399393, 37.50822935 ], [ 126.8639216, 37.50815832 ], [ 126.86385317, 37.50809094 ], [ 126.863791259999985, 37.50801821000001 ], [ 126.86378351, 37.50800919 ], [ 126.863746649999982, 37.50787401 ], [ 126.86369818, 37.50780357 ], [ 126.863554447006663, 37.507692703443453 ], [ 126.86355170623068, 37.50801551583168 ] ] ] } },
{ "type": "Feature", "properties": { "nearest_shelter_name": "미성(아)경로당", "nearest_shelter_addr": "서울특별시 구로구 신도림로11가길 36 (미성아파트)", "nearest_shelter_lon": 126.87656, "nearest_shelter_lat": 37.507513, "member_grid_ids": ["11530_02025", "11530_02026", "11530_02065", "11530_02066", "11530_02098", "11530_02099"], "display_grid_id": "11530_00363", "gu_code": 11530, "gu_name": "구로구", "source_cell_count": 8, "area_m2": 10686.6, "mean_actual_lst": 37.959, "mean_actual_anomaly": -0.3805, "seoul_anomaly": 0.8677, "pred_anomaly": -0.107, "pred_anomaly_std": 0.8912, "green_delta_c": -0.8042, "building_ratio": 0.1597, "green_ratio": 0.2591, "ndvi": 0.1386, "impervious_ratio": 0.3785, "built_surface_ratio": 0.3785, "avg_ground_floor_count": 0.4389, "elevation_m": 10.2407, "albedo": 0.1231, "nearest_park_distance_m": 192.548, "park_area_within_500m": 175937.5065, "nearest_stream_distance_m": 28.8009, "est_population_density": 0.0, "dong_elderly_ratio": 0.1629, "dong_avg_age": 40.7303, "dong_pop_density": 25063.5239, "nearest_shelter_distance_m": 135.18, "shelter_count_within_500m": 5.6688, "est_population": 0.0, "est_elderly": 0.0, "shelter_capacity_within_500m": 256.8, "building_form_group": "low_floor_low_density", "dong_name": "신도림동", "top1_feature": "impervious_ratio", "top1_shap": 0.3308, "top2_feature": "building_ratio", "top2_shap": -0.0856, "top3_feature": "built_surface_ratio", "top3_shap": 0.2551, "priority_score": 48.9078, "priority_rank": 205 }, "geometry": { "type": "MultiPolygon", "coordinates": [ [ [ [ 126.874231962445705, 37.507118853212866 ], [ 126.87422857, 37.50715512 ], [ 126.874212810000017, 37.50717481 ], [ 126.87422022, 37.50718327 ], [ 126.87430278, 37.50726276 ], [ 126.8743808, 37.50732225 ], [ 126.87439615, 37.5073324 ], [ 126.87444752, 37.50736315000001 ], [ 126.874476659999985, 37.50737809 ], [ 126.87461262, 37.50744356 ], [ 126.87464987, 37.50746107 ], [ 126.874664190000018, 37.50746587 ], [ 126.87472548, 37.50748311000001 ], [ 126.874758170000021, 37.50748568 ], [ 126.87483591, 37.50749083 ], [ 126.87484757, 37.50749422 ], [ 126.87485605, 37.5074993 ], [ 126.874870448295383, 37.507508992628487 ], [ 126.874873673385054, 37.507122251073177 ], [ 126.874231962445705, 37.507118853212866 ] ] ], [ [ [ 126.874843559999988, 37.50819362 ], [ 126.87480033, 37.50826059 ], [ 126.87475431, 37.50830304 ], [ 126.874705299999988, 37.50833312000001 ], [ 126.874566820000013, 37.50840055 ], [ 126.87453359, 37.50840896 ], [ 126.874422009999989, 37.50844234 ], [ 126.87420203, 37.5085263 ], [ 126.87400837, 37.50861168 ], [ 126.873983440000018, 37.50862264 ], [ 126.87390066, 37.50866928 ], [ 126.87384894, 37.50873314 ], [ 126.873787660000019, 37.50881304 ], [ 126.87377938, 37.50889835000001 ], [ 126.87377987, 37.50892285 ], [ 126.87378236, 37.50902111 ], [ 126.87379926, 37.50906027 ], [ 126.873822160000017, 37.50910478 ], [ 126.87384065, 37.50914056 ], [ 126.87385192, 37.50916281 ], [ 126.87386426, 37.5091831 ], [ 126.87387554, 37.50920141 ], [ 126.8738891, 37.50922395 ], [ 126.87390038, 37.50924254 ], [ 126.87390461, 37.50924874 ], [ 126.873913259999981, 37.50926086 ], [ 126.87392207, 37.50927157 ], [ 126.87392931, 37.50928086 ], [ 126.873948179999985, 37.50930398 ], [ 126.873953990000018, 37.5093113 ], [ 126.873968629999979, 37.50932962 ], [ 126.87397339, 37.50933554 ], [ 126.87397922, 37.50934174 ], [ 126.87398732, 37.50935048 ], [ 126.873993850000019, 37.50935752 ], [ 126.874005850000017, 37.50937049 ], [ 126.87400638750843, 37.509371036365486 ], [ 126.874707312095751, 37.509374749002298 ], [ 126.87478916000002, 37.50932684 ], [ 126.874855339630912, 37.509320672460866 ], [ 126.874865065665318, 37.508154442419176 ], [ 126.874843559999988, 37.50819362 ] ] ] ] } },
{ "type": "Feature", "properties": { "nearest_shelter_name": "미성(아)경로당", "nearest_shelter_addr": "서울특별시 구로구 신도림로11가길 36 (미성아파트)", "nearest_shelter_lon": 126.87656, "nearest_shelter_lat": 37.507513, "member_grid_ids": ["11530_02026", "11530_02027", "11530_02028", "11530_02066", "11530_02067", "11530_02068", "11530_02099", "11530_02100", "11530_02101"], "display_grid_id": "11530_00364", "gu_code": 11530, "gu_name": "구로구", "source_cell_count": 11, "area_m2": 61666.5, "mean_actual_lst": 42.5291, "mean_actual_anomaly": 4.2616, "seoul_anomaly": 5.5098, "pred_anomaly": 2.8712, "pred_anomaly_std": 0.9796, "green_delta_c": -0.5403, "building_ratio": 0.2854, "green_ratio": 0.2288, "ndvi": 0.1756, "impervious_ratio": 0.5242, "built_surface_ratio": 0.5242, "avg_ground_floor_count": 4.318, "elevation_m": 12.1845, "albedo": 0.1407, "nearest_park_distance_m": 241.4388, "park_area_within_500m": 196136.5171, "nearest_stream_distance_m": 156.1269, "est_population_density": 0.0, "dong_elderly_ratio": 0.1625, "dong_avg_age": 40.7, "dong_pop_density": 25086.7, "nearest_shelter_distance_m": 49.92, "shelter_count_within_500m": 8.8283, "est_population": 0.0, "est_elderly": 0.0, "shelter_capacity_within_500m": 3908.2, "building_form_group": "high_floor_low_density", "dong_name": "신도림동", "top1_feature": "building_ratio", "top1_shap": 0.5688, "top2_feature": "impervious_ratio", "top2_shap": 0.5686, "top3_feature": "built_surface_ratio", "top3_shap": 0.4118, "priority_score": 61.0922, "priority_rank": 83 }, "geometry": { "type": "Polygon", "coordinates": [ [ [ 126.877683439939759, 37.509390466542733 ], [ 126.877702146195034, 37.507137186290606 ], [ 126.874873673385054, 37.507122251073177 ], [ 126.874870448295383, 37.507508992628487 ], [ 126.87498967, 37.50758925 ], [ 126.874997429999979, 37.50759772 ], [ 126.875012240000018, 37.50761913 ], [ 126.875023519999985, 37.507637160000016 ], [ 126.87502738, 37.5076473 ], [ 126.87503524, 37.50770841 ], [ 126.8750306, 37.50773008 ], [ 126.87501583, 37.50779455 ], [ 126.875005869999981, 37.5078379 ], [ 126.87493829, 37.50797662 ], [ 126.874902480000017, 37.50804839 ], [ 126.87488681, 37.50811483 ], [ 126.874865065665318, 37.508154442419176 ], [ 126.874855339630912, 37.509320672460866 ], [ 126.8750131, 37.50930597 ], [ 126.87518818, 37.50933657 ], [ 126.875282203204407, 37.509377790963754 ], [ 126.877683439939759, 37.509390466542733 ] ] ] } },
{ "type": "Feature", "properties": { "nearest_shelter_name": "대림5차(아)경로당", "nearest_shelter_addr": "서울특별시 구로구 신도림로 32 (신도림5차 e-편한세상 701동)", "nearest_shelter_lon": 126.880626, "nearest_shelter_lat": 37.507436, "member_grid_ids": ["11530_02029", "11530_02030", "11530_02031", "11530_02069", "11530_02070", "11530_02071", "11530_02102", "11530_02103", "11530_02104"], "display_grid_id": "11530_00365", "gu_code": 11530, "gu_name": "구로구", "source_cell_count": 13, "area_m2": 62500.0, "mean_actual_lst": 42.6786, "mean_actual_anomaly": 4.6945, "seoul_anomaly": 5.9428, "pred_anomaly": 4.0838, "pred_anomaly_std": 0.9394, "green_delta_c": -0.2988, "building_ratio": 0.4167, "green_ratio": 0.2232, "ndvi": 0.1261, "impervious_ratio": 0.5088, "built_surface_ratio": 0.5088, "avg_ground_floor_count": 3.6894, "elevation_m": 13.4058, "albedo": 0.1234, "nearest_park_distance_m": 112.6352, "park_area_within_500m": 290703.7508, "nearest_stream_distance_m": 373.7588, "est_population_density": 4875.2, "dong_elderly_ratio": 0.1625, "dong_avg_age": 40.7, "dong_pop_density": 25086.7, "nearest_shelter_distance_m": 20.47, "shelter_count_within_500m": 12.48, "est_population": 304.7, "est_elderly": 49.5, "shelter_capacity_within_500m": 4444.5, "building_form_group": "low_floor_high_density", "dong_name": "신도림동", "top1_feature": "building_ratio", "top1_shap": 1.1685, "top2_feature": "avg_ground_floor_count", "top2_shap": 0.325, "top3_feature": "ndvi", "top3_shap": 0.3889, "priority_score": 60.5871, "priority_rank": 88 }, "geometry": { "type": "Polygon", "coordinates": [ [ [ 126.877702146195034, 37.507137186290606 ], [ 126.877683439939759, 37.509390466542733 ], [ 126.880511999843222, 37.509405335241055 ], [ 126.880530621087885, 37.507152053785909 ], [ 126.877702146195034, 37.507137186290606 ] ] ] } },
{ "type": "Feature", "properties": { "nearest_shelter_name": "대림5차(아)경로당", "nearest_shelter_addr": "서울특별시 구로구 신도림로 32 (신도림5차 e-편한세상 701동)", "nearest_shelter_lon": 126.880626, "nearest_shelter_lat": 37.507436, "member_grid_ids": ["11530_02031", "11530_02032", "11530_02033", "11530_02071", "11530_02072", "11530_02073", "11530_02105", "11530_02106"], "display_grid_id": "11530_00366", "gu_code": 11530, "gu_name": "구로구", "source_cell_count": 15, "area_m2": 62500.0, "mean_actual_lst": 39.4873, "mean_actual_anomaly": 1.555, "seoul_anomaly": 2.8033, "pred_anomaly": 1.6891, "pred_anomaly_std": 0.7335, "green_delta_c": -0.1889, "building_ratio": 0.2458, "green_ratio": 0.216, "ndvi": 0.1343, "impervious_ratio": 0.5406, "built_surface_ratio": 0.5406, "avg_ground_floor_count": 12.0811, "elevation_m": 11.1388, "albedo": 0.1152, "nearest_park_distance_m": 13.1656, "park_area_within_500m": 439952.63, "nearest_stream_distance_m": 571.5476, "est_population_density": 46555.2, "dong_elderly_ratio": 0.1625, "dong_avg_age": 40.7, "dong_pop_density": 25086.7, "nearest_shelter_distance_m": 20.47, "shelter_count_within_500m": 16.08, "est_population": 2909.7, "est_elderly": 472.8, "shelter_capacity_within_500m": 4675.0, "building_form_group": "high_floor_low_density", "dong_name": "신도림동", "top1_feature": "impervious_ratio", "top1_shap": 0.4854, "top2_feature": "avg_ground_floor_count", "top2_shap": -0.3238, "top3_feature": "building_ratio", "top3_shap": 0.3568, "priority_score": 55.101, "priority_rank": 137 }, "geometry": { "type": "Polygon", "coordinates": [ [ [ 126.880530621087885, 37.507152053785909 ], [ 126.880511999843222, 37.509405335241055 ], [ 126.883340561820319, 37.509420136211617 ], [ 126.883359098054157, 37.507166853558928 ], [ 126.880530621087885, 37.507152053785909 ] ] ] } },
{ "type": "Feature", "properties": { "nearest_shelter_name": "동아3차(아)경로당", "nearest_shelter_addr": "서울특별시 구로구 신도림로 78 (신도림3차동아아파트 노인정)", "nearest_shelter_lon": 126.884177, "nearest_shelter_lat": 37.509385, "member_grid_ids": ["11530_02034", "11530_02035", "11530_02036", "11530_02074", "11530_02075", "11530_02076", "11530_02107", "11530_02108", "11530_02109"], "display_grid_id": "11530_00367", "gu_code": 11530, "gu_name": "구로구", "source_cell_count": 15, "area_m2": 62500.0, "mean_actual_lst": 38.0279, "mean_actual_anomaly": -0.1175, "seoul_anomaly": 1.1307, "pred_anomaly": 1.0541, "pred_anomaly_std": 0.6999, "green_delta_c": -0.0884, "building_ratio": 0.2166, "green_ratio": 0.2319, "ndvi": 0.1438, "impervious_ratio": 0.4947, "built_surface_ratio": 0.4947, "avg_ground_floor_count": 15.1937, "elevation_m": 17.4504, "albedo": 0.1032, "nearest_park_distance_m": 0.0, "park_area_within_500m": 575568.1072, "nearest_stream_distance_m": 548.3348, "est_population_density": 83514.8, "dong_elderly_ratio": 0.1625, "dong_avg_age": 40.7, "dong_pop_density": 25086.7, "nearest_shelter_distance_m": 24.3, "shelter_count_within_500m": 17.36, "est_population": 5219.7, "est_elderly": 848.1, "shelter_capacity_within_500m": 4515.3, "building_form_group": "high_floor_low_density", "dong_name": "신도림동", "top1_feature": "avg_ground_floor_count", "top1_shap": -0.5219, "top2_feature": "impervious_ratio", "top2_shap": 0.384, "top3_feature": "building_ratio", "top3_shap": 0.2423, "priority_score": 46.6982, "priority_rank": 222 }, "geometry": { "type": "Polygon", "coordinates": [ [ [ 126.883359098054157, 37.507166853558928 ], [ 126.883340561820319, 37.509420136211617 ], [ 126.886169125861628, 37.50943486945426 ], [ 126.886187577084371, 37.507181585609509 ], [ 126.883359098054157, 37.507166853558928 ] ] ] } },
{ "type": "Feature", "properties": { "nearest_shelter_name": "신성은하수(아)경로당", "nearest_shelter_addr": "서울특별시 구로구 경인로66길 5 (신성은하수아파트 101동)", "nearest_shelter_lon": 126.887353, "nearest_shelter_lat": 37.507666, "member_grid_ids": ["11530_02036", "11530_02037", "11530_02038", "11530_02076", "11530_02077", "11530_02078", "11530_02110", "11530_02111"], "display_grid_id": "11530_00368", "gu_code": 11530, "gu_name": "구로구", "source_cell_count": 15, "area_m2": 62500.0, "mean_actual_lst": 36.6141, "mean_actual_anomaly": -1.5562, "seoul_anomaly": -0.3079, "pred_anomaly": 0.244, "pred_anomaly_std": 0.7044, "green_delta_c": -0.024, "building_ratio": 0.2363, "green_ratio": 0.2475, "ndvi": 0.1173, "impervious_ratio": 0.3952, "built_surface_ratio": 0.3952, "avg_ground_floor_count": 33.4127, "elevation_m": 18.2201, "albedo": 0.0859, "nearest_park_distance_m": 0.0, "park_area_within_500m": 554821.3192, "nearest_stream_distance_m": 397.0212, "est_population_density": 85518.0, "dong_elderly_ratio": 0.1625, "dong_avg_age": 40.7, "dong_pop_density": 25086.7, "nearest_shelter_distance_m": 4.55, "shelter_count_within_500m": 13.76, "est_population": 5344.9, "est_elderly": 868.5, "shelter_capacity_within_500m": 2593.8, "building_form_group": "high_floor_low_density", "dong_name": "신도림동", "top1_feature": "avg_ground_floor_count", "top1_shap": -0.9882, "top2_feature": "building_ratio", "top2_shap": 0.3316, "top3_feature": "impervious_ratio", "top3_shap": 0.2699, "priority_score": 39.0152, "priority_rank": 317 }, "geometry": { "type": "Polygon", "coordinates": [ [ [ 126.886187577084371, 37.507181585609509 ], [ 126.886169125861628, 37.50943486945426 ], [ 126.888997691957655, 37.509449534968837 ], [ 126.889016058169091, 37.507196249937508 ], [ 126.886187577084371, 37.507181585609509 ] ] ] } },
{ "type": "Feature", "properties": { "nearest_shelter_name": "구로미래도서관", "nearest_shelter_addr": "서울특별시 구로구 새말로 111", "nearest_shelter_lon": 126.891739, "nearest_shelter_lat": 37.507309, "member_grid_ids": ["11530_02039", "11530_02040", "11530_02041", "11530_02079", "11530_02080", "11530_02081", "11530_02112", "11530_02113", "11530_02114"], "display_grid_id": "11530_00369", "gu_code": 11530, "gu_name": "구로구", "source_cell_count": 12, "area_m2": 62500.0, "mean_actual_lst": 39.0924, "mean_actual_anomaly": 0.8815, "seoul_anomaly": 2.1297, "pred_anomaly": 1.515, "pred_anomaly_std": 0.8538, "green_delta_c": -0.4541, "building_ratio": 0.2588, "green_ratio": 0.2052, "ndvi": 0.1647, "impervious_ratio": 0.5893, "built_surface_ratio": 0.5893, "avg_ground_floor_count": 23.5266, "elevation_m": 13.7884, "albedo": 0.1109, "nearest_park_distance_m": 3.6132, "park_area_within_500m": 425432.708, "nearest_stream_distance_m": 191.8084, "est_population_density": 62327.264, "dong_elderly_ratio": 0.1701, "dong_avg_age": 42.38, "dong_pop_density": 28672.924, "nearest_shelter_distance_m": 40.13, "shelter_count_within_500m": 12.48, "est_population": 3895.5, "est_elderly": 655.1, "shelter_capacity_within_500m": 2410.7, "building_form_group": "low_floor_low_density", "dong_name": "신도림동", "top1_feature": "avg_ground_floor_count", "top1_shap": -0.6382, "top2_feature": "impervious_ratio", "top2_shap": 0.464, "top3_feature": "built_surface_ratio", "top3_shap": 0.4189, "priority_score": 68.7122, "priority_rank": 39 }, "geometry": { "type": "Polygon", "coordinates": [ [ [ 126.889016058169091, 37.507196249937508 ], [ 126.888997691957655, 37.509449534968837 ], [ 126.891826260098981, 37.509464132755198 ], [ 126.891844541298838, 37.507210846542769 ], [ 126.889016058169091, 37.507196249937508 ] ] ] } },
{ "type": "Feature", "properties": { "nearest_shelter_name": "구로미래도서관", "nearest_shelter_addr": "서울특별시 구로구 새말로 111", "nearest_shelter_lon": 126.891739, "nearest_shelter_lat": 37.507309, "member_grid_ids": ["11530_02041", "11530_02042", "11530_02081", "11530_02082"], "display_grid_id": "11530_00370", "gu_code": 11530, "gu_name": "구로구", "source_cell_count": 7, "area_m2": 16409.68, "mean_actual_lst": 40.265, "mean_actual_anomaly": 2.246, "seoul_anomaly": 3.4942, "pred_anomaly": 2.3608, "pred_anomaly_std": 0.8799, "green_delta_c": -0.7225, "building_ratio": 0.1785, "green_ratio": 0.2277, "ndvi": 0.2559, "impervious_ratio": 0.596, "built_surface_ratio": 0.596, "avg_ground_floor_count": 1.2172, "elevation_m": 15.689, "albedo": 0.1347, "nearest_park_distance_m": 32.4672, "park_area_within_500m": 329296.9308, "nearest_stream_distance_m": 84.2419, "est_population_density": 742.2207, "dong_elderly_ratio": 0.1767, "dong_avg_age": 43.8405, "dong_pop_density": 31790.5349, "nearest_shelter_distance_m": 40.13, "shelter_count_within_500m": 13.8833, "est_population": 12.2, "est_elderly": 2.2, "shelter_capacity_within_500m": 1464.0, "building_form_group": "low_floor_low_density", "dong_name": "구로5동", "top1_feature": "impervious_ratio", "top1_shap": 0.6789, "top2_feature": "built_surface_ratio", "top2_shap": 0.4425, "top3_feature": "green_ratio", "top3_shap": 0.4046, "priority_score": 61.6667, "priority_rank": 74 }, "geometry": { "type": "Polygon", "coordinates": [ [ [ 126.891844541298838, 37.507210846542769 ], [ 126.891826260098981, 37.509464132755198 ], [ 126.892101298643155, 37.509465548571448 ], [ 126.8921285, 37.50933966 ], [ 126.89233191, 37.5090963 ], [ 126.89227963, 37.50907373 ], [ 126.89228299, 37.50906417 ], [ 126.89237681, 37.50883731 ], [ 126.89243037, 37.50870756 ], [ 126.89253412, 37.50845705 ], [ 126.89259956, 37.50829804 ], [ 126.89262438999998, 37.50823752 ], [ 126.89267316, 37.50811791 ], [ 126.892731860000012, 37.5079755 ], [ 126.89278311, 37.50784969 ], [ 126.892794120000019, 37.50781704 ], [ 126.89284431, 37.50769347 ], [ 126.892967740000017, 37.50739936 ], [ 126.89298403, 37.5072431 ], [ 126.89298165608426, 37.50721669562251 ], [ 126.891844541298838, 37.507210846542769 ] ] ] } },
{ "type": "Feature", "properties": { "nearest_shelter_name": "그랜드(아)경로당", "nearest_shelter_addr": "서울특별시 구로구 고척로27바길 47 (그랜드아파트)", "nearest_shelter_lon": 126.847538, "nearest_shelter_lat": 37.507641, "member_grid_ids": ["11530_02087"], "display_grid_id": "11530_00371", "gu_code": 11530, "gu_name": "구로구", "source_cell_count": 4, "area_m2": 1745.9, "mean_actual_lst": 32.7909, "mean_actual_anomaly": -5.8847, "seoul_anomaly": -4.6364, "pred_anomaly": -4.2053, "pred_anomaly_std": 0.6938, "green_delta_c": -0.61, "building_ratio": 0.0233, "green_ratio": 0.7502, "ndvi": 0.5302, "impervious_ratio": 0.1121, "built_surface_ratio": 0.1121, "avg_ground_floor_count": 0.0, "elevation_m": 46.0188, "albedo": 0.1353, "nearest_park_distance_m": 52.0926, "park_area_within_500m": 157862.9386, "nearest_stream_distance_m": 1594.9651, "est_population_density": 0.0, "dong_elderly_ratio": 0.2331, "dong_avg_age": 45.9, "dong_pop_density": 25594.1, "nearest_shelter_distance_m": 156.81, "shelter_count_within_500m": 9.8125, "est_population": 0.0, "est_elderly": 0.0, "shelter_capacity_within_500m": 70.7, "building_form_group": "no_building", "dong_name": "고척2동", "top1_feature": "building_ratio", "top1_shap": -1.1892, "top2_feature": "green_ratio", "top2_shap": -0.7737, "top3_feature": "ndvi", "top3_shap": -0.5742, "priority_score": 29.8232, "priority_rank": 382 }, "geometry": { "type": "MultiPolygon", "coordinates": [ [ [ [ 126.84693782, 37.5093193 ], [ 126.847037380000017, 37.50937151 ], [ 126.84725187, 37.50947824 ], [ 126.847268130000018, 37.50948079 ], [ 126.84729392, 37.50948477 ], [ 126.84756809, 37.50936574 ], [ 126.84759746, 37.5093531 ], [ 126.847623630000015, 37.50933962 ], [ 126.847840193248061, 37.509229463996149 ], [ 126.846835283769096, 37.509223911338843 ], [ 126.84693782, 37.5093193 ] ] ], [ [ [ 126.849144646074208, 37.509236659036532 ], [ 126.849395599915866, 37.50950962358344 ], [ 126.849397957039258, 37.509238054566957 ], [ 126.849144646074208, 37.509236659036532 ] ] ] ] } },
{ "type": "Feature", "properties": { "nearest_shelter_name": "삼익1차(아)경로당", "nearest_shelter_addr": "서울특별시 구로구 중앙로15길 132-17 (삼익1단지아파트 노인정)", "nearest_shelter_lon": 126.852967, "nearest_shelter_lat": 37.508645, "member_grid_ids": ["11530_02089", "11530_02090", "11530_02091", "11530_02115", "11530_02116", "11530_02117"], "display_grid_id": "11530_00372", "gu_code": 11530, "gu_name": "구로구", "source_cell_count": 6, "area_m2": 23248.11, "mean_actual_lst": 33.5475, "mean_actual_anomaly": -4.8502, "seoul_anomaly": -3.602, "pred_anomaly": -3.9789, "pred_anomaly_std": 0.827, "green_delta_c": -0.6718, "building_ratio": 0.0533, "green_ratio": 0.7193, "ndvi": 0.502, "impervious_ratio": 0.0995, "built_surface_ratio": 0.0995, "avg_ground_floor_count": 0.474, "elevation_m": 52.4228, "albedo": 0.1526, "nearest_park_distance_m": 125.0726, "park_area_within_500m": 173278.237, "nearest_stream_distance_m": 1640.1407, "est_population_density": 924.8064, "dong_elderly_ratio": 0.2331, "dong_avg_age": 45.9, "dong_pop_density": 25594.1, "nearest_shelter_distance_m": 94.04, "shelter_count_within_500m": 11.7806, "est_population": 21.5, "est_elderly": 5.0, "shelter_capacity_within_500m": 1011.5, "building_form_group": "no_building", "dong_name": "고척2동", "top1_feature": "building_ratio", "top1_shap": -1.0846, "top2_feature": "impervious_ratio", "top2_shap": -0.6977, "top3_feature": "built_surface_ratio", "top3_shap": -0.4802, "priority_score": 35.4924, "priority_rank": 353 }, "geometry": { "type": "Polygon", "coordinates": [ [ [ 126.852226495685471, 37.509253600534286 ], [ 126.849397957039258, 37.509238054566957 ], [ 126.849395599915866, 37.50950962358344 ], [ 126.849518020000019, 37.50964278 ], [ 126.85008643, 37.51013485 ], [ 126.85075629, 37.51001012 ], [ 126.85139032, 37.51012833 ], [ 126.8521582, 37.51047732 ], [ 126.852215870611147, 37.51048305294411 ], [ 126.852226495685471, 37.509253600534286 ] ] ] } },
{ "type": "Feature", "properties": { "nearest_shelter_name": "삼익1차(아)경로당", "nearest_shelter_addr": "서울특별시 구로구 중앙로15길 132-17 (삼익1단지아파트 노인정)", "nearest_shelter_lon": 126.852967, "nearest_shelter_lat": 37.508645, "member_grid_ids": ["11530_02092", "11530_02093", "11530_02117", "11530_02118", "11530_02119", "11530_02139", "11530_02140"], "display_grid_id": "11530_00373", "gu_code": 11530, "gu_name": "구로구", "source_cell_count": 9, "area_m2": 29181.07, "mean_actual_lst": 33.3605, "mean_actual_anomaly": -5.0373, "seoul_anomaly": -3.7891, "pred_anomaly": -3.8506, "pred_anomaly_std": 0.7818, "green_delta_c": -0.8137, "building_ratio": 0.0302, "green_ratio": 0.6984, "ndvi": 0.4611, "impervious_ratio": 0.1226, "built_surface_ratio": 0.1226, "avg_ground_floor_count": 2.7357, "elevation_m": 50.2652, "albedo": 0.1391, "nearest_park_distance_m": 100.1121, "park_area_within_500m": 214264.8912, "nearest_stream_distance_m": 1653.3437, "est_population_density": 2960.8235, "dong_elderly_ratio": 0.2331, "dong_avg_age": 45.899, "dong_pop_density": 25591.5469, "nearest_shelter_distance_m": 76.46, "shelter_count_within_500m": 11.1275, "est_population": 86.4, "est_elderly": 20.1, "shelter_capacity_within_500m": 1889.6, "building_form_group": "no_building", "dong_name": "고척2동", "top1_feature": "building_ratio", "top1_shap": -1.1396, "top2_feature": "green_ratio", "top2_shap": -0.5633, "top3_feature": "impervious_ratio", "top3_shap": -0.378, "priority_score": 39.3434, "priority_rank": 314 }, "geometry": { "type": "Polygon", "coordinates": [ [ [ 126.855055036499976, 37.509269078775446 ], [ 126.852226495685471, 37.509253600534286 ], [ 126.852215870611147, 37.51048305294411 ], [ 126.85254268, 37.51051554 ], [ 126.852866809999981, 37.51068601 ], [ 126.85309762, 37.51059367 ], [ 126.85404314, 37.51021952 ], [ 126.855050683258881, 37.509775020740307 ], [ 126.855055036499976, 37.509269078775446 ] ] ] } },
{ "type": "Feature", "properties": { "nearest_shelter_name": "삼익1차(아)경로당", "nearest_shelter_addr": "서울특별시 구로구 중앙로15길 132-17 (삼익1단지아파트 노인정)", "nearest_shelter_lon": 126.852967, "nearest_shelter_lat": 37.508645, "member_grid_ids": ["11530_02094", "11530_02120"], "display_grid_id": "11530_00374", "gu_code": 11530, "gu_name": "구로구", "source_cell_count": 7, "area_m2": 6249.47, "mean_actual_lst": 34.276, "mean_actual_anomaly": -4.1218, "seoul_anomaly": -2.8735, "pred_anomaly": -1.6004, "pred_anomaly_std": 0.8491, "green_delta_c": -0.291, "building_ratio": 0.093, "green_ratio": 0.5227, "ndvi": 0.3966, "impervious_ratio": 0.3167, "built_surface_ratio": 0.3167, "avg_ground_floor_count": 1.8961, "elevation_m": 42.7615, "albedo": 0.1592, "nearest_park_distance_m": 130.5696, "park_area_within_500m": 326365.0498, "nearest_stream_distance_m": 1388.0744, "est_population_density": 1251.643, "dong_elderly_ratio": 0.2331, "dong_avg_age": 45.9, "dong_pop_density": 25594.1, "nearest_shelter_distance_m": 223.59, "shelter_count_within_500m": 9.8555, "est_population": 7.8, "est_elderly": 1.8, "shelter_capacity_within_500m": 1635.6, "building_form_group": "high_floor_low_density", "dong_name": "고척2동", "top1_feature": "ndvi", "top1_shap": -0.7879, "top2_feature": "green_ratio", "top2_shap": -0.752, "top3_feature": "building_ratio", "top3_shap": -0.2909, "priority_score": 29.1035, "priority_rank": 384 }, "geometry": { "type": "MultiPolygon", "coordinates": [ [ [ [ 126.855050683258881, 37.509775020740307 ], [ 126.85519566, 37.50971106 ], [ 126.855525270987854, 37.509271645409328 ], [ 126.855055036499976, 37.509269078775446 ], [ 126.855050683258881, 37.509775020740307 ] ] ], [ [ [ 126.856016018244617, 37.509274322009588 ], [ 126.857220020000014, 37.50962879 ], [ 126.857879113966533, 37.509805764862904 ], [ 126.857883579473366, 37.509284489290238 ], [ 126.856016018244617, 37.509274322009588 ] ] ] ] } },
{ "type": "Feature", "properties": { "nearest_shelter_name": "양천어르신종합복지관", "nearest_shelter_addr": "서울특별시 양천구 목동로3길 106", "nearest_shelter_lon": 126.8586, "nearest_shelter_lat": 37.5104, "member_grid_ids": ["11530_02121"], "display_grid_id": "11530_00375", "gu_code": 11530, "gu_name": "구로구", "source_cell_count": 3, "area_m2": 3727.21, "mean_actual_lst": 35.0885, "mean_actual_anomaly": -3.3092, "seoul_anomaly": -2.061, "pred_anomaly": 1.1451, "pred_anomaly_std": 0.8345, "green_delta_c": -0.1067, "building_ratio": 0.2364, "green_ratio": 0.2716, "ndvi": 0.2903, "impervious_ratio": 0.5565, "built_surface_ratio": 0.5565, "avg_ground_floor_count": 2.6683, "elevation_m": 29.8083, "albedo": 0.1575, "nearest_park_distance_m": 49.0056, "park_area_within_500m": 382267.8602, "nearest_stream_distance_m": 1299.1121, "est_population_density": 2197.7602, "dong_elderly_ratio": 0.2331, "dong_avg_age": 45.9, "dong_pop_density": 25594.1, "nearest_shelter_distance_m": 78.88, "shelter_count_within_500m": 9.0278, "est_population": 8.2, "est_elderly": 1.9, "shelter_capacity_within_500m": 1164.0, "building_form_group": "high_floor_low_density", "dong_name": "고척2동", "top1_feature": "impervious_ratio", "top1_shap": 0.5094, "top2_feature": "ndvi", "top2_shap": -0.4894, "top3_feature": "built_surface_ratio", "top3_shap": 0.3412, "priority_score": 27.0455, "priority_rank": 388 }, "geometry": { "type": "Polygon", "coordinates": [ [ [ 126.857883579473366, 37.509284489290238 ], [ 126.857879113966533, 37.509805764862904 ], [ 126.85829659, 37.50991786 ], [ 126.8583277, 37.5099179 ], [ 126.85871147223294, 37.509288987014571 ], [ 126.857883579473366, 37.509284489290238 ] ] ] } },
{ "type": "Feature", "properties": { "nearest_shelter_name": "미성(아)경로당", "nearest_shelter_addr": "서울특별시 구로구 신도림로11가길 36 (미성아파트)", "nearest_shelter_lon": 126.87656, "nearest_shelter_lat": 37.507513, "member_grid_ids": ["11530_02122", "11530_02141", "11530_02142"], "display_grid_id": "11530_00376", "gu_code": 11530, "gu_name": "구로구", "source_cell_count": 7, "area_m2": 7230.9, "mean_actual_lst": 37.9736, "mean_actual_anomaly": -0.3822, "seoul_anomaly": 0.8661, "pred_anomaly": -0.3363, "pred_anomaly_std": 1.0317, "green_delta_c": -0.2842, "building_ratio": 0.1407, "green_ratio": 0.5034, "ndvi": 0.2794, "impervious_ratio": 0.255, "built_surface_ratio": 0.255, "avg_ground_floor_count": 0.0, "elevation_m": 10.0, "albedo": 0.182, "nearest_park_distance_m": 52.9638, "park_area_within_500m": 298768.7335, "nearest_stream_distance_m": 61.8852, "est_population_density": 0.0, "dong_elderly_ratio": 0.1625, "dong_avg_age": 40.7, "dong_pop_density": 25086.7, "nearest_shelter_distance_m": 409.43, "shelter_count_within_500m": 3.4571, "est_population": 0.0, "est_elderly": 0.0, "shelter_capacity_within_500m": 187.3, "building_form_group": "low_floor_low_density", "dong_name": "신도림동", "top1_feature": "albedo", "top1_shap": 0.6634, "top2_feature": "green_ratio", "top2_shap": -0.5858, "top3_feature": "elevation_m", "top3_shap": -0.3306, "priority_score": 35.7386, "priority_rank": 351 }, "geometry": { "type": "MultiPolygon", "coordinates": [ [ [ [ 126.87401556, 37.50938036 ], [ 126.874026139999984, 37.50938825 ], [ 126.874086, 37.50942013 ], [ 126.87409976, 37.509426329999989 ], [ 126.87419373, 37.50946107 ], [ 126.87422217000001, 37.50947011 ], [ 126.87432039, 37.50949049 ], [ 126.874406279999988, 37.50948747 ], [ 126.874506520000011, 37.50946563 ], [ 126.87461634, 37.50942295 ], [ 126.874688330000012, 37.50938586 ], [ 126.874707312095751, 37.509374749002298 ], [ 126.87400638750843, 37.509371036365486 ], [ 126.87401556, 37.50938036 ] ] ], [ [ [ 126.87479576, 37.51085403 ], [ 126.874677010000013, 37.51075002 ], [ 126.87455269, 37.51069385 ], [ 126.87444775, 37.51067403 ], [ 126.8743912, 37.51067031 ], [ 126.87432226, 37.51067727 ], [ 126.87424729, 37.51070197 ], [ 126.874194050000014, 37.51072894 ], [ 126.87407848, 37.51082511 ], [ 126.874051710000018, 37.51087267 ], [ 126.87399969, 37.511018730000011 ], [ 126.87393616, 37.51117071 ], [ 126.87399674000001, 37.51129298 ], [ 126.87399903, 37.51129777 ], [ 126.874031140000014, 37.51132962 ], [ 126.87410155000002, 37.51139952 ], [ 126.874205280000012, 37.51150184 ], [ 126.874330824864529, 37.511626132937458 ], [ 126.874821368415027, 37.511628730377574 ], [ 126.87480423, 37.51149066 ], [ 126.874838152580992, 37.511381373604593 ], [ 126.874842053870665, 37.510913633383829 ], [ 126.87479576, 37.51085403 ] ] ] ] } },
{ "type": "Feature", "properties": { "nearest_shelter_name": "송학경로당(신도림분회)", "nearest_shelter_addr": "서울특별시 구로구 구로중앙로42길 110-43", "nearest_shelter_lon": 126.879486, "nearest_shelter_lat": 37.510906, "member_grid_ids": ["11530_02100", "11530_02101", "11530_02123", "11530_02124", "11530_02125", "11530_02142", "11530_02143", "11530_02144"], "display_grid_id": "11530_00377", "gu_code": 11530, "gu_name": "구로구", "source_cell_count": 15, "area_m2": 46600.9, "mean_actual_lst": 38.4778, "mean_actual_anomaly": 0.3496, "seoul_anomaly": 1.5978, "pred_anomaly": 0.0176, "pred_anomaly_std": 0.823, "green_delta_c": -0.9225, "building_ratio": 0.1536, "green_ratio": 0.3398, "ndvi": 0.2526, "impervious_ratio": 0.3805, "built_surface_ratio": 0.3805, "avg_ground_floor_count": 0.705, "elevation_m": 10.6852, "albedo": 0.1386, "nearest_park_distance_m": 228.9821, "park_area_within_500m": 185910.0172, "nearest_stream_distance_m": 61.8991, "est_population_density": 0.0, "dong_elderly_ratio": 0.1625, "dong_avg_age": 40.7, "dong_pop_density": 25086.7, "nearest_shelter_distance_m": 209.74, "shelter_count_within_500m": 6.4638, "est_population": 0.0, "est_elderly": 0.0, "shelter_capacity_within_500m": 2750.7, "building_form_group": "low_floor_low_density", "dong_name": "신도림동", "top1_feature": "impervious_ratio", "top1_shap": 0.3138, "top2_feature": "building_ratio", "top2_shap": -0.129, "top3_feature": "built_surface_ratio", "top3_shap": 0.1302, "priority_score": 51.2942, "priority_rank": 175 }, "geometry": { "type": "MultiPolygon", "coordinates": [ [ [ [ 126.877683439939759, 37.509390466542733 ], [ 126.875282203204407, 37.509377790963754 ], [ 126.87529502000001, 37.50938341 ], [ 126.87540591, 37.50944237 ], [ 126.87542144, 37.50945085 ], [ 126.87543061, 37.50945816 ], [ 126.87543521, 37.50946128 ], [ 126.8754569, 37.5094858 ], [ 126.8754726, 37.50950327 ], [ 126.87551318, 37.50954836 ], [ 126.87552886, 37.50956751 ], [ 126.875551090000016, 37.50959599 ], [ 126.87559253000002, 37.5096484 ], [ 126.87559817, 37.50965543 ], [ 126.87560275, 37.50966249 ], [ 126.87560298, 37.50974048 ], [ 126.875557910000012, 37.50984884 ], [ 126.87544177, 37.50997598 ], [ 126.87534433, 37.51001642 ], [ 126.875262580000012, 37.51017288 ], [ 126.87525886, 37.51018215 ], [ 126.87523465, 37.51028857 ], [ 126.875214, 37.51037724 ], [ 126.87519406, 37.5104645 ], [ 126.875184430000019, 37.51051207 ], [ 126.875184239999982, 37.51052108 ], [ 126.87520906, 37.51068724000001 ], [ 126.87536948, 37.51092672 ], [ 126.87541832, 37.51099267 ], [ 126.875459120000016, 37.5110051 ], [ 126.87552351, 37.51107247 ], [ 126.87560596, 37.51111761 ], [ 126.87576339, 37.51113917 ], [ 126.87591788, 37.51112188 ], [ 126.87601921, 37.51109017 ], [ 126.87611788, 37.51104776 ], [ 126.876219800000015, 37.51098029 ], [ 126.876343060000011, 37.51081909 ], [ 126.876348030000017, 37.51081262000001 ], [ 126.87635175, 37.51080614 ], [ 126.876354230000018, 37.51080193 ], [ 126.87637374000002, 37.51075577 ], [ 126.87638883000001, 37.51072003 ], [ 126.87639167, 37.51071495 ], [ 126.876439669999982, 37.51064715 ], [ 126.87652153, 37.51062078 ], [ 126.87664472, 37.51061921 ], [ 126.876730150000014, 37.51067506 ], [ 126.876816599999984, 37.51076863 ], [ 126.876844580000011, 37.51083876 ], [ 126.87684387, 37.51084524 ], [ 126.876791940000018, 37.51093557 ], [ 126.8767425, 37.51100928 ], [ 126.87672904999998, 37.51102447 ], [ 126.87667063, 37.51107903 ], [ 126.87665347, 37.51109309 ], [ 126.876569439999983, 37.51114453 ], [ 126.87656431, 37.51114734 ], [ 126.87641864, 37.51117899 ], [ 126.876204930000014, 37.51120241000001 ], [ 126.87605927, 37.51122254 ], [ 126.87603929, 37.51122675 ], [ 126.875974050000011, 37.51124639 ], [ 126.87584515, 37.5112851 ], [ 126.87569729, 37.51135647 ], [ 126.87558970000002, 37.511438 ], [ 126.87556457, 37.511460219999989 ], [ 126.87551412, 37.51150747 ], [ 126.87551005, 37.5115131 ], [ 126.875487329999984, 37.51156854 ], [ 126.875461867464935, 37.511632118768972 ], [ 126.877664731601385, 37.511643745925177 ], [ 126.877683439939759, 37.509390466542733 ] ] ], [ [ [ 126.87486198000002, 37.51130461000001 ], [ 126.8749013, 37.51115233 ], [ 126.874892310000021, 37.51103433 ], [ 126.874862960000016, 37.51094055 ], [ 126.874842053870665, 37.510913633383829 ], [ 126.874838152580992, 37.511381373604593 ], [ 126.87486198000002, 37.51130461000001 ] ] ] ] } },
{ "type": "Feature", "properties": { "nearest_shelter_name": "송학경로당(신도림분회)", "nearest_shelter_addr": "서울특별시 구로구 구로중앙로42길 110-43", "nearest_shelter_lon": 126.879486, "nearest_shelter_lat": 37.510906, "member_grid_ids": ["11530_02102", "11530_02103", "11530_02104", "11530_02126", "11530_02127", "11530_02128", "11530_02145", "11530_02146", "11530_02147"], "display_grid_id": "11530_00378", "gu_code": 11530, "gu_name": "구로구", "source_cell_count": 15, "area_m2": 62500.0, "mean_actual_lst": 43.7644, "mean_actual_anomaly": 5.5958, "seoul_anomaly": 6.8441, "pred_anomaly": 4.9287, "pred_anomaly_std": 1.1031, "green_delta_c": -0.6541, "building_ratio": 0.4599, "green_ratio": 0.2213, "ndvi": 0.1493, "impervious_ratio": 0.5797, "built_surface_ratio": 0.5797, "avg_ground_floor_count": 1.7664, "elevation_m": 12.7735, "albedo": 0.144, "nearest_park_distance_m": 274.9168, "park_area_within_500m": 161832.73, "nearest_stream_distance_m": 246.686, "est_population_density": 0.0, "dong_elderly_ratio": 0.1625, "dong_avg_age": 40.7, "dong_pop_density": 25086.7, "nearest_shelter_distance_m": 34.57, "shelter_count_within_500m": 11.44, "est_population": 0.0, "est_elderly": 0.0, "shelter_capacity_within_500m": 4214.0, "building_form_group": "low_floor_high_density", "dong_name": "신도림동", "top1_feature": "building_ratio", "top1_shap": 1.4152, "top2_feature": "impervious_ratio", "top2_shap": 0.5698, "top3_feature": "avg_ground_floor_count", "top3_shap": 0.4224, "priority_score": 63.5416, "priority_rank": 63 }, "geometry": { "type": "Polygon", "coordinates": [ [ [ 126.877683439939759, 37.509390466542733 ], [ 126.877664731601385, 37.511643745925177 ], [ 126.880493376524882, 37.511658615826583 ], [ 126.880511999843222, 37.509405335241055 ], [ 126.877683439939759, 37.509390466542733 ] ] ] } },
{ "type": "Feature", "properties": { "nearest_shelter_name": "동아1차(아)경로당", "nearest_shelter_addr": "서울특별시 구로구 신도림로 87 (신도림1차동아아파트 상가동)", "nearest_shelter_lon": 126.883104, "nearest_shelter_lat": 37.510841, "member_grid_ids": ["11530_02105", "11530_02106", "11530_02128", "11530_02129", "11530_02130", "11530_02147", "11530_02148", "11530_02149"], "display_grid_id": "11530_00379", "gu_code": 11530, "gu_name": "구로구", "source_cell_count": 15, "area_m2": 62500.0, "mean_actual_lst": 40.9746, "mean_actual_anomaly": 2.806, "seoul_anomaly": 4.0543, "pred_anomaly": 2.8668, "pred_anomaly_std": 0.876, "green_delta_c": -0.2758, "building_ratio": 0.3275, "green_ratio": 0.1982, "ndvi": 0.1298, "impervious_ratio": 0.5958, "built_surface_ratio": 0.5958, "avg_ground_floor_count": 11.1381, "elevation_m": 19.3654, "albedo": 0.1223, "nearest_park_distance_m": 134.092, "park_area_within_500m": 260173.8028, "nearest_stream_distance_m": 402.1388, "est_population_density": 2574.4, "dong_elderly_ratio": 0.1625, "dong_avg_age": 40.7, "dong_pop_density": 25086.7, "nearest_shelter_distance_m": 51.87, "shelter_count_within_500m": 14.88, "est_population": 160.9, "est_elderly": 26.2, "shelter_capacity_within_500m": 4457.5, "building_form_group": "low_floor_high_density", "dong_name": "신도림동", "top1_feature": "building_ratio", "top1_shap": 0.8502, "top2_feature": "impervious_ratio", "top2_shap": 0.533, "top3_feature": "avg_ground_floor_count", "top3_shap": -0.2257, "priority_score": 54.1225, "priority_rank": 149 }, "geometry": { "type": "Polygon", "coordinates": [ [ [ 126.880511999843222, 37.509405335241055 ], [ 126.880493376524882, 37.511658615826583 ], [ 126.883322023522297, 37.511673417994757 ], [ 126.883340561820319, 37.509420136211617 ], [ 126.880511999843222, 37.509405335241055 ] ] ] } },
{ "type": "Feature", "properties": { "nearest_shelter_name": "동아3차(아)경로당", "nearest_shelter_addr": "서울특별시 구로구 신도림로 78 (신도림3차동아아파트 노인정)", "nearest_shelter_lon": 126.884177, "nearest_shelter_lat": 37.509385, "member_grid_ids": ["11530_02107", "11530_02108", "11530_02109", "11530_02131", "11530_02132", "11530_02133", "11530_02150", "11530_02151", "11530_02152"], "display_grid_id": "11530_00380", "gu_code": 11530, "gu_name": "구로구", "source_cell_count": 14, "area_m2": 62500.0, "mean_actual_lst": 38.0712, "mean_actual_anomaly": -0.1437, "seoul_anomaly": 1.1045, "pred_anomaly": 0.9455, "pred_anomaly_std": 0.7552, "green_delta_c": -0.1246, "building_ratio": 0.17, "green_ratio": 0.2515, "ndvi": 0.1639, "impervious_ratio": 0.4348, "built_surface_ratio": 0.4348, "avg_ground_floor_count": 15.8004, "elevation_m": 21.3532, "albedo": 0.113, "nearest_park_distance_m": 13.4192, "park_area_within_500m": 372525.2912, "nearest_stream_distance_m": 340.0396, "est_population_density": 41685.2, "dong_elderly_ratio": 0.1625, "dong_avg_age": 40.7, "dong_pop_density": 25086.7, "nearest_shelter_distance_m": 24.3, "shelter_count_within_500m": 15.12, "est_population": 2605.3, "est_elderly": 423.4, "shelter_capacity_within_500m": 3033.7, "building_form_group": "high_floor_low_density", "dong_name": "신도림동", "top1_feature": "avg_ground_floor_count", "top1_shap": -0.5024, "top2_feature": "impervious_ratio", "top2_shap": 0.4156, "top3_feature": "built_surface_ratio", "top3_shap": 0.2538, "priority_score": 42.9293, "priority_rank": 270 }, "geometry": { "type": "Polygon", "coordinates": [ [ [ 126.883340561820319, 37.509420136211617 ], [ 126.883322023522297, 37.511673417994757 ], [ 126.886150672584151, 37.511688152429528 ], [ 126.886169125861628, 37.50943486945426 ], [ 126.883340561820319, 37.509420136211617 ] ] ] } },
{ "type": "Feature", "properties": { "nearest_shelter_name": "대림4차(아)경로당", "nearest_shelter_addr": "서울특별시 구로구 경인로65길 16-15 (신도림4차 e-편한세상 상가동)", "nearest_shelter_lon": 126.886956, "nearest_shelter_lat": 37.510466, "member_grid_ids": ["11530_02110", "11530_02111", "11530_02133", "11530_02134", "11530_02135", "11530_02152", "11530_02153", "11530_02154"], "display_grid_id": "11530_00381", "gu_code": 11530, "gu_name": "구로구", "source_cell_count": 14, "area_m2": 62500.0, "mean_actual_lst": 36.2701, "mean_actual_anomaly": -1.9975, "seoul_anomaly": -0.7493, "pred_anomaly": 0.0933, "pred_anomaly_std": 0.7098, "green_delta_c": -0.0104, "building_ratio": 0.2048, "green_ratio": 0.2671, "ndvi": 0.2087, "impervious_ratio": 0.4137, "built_surface_ratio": 0.4137, "avg_ground_floor_count": 22.7918, "elevation_m": 16.9416, "albedo": 0.092, "nearest_park_distance_m": 0.0, "park_area_within_500m": 424155.7368, "nearest_stream_distance_m": 219.7836, "est_population_density": 84491.6, "dong_elderly_ratio": 0.1625, "dong_avg_age": 40.7, "dong_pop_density": 25086.7, "nearest_shelter_distance_m": 32.82, "shelter_count_within_500m": 13.44, "est_population": 5280.7, "est_elderly": 858.1, "shelter_capacity_within_500m": 542.3, "building_form_group": "high_floor_low_density", "dong_name": "신도림동", "top1_feature": "avg_ground_floor_count", "top1_shap": -0.8248, "top2_feature": "impervious_ratio", "top2_shap": 0.3365, "top3_feature": "max_ground_floor_count", "top3_shap": -0.1972, "priority_score": 40.8207, "priority_rank": 296 }, "geometry": { "type": "Polygon", "coordinates": [ [ [ 126.886169125861628, 37.50943486945426 ], [ 126.886150672584151, 37.511688152429528 ], [ 126.888979323700951, 37.511702819130761 ], [ 126.888997691957655, 37.509449534968837 ], [ 126.886169125861628, 37.50943486945426 ] ] ] } },
{ "type": "Feature", "properties": { "nearest_shelter_name": "디큐브시티(아)경로당", "nearest_shelter_addr": "서울특별시 구로구 경인로 662", "nearest_shelter_lon": 126.88862, "nearest_shelter_lat": 37.50887, "member_grid_ids": ["11530_02112", "11530_02113", "11530_02114", "11530_02136", "11530_02137", "11530_02138", "11530_02155", "11530_02156"], "display_grid_id": "11530_00382", "gu_code": 11530, "gu_name": "구로구", "source_cell_count": 11, "area_m2": 44270.68, "mean_actual_lst": 39.1082, "mean_actual_anomaly": 0.6464, "seoul_anomaly": 1.8947, "pred_anomaly": 1.1588, "pred_anomaly_std": 0.8001, "green_delta_c": -0.4348, "building_ratio": 0.2381, "green_ratio": 0.2853, "ndvi": 0.1971, "impervious_ratio": 0.4594, "built_surface_ratio": 0.4594, "avg_ground_floor_count": 13.534, "elevation_m": 14.567, "albedo": 0.1176, "nearest_park_distance_m": 18.6614, "park_area_within_500m": 428653.7739, "nearest_stream_distance_m": 85.1319, "est_population_density": 26460.7116, "dong_elderly_ratio": 0.1641, "dong_avg_age": 40.7479, "dong_pop_density": 24700.9593, "nearest_shelter_distance_m": 105.49, "shelter_count_within_500m": 10.5226, "est_population": 1171.4, "est_elderly": 190.3, "shelter_capacity_within_500m": 952.9, "building_form_group": "high_floor_low_density", "dong_name": "신도림동", "top1_feature": "impervious_ratio", "top1_shap": 0.4705, "top2_feature": "avg_ground_floor_count", "top2_shap": -0.3558, "top3_feature": "built_surface_ratio", "top3_shap": 0.324, "priority_score": 57.5, "priority_rank": 112 }, "geometry": { "type": "Polygon", "coordinates": [ [ [ 126.891826260098981, 37.509464132755198 ], [ 126.888997691957655, 37.509449534968837 ], [ 126.888979323700951, 37.511702819130761 ], [ 126.889838053693609, 37.511707258285114 ], [ 126.88988503, 37.51169339 ], [ 126.88993047000001, 37.51167373 ], [ 126.88992433, 37.511527310000012 ], [ 126.889983610000016, 37.51147556 ], [ 126.890023219999989, 37.51145476 ], [ 126.890235610000019, 37.51136909 ], [ 126.89042015, 37.51110093 ], [ 126.89063996, 37.51088771 ], [ 126.8906721, 37.51066727 ], [ 126.89105019, 37.5103748 ], [ 126.89108877, 37.510345 ], [ 126.891475740000018, 37.510387590000015 ], [ 126.8916955, 37.51031458 ], [ 126.891820410593269, 37.510185072228957 ], [ 126.891826260098981, 37.509464132755198 ] ] ] } },
{ "type": "Feature", "properties": { "nearest_shelter_name": "구로미래도서관", "nearest_shelter_addr": "서울특별시 구로구 새말로 111", "nearest_shelter_lon": 126.891739, "nearest_shelter_lat": 37.507309, "member_grid_ids": ["11530_02114"], "display_grid_id": "11530_00383", "gu_code": 11530, "gu_name": "구로구", "source_cell_count": 2, "area_m2": 1241.66, "mean_actual_lst": 41.4398, "mean_actual_anomaly": 3.329, "seoul_anomaly": 4.5772, "pred_anomaly": 2.9174, "pred_anomaly_std": 0.8882, "green_delta_c": -0.8028, "building_ratio": 0.1385, "green_ratio": 0.2164, "ndvi": 0.172, "impervious_ratio": 0.6127, "built_surface_ratio": 0.6127, "avg_ground_floor_count": 2.413, "elevation_m": 12.8754, "albedo": 0.1163, "nearest_park_distance_m": 31.8517, "park_area_within_500m": 394232.9702, "nearest_stream_distance_m": 31.7737, "est_population_density": 429.1876, "dong_elderly_ratio": 0.1682, "dong_avg_age": 40.8761, "dong_pop_density": 23669.8338, "nearest_shelter_distance_m": 235.96, "shelter_count_within_500m": 10.0, "est_population": 0.5, "est_elderly": 0.1, "shelter_capacity_within_500m": 62.4, "building_form_group": "low_floor_low_density", "dong_name": "신도림동", "top1_feature": "impervious_ratio", "top1_shap": 0.7417, "top2_feature": "built_surface_ratio", "top2_shap": 0.6419, "top3_feature": "green_ratio", "top3_shap": 0.4766, "priority_score": 72.4369, "priority_rank": 18 }, "geometry": { "type": "Polygon", "coordinates": [ [ [ 126.891826260098981, 37.509464132755198 ], [ 126.891820410593269, 37.510185072228957 ], [ 126.89188542, 37.51011767 ], [ 126.89202315, 37.50982722 ], [ 126.892101298643155, 37.509465548571448 ], [ 126.891826260098981, 37.509464132755198 ] ] ] } },
{ "type": "Feature", "properties": { "nearest_shelter_name": "송학경로당(신도림분회)", "nearest_shelter_addr": "서울특별시 구로구 구로중앙로42길 110-43", "nearest_shelter_lon": 126.879486, "nearest_shelter_lat": 37.510906, "member_grid_ids": ["11530_02157"], "display_grid_id": "11530_00384", "gu_code": 11530, "gu_name": "구로구", "source_cell_count": 1, "area_m2": 1216.2, "mean_actual_lst": 39.0228, "mean_actual_anomaly": 0.667, "seoul_anomaly": 1.9153, "pred_anomaly": 1.2051, "pred_anomaly_std": 1.0453, "green_delta_c": -0.2876, "building_ratio": 0.2808, "green_ratio": 0.3336, "ndvi": 0.2809, "impervious_ratio": 0.5014, "built_surface_ratio": 0.5014, "avg_ground_floor_count": 0.0, "elevation_m": 10.0, "albedo": 0.1749, "nearest_park_distance_m": 23.08, "park_area_within_500m": 326770.54, "nearest_stream_distance_m": 79.53, "est_population_density": 0.0, "dong_elderly_ratio": 0.1625, "dong_avg_age": 40.7, "dong_pop_density": 25086.7, "nearest_shelter_distance_m": 414.52, "shelter_count_within_500m": 2.0, "est_population": 0.0, "est_elderly": 0.0, "shelter_capacity_within_500m": 20.3, "building_form_group": "low_floor_high_density", "dong_name": "신도림동", "top1_feature": "building_ratio", "top1_shap": 0.6619, "top2_feature": "impervious_ratio", "top2_shap": 0.5704, "top3_feature": "built_surface_ratio", "top3_shap": 0.4525, "priority_score": 43.4912, "priority_rank": 261 }, "geometry": { "type": "Polygon", "coordinates": [ [ [ 126.874835870600137, 37.511654963805171 ], [ 126.87482167, 37.51163116 ], [ 126.874821368415027, 37.511628730377574 ], [ 126.874330824864529, 37.511626132937458 ], [ 126.874341659999985, 37.51163686 ], [ 126.87482086, 37.51210955 ], [ 126.8748319865404, 37.512120621173096 ], [ 126.874835870600137, 37.511654963805171 ] ] ] } },
{ "type": "Feature", "properties": { "nearest_shelter_name": "송학경로당(신도림분회)", "nearest_shelter_addr": "서울특별시 구로구 구로중앙로42길 110-43", "nearest_shelter_lon": 126.879486, "nearest_shelter_lat": 37.510906, "member_grid_ids": ["11530_02157", "11530_02158", "11530_02159", "11530_02171", "11530_02172", "11530_02183", "11530_02184"], "display_grid_id": "11530_00385", "gu_code": 11530, "gu_name": "구로구", "source_cell_count": 9, "area_m2": 34672.91, "mean_actual_lst": 35.2163, "mean_actual_anomaly": -3.0673, "seoul_anomaly": -1.8191, "pred_anomaly": -1.4654, "pred_anomaly_std": 0.8986, "green_delta_c": -0.8709, "building_ratio": 0.0792, "green_ratio": 0.389, "ndvi": 0.2191, "impervious_ratio": 0.2061, "built_surface_ratio": 0.2061, "avg_ground_floor_count": 0.0, "elevation_m": 10.0, "albedo": 0.142, "nearest_park_distance_m": 105.3961, "park_area_within_500m": 232854.331, "nearest_stream_distance_m": 11.1479, "est_population_density": 0.0, "dong_elderly_ratio": 0.1613, "dong_avg_age": 40.7, "dong_pop_density": 24999.5047, "nearest_shelter_distance_m": 248.91, "shelter_count_within_500m": 2.3585, "est_population": 0.0, "est_elderly": 0.0, "shelter_capacity_within_500m": 790.7, "building_form_group": "no_building", "dong_name": "신도림동", "top1_feature": "building_ratio", "top1_shap": -0.8132, "top2_feature": "built_surface_ratio", "top2_shap": -0.166, "top3_feature": "impervious_ratio", "top3_shap": 0.0738, "priority_score": 42.8851, "priority_rank": 271 }, "geometry": { "type": "Polygon", "coordinates": [ [ [ 126.877664731601385, 37.511643745925177 ], [ 126.875461867464935, 37.511632118768972 ], [ 126.87546107, 37.51163411 ], [ 126.87534674, 37.51173057 ], [ 126.87528573, 37.51175275 ], [ 126.87528519, 37.51175866 ], [ 126.87529364, 37.51177951 ], [ 126.87517992, 37.5118309 ], [ 126.8750131, 37.51182341 ], [ 126.8748874, 37.51174134 ], [ 126.874835870600137, 37.511654963805171 ], [ 126.8748319865404, 37.512120621173096 ], [ 126.87509592, 37.51238324 ], [ 126.875125080000018, 37.51238045 ], [ 126.87516089, 37.5124244 ], [ 126.87518152, 37.5124495 ], [ 126.875322880000013, 37.51225509 ], [ 126.875435200000013, 37.51219805 ], [ 126.87559607, 37.51217627 ], [ 126.875734390000019, 37.51220372 ], [ 126.87582974, 37.51225225000001 ], [ 126.87609633000001, 37.51241837 ], [ 126.87619955, 37.51252012 ], [ 126.87632685, 37.51269737 ], [ 126.87638413, 37.51279344 ], [ 126.87639382, 37.51281315 ], [ 126.8764454, 37.51293483 ], [ 126.8764488, 37.51301228 ], [ 126.87644737, 37.51302213 ], [ 126.87644042, 37.51305479 ], [ 126.87643312, 37.51308885000001 ], [ 126.876418560000019, 37.51312769 ], [ 126.876401519999987, 37.513173 ], [ 126.87638109, 37.51323633 ], [ 126.87637877, 37.51324844 ], [ 126.876381330000015, 37.5133053 ], [ 126.87642231, 37.51342418 ], [ 126.87645507, 37.51349207 ], [ 126.87650018, 37.51356927 ], [ 126.87657609, 37.51362536 ], [ 126.87660343, 37.51365497 ], [ 126.8766481, 37.51368401 ], [ 126.87672704, 37.51371845 ], [ 126.87680850000001, 37.51373177 ], [ 126.87694948, 37.5137581 ], [ 126.877167770000014, 37.513743409999989 ], [ 126.87725545, 37.51372802 ], [ 126.87737485, 37.51366648 ], [ 126.87747465, 37.51359535 ], [ 126.8774858, 37.5135841 ], [ 126.87751395, 37.51355006 ], [ 126.87752636, 37.51353318 ], [ 126.877547969999981, 37.51349998 ], [ 126.87755807, 37.51348422 ], [ 126.877561790000016, 37.51347944 ], [ 126.87757348, 37.51346284000001 ], [ 126.877636, 37.51338181 ], [ 126.877650441142009, 37.513364755236417 ], [ 126.877664731601385, 37.511643745925177 ] ] ] } },
{ "type": "Feature", "properties": { "nearest_shelter_name": "송학경로당(신도림분회)", "nearest_shelter_addr": "서울특별시 구로구 구로중앙로42길 110-43", "nearest_shelter_lon": 126.879486, "nearest_shelter_lat": 37.510906, "member_grid_ids": ["11530_02160", "11530_02161", "11530_02162", "11530_02173", "11530_02174", "11530_02175", "11530_02185", "11530_02186", "11530_02187"], "display_grid_id": "11530_00386", "gu_code": 11530, "gu_name": "구로구", "source_cell_count": 9, "area_m2": 61509.35, "mean_actual_lst": 39.4183, "mean_actual_anomaly": 1.0314, "seoul_anomaly": 2.2797, "pred_anomaly": 0.5865, "pred_anomaly_std": 0.9857, "green_delta_c": -0.6794, "building_ratio": 0.1565, "green_ratio": 0.3844, "ndvi": 0.2454, "impervious_ratio": 0.3788, "built_surface_ratio": 0.3788, "avg_ground_floor_count": 2.4185, "elevation_m": 10.8362, "albedo": 0.1455, "nearest_park_distance_m": 262.4873, "park_area_within_500m": 104117.3504, "nearest_stream_distance_m": 87.3945, "est_population_density": 0.0, "dong_elderly_ratio": 0.1625, "dong_avg_age": 40.7, "dong_pop_density": 25086.7, "nearest_shelter_distance_m": 133.38, "shelter_count_within_500m": 6.2092, "est_population": 0.0, "est_elderly": 0.0, "shelter_capacity_within_500m": 1450.3, "building_form_group": "low_floor_low_density", "dong_name": "신도림동", "top1_feature": "building_ratio", "top1_shap": -0.0016, "top2_feature": "impervious_ratio", "top2_shap": 0.3169, "top3_feature": "green_ratio", "top3_shap": -0.2549, "priority_score": 51.4962, "priority_rank": 172 }, "geometry": { "type": "Polygon", "coordinates": [ [ [ 126.880474751132653, 37.513911895542471 ], [ 126.880493376524882, 37.511658615826583 ], [ 126.877664731601385, 37.511643745925177 ], [ 126.877650441142009, 37.513364755236417 ], [ 126.877656720000019, 37.51335734 ], [ 126.87768593, 37.51332865 ], [ 126.87771, 37.51330503 ], [ 126.87772593, 37.51329153 ], [ 126.87780177, 37.51328175 ], [ 126.877861290000013, 37.5133004 ], [ 126.877906280000019, 37.51334437 ], [ 126.8779322, 37.51338156 ], [ 126.87792864, 37.51340014 ], [ 126.87790579, 37.51343278 ], [ 126.87789781, 37.51344543 ], [ 126.8778886, 37.51346373 ], [ 126.877875440000011, 37.51350539 ], [ 126.87785786, 37.51356084 ], [ 126.87785485000002, 37.51356731 ], [ 126.87784989, 37.513578 ], [ 126.87781852, 37.51362752 ], [ 126.877803470000018, 37.51364666 ], [ 126.87772309, 37.51373161 ], [ 126.87771333000002, 37.51375637000001 ], [ 126.87772896, 37.5138127 ], [ 126.877711759424173, 37.513897370803747 ], [ 126.880474751132653, 37.513911895542471 ] ] ] } },
{ "type": "Feature", "properties": { "nearest_shelter_name": "우성5차(아)경로당", "nearest_shelter_addr": "서울특별시 구로구 신도림로21길 21 (신도림우성아파트)", "nearest_shelter_lon": 126.883952, "nearest_shelter_lat": 37.51267, "member_grid_ids": ["11530_02162", "11530_02163", "11530_02164", "11530_02175", "11530_02176", "11530_02177", "11530_02188", "11530_02189"], "display_grid_id": "11530_00387", "gu_code": 11530, "gu_name": "구로구", "source_cell_count": 12, "area_m2": 62500.0, "mean_actual_lst": 41.5315, "mean_actual_anomaly": 3.1513, "seoul_anomaly": 4.3995, "pred_anomaly": 2.6844, "pred_anomaly_std": 0.9823, "green_delta_c": -0.4552, "building_ratio": 0.2015, "green_ratio": 0.2252, "ndvi": 0.1367, "impervious_ratio": 0.5325, "built_surface_ratio": 0.5325, "avg_ground_floor_count": 4.3786, "elevation_m": 11.0821, "albedo": 0.1383, "nearest_park_distance_m": 315.1092, "park_area_within_500m": 97963.568, "nearest_stream_distance_m": 197.1036, "est_population_density": 0.0, "dong_elderly_ratio": 0.1625, "dong_avg_age": 40.7, "dong_pop_density": 25086.7, "nearest_shelter_distance_m": 113.6, "shelter_count_within_500m": 9.4, "est_population": 0.0, "est_elderly": 0.0, "shelter_capacity_within_500m": 1164.8, "building_form_group": "high_floor_low_density", "dong_name": "신도림동", "top1_feature": "impervious_ratio", "top1_shap": 0.5619, "top2_feature": "built_surface_ratio", "top2_shap": 0.4569, "top3_feature": "ndvi", "top3_shap": 0.271, "priority_score": 59.3371, "priority_rank": 102 }, "geometry": { "type": "Polygon", "coordinates": [ [ [ 126.880493376524882, 37.511658615826583 ], [ 126.880474751132653, 37.513911895542471 ], [ 126.88330348315985, 37.513926698908321 ], [ 126.883322023522297, 37.511673417994757 ], [ 126.880493376524882, 37.511658615826583 ] ] ] } },
{ "type": "Feature", "properties": { "nearest_shelter_name": "우성2차(아)경로당", "nearest_shelter_addr": "서울특별시 구로구 신도림로 105 (신도림우성2차아파트 202동)", "nearest_shelter_lon": 126.885282, "nearest_shelter_lat": 37.512126, "member_grid_ids": ["11530_02165", "11530_02166", "11530_02167", "11530_02178", "11530_02179", "11530_02180", "11530_02190", "11530_02191", "11530_02192"], "display_grid_id": "11530_00388", "gu_code": 11530, "gu_name": "구로구", "source_cell_count": 15, "area_m2": 57038.07, "mean_actual_lst": 38.8367, "mean_actual_anomaly": 0.526, "seoul_anomaly": 1.7742, "pred_anomaly": 0.7593, "pred_anomaly_std": 0.7174, "green_delta_c": -0.343, "building_ratio": 0.1751, "green_ratio": 0.3083, "ndvi": 0.2217, "impervious_ratio": 0.3255, "built_surface_ratio": 0.3255, "avg_ground_floor_count": 11.6885, "elevation_m": 15.7231, "albedo": 0.118, "nearest_park_distance_m": 151.4792, "park_area_within_500m": 185386.7945, "nearest_stream_distance_m": 129.3682, "est_population_density": 1199.1991, "dong_elderly_ratio": 0.1625, "dong_avg_age": 40.7, "dong_pop_density": 25086.7, "nearest_shelter_distance_m": 23.56, "shelter_count_within_500m": 10.9972, "est_population": 68.4, "est_elderly": 11.1, "shelter_capacity_within_500m": 244.1, "building_form_group": "high_floor_low_density", "dong_name": "신도림동", "top1_feature": "impervious_ratio", "top1_shap": 0.3361, "top2_feature": "green_ratio", "top2_shap": -0.107, "top3_feature": "avg_ground_floor_count", "top3_shap": -0.213, "priority_score": 34.7412, "priority_rank": 359 }, "geometry": { "type": "Polygon", "coordinates": [ [ [ 126.886150672584151, 37.511688152429528 ], [ 126.883322023522297, 37.511673417994757 ], [ 126.88330348315985, 37.513926698908321 ], [ 126.884341964387957, 37.513932116503348 ], [ 126.884414959999987, 37.51381192 ], [ 126.884599100000017, 37.51371354 ], [ 126.88508472, 37.51362842 ], [ 126.885684270000013, 37.51358003 ], [ 126.88582977999998, 37.51354161 ], [ 126.886136399741005, 37.513430800488337 ], [ 126.886150672584151, 37.511688152429528 ] ] ] } },
{ "type": "Feature", "properties": { "nearest_shelter_name": "우성2차(아)경로당", "nearest_shelter_addr": "서울특별시 구로구 신도림로 105 (신도림우성2차아파트 202동)", "nearest_shelter_lon": 126.885282, "nearest_shelter_lat": 37.512126, "member_grid_ids": ["11530_02167", "11530_02168", "11530_02169", "11530_02180", "11530_02181", "11530_02182"], "display_grid_id": "11530_00389", "gu_code": 11530, "gu_name": "구로구", "source_cell_count": 10, "area_m2": 34460.29, "mean_actual_lst": 36.5961, "mean_actual_anomaly": -1.7347, "seoul_anomaly": -0.4864, "pred_anomaly": -0.2851, "pred_anomaly_std": 0.7579, "green_delta_c": -0.2205, "building_ratio": 0.1381, "green_ratio": 0.3796, "ndvi": 0.2727, "impervious_ratio": 0.3272, "built_surface_ratio": 0.3272, "avg_ground_floor_count": 10.6325, "elevation_m": 12.7494, "albedo": 0.1174, "nearest_park_distance_m": 39.1676, "park_area_within_500m": 275096.1215, "nearest_stream_distance_m": 54.65, "est_population_density": 9759.0477, "dong_elderly_ratio": 0.1625, "dong_avg_age": 40.7, "dong_pop_density": 25086.7, "nearest_shelter_distance_m": 76.46, "shelter_count_within_500m": 12.1687, "est_population": 336.3, "est_elderly": 54.7, "shelter_capacity_within_500m": 268.9, "building_form_group": "high_floor_low_density", "dong_name": "신도림동", "top1_feature": "green_ratio", "top1_shap": -0.3372, "top2_feature": "avg_ground_floor_count", "top2_shap": -0.2584, "top3_feature": "impervious_ratio", "top3_shap": 0.2405, "priority_score": 33.2323, "priority_rank": 368 }, "geometry": { "type": "Polygon", "coordinates": [ [ [ 126.888979323700951, 37.511702819130761 ], [ 126.886150672584151, 37.511688152429528 ], [ 126.886136399741005, 37.513430800488337 ], [ 126.88634418, 37.51335571 ], [ 126.886799939999989, 37.51326521 ], [ 126.88711706, 37.51322188000001 ], [ 126.88750452, 37.51318621 ], [ 126.887695490000013, 37.51311544 ], [ 126.88784322, 37.51301281 ], [ 126.88798351, 37.51291553 ], [ 126.88835622000002, 37.5123443 ], [ 126.888611020000013, 37.51225868 ], [ 126.88879095, 37.51224336 ], [ 126.888974934088083, 37.512241267645443 ], [ 126.888979323700951, 37.511702819130761 ] ] ] } },
{ "type": "Feature", "properties": { "nearest_shelter_name": "남성아파트경로당", "nearest_shelter_addr": "서울특별시 영등포구 경인로77길 19 (남성맨션아파트 상가)", "nearest_shelter_lon": 126.891451, "nearest_shelter_lat": 37.512594, "member_grid_ids": ["11530_02170"], "display_grid_id": "11530_00390", "gu_code": 11530, "gu_name": "구로구", "source_cell_count": 1, "area_m2": 3973.33, "mean_actual_lst": 36.9192, "mean_actual_anomaly": -1.6891, "seoul_anomaly": -0.4408, "pred_anomaly": -1.1638, "pred_anomaly_std": 0.788, "green_delta_c": -0.2485, "building_ratio": 0.1134, "green_ratio": 0.5207, "ndvi": 0.3049, "impervious_ratio": 0.2024, "built_surface_ratio": 0.2024, "avg_ground_floor_count": 0.0, "elevation_m": 15.97, "albedo": 0.143, "nearest_park_distance_m": 88.0, "park_area_within_500m": 365500.16, "nearest_stream_distance_m": 0.4, "est_population_density": 0.0, "dong_elderly_ratio": 0.1625, "dong_avg_age": 40.7, "dong_pop_density": 25086.7, "nearest_shelter_distance_m": 197.42, "shelter_count_within_500m": 9.0, "est_population": 0.0, "est_elderly": 0.0, "shelter_capacity_within_500m": 50.0, "building_form_group": "low_floor_low_density", "dong_name": "신도림동", "top1_feature": "green_ratio", "top1_shap": -0.7513, "top2_feature": "ndvi", "top2_shap": -0.306, "top3_feature": "zoning_green_ratio", "top3_shap": -0.2711, "priority_score": 25.9154, "priority_rank": 389 }, "geometry": { "type": "Polygon", "coordinates": [ [ [ 126.888979323700951, 37.511702819130761 ], [ 126.888974934088083, 37.512241267645443 ], [ 126.88970519, 37.51223296 ], [ 126.889800149999985, 37.51208412 ], [ 126.889786949999987, 37.51204075 ], [ 126.88968821, 37.51189396 ], [ 126.889677619999986, 37.51187847 ], [ 126.88967381, 37.51182328 ], [ 126.889749740000013, 37.51175127 ], [ 126.889781060000018, 37.51172397 ], [ 126.88981183, 37.511715 ], [ 126.889838053693609, 37.511707258285114 ], [ 126.888979323700951, 37.511702819130761 ] ] ] } },
{ "type": "Feature", "properties": { "nearest_shelter_name": "쌍용아파트경로당(사립)", "nearest_shelter_addr": "서울특별시 양천구 신목로 9 (쌍용아파트)", "nearest_shelter_lon": 126.875864, "nearest_shelter_lat": 37.516684, "member_grid_ids": ["11530_02193"], "display_grid_id": "11530_00391", "gu_code": 11530, "gu_name": "구로구", "source_cell_count": 2, "area_m2": 172.92, "mean_actual_lst": 36.0553, "mean_actual_anomaly": -2.0941, "seoul_anomaly": -0.8459, "pred_anomaly": -0.89, "pred_anomaly_std": 0.9708, "green_delta_c": -0.3753, "building_ratio": 0.0933, "green_ratio": 0.587, "ndvi": 0.3601, "impervious_ratio": 0.1666, "built_surface_ratio": 0.1666, "avg_ground_floor_count": 0.0, "elevation_m": 10.0, "albedo": 0.1838, "nearest_park_distance_m": 63.79, "park_area_within_500m": 177711.75, "nearest_stream_distance_m": 49.43, "est_population_density": 0.0, "dong_elderly_ratio": 0.1667, "dong_avg_age": 42.0, "dong_pop_density": 34792.4, "nearest_shelter_distance_m": 268.03, "shelter_count_within_500m": 6.0, "est_population": 0.0, "est_elderly": 0.0, "shelter_capacity_within_500m": 213.0, "building_form_group": "low_floor_low_density", "dong_name": "신도림동", "top1_feature": "albedo", "top1_shap": 0.7825, "top2_feature": "green_ratio", "top2_shap": -0.7696, "top3_feature": "ndvi", "top3_shap": -0.4015, "priority_score": 32.0896, "priority_rank": 375 }, "geometry": { "type": "Polygon", "coordinates": [ [ [ 126.877641537754684, 37.514436921700181 ], [ 126.87758387, 37.51466315 ], [ 126.87760123000001, 37.51485547 ], [ 126.877636971335718, 37.514986798303148 ], [ 126.877641537754684, 37.514436921700181 ] ] ] } },
{ "type": "Feature", "properties": { "nearest_shelter_name": "삼성제2아파트경로당(사립)", "nearest_shelter_addr": "서울특별시 양천구 신목로 5 (목동삼성아파트)", "nearest_shelter_lon": 126.876866, "nearest_shelter_lat": 37.517218, "member_grid_ids": ["11530_02185", "11530_02186", "11530_02187", "11530_02194", "11530_02195", "11530_02196", "11530_02200", "11530_02201", "11530_02202"], "display_grid_id": "11530_00392", "gu_code": 11530, "gu_name": "구로구", "source_cell_count": 11, "area_m2": 60115.4, "mean_actual_lst": 36.7289, "mean_actual_anomaly": -1.5918, "seoul_anomaly": -0.3436, "pred_anomaly": -2.2007, "pred_anomaly_std": 0.882, "green_delta_c": -1.1572, "building_ratio": 0.0554, "green_ratio": 0.3907, "ndvi": 0.1985, "impervious_ratio": 0.1654, "built_surface_ratio": 0.1654, "avg_ground_floor_count": 0.5766, "elevation_m": 10.1013, "albedo": 0.1339, "nearest_park_distance_m": 216.4036, "park_area_within_500m": 98879.5597, "nearest_stream_distance_m": 20.1082, "est_population_density": 0.0, "dong_elderly_ratio": 0.1625, "dong_avg_age": 40.7, "dong_pop_density": 25086.7, "nearest_shelter_distance_m": 212.23, "shelter_count_within_500m": 8.7189, "est_population": 0.0, "est_elderly": 0.0, "shelter_capacity_within_500m": 1265.7, "building_form_group": "no_building", "dong_name": "신도림동", "top1_feature": "building_ratio", "top1_shap": -0.9783, "top2_feature": "built_surface_ratio", "top2_shap": -0.3601, "top3_feature": "impervious_ratio", "top3_shap": -0.1794, "priority_score": 45.3598, "priority_rank": 234 }, "geometry": { "type": "Polygon", "coordinates": [ [ [ 126.880456123666292, 37.516165174388696 ], [ 126.880474751132653, 37.513911895542471 ], [ 126.877711759424173, 37.513897370803747 ], [ 126.87767835, 37.51406183 ], [ 126.87765521, 37.51438334 ], [ 126.87764332, 37.51442993 ], [ 126.877641537754684, 37.514436921700181 ], [ 126.877636971335718, 37.514986798303148 ], [ 126.877645150000021, 37.51501685 ], [ 126.87770951, 37.51510336 ], [ 126.87777524, 37.51522026 ], [ 126.877806650000011, 37.515356020000013 ], [ 126.87784079, 37.51544193 ], [ 126.877826700000014, 37.51552245 ], [ 126.87782714, 37.51558129 ], [ 126.877827640000021, 37.51560044 ], [ 126.877823910000018, 37.51560494000001 ], [ 126.87794817000001, 37.51613553 ], [ 126.877957300478158, 37.51615204048192 ], [ 126.880456123666292, 37.516165174388696 ] ] ] } },
{ "type": "Feature", "properties": { "nearest_shelter_name": "우성3차(아)경로당", "nearest_shelter_addr": "서울특별시 구로구 신도림로21길 25 (신도림우성3차아파트 302동)", "nearest_shelter_lon": 126.884242, "nearest_shelter_lat": 37.512943, "member_grid_ids": ["11530_02188", "11530_02189", "11530_02196", "11530_02197", "11530_02198", "11530_02202", "11530_02203", "11530_02204"], "display_grid_id": "11530_00393", "gu_code": 11530, "gu_name": "구로구", "source_cell_count": 9, "area_m2": 54238.38, "mean_actual_lst": 38.9322, "mean_actual_anomaly": 0.5807, "seoul_anomaly": 1.8289, "pred_anomaly": 0.5245, "pred_anomaly_std": 0.8402, "green_delta_c": -0.4482, "building_ratio": 0.1515, "green_ratio": 0.2893, "ndvi": 0.2259, "impervious_ratio": 0.4596, "built_surface_ratio": 0.4596, "avg_ground_floor_count": 6.5335, "elevation_m": 11.899, "albedo": 0.125, "nearest_park_distance_m": 363.2672, "park_area_within_500m": 36869.4513, "nearest_stream_distance_m": 55.1685, "est_population_density": 0.0, "dong_elderly_ratio": 0.1625, "dong_avg_age": 40.7, "dong_pop_density": 25086.7, "nearest_shelter_distance_m": 171.8, "shelter_count_within_500m": 10.4192, "est_population": 0.0, "est_elderly": 0.0, "shelter_capacity_within_500m": 396.3, "building_form_group": "low_floor_low_density", "dong_name": "신도림동", "top1_feature": "impervious_ratio", "top1_shap": 0.5143, "top2_feature": "built_surface_ratio", "top2_shap": 0.4134, "top3_feature": "avg_ground_floor_count", "top3_shap": -0.1613, "priority_score": 47.077, "priority_rank": 219 }, "geometry": { "type": "Polygon", "coordinates": [ [ [ 126.88330348315985, 37.513926698908321 ], [ 126.880474751132653, 37.513911895542471 ], [ 126.880456123666292, 37.516165174388696 ], [ 126.881952907706903, 37.516173016221899 ], [ 126.88201605, 37.51610339 ], [ 126.882447690000021, 37.51596756 ], [ 126.88268051999998, 37.51581012 ], [ 126.88270551, 37.51576565 ], [ 126.88270703, 37.51513833 ], [ 126.883296237333113, 37.514807243422311 ], [ 126.88330348315985, 37.513926698908321 ] ] ] } },
{ "type": "Feature", "properties": { "nearest_shelter_name": "우성3차(아)경로당", "nearest_shelter_addr": "서울특별시 구로구 신도림로21길 25 (신도림우성3차아파트 302동)", "nearest_shelter_lon": 126.884242, "nearest_shelter_lat": 37.512943, "member_grid_ids": ["11530_02190", "11530_02199"], "display_grid_id": "11530_00394", "gu_code": 11530, "gu_name": "구로구", "source_cell_count": 4, "area_m2": 6062.52, "mean_actual_lst": 38.4574, "mean_actual_anomaly": 0.0405, "seoul_anomaly": 1.2888, "pred_anomaly": -0.2374, "pred_anomaly_std": 0.7728, "green_delta_c": -0.424, "building_ratio": 0.0924, "green_ratio": 0.3919, "ndvi": 0.2882, "impervious_ratio": 0.3649, "built_surface_ratio": 0.3649, "avg_ground_floor_count": 2.1026, "elevation_m": 8.0463, "albedo": 0.1465, "nearest_park_distance_m": 296.639, "park_area_within_500m": 93118.2279, "nearest_stream_distance_m": 41.9855, "est_population_density": 0.0, "dong_elderly_ratio": 0.1625, "dong_avg_age": 40.7, "dong_pop_density": 25086.7, "nearest_shelter_distance_m": 113.7, "shelter_count_within_500m": 9.0, "est_population": 0.0, "est_elderly": 0.0, "shelter_capacity_within_500m": 0.0, "building_form_group": "low_floor_low_density", "dong_name": "신도림동", "top1_feature": "green_ratio", "top1_shap": -0.4842, "top2_feature": "impervious_ratio", "top2_shap": 0.4608, "top3_feature": "built_surface_ratio", "top3_shap": 0.4069, "priority_score": 36.6856, "priority_rank": 341 }, "geometry": { "type": "Polygon", "coordinates": [ [ [ 126.88330348315985, 37.513926698908321 ], [ 126.883296237333113, 37.514807243422311 ], [ 126.883649349999985, 37.51460882 ], [ 126.88408835, 37.51439104 ], [ 126.88430985, 37.51435551 ], [ 126.884292980000012, 37.5141781 ], [ 126.884309180000017, 37.5139861 ], [ 126.884341964387957, 37.513932116503348 ], [ 126.88330348315985, 37.513926698908321 ] ] ] } },
{ "type": "Feature", "properties": { "nearest_shelter_name": "삼성제2아파트경로당(사립)", "nearest_shelter_addr": "서울특별시 양천구 신목로 5 (목동삼성아파트)", "nearest_shelter_lon": 126.876866, "nearest_shelter_lat": 37.517218, "member_grid_ids": ["11530_02205", "11530_02206", "11530_02207", "11530_02209", "11530_02210", "11530_02211"], "display_grid_id": "11530_00395", "gu_code": 11530, "gu_name": "구로구", "source_cell_count": 6, "area_m2": 23355.76, "mean_actual_lst": 37.7864, "mean_actual_anomaly": -0.4371, "seoul_anomaly": 0.8111, "pred_anomaly": -1.7208, "pred_anomaly_std": 0.9152, "green_delta_c": -0.6211, "building_ratio": 0.0726, "green_ratio": 0.3162, "ndvi": 0.1161, "impervious_ratio": 0.1805, "built_surface_ratio": 0.1805, "avg_ground_floor_count": 0.0, "elevation_m": 10.0, "albedo": 0.1258, "nearest_park_distance_m": 324.5379, "park_area_within_500m": 59590.4526, "nearest_stream_distance_m": 13.5215, "est_population_density": 0.0, "dong_elderly_ratio": 0.1626, "dong_avg_age": 40.7378, "dong_pop_density": 25369.0898, "nearest_shelter_distance_m": 159.32, "shelter_count_within_500m": 12.4063, "est_population": 0.0, "est_elderly": 0.0, "shelter_capacity_within_500m": 1361.6, "building_form_group": "low_floor_low_density", "dong_name": "신도림동", "top1_feature": "building_ratio", "top1_shap": -0.67, "top2_feature": "ndvi", "top2_shap": 0.4805, "top3_feature": "elevation_m", "top3_shap": -0.2909, "priority_score": 43.3901, "priority_rank": 263 }, "geometry": { "type": "Polygon", "coordinates": [ [ [ 126.880456123666292, 37.516165174388696 ], [ 126.877957300478158, 37.51615204048192 ], [ 126.87797232, 37.51617920000001 ], [ 126.87808521, 37.51619902 ], [ 126.87816243, 37.51621262 ], [ 126.87824527, 37.51624113 ], [ 126.87838992, 37.51629873 ], [ 126.87848245, 37.51634754 ], [ 126.87856824, 37.51641323 ], [ 126.87864147, 37.51649017 ], [ 126.87886496, 37.51674916 ], [ 126.878906410000013, 37.51680494 ], [ 126.878981419999988, 37.51686809000001 ], [ 126.87900223, 37.51690303 ], [ 126.87900429, 37.51693148 ], [ 126.878996120000011, 37.51696469 ], [ 126.87896895999998, 37.51703363 ], [ 126.87894043, 37.51707782 ], [ 126.87891778, 37.51709159 ], [ 126.878812, 37.51715033 ], [ 126.878711, 37.51719865 ], [ 126.87866164, 37.5172276 ], [ 126.8785896, 37.51729679 ], [ 126.87855045, 37.5173511 ], [ 126.87852934, 37.51739357 ], [ 126.878517430000016, 37.51743356 ], [ 126.87850943, 37.5174648 ], [ 126.87852051, 37.51750001 ], [ 126.87855473, 37.51754256000001 ], [ 126.87861777, 37.51757191 ], [ 126.87867131, 37.51758519 ], [ 126.878729800000016, 37.51759342 ], [ 126.878783530000021, 37.51758728 ], [ 126.87888784, 37.51756712 ], [ 126.87928547, 37.51749009 ], [ 126.87931621, 37.51748817 ], [ 126.879391319999982, 37.51749979 ], [ 126.879456330000011, 37.51751759 ], [ 126.87951161, 37.51754383 ], [ 126.879543920000017, 37.51756301 ], [ 126.87956333, 37.51758385 ], [ 126.8795806, 37.51761373 ], [ 126.87959063, 37.5176447 ], [ 126.879591799999986, 37.51767822 ], [ 126.879585580000011, 37.51769793 ], [ 126.87956895, 37.51771423000001 ], [ 126.879484010000013, 37.51777524 ], [ 126.880447622004553, 37.517193497591627 ], [ 126.880456123666292, 37.516165174388696 ] ] ] } },
{ "type": "Feature", "properties": { "nearest_shelter_name": "문래현대5차아파트경로당", "nearest_shelter_addr": "서울특별시 영등포구 선유서로9길 5 (문래현대5차아파트 관리실 및 노인정)", "nearest_shelter_lon": 126.882836, "nearest_shelter_lat": 37.517598, "member_grid_ids": ["11530_02207", "11530_02208"], "display_grid_id": "11530_00396", "gu_code": 11530, "gu_name": "구로구", "source_cell_count": 3, "area_m2": 8247.69, "mean_actual_lst": 38.2182, "mean_actual_anomaly": -0.0053, "seoul_anomaly": 1.2429, "pred_anomaly": -0.3436, "pred_anomaly_std": 1.0702, "green_delta_c": -0.4001, "building_ratio": 0.1739, "green_ratio": 0.3326, "ndvi": 0.142, "impervious_ratio": 0.3106, "built_surface_ratio": 0.3106, "avg_ground_floor_count": 0.0, "elevation_m": 10.1716, "albedo": 0.1245, "nearest_park_distance_m": 362.4498, "park_area_within_500m": 35505.7713, "nearest_stream_distance_m": 29.3494, "est_population_density": 0.0, "dong_elderly_ratio": 0.1625, "dong_avg_age": 40.7, "dong_pop_density": 25086.7, "nearest_shelter_distance_m": 185.93, "shelter_count_within_500m": 12.8809, "est_population": 0.0, "est_elderly": 0.0, "shelter_capacity_within_500m": 276.4, "building_form_group": "low_floor_low_density", "dong_name": "신도림동", "top1_feature": "ndvi", "top1_shap": 0.5208, "top2_feature": "impervious_ratio", "top2_shap": 0.3016, "top3_feature": "elevation_m", "top3_shap": -0.2799, "priority_score": 39.3497, "priority_rank": 313 }, "geometry": { "type": "Polygon", "coordinates": [ [ [ 126.880456123666292, 37.516165174388696 ], [ 126.880447622004553, 37.517193497591627 ], [ 126.881729050000018, 37.51641986 ], [ 126.881952907706903, 37.516173016221899 ], [ 126.880456123666292, 37.516165174388696 ] ] ] } }
]
}
