{
"type": "FeatureCollection",
"name": "11620_관악구",
"crs": { "type": "name", "properties": { "name": "urn:ogc:def:crs:OGC:1.3:CRS84" } },
"features": [
{ "type": "Feature", "properties": { "display_grid_id": "11620_00001", "gu_code": 11620, "gu_name": "관악구", "source_cell_count": 10, "area_m2": 36121.55, "mean_actual_lst": 29.1143, "mean_actual_anomaly": -6.8505, "seoul_anomaly": -7.9631, "pred_anomaly": -6.7482, "pred_anomaly_std": 0.6366, "green_delta_c": -0.2431, "building_ratio": 0.0, "green_ratio": 0.774, "ndvi": 0.4759, "impervious_ratio": 0.0488, "built_surface_ratio": 0.0488, "avg_ground_floor_count": 0.0, "elevation_m": 429.7814, "albedo": 0.0977, "nearest_park_distance_m": 2514.1325, "park_area_within_500m": 0.0, "nearest_stream_distance_m": 802.4239, "est_population_density": 0.0, "dong_elderly_ratio": 0.1334, "dong_avg_age": 40.9, "dong_pop_density": 2941.0, "nearest_shelter_distance_m": 2227.0453, "shelter_count_within_500m": 0.0, "est_population": 0.0, "est_elderly": 0.0, "shelter_capacity_within_500m": 0.0, "building_form_group": "no_building", "dong_name": "대학동", "top1_feature": "built_surface_ratio", "top1_shap": -1.4925, "top2_feature": "impervious_ratio", "top2_shap": -1.2948, "top3_feature": "elevation_m", "top3_shap": -1.059, "priority_score": 22.6113, "priority_rank": 526 }, "geometry": { "type": "Polygon", "coordinates": [ [ [ 126.940450044482105, 37.437595727544682 ], [ 126.940462339716021, 37.435944279002456 ], [ 126.94042652, 37.43580199 ], [ 126.94035239, 37.43576901 ], [ 126.94022003, 37.43571235 ], [ 126.93955811, 37.43595585 ], [ 126.93936403, 37.43602585 ], [ 126.938625700000017, 37.43602855000001 ], [ 126.93862163, 37.43602855000001 ], [ 126.938615040000016, 37.43609641 ], [ 126.938575230000012, 37.43641512 ], [ 126.93857452, 37.43642047 ], [ 126.93854554, 37.43644917 ], [ 126.93837485, 37.43660929 ], [ 126.938326090000018, 37.43665263 ], [ 126.93828295, 37.43672102 ], [ 126.93825167, 37.43677 ], [ 126.93816521, 37.43690539 ], [ 126.93814559, 37.43694198 ], [ 126.93801491, 37.43718434 ], [ 126.93801226, 37.4371894 ], [ 126.937988940000011, 37.43720938 ], [ 126.937751850000012, 37.43738186 ], [ 126.93774638, 37.43738579 ], [ 126.93775096, 37.43739171 ], [ 126.93774136, 37.43746913 ], [ 126.93774215000002, 37.43758204 ], [ 126.937742155750229, 37.437582877305964 ], [ 126.940450044482105, 37.437595727544682 ] ] ] } },
{ "type": "Feature", "properties": { "display_grid_id": "11620_00002", "gu_code": 11620, "gu_name": "관악구", "source_cell_count": 7, "area_m2": 11453.07, "mean_actual_lst": 29.5271, "mean_actual_anomaly": -6.4267, "seoul_anomaly": -7.5394, "pred_anomaly": -6.548, "pred_anomaly_std": 0.5404, "green_delta_c": -0.3129, "building_ratio": 0.0, "green_ratio": 0.7744, "ndvi": 0.4941, "impervious_ratio": 0.0448, "built_surface_ratio": 0.0448, "avg_ground_floor_count": 0.0, "elevation_m": 414.5412, "albedo": 0.1085, "nearest_park_distance_m": 2510.9711, "park_area_within_500m": 0.0, "nearest_stream_distance_m": 984.6793, "est_population_density": 0.0, "dong_elderly_ratio": 0.1334, "dong_avg_age": 40.9, "dong_pop_density": 2941.0, "nearest_shelter_distance_m": 2345.2283, "shelter_count_within_500m": 0.0, "est_population": 0.0, "est_elderly": 0.0, "shelter_capacity_within_500m": 0.0, "building_form_group": "no_building", "dong_name": "대학동", "top1_feature": "built_surface_ratio", "top1_shap": -1.4763, "top2_feature": "impervious_ratio", "top2_shap": -1.2862, "top3_feature": "elevation_m", "top3_shap": -0.8634, "priority_score": 23.9889, "priority_rank": 513 }, "geometry": { "type": "Polygon", "coordinates": [ [ [ 126.940450044482105, 37.437595727544682 ], [ 126.943275932006557, 37.437609071590707 ], [ 126.943278217410096, 37.437300557157698 ], [ 126.94262402, 37.43740522 ], [ 126.94197934, 37.43750569 ], [ 126.941424149999989, 37.43740434 ], [ 126.94114888, 37.4369917 ], [ 126.94113759, 37.43697564 ], [ 126.94113655, 37.43696945 ], [ 126.94110251, 37.43691819 ], [ 126.940879370000019, 37.43666974 ], [ 126.94070791999998, 37.43647902 ], [ 126.94053011, 37.43628043 ], [ 126.94050233, 37.4361371 ], [ 126.94050271, 37.43612274 ], [ 126.940480370000017, 37.43600785000001 ], [ 126.94047175, 37.43598166 ], [ 126.940462339716021, 37.435944279002456 ], [ 126.940450044482105, 37.437595727544682 ] ] ] } },
{ "type": "Feature", "properties": { "display_grid_id": "11620_00003", "gu_code": 11620, "gu_name": "관악구", "source_cell_count": 6, "area_m2": 10791.13, "mean_actual_lst": 31.4384, "mean_actual_anomaly": -4.4329, "seoul_anomaly": -5.5455, "pred_anomaly": -5.982, "pred_anomaly_std": 0.5195, "green_delta_c": -0.536, "building_ratio": 0.0, "green_ratio": 0.7905, "ndvi": 0.5083, "impervious_ratio": 0.0437, "built_surface_ratio": 0.0437, "avg_ground_floor_count": 0.0, "elevation_m": 324.1095, "albedo": 0.1228, "nearest_park_distance_m": 2583.585, "park_area_within_500m": 0.0, "nearest_stream_distance_m": 1266.2182, "est_population_density": 0.0, "dong_elderly_ratio": 0.1334, "dong_avg_age": 40.9, "dong_pop_density": 2941.0, "nearest_shelter_distance_m": 2577.4081, "shelter_count_within_500m": 0.0, "est_population": 0.0, "est_elderly": 0.0, "shelter_capacity_within_500m": 0.0, "building_form_group": "no_building", "dong_name": "대학동", "top1_feature": "built_surface_ratio", "top1_shap": -1.4248, "top2_feature": "impervious_ratio", "top2_shap": -1.2415, "top3_feature": "green_ratio", "top3_shap": -0.8711, "priority_score": 35.1994, "priority_rank": 419 }, "geometry": { "type": "Polygon", "coordinates": [ [ [ 126.943275932006557, 37.437609071590707 ], [ 126.946101821389405, 37.437622348080957 ], [ 126.946102088694772, 37.437586079769083 ], [ 126.94567599, 37.43730534 ], [ 126.94509036, 37.43708826 ], [ 126.94463711, 37.43712351 ], [ 126.94406009, 37.43719813 ], [ 126.94352259999998, 37.43726601 ], [ 126.943384880000011, 37.43728283 ], [ 126.9432837, 37.43729968000001 ], [ 126.943278217410096, 37.437300557157698 ], [ 126.943275932006557, 37.437609071590707 ] ] ] } },
{ "type": "Feature", "properties": { "display_grid_id": "11620_00004", "gu_code": 11620, "gu_name": "관악구", "source_cell_count": 1, "area_m2": 9.92, "mean_actual_lst": 31.8221, "mean_actual_anomaly": -3.8749, "seoul_anomaly": -4.9875, "pred_anomaly": -5.7332, "pred_anomaly_std": 0.575, "green_delta_c": -0.686, "building_ratio": 0.0, "green_ratio": 0.8144, "ndvi": 0.5466, "impervious_ratio": 0.0532, "built_surface_ratio": 0.0532, "avg_ground_floor_count": 0.0, "elevation_m": 287.133, "albedo": 0.1111, "nearest_park_distance_m": 2621.05, "park_area_within_500m": 0.0, "nearest_stream_distance_m": 1421.85, "est_population_density": 0.0, "dong_elderly_ratio": 0.1334, "dong_avg_age": 40.9, "dong_pop_density": 2941.0, "nearest_shelter_distance_m": 2699.92, "shelter_count_within_500m": 0.0, "est_population": 0.0, "est_elderly": 0.0, "shelter_capacity_within_500m": 0.0, "building_form_group": "no_building", "dong_name": "대학동", "top1_feature": "built_surface_ratio", "top1_shap": -1.3445, "top2_feature": "impervious_ratio", "top2_shap": -1.1465, "top3_feature": "green_ratio", "top3_shap": -0.8808, "priority_score": 42.0547, "priority_rank": 364 }, "geometry": { "type": "Polygon", "coordinates": [ [ [ 126.946101821389405, 37.437622348080957 ], [ 126.946157532322445, 37.437622609140902 ], [ 126.946102088694772, 37.437586079769083 ], [ 126.946101821389405, 37.437622348080957 ] ] ] } },
{ "type": "Feature", "properties": { "display_grid_id": "11620_00005", "gu_code": 11620, "gu_name": "관악구", "source_cell_count": 2, "area_m2": 3342.77, "mean_actual_lst": 29.7244, "mean_actual_anomaly": -6.3188, "seoul_anomaly": -7.4314, "pred_anomaly": -6.4831, "pred_anomaly_std": 0.6247, "green_delta_c": -0.27, "building_ratio": 0.0, "green_ratio": 0.8222, "ndvi": 0.5751, "impervious_ratio": 0.0406, "built_surface_ratio": 0.0406, "avg_ground_floor_count": 0.0, "elevation_m": 401.8654, "albedo": 0.1132, "nearest_park_distance_m": 2263.2145, "park_area_within_500m": 0.0, "nearest_stream_distance_m": 786.2534, "est_population_density": 0.0, "dong_elderly_ratio": 0.1334, "dong_avg_age": 40.9, "dong_pop_density": 2941.0, "nearest_shelter_distance_m": 1985.144, "shelter_count_within_500m": 0.0, "est_population": 0.0, "est_elderly": 0.0, "shelter_capacity_within_500m": 0.0, "building_form_group": "no_building", "dong_name": "대학동", "top1_feature": "built_surface_ratio", "top1_shap": -1.5336, "top2_feature": "impervious_ratio", "top2_shap": -1.3428, "top3_feature": "elevation_m", "top3_shap": -0.9434, "priority_score": 21.257, "priority_rank": 534 }, "geometry": { "type": "Polygon", "coordinates": [ [ [ 126.937619658140946, 37.438183759466867 ], [ 126.93757912, 37.43828559 ], [ 126.93756266, 37.43832697 ], [ 126.93747025, 37.43842378 ], [ 126.937272680000021, 37.43863231 ], [ 126.93726512, 37.4387928 ], [ 126.937257770000016, 37.43892738000001 ], [ 126.937248560000015, 37.43916755 ], [ 126.937247110000015, 37.43921288 ], [ 126.937402160000019, 37.4393743 ], [ 126.937609093889421, 37.43959542995507 ], [ 126.937619658140946, 37.438183759466867 ] ] ] } },
{ "type": "Feature", "properties": { "display_grid_id": "11620_00006", "gu_code": 11620, "gu_name": "관악구", "source_cell_count": 11, "area_m2": 61757.45, "mean_actual_lst": 29.7587, "mean_actual_anomaly": -6.3416, "seoul_anomaly": -7.4543, "pred_anomaly": -6.4623, "pred_anomaly_std": 0.5324, "green_delta_c": -0.278, "building_ratio": 0.0, "green_ratio": 0.7945, "ndvi": 0.5235, "impervious_ratio": 0.0435, "built_surface_ratio": 0.0435, "avg_ground_floor_count": 0.0, "elevation_m": 396.1062, "albedo": 0.1098, "nearest_park_distance_m": 2314.9905, "park_area_within_500m": 0.0, "nearest_stream_distance_m": 862.2922, "est_population_density": 0.0, "dong_elderly_ratio": 0.1334, "dong_avg_age": 40.9, "dong_pop_density": 2941.0, "nearest_shelter_distance_m": 2093.6287, "shelter_count_within_500m": 0.0, "est_population": 0.0, "est_elderly": 0.0, "shelter_capacity_within_500m": 0.0, "building_form_group": "no_building", "dong_name": "대학동", "top1_feature": "built_surface_ratio", "top1_shap": -1.4924, "top2_feature": "impervious_ratio", "top2_shap": -1.3017, "top3_feature": "elevation_m", "top3_shap": -0.7923, "priority_score": 22.4907, "priority_rank": 528 }, "geometry": { "type": "Polygon", "coordinates": [ [ [ 126.940433266526483, 37.439849059902606 ], [ 126.940450044482105, 37.437595727544682 ], [ 126.937742155750229, 37.437582877305964 ], [ 126.93774419, 37.43787909000001 ], [ 126.93772544, 37.43792639 ], [ 126.937655549999988, 37.4380936 ], [ 126.937619658140946, 37.438183759466867 ], [ 126.937609093889421, 37.43959542995507 ], [ 126.93763889, 37.43962727 ], [ 126.93769358, 37.43968446 ], [ 126.93771386, 37.439720790000017 ], [ 126.937748918381217, 37.439836320994054 ], [ 126.940433266526483, 37.439849059902606 ] ] ] } },
{ "type": "Feature", "properties": { "display_grid_id": "11620_00007", "gu_code": 11620, "gu_name": "관악구", "source_cell_count": 15, "area_m2": 62500.0, "mean_actual_lst": 30.2346, "mean_actual_anomaly": -5.8783, "seoul_anomaly": -6.9909, "pred_anomaly": -6.2576, "pred_anomaly_std": 0.4734, "green_delta_c": -0.4057, "building_ratio": 0.0, "green_ratio": 0.7589, "ndvi": 0.4779, "impervious_ratio": 0.0403, "built_surface_ratio": 0.0403, "avg_ground_floor_count": 0.0, "elevation_m": 376.6508, "albedo": 0.1034, "nearest_park_distance_m": 2385.9528, "park_area_within_500m": 0.0, "nearest_stream_distance_m": 1087.1016, "est_population_density": 0.0, "dong_elderly_ratio": 0.1334, "dong_avg_age": 40.9, "dong_pop_density": 2941.0, "nearest_shelter_distance_m": 2313.4892, "shelter_count_within_500m": 0.0, "est_population": 0.0, "est_elderly": 0.0, "shelter_capacity_within_500m": 0.0, "building_form_group": "no_building", "dong_name": "대학동", "top1_feature": "built_surface_ratio", "top1_shap": -1.4695, "top2_feature": "impervious_ratio", "top2_shap": -1.2886, "top3_feature": "elevation_m", "top3_shap": -0.7524, "priority_score": 27.6299, "priority_rank": 472 }, "geometry": { "type": "Polygon", "coordinates": [ [ [ 126.940450044482105, 37.437595727544682 ], [ 126.940433266526483, 37.439849059902606 ], [ 126.943259238773706, 37.439862405029118 ], [ 126.943275932006557, 37.437609071590707 ], [ 126.940450044482105, 37.437595727544682 ] ] ] } },
{ "type": "Feature", "properties": { "display_grid_id": "11620_00008", "gu_code": 11620, "gu_name": "관악구", "source_cell_count": 12, "area_m2": 62500.0, "mean_actual_lst": 31.1403, "mean_actual_anomaly": -4.7273, "seoul_anomaly": -5.84, "pred_anomaly": -5.9074, "pred_anomaly_std": 0.4884, "green_delta_c": -0.5801, "building_ratio": 0.0, "green_ratio": 0.7789, "ndvi": 0.4854, "impervious_ratio": 0.0442, "built_surface_ratio": 0.0442, "avg_ground_floor_count": 0.0, "elevation_m": 316.7857, "albedo": 0.1132, "nearest_park_distance_m": 2476.5552, "park_area_within_500m": 0.0, "nearest_stream_distance_m": 1308.08, "est_population_density": 0.0, "dong_elderly_ratio": 0.1334, "dong_avg_age": 40.9, "dong_pop_density": 2941.0, "nearest_shelter_distance_m": 2527.1236, "shelter_count_within_500m": 0.0, "est_population": 0.0, "est_elderly": 0.0, "shelter_capacity_within_500m": 0.0, "building_form_group": "no_building", "dong_name": "대학동", "top1_feature": "built_surface_ratio", "top1_shap": -1.4198, "top2_feature": "impervious_ratio", "top2_shap": -1.2311, "top3_feature": "green_ratio", "top3_shap": -0.7817, "priority_score": 36.2106, "priority_rank": 404 }, "geometry": { "type": "Polygon", "coordinates": [ [ [ 126.943275932006557, 37.437609071590707 ], [ 126.943259238773706, 37.439862405029118 ], [ 126.946085212879538, 37.439875682594383 ], [ 126.946101821389405, 37.437622348080957 ], [ 126.943275932006557, 37.437609071590707 ] ] ] } },
{ "type": "Feature", "properties": { "display_grid_id": "11620_00009", "gu_code": 11620, "gu_name": "관악구", "source_cell_count": 10, "area_m2": 43270.4, "mean_actual_lst": 30.8321, "mean_actual_anomaly": -5.0107, "seoul_anomaly": -6.1234, "pred_anomaly": -5.6315, "pred_anomaly_std": 0.5451, "green_delta_c": -0.6988, "building_ratio": 0.0, "green_ratio": 0.7895, "ndvi": 0.495, "impervious_ratio": 0.0563, "built_surface_ratio": 0.0563, "avg_ground_floor_count": 0.0, "elevation_m": 258.8113, "albedo": 0.1094, "nearest_park_distance_m": 2554.8948, "park_area_within_500m": 0.0, "nearest_stream_distance_m": 1551.09, "est_population_density": 0.0, "dong_elderly_ratio": 0.1334, "dong_avg_age": 40.9, "dong_pop_density": 2941.0, "nearest_shelter_distance_m": 2680.1841, "shelter_count_within_500m": 0.0, "est_population": 0.0, "est_elderly": 0.0, "shelter_capacity_within_500m": 0.0, "building_form_group": "no_building", "dong_name": "대학동", "top1_feature": "built_surface_ratio", "top1_shap": -1.3322, "top2_feature": "impervious_ratio", "top2_shap": -1.1405, "top3_feature": "green_ratio", "top3_shap": -0.8715, "priority_score": 39.5408, "priority_rank": 383 }, "geometry": { "type": "Polygon", "coordinates": [ [ [ 126.946101821389405, 37.437622348080957 ], [ 126.946085212879538, 37.439875682594383 ], [ 126.9489111888346, 37.439888892598262 ], [ 126.948921184963709, 37.438525758539868 ], [ 126.94876563, 37.43864588 ], [ 126.94862329999998, 37.43867115 ], [ 126.94836285, 37.43871272 ], [ 126.94830425, 37.438691 ], [ 126.94828889, 37.43869044 ], [ 126.94811239, 37.43861124 ], [ 126.94803402, 37.438576 ], [ 126.947854169999985, 37.43849202 ], [ 126.94759893, 37.43841194 ], [ 126.947165409999982, 37.43827264 ], [ 126.94702737, 37.43823457 ], [ 126.94678907, 37.43816717 ], [ 126.94659009, 37.43792971 ], [ 126.94637992, 37.43776913 ], [ 126.946157532322445, 37.437622609140902 ], [ 126.946101821389405, 37.437622348080957 ] ] ] } },
{ "type": "Feature", "properties": { "display_grid_id": "11620_00010", "gu_code": 11620, "gu_name": "관악구", "source_cell_count": 8, "area_m2": 37961.61, "mean_actual_lst": 29.9994, "mean_actual_anomaly": -5.8847, "seoul_anomaly": -6.9973, "pred_anomaly": -6.1591, "pred_anomaly_std": 0.5939, "green_delta_c": -0.4812, "building_ratio": 0.0, "green_ratio": 0.7862, "ndvi": 0.5072, "impervious_ratio": 0.0602, "built_surface_ratio": 0.0602, "avg_ground_floor_count": 0.0, "elevation_m": 273.7437, "albedo": 0.1062, "nearest_park_distance_m": 2676.0508, "park_area_within_500m": 0.0, "nearest_stream_distance_m": 1793.2328, "est_population_density": 0.0, "dong_elderly_ratio": 0.1334, "dong_avg_age": 40.9, "dong_pop_density": 2941.0, "nearest_shelter_distance_m": 2796.5405, "shelter_count_within_500m": 0.0, "est_population": 0.0, "est_elderly": 0.0, "shelter_capacity_within_500m": 0.0, "building_form_group": "no_building", "dong_name": "대학동", "top1_feature": "built_surface_ratio", "top1_shap": -1.3483, "top2_feature": "impervious_ratio", "top2_shap": -1.163, "top3_feature": "green_ratio", "top3_shap": -0.899, "priority_score": 29.7542, "priority_rank": 460 }, "geometry": { "type": "Polygon", "coordinates": [ [ [ 126.9489111888346, 37.439888892598262 ], [ 126.951737166629428, 37.439902035040632 ], [ 126.951745528658151, 37.438755865793354 ], [ 126.95146698, 37.43857666 ], [ 126.95115811, 37.4384442 ], [ 126.9511385, 37.43844334 ], [ 126.95113498, 37.43844334 ], [ 126.95106765, 37.43853651 ], [ 126.95092503, 37.43873382 ], [ 126.95003243, 37.438621660000017 ], [ 126.949842800000013, 37.43837971 ], [ 126.949577680000019, 37.43829428 ], [ 126.94951307, 37.43828102 ], [ 126.94931039, 37.43826122 ], [ 126.94928392, 37.43825023 ], [ 126.94927685, 37.43825614 ], [ 126.949189050000015, 37.43832874 ], [ 126.94917634, 37.43833296 ], [ 126.949161140000015, 37.43834422 ], [ 126.94905339, 37.43842526 ], [ 126.948944920000017, 37.438507429999987 ], [ 126.948921184963709, 37.438525758539868 ], [ 126.9489111888346, 37.439888892598262 ] ] ] } },
{ "type": "Feature", "properties": { "display_grid_id": "11620_00011", "gu_code": 11620, "gu_name": "관악구", "source_cell_count": 8, "area_m2": 24300.59, "mean_actual_lst": 29.4218, "mean_actual_anomaly": -6.4298, "seoul_anomaly": -7.5424, "pred_anomaly": -6.6864, "pred_anomaly_std": 0.3122, "green_delta_c": -0.2812, "building_ratio": 0.0, "green_ratio": 0.7984, "ndvi": 0.501, "impervious_ratio": 0.0434, "built_surface_ratio": 0.0434, "avg_ground_floor_count": 0.0, "elevation_m": 372.392, "albedo": 0.0912, "nearest_park_distance_m": 2816.2501, "park_area_within_500m": 0.0, "nearest_stream_distance_m": 2058.2215, "est_population_density": 0.0, "dong_elderly_ratio": 0.1334, "dong_avg_age": 40.9, "dong_pop_density": 2941.0, "nearest_shelter_distance_m": 2927.2111, "shelter_count_within_500m": 0.0, "est_population": 0.0, "est_elderly": 0.0, "shelter_capacity_within_500m": 0.0, "building_form_group": "no_building", "dong_name": "대학동", "top1_feature": "built_surface_ratio", "top1_shap": -1.4956, "top2_feature": "impervious_ratio", "top2_shap": -1.3095, "top3_feature": "green_ratio", "top3_shap": -0.8952, "priority_score": 23.0102, "priority_rank": 524 }, "geometry": { "type": "Polygon", "coordinates": [ [ [ 126.951737166629428, 37.439902035040632 ], [ 126.954563146254571, 37.439915109921337 ], [ 126.954570733247692, 37.438869788237746 ], [ 126.95438103, 37.43891039 ], [ 126.953903900000014, 37.43900959 ], [ 126.95361027, 37.43904438 ], [ 126.95344729, 37.43906712 ], [ 126.95316689, 37.43909544 ], [ 126.95265183, 37.43915915 ], [ 126.95241081, 37.43919031 ], [ 126.95208627, 37.438981250000012 ], [ 126.952071960000012, 37.43897618 ], [ 126.95187077, 37.43883644 ], [ 126.951745528658151, 37.438755865793354 ], [ 126.951737166629428, 37.439902035040632 ] ] ] } },
{ "type": "Feature", "properties": { "display_grid_id": "11620_00012", "gu_code": 11620, "gu_name": "관악구", "source_cell_count": 7, "area_m2": 31883.04, "mean_actual_lst": 29.7971, "mean_actual_anomaly": -6.3207, "seoul_anomaly": -7.4334, "pred_anomaly": -6.8109, "pred_anomaly_std": 0.3574, "green_delta_c": -0.2438, "building_ratio": 0.0, "green_ratio": 0.7946, "ndvi": 0.4923, "impervious_ratio": 0.0431, "built_surface_ratio": 0.0431, "avg_ground_floor_count": 0.0, "elevation_m": 420.0847, "albedo": 0.0924, "nearest_park_distance_m": 2982.1644, "park_area_within_500m": 0.0, "nearest_stream_distance_m": 2260.6278, "est_population_density": 0.0, "dong_elderly_ratio": 0.1334, "dong_avg_age": 40.9, "dong_pop_density": 2941.0, "nearest_shelter_distance_m": 3086.2336, "shelter_count_within_500m": 0.0, "est_population": 0.0, "est_elderly": 0.0, "shelter_capacity_within_500m": 0.0, "building_form_group": "no_building", "dong_name": "대학동", "top1_feature": "built_surface_ratio", "top1_shap": -1.5154, "top2_feature": "impervious_ratio", "top2_shap": -1.3329, "top3_feature": "green_ratio", "top3_shap": -0.8955, "priority_score": 23.3812, "priority_rank": 522 }, "geometry": { "type": "Polygon", "coordinates": [ [ [ 126.954563146254571, 37.439915109921337 ], [ 126.957389127700623, 37.43992811724025 ], [ 126.957396511632908, 37.438905475182452 ], [ 126.95704037, 37.43885313 ], [ 126.95670475, 37.43880345 ], [ 126.95647790000001, 37.43876986 ], [ 126.95636792, 37.43875405 ], [ 126.95606284, 37.43873788 ], [ 126.95561969, 37.43871434 ], [ 126.95526006, 37.43869646 ], [ 126.9551746, 37.43869249 ], [ 126.955108580000015, 37.43869218 ], [ 126.95499556, 37.43872452 ], [ 126.95463053, 37.43885699 ], [ 126.954570733247692, 37.438869788237746 ], [ 126.954563146254571, 37.439915109921337 ] ] ] } },
{ "type": "Feature", "properties": { "display_grid_id": "11620_00013", "gu_code": 11620, "gu_name": "관악구", "source_cell_count": 5, "area_m2": 16791.64, "mean_actual_lst": 28.5382, "mean_actual_anomaly": -6.3829, "seoul_anomaly": -7.4955, "pred_anomaly": -7.0744, "pred_anomaly_std": 0.4135, "green_delta_c": -0.1742, "building_ratio": 0.0, "green_ratio": 0.7867, "ndvi": 0.4593, "impervious_ratio": 0.0421, "built_surface_ratio": 0.0421, "avg_ground_floor_count": 0.0, "elevation_m": 476.3051, "albedo": 0.1137, "nearest_park_distance_m": 3118.2922, "park_area_within_500m": 0.0, "nearest_stream_distance_m": 2344.8227, "est_population_density": 0.0, "dong_elderly_ratio": 0.1334, "dong_avg_age": 40.9, "dong_pop_density": 2941.0, "nearest_shelter_distance_m": 3191.4498, "shelter_count_within_500m": 0.0, "est_population": 0.0, "est_elderly": 0.0, "shelter_capacity_within_500m": 0.0, "building_form_group": "no_building", "dong_name": "대학동", "top1_feature": "built_surface_ratio", "top1_shap": -1.5693, "top2_feature": "impervious_ratio", "top2_shap": -1.3883, "top3_feature": "green_ratio", "top3_shap": -0.5848, "priority_score": 23.256, "priority_rank": 523 }, "geometry": { "type": "Polygon", "coordinates": [ [ [ 126.957389127700623, 37.43992811724025 ], [ 126.959515037508524, 37.439937857761187 ], [ 126.959496560000019, 37.43991019 ], [ 126.95925241, 37.4395435 ], [ 126.95916914999998, 37.43940691 ], [ 126.95899858, 37.43912698 ], [ 126.95897707, 37.43908952 ], [ 126.958965780000014, 37.43906981 ], [ 126.958432249999987, 37.43901668 ], [ 126.95813935000001, 37.43898813 ], [ 126.95774036, 37.43894772 ], [ 126.95756664, 37.43893048000001 ], [ 126.957396511632908, 37.438905475182452 ], [ 126.957389127700623, 37.43992811724025 ] ] ] } },
{ "type": "Feature", "properties": { "display_grid_id": "11620_00014", "gu_code": 11620, "gu_name": "관악구", "source_cell_count": 5, "area_m2": 10087.51, "mean_actual_lst": 29.101, "mean_actual_anomaly": -7.0405, "seoul_anomaly": -8.1532, "pred_anomaly": -6.4848, "pred_anomaly_std": 0.4796, "green_delta_c": -0.2493, "building_ratio": 0.0, "green_ratio": 0.7999, "ndvi": 0.5277, "impervious_ratio": 0.0434, "built_surface_ratio": 0.0434, "avg_ground_floor_count": 0.0, "elevation_m": 367.8631, "albedo": 0.1, "nearest_park_distance_m": 1953.2501, "park_area_within_500m": 0.0, "nearest_stream_distance_m": 956.038, "est_population_density": 0.0, "dong_elderly_ratio": 0.1334, "dong_avg_age": 40.9, "dong_pop_density": 2941.0, "nearest_shelter_distance_m": 1797.4597, "shelter_count_within_500m": 0.0, "est_population": 0.0, "est_elderly": 0.0, "shelter_capacity_within_500m": 0.0, "building_form_group": "no_building", "dong_name": "대학동", "top1_feature": "built_surface_ratio", "top1_shap": -1.483, "top2_feature": "impervious_ratio", "top2_shap": -1.2947, "top3_feature": "elevation_m", "top3_shap": -0.6511, "priority_score": 20.4128, "priority_rank": 537 }, "geometry": { "type": "Polygon", "coordinates": [ [ [ 126.937590431591602, 37.44208897761925 ], [ 126.937602007104417, 37.440542361243999 ], [ 126.9375427, 37.44062002 ], [ 126.93737284, 37.44084321 ], [ 126.937353570000013, 37.440871640000012 ], [ 126.93723888000001, 37.44099406 ], [ 126.93719417, 37.44104189 ], [ 126.93694887, 37.44129855 ], [ 126.93684744, 37.4414024 ], [ 126.936812100000012, 37.44143842 ], [ 126.93677193, 37.44154285 ], [ 126.93673512, 37.4416349 ], [ 126.93668811000002, 37.44169598 ], [ 126.93665063, 37.44174129000001 ], [ 126.93664692, 37.44174579 ], [ 126.936306720000019, 37.44190497 ], [ 126.93620198, 37.44195447 ], [ 126.936055015806559, 37.442081661490249 ], [ 126.937590431591602, 37.44208897761925 ] ] ] } },
{ "type": "Feature", "properties": { "display_grid_id": "11620_00015", "gu_code": 11620, "gu_name": "관악구", "source_cell_count": 14, "area_m2": 61350.36, "mean_actual_lst": 30.0767, "mean_actual_anomaly": -6.2232, "seoul_anomaly": -7.3359, "pred_anomaly": -6.5351, "pred_anomaly_std": 0.5315, "green_delta_c": -0.2806, "building_ratio": 0.0, "green_ratio": 0.7843, "ndvi": 0.5107, "impervious_ratio": 0.0431, "built_surface_ratio": 0.0431, "avg_ground_floor_count": 0.0, "elevation_m": 397.9374, "albedo": 0.1093, "nearest_park_distance_m": 2061.5429, "park_area_within_500m": 0.0, "nearest_stream_distance_m": 1016.3335, "est_population_density": 0.0, "dong_elderly_ratio": 0.1334, "dong_avg_age": 40.9, "dong_pop_density": 2941.0, "nearest_shelter_distance_m": 1967.6631, "shelter_count_within_500m": 0.0, "est_population": 0.0, "est_elderly": 0.0, "shelter_capacity_within_500m": 0.0, "building_form_group": "no_building", "dong_name": "대학동", "top1_feature": "built_surface_ratio", "top1_shap": -1.4963, "top2_feature": "impervious_ratio", "top2_shap": -1.3061, "top3_feature": "elevation_m", "top3_shap": -0.9363, "priority_score": 22.9174, "priority_rank": 525 }, "geometry": { "type": "Polygon", "coordinates": [ [ [ 126.937590431591602, 37.44208897761925 ], [ 126.940416486702787, 37.442102391392886 ], [ 126.940433266526483, 37.439849059902606 ], [ 126.937748918381217, 37.439836320994054 ], [ 126.93775787, 37.43986582 ], [ 126.93784345, 37.44013561 ], [ 126.937864059999981, 37.44019757 ], [ 126.93774581000001, 37.44035406 ], [ 126.937602007104417, 37.440542361243999 ], [ 126.937590431591602, 37.44208897761925 ] ] ] } },
{ "type": "Feature", "properties": { "display_grid_id": "11620_00016", "gu_code": 11620, "gu_name": "관악구", "source_cell_count": 12, "area_m2": 62500.0, "mean_actual_lst": 31.1116, "mean_actual_anomaly": -4.9261, "seoul_anomaly": -6.0388, "pred_anomaly": -6.1717, "pred_anomaly_std": 0.5193, "green_delta_c": -0.4424, "building_ratio": 0.0, "green_ratio": 0.7893, "ndvi": 0.5162, "impervious_ratio": 0.0534, "built_surface_ratio": 0.0534, "avg_ground_floor_count": 0.0, "elevation_m": 355.3417, "albedo": 0.1268, "nearest_park_distance_m": 2144.2048, "park_area_within_500m": 0.0, "nearest_stream_distance_m": 1217.4496, "est_population_density": 0.0, "dong_elderly_ratio": 0.1334, "dong_avg_age": 40.9, "dong_pop_density": 2941.0, "nearest_shelter_distance_m": 2199.9112, "shelter_count_within_500m": 0.0, "est_population": 0.0, "est_elderly": 0.0, "shelter_capacity_within_500m": 0.0, "building_form_group": "no_building", "dong_name": "대학동", "top1_feature": "built_surface_ratio", "top1_shap": -1.3789, "top2_feature": "impervious_ratio", "top2_shap": -1.1616, "top3_feature": "elevation_m", "top3_shap": -0.5112, "priority_score": 30.9926, "priority_rank": 447 }, "geometry": { "type": "Polygon", "coordinates": [ [ [ 126.940433266526483, 37.439849059902606 ], [ 126.940416486702787, 37.442102391392886 ], [ 126.943242543682217, 37.442115737599956 ], [ 126.943259238773706, 37.439862405029118 ], [ 126.940433266526483, 37.439849059902606 ] ] ] } },
{ "type": "Feature", "properties": { "display_grid_id": "11620_00017", "gu_code": 11620, "gu_name": "관악구", "source_cell_count": 13, "area_m2": 62500.0, "mean_actual_lst": 31.8158, "mean_actual_anomaly": -4.0603, "seoul_anomaly": -5.173, "pred_anomaly": -5.7349, "pred_anomaly_std": 0.5127, "green_delta_c": -0.6513, "building_ratio": 0.0, "green_ratio": 0.7773, "ndvi": 0.4867, "impervious_ratio": 0.0513, "built_surface_ratio": 0.0513, "avg_ground_floor_count": 0.0, "elevation_m": 293.4428, "albedo": 0.1192, "nearest_park_distance_m": 2243.6952, "park_area_within_500m": 0.0, "nearest_stream_distance_m": 1419.0608, "est_population_density": 0.0, "dong_elderly_ratio": 0.1334, "dong_avg_age": 40.9, "dong_pop_density": 2941.0, "nearest_shelter_distance_m": 2371.2016, "shelter_count_within_500m": 0.0, "est_population": 0.0, "est_elderly": 0.0, "shelter_capacity_within_500m": 0.0, "building_form_group": "no_building", "dong_name": "대학동", "top1_feature": "built_surface_ratio", "top1_shap": -1.3477, "top2_feature": "impervious_ratio", "top2_shap": -1.1257, "top3_feature": "green_ratio", "top3_shap": -0.857, "priority_score": 41.3868, "priority_rank": 369 }, "geometry": { "type": "Polygon", "coordinates": [ [ [ 126.943259238773706, 37.439862405029118 ], [ 126.943242543682217, 37.442115737599956 ], [ 126.946068602520498, 37.442129016240294 ], [ 126.946085212879538, 37.439875682594383 ], [ 126.943259238773706, 37.439862405029118 ] ] ] } },
{ "type": "Feature", "properties": { "display_grid_id": "11620_00018", "gu_code": 11620, "gu_name": "관악구", "source_cell_count": 15, "area_m2": 62500.0, "mean_actual_lst": 30.5208, "mean_actual_anomaly": -5.2167, "seoul_anomaly": -6.3293, "pred_anomaly": -5.7153, "pred_anomaly_std": 0.7473, "green_delta_c": -0.6756, "building_ratio": 0.0, "green_ratio": 0.7708, "ndvi": 0.451, "impervious_ratio": 0.0541, "built_surface_ratio": 0.0541, "avg_ground_floor_count": 0.0, "elevation_m": 236.3928, "albedo": 0.1121, "nearest_park_distance_m": 2374.236, "park_area_within_500m": 0.0, "nearest_stream_distance_m": 1648.7608, "est_population_density": 0.0, "dong_elderly_ratio": 0.1334, "dong_avg_age": 40.9, "dong_pop_density": 2941.0, "nearest_shelter_distance_m": 2498.2956, "shelter_count_within_500m": 0.0, "est_population": 0.0, "est_elderly": 0.0, "shelter_capacity_within_500m": 0.0, "building_form_group": "no_building", "dong_name": "대학동", "top1_feature": "built_surface_ratio", "top1_shap": -1.3894, "top2_feature": "impervious_ratio", "top2_shap": -1.1952, "top3_feature": "green_ratio", "top3_shap": -0.8497, "priority_score": 38.3998, "priority_rank": 389 }, "geometry": { "type": "Polygon", "coordinates": [ [ [ 126.946085212879538, 37.439875682594383 ], [ 126.946068602520498, 37.442129016240294 ], [ 126.948894663208208, 37.442142227313795 ], [ 126.9489111888346, 37.439888892598262 ], [ 126.946085212879538, 37.439875682594383 ] ] ] } },
{ "type": "Feature", "properties": { "display_grid_id": "11620_00019", "gu_code": 11620, "gu_name": "관악구", "source_cell_count": 13, "area_m2": 62500.0, "mean_actual_lst": 30.0152, "mean_actual_anomaly": -6.0586, "seoul_anomaly": -7.1712, "pred_anomaly": -6.2801, "pred_anomaly_std": 0.5934, "green_delta_c": -0.4067, "building_ratio": 0.0, "green_ratio": 0.8001, "ndvi": 0.5207, "impervious_ratio": 0.0502, "built_surface_ratio": 0.0502, "avg_ground_floor_count": 0.0, "elevation_m": 260.4782, "albedo": 0.0962, "nearest_park_distance_m": 2512.6768, "park_area_within_500m": 0.0, "nearest_stream_distance_m": 1856.4688, "est_population_density": 0.0, "dong_elderly_ratio": 0.1334, "dong_avg_age": 40.9, "dong_pop_density": 2941.0, "nearest_shelter_distance_m": 2627.9164, "shelter_count_within_500m": 0.0, "est_population": 0.0, "est_elderly": 0.0, "shelter_capacity_within_500m": 0.0, "building_form_group": "no_building", "dong_name": "대학동", "top1_feature": "built_surface_ratio", "top1_shap": -1.4374, "top2_feature": "impervious_ratio", "top2_shap": -1.2527, "top3_feature": "green_ratio", "top3_shap": -0.8687, "priority_score": 26.4889, "priority_rank": 485 }, "geometry": { "type": "Polygon", "coordinates": [ [ [ 126.9489111888346, 37.439888892598262 ], [ 126.948894663208208, 37.442142227313795 ], [ 126.951720725735882, 37.442155370820295 ], [ 126.951737166629428, 37.439902035040632 ], [ 126.9489111888346, 37.439888892598262 ] ] ] } },
{ "type": "Feature", "properties": { "display_grid_id": "11620_00020", "gu_code": 11620, "gu_name": "관악구", "source_cell_count": 14, "area_m2": 62500.0, "mean_actual_lst": 29.6806, "mean_actual_anomaly": -6.5169, "seoul_anomaly": -7.6296, "pred_anomaly": -6.5721, "pred_anomaly_std": 0.3816, "green_delta_c": -0.3221, "building_ratio": 0.0, "green_ratio": 0.7971, "ndvi": 0.503, "impervious_ratio": 0.0439, "built_surface_ratio": 0.0439, "avg_ground_floor_count": 0.0, "elevation_m": 325.46, "albedo": 0.0795, "nearest_park_distance_m": 2678.718, "park_area_within_500m": 0.0, "nearest_stream_distance_m": 2017.0628, "est_population_density": 0.0, "dong_elderly_ratio": 0.1334, "dong_avg_age": 40.9, "dong_pop_density": 2941.0, "nearest_shelter_distance_m": 2784.9, "shelter_count_within_500m": 0.0, "est_population": 0.0, "est_elderly": 0.0, "shelter_capacity_within_500m": 0.0, "building_form_group": "no_building", "dong_name": "대학동", "top1_feature": "built_surface_ratio", "top1_shap": -1.4787, "top2_feature": "impervious_ratio", "top2_shap": -1.2944, "top3_feature": "green_ratio", "top3_shap": -0.8662, "priority_score": 23.474, "priority_rank": 518 }, "geometry": { "type": "Polygon", "coordinates": [ [ [ 126.951737166629428, 37.439902035040632 ], [ 126.951720725735882, 37.442155370820295 ], [ 126.954546790094142, 37.442168446759673 ], [ 126.954563146254571, 37.439915109921337 ], [ 126.951737166629428, 37.439902035040632 ] ] ] } },
{ "type": "Feature", "properties": { "display_grid_id": "11620_00021", "gu_code": 11620, "gu_name": "관악구", "source_cell_count": 10, "area_m2": 62500.0, "mean_actual_lst": 29.4418, "mean_actual_anomaly": -6.7072, "seoul_anomaly": -7.8199, "pred_anomaly": -6.6802, "pred_anomaly_std": 0.3274, "green_delta_c": -0.2987, "building_ratio": 0.0, "green_ratio": 0.7846, "ndvi": 0.4862, "impervious_ratio": 0.0535, "built_surface_ratio": 0.0535, "avg_ground_floor_count": 0.0, "elevation_m": 376.4834, "albedo": 0.084, "nearest_park_distance_m": 2843.882, "park_area_within_500m": 0.0, "nearest_stream_distance_m": 2101.714, "est_population_density": 0.0, "dong_elderly_ratio": 0.1334, "dong_avg_age": 40.9, "dong_pop_density": 2941.0, "nearest_shelter_distance_m": 2942.8112, "shelter_count_within_500m": 0.0, "est_population": 0.0, "est_elderly": 0.0, "shelter_capacity_within_500m": 0.0, "building_form_group": "no_building", "dong_name": "대학동", "top1_feature": "built_surface_ratio", "top1_shap": -1.422, "top2_feature": "impervious_ratio", "top2_shap": -1.2305, "top3_feature": "green_ratio", "top3_shap": -0.8266, "priority_score": 23.8451, "priority_rank": 516 }, "geometry": { "type": "Polygon", "coordinates": [ [ [ 126.954563146254571, 37.439915109921337 ], [ 126.954546790094142, 37.442168446759673 ], [ 126.957372856273466, 37.442181455131781 ], [ 126.957389127700623, 37.43992811724025 ], [ 126.954563146254571, 37.439915109921337 ] ] ] } },
{ "type": "Feature", "properties": { "display_grid_id": "11620_00022", "gu_code": 11620, "gu_name": "관악구", "source_cell_count": 15, "area_m2": 60521.71, "mean_actual_lst": 28.3884, "mean_actual_anomaly": -6.4967, "seoul_anomaly": -7.6094, "pred_anomaly": -6.9228, "pred_anomaly_std": 0.592, "green_delta_c": -0.3507, "building_ratio": 0.0, "green_ratio": 0.7532, "ndvi": 0.418, "impervious_ratio": 0.0522, "built_surface_ratio": 0.0522, "avg_ground_floor_count": 0.0, "elevation_m": 481.2276, "albedo": 0.0899, "nearest_park_distance_m": 3024.3296, "park_area_within_500m": 0.0, "nearest_stream_distance_m": 2198.845, "est_population_density": 0.0, "dong_elderly_ratio": 0.1334, "dong_avg_age": 40.9, "dong_pop_density": 2941.0, "nearest_shelter_distance_m": 3006.2955, "shelter_count_within_500m": 0.0, "est_population": 0.0, "est_elderly": 0.0, "shelter_capacity_within_500m": 0.0, "building_form_group": "no_building", "dong_name": "대학동", "top1_feature": "built_surface_ratio", "top1_shap": -1.5094, "top2_feature": "impervious_ratio", "top2_shap": -1.3227, "top3_feature": "elevation_m", "top3_shap": -0.8517, "priority_score": 25.8673, "priority_rank": 492 }, "geometry": { "type": "Polygon", "coordinates": [ [ [ 126.957389127700623, 37.43992811724025 ], [ 126.957372856273466, 37.442181455131781 ], [ 126.960198924264489, 37.442194395936497 ], [ 126.960211887323041, 37.440389837186707 ], [ 126.96005563, 37.44040059 ], [ 126.96000022, 37.4403558 ], [ 126.95975632, 37.4401558 ], [ 126.9595712, 37.44000538 ], [ 126.95954226, 37.43997862 ], [ 126.959515037508524, 37.439937857761187 ], [ 126.957389127700623, 37.43992811724025 ] ] ] } },
{ "type": "Feature", "properties": { "display_grid_id": "11620_00023", "gu_code": 11620, "gu_name": "관악구", "source_cell_count": 10, "area_m2": 52403.81, "mean_actual_lst": 27.8776, "mean_actual_anomaly": -7.3484, "seoul_anomaly": -8.461, "pred_anomaly": -6.9817, "pred_anomaly_std": 1.0322, "green_delta_c": -0.4032, "building_ratio": 0.0, "green_ratio": 0.7118, "ndvi": 0.3514, "impervious_ratio": 0.04, "built_surface_ratio": 0.04, "avg_ground_floor_count": 0.0, "elevation_m": 531.4474, "albedo": 0.0818, "nearest_park_distance_m": 3073.8464, "park_area_within_500m": 0.0, "nearest_stream_distance_m": 2301.4465, "est_population_density": 0.0, "dong_elderly_ratio": 0.1334, "dong_avg_age": 40.9, "dong_pop_density": 2941.0, "nearest_shelter_distance_m": 2970.6619, "shelter_count_within_500m": 0.0, "est_population": 0.0, "est_elderly": 0.0, "shelter_capacity_within_500m": 0.0, "building_form_group": "no_building", "dong_name": "대학동", "top1_feature": "built_surface_ratio", "top1_shap": -1.6566, "top2_feature": "impervious_ratio", "top2_shap": -1.487, "top3_feature": "elevation_m", "top3_shap": -1.0064, "priority_score": 26.1271, "priority_rank": 489 }, "geometry": { "type": "Polygon", "coordinates": [ [ [ 126.960198924264489, 37.442194395936497 ], [ 126.963024994057776, 37.442207269173686 ], [ 126.963038393330592, 37.440332166126211 ], [ 126.96298325, 37.440299650000014 ], [ 126.96294265, 37.44028049 ], [ 126.962466640000017, 37.44028062000001 ], [ 126.961949140000016, 37.44027875 ], [ 126.96176234, 37.44027926 ], [ 126.96149961, 37.44029915 ], [ 126.96090369, 37.44034316 ], [ 126.96027564, 37.44038545 ], [ 126.960211887323041, 37.440389837186707 ], [ 126.960198924264489, 37.442194395936497 ] ] ] } },
{ "type": "Feature", "properties": { "display_grid_id": "11620_00024", "gu_code": 11620, "gu_name": "관악구", "source_cell_count": 8, "area_m2": 16799.68, "mean_actual_lst": 28.5889, "mean_actual_anomaly": -7.0965, "seoul_anomaly": -8.2091, "pred_anomaly": -6.9204, "pred_anomaly_std": 1.0112, "green_delta_c": -0.3868, "building_ratio": 0.0, "green_ratio": 0.7055, "ndvi": 0.3691, "impervious_ratio": 0.0525, "built_surface_ratio": 0.0525, "avg_ground_floor_count": 0.0, "elevation_m": 580.2412, "albedo": 0.1036, "nearest_park_distance_m": 3027.6972, "park_area_within_500m": 0.0, "nearest_stream_distance_m": 2325.4463, "est_population_density": 0.0, "dong_elderly_ratio": 0.1334, "dong_avg_age": 40.9, "dong_pop_density": 2941.0, "nearest_shelter_distance_m": 2937.6534, "shelter_count_within_500m": 0.0, "est_population": 0.0, "est_elderly": 0.0, "shelter_capacity_within_500m": 0.0, "building_form_group": "no_building", "dong_name": "대학동", "top1_feature": "built_surface_ratio", "top1_shap": -1.5493, "top2_feature": "impervious_ratio", "top2_shap": -1.3688, "top3_feature": "elevation_m", "top3_shap": -1.1422, "priority_score": 26.2941, "priority_rank": 488 }, "geometry": { "type": "Polygon", "coordinates": [ [ [ 126.963024994057776, 37.442207269173686 ], [ 126.964550887413608, 37.442214191788679 ], [ 126.96460991, 37.44208783 ], [ 126.96463376, 37.44203968 ], [ 126.96415355000002, 37.44161325000001 ], [ 126.96382174, 37.44131862 ], [ 126.96378398, 37.4412868 ], [ 126.96379938, 37.44087149 ], [ 126.96380313, 37.44078702 ], [ 126.96311368, 37.44037656 ], [ 126.963038393330592, 37.440332166126211 ], [ 126.963024994057776, 37.442207269173686 ] ] ] } },
{ "type": "Feature", "properties": { "display_grid_id": "11620_00025", "gu_code": 11620, "gu_name": "관악구", "source_cell_count": 4, "area_m2": 12042.39, "mean_actual_lst": 31.0828, "mean_actual_anomaly": -5.3668, "seoul_anomaly": -6.4794, "pred_anomaly": -6.2715, "pred_anomaly_std": 0.5116, "green_delta_c": -0.3076, "building_ratio": 0.0, "green_ratio": 0.8286, "ndvi": 0.5565, "impervious_ratio": 0.04, "built_surface_ratio": 0.04, "avg_ground_floor_count": 0.0, "elevation_m": 315.0661, "albedo": 0.1053, "nearest_park_distance_m": 1672.2762, "park_area_within_500m": 0.0, "nearest_stream_distance_m": 974.4271, "est_population_density": 0.0, "dong_elderly_ratio": 0.1334, "dong_avg_age": 40.9, "dong_pop_density": 2941.0, "nearest_shelter_distance_m": 1442.3149, "shelter_count_within_500m": 0.0, "est_population": 0.0, "est_elderly": 0.0, "shelter_capacity_within_500m": 0.0, "building_form_group": "no_building", "dong_name": "대학동", "top1_feature": "built_surface_ratio", "top1_shap": -1.4714, "top2_feature": "impervious_ratio", "top2_shap": -1.284, "top3_feature": "green_ratio", "top3_shap": -0.7317, "priority_score": 23.4555, "priority_rank": 520 }, "geometry": { "type": "Polygon", "coordinates": [ [ [ 126.934747427183538, 37.444328824724174 ], [ 126.934755851048564, 37.443209067438296 ], [ 126.93474121, 37.4432083 ], [ 126.93456394, 37.44319666 ], [ 126.93445088, 37.44325826 ], [ 126.9340513, 37.44347258 ], [ 126.93402726, 37.44348525 ], [ 126.93381843, 37.44363886 ], [ 126.93346859, 37.44389629 ], [ 126.933407620000011, 37.4439413 ], [ 126.933224580000015, 37.44407466 ], [ 126.933218579999988, 37.44407916 ], [ 126.93300181, 37.4442063 ], [ 126.932808445878635, 37.444319535491317 ], [ 126.934747427183538, 37.444328824724174 ] ] ] } },
{ "type": "Feature", "properties": { "display_grid_id": "11620_00026", "gu_code": 11620, "gu_name": "관악구", "source_cell_count": 11, "area_m2": 56132.88, "mean_actual_lst": 30.0442, "mean_actual_anomaly": -6.3712, "seoul_anomaly": -7.4838, "pred_anomaly": -6.2773, "pred_anomaly_std": 0.486, "green_delta_c": -0.3558, "building_ratio": 0.0, "green_ratio": 0.7977, "ndvi": 0.482, "impervious_ratio": 0.043, "built_surface_ratio": 0.043, "avg_ground_floor_count": 0.0, "elevation_m": 331.5993, "albedo": 0.0919, "nearest_park_distance_m": 1767.9653, "park_area_within_500m": 0.0, "nearest_stream_distance_m": 1031.3108, "est_population_density": 0.0, "dong_elderly_ratio": 0.1334, "dong_avg_age": 40.9, "dong_pop_density": 2941.0, "nearest_shelter_distance_m": 1655.1786, "shelter_count_within_500m": 0.0, "est_population": 0.0, "est_elderly": 0.0, "shelter_capacity_within_500m": 0.0, "building_form_group": "no_building", "dong_name": "대학동", "top1_feature": "built_surface_ratio", "top1_shap": -1.4701, "top2_feature": "impervious_ratio", "top2_shap": -1.28, "top3_feature": "green_ratio", "top3_shap": -0.8197, "priority_score": 22.3237, "priority_rank": 531 }, "geometry": { "type": "Polygon", "coordinates": [ [ [ 126.934747427183538, 37.444328824724174 ], [ 126.937573565158189, 37.444342307155814 ], [ 126.937590431591602, 37.44208897761925 ], [ 126.936055015806559, 37.442081661490249 ], [ 126.93604136, 37.44209348 ], [ 126.9359857, 37.44214159 ], [ 126.935840900000017, 37.44215643 ], [ 126.93564313, 37.442178 ], [ 126.93557736, 37.44228271 ], [ 126.93544086, 37.44249719 ], [ 126.93538202000002, 37.44254868 ], [ 126.9352585, 37.44265673 ], [ 126.93525497, 37.44265982 ], [ 126.93512586, 37.44289852 ], [ 126.93511331000002, 37.4429216 ], [ 126.9351096, 37.44292807 ], [ 126.93503161, 37.44306375 ], [ 126.934898, 37.44320952 ], [ 126.934895340000011, 37.44321234 ], [ 126.93489378, 37.4432131 ], [ 126.93488792, 37.44321599 ], [ 126.934755851048564, 37.443209067438296 ], [ 126.934747427183538, 37.444328824724174 ] ] ] } },
{ "type": "Feature", "properties": { "display_grid_id": "11620_00027", "gu_code": 11620, "gu_name": "관악구", "source_cell_count": 10, "area_m2": 62500.0, "mean_actual_lst": 29.522, "mean_actual_anomaly": -6.7023, "seoul_anomaly": -7.8149, "pred_anomaly": -6.2921, "pred_anomaly_std": 0.4685, "green_delta_c": -0.4104, "building_ratio": 0.0, "green_ratio": 0.7594, "ndvi": 0.4708, "impervious_ratio": 0.044, "built_surface_ratio": 0.044, "avg_ground_floor_count": 0.0, "elevation_m": 348.6904, "albedo": 0.0817, "nearest_park_distance_m": 1831.966, "park_area_within_500m": 0.0, "nearest_stream_distance_m": 1175.98, "est_population_density": 0.0, "dong_elderly_ratio": 0.1334, "dong_avg_age": 40.9, "dong_pop_density": 2941.0, "nearest_shelter_distance_m": 1873.8096, "shelter_count_within_500m": 0.0, "est_population": 0.0, "est_elderly": 0.0, "shelter_capacity_within_500m": 0.0, "building_form_group": "no_building", "dong_name": "대학동", "top1_feature": "built_surface_ratio", "top1_shap": -1.4644, "top2_feature": "impervious_ratio", "top2_shap": -1.277, "top3_feature": "green_ratio", "top3_shap": -0.5298, "priority_score": 25.0232, "priority_rank": 498 }, "geometry": { "type": "Polygon", "coordinates": [ [ [ 126.937590431591602, 37.44208897761925 ], [ 126.937573565158189, 37.444342307155814 ], [ 126.940399705010805, 37.44435572201553 ], [ 126.940416486702787, 37.442102391392886 ], [ 126.937590431591602, 37.44208897761925 ] ] ] } },
{ "type": "Feature", "properties": { "display_grid_id": "11620_00028", "gu_code": 11620, "gu_name": "관악구", "source_cell_count": 14, "area_m2": 62500.0, "mean_actual_lst": 30.669, "mean_actual_anomaly": -5.3825, "seoul_anomaly": -6.4951, "pred_anomaly": -6.0412, "pred_anomaly_std": 0.4387, "green_delta_c": -0.6001, "building_ratio": 0.0, "green_ratio": 0.7524, "ndvi": 0.4713, "impervious_ratio": 0.0509, "built_surface_ratio": 0.0509, "avg_ground_floor_count": 0.0, "elevation_m": 347.1712, "albedo": 0.1, "nearest_park_distance_m": 1923.2592, "park_area_within_500m": 0.0, "nearest_stream_distance_m": 1364.5024, "est_population_density": 0.0, "dong_elderly_ratio": 0.1334, "dong_avg_age": 40.9, "dong_pop_density": 2941.0, "nearest_shelter_distance_m": 2056.284, "shelter_count_within_500m": 0.0, "est_population": 0.0, "est_elderly": 0.0, "shelter_capacity_within_500m": 0.0, "building_form_group": "no_building", "dong_name": "대학동", "top1_feature": "built_surface_ratio", "top1_shap": -1.3888, "top2_feature": "impervious_ratio", "top2_shap": -1.1686, "top3_feature": "green_ratio", "top3_shap": -0.462, "priority_score": 34.7913, "priority_rank": 422 }, "geometry": { "type": "Polygon", "coordinates": [ [ [ 126.940416486702787, 37.442102391392886 ], [ 126.940399705010805, 37.44435572201553 ], [ 126.943225846731892, 37.444369069303207 ], [ 126.943242543682217, 37.442115737599956 ], [ 126.940416486702787, 37.442102391392886 ] ] ] } },
{ "type": "Feature", "properties": { "display_grid_id": "11620_00029", "gu_code": 11620, "gu_name": "관악구", "source_cell_count": 14, "area_m2": 62500.0, "mean_actual_lst": 31.6258, "mean_actual_anomaly": -4.1831, "seoul_anomaly": -5.2957, "pred_anomaly": -5.6603, "pred_anomaly_std": 0.4642, "green_delta_c": -0.7193, "building_ratio": 0.0, "green_ratio": 0.7764, "ndvi": 0.4939, "impervious_ratio": 0.055, "built_surface_ratio": 0.055, "avg_ground_floor_count": 0.0, "elevation_m": 274.0128, "albedo": 0.1055, "nearest_park_distance_m": 2033.5864, "park_area_within_500m": 0.0, "nearest_stream_distance_m": 1552.464, "est_population_density": 0.0, "dong_elderly_ratio": 0.1334, "dong_avg_age": 40.9, "dong_pop_density": 2941.0, "nearest_shelter_distance_m": 2162.3184, "shelter_count_within_500m": 0.0, "est_population": 0.0, "est_elderly": 0.0, "shelter_capacity_within_500m": 0.0, "building_form_group": "no_building", "dong_name": "대학동", "top1_feature": "built_surface_ratio", "top1_shap": -1.3311, "top2_feature": "impervious_ratio", "top2_shap": -1.1052, "top3_feature": "green_ratio", "top3_shap": -0.7782, "priority_score": 42.8386, "priority_rank": 354 }, "geometry": { "type": "Polygon", "coordinates": [ [ [ 126.943242543682217, 37.442115737599956 ], [ 126.943225846731892, 37.444369069303207 ], [ 126.946051990312057, 37.44438234901871 ], [ 126.946068602520498, 37.442129016240294 ], [ 126.943242543682217, 37.442115737599956 ] ] ] } },
{ "type": "Feature", "properties": { "display_grid_id": "11620_00030", "gu_code": 11620, "gu_name": "관악구", "source_cell_count": 12, "area_m2": 62500.0, "mean_actual_lst": 30.7744, "mean_actual_anomaly": -5.0217, "seoul_anomaly": -6.1343, "pred_anomaly": -5.7385, "pred_anomaly_std": 0.7914, "green_delta_c": -0.6903, "building_ratio": 0.0, "green_ratio": 0.761, "ndvi": 0.4297, "impervious_ratio": 0.0603, "built_surface_ratio": 0.0603, "avg_ground_floor_count": 0.0, "elevation_m": 220.715, "albedo": 0.1112, "nearest_park_distance_m": 2176.764, "park_area_within_500m": 0.0, "nearest_stream_distance_m": 1694.0504, "est_population_density": 0.0, "dong_elderly_ratio": 0.1334, "dong_avg_age": 40.9, "dong_pop_density": 2941.0, "nearest_shelter_distance_m": 2294.634, "shelter_count_within_500m": 0.0, "est_population": 0.0, "est_elderly": 0.0, "shelter_capacity_within_500m": 0.0, "building_form_group": "no_building", "dong_name": "대학동", "top1_feature": "built_surface_ratio", "top1_shap": -1.3345, "top2_feature": "impervious_ratio", "top2_shap": -1.1566, "top3_feature": "green_ratio", "top3_shap": -0.8556, "priority_score": 39.8284, "priority_rank": 380 }, "geometry": { "type": "Polygon", "coordinates": [ [ [ 126.946068602520498, 37.442129016240294 ], [ 126.946051990312057, 37.44438234901871 ], [ 126.948878135741836, 37.444395561161869 ], [ 126.948894663208208, 37.442142227313795 ], [ 126.946068602520498, 37.442129016240294 ] ] ] } },
{ "type": "Feature", "properties": { "display_grid_id": "11620_00031", "gu_code": 11620, "gu_name": "관악구", "source_cell_count": 14, "area_m2": 62500.0, "mean_actual_lst": 30.0685, "mean_actual_anomaly": -5.8024, "seoul_anomaly": -6.915, "pred_anomaly": -5.9568, "pred_anomaly_std": 0.7217, "green_delta_c": -0.5617, "building_ratio": 0.0, "green_ratio": 0.7733, "ndvi": 0.4665, "impervious_ratio": 0.0584, "built_surface_ratio": 0.0584, "avg_ground_floor_count": 0.0, "elevation_m": 240.8632, "albedo": 0.0978, "nearest_park_distance_m": 2326.8992, "park_area_within_500m": 0.0, "nearest_stream_distance_m": 1747.4496, "est_population_density": 0.0, "dong_elderly_ratio": 0.1334, "dong_avg_age": 40.9, "dong_pop_density": 2941.0, "nearest_shelter_distance_m": 2435.1204, "shelter_count_within_500m": 0.0, "est_population": 0.0, "est_elderly": 0.0, "shelter_capacity_within_500m": 0.0, "building_form_group": "no_building", "dong_name": "대학동", "top1_feature": "built_surface_ratio", "top1_shap": -1.3495, "top2_feature": "impervious_ratio", "top2_shap": -1.1661, "top3_feature": "green_ratio", "top3_shap": -0.8708, "priority_score": 32.4072, "priority_rank": 440 }, "geometry": { "type": "Polygon", "coordinates": [ [ [ 126.948894663208208, 37.442142227313795 ], [ 126.948878135741836, 37.444395561161869 ], [ 126.951704283011821, 37.444408705732577 ], [ 126.951720725735882, 37.442155370820295 ], [ 126.948894663208208, 37.442142227313795 ] ] ] } },
{ "type": "Feature", "properties": { "display_grid_id": "11620_00032", "gu_code": 11620, "gu_name": "관악구", "source_cell_count": 11, "area_m2": 62500.0, "mean_actual_lst": 29.4468, "mean_actual_anomaly": -6.2536, "seoul_anomaly": -7.3662, "pred_anomaly": -6.335, "pred_anomaly_std": 0.4777, "green_delta_c": -0.3804, "building_ratio": 0.0, "green_ratio": 0.8002, "ndvi": 0.5294, "impervious_ratio": 0.0482, "built_surface_ratio": 0.0482, "avg_ground_floor_count": 0.0, "elevation_m": 293.7346, "albedo": 0.0901, "nearest_park_distance_m": 2504.5924, "park_area_within_500m": 0.0, "nearest_stream_distance_m": 1800.182, "est_population_density": 0.0, "dong_elderly_ratio": 0.1334, "dong_avg_age": 40.9, "dong_pop_density": 2941.0, "nearest_shelter_distance_m": 2603.7584, "shelter_count_within_500m": 0.0, "est_population": 0.0, "est_elderly": 0.0, "shelter_capacity_within_500m": 0.0, "building_form_group": "no_building", "dong_name": "대학동", "top1_feature": "built_surface_ratio", "top1_shap": -1.4333, "top2_feature": "impervious_ratio", "top2_shap": -1.246, "top3_feature": "green_ratio", "top3_shap": -0.8749, "priority_score": 24.8655, "priority_rank": 502 }, "geometry": { "type": "Polygon", "coordinates": [ [ [ 126.951720725735882, 37.442155370820295 ], [ 126.951704283011821, 37.444408705732577 ], [ 126.954530432112591, 37.444421782730686 ], [ 126.954546790094142, 37.442168446759673 ], [ 126.951720725735882, 37.442155370820295 ] ] ] } },
{ "type": "Feature", "properties": { "display_grid_id": "11620_00033", "gu_code": 11620, "gu_name": "관악구", "source_cell_count": 10, "area_m2": 62500.0, "mean_actual_lst": 28.9437, "mean_actual_anomaly": -6.296, "seoul_anomaly": -7.4086, "pred_anomaly": -6.5105, "pred_anomaly_std": 0.4057, "green_delta_c": -0.3905, "building_ratio": 0.0, "green_ratio": 0.7672, "ndvi": 0.4802, "impervious_ratio": 0.0573, "built_surface_ratio": 0.0573, "avg_ground_floor_count": 0.0, "elevation_m": 368.1996, "albedo": 0.0854, "nearest_park_distance_m": 2680.302, "park_area_within_500m": 0.0, "nearest_stream_distance_m": 1878.0604, "est_population_density": 0.0, "dong_elderly_ratio": 0.1334, "dong_avg_age": 40.9, "dong_pop_density": 2941.0, "nearest_shelter_distance_m": 2759.084, "shelter_count_within_500m": 0.0, "est_population": 0.0, "est_elderly": 0.0, "shelter_capacity_within_500m": 0.0, "building_form_group": "no_building", "dong_name": "대학동", "top1_feature": "built_surface_ratio", "top1_shap": -1.3706, "top2_feature": "impervious_ratio", "top2_shap": -1.1831, "top3_feature": "green_ratio", "top3_shap": -0.54, "priority_score": 26.7764, "priority_rank": 482 }, "geometry": { "type": "Polygon", "coordinates": [ [ [ 126.954546790094142, 37.442168446759673 ], [ 126.954530432112591, 37.444421782730686 ], [ 126.957356583034652, 37.444434792156052 ], [ 126.957372856273466, 37.442181455131781 ], [ 126.954546790094142, 37.442168446759673 ] ] ] } },
{ "type": "Feature", "properties": { "display_grid_id": "11620_00034", "gu_code": 11620, "gu_name": "관악구", "source_cell_count": 11, "area_m2": 62500.0, "mean_actual_lst": 28.1657, "mean_actual_anomaly": -6.5297, "seoul_anomaly": -7.6424, "pred_anomaly": -6.6742, "pred_anomaly_std": 0.4197, "green_delta_c": -0.4155, "building_ratio": 0.0, "green_ratio": 0.7486, "ndvi": 0.4141, "impervious_ratio": 0.0492, "built_surface_ratio": 0.0492, "avg_ground_floor_count": 0.0, "elevation_m": 422.2312, "albedo": 0.0911, "nearest_park_distance_m": 2854.6128, "park_area_within_500m": 0.0, "nearest_stream_distance_m": 1991.8188, "est_population_density": 0.0, "dong_elderly_ratio": 0.1334, "dong_avg_age": 40.9, "dong_pop_density": 2941.0, "nearest_shelter_distance_m": 2771.4144, "shelter_count_within_500m": 0.0, "est_population": 0.0, "est_elderly": 0.0, "shelter_capacity_within_500m": 0.0, "building_form_group": "no_building", "dong_name": "대학동", "top1_feature": "built_surface_ratio", "top1_shap": -1.4908, "top2_feature": "impervious_ratio", "top2_shap": -1.3083, "top3_feature": "elevation_m", "top3_shap": -0.4842, "priority_score": 27.0454, "priority_rank": 477 }, "geometry": { "type": "Polygon", "coordinates": [ [ [ 126.957372856273466, 37.442181455131781 ], [ 126.957356583034652, 37.444434792156052 ], [ 126.960182735768626, 37.44444773400857 ], [ 126.960198924264489, 37.442194395936497 ], [ 126.957372856273466, 37.442181455131781 ] ] ] } },
{ "type": "Feature", "properties": { "display_grid_id": "11620_00035", "gu_code": 11620, "gu_name": "관악구", "source_cell_count": 14, "area_m2": 62500.0, "mean_actual_lst": 28.2135, "mean_actual_anomaly": -7.2137, "seoul_anomaly": -8.3263, "pred_anomaly": -6.9399, "pred_anomaly_std": 0.5361, "green_delta_c": -0.3161, "building_ratio": 0.0, "green_ratio": 0.7413, "ndvi": 0.4177, "impervious_ratio": 0.0448, "built_surface_ratio": 0.0448, "avg_ground_floor_count": 0.0, "elevation_m": 477.2147, "albedo": 0.0939, "nearest_park_distance_m": 2856.9312, "park_area_within_500m": 0.0, "nearest_stream_distance_m": 2103.3716, "est_population_density": 0.0, "dong_elderly_ratio": 0.1334, "dong_avg_age": 40.9, "dong_pop_density": 2941.0, "nearest_shelter_distance_m": 2751.8768, "shelter_count_within_500m": 0.0, "est_population": 0.0, "est_elderly": 0.0, "shelter_capacity_within_500m": 0.0, "building_form_group": "no_building", "dong_name": "대학동", "top1_feature": "built_surface_ratio", "top1_shap": -1.5711, "top2_feature": "impervious_ratio", "top2_shap": -1.3833, "top3_feature": "elevation_m", "top3_shap": -0.6646, "priority_score": 24.3924, "priority_rank": 508 }, "geometry": { "type": "Polygon", "coordinates": [ [ [ 126.960198924264489, 37.442194395936497 ], [ 126.960182735768626, 37.44444773400857 ], [ 126.963008890305048, 37.444460608288075 ], [ 126.963024994057776, 37.442207269173686 ], [ 126.960198924264489, 37.442194395936497 ] ] ] } },
{ "type": "Feature", "properties": { "display_grid_id": "11620_00036", "gu_code": 11620, "gu_name": "관악구", "source_cell_count": 8, "area_m2": 29898.44, "mean_actual_lst": 28.8246, "mean_actual_anomaly": -6.8566, "seoul_anomaly": -7.9693, "pred_anomaly": -6.8744, "pred_anomaly_std": 0.8971, "green_delta_c": -0.5289, "building_ratio": 0.0, "green_ratio": 0.7146, "ndvi": 0.3828, "impervious_ratio": 0.0609, "built_surface_ratio": 0.0609, "avg_ground_floor_count": 0.0, "elevation_m": 567.3614, "albedo": 0.1015, "nearest_park_distance_m": 2841.0298, "park_area_within_500m": 0.0, "nearest_stream_distance_m": 2142.9606, "est_population_density": 0.0, "dong_elderly_ratio": 0.1334, "dong_avg_age": 40.9, "dong_pop_density": 2941.0, "nearest_shelter_distance_m": 2751.673, "shelter_count_within_500m": 0.0, "est_population": 0.0, "est_elderly": 0.0, "shelter_capacity_within_500m": 0.0, "building_form_group": "no_building", "dong_name": "대학동", "top1_feature": "built_surface_ratio", "top1_shap": -1.4359, "top2_feature": "impervious_ratio", "top2_shap": -1.2613, "top3_feature": "elevation_m", "top3_shap": -1.2062, "priority_score": 29.7913, "priority_rank": 459 }, "geometry": { "type": "Polygon", "coordinates": [ [ [ 126.963024994057776, 37.442207269173686 ], [ 126.963008890305048, 37.444460608288075 ], [ 126.964335680615832, 37.444466629044655 ], [ 126.96437199, 37.44439884 ], [ 126.964419, 37.44431269 ], [ 126.96431594000002, 37.4438309 ], [ 126.96430273, 37.44377036 ], [ 126.964320540000017, 37.44346233 ], [ 126.964334030000018, 37.44330635 ], [ 126.96435575, 37.44296876 ], [ 126.96438137, 37.44257711 ], [ 126.964550887413608, 37.442214191788679 ], [ 126.963024994057776, 37.442207269173686 ] ] ] } },
{ "type": "Feature", "properties": { "display_grid_id": "11620_00037", "gu_code": 11620, "gu_name": "관악구", "source_cell_count": 7, "area_m2": 20816.43, "mean_actual_lst": 30.3615, "mean_actual_anomaly": -5.9873, "seoul_anomaly": -7.1, "pred_anomaly": -6.2787, "pred_anomaly_std": 0.5312, "green_delta_c": -0.3118, "building_ratio": 0.0, "green_ratio": 0.838, "ndvi": 0.5911, "impervious_ratio": 0.0414, "built_surface_ratio": 0.0414, "avg_ground_floor_count": 0.0, "elevation_m": 377.1155, "albedo": 0.1213, "nearest_park_distance_m": 1446.388, "park_area_within_500m": 0.0, "nearest_stream_distance_m": 1041.0007, "est_population_density": 0.0, "dong_elderly_ratio": 0.1334, "dong_avg_age": 40.9, "dong_pop_density": 2941.0, "nearest_shelter_distance_m": 1137.5103, "shelter_count_within_500m": 0.0, "est_population": 0.0, "est_elderly": 0.0, "shelter_capacity_within_500m": 0.0, "building_form_group": "no_building", "dong_name": "대학동", "top1_feature": "built_surface_ratio", "top1_shap": -1.4877, "top2_feature": "impervious_ratio", "top2_shap": -1.302, "top3_feature": "elevation_m", "top3_shap": -0.606, "priority_score": 20.6169, "priority_rank": 535 }, "geometry": { "type": "Polygon", "coordinates": [ [ [ 126.931904253283818, 37.44656860120088 ], [ 126.931917140565247, 37.444864224100201 ], [ 126.93183897, 37.44491798 ], [ 126.93174957, 37.44497621 ], [ 126.931489560000017, 37.44507405 ], [ 126.93132565, 37.44513561 ], [ 126.930862489999981, 37.44533497 ], [ 126.930559720000019, 37.44546599 ], [ 126.930554070000014, 37.44546852 ], [ 126.93051745, 37.44554846 ], [ 126.93039392999998, 37.44581841 ], [ 126.93032634, 37.44596873 ], [ 126.93028504, 37.44614186 ], [ 126.9302815, 37.44615256 ], [ 126.93024028, 37.4462294 ], [ 126.930163160000021, 37.44637802 ], [ 126.9302102, 37.44647801 ], [ 126.930249105466586, 37.446560633754352 ], [ 126.931904253283818, 37.44656860120088 ] ] ] } },
{ "type": "Feature", "properties": { "display_grid_id": "11620_00038", "gu_code": 11620, "gu_name": "관악구", "source_cell_count": 13, "area_m2": 60185.85, "mean_actual_lst": 30.7253, "mean_actual_anomaly": -5.5065, "seoul_anomaly": -6.6191, "pred_anomaly": -6.2298, "pred_anomaly_std": 0.5598, "green_delta_c": -0.3447, "building_ratio": 0.0, "green_ratio": 0.797, "ndvi": 0.4953, "impervious_ratio": 0.0509, "built_surface_ratio": 0.0509, "avg_ground_floor_count": 0.0, "elevation_m": 327.017, "albedo": 0.1273, "nearest_park_distance_m": 1489.8544, "park_area_within_500m": 0.0, "nearest_stream_distance_m": 1082.6549, "est_population_density": 0.0, "dong_elderly_ratio": 0.1334, "dong_avg_age": 40.9, "dong_pop_density": 2941.0, "nearest_shelter_distance_m": 1323.4272, "shelter_count_within_500m": 0.0, "est_population": 0.0, "est_elderly": 0.0, "shelter_capacity_within_500m": 0.0, "building_form_group": "no_building", "dong_name": "대학동", "top1_feature": "built_surface_ratio", "top1_shap": -1.4261, "top2_feature": "impervious_ratio", "top2_shap": -1.2354, "top3_feature": "elevation_m", "top3_shap": -0.6942, "priority_score": 24.6336, "priority_rank": 505 }, "geometry": { "type": "Polygon", "coordinates": [ [ [ 126.931904253283818, 37.44656860120088 ], [ 126.934730474121537, 37.446582152301389 ], [ 126.934747427183538, 37.444328824724174 ], [ 126.932808445878635, 37.444319535491317 ], [ 126.93265166, 37.44441135 ], [ 126.93221565, 37.4446662 ], [ 126.93213597, 37.44471374 ], [ 126.931917140565247, 37.444864224100201 ], [ 126.931904253283818, 37.44656860120088 ] ] ] } },
{ "type": "Feature", "properties": { "display_grid_id": "11620_00039", "gu_code": 11620, "gu_name": "관악구", "source_cell_count": 15, "area_m2": 62500.0, "mean_actual_lst": 30.7166, "mean_actual_anomaly": -5.5311, "seoul_anomaly": -6.6437, "pred_anomaly": -5.8192, "pred_anomaly_std": 0.4809, "green_delta_c": -0.5302, "building_ratio": 0.0, "green_ratio": 0.7777, "ndvi": 0.4737, "impervious_ratio": 0.0441, "built_surface_ratio": 0.0441, "avg_ground_floor_count": 0.0, "elevation_m": 270.2553, "albedo": 0.1006, "nearest_park_distance_m": 1521.852, "park_area_within_500m": 0.0, "nearest_stream_distance_m": 1224.0892, "est_population_density": 0.0, "dong_elderly_ratio": 0.1334, "dong_avg_age": 40.9, "dong_pop_density": 2941.0, "nearest_shelter_distance_m": 1567.4104, "shelter_count_within_500m": 0.0, "est_population": 0.0, "est_elderly": 0.0, "shelter_capacity_within_500m": 0.0, "building_form_group": "no_building", "dong_name": "대학동", "top1_feature": "built_surface_ratio", "top1_shap": -1.4023, "top2_feature": "impervious_ratio", "top2_shap": -1.2227, "top3_feature": "green_ratio", "top3_shap": -0.8072, "priority_score": 29.6521, "priority_rank": 462 }, "geometry": { "type": "Polygon", "coordinates": [ [ [ 126.934747427183538, 37.444328824724174 ], [ 126.934730474121537, 37.446582152301389 ], [ 126.937556696846855, 37.446595635824643 ], [ 126.937573565158189, 37.444342307155814 ], [ 126.934747427183538, 37.444328824724174 ] ] ] } },
{ "type": "Feature", "properties": { "display_grid_id": "11620_00040", "gu_code": 11620, "gu_name": "관악구", "source_cell_count": 14, "area_m2": 62500.0, "mean_actual_lst": 30.3104, "mean_actual_anomaly": -5.9208, "seoul_anomaly": -7.0334, "pred_anomaly": -6.0271, "pred_anomaly_std": 0.4753, "green_delta_c": -0.4435, "building_ratio": 0.0, "green_ratio": 0.8005, "ndvi": 0.5215, "impervious_ratio": 0.0454, "built_surface_ratio": 0.0454, "avg_ground_floor_count": 0.0, "elevation_m": 281.28, "albedo": 0.0811, "nearest_park_distance_m": 1585.1128, "park_area_within_500m": 0.0, "nearest_stream_distance_m": 1367.5884, "est_population_density": 0.0, "dong_elderly_ratio": 0.1334, "dong_avg_age": 40.9, "dong_pop_density": 2941.0, "nearest_shelter_distance_m": 1724.7216, "shelter_count_within_500m": 0.0, "est_population": 0.0, "est_elderly": 0.0, "shelter_capacity_within_500m": 0.0, "building_form_group": "no_building", "dong_name": "대학동", "top1_feature": "built_surface_ratio", "top1_shap": -1.4205, "top2_feature": "impervious_ratio", "top2_shap": -1.238, "top3_feature": "green_ratio", "top3_shap": -0.8562, "priority_score": 25.8349, "priority_rank": 493 }, "geometry": { "type": "Polygon", "coordinates": [ [ [ 126.937573565158189, 37.444342307155814 ], [ 126.937556696846855, 37.446595635824643 ], [ 126.940382921450308, 37.446609051770508 ], [ 126.940399705010805, 37.44435572201553 ], [ 126.937573565158189, 37.444342307155814 ] ] ] } },
{ "type": "Feature", "properties": { "display_grid_id": "11620_00041", "gu_code": 11620, "gu_name": "관악구", "source_cell_count": 14, "area_m2": 62500.0, "mean_actual_lst": 31.3055, "mean_actual_anomaly": -4.9458, "seoul_anomaly": -6.0585, "pred_anomaly": -5.7982, "pred_anomaly_std": 0.4987, "green_delta_c": -0.6019, "building_ratio": 0.0, "green_ratio": 0.7744, "ndvi": 0.5184, "impervious_ratio": 0.045, "built_surface_ratio": 0.045, "avg_ground_floor_count": 0.0, "elevation_m": 283.8242, "albedo": 0.1009, "nearest_park_distance_m": 1689.794, "park_area_within_500m": 0.0, "nearest_stream_distance_m": 1492.1812, "est_population_density": 0.0, "dong_elderly_ratio": 0.1334, "dong_avg_age": 40.9, "dong_pop_density": 2941.0, "nearest_shelter_distance_m": 1823.1124, "shelter_count_within_500m": 0.0, "est_population": 0.0, "est_elderly": 0.0, "shelter_capacity_within_500m": 0.0, "building_form_group": "no_building", "dong_name": "대학동", "top1_feature": "built_surface_ratio", "top1_shap": -1.406, "top2_feature": "impervious_ratio", "top2_shap": -1.2215, "top3_feature": "green_ratio", "top3_shap": -0.8179, "priority_score": 35.3989, "priority_rank": 416 }, "geometry": { "type": "Polygon", "coordinates": [ [ [ 126.940399705010805, 37.44435572201553 ], [ 126.940382921450308, 37.446609051770508 ], [ 126.943209147922488, 37.446622400138871 ], [ 126.943225846731892, 37.444369069303207 ], [ 126.940399705010805, 37.44435572201553 ] ] ] } },
{ "type": "Feature", "properties": { "display_grid_id": "11620_00042", "gu_code": 11620, "gu_name": "관악구", "source_cell_count": 13, "area_m2": 62500.0, "mean_actual_lst": 31.3914, "mean_actual_anomaly": -4.9606, "seoul_anomaly": -6.0733, "pred_anomaly": -5.6415, "pred_anomaly_std": 0.4684, "green_delta_c": -0.6081, "building_ratio": 0.0, "green_ratio": 0.7858, "ndvi": 0.5045, "impervious_ratio": 0.0493, "built_surface_ratio": 0.0493, "avg_ground_floor_count": 0.0, "elevation_m": 234.9994, "albedo": 0.1039, "nearest_park_distance_m": 1814.3788, "park_area_within_500m": 0.0, "nearest_stream_distance_m": 1500.1028, "est_population_density": 0.0, "dong_elderly_ratio": 0.1334, "dong_avg_age": 40.9, "dong_pop_density": 2941.0, "nearest_shelter_distance_m": 1936.0308, "shelter_count_within_500m": 0.0, "est_population": 0.0, "est_elderly": 0.0, "shelter_capacity_within_500m": 0.0, "building_form_group": "no_building", "dong_name": "대학동", "top1_feature": "built_surface_ratio", "top1_shap": -1.381, "top2_feature": "impervious_ratio", "top2_shap": -1.1947, "top3_feature": "green_ratio", "top3_shap": -0.8577, "priority_score": 35.4499, "priority_rank": 415 }, "geometry": { "type": "Polygon", "coordinates": [ [ [ 126.943225846731892, 37.444369069303207 ], [ 126.943209147922488, 37.446622400138871 ], [ 126.94603537625396, 37.446635680929575 ], [ 126.946051990312057, 37.44438234901871 ], [ 126.943225846731892, 37.444369069303207 ] ] ] } },
{ "type": "Feature", "properties": { "display_grid_id": "11620_00043", "gu_code": 11620, "gu_name": "관악구", "source_cell_count": 14, "area_m2": 62500.0, "mean_actual_lst": 31.0444, "mean_actual_anomaly": -5.0399, "seoul_anomaly": -6.1525, "pred_anomaly": -5.2513, "pred_anomaly_std": 0.7365, "green_delta_c": -0.6779, "building_ratio": 0.0, "green_ratio": 0.7666, "ndvi": 0.4731, "impervious_ratio": 0.0795, "built_surface_ratio": 0.0795, "avg_ground_floor_count": 0.0, "elevation_m": 200.7007, "albedo": 0.105, "nearest_park_distance_m": 1973.4164, "park_area_within_500m": 0.0, "nearest_stream_distance_m": 1476.3544, "est_population_density": 0.0, "dong_elderly_ratio": 0.1334, "dong_avg_age": 40.9, "dong_pop_density": 2941.0, "nearest_shelter_distance_m": 2082.7748, "shelter_count_within_500m": 0.0, "est_population": 0.0, "est_elderly": 0.0, "shelter_capacity_within_500m": 0.0, "building_form_group": "no_building", "dong_name": "대학동", "top1_feature": "built_surface_ratio", "top1_shap": -1.0649, "top2_feature": "impervious_ratio", "top2_shap": -0.8949, "top3_feature": "green_ratio", "top3_shap": -0.889, "priority_score": 39.244, "priority_rank": 385 }, "geometry": { "type": "Polygon", "coordinates": [ [ [ 126.946051990312057, 37.44438234901871 ], [ 126.94603537625396, 37.446635680929575 ], [ 126.948861606435287, 37.44664889414247 ], [ 126.948878135741836, 37.444395561161869 ], [ 126.946051990312057, 37.44438234901871 ] ] ] } },
{ "type": "Feature", "properties": { "display_grid_id": "11620_00044", "gu_code": 11620, "gu_name": "관악구", "source_cell_count": 12, "area_m2": 62500.0, "mean_actual_lst": 30.5125, "mean_actual_anomaly": -5.5076, "seoul_anomaly": -6.6203, "pred_anomaly": -5.5059, "pred_anomaly_std": 0.6185, "green_delta_c": -0.5971, "building_ratio": 0.0, "green_ratio": 0.7866, "ndvi": 0.5209, "impervious_ratio": 0.0612, "built_surface_ratio": 0.0612, "avg_ground_floor_count": 0.0, "elevation_m": 221.4256, "albedo": 0.0973, "nearest_park_distance_m": 2137.1076, "park_area_within_500m": 0.0, "nearest_stream_distance_m": 1492.0392, "est_population_density": 0.0, "dong_elderly_ratio": 0.1334, "dong_avg_age": 40.9, "dong_pop_density": 2941.0, "nearest_shelter_distance_m": 2236.6092, "shelter_count_within_500m": 0.0, "est_population": 0.0, "est_elderly": 0.0, "shelter_capacity_within_500m": 0.0, "building_form_group": "no_building", "dong_name": "대학동", "top1_feature": "built_surface_ratio", "top1_shap": -1.2955, "top2_feature": "impervious_ratio", "top2_shap": -1.0376, "top3_feature": "green_ratio", "top3_shap": -0.8622, "priority_score": 33.91, "priority_rank": 433 }, "geometry": { "type": "Polygon", "coordinates": [ [ [ 126.948878135741836, 37.444395561161869 ], [ 126.948861606435287, 37.44664889414247 ], [ 126.951687838457005, 37.446662039777443 ], [ 126.951704283011821, 37.444408705732577 ], [ 126.948878135741836, 37.444395561161869 ] ] ] } },
{ "type": "Feature", "properties": { "display_grid_id": "11620_00045", "gu_code": 11620, "gu_name": "관악구", "source_cell_count": 13, "area_m2": 62500.0, "mean_actual_lst": 29.4204, "mean_actual_anomaly": -5.696, "seoul_anomaly": -6.8086, "pred_anomaly": -5.8494, "pred_anomaly_std": 0.4763, "green_delta_c": -0.5847, "building_ratio": 0.0, "green_ratio": 0.7975, "ndvi": 0.5306, "impervious_ratio": 0.0504, "built_surface_ratio": 0.0504, "avg_ground_floor_count": 0.0, "elevation_m": 273.419, "albedo": 0.09, "nearest_park_distance_m": 2328.9756, "park_area_within_500m": 0.0, "nearest_stream_distance_m": 1551.2672, "est_population_density": 0.0, "dong_elderly_ratio": 0.1334, "dong_avg_age": 40.9, "dong_pop_density": 2941.0, "nearest_shelter_distance_m": 2419.1252, "shelter_count_within_500m": 0.0, "est_population": 0.0, "est_elderly": 0.0, "shelter_capacity_within_500m": 0.0, "building_form_group": "no_building", "dong_name": "대학동", "top1_feature": "built_surface_ratio", "top1_shap": -1.3771, "top2_feature": "impervious_ratio", "top2_shap": -1.1826, "top3_feature": "green_ratio", "top3_shap": -0.8683, "priority_score": 32.2588, "priority_rank": 442 }, "geometry": { "type": "Polygon", "coordinates": [ [ [ 126.951704283011821, 37.444408705732577 ], [ 126.951687838457005, 37.446662039777443 ], [ 126.954514072309706, 37.446675117834346 ], [ 126.954530432112591, 37.444421782730686 ], [ 126.951704283011821, 37.444408705732577 ] ] ] } },
{ "type": "Feature", "properties": { "display_grid_id": "11620_00046", "gu_code": 11620, "gu_name": "관악구", "source_cell_count": 13, "area_m2": 62500.0, "mean_actual_lst": 29.212, "mean_actual_anomaly": -5.9063, "seoul_anomaly": -7.0189, "pred_anomaly": -6.1776, "pred_anomaly_std": 0.4755, "green_delta_c": -0.5286, "building_ratio": 0.0, "green_ratio": 0.7774, "ndvi": 0.4931, "impervious_ratio": 0.0505, "built_surface_ratio": 0.0505, "avg_ground_floor_count": 0.0, "elevation_m": 328.7528, "albedo": 0.0985, "nearest_park_distance_m": 2516.9756, "park_area_within_500m": 0.0, "nearest_stream_distance_m": 1641.0064, "est_population_density": 0.0, "dong_elderly_ratio": 0.1334, "dong_avg_age": 40.9, "dong_pop_density": 2941.0, "nearest_shelter_distance_m": 2543.9828, "shelter_count_within_500m": 0.0, "est_population": 0.0, "est_elderly": 0.0, "shelter_capacity_within_500m": 0.0, "building_form_group": "no_building", "dong_name": "대학동", "top1_feature": "built_surface_ratio", "top1_shap": -1.408, "top2_feature": "impervious_ratio", "top2_shap": -1.217, "top3_feature": "green_ratio", "top3_shap": -0.7946, "priority_score": 30.385, "priority_rank": 452 }, "geometry": { "type": "Polygon", "coordinates": [ [ [ 126.954530432112591, 37.444421782730686 ], [ 126.954514072309706, 37.446675117834346 ], [ 126.957340307983955, 37.446688128313042 ], [ 126.957356583034652, 37.444434792156052 ], [ 126.954530432112591, 37.444421782730686 ] ] ] } },
{ "type": "Feature", "properties": { "display_grid_id": "11620_00047", "gu_code": 11620, "gu_name": "관악구", "source_cell_count": 13, "area_m2": 62500.0, "mean_actual_lst": 28.7538, "mean_actual_anomaly": -6.0628, "seoul_anomaly": -7.1755, "pred_anomaly": -6.4146, "pred_anomaly_std": 0.4422, "green_delta_c": -0.5278, "building_ratio": 0.0, "green_ratio": 0.766, "ndvi": 0.4775, "impervious_ratio": 0.0596, "built_surface_ratio": 0.0596, "avg_ground_floor_count": 0.0, "elevation_m": 398.1693, "albedo": 0.1051, "nearest_park_distance_m": 2636.8004, "park_area_within_500m": 0.0, "nearest_stream_distance_m": 1769.6952, "est_population_density": 0.0, "dong_elderly_ratio": 0.1334, "dong_avg_age": 40.9, "dong_pop_density": 2941.0, "nearest_shelter_distance_m": 2513.7464, "shelter_count_within_500m": 0.0, "est_population": 0.0, "est_elderly": 0.0, "shelter_capacity_within_500m": 0.0, "building_form_group": "no_building", "dong_name": "대학동", "top1_feature": "built_surface_ratio", "top1_shap": -1.3596, "top2_feature": "impervious_ratio", "top2_shap": -1.166, "top3_feature": "green_ratio", "top3_shap": -0.5683, "priority_score": 30.371, "priority_rank": 453 }, "geometry": { "type": "Polygon", "coordinates": [ [ [ 126.957356583034652, 37.444434792156052 ], [ 126.957340307983955, 37.446688128313042 ], [ 126.960166545470301, 37.446701071213411 ], [ 126.960182735768626, 37.44444773400857 ], [ 126.957356583034652, 37.444434792156052 ] ] ] } },
{ "type": "Feature", "properties": { "display_grid_id": "11620_00048", "gu_code": 11620, "gu_name": "관악구", "source_cell_count": 12, "area_m2": 62500.0, "mean_actual_lst": 28.1753, "mean_actual_anomaly": -7.0734, "seoul_anomaly": -8.186, "pred_anomaly": -6.9215, "pred_anomaly_std": 0.604, "green_delta_c": -0.3778, "building_ratio": 0.0, "green_ratio": 0.7393, "ndvi": 0.4311, "impervious_ratio": 0.0539, "built_surface_ratio": 0.0539, "avg_ground_floor_count": 0.0, "elevation_m": 492.1288, "albedo": 0.0938, "nearest_park_distance_m": 2599.0772, "park_area_within_500m": 0.0, "nearest_stream_distance_m": 1857.7728, "est_population_density": 0.0, "dong_elderly_ratio": 0.1334, "dong_avg_age": 40.9, "dong_pop_density": 2941.0, "nearest_shelter_distance_m": 2492.1904, "shelter_count_within_500m": 0.0, "est_population": 0.0, "est_elderly": 0.0, "shelter_capacity_within_500m": 0.0, "building_form_group": "no_building", "dong_name": "대학동", "top1_feature": "built_surface_ratio", "top1_shap": -1.494, "top2_feature": "impervious_ratio", "top2_shap": -1.303, "top3_feature": "elevation_m", "top3_shap": -0.9815, "priority_score": 25.3015, "priority_rank": 497 }, "geometry": { "type": "Polygon", "coordinates": [ [ [ 126.960182735768626, 37.44444773400857 ], [ 126.960166545470301, 37.446701071213411 ], [ 126.962992784759308, 37.446713946535304 ], [ 126.963008890305048, 37.444460608288075 ], [ 126.960182735768626, 37.44444773400857 ] ] ] } },
{ "type": "Feature", "properties": { "display_grid_id": "11620_00049", "gu_code": 11620, "gu_name": "관악구", "source_cell_count": 9, "area_m2": 27160.9, "mean_actual_lst": 27.9293, "mean_actual_anomaly": -7.4129, "seoul_anomaly": -8.5255, "pred_anomaly": -6.754, "pred_anomaly_std": 1.2046, "green_delta_c": -0.5044, "building_ratio": 0.0, "green_ratio": 0.6801, "ndvi": 0.3339, "impervious_ratio": 0.052, "built_surface_ratio": 0.052, "avg_ground_floor_count": 0.0, "elevation_m": 559.3655, "albedo": 0.085, "nearest_park_distance_m": 2568.2167, "park_area_within_500m": 0.0, "nearest_stream_distance_m": 1873.5612, "est_population_density": 0.0, "dong_elderly_ratio": 0.1334, "dong_avg_age": 40.9, "dong_pop_density": 2941.0, "nearest_shelter_distance_m": 2478.4334, "shelter_count_within_500m": 0.0, "est_population": 0.0, "est_elderly": 0.0, "shelter_capacity_within_500m": 0.0, "building_form_group": "no_building", "dong_name": "대학동", "top1_feature": "built_surface_ratio", "top1_shap": -1.5646, "top2_feature": "impervious_ratio", "top2_shap": -1.3975, "top3_feature": "elevation_m", "top3_shap": -1.1224, "priority_score": 28.4833, "priority_rank": 465 }, "geometry": { "type": "Polygon", "coordinates": [ [ [ 126.963008890305048, 37.444460608288075 ], [ 126.962992784759308, 37.446713946535304 ], [ 126.965025473653427, 37.446723164943762 ], [ 126.964939790000017, 37.44666983 ], [ 126.96461975, 37.4464701 ], [ 126.96436486, 37.4463115 ], [ 126.96428949, 37.44626727 ], [ 126.96412145, 37.44577082 ], [ 126.96394162, 37.44524593 ], [ 126.96393334, 37.44521467 ], [ 126.964139930000016, 37.44483209 ], [ 126.964335680615832, 37.444466629044655 ], [ 126.963008890305048, 37.444460608288075 ] ] ] } },
{ "type": "Feature", "properties": { "display_grid_id": "11620_00050", "gu_code": 11620, "gu_name": "관악구", "source_cell_count": 8, "area_m2": 36464.33, "mean_actual_lst": 29.9065, "mean_actual_anomaly": -6.4428, "seoul_anomaly": -7.5554, "pred_anomaly": -6.2101, "pred_anomaly_std": 0.6676, "green_delta_c": -0.3037, "building_ratio": 0.0, "green_ratio": 0.7839, "ndvi": 0.4714, "impervious_ratio": 0.0432, "built_surface_ratio": 0.0432, "avg_ground_floor_count": 0.0, "elevation_m": 391.0996, "albedo": 0.1233, "nearest_park_distance_m": 1258.9058, "park_area_within_500m": 0.0, "nearest_stream_distance_m": 1212.4462, "est_population_density": 0.0, "dong_elderly_ratio": 0.178, "dong_avg_age": 43.545, "dong_pop_density": 4296.3021, "nearest_shelter_distance_m": 1093.9326, "shelter_count_within_500m": 0.0, "est_population": 0.0, "est_elderly": 0.0, "shelter_capacity_within_500m": 0.0, "building_form_group": "no_building", "dong_name": "대학동", "top1_feature": "built_surface_ratio", "top1_shap": -1.4964, "top2_feature": "impervious_ratio", "top2_shap": -1.3128, "top3_feature": "elevation_m", "top3_shap": -0.5608, "priority_score": 20.4313, "priority_rank": 536 }, "geometry": { "type": "Polygon", "coordinates": [ [ [ 126.93188721357437, 37.448821926813132 ], [ 126.931904253283818, 37.44656860120088 ], [ 126.930249105466586, 37.446560633754352 ], [ 126.9302777, 37.44662136 ], [ 126.93026566, 37.44665374 ], [ 126.93027848, 37.44673286 ], [ 126.930289340000016, 37.44682382 ], [ 126.93032439, 37.44708991 ], [ 126.93036454, 37.44739346 ], [ 126.930365660000021, 37.44752327 ], [ 126.9303678, 37.44769023 ], [ 126.93036797000002, 37.44769755 ], [ 126.93034264, 37.4477775 ], [ 126.93030368, 37.44790109 ], [ 126.930255650000021, 37.44807929 ], [ 126.93024573, 37.44811645 ], [ 126.93017398, 37.44836559 ], [ 126.930171140000013, 37.44837235 ], [ 126.93016601, 37.44838417 ], [ 126.93005552000001, 37.44853277 ], [ 126.9300472, 37.44854402 ], [ 126.92990946, 37.4487354 ], [ 126.92984445954599, 37.448812089681475 ], [ 126.93188721357437, 37.448821926813132 ] ] ] } },
{ "type": "Feature", "properties": { "display_grid_id": "11620_00051", "gu_code": 11620, "gu_name": "관악구", "source_cell_count": 9, "area_m2": 62500.0, "mean_actual_lst": 30.866, "mean_actual_anomaly": -5.4508, "seoul_anomaly": -6.5635, "pred_anomaly": -6.1558, "pred_anomaly_std": 0.5888, "green_delta_c": -0.3533, "building_ratio": 0.0, "green_ratio": 0.8129, "ndvi": 0.5405, "impervious_ratio": 0.0473, "built_surface_ratio": 0.0473, "avg_ground_floor_count": 0.0, "elevation_m": 351.2877, "albedo": 0.1428, "nearest_park_distance_m": 1254.796, "park_area_within_500m": 0.0, "nearest_stream_distance_m": 1284.4572, "est_population_density": 0.0, "dong_elderly_ratio": 0.1334, "dong_avg_age": 40.9, "dong_pop_density": 2941.0, "nearest_shelter_distance_m": 1275.5836, "shelter_count_within_500m": 0.0, "est_population": 0.0, "est_elderly": 0.0, "shelter_capacity_within_500m": 0.0, "building_form_group": "no_building", "dong_name": "대학동", "top1_feature": "built_surface_ratio", "top1_shap": -1.4254, "top2_feature": "impervious_ratio", "top2_shap": -1.2353, "top3_feature": "green_ratio", "top3_shap": -0.7265, "priority_score": 23.9657, "priority_rank": 514 }, "geometry": { "type": "Polygon", "coordinates": [ [ [ 126.931904253283818, 37.44656860120088 ], [ 126.93188721357437, 37.448821926813132 ], [ 126.934713519171964, 37.448835479010782 ], [ 126.934730474121537, 37.446582152301389 ], [ 126.931904253283818, 37.44656860120088 ] ] ] } },
{ "type": "Feature", "properties": { "display_grid_id": "11620_00052", "gu_code": 11620, "gu_name": "관악구", "source_cell_count": 14, "area_m2": 62500.0, "mean_actual_lst": 31.5042, "mean_actual_anomaly": -4.7654, "seoul_anomaly": -5.878, "pred_anomaly": -5.7698, "pred_anomaly_std": 0.5776, "green_delta_c": -0.4967, "building_ratio": 0.0, "green_ratio": 0.8023, "ndvi": 0.4986, "impervious_ratio": 0.0489, "built_surface_ratio": 0.0489, "avg_ground_floor_count": 0.0, "elevation_m": 262.0968, "albedo": 0.1341, "nearest_park_distance_m": 1287.384, "park_area_within_500m": 0.0, "nearest_stream_distance_m": 1412.5252, "est_population_density": 0.0, "dong_elderly_ratio": 0.1334, "dong_avg_age": 40.9, "dong_pop_density": 2941.0, "nearest_shelter_distance_m": 1433.9024, "shelter_count_within_500m": 0.0, "est_population": 0.0, "est_elderly": 0.0, "shelter_capacity_within_500m": 0.0, "building_form_group": "no_building", "dong_name": "대학동", "top1_feature": "built_surface_ratio", "top1_shap": -1.4022, "top2_feature": "impervious_ratio", "top2_shap": -1.2075, "top3_feature": "green_ratio", "top3_shap": -0.8869, "priority_score": 30.7189, "priority_rank": 449 }, "geometry": { "type": "Polygon", "coordinates": [ [ [ 126.934730474121537, 37.446582152301389 ], [ 126.934713519171964, 37.448835479010782 ], [ 126.937539826657357, 37.448848963625728 ], [ 126.937556696846855, 37.446595635824643 ], [ 126.934730474121537, 37.446582152301389 ] ] ] } },
{ "type": "Feature", "properties": { "display_grid_id": "11620_00053", "gu_code": 11620, "gu_name": "관악구", "source_cell_count": 13, "area_m2": 62500.0, "mean_actual_lst": 30.4265, "mean_actual_anomaly": -5.8668, "seoul_anomaly": -6.9794, "pred_anomaly": -5.7918, "pred_anomaly_std": 0.5263, "green_delta_c": -0.4685, "building_ratio": 0.0, "green_ratio": 0.7897, "ndvi": 0.4851, "impervious_ratio": 0.0422, "built_surface_ratio": 0.0422, "avg_ground_floor_count": 0.0, "elevation_m": 232.9202, "albedo": 0.0977, "nearest_park_distance_m": 1361.5808, "park_area_within_500m": 0.0, "nearest_stream_distance_m": 1436.2676, "est_population_density": 0.0, "dong_elderly_ratio": 0.1334, "dong_avg_age": 40.9, "dong_pop_density": 2941.0, "nearest_shelter_distance_m": 1502.6296, "shelter_count_within_500m": 0.0, "est_population": 0.0, "est_elderly": 0.0, "shelter_capacity_within_500m": 0.0, "building_form_group": "no_building", "dong_name": "대학동", "top1_feature": "built_surface_ratio", "top1_shap": -1.4388, "top2_feature": "impervious_ratio", "top2_shap": -1.262, "top3_feature": "green_ratio", "top3_shap": -0.8427, "priority_score": 26.4007, "priority_rank": 487 }, "geometry": { "type": "Polygon", "coordinates": [ [ [ 126.937556696846855, 37.446595635824643 ], [ 126.937539826657357, 37.448848963625728 ], [ 126.940366136021112, 37.448862380657815 ], [ 126.940382921450308, 37.446609051770508 ], [ 126.937556696846855, 37.446595635824643 ] ] ] } },
{ "type": "Feature", "properties": { "display_grid_id": "11620_00054", "gu_code": 11620, "gu_name": "관악구", "source_cell_count": 12, "area_m2": 62500.0, "mean_actual_lst": 31.2644, "mean_actual_anomaly": -5.0461, "seoul_anomaly": -6.1588, "pred_anomaly": -5.6991, "pred_anomaly_std": 0.5708, "green_delta_c": -0.5734, "building_ratio": 0.0, "green_ratio": 0.8136, "ndvi": 0.5734, "impervious_ratio": 0.0489, "built_surface_ratio": 0.0489, "avg_ground_floor_count": 0.0, "elevation_m": 257.5624, "albedo": 0.0963, "nearest_park_distance_m": 1482.1244, "park_area_within_500m": 0.0, "nearest_stream_distance_m": 1342.0084, "est_population_density": 0.0, "dong_elderly_ratio": 0.1334, "dong_avg_age": 40.9, "dong_pop_density": 2941.0, "nearest_shelter_distance_m": 1608.606, "shelter_count_within_500m": 0.0, "est_population": 0.0, "est_elderly": 0.0, "shelter_capacity_within_500m": 0.0, "building_form_group": "no_building", "dong_name": "대학동", "top1_feature": "built_surface_ratio", "top1_shap": -1.3735, "top2_feature": "impervious_ratio", "top2_shap": -1.1846, "top3_feature": "green_ratio", "top3_shap": -0.8553, "priority_score": 31.9295, "priority_rank": 443 }, "geometry": { "type": "Polygon", "coordinates": [ [ [ 126.940382921450308, 37.446609051770508 ], [ 126.940366136021112, 37.448862380657815 ], [ 126.943192447253821, 37.448875730106913 ], [ 126.943209147922488, 37.446622400138871 ], [ 126.940382921450308, 37.446609051770508 ] ] ] } },
{ "type": "Feature", "properties": { "display_grid_id": "11620_00055", "gu_code": 11620, "gu_name": "관악구", "source_cell_count": 10, "area_m2": 62500.0, "mean_actual_lst": 32.5656, "mean_actual_anomaly": -3.6313, "seoul_anomaly": -4.7439, "pred_anomaly": -5.3411, "pred_anomaly_std": 0.5098, "green_delta_c": -0.6946, "building_ratio": 0.0, "green_ratio": 0.8274, "ndvi": 0.5715, "impervious_ratio": 0.0451, "built_surface_ratio": 0.0451, "avg_ground_floor_count": 0.0, "elevation_m": 214.8446, "albedo": 0.1107, "nearest_park_distance_m": 1622.6804, "park_area_within_500m": 0.0, "nearest_stream_distance_m": 1268.1924, "est_population_density": 0.0, "dong_elderly_ratio": 0.1334, "dong_avg_age": 40.9, "dong_pop_density": 2941.0, "nearest_shelter_distance_m": 1735.5372, "shelter_count_within_500m": 0.0, "est_population": 0.0, "est_elderly": 0.0, "shelter_capacity_within_500m": 0.0, "building_form_group": "no_building", "dong_name": "대학동", "top1_feature": "built_surface_ratio", "top1_shap": -1.3728, "top2_feature": "impervious_ratio", "top2_shap": -1.1985, "top3_feature": "green_ratio", "top3_shap": -0.8089, "priority_score": 40.487, "priority_rank": 372 }, "geometry": { "type": "Polygon", "coordinates": [ [ [ 126.943209147922488, 37.446622400138871 ], [ 126.943192447253821, 37.448875730106913 ], [ 126.946018760346021, 37.448889011972881 ], [ 126.94603537625396, 37.446635680929575 ], [ 126.943209147922488, 37.446622400138871 ] ] ] } },
{ "type": "Feature", "properties": { "display_grid_id": "11620_00056", "gu_code": 11620, "gu_name": "관악구", "source_cell_count": 12, "area_m2": 62500.0, "mean_actual_lst": 31.7535, "mean_actual_anomaly": -4.5571, "seoul_anomaly": -5.6697, "pred_anomaly": -5.137, "pred_anomaly_std": 0.7132, "green_delta_c": -0.6685, "building_ratio": 0.0, "green_ratio": 0.7993, "ndvi": 0.5334, "impervious_ratio": 0.0643, "built_surface_ratio": 0.0643, "avg_ground_floor_count": 0.0, "elevation_m": 180.3827, "albedo": 0.0996, "nearest_park_distance_m": 1797.9092, "park_area_within_500m": 0.0, "nearest_stream_distance_m": 1236.7528, "est_population_density": 0.0, "dong_elderly_ratio": 0.1334, "dong_avg_age": 40.9, "dong_pop_density": 2941.0, "nearest_shelter_distance_m": 1897.8428, "shelter_count_within_500m": 0.0, "est_population": 0.0, "est_elderly": 0.0, "shelter_capacity_within_500m": 0.0, "building_form_group": "no_building", "dong_name": "대학동", "top1_feature": "built_surface_ratio", "top1_shap": -1.2135, "top2_feature": "impervious_ratio", "top2_shap": -1.0373, "top3_feature": "green_ratio", "top3_shap": -0.8493, "priority_score": 39.3553, "priority_rank": 384 }, "geometry": { "type": "Polygon", "coordinates": [ [ [ 126.94603537625396, 37.446635680929575 ], [ 126.946018760346021, 37.448889011972881 ], [ 126.94884507528829, 37.448902226255584 ], [ 126.948861606435287, 37.44664889414247 ], [ 126.94603537625396, 37.446635680929575 ] ] ] } },
{ "type": "Feature", "properties": { "display_grid_id": "11620_00057", "gu_code": 11620, "gu_name": "관악구", "source_cell_count": 16, "area_m2": 62500.0, "mean_actual_lst": 31.9666, "mean_actual_anomaly": -4.4198, "seoul_anomaly": -5.5324, "pred_anomaly": -4.4917, "pred_anomaly_std": 0.9434, "green_delta_c": -0.5708, "building_ratio": 0.0138, "green_ratio": 0.6838, "ndvi": 0.4572, "impervious_ratio": 0.1303, "built_surface_ratio": 0.1303, "avg_ground_floor_count": 0.16, "elevation_m": 208.8855, "albedo": 0.0968, "nearest_park_distance_m": 1975.7524, "park_area_within_500m": 0.0, "nearest_stream_distance_m": 1255.4328, "est_population_density": 0.0, "dong_elderly_ratio": 0.1334, "dong_avg_age": 40.9, "dong_pop_density": 2941.0, "nearest_shelter_distance_m": 2065.4996, "shelter_count_within_500m": 0.0, "est_population": 0.0, "est_elderly": 0.0, "shelter_capacity_within_500m": 0.0, "building_form_group": "no_building", "dong_name": "대학동", "top1_feature": "green_ratio", "top1_shap": -1.0467, "top2_feature": "built_surface_ratio", "top2_shap": -0.576, "top3_feature": "elevation_m", "top3_shap": -0.4488, "priority_score": 38.3812, "priority_rank": 391 }, "geometry": { "type": "Polygon", "coordinates": [ [ [ 126.948861606435287, 37.44664889414247 ], [ 126.94884507528829, 37.448902226255584 ], [ 126.951671392071177, 37.448915372954886 ], [ 126.951687838457005, 37.446662039777443 ], [ 126.948861606435287, 37.44664889414247 ] ] ] } },
{ "type": "Feature", "properties": { "display_grid_id": "11620_00058", "gu_code": 11620, "gu_name": "관악구", "source_cell_count": 12, "area_m2": 62500.0, "mean_actual_lst": 30.6274, "mean_actual_anomaly": -5.3629, "seoul_anomaly": -6.4756, "pred_anomaly": -4.6004, "pred_anomaly_std": 0.9279, "green_delta_c": -0.8316, "building_ratio": 0.0533, "green_ratio": 0.6857, "ndvi": 0.3988, "impervious_ratio": 0.0884, "built_surface_ratio": 0.0884, "avg_ground_floor_count": 0.4, "elevation_m": 265.9772, "albedo": 0.0885, "nearest_park_distance_m": 2181.8524, "park_area_within_500m": 0.0, "nearest_stream_distance_m": 1325.2672, "est_population_density": 0.0, "dong_elderly_ratio": 0.1334, "dong_avg_age": 40.9, "dong_pop_density": 2941.0, "nearest_shelter_distance_m": 2259.5572, "shelter_count_within_500m": 0.0, "est_population": 0.0, "est_elderly": 0.0, "shelter_capacity_within_500m": 0.0, "building_form_group": "no_building", "dong_name": "대학동", "top1_feature": "built_surface_ratio", "top1_shap": -1.004, "top2_feature": "impervious_ratio", "top2_shap": -0.7049, "top3_feature": "green_ratio", "top3_shap": -0.6564, "priority_score": 42.9175, "priority_rank": 352 }, "geometry": { "type": "Polygon", "coordinates": [ [ [ 126.951687838457005, 37.446662039777443 ], [ 126.951671392071177, 37.448915372954886 ], [ 126.954497710685288, 37.448928452070639 ], [ 126.954514072309706, 37.446675117834346 ], [ 126.951687838457005, 37.446662039777443 ] ] ] } },
{ "type": "Feature", "properties": { "display_grid_id": "11620_00059", "gu_code": 11620, "gu_name": "관악구", "source_cell_count": 11, "area_m2": 62500.0, "mean_actual_lst": 28.9746, "mean_actual_anomaly": -6.2584, "seoul_anomaly": -7.3711, "pred_anomaly": -6.2421, "pred_anomaly_std": 0.449, "green_delta_c": -0.4687, "building_ratio": 0.0017, "green_ratio": 0.7739, "ndvi": 0.4747, "impervious_ratio": 0.053, "built_surface_ratio": 0.053, "avg_ground_floor_count": 0.08, "elevation_m": 351.9974, "albedo": 0.0878, "nearest_park_distance_m": 2377.0508, "park_area_within_500m": 0.0, "nearest_stream_distance_m": 1429.2672, "est_population_density": 0.0, "dong_elderly_ratio": 0.1334, "dong_avg_age": 40.9, "dong_pop_density": 2941.0, "nearest_shelter_distance_m": 2326.3284, "shelter_count_within_500m": 0.0, "est_population": 0.0, "est_elderly": 0.0, "shelter_capacity_within_500m": 0.0, "building_form_group": "no_building", "dong_name": "대학동", "top1_feature": "built_surface_ratio", "top1_shap": -1.4058, "top2_feature": "impervious_ratio", "top2_shap": -1.2004, "top3_feature": "green_ratio", "top3_shap": -0.7489, "priority_score": 27.9082, "priority_rank": 470 }, "geometry": { "type": "Polygon", "coordinates": [ [ [ 126.954514072309706, 37.446675117834346 ], [ 126.954497710685288, 37.448928452070639 ], [ 126.957324031121132, 37.448941463602729 ], [ 126.957340307983955, 37.446688128313042 ], [ 126.954514072309706, 37.446675117834346 ] ] ] } },
{ "type": "Feature", "properties": { "display_grid_id": "11620_00060", "gu_code": 11620, "gu_name": "관악구", "source_cell_count": 14, "area_m2": 62500.0, "mean_actual_lst": 28.8013, "mean_actual_anomaly": -6.1276, "seoul_anomaly": -7.2403, "pred_anomaly": -6.5734, "pred_anomaly_std": 0.4844, "green_delta_c": -0.4161, "building_ratio": 0.0, "green_ratio": 0.7547, "ndvi": 0.4539, "impervious_ratio": 0.0486, "built_surface_ratio": 0.0486, "avg_ground_floor_count": 0.0, "elevation_m": 436.4051, "albedo": 0.0966, "nearest_park_distance_m": 2407.882, "park_area_within_500m": 0.0, "nearest_stream_distance_m": 1568.0664, "est_population_density": 0.0, "dong_elderly_ratio": 0.1334, "dong_avg_age": 40.9, "dong_pop_density": 2941.0, "nearest_shelter_distance_m": 2276.3736, "shelter_count_within_500m": 0.0, "est_population": 0.0, "est_elderly": 0.0, "shelter_capacity_within_500m": 0.0, "building_form_group": "no_building", "dong_name": "대학동", "top1_feature": "built_surface_ratio", "top1_shap": -1.4804, "top2_feature": "impervious_ratio", "top2_shap": -1.2862, "top3_feature": "elevation_m", "top3_shap": -0.6834, "priority_score": 27.6206, "priority_rank": 473 }, "geometry": { "type": "Polygon", "coordinates": [ [ [ 126.957340307983955, 37.446688128313042 ], [ 126.957324031121132, 37.448941463602729 ], [ 126.960150353369286, 37.448954407551014 ], [ 126.960166545470301, 37.446701071213411 ], [ 126.957340307983955, 37.446688128313042 ] ] ] } },
{ "type": "Feature", "properties": { "display_grid_id": "11620_00061", "gu_code": 11620, "gu_name": "관악구", "source_cell_count": 13, "area_m2": 62500.0, "mean_actual_lst": 28.2155, "mean_actual_anomaly": -6.6742, "seoul_anomaly": -7.7868, "pred_anomaly": -6.5915, "pred_anomaly_std": 0.6334, "green_delta_c": -0.4264, "building_ratio": 0.0, "green_ratio": 0.7213, "ndvi": 0.3958, "impervious_ratio": 0.0448, "built_surface_ratio": 0.0448, "avg_ground_floor_count": 0.0, "elevation_m": 439.2471, "albedo": 0.0876, "nearest_park_distance_m": 2361.4724, "park_area_within_500m": 0.0, "nearest_stream_distance_m": 1622.432, "est_population_density": 0.0, "dong_elderly_ratio": 0.1334, "dong_avg_age": 40.9, "dong_pop_density": 2941.0, "nearest_shelter_distance_m": 2252.5456, "shelter_count_within_500m": 0.0, "est_population": 0.0, "est_elderly": 0.0, "shelter_capacity_within_500m": 0.0, "building_form_group": "no_building", "dong_name": "대학동", "top1_feature": "built_surface_ratio", "top1_shap": -1.5493, "top2_feature": "impervious_ratio", "top2_shap": -1.3619, "top3_feature": "elevation_m", "top3_shap": -0.7425, "priority_score": 26.7764, "priority_rank": 481 }, "geometry": { "type": "Polygon", "coordinates": [ [ [ 126.960166545470301, 37.446701071213411 ], [ 126.960150353369286, 37.448954407551014 ], [ 126.962976677420343, 37.448967283915344 ], [ 126.962992784759308, 37.446713946535304 ], [ 126.960166545470301, 37.446701071213411 ] ] ] } },
{ "type": "Feature", "properties": { "display_grid_id": "11620_00062", "gu_code": 11620, "gu_name": "관악구", "source_cell_count": 12, "area_m2": 60574.56, "mean_actual_lst": 28.5357, "mean_actual_anomaly": -6.9213, "seoul_anomaly": -8.0339, "pred_anomaly": -6.8298, "pred_anomaly_std": 0.5307, "green_delta_c": -0.392, "building_ratio": 0.0, "green_ratio": 0.7278, "ndvi": 0.4253, "impervious_ratio": 0.0444, "built_surface_ratio": 0.0444, "avg_ground_floor_count": 0.0, "elevation_m": 488.7744, "albedo": 0.0849, "nearest_park_distance_m": 2332.6551, "park_area_within_500m": 0.0, "nearest_stream_distance_m": 1661.263, "est_population_density": 0.0, "dong_elderly_ratio": 0.1334, "dong_avg_age": 40.9, "dong_pop_density": 2941.0, "nearest_shelter_distance_m": 2249.5086, "shelter_count_within_500m": 0.0, "est_population": 0.0, "est_elderly": 0.0, "shelter_capacity_within_500m": 0.0, "building_form_group": "no_building", "dong_name": "대학동", "top1_feature": "built_surface_ratio", "top1_shap": -1.5436, "top2_feature": "impervious_ratio", "top2_shap": -1.3579, "top3_feature": "elevation_m", "top3_shap": -0.9592, "priority_score": 25.3664, "priority_rank": 495 }, "geometry": { "type": "Polygon", "coordinates": [ [ [ 126.962992784759308, 37.446713946535304 ], [ 126.962976677420343, 37.448967283915344 ], [ 126.965803003264838, 37.448980092695606 ], [ 126.965815508334245, 37.447221461218696 ], [ 126.965780400000014, 37.44719943 ], [ 126.96534315, 37.44692392 ], [ 126.96520228, 37.44683322 ], [ 126.965025473653427, 37.446723164943762 ], [ 126.962992784759308, 37.446713946535304 ] ] ] } },
{ "type": "Feature", "properties": { "display_grid_id": "11620_00063", "gu_code": 11620, "gu_name": "관악구", "source_cell_count": 6, "area_m2": 25630.65, "mean_actual_lst": 28.4658, "mean_actual_anomaly": -7.2657, "seoul_anomaly": -8.3783, "pred_anomaly": -6.7535, "pred_anomaly_std": 0.473, "green_delta_c": -0.393, "building_ratio": 0.0, "green_ratio": 0.7331, "ndvi": 0.4241, "impervious_ratio": 0.0402, "built_surface_ratio": 0.0402, "avg_ground_floor_count": 0.0, "elevation_m": 452.0867, "albedo": 0.079, "nearest_park_distance_m": 2274.2787, "park_area_within_500m": 0.0, "nearest_stream_distance_m": 1668.3151, "est_population_density": 0.0, "dong_elderly_ratio": 0.1334, "dong_avg_age": 40.9, "dong_pop_density": 2941.0, "nearest_shelter_distance_m": 2213.4172, "shelter_count_within_500m": 0.0, "est_population": 0.0, "est_elderly": 0.0, "shelter_capacity_within_500m": 0.0, "building_form_group": "no_building", "dong_name": "대학동", "top1_feature": "built_surface_ratio", "top1_shap": -1.558, "top2_feature": "impervious_ratio", "top2_shap": -1.366, "top3_feature": "elevation_m", "top3_shap": -0.8493, "priority_score": 24.717, "priority_rank": 504 }, "geometry": { "type": "Polygon", "coordinates": [ [ [ 126.965803003264838, 37.448980092695606 ], [ 126.968629330893322, 37.448992833891658 ], [ 126.968631097059529, 37.448743140032704 ], [ 126.96766270000002, 37.44838058 ], [ 126.965815508334245, 37.447221461218696 ], [ 126.965803003264838, 37.448980092695606 ] ] ] } },
{ "type": "Feature", "properties": { "display_grid_id": "11620_00064", "gu_code": 11620, "gu_name": "관악구", "source_cell_count": 1, "area_m2": 845.72, "mean_actual_lst": 28.8342, "mean_actual_anomaly": -7.2019, "seoul_anomaly": -8.3145, "pred_anomaly": -6.7369, "pred_anomaly_std": 0.6037, "green_delta_c": -0.4862, "building_ratio": 0.0, "green_ratio": 0.7707, "ndvi": 0.5221, "impervious_ratio": 0.0695, "built_surface_ratio": 0.0695, "avg_ground_floor_count": 0.0, "elevation_m": 471.019, "albedo": 0.0822, "nearest_park_distance_m": 2236.23, "park_area_within_500m": 0.0, "nearest_stream_distance_m": 1697.06, "est_population_density": 0.0, "dong_elderly_ratio": 0.1334, "dong_avg_age": 40.9, "dong_pop_density": 2941.0, "nearest_shelter_distance_m": 2196.91, "shelter_count_within_500m": 0.0, "est_population": 0.0, "est_elderly": 0.0, "shelter_capacity_within_500m": 0.0, "building_form_group": "no_building", "dong_name": "대학동", "top1_feature": "built_surface_ratio", "top1_shap": -1.3133, "top2_feature": "elevation_m", "top2_shap": -1.1469, "top3_feature": "impervious_ratio", "top3_shap": -1.132, "priority_score": 27.2681, "priority_rank": 476 }, "geometry": { "type": "Polygon", "coordinates": [ [ [ 126.968629330893322, 37.448992833891658 ], [ 126.969320229457381, 37.448995938208505 ], [ 126.96866144, 37.4487545 ], [ 126.968631097059529, 37.448743140032704 ], [ 126.968629330893322, 37.448992833891658 ] ] ] } },
{ "type": "Feature", "properties": { "display_grid_id": "11620_00065", "gu_code": 11620, "gu_name": "관악구", "source_cell_count": 7, "area_m2": 6785.26, "mean_actual_lst": 31.1808, "mean_actual_anomaly": -5.2826, "seoul_anomaly": -6.3952, "pred_anomaly": -6.017, "pred_anomaly_std": 0.6242, "green_delta_c": -0.3607, "building_ratio": 0.0, "green_ratio": 0.7599, "ndvi": 0.4875, "impervious_ratio": 0.0562, "built_surface_ratio": 0.0562, "avg_ground_floor_count": 0.0, "elevation_m": 378.2901, "albedo": 0.1115, "nearest_park_distance_m": 959.3871, "park_area_within_500m": 0.0, "nearest_stream_distance_m": 1225.5054, "est_population_density": 0.0, "dong_elderly_ratio": 0.2859, "dong_avg_age": 49.9309, "dong_pop_density": 7727.4084, "nearest_shelter_distance_m": 899.1188, "shelter_count_within_500m": 0.0, "est_population": 0.0, "est_elderly": 0.0, "shelter_capacity_within_500m": 0.0, "building_form_group": "no_building", "dong_name": "삼성동", "top1_feature": "built_surface_ratio", "top1_shap": -1.3984, "top2_feature": "impervious_ratio", "top2_shap": -1.1958, "top3_feature": "green_ratio", "top3_shap": -0.5201, "priority_score": 25.7375, "priority_rank": 494 }, "geometry": { "type": "MultiPolygon", "coordinates": [ [ [ [ 126.929054899402004, 37.449599135750816 ], [ 126.92899162, 37.44963388 ], [ 126.928955140000014, 37.44973579 ], [ 126.928910520000017, 37.44986556 ], [ 126.928716850000015, 37.4499944 ], [ 126.92841593, 37.4502006 ], [ 126.92839844, 37.4502127 ], [ 126.92840777, 37.4502448 ], [ 126.928466570000012, 37.45042701 ], [ 126.92850618, 37.45055148 ], [ 126.928490739999987, 37.45062665 ], [ 126.92846875, 37.45073307 ], [ 126.92845225, 37.45081133 ], [ 126.928448350000011, 37.45082259 ], [ 126.92842322, 37.45087889 ], [ 126.92838833, 37.4509884 ], [ 126.928369069999988, 37.45100247 ], [ 126.928072676973329, 37.451056935131966 ], [ 126.929043783498273, 37.451061630674573 ], [ 126.929054899402004, 37.449599135750816 ] ] ], [ [ [ 126.927324740000017, 37.45099871 ], [ 126.927306020000017, 37.45100969 ], [ 126.927269020836121, 37.451053043219254 ], [ 126.927659232245219, 37.451054933601505 ], [ 126.927324740000017, 37.45099871 ] ] ] ] } },
{ "type": "Feature", "properties": { "display_grid_id": "11620_00066", "gu_code": 11620, "gu_name": "관악구", "source_cell_count": 12, "area_m2": 59058.31, "mean_actual_lst": 30.4119, "mean_actual_anomaly": -6.0337, "seoul_anomaly": -7.1463, "pred_anomaly": -5.9627, "pred_anomaly_std": 0.5409, "green_delta_c": -0.4825, "building_ratio": 0.0, "green_ratio": 0.7648, "ndvi": 0.4534, "impervious_ratio": 0.0476, "built_surface_ratio": 0.0476, "avg_ground_floor_count": 0.0, "elevation_m": 369.3751, "albedo": 0.1067, "nearest_park_distance_m": 1007.3573, "park_area_within_500m": 0.0, "nearest_stream_distance_m": 1376.5854, "est_population_density": 0.0, "dong_elderly_ratio": 0.2867, "dong_avg_age": 50.0, "dong_pop_density": 7603.9, "nearest_shelter_distance_m": 1041.5695, "shelter_count_within_500m": 0.0, "est_population": 0.0, "est_elderly": 0.0, "shelter_capacity_within_500m": 0.0, "building_form_group": "no_building", "dong_name": "삼성동", "top1_feature": "built_surface_ratio", "top1_shap": -1.4416, "top2_feature": "impervious_ratio", "top2_shap": -1.2567, "top3_feature": "green_ratio", "top3_shap": -0.7475, "priority_score": 25.9508, "priority_rank": 490 }, "geometry": { "type": "Polygon", "coordinates": [ [ [ 126.929043783498273, 37.451061630674573 ], [ 126.931870171967688, 37.451075251557484 ], [ 126.93188721357437, 37.448821926813132 ], [ 126.92984445954599, 37.448812089681475 ], [ 126.929785900000013, 37.44888118 ], [ 126.92960681, 37.44909309 ], [ 126.929436399999986, 37.44929459 ], [ 126.92928614, 37.44947217 ], [ 126.929054899402004, 37.449599135750816 ], [ 126.929043783498273, 37.451061630674573 ] ] ] } },
{ "type": "Feature", "properties": { "display_grid_id": "11620_00067", "gu_code": 11620, "gu_name": "관악구", "source_cell_count": 14, "area_m2": 62500.0, "mean_actual_lst": 30.2112, "mean_actual_anomaly": -6.2063, "seoul_anomaly": -7.3189, "pred_anomaly": -6.1147, "pred_anomaly_std": 0.6042, "green_delta_c": -0.4431, "building_ratio": 0.0, "green_ratio": 0.7703, "ndvi": 0.483, "impervious_ratio": 0.0385, "built_surface_ratio": 0.0385, "avg_ground_floor_count": 0.0, "elevation_m": 380.03, "albedo": 0.1071, "nearest_park_distance_m": 995.478, "park_area_within_500m": 0.0, "nearest_stream_distance_m": 1490.894, "est_population_density": 0.0, "dong_elderly_ratio": 0.2131, "dong_avg_age": 45.632, "dong_pop_density": 5365.708, "nearest_shelter_distance_m": 1149.1516, "shelter_count_within_500m": 0.0, "est_population": 0.0, "est_elderly": 0.0, "shelter_capacity_within_500m": 0.0, "building_form_group": "no_building", "dong_name": "삼성동", "top1_feature": "built_surface_ratio", "top1_shap": -1.5056, "top2_feature": "impervious_ratio", "top2_shap": -1.3203, "top3_feature": "green_ratio", "top3_shap": -0.8056, "priority_score": 24.3182, "priority_rank": 509 }, "geometry": { "type": "Polygon", "coordinates": [ [ [ 126.93188721357437, 37.448821926813132 ], [ 126.931870171967688, 37.451075251557484 ], [ 126.934696562334565, 37.451088804852368 ], [ 126.934713519171964, 37.448835479010782 ], [ 126.93188721357437, 37.448821926813132 ] ] ] } },
{ "type": "Feature", "properties": { "display_grid_id": "11620_00068", "gu_code": 11620, "gu_name": "관악구", "source_cell_count": 15, "area_m2": 62500.0, "mean_actual_lst": 31.6795, "mean_actual_anomaly": -4.6562, "seoul_anomaly": -5.7688, "pred_anomaly": -5.753, "pred_anomaly_std": 0.5719, "green_delta_c": -0.6331, "building_ratio": 0.0, "green_ratio": 0.7897, "ndvi": 0.4932, "impervious_ratio": 0.0474, "built_surface_ratio": 0.0474, "avg_ground_floor_count": 0.0, "elevation_m": 318.0893, "albedo": 0.1362, "nearest_park_distance_m": 1036.25, "park_area_within_500m": 0.0, "nearest_stream_distance_m": 1413.5316, "est_population_density": 0.0, "dong_elderly_ratio": 0.1334, "dong_avg_age": 40.9, "dong_pop_density": 2941.0, "nearest_shelter_distance_m": 1185.7548, "shelter_count_within_500m": 0.0, "est_population": 0.0, "est_elderly": 0.0, "shelter_capacity_within_500m": 0.0, "building_form_group": "no_building", "dong_name": "대학동", "top1_feature": "built_surface_ratio", "top1_shap": -1.4032, "top2_feature": "impervious_ratio", "top2_shap": -1.2187, "top3_feature": "green_ratio", "top3_shap": -0.8589, "priority_score": 35.7978, "priority_rank": 409 }, "geometry": { "type": "Polygon", "coordinates": [ [ [ 126.934713519171964, 37.448835479010782 ], [ 126.934696562334565, 37.451088804852368 ], [ 126.937522954589483, 37.451102290559049 ], [ 126.937539826657357, 37.448848963625728 ], [ 126.934713519171964, 37.448835479010782 ] ] ] } },
{ "type": "Feature", "properties": { "display_grid_id": "11620_00069", "gu_code": 11620, "gu_name": "관악구", "source_cell_count": 15, "area_m2": 62500.0, "mean_actual_lst": 30.9272, "mean_actual_anomaly": -5.3834, "seoul_anomaly": -6.496, "pred_anomaly": -5.4653, "pred_anomaly_std": 0.5256, "green_delta_c": -0.5349, "building_ratio": 0.0, "green_ratio": 0.8042, "ndvi": 0.5176, "impervious_ratio": 0.0448, "built_surface_ratio": 0.0448, "avg_ground_floor_count": 0.0, "elevation_m": 220.5563, "albedo": 0.1296, "nearest_park_distance_m": 1127.1228, "park_area_within_500m": 0.0, "nearest_stream_distance_m": 1251.1476, "est_population_density": 0.0, "dong_elderly_ratio": 0.1334, "dong_avg_age": 40.9, "dong_pop_density": 2941.0, "nearest_shelter_distance_m": 1261.1516, "shelter_count_within_500m": 0.0, "est_population": 0.0, "est_elderly": 0.0, "shelter_capacity_within_500m": 0.0, "building_form_group": "no_building", "dong_name": "대학동", "top1_feature": "built_surface_ratio", "top1_shap": -1.387, "top2_feature": "impervious_ratio", "top2_shap": -1.211, "top3_feature": "green_ratio", "top3_shap": -0.8584, "priority_score": 28.3905, "priority_rank": 466 }, "geometry": { "type": "Polygon", "coordinates": [ [ [ 126.937539826657357, 37.448848963625728 ], [ 126.937522954589483, 37.451102290559049 ], [ 126.940349348722989, 37.451115708677413 ], [ 126.940366136021112, 37.448862380657815 ], [ 126.937539826657357, 37.448848963625728 ] ] ] } },
{ "type": "Feature", "properties": { "display_grid_id": "11620_00070", "gu_code": 11620, "gu_name": "관악구", "source_cell_count": 14, "area_m2": 62500.0, "mean_actual_lst": 30.6082, "mean_actual_anomaly": -5.5557, "seoul_anomaly": -6.6683, "pred_anomaly": -5.47, "pred_anomaly_std": 0.5623, "green_delta_c": -0.6589, "building_ratio": 0.0, "green_ratio": 0.7701, "ndvi": 0.5066, "impervious_ratio": 0.04, "built_surface_ratio": 0.04, "avg_ground_floor_count": 0.0, "elevation_m": 202.0818, "albedo": 0.0856, "nearest_park_distance_m": 1270.0416, "park_area_within_500m": 0.0, "nearest_stream_distance_m": 1107.6008, "est_population_density": 0.0, "dong_elderly_ratio": 0.1334, "dong_avg_age": 40.9, "dong_pop_density": 2941.0, "nearest_shelter_distance_m": 1385.7176, "shelter_count_within_500m": 0.0, "est_population": 0.0, "est_elderly": 0.0, "shelter_capacity_within_500m": 0.0, "building_form_group": "no_building", "dong_name": "대학동", "top1_feature": "built_surface_ratio", "top1_shap": -1.4173, "top2_feature": "impervious_ratio", "top2_shap": -1.2386, "top3_feature": "green_ratio", "top3_shap": -0.7316, "priority_score": 33.8451, "priority_rank": 434 }, "geometry": { "type": "Polygon", "coordinates": [ [ [ 126.940366136021112, 37.448862380657815 ], [ 126.940349348722989, 37.451115708677413 ], [ 126.943175744725636, 37.451129059207318 ], [ 126.943192447253821, 37.448875730106913 ], [ 126.940366136021112, 37.448862380657815 ] ] ] } },
{ "type": "Feature", "properties": { "display_grid_id": "11620_00071", "gu_code": 11620, "gu_name": "관악구", "source_cell_count": 16, "area_m2": 62500.0, "mean_actual_lst": 31.848, "mean_actual_anomaly": -4.0915, "seoul_anomaly": -5.2042, "pred_anomaly": -5.3537, "pred_anomaly_std": 0.5537, "green_delta_c": -0.6984, "building_ratio": 0.0, "green_ratio": 0.8062, "ndvi": 0.5439, "impervious_ratio": 0.0495, "built_surface_ratio": 0.0495, "avg_ground_floor_count": 0.0, "elevation_m": 218.0036, "albedo": 0.0933, "nearest_park_distance_m": 1430.6376, "park_area_within_500m": 0.0, "nearest_stream_distance_m": 1016.8912, "est_population_density": 0.0, "dong_elderly_ratio": 0.1334, "dong_avg_age": 40.9, "dong_pop_density": 2941.0, "nearest_shelter_distance_m": 1531.2464, "shelter_count_within_500m": 0.0, "est_population": 0.0, "est_elderly": 0.0, "shelter_capacity_within_500m": 0.0, "building_form_group": "no_building", "dong_name": "대학동", "top1_feature": "built_surface_ratio", "top1_shap": -1.3536, "top2_feature": "impervious_ratio", "top2_shap": -1.1709, "top3_feature": "green_ratio", "top3_shap": -0.796, "priority_score": 39.833, "priority_rank": 379 }, "geometry": { "type": "Polygon", "coordinates": [ [ [ 126.943192447253821, 37.448875730106913 ], [ 126.943175744725636, 37.451129059207318 ], [ 126.946002142588014, 37.451142342148621 ], [ 126.946018760346021, 37.448889011972881 ], [ 126.943192447253821, 37.448875730106913 ] ] ] } },
{ "type": "Feature", "properties": { "display_grid_id": "11620_00072", "gu_code": 11620, "gu_name": "관악구", "source_cell_count": 12, "area_m2": 62500.0, "mean_actual_lst": 32.0248, "mean_actual_anomaly": -4.1738, "seoul_anomaly": -5.2865, "pred_anomaly": -5.2099, "pred_anomaly_std": 0.5341, "green_delta_c": -0.665, "building_ratio": 0.0, "green_ratio": 0.8169, "ndvi": 0.5537, "impervious_ratio": 0.0445, "built_surface_ratio": 0.0445, "avg_ground_floor_count": 0.0, "elevation_m": 172.851, "albedo": 0.1037, "nearest_park_distance_m": 1625.9496, "park_area_within_500m": 0.0, "nearest_stream_distance_m": 977.406, "est_population_density": 0.0, "dong_elderly_ratio": 0.1334, "dong_avg_age": 40.9, "dong_pop_density": 2941.0, "nearest_shelter_distance_m": 1713.0192, "shelter_count_within_500m": 0.0, "est_population": 0.0, "est_elderly": 0.0, "shelter_capacity_within_500m": 0.0, "building_form_group": "no_building", "dong_name": "대학동", "top1_feature": "built_surface_ratio", "top1_shap": -1.386, "top2_feature": "impervious_ratio", "top2_shap": -1.2043, "top3_feature": "green_ratio", "top3_shap": -0.8023, "priority_score": 38.3998, "priority_rank": 390 }, "geometry": { "type": "Polygon", "coordinates": [ [ [ 126.946018760346021, 37.448889011972881 ], [ 126.946002142588014, 37.451142342148621 ], [ 126.948828542300689, 37.451155557501188 ], [ 126.94884507528829, 37.448902226255584 ], [ 126.946018760346021, 37.448889011972881 ] ] ] } },
{ "type": "Feature", "properties": { "display_grid_id": "11620_00073", "gu_code": 11620, "gu_name": "관악구", "source_cell_count": 10, "area_m2": 62500.0, "mean_actual_lst": 32.7228, "mean_actual_anomaly": -3.533, "seoul_anomaly": -4.6457, "pred_anomaly": -3.4646, "pred_anomaly_std": 1.1369, "green_delta_c": -0.7291, "building_ratio": 0.0394, "green_ratio": 0.6015, "ndvi": 0.3794, "impervious_ratio": 0.1565, "built_surface_ratio": 0.1565, "avg_ground_floor_count": 0.72, "elevation_m": 174.35, "albedo": 0.0955, "nearest_park_distance_m": 1820.6472, "park_area_within_500m": 0.0, "nearest_stream_distance_m": 1000.9484, "est_population_density": 0.0, "dong_elderly_ratio": 0.1334, "dong_avg_age": 40.9, "dong_pop_density": 2941.0, "nearest_shelter_distance_m": 1897.0784, "shelter_count_within_500m": 0.0, "est_population": 0.0, "est_elderly": 0.0, "shelter_capacity_within_500m": 0.0, "building_form_group": "low_floor_low_density", "dong_name": "대학동", "top1_feature": "green_ratio", "top1_shap": -0.8918, "top2_feature": "built_surface_ratio", "top2_shap": -0.5035, "top3_feature": "ndvi", "top3_shap": -0.4073, "priority_score": 46.3683, "priority_rank": 319 }, "geometry": { "type": "Polygon", "coordinates": [ [ [ 126.94884507528829, 37.448902226255584 ], [ 126.948828542300689, 37.451155557501188 ], [ 126.951654943854194, 37.451168705264877 ], [ 126.951671392071177, 37.448915372954886 ], [ 126.94884507528829, 37.448902226255584 ] ] ] } },
{ "type": "Feature", "properties": { "display_grid_id": "11620_00074", "gu_code": 11620, "gu_name": "관악구", "source_cell_count": 15, "area_m2": 62500.0, "mean_actual_lst": 31.4366, "mean_actual_anomaly": -3.7003, "seoul_anomaly": -4.813, "pred_anomaly": -2.7675, "pred_anomaly_std": 1.1382, "green_delta_c": -0.5505, "building_ratio": 0.1092, "green_ratio": 0.5387, "ndvi": 0.3313, "impervious_ratio": 0.1849, "built_surface_ratio": 0.1849, "avg_ground_floor_count": 0.64, "elevation_m": 223.8234, "albedo": 0.0886, "nearest_park_distance_m": 2042.4604, "park_area_within_500m": 0.0, "nearest_stream_distance_m": 1087.2492, "est_population_density": 0.0, "dong_elderly_ratio": 0.1334, "dong_avg_age": 40.9, "dong_pop_density": 2941.0, "nearest_shelter_distance_m": 2064.884, "shelter_count_within_500m": 0.0, "est_population": 0.0, "est_elderly": 0.0, "shelter_capacity_within_500m": 0.0, "building_form_group": "no_building", "dong_name": "대학동", "top1_feature": "built_surface_ratio", "top1_shap": -0.4022, "top2_feature": "green_ratio", "top2_shap": -0.5519, "top3_feature": "impervious_ratio", "top3_shap": -0.025, "priority_score": 40.32, "priority_rank": 373 }, "geometry": { "type": "Polygon", "coordinates": [ [ [ 126.951671392071177, 37.448915372954886 ], [ 126.951654943854194, 37.451168705264877 ], [ 126.954481347239124, 37.451181785439559 ], [ 126.954497710685288, 37.448928452070639 ], [ 126.951671392071177, 37.448915372954886 ] ] ] } },
{ "type": "Feature", "properties": { "display_grid_id": "11620_00075", "gu_code": 11620, "gu_name": "관악구", "source_cell_count": 12, "area_m2": 62500.0, "mean_actual_lst": 28.7956, "mean_actual_anomaly": -6.1711, "seoul_anomaly": -7.2837, "pred_anomaly": -6.0248, "pred_anomaly_std": 0.5067, "green_delta_c": -0.5513, "building_ratio": 0.0006, "green_ratio": 0.7544, "ndvi": 0.4594, "impervious_ratio": 0.0524, "built_surface_ratio": 0.0524, "avg_ground_floor_count": 0.08, "elevation_m": 303.917, "albedo": 0.0695, "nearest_park_distance_m": 2204.554, "park_area_within_500m": 0.0, "nearest_stream_distance_m": 1211.87, "est_population_density": 0.0, "dong_elderly_ratio": 0.1334, "dong_avg_age": 40.9, "dong_pop_density": 2941.0, "nearest_shelter_distance_m": 2079.46, "shelter_count_within_500m": 0.0, "est_population": 0.0, "est_elderly": 0.0, "shelter_capacity_within_500m": 0.0, "building_form_group": "no_building", "dong_name": "대학동", "top1_feature": "built_surface_ratio", "top1_shap": -1.3796, "top2_feature": "impervious_ratio", "top2_shap": -1.1769, "top3_feature": "green_ratio", "top3_shap": -0.4357, "priority_score": 30.4314, "priority_rank": 451 }, "geometry": { "type": "Polygon", "coordinates": [ [ [ 126.954497710685288, 37.448928452070639 ], [ 126.954481347239124, 37.451181785439559 ], [ 126.957307752445985, 37.451194798025085 ], [ 126.957324031121132, 37.448941463602729 ], [ 126.954497710685288, 37.448928452070639 ] ] ] } },
{ "type": "Feature", "properties": { "display_grid_id": "11620_00076", "gu_code": 11620, "gu_name": "관악구", "source_cell_count": 16, "area_m2": 62500.0, "mean_actual_lst": 28.9625, "mean_actual_anomaly": -6.0586, "seoul_anomaly": -7.1712, "pred_anomaly": -6.2018, "pred_anomaly_std": 0.4322, "green_delta_c": -0.4653, "building_ratio": 0.0, "green_ratio": 0.7436, "ndvi": 0.455, "impervious_ratio": 0.0422, "built_surface_ratio": 0.0422, "avg_ground_floor_count": 0.0, "elevation_m": 344.0713, "albedo": 0.0783, "nearest_park_distance_m": 2156.624, "park_area_within_500m": 0.0, "nearest_stream_distance_m": 1342.5228, "est_population_density": 0.0, "dong_elderly_ratio": 0.1334, "dong_avg_age": 40.9, "dong_pop_density": 2941.0, "nearest_shelter_distance_m": 2019.918, "shelter_count_within_500m": 0.0, "est_population": 0.0, "est_elderly": 0.0, "shelter_capacity_within_500m": 0.0, "building_form_group": "no_building", "dong_name": "대학동", "top1_feature": "built_surface_ratio", "top1_shap": -1.4824, "top2_feature": "impervious_ratio", "top2_shap": -1.2921, "top3_feature": "green_ratio", "top3_shap": -0.4061, "priority_score": 28.0705, "priority_rank": 469 }, "geometry": { "type": "Polygon", "coordinates": [ [ [ 126.957324031121132, 37.448941463602729 ], [ 126.957307752445985, 37.451194798025085 ], [ 126.960134159465412, 37.451207743021342 ], [ 126.960150353369286, 37.448954407551014 ], [ 126.957324031121132, 37.448941463602729 ] ] ] } },
{ "type": "Feature", "properties": { "display_grid_id": "11620_00077", "gu_code": 11620, "gu_name": "관악구", "source_cell_count": 12, "area_m2": 62500.0, "mean_actual_lst": 28.8866, "mean_actual_anomaly": -6.0313, "seoul_anomaly": -7.1439, "pred_anomaly": -6.3384, "pred_anomaly_std": 0.4351, "green_delta_c": -0.3981, "building_ratio": 0.0, "green_ratio": 0.7745, "ndvi": 0.5143, "impervious_ratio": 0.0434, "built_surface_ratio": 0.0434, "avg_ground_floor_count": 0.0, "elevation_m": 369.1156, "albedo": 0.0833, "nearest_park_distance_m": 2104.684, "park_area_within_500m": 0.0, "nearest_stream_distance_m": 1364.2348, "est_population_density": 0.0, "dong_elderly_ratio": 0.1334, "dong_avg_age": 40.9, "dong_pop_density": 2941.0, "nearest_shelter_distance_m": 1993.026, "shelter_count_within_500m": 0.0, "est_population": 0.0, "est_elderly": 0.0, "shelter_capacity_within_500m": 0.0, "building_form_group": "no_building", "dong_name": "대학동", "top1_feature": "built_surface_ratio", "top1_shap": -1.4686, "top2_feature": "impervious_ratio", "top2_shap": -1.2754, "top3_feature": "green_ratio", "top3_shap": -0.6455, "priority_score": 25.9044, "priority_rank": 491 }, "geometry": { "type": "Polygon", "coordinates": [ [ [ 126.960150353369286, 37.448954407551014 ], [ 126.960134159465412, 37.451207743021342 ], [ 126.962960568287912, 37.451220620428181 ], [ 126.962976677420343, 37.448967283915344 ], [ 126.960150353369286, 37.448954407551014 ] ] ] } },
{ "type": "Feature", "properties": { "display_grid_id": "11620_00078", "gu_code": 11620, "gu_name": "관악구", "source_cell_count": 16, "area_m2": 62500.0, "mean_actual_lst": 28.7591, "mean_actual_anomaly": -6.154, "seoul_anomaly": -7.2666, "pred_anomaly": -6.3828, "pred_anomaly_std": 0.4461, "green_delta_c": -0.4826, "building_ratio": 0.0, "green_ratio": 0.7483, "ndvi": 0.4381, "impervious_ratio": 0.0462, "built_surface_ratio": 0.0462, "avg_ground_floor_count": 0.0, "elevation_m": 395.192, "albedo": 0.0883, "nearest_park_distance_m": 2078.4448, "park_area_within_500m": 0.0, "nearest_stream_distance_m": 1418.0328, "est_population_density": 0.0, "dong_elderly_ratio": 0.1334, "dong_avg_age": 40.9, "dong_pop_density": 2941.0, "nearest_shelter_distance_m": 1996.3136, "shelter_count_within_500m": 0.0, "est_population": 0.0, "est_elderly": 0.0, "shelter_capacity_within_500m": 0.0, "building_form_group": "no_building", "dong_name": "대학동", "top1_feature": "built_surface_ratio", "top1_shap": -1.4642, "top2_feature": "impervious_ratio", "top2_shap": -1.2753, "top3_feature": "elevation_m", "top3_shap": -0.7264, "priority_score": 28.3163, "priority_rank": 467 }, "geometry": { "type": "Polygon", "coordinates": [ [ [ 126.962976677420343, 37.448967283915344 ], [ 126.962960568287912, 37.451220620428181 ], [ 126.965786978904092, 37.45123343024548 ], [ 126.965803003264838, 37.448980092695606 ], [ 126.962976677420343, 37.448967283915344 ] ] ] } },
{ "type": "Feature", "properties": { "display_grid_id": "11620_00079", "gu_code": 11620, "gu_name": "관악구", "source_cell_count": 16, "area_m2": 62500.0, "mean_actual_lst": 28.7814, "mean_actual_anomaly": -6.4114, "seoul_anomaly": -7.5241, "pred_anomaly": -6.4502, "pred_anomaly_std": 0.4514, "green_delta_c": -0.4745, "building_ratio": 0.0, "green_ratio": 0.7683, "ndvi": 0.4893, "impervious_ratio": 0.0503, "built_surface_ratio": 0.0503, "avg_ground_floor_count": 0.0, "elevation_m": 418.4615, "albedo": 0.0909, "nearest_park_distance_m": 2082.9328, "park_area_within_500m": 0.0, "nearest_stream_distance_m": 1506.344, "est_population_density": 0.0, "dong_elderly_ratio": 0.1334, "dong_avg_age": 40.9, "dong_pop_density": 2941.0, "nearest_shelter_distance_m": 2029.1352, "shelter_count_within_500m": 0.0, "est_population": 0.0, "est_elderly": 0.0, "shelter_capacity_within_500m": 0.0, "building_form_group": "no_building", "dong_name": "대학동", "top1_feature": "built_surface_ratio", "top1_shap": -1.4305, "top2_feature": "impervious_ratio", "top2_shap": -1.2349, "top3_feature": "green_ratio", "top3_shap": -0.5236, "priority_score": 26.9527, "priority_rank": 478 }, "geometry": { "type": "Polygon", "coordinates": [ [ [ 126.965803003264838, 37.448980092695606 ], [ 126.965786978904092, 37.45123343024548 ], [ 126.968613391304459, 37.451246172473098 ], [ 126.968629330893322, 37.448992833891658 ], [ 126.965803003264838, 37.448980092695606 ] ] ] } },
{ "type": "Feature", "properties": { "display_grid_id": "11620_00080", "gu_code": 11620, "gu_name": "관악구", "source_cell_count": 9, "area_m2": 48301.69, "mean_actual_lst": 29.7679, "mean_actual_anomaly": -6.1352, "seoul_anomaly": -7.2479, "pred_anomaly": -6.6024, "pred_anomaly_std": 0.6229, "green_delta_c": -0.4842, "building_ratio": 0.0, "green_ratio": 0.757, "ndvi": 0.4442, "impervious_ratio": 0.0528, "built_surface_ratio": 0.0528, "avg_ground_floor_count": 0.0, "elevation_m": 475.8995, "albedo": 0.0991, "nearest_park_distance_m": 2095.8259, "park_area_within_500m": 0.0, "nearest_stream_distance_m": 1606.6391, "est_population_density": 0.0, "dong_elderly_ratio": 0.1409, "dong_avg_age": 41.2144, "dong_pop_density": 3360.2335, "nearest_shelter_distance_m": 2066.7087, "shelter_count_within_500m": 0.0, "est_population": 0.0, "est_elderly": 0.0, "shelter_capacity_within_500m": 0.0, "building_form_group": "no_building", "dong_name": "대학동", "top1_feature": "built_surface_ratio", "top1_shap": -1.4611, "top2_feature": "impervious_ratio", "top2_shap": -1.2705, "top3_feature": "elevation_m", "top3_shap": -1.0011, "priority_score": 28.6688, "priority_rank": 464 }, "geometry": { "type": "Polygon", "coordinates": [ [ [ 126.968629330893322, 37.448992833891658 ], [ 126.968613391304459, 37.451246172473098 ], [ 126.971439805479619, 37.451258847110907 ], [ 126.971440500165059, 37.451160121366527 ], [ 126.971067369999986, 37.45046987 ], [ 126.97056911, 37.44945274 ], [ 126.970311700000011, 37.44934933 ], [ 126.9701468, 37.44929128 ], [ 126.9700511, 37.44925747 ], [ 126.96959329, 37.44909601 ], [ 126.969320229457381, 37.448995938208505 ], [ 126.968629330893322, 37.448992833891658 ] ] ] } },
{ "type": "Feature", "properties": { "display_grid_id": "11620_00081", "gu_code": 11620, "gu_name": "관악구", "source_cell_count": 1, "area_m2": 26.25, "mean_actual_lst": 30.2299, "mean_actual_anomaly": -5.6223, "seoul_anomaly": -6.7349, "pred_anomaly": -6.4815, "pred_anomaly_std": 0.6306, "green_delta_c": -0.5837, "building_ratio": 0.0, "green_ratio": 0.7252, "ndvi": 0.3604, "impervious_ratio": 0.0498, "built_surface_ratio": 0.0498, "avg_ground_floor_count": 0.0, "elevation_m": 452.655, "albedo": 0.0968, "nearest_park_distance_m": 2016.46, "park_area_within_500m": 0.0, "nearest_stream_distance_m": 1593.02, "est_population_density": 0.0, "dong_elderly_ratio": 0.1763, "dong_avg_age": 42.7, "dong_pop_density": 5341.4, "nearest_shelter_distance_m": 1989.6, "shelter_count_within_500m": 0.0, "est_population": 0.0, "est_elderly": 0.0, "shelter_capacity_within_500m": 0.0, "building_form_group": "no_building", "dong_name": "남현동", "top1_feature": "built_surface_ratio", "top1_shap": -1.56, "top2_feature": "impervious_ratio", "top2_shap": -1.3694, "top3_feature": "elevation_m", "top3_shap": -0.9421, "priority_score": 33.3534, "priority_rank": 439 }, "geometry": { "type": "Polygon", "coordinates": [ [ [ 126.971439805479619, 37.451258847110907 ], [ 126.971494000108692, 37.451259089478221 ], [ 126.971440500165059, 37.451160121366527 ], [ 126.971439805479619, 37.451258847110907 ] ] ] } },
{ "type": "Feature", "properties": { "display_grid_id": "11620_00082", "gu_code": 11620, "gu_name": "관악구", "source_cell_count": 3, "area_m2": 7075.59, "mean_actual_lst": 31.1655, "mean_actual_anomaly": -5.075, "seoul_anomaly": -6.1876, "pred_anomaly": -5.6552, "pred_anomaly_std": 0.5796, "green_delta_c": -0.3899, "building_ratio": 0.0, "green_ratio": 0.766, "ndvi": 0.521, "impervious_ratio": 0.0629, "built_surface_ratio": 0.0629, "avg_ground_floor_count": 0.0, "elevation_m": 230.9738, "albedo": 0.1013, "nearest_park_distance_m": 731.9056, "park_area_within_500m": 0.0, "nearest_stream_distance_m": 999.5853, "est_population_density": 0.0, "dong_elderly_ratio": 0.2867, "dong_avg_age": 50.0, "dong_pop_density": 7603.9, "nearest_shelter_distance_m": 775.4206, "shelter_count_within_500m": 0.0, "est_population": 0.0, "est_elderly": 0.0, "shelter_capacity_within_500m": 0.0, "building_form_group": "no_building", "dong_name": "삼성동", "top1_feature": "built_surface_ratio", "top1_shap": -1.3065, "top2_feature": "impervious_ratio", "top2_shap": -1.1304, "top3_feature": "green_ratio", "top3_shap": -0.5, "priority_score": 26.41, "priority_rank": 486 }, "geometry": { "type": "Polygon", "coordinates": [ [ [ 126.926200183874812, 37.4533012638692 ], [ 126.926205682198471, 37.452581518508602 ], [ 126.926096509999979, 37.45265045 ], [ 126.926087870000018, 37.45265212 ], [ 126.9260559, 37.45265774 ], [ 126.925859560000021, 37.45279924 ], [ 126.9257007, 37.45291345 ], [ 126.92567578, 37.45292132 ], [ 126.92566625, 37.45292356 ], [ 126.92565511, 37.45292863 ], [ 126.92564399, 37.452932 ], [ 126.92543325, 37.45299437 ], [ 126.925182729999989, 37.45292916 ], [ 126.924825590000012, 37.45283827 ], [ 126.924785510000021, 37.45282896 ], [ 126.92459192, 37.45305042 ], [ 126.9244003, 37.45324175 ], [ 126.924349385070656, 37.453292263183435 ], [ 126.926200183874812, 37.4533012638692 ] ] ] } },
{ "type": "Feature", "properties": { "display_grid_id": "11620_00083", "gu_code": 11620, "gu_name": "관악구", "source_cell_count": 9, "area_m2": 55159.3, "mean_actual_lst": 30.447, "mean_actual_anomaly": -5.8964, "seoul_anomaly": -7.009, "pred_anomaly": -6.0002, "pred_anomaly_std": 0.7227, "green_delta_c": -0.3903, "building_ratio": 0.0, "green_ratio": 0.6584, "ndvi": 0.4021, "impervious_ratio": 0.0412, "built_surface_ratio": 0.0412, "avg_ground_floor_count": 0.0, "elevation_m": 279.7116, "albedo": 0.082, "nearest_park_distance_m": 782.5861, "park_area_within_500m": 0.0, "nearest_stream_distance_m": 1166.0343, "est_population_density": 0.0, "dong_elderly_ratio": 0.2814, "dong_avg_age": 49.569, "dong_pop_density": 8374.4683, "nearest_shelter_distance_m": 873.0746, "shelter_count_within_500m": 0.0, "est_population": 0.0, "est_elderly": 0.0, "shelter_capacity_within_500m": 0.0, "building_form_group": "no_building", "dong_name": "삼성동", "top1_feature": "built_surface_ratio", "top1_shap": -1.5625, "top2_feature": "impervious_ratio", "top2_shap": -1.371, "top3_feature": "green_ratio", "top3_shap": -0.4604, "priority_score": 24.782, "priority_rank": 503 }, "geometry": { "type": "Polygon", "coordinates": [ [ [ 126.926200183874812, 37.4533012638692 ], [ 126.929026655215623, 37.453314953448256 ], [ 126.929043783498273, 37.451061630674573 ], [ 126.928072676973329, 37.451056935131966 ], [ 126.92807129, 37.45105719 ], [ 126.92788054, 37.45109198 ], [ 126.92784507, 37.45108606 ], [ 126.92774512, 37.45106937 ], [ 126.927659232245219, 37.451054933601505 ], [ 126.927269020836121, 37.451053043219254 ], [ 126.92706081, 37.45129701 ], [ 126.92669254, 37.45173264 ], [ 126.92657081, 37.45196992 ], [ 126.92654023, 37.45200256 ], [ 126.92641408, 37.45224519 ], [ 126.926275160000017, 37.45253765 ], [ 126.926205682198471, 37.452581518508602 ], [ 126.926200183874812, 37.4533012638692 ] ] ] } },
{ "type": "Feature", "properties": { "display_grid_id": "11620_00084", "gu_code": 11620, "gu_name": "관악구", "source_cell_count": 12, "area_m2": 62500.0, "mean_actual_lst": 30.4838, "mean_actual_anomaly": -5.9086, "seoul_anomaly": -7.0212, "pred_anomaly": -6.0903, "pred_anomaly_std": 0.5844, "green_delta_c": -0.5087, "building_ratio": 0.0, "green_ratio": 0.756, "ndvi": 0.4509, "impervious_ratio": 0.0421, "built_surface_ratio": 0.0421, "avg_ground_floor_count": 0.0, "elevation_m": 286.9774, "albedo": 0.0903, "nearest_park_distance_m": 776.4196, "park_area_within_500m": 0.0, "nearest_stream_distance_m": 1403.5364, "est_population_density": 0.0, "dong_elderly_ratio": 0.2867, "dong_avg_age": 50.0, "dong_pop_density": 7603.9, "nearest_shelter_distance_m": 939.19, "shelter_count_within_500m": 0.0, "est_population": 0.0, "est_elderly": 0.0, "shelter_capacity_within_500m": 0.0, "building_form_group": "no_building", "dong_name": "삼성동", "top1_feature": "built_surface_ratio", "top1_shap": -1.5074, "top2_feature": "impervious_ratio", "top2_shap": -1.3062, "top3_feature": "green_ratio", "top3_shap": -0.701, "priority_score": 26.628, "priority_rank": 484 }, "geometry": { "type": "Polygon", "coordinates": [ [ [ 126.929043783498273, 37.451061630674573 ], [ 126.929026655215623, 37.453314953448256 ], [ 126.93185312846353, 37.453328575433922 ], [ 126.931870171967688, 37.451075251557484 ], [ 126.929043783498273, 37.451061630674573 ] ] ] } },
{ "type": "Feature", "properties": { "display_grid_id": "11620_00085", "gu_code": 11620, "gu_name": "관악구", "source_cell_count": 12, "area_m2": 62500.0, "mean_actual_lst": 29.9436, "mean_actual_anomaly": -6.3733, "seoul_anomaly": -7.4859, "pred_anomaly": -6.1043, "pred_anomaly_std": 0.6359, "green_delta_c": -0.4924, "building_ratio": 0.0, "green_ratio": 0.7385, "ndvi": 0.4648, "impervious_ratio": 0.0377, "built_surface_ratio": 0.0377, "avg_ground_floor_count": 0.0, "elevation_m": 296.0558, "albedo": 0.0889, "nearest_park_distance_m": 756.5276, "park_area_within_500m": 0.0, "nearest_stream_distance_m": 1466.4348, "est_population_density": 0.0, "dong_elderly_ratio": 0.2867, "dong_avg_age": 50.0, "dong_pop_density": 7603.9, "nearest_shelter_distance_m": 916.61, "shelter_count_within_500m": 0.0, "est_population": 0.0, "est_elderly": 0.0, "shelter_capacity_within_500m": 0.0, "building_form_group": "no_building", "dong_name": "삼성동", "top1_feature": "built_surface_ratio", "top1_shap": -1.5399, "top2_feature": "impervious_ratio", "top2_shap": -1.3515, "top3_feature": "green_ratio", "top3_shap": -0.7379, "priority_score": 24.9397, "priority_rank": 501 }, "geometry": { "type": "Polygon", "coordinates": [ [ [ 126.931870171967688, 37.451075251557484 ], [ 126.93185312846353, 37.453328575433922 ], [ 126.934679603609155, 37.453342129826083 ], [ 126.934696562334565, 37.451088804852368 ], [ 126.931870171967688, 37.451075251557484 ] ] ] } },
{ "type": "Feature", "properties": { "display_grid_id": "11620_00086", "gu_code": 11620, "gu_name": "관악구", "source_cell_count": 12, "area_m2": 62500.0, "mean_actual_lst": 30.6905, "mean_actual_anomaly": -5.6955, "seoul_anomaly": -6.8081, "pred_anomaly": -5.7743, "pred_anomaly_std": 0.5046, "green_delta_c": -0.5517, "building_ratio": 0.0, "green_ratio": 0.7592, "ndvi": 0.4874, "impervious_ratio": 0.0429, "built_surface_ratio": 0.0429, "avg_ground_floor_count": 0.0, "elevation_m": 295.9764, "albedo": 0.1113, "nearest_park_distance_m": 809.3852, "park_area_within_500m": 0.0, "nearest_stream_distance_m": 1260.1228, "est_population_density": 0.0, "dong_elderly_ratio": 0.1825, "dong_avg_age": 43.812, "dong_pop_density": 4433.128, "nearest_shelter_distance_m": 953.89, "shelter_count_within_500m": 0.0, "est_population": 0.0, "est_elderly": 0.0, "shelter_capacity_within_500m": 0.0, "building_form_group": "no_building", "dong_name": "대학동", "top1_feature": "built_surface_ratio", "top1_shap": -1.4351, "top2_feature": "impervious_ratio", "top2_shap": -1.2506, "top3_feature": "green_ratio", "top3_shap": -0.7829, "priority_score": 28.6781, "priority_rank": 463 }, "geometry": { "type": "Polygon", "coordinates": [ [ [ 126.934696562334565, 37.451088804852368 ], [ 126.934679603609155, 37.453342129826083 ], [ 126.937506080643018, 37.453355616624577 ], [ 126.937522954589483, 37.451102290559049 ], [ 126.934696562334565, 37.451088804852368 ] ] ] } },
{ "type": "Feature", "properties": { "display_grid_id": "11620_00087", "gu_code": 11620, "gu_name": "관악구", "source_cell_count": 12, "area_m2": 62500.0, "mean_actual_lst": 31.2477, "mean_actual_anomaly": -5.128, "seoul_anomaly": -6.2406, "pred_anomaly": -5.3338, "pred_anomaly_std": 0.5333, "green_delta_c": -0.5602, "building_ratio": 0.0, "green_ratio": 0.8107, "ndvi": 0.5502, "impervious_ratio": 0.0497, "built_surface_ratio": 0.0497, "avg_ground_floor_count": 0.0, "elevation_m": 215.6789, "albedo": 0.1223, "nearest_park_distance_m": 922.8676, "park_area_within_500m": 0.0, "nearest_stream_distance_m": 1074.8028, "est_population_density": 0.0, "dong_elderly_ratio": 0.1334, "dong_avg_age": 40.9, "dong_pop_density": 2941.0, "nearest_shelter_distance_m": 1046.1284, "shelter_count_within_500m": 0.0, "est_population": 0.0, "est_elderly": 0.0, "shelter_capacity_within_500m": 0.0, "building_form_group": "no_building", "dong_name": "대학동", "top1_feature": "built_surface_ratio", "top1_shap": -1.3576, "top2_feature": "impervious_ratio", "top2_shap": -1.1787, "top3_feature": "green_ratio", "top3_shap": -0.8397, "priority_score": 29.6892, "priority_rank": 461 }, "geometry": { "type": "Polygon", "coordinates": [ [ [ 126.937522954589483, 37.451102290559049 ], [ 126.937506080643018, 37.453355616624577 ], [ 126.940332559555685, 37.45336903582929 ], [ 126.940349348722989, 37.451115708677413 ], [ 126.937522954589483, 37.451102290559049 ] ] ] } },
{ "type": "Feature", "properties": { "display_grid_id": "11620_00088", "gu_code": 11620, "gu_name": "관악구", "source_cell_count": 11, "area_m2": 62500.0, "mean_actual_lst": 30.8323, "mean_actual_anomaly": -5.1546, "seoul_anomaly": -6.2673, "pred_anomaly": -5.1058, "pred_anomaly_std": 0.462, "green_delta_c": -0.6729, "building_ratio": 0.0, "green_ratio": 0.8115, "ndvi": 0.5702, "impervious_ratio": 0.0417, "built_surface_ratio": 0.0417, "avg_ground_floor_count": 0.0, "elevation_m": 158.7696, "albedo": 0.1044, "nearest_park_distance_m": 1091.7552, "park_area_within_500m": 0.0, "nearest_stream_distance_m": 903.68, "est_population_density": 0.0, "dong_elderly_ratio": 0.1334, "dong_avg_age": 40.9, "dong_pop_density": 2941.0, "nearest_shelter_distance_m": 1193.3376, "shelter_count_within_500m": 0.0, "est_population": 0.0, "est_elderly": 0.0, "shelter_capacity_within_500m": 0.0, "building_form_group": "no_building", "dong_name": "대학동", "top1_feature": "built_surface_ratio", "top1_shap": -1.4322, "top2_feature": "impervious_ratio", "top2_shap": -1.2625, "top3_feature": "green_ratio", "top3_shap": -0.7752, "priority_score": 33.743, "priority_rank": 435 }, "geometry": { "type": "Polygon", "coordinates": [ [ [ 126.940349348722989, 37.451115708677413 ], [ 126.940332559555685, 37.45336903582929 ], [ 126.943159040337747, 37.453382387440065 ], [ 126.943175744725636, 37.451129059207318 ], [ 126.940349348722989, 37.451115708677413 ] ] ] } },
{ "type": "Feature", "properties": { "display_grid_id": "11620_00089", "gu_code": 11620, "gu_name": "관악구", "source_cell_count": 9, "area_m2": 62500.0, "mean_actual_lst": 30.7676, "mean_actual_anomaly": -5.0379, "seoul_anomaly": -6.1506, "pred_anomaly": -5.2101, "pred_anomaly_std": 0.6193, "green_delta_c": -0.7358, "building_ratio": 0.0, "green_ratio": 0.7838, "ndvi": 0.5284, "impervious_ratio": 0.0451, "built_surface_ratio": 0.0451, "avg_ground_floor_count": 0.0, "elevation_m": 171.366, "albedo": 0.0901, "nearest_park_distance_m": 1274.036, "park_area_within_500m": 0.0, "nearest_stream_distance_m": 789.8952, "est_population_density": 0.0, "dong_elderly_ratio": 0.1334, "dong_avg_age": 40.9, "dong_pop_density": 2941.0, "nearest_shelter_distance_m": 1359.6152, "shelter_count_within_500m": 0.0, "est_population": 0.0, "est_elderly": 0.0, "shelter_capacity_within_500m": 0.0, "building_form_group": "no_building", "dong_name": "대학동", "top1_feature": "built_surface_ratio", "top1_shap": -1.4122, "top2_feature": "impervious_ratio", "top2_shap": -1.2275, "top3_feature": "green_ratio", "top3_shap": -0.7451, "priority_score": 37.9453, "priority_rank": 395 }, "geometry": { "type": "Polygon", "coordinates": [ [ [ 126.943175744725636, 37.451129059207318 ], [ 126.943159040337747, 37.453382387440065 ], [ 126.94598552297974, 37.453395671456761 ], [ 126.946002142588014, 37.451142342148621 ], [ 126.943175744725636, 37.451129059207318 ] ] ] } },
{ "type": "Feature", "properties": { "display_grid_id": "11620_00090", "gu_code": 11620, "gu_name": "관악구", "source_cell_count": 12, "area_m2": 62500.0, "mean_actual_lst": 32.6479, "mean_actual_anomaly": -3.2583, "seoul_anomaly": -4.3709, "pred_anomaly": -5.135, "pred_anomaly_std": 0.6188, "green_delta_c": -0.7879, "building_ratio": 0.0, "green_ratio": 0.7936, "ndvi": 0.5501, "impervious_ratio": 0.0562, "built_surface_ratio": 0.0562, "avg_ground_floor_count": 0.0, "elevation_m": 191.9988, "albedo": 0.111, "nearest_park_distance_m": 1489.9832, "park_area_within_500m": 0.0, "nearest_stream_distance_m": 738.4188, "est_population_density": 0.0, "dong_elderly_ratio": 0.1334, "dong_avg_age": 40.9, "dong_pop_density": 2941.0, "nearest_shelter_distance_m": 1561.5008, "shelter_count_within_500m": 0.0, "est_population": 0.0, "est_elderly": 0.0, "shelter_capacity_within_500m": 0.0, "building_form_group": "no_building", "dong_name": "대학동", "top1_feature": "built_surface_ratio", "top1_shap": -1.2982, "top2_feature": "impervious_ratio", "top2_shap": -1.107, "top3_feature": "green_ratio", "top3_shap": -0.8153, "priority_score": 45.6354, "priority_rank": 329 }, "geometry": { "type": "Polygon", "coordinates": [ [ [ 126.946002142588014, 37.451142342148621 ], [ 126.94598552297974, 37.453395671456761 ], [ 126.948812007472242, 37.453408887879249 ], [ 126.948828542300689, 37.451155557501188 ], [ 126.946002142588014, 37.451142342148621 ] ] ] } },
{ "type": "Feature", "properties": { "display_grid_id": "11620_00091", "gu_code": 11620, "gu_name": "관악구", "source_cell_count": 11, "area_m2": 62500.0, "mean_actual_lst": 32.5454, "mean_actual_anomaly": -3.7963, "seoul_anomaly": -4.909, "pred_anomaly": -3.9962, "pred_anomaly_std": 0.9935, "green_delta_c": -0.7463, "building_ratio": 0.003, "green_ratio": 0.708, "ndvi": 0.4847, "impervious_ratio": 0.1296, "built_surface_ratio": 0.1296, "avg_ground_floor_count": 0.4, "elevation_m": 150.4466, "albedo": 0.0963, "nearest_park_distance_m": 1700.324, "park_area_within_500m": 0.0, "nearest_stream_distance_m": 769.3116, "est_population_density": 0.0, "dong_elderly_ratio": 0.1334, "dong_avg_age": 40.9, "dong_pop_density": 2941.0, "nearest_shelter_distance_m": 1738.1184, "shelter_count_within_500m": 0.0, "est_population": 0.0, "est_elderly": 0.0, "shelter_capacity_within_500m": 0.0, "building_form_group": "no_building", "dong_name": "대학동", "top1_feature": "green_ratio", "top1_shap": -1.1421, "top2_feature": "built_surface_ratio", "top2_shap": -0.518, "top3_feature": "ndvi", "top3_shap": -0.4988, "priority_score": 45.3942, "priority_rank": 335 }, "geometry": { "type": "Polygon", "coordinates": [ [ [ 126.948828542300689, 37.451155557501188 ], [ 126.948812007472242, 37.453408887879249 ], [ 126.951638493805802, 37.453422036707401 ], [ 126.951654943854194, 37.451168705264877 ], [ 126.948828542300689, 37.451155557501188 ] ] ] } },
{ "type": "Feature", "properties": { "display_grid_id": "11620_00092", "gu_code": 11620, "gu_name": "관악구", "source_cell_count": 14, "area_m2": 62500.0, "mean_actual_lst": 31.7274, "mean_actual_anomaly": -4.1597, "seoul_anomaly": -5.2723, "pred_anomaly": -3.9996, "pred_anomaly_std": 0.9639, "green_delta_c": -0.4588, "building_ratio": 0.0137, "green_ratio": 0.6578, "ndvi": 0.46, "impervious_ratio": 0.1466, "built_surface_ratio": 0.1466, "avg_ground_floor_count": 0.08, "elevation_m": 181.3712, "albedo": 0.0862, "nearest_park_distance_m": 1922.5564, "park_area_within_500m": 0.0, "nearest_stream_distance_m": 878.614, "est_population_density": 0.0, "dong_elderly_ratio": 0.1334, "dong_avg_age": 40.9, "dong_pop_density": 2941.0, "nearest_shelter_distance_m": 1846.4264, "shelter_count_within_500m": 0.0, "est_population": 0.0, "est_elderly": 0.0, "shelter_capacity_within_500m": 0.0, "building_form_group": "no_building", "dong_name": "대학동", "top1_feature": "green_ratio", "top1_shap": -0.927, "top2_feature": "built_surface_ratio", "top2_shap": -0.46, "top3_feature": "ndvi", "top3_shap": -0.4373, "priority_score": 35.6354, "priority_rank": 412 }, "geometry": { "type": "Polygon", "coordinates": [ [ [ 126.951654943854194, 37.451168705264877 ], [ 126.951638493805802, 37.453422036707401 ], [ 126.954464981970972, 37.453435117941055 ], [ 126.954481347239124, 37.451181785439559 ], [ 126.951654943854194, 37.451168705264877 ] ] ] } },
{ "type": "Feature", "properties": { "display_grid_id": "11620_00093", "gu_code": 11620, "gu_name": "관악구", "source_cell_count": 11, "area_m2": 62500.0, "mean_actual_lst": 29.2049, "mean_actual_anomaly": -5.8202, "seoul_anomaly": -6.9328, "pred_anomaly": -5.6988, "pred_anomaly_std": 0.5221, "green_delta_c": -0.5529, "building_ratio": 0.0, "green_ratio": 0.775, "ndvi": 0.5146, "impervious_ratio": 0.0438, "built_surface_ratio": 0.0438, "avg_ground_floor_count": 0.0, "elevation_m": 232.5838, "albedo": 0.0747, "nearest_park_distance_m": 2006.6356, "park_area_within_500m": 0.0, "nearest_stream_distance_m": 1028.8236, "est_population_density": 0.0, "dong_elderly_ratio": 0.1334, "dong_avg_age": 40.9, "dong_pop_density": 2941.0, "nearest_shelter_distance_m": 1851.9688, "shelter_count_within_500m": 0.0, "est_population": 0.0, "est_elderly": 0.0, "shelter_capacity_within_500m": 0.0, "building_form_group": "no_building", "dong_name": "대학동", "top1_feature": "built_surface_ratio", "top1_shap": -1.4148, "top2_feature": "impervious_ratio", "top2_shap": -1.2281, "top3_feature": "green_ratio", "top3_shap": -0.779, "priority_score": 30.2644, "priority_rank": 454 }, "geometry": { "type": "Polygon", "coordinates": [ [ [ 126.954481347239124, 37.451181785439559 ], [ 126.954464981970972, 37.453435117941055 ], [ 126.957291471958328, 37.45344813158011 ], [ 126.957307752445985, 37.451194798025085 ], [ 126.954481347239124, 37.451181785439559 ] ] ] } },
{ "type": "Feature", "properties": { "display_grid_id": "11620_00094", "gu_code": 11620, "gu_name": "관악구", "source_cell_count": 11, "area_m2": 62500.0, "mean_actual_lst": 28.8271, "mean_actual_anomaly": -6.1775, "seoul_anomaly": -7.2902, "pred_anomaly": -6.0249, "pred_anomaly_std": 0.4507, "green_delta_c": -0.4182, "building_ratio": 0.0, "green_ratio": 0.8067, "ndvi": 0.5894, "impervious_ratio": 0.0405, "built_surface_ratio": 0.0405, "avg_ground_floor_count": 0.0, "elevation_m": 270.7679, "albedo": 0.0783, "nearest_park_distance_m": 1926.7536, "park_area_within_500m": 0.0, "nearest_stream_distance_m": 1118.0652, "est_population_density": 0.0, "dong_elderly_ratio": 0.1334, "dong_avg_age": 40.9, "dong_pop_density": 2941.0, "nearest_shelter_distance_m": 1784.0996, "shelter_count_within_500m": 0.0, "est_population": 0.0, "est_elderly": 0.0, "shelter_capacity_within_500m": 0.0, "building_form_group": "no_building", "dong_name": "대학동", "top1_feature": "built_surface_ratio", "top1_shap": -1.4514, "top2_feature": "impervious_ratio", "top2_shap": -1.2617, "top3_feature": "green_ratio", "top3_shap": -0.8159, "priority_score": 24.2532, "priority_rank": 510 }, "geometry": { "type": "Polygon", "coordinates": [ [ [ 126.957307752445985, 37.451194798025085 ], [ 126.957291471958328, 37.45344813158011 ], [ 126.960117963758449, 37.453461077624404 ], [ 126.960134159465412, 37.451207743021342 ], [ 126.957307752445985, 37.451194798025085 ] ] ] } },
{ "type": "Feature", "properties": { "display_grid_id": "11620_00095", "gu_code": 11620, "gu_name": "관악구", "source_cell_count": 12, "area_m2": 62500.0, "mean_actual_lst": 29.1482, "mean_actual_anomaly": -5.9485, "seoul_anomaly": -7.0612, "pred_anomaly": -6.1807, "pred_anomaly_std": 0.4252, "green_delta_c": -0.4088, "building_ratio": 0.0, "green_ratio": 0.7965, "ndvi": 0.5329, "impervious_ratio": 0.0406, "built_surface_ratio": 0.0406, "avg_ground_floor_count": 0.0, "elevation_m": 316.324, "albedo": 0.0798, "nearest_park_distance_m": 1868.4296, "park_area_within_500m": 0.0, "nearest_stream_distance_m": 1126.6364, "est_population_density": 0.0, "dong_elderly_ratio": 0.1334, "dong_avg_age": 40.9, "dong_pop_density": 2941.0, "nearest_shelter_distance_m": 1753.598, "shelter_count_within_500m": 0.0, "est_population": 0.0, "est_elderly": 0.0, "shelter_capacity_within_500m": 0.0, "building_form_group": "no_building", "dong_name": "대학동", "top1_feature": "built_surface_ratio", "top1_shap": -1.4609, "top2_feature": "impervious_ratio", "top2_shap": -1.2718, "top3_feature": "green_ratio", "top3_shap": -0.7678, "priority_score": 25.0232, "priority_rank": 499 }, "geometry": { "type": "Polygon", "coordinates": [ [ [ 126.960134159465412, 37.451207743021342 ], [ 126.960117963758449, 37.453461077624404 ], [ 126.962944457361829, 37.453473956073807 ], [ 126.962960568287912, 37.451220620428181 ], [ 126.960134159465412, 37.451207743021342 ] ] ] } },
{ "type": "Feature", "properties": { "display_grid_id": "11620_00096", "gu_code": 11620, "gu_name": "관악구", "source_cell_count": 11, "area_m2": 62500.0, "mean_actual_lst": 28.9064, "mean_actual_anomaly": -6.0238, "seoul_anomaly": -7.1364, "pred_anomaly": -6.2059, "pred_anomaly_std": 0.4368, "green_delta_c": -0.3987, "building_ratio": 0.0, "green_ratio": 0.7856, "ndvi": 0.4877, "impervious_ratio": 0.0414, "built_surface_ratio": 0.0414, "avg_ground_floor_count": 0.0, "elevation_m": 329.8972, "albedo": 0.0921, "nearest_park_distance_m": 1838.8288, "park_area_within_500m": 0.0, "nearest_stream_distance_m": 1191.196, "est_population_density": 0.0, "dong_elderly_ratio": 0.1334, "dong_avg_age": 40.9, "dong_pop_density": 2941.0, "nearest_shelter_distance_m": 1757.3304, "shelter_count_within_500m": 0.0, "est_population": 0.0, "est_elderly": 0.0, "shelter_capacity_within_500m": 0.0, "building_form_group": "no_building", "dong_name": "대학동", "top1_feature": "built_surface_ratio", "top1_shap": -1.4583, "top2_feature": "impervious_ratio", "top2_shap": -1.2691, "top3_feature": "green_ratio", "top3_shap": -0.775, "priority_score": 25.0047, "priority_rank": 500 }, "geometry": { "type": "Polygon", "coordinates": [ [ [ 126.962960568287912, 37.451220620428181 ], [ 126.962944457361829, 37.453473956073807 ], [ 126.965770952759101, 37.453486766928201 ], [ 126.965786978904092, 37.45123343024548 ], [ 126.962960568287912, 37.451220620428181 ] ] ] } },
{ "type": "Feature", "properties": { "display_grid_id": "11620_00097", "gu_code": 11620, "gu_name": "관악구", "source_cell_count": 11, "area_m2": 62500.0, "mean_actual_lst": 28.8439, "mean_actual_anomaly": -6.2857, "seoul_anomaly": -7.3984, "pred_anomaly": -6.4755, "pred_anomaly_std": 0.4579, "green_delta_c": -0.3404, "building_ratio": 0.0, "green_ratio": 0.7794, "ndvi": 0.4921, "impervious_ratio": 0.0432, "built_surface_ratio": 0.0432, "avg_ground_floor_count": 0.0, "elevation_m": 396.0928, "albedo": 0.0948, "nearest_park_distance_m": 1843.9024, "park_area_within_500m": 0.0, "nearest_stream_distance_m": 1295.072, "est_population_density": 0.0, "dong_elderly_ratio": 0.1334, "dong_avg_age": 40.9, "dong_pop_density": 2941.0, "nearest_shelter_distance_m": 1794.5264, "shelter_count_within_500m": 0.0, "est_population": 0.0, "est_elderly": 0.0, "shelter_capacity_within_500m": 0.0, "building_form_group": "no_building", "dong_name": "대학동", "top1_feature": "built_surface_ratio", "top1_shap": -1.4737, "top2_feature": "impervious_ratio", "top2_shap": -1.2889, "top3_feature": "elevation_m", "top3_shap": -0.6429, "priority_score": 23.423, "priority_rank": 521 }, "geometry": { "type": "Polygon", "coordinates": [ [ [ 126.965786978904092, 37.45123343024548 ], [ 126.965770952759101, 37.453486766928201 ], [ 126.968597449940816, 37.453499510187434 ], [ 126.968613391304459, 37.451246172473098 ], [ 126.965786978904092, 37.45123343024548 ] ] ] } },
{ "type": "Feature", "properties": { "display_grid_id": "11620_00098", "gu_code": 11620, "gu_name": "관악구", "source_cell_count": 12, "area_m2": 62500.0, "mean_actual_lst": 30.2871, "mean_actual_anomaly": -5.6367, "seoul_anomaly": -6.7493, "pred_anomaly": -6.2327, "pred_anomaly_std": 0.5398, "green_delta_c": -0.754, "building_ratio": 0.0, "green_ratio": 0.7464, "ndvi": 0.4535, "impervious_ratio": 0.0605, "built_surface_ratio": 0.0605, "avg_ground_floor_count": 0.0, "elevation_m": 431.2759, "albedo": 0.0996, "nearest_park_distance_m": 1883.6088, "park_area_within_500m": 0.0, "nearest_stream_distance_m": 1443.7224, "est_population_density": 0.0, "dong_elderly_ratio": 0.1591, "dong_avg_age": 41.98, "dong_pop_density": 4381.24, "nearest_shelter_distance_m": 1857.1776, "shelter_count_within_500m": 0.0, "est_population": 0.0, "est_elderly": 0.0, "shelter_capacity_within_500m": 0.0, "building_form_group": "no_building", "dong_name": "남현동", "top1_feature": "built_surface_ratio", "top1_shap": -1.3459, "top2_feature": "impervious_ratio", "top2_shap": -1.1473, "top3_feature": "elevation_m", "top3_shap": -1.0266, "priority_score": 38.975, "priority_rank": 386 }, "geometry": { "type": "Polygon", "coordinates": [ [ [ 126.968613391304459, 37.451246172473098 ], [ 126.968597449940816, 37.453499510187434 ], [ 126.97142394889751, 37.453512185851395 ], [ 126.971439805479619, 37.451258847110907 ], [ 126.968613391304459, 37.451246172473098 ] ] ] } },
{ "type": "Feature", "properties": { "display_grid_id": "11620_00099", "gu_code": 11620, "gu_name": "관악구", "source_cell_count": 8, "area_m2": 26163.46, "mean_actual_lst": 31.0037, "mean_actual_anomaly": -5.1715, "seoul_anomaly": -6.2841, "pred_anomaly": -6.1263, "pred_anomaly_std": 0.4843, "green_delta_c": -0.6779, "building_ratio": 0.0, "green_ratio": 0.7436, "ndvi": 0.4254, "impervious_ratio": 0.0508, "built_surface_ratio": 0.0508, "avg_ground_floor_count": 0.0, "elevation_m": 383.1192, "albedo": 0.1062, "nearest_park_distance_m": 1888.4374, "park_area_within_500m": 0.0, "nearest_stream_distance_m": 1532.5623, "est_population_density": 0.0, "dong_elderly_ratio": 0.1763, "dong_avg_age": 42.7, "dong_pop_density": 5341.4, "nearest_shelter_distance_m": 1859.7441, "shelter_count_within_500m": 0.0, "est_population": 0.0, "est_elderly": 0.0, "shelter_capacity_within_500m": 0.0, "building_form_group": "no_building", "dong_name": "남현동", "top1_feature": "built_surface_ratio", "top1_shap": -1.4123, "top2_feature": "impervious_ratio", "top2_shap": -1.2154, "top3_feature": "green_ratio", "top3_shap": -0.4584, "priority_score": 38.0148, "priority_rank": 393 }, "geometry": { "type": "Polygon", "coordinates": [ [ [ 126.971439805479619, 37.451258847110907 ], [ 126.97142394889751, 37.453512185851395 ], [ 126.973666446080514, 37.453522194417658 ], [ 126.973371290000017, 37.45323766 ], [ 126.973324169999984, 37.45316445000001 ], [ 126.973256400000011, 37.4530487 ], [ 126.97284326, 37.45238242 ], [ 126.97175255, 37.45173737 ], [ 126.971494000108692, 37.451259089478221 ], [ 126.971439805479619, 37.451258847110907 ] ] ] } },
{ "type": "Feature", "properties": { "display_grid_id": "11620_00100", "gu_code": 11620, "gu_name": "관악구", "source_cell_count": 5, "area_m2": 5231.55, "mean_actual_lst": 30.412, "mean_actual_anomaly": -5.8717, "seoul_anomaly": -6.9844, "pred_anomaly": -5.5047, "pred_anomaly_std": 0.4893, "green_delta_c": -0.5294, "building_ratio": 0.0, "green_ratio": 0.8477, "ndvi": 0.6362, "impervious_ratio": 0.0366, "built_surface_ratio": 0.0366, "avg_ground_floor_count": 0.0, "elevation_m": 212.021, "albedo": 0.1111, "nearest_park_distance_m": 640.8482, "park_area_within_500m": 0.0, "nearest_stream_distance_m": 913.3647, "est_population_density": 0.0, "dong_elderly_ratio": 0.2867, "dong_avg_age": 50.0, "dong_pop_density": 7603.9, "nearest_shelter_distance_m": 522.9078, "shelter_count_within_500m": 0.488, "est_population": 0.0, "est_elderly": 0.0, "shelter_capacity_within_500m": 8.2, "building_form_group": "no_building", "dong_name": "삼성동", "top1_feature": "built_surface_ratio", "top1_shap": -1.4813, "top2_feature": "impervious_ratio", "top2_shap": -1.2987, "top3_feature": "green_ratio", "top3_shap": -0.8002, "priority_score": 23.4648, "priority_rank": 519 }, "geometry": { "type": "Polygon", "coordinates": [ [ [ 126.923356414685585, 37.455540826380542 ], [ 126.923366823379041, 37.454185109010822 ], [ 126.92334629, 37.45419642 ], [ 126.92332243, 37.45421639 ], [ 126.923312, 37.45422455 ], [ 126.92322128, 37.4543419 ], [ 126.92320945, 37.45435738 ], [ 126.9231495, 37.4544373 ], [ 126.92309326, 37.45451244 ], [ 126.923086179999984, 37.45452454 ], [ 126.9230837, 37.45452905 ], [ 126.92307982, 37.45453862 ], [ 126.92295853, 37.4548339 ], [ 126.922826450000017, 37.45515648 ], [ 126.922808750000016, 37.45520827 ], [ 126.922795810000011, 37.45524657 ], [ 126.922763020000019, 37.45537015 ], [ 126.922750600000015, 37.45541773 ], [ 126.92274156, 37.4554515 ], [ 126.922719923888778, 37.455537718927886 ], [ 126.923356414685585, 37.455540826380542 ] ] ] } },
{ "type": "Feature", "properties": { "display_grid_id": "11620_00101", "gu_code": 11620, "gu_name": "관악구", "source_cell_count": 12, "area_m2": 57041.88, "mean_actual_lst": 30.9634, "mean_actual_anomaly": -5.4178, "seoul_anomaly": -6.5305, "pred_anomaly": -5.6067, "pred_anomaly_std": 0.5484, "green_delta_c": -0.4426, "building_ratio": 0.0, "green_ratio": 0.7998, "ndvi": 0.515, "impervious_ratio": 0.0429, "built_surface_ratio": 0.0429, "avg_ground_floor_count": 0.0, "elevation_m": 196.1708, "albedo": 0.1065, "nearest_park_distance_m": 602.5572, "park_area_within_500m": 59.2424, "nearest_stream_distance_m": 1016.3648, "est_population_density": 0.0, "dong_elderly_ratio": 0.2867, "dong_avg_age": 50.0, "dong_pop_density": 7603.9, "nearest_shelter_distance_m": 672.1036, "shelter_count_within_500m": 0.0, "est_population": 0.0, "est_elderly": 0.0, "shelter_capacity_within_500m": 0.0, "building_form_group": "no_building", "dong_name": "삼성동", "top1_feature": "built_surface_ratio", "top1_shap": -1.4445, "top2_feature": "impervious_ratio", "top2_shap": -1.2565, "top3_feature": "green_ratio", "top3_shap": -0.8064, "priority_score": 24.077, "priority_rank": 512 }, "geometry": { "type": "Polygon", "coordinates": [ [ [ 126.923356414685585, 37.455540826380542 ], [ 126.926182968897294, 37.455554584666586 ], [ 126.926200183874812, 37.4533012638692 ], [ 126.924349385070656, 37.453292263183435 ], [ 126.924264720000011, 37.45337626 ], [ 126.92425658, 37.45339005000001 ], [ 126.92425198, 37.45339765 ], [ 126.92423389, 37.45347084 ], [ 126.924223790000013, 37.45351504 ], [ 126.92419114, 37.4536603 ], [ 126.92418672, 37.4536665 ], [ 126.92417893, 37.45367776 ], [ 126.924050269999981, 37.453772 ], [ 126.923950780000013, 37.45384401 ], [ 126.92383273, 37.45392841000001 ], [ 126.92382054, 37.45393599 ], [ 126.923641900000021, 37.45403358 ], [ 126.923366823379041, 37.454185109010822 ], [ 126.923356414685585, 37.455540826380542 ] ] ] } },
{ "type": "Feature", "properties": { "display_grid_id": "11620_00102", "gu_code": 11620, "gu_name": "관악구", "source_cell_count": 14, "area_m2": 62500.0, "mean_actual_lst": 31.0451, "mean_actual_anomaly": -5.5861, "seoul_anomaly": -6.6987, "pred_anomaly": -5.7921, "pred_anomaly_std": 0.5747, "green_delta_c": -0.4447, "building_ratio": 0.0, "green_ratio": 0.7867, "ndvi": 0.5382, "impervious_ratio": 0.0427, "built_surface_ratio": 0.0427, "avg_ground_floor_count": 0.0, "elevation_m": 198.2282, "albedo": 0.0979, "nearest_park_distance_m": 540.2976, "park_area_within_500m": 670.9904, "nearest_stream_distance_m": 1221.0816, "est_population_density": 0.0, "dong_elderly_ratio": 0.2867, "dong_avg_age": 50.0, "dong_pop_density": 7603.9, "nearest_shelter_distance_m": 708.3176, "shelter_count_within_500m": 0.0, "est_population": 0.0, "est_elderly": 0.0, "shelter_capacity_within_500m": 0.0, "building_form_group": "no_building", "dong_name": "삼성동", "top1_feature": "built_surface_ratio", "top1_shap": -1.4893, "top2_feature": "impervious_ratio", "top2_shap": -1.3057, "top3_feature": "green_ratio", "top3_shap": -0.8095, "priority_score": 24.4063, "priority_rank": 507 }, "geometry": { "type": "Polygon", "coordinates": [ [ [ 126.926200183874812, 37.4533012638692 ], [ 126.926182968897294, 37.455554584666586 ], [ 126.929009525025805, 37.455568275353926 ], [ 126.929026655215623, 37.453314953448256 ], [ 126.926200183874812, 37.4533012638692 ] ] ] } },
{ "type": "Feature", "properties": { "display_grid_id": "11620_00103", "gu_code": 11620, "gu_name": "관악구", "source_cell_count": 16, "area_m2": 62500.0, "mean_actual_lst": 30.8236, "mean_actual_anomaly": -5.6109, "seoul_anomaly": -6.7235, "pred_anomaly": -5.9329, "pred_anomaly_std": 0.5732, "green_delta_c": -0.3939, "building_ratio": 0.0, "green_ratio": 0.8079, "ndvi": 0.5624, "impervious_ratio": 0.0444, "built_surface_ratio": 0.0444, "avg_ground_floor_count": 0.0, "elevation_m": 201.5016, "albedo": 0.0965, "nearest_park_distance_m": 521.5384, "park_area_within_500m": 1485.2928, "nearest_stream_distance_m": 1444.9468, "est_population_density": 0.0, "dong_elderly_ratio": 0.2867, "dong_avg_age": 50.0, "dong_pop_density": 7603.9, "nearest_shelter_distance_m": 694.3268, "shelter_count_within_500m": 0.0, "est_population": 0.0, "est_elderly": 0.0, "shelter_capacity_within_500m": 0.0, "building_form_group": "no_building", "dong_name": "삼성동", "top1_feature": "built_surface_ratio", "top1_shap": -1.5074, "top2_feature": "impervious_ratio", "top2_shap": -1.3157, "top3_feature": "green_ratio", "top3_shap": -0.8282, "priority_score": 22.3423, "priority_rank": 530 }, "geometry": { "type": "Polygon", "coordinates": [ [ [ 126.929026655215623, 37.453314953448256 ], [ 126.929009525025805, 37.455568275353926 ], [ 126.931836083061683, 37.455581898442425 ], [ 126.93185312846353, 37.453328575433922 ], [ 126.929026655215623, 37.453314953448256 ] ] ] } },
{ "type": "Feature", "properties": { "display_grid_id": "11620_00104", "gu_code": 11620, "gu_name": "관악구", "source_cell_count": 14, "area_m2": 62500.0, "mean_actual_lst": 30.8148, "mean_actual_anomaly": -5.5975, "seoul_anomaly": -6.7101, "pred_anomaly": -5.9186, "pred_anomaly_std": 0.53, "green_delta_c": -0.3899, "building_ratio": 0.0, "green_ratio": 0.7972, "ndvi": 0.5374, "impervious_ratio": 0.047, "built_surface_ratio": 0.047, "avg_ground_floor_count": 0.0, "elevation_m": 215.6228, "albedo": 0.0934, "nearest_park_distance_m": 498.8584, "park_area_within_500m": 1746.4504, "nearest_stream_distance_m": 1368.3412, "est_population_density": 0.0, "dong_elderly_ratio": 0.2867, "dong_avg_age": 50.0, "dong_pop_density": 7603.9, "nearest_shelter_distance_m": 657.8572, "shelter_count_within_500m": 0.0, "est_population": 0.0, "est_elderly": 0.0, "shelter_capacity_within_500m": 0.0, "building_form_group": "no_building", "dong_name": "삼성동", "top1_feature": "built_surface_ratio", "top1_shap": -1.4668, "top2_feature": "impervious_ratio", "top2_shap": -1.2739, "top3_feature": "green_ratio", "top3_shap": -0.8433, "priority_score": 22.4258, "priority_rank": 529 }, "geometry": { "type": "Polygon", "coordinates": [ [ [ 126.93185312846353, 37.453328575433922 ], [ 126.931836083061683, 37.455581898442425 ], [ 126.934662642995463, 37.455595453931927 ], [ 126.934679603609155, 37.453342129826083 ], [ 126.93185312846353, 37.453328575433922 ] ] ] } },
{ "type": "Feature", "properties": { "display_grid_id": "11620_00105", "gu_code": 11620, "gu_name": "관악구", "source_cell_count": 16, "area_m2": 62500.0, "mean_actual_lst": 31.0492, "mean_actual_anomaly": -5.374, "seoul_anomaly": -6.4866, "pred_anomaly": -5.7814, "pred_anomaly_std": 0.5048, "green_delta_c": -0.4207, "building_ratio": 0.0, "green_ratio": 0.8051, "ndvi": 0.5585, "impervious_ratio": 0.0459, "built_surface_ratio": 0.0459, "avg_ground_floor_count": 0.0, "elevation_m": 253.8234, "albedo": 0.098, "nearest_park_distance_m": 575.7876, "park_area_within_500m": 344.5616, "nearest_stream_distance_m": 1128.5972, "est_population_density": 0.0, "dong_elderly_ratio": 0.2622, "dong_avg_age": 48.544, "dong_pop_density": 6857.836, "nearest_shelter_distance_m": 708.862, "shelter_count_within_500m": 0.0, "est_population": 0.0, "est_elderly": 0.0, "shelter_capacity_within_500m": 0.0, "building_form_group": "no_building", "dong_name": "삼성동", "top1_feature": "built_surface_ratio", "top1_shap": -1.4134, "top2_feature": "impervious_ratio", "top2_shap": -1.232, "top3_feature": "green_ratio", "top3_shap": -0.8407, "priority_score": 24.2161, "priority_rank": 511 }, "geometry": { "type": "Polygon", "coordinates": [ [ [ 126.934679603609155, 37.453342129826083 ], [ 126.934662642995463, 37.455595453931927 ], [ 126.937489204817737, 37.455608941822312 ], [ 126.937506080643018, 37.453355616624577 ], [ 126.934679603609155, 37.453342129826083 ] ] ] } },
{ "type": "Feature", "properties": { "display_grid_id": "11620_00106", "gu_code": 11620, "gu_name": "관악구", "source_cell_count": 15, "area_m2": 62500.0, "mean_actual_lst": 32.2171, "mean_actual_anomaly": -4.132, "seoul_anomaly": -5.2446, "pred_anomaly": -5.3041, "pred_anomaly_std": 0.573, "green_delta_c": -0.6224, "building_ratio": 0.0, "green_ratio": 0.8326, "ndvi": 0.5895, "impervious_ratio": 0.0411, "built_surface_ratio": 0.0411, "avg_ground_floor_count": 0.0, "elevation_m": 218.8959, "albedo": 0.1147, "nearest_park_distance_m": 725.378, "park_area_within_500m": 0.0, "nearest_stream_distance_m": 917.0948, "est_population_density": 0.0, "dong_elderly_ratio": 0.1395, "dong_avg_age": 41.264, "dong_pop_density": 3127.516, "nearest_shelter_distance_m": 828.8804, "shelter_count_within_500m": 0.0, "est_population": 0.0, "est_elderly": 0.0, "shelter_capacity_within_500m": 0.0, "building_form_group": "no_building", "dong_name": "대학동", "top1_feature": "built_surface_ratio", "top1_shap": -1.4078, "top2_feature": "impervious_ratio", "top2_shap": -1.2261, "top3_feature": "green_ratio", "top3_shap": -0.8108, "priority_score": 34.2718, "priority_rank": 428 }, "geometry": { "type": "Polygon", "coordinates": [ [ [ 126.937506080643018, 37.453355616624577 ], [ 126.937489204817737, 37.455608941822312 ], [ 126.940315768519028, 37.455622362113424 ], [ 126.940332559555685, 37.45336903582929 ], [ 126.937506080643018, 37.453355616624577 ] ] ] } },
{ "type": "Feature", "properties": { "display_grid_id": "11620_00107", "gu_code": 11620, "gu_name": "관악구", "source_cell_count": 14, "area_m2": 62500.0, "mean_actual_lst": 31.6129, "mean_actual_anomaly": -4.4141, "seoul_anomaly": -5.5268, "pred_anomaly": -5.209, "pred_anomaly_std": 0.481, "green_delta_c": -0.7763, "building_ratio": 0.0, "green_ratio": 0.8434, "ndvi": 0.62, "impervious_ratio": 0.0371, "built_surface_ratio": 0.0371, "avg_ground_floor_count": 0.0, "elevation_m": 149.713, "albedo": 0.1042, "nearest_park_distance_m": 929.1416, "park_area_within_500m": 0.0, "nearest_stream_distance_m": 708.874, "est_population_density": 0.0, "dong_elderly_ratio": 0.1334, "dong_avg_age": 40.9, "dong_pop_density": 2941.0, "nearest_shelter_distance_m": 1008.3208, "shelter_count_within_500m": 0.0, "est_population": 0.0, "est_elderly": 0.0, "shelter_capacity_within_500m": 0.0, "building_form_group": "no_building", "dong_name": "대학동", "top1_feature": "built_surface_ratio", "top1_shap": -1.5308, "top2_feature": "impervious_ratio", "top2_shap": -1.348, "top3_feature": "green_ratio", "top3_shap": -0.7679, "priority_score": 38.9657, "priority_rank": 387 }, "geometry": { "type": "Polygon", "coordinates": [ [ [ 126.940332559555685, 37.45336903582929 ], [ 126.940315768519028, 37.455622362113424 ], [ 126.943142334089913, 37.455635714805126 ], [ 126.943159040337747, 37.453382387440065 ], [ 126.940332559555685, 37.45336903582929 ] ] ] } },
{ "type": "Feature", "properties": { "display_grid_id": "11620_00108", "gu_code": 11620, "gu_name": "관악구", "source_cell_count": 13, "area_m2": 62500.0, "mean_actual_lst": 31.119, "mean_actual_anomaly": -4.7773, "seoul_anomaly": -5.89, "pred_anomaly": -4.8481, "pred_anomaly_std": 0.6955, "green_delta_c": -0.9496, "building_ratio": 0.0014, "green_ratio": 0.7889, "ndvi": 0.5271, "impervious_ratio": 0.0441, "built_surface_ratio": 0.0441, "avg_ground_floor_count": 0.08, "elevation_m": 122.9144, "albedo": 0.1033, "nearest_park_distance_m": 1137.6976, "park_area_within_500m": 0.0, "nearest_stream_distance_m": 556.5172, "est_population_density": 0.0, "dong_elderly_ratio": 0.1334, "dong_avg_age": 40.9, "dong_pop_density": 2941.0, "nearest_shelter_distance_m": 1200.5, "shelter_count_within_500m": 0.0, "est_population": 0.0, "est_elderly": 0.0, "shelter_capacity_within_500m": 0.0, "building_form_group": "no_building", "dong_name": "대학동", "top1_feature": "built_surface_ratio", "top1_shap": -1.4985, "top2_feature": "impervious_ratio", "top2_shap": -1.3309, "top3_feature": "green_ratio", "top3_shap": -0.7376, "priority_score": 42.3609, "priority_rank": 362 }, "geometry": { "type": "Polygon", "coordinates": [ [ [ 126.943159040337747, 37.453382387440065 ], [ 126.943142334089913, 37.455635714805126 ], [ 126.945968901520956, 37.455648999897292 ], [ 126.94598552297974, 37.453395671456761 ], [ 126.943159040337747, 37.453382387440065 ] ] ] } },
{ "type": "Feature", "properties": { "display_grid_id": "11620_00109", "gu_code": 11620, "gu_name": "관악구", "source_cell_count": 16, "area_m2": 62500.0, "mean_actual_lst": 31.9452, "mean_actual_anomaly": -3.908, "seoul_anomaly": -5.0206, "pred_anomaly": -4.3769, "pred_anomaly_std": 1.0969, "green_delta_c": -1.2387, "building_ratio": 0.0016, "green_ratio": 0.7568, "ndvi": 0.4936, "impervious_ratio": 0.0593, "built_surface_ratio": 0.0593, "avg_ground_floor_count": 0.04, "elevation_m": 131.9097, "albedo": 0.0963, "nearest_park_distance_m": 1374.168, "park_area_within_500m": 0.0, "nearest_stream_distance_m": 480.7196, "est_population_density": 0.0, "dong_elderly_ratio": 0.1334, "dong_avg_age": 40.9, "dong_pop_density": 2941.0, "nearest_shelter_distance_m": 1410.1816, "shelter_count_within_500m": 0.0, "est_population": 0.0, "est_elderly": 0.0, "shelter_capacity_within_500m": 0.0, "building_form_group": "no_building", "dong_name": "대학동", "top1_feature": "built_surface_ratio", "top1_shap": -1.2817, "top2_feature": "impervious_ratio", "top2_shap": -1.107, "top3_feature": "green_ratio", "top3_shap": -0.7169, "priority_score": 49.8098, "priority_rank": 285 }, "geometry": { "type": "Polygon", "coordinates": [ [ [ 126.94598552297974, 37.453395671456761 ], [ 126.945968901520956, 37.455648999897292 ], [ 126.948795470802736, 37.455662217389772 ], [ 126.948812007472242, 37.453408887879249 ], [ 126.94598552297974, 37.453395671456761 ] ] ] } },
{ "type": "Feature", "properties": { "display_grid_id": "11620_00110", "gu_code": 11620, "gu_name": "관악구", "source_cell_count": 14, "area_m2": 62500.0, "mean_actual_lst": 35.3858, "mean_actual_anomaly": -0.8637, "seoul_anomaly": -1.9764, "pred_anomaly": -0.1652, "pred_anomaly_std": 1.3244, "green_delta_c": -0.8301, "building_ratio": 0.1751, "green_ratio": 0.4431, "ndvi": 0.2817, "impervious_ratio": 0.2591, "built_surface_ratio": 0.2591, "avg_ground_floor_count": 0.76, "elevation_m": 120.4492, "albedo": 0.1098, "nearest_park_distance_m": 1582.4208, "park_area_within_500m": 0.0, "nearest_stream_distance_m": 526.9876, "est_population_density": 0.0, "dong_elderly_ratio": 0.1334, "dong_avg_age": 40.9, "dong_pop_density": 2941.0, "nearest_shelter_distance_m": 1512.34, "shelter_count_within_500m": 0.0, "est_population": 0.0, "est_elderly": 0.0, "shelter_capacity_within_500m": 0.0, "building_form_group": "low_floor_low_density", "dong_name": "대학동", "top1_feature": "built_surface_ratio", "top1_shap": 0.1587, "top2_feature": "ndvi", "top2_shap": -0.1393, "top3_feature": "green_ratio", "top3_shap": -0.4248, "priority_score": 53.4091, "priority_rank": 240 }, "geometry": { "type": "Polygon", "coordinates": [ [ [ 126.948812007472242, 37.453408887879249 ], [ 126.948795470802736, 37.455662217389772 ], [ 126.951622041925759, 37.455675367282431 ], [ 126.951638493805802, 37.453422036707401 ], [ 126.948812007472242, 37.453408887879249 ] ] ] } },
{ "type": "Feature", "properties": { "display_grid_id": "11620_00111", "gu_code": 11620, "gu_name": "관악구", "source_cell_count": 16, "area_m2": 62500.0, "mean_actual_lst": 35.3965, "mean_actual_anomaly": -1.2837, "seoul_anomaly": -2.3964, "pred_anomaly": -0.1838, "pred_anomaly_std": 1.1858, "green_delta_c": -0.4847, "building_ratio": 0.2098, "green_ratio": 0.3712, "ndvi": 0.2778, "impervious_ratio": 0.3161, "built_surface_ratio": 0.3161, "avg_ground_floor_count": 1.0, "elevation_m": 149.2195, "albedo": 0.1142, "nearest_park_distance_m": 1723.0384, "park_area_within_500m": 0.0, "nearest_stream_distance_m": 676.6244, "est_population_density": 0.0, "dong_elderly_ratio": 0.1334, "dong_avg_age": 40.9, "dong_pop_density": 2941.0, "nearest_shelter_distance_m": 1609.1264, "shelter_count_within_500m": 0.0, "est_population": 0.0, "est_elderly": 0.0, "shelter_capacity_within_500m": 0.0, "building_form_group": "low_floor_low_density", "dong_name": "대학동", "top1_feature": "ndvi", "top1_shap": -0.4012, "top2_feature": "green_ratio", "top2_shap": -0.4246, "top3_feature": "elevation_m", "top3_shap": -0.261, "priority_score": 43.0937, "priority_rank": 349 }, "geometry": { "type": "Polygon", "coordinates": [ [ [ 126.951638493805802, 37.453422036707401 ], [ 126.951622041925759, 37.455675367282431 ], [ 126.954448614880647, 37.455688449575135 ], [ 126.954464981970972, 37.453435117941055 ], [ 126.951638493805802, 37.453422036707401 ] ] ] } },
{ "type": "Feature", "properties": { "display_grid_id": "11620_00112", "gu_code": 11620, "gu_name": "관악구", "source_cell_count": 15, "area_m2": 62500.0, "mean_actual_lst": 31.7022, "mean_actual_anomaly": -4.4996, "seoul_anomaly": -5.6122, "pred_anomaly": -4.4024, "pred_anomaly_std": 0.6909, "green_delta_c": -0.4799, "building_ratio": 0.0365, "green_ratio": 0.6983, "ndvi": 0.5117, "impervious_ratio": 0.1406, "built_surface_ratio": 0.1406, "avg_ground_floor_count": 0.52, "elevation_m": 193.693, "albedo": 0.0944, "nearest_park_distance_m": 1773.1904, "park_area_within_500m": 0.0, "nearest_stream_distance_m": 847.8276, "est_population_density": 0.0, "dong_elderly_ratio": 0.1334, "dong_avg_age": 40.9, "dong_pop_density": 2941.0, "nearest_shelter_distance_m": 1608.7464, "shelter_count_within_500m": 0.0, "est_population": 0.0, "est_elderly": 0.0, "shelter_capacity_within_500m": 0.0, "building_form_group": "no_building", "dong_name": "대학동", "top1_feature": "green_ratio", "top1_shap": -0.9854, "top2_feature": "built_surface_ratio", "top2_shap": -0.6452, "top3_feature": "impervious_ratio", "top3_shap": -0.5861, "priority_score": 34.513, "priority_rank": 425 }, "geometry": { "type": "Polygon", "coordinates": [ [ [ 126.954464981970972, 37.453435117941055 ], [ 126.954448614880647, 37.455688449575135 ], [ 126.957275189657935, 37.455701464267761 ], [ 126.957291471958328, 37.45344813158011 ], [ 126.954464981970972, 37.453435117941055 ] ] ] } },
{ "type": "Feature", "properties": { "display_grid_id": "11620_00113", "gu_code": 11620, "gu_name": "관악구", "source_cell_count": 15, "area_m2": 62500.0, "mean_actual_lst": 30.4044, "mean_actual_anomaly": -5.7558, "seoul_anomaly": -6.8684, "pred_anomaly": -5.7856, "pred_anomaly_std": 0.4986, "green_delta_c": -0.4916, "building_ratio": 0.0, "green_ratio": 0.7995, "ndvi": 0.5601, "impervious_ratio": 0.041, "built_surface_ratio": 0.041, "avg_ground_floor_count": 0.0, "elevation_m": 233.5653, "albedo": 0.0907, "nearest_park_distance_m": 1680.932, "park_area_within_500m": 0.0, "nearest_stream_distance_m": 860.1068, "est_population_density": 0.0, "dong_elderly_ratio": 0.1334, "dong_avg_age": 40.9, "dong_pop_density": 2941.0, "nearest_shelter_distance_m": 1530.1048, "shelter_count_within_500m": 0.0, "est_population": 0.0, "est_elderly": 0.0, "shelter_capacity_within_500m": 0.0, "building_form_group": "no_building", "dong_name": "대학동", "top1_feature": "built_surface_ratio", "top1_shap": -1.4468, "top2_feature": "impervious_ratio", "top2_shap": -1.2557, "top3_feature": "green_ratio", "top3_shap": -0.8019, "priority_score": 26.9527, "priority_rank": 479 }, "geometry": { "type": "Polygon", "coordinates": [ [ [ 126.957291471958328, 37.45344813158011 ], [ 126.957275189657935, 37.455701464267761 ], [ 126.960101766248144, 37.455714411360155 ], [ 126.960117963758449, 37.453461077624404 ], [ 126.957291471958328, 37.45344813158011 ] ] ] } },
{ "type": "Feature", "properties": { "display_grid_id": "11620_00114", "gu_code": 11620, "gu_name": "관악구", "source_cell_count": 16, "area_m2": 62500.0, "mean_actual_lst": 30.1489, "mean_actual_anomaly": -5.7606, "seoul_anomaly": -6.8732, "pred_anomaly": -6.0315, "pred_anomaly_std": 0.5071, "green_delta_c": -0.3894, "building_ratio": 0.0, "green_ratio": 0.805, "ndvi": 0.5634, "impervious_ratio": 0.0384, "built_surface_ratio": 0.0384, "avg_ground_floor_count": 0.0, "elevation_m": 282.5837, "albedo": 0.104, "nearest_park_distance_m": 1613.7424, "park_area_within_500m": 0.0, "nearest_stream_distance_m": 870.7404, "est_population_density": 0.0, "dong_elderly_ratio": 0.1334, "dong_avg_age": 40.9, "dong_pop_density": 2941.0, "nearest_shelter_distance_m": 1494.4216, "shelter_count_within_500m": 0.0, "est_population": 0.0, "est_elderly": 0.0, "shelter_capacity_within_500m": 0.0, "building_form_group": "no_building", "dong_name": "대학동", "top1_feature": "built_surface_ratio", "top1_shap": -1.4753, "top2_feature": "impervious_ratio", "top2_shap": -1.2846, "top3_feature": "green_ratio", "top3_shap": -0.8436, "priority_score": 23.91, "priority_rank": 515 }, "geometry": { "type": "Polygon", "coordinates": [ [ [ 126.960117963758449, 37.453461077624404 ], [ 126.960101766248144, 37.455714411360155 ], [ 126.962928344641895, 37.455727290852195 ], [ 126.962944457361829, 37.453473956073807 ], [ 126.960117963758449, 37.453461077624404 ] ] ] } },
{ "type": "Feature", "properties": { "display_grid_id": "11620_00115", "gu_code": 11620, "gu_name": "관악구", "source_cell_count": 14, "area_m2": 62500.0, "mean_actual_lst": 29.6156, "mean_actual_anomaly": -5.9264, "seoul_anomaly": -7.0391, "pred_anomaly": -6.3097, "pred_anomaly_std": 0.5007, "green_delta_c": -0.3358, "building_ratio": 0.0, "green_ratio": 0.8062, "ndvi": 0.5344, "impervious_ratio": 0.0405, "built_surface_ratio": 0.0405, "avg_ground_floor_count": 0.0, "elevation_m": 350.1393, "albedo": 0.1057, "nearest_park_distance_m": 1579.3756, "park_area_within_500m": 0.0, "nearest_stream_distance_m": 952.7988, "est_population_density": 0.0, "dong_elderly_ratio": 0.1247, "dong_avg_age": 39.62, "dong_pop_density": 4417.96, "nearest_shelter_distance_m": 1498.802, "shelter_count_within_500m": 0.0, "est_population": 0.0, "est_elderly": 0.0, "shelter_capacity_within_500m": 0.0, "building_form_group": "no_building", "dong_name": "대학동", "top1_feature": "built_surface_ratio", "top1_shap": -1.4827, "top2_feature": "impervious_ratio", "top2_shap": -1.2934, "top3_feature": "green_ratio", "top3_shap": -0.7105, "priority_score": 22.5139, "priority_rank": 527 }, "geometry": { "type": "Polygon", "coordinates": [ [ [ 126.962944457361829, 37.453473956073807 ], [ 126.962928344641895, 37.455727290852195 ], [ 126.965754924829724, 37.455740102743732 ], [ 126.965770952759101, 37.453486766928201 ], [ 126.962944457361829, 37.453473956073807 ] ] ] } },
{ "type": "Feature", "properties": { "display_grid_id": "11620_00116", "gu_code": 11620, "gu_name": "관악구", "source_cell_count": 12, "area_m2": 62500.0, "mean_actual_lst": 30.1484, "mean_actual_anomaly": -5.3312, "seoul_anomaly": -6.4439, "pred_anomaly": -6.1416, "pred_anomaly_std": 0.503, "green_delta_c": -0.5202, "building_ratio": 0.0, "green_ratio": 0.7709, "ndvi": 0.495, "impervious_ratio": 0.0494, "built_surface_ratio": 0.0494, "avg_ground_floor_count": 0.0, "elevation_m": 369.5582, "albedo": 0.1075, "nearest_park_distance_m": 1585.2788, "park_area_within_500m": 0.0, "nearest_stream_distance_m": 1079.8756, "est_population_density": 0.0, "dong_elderly_ratio": 0.1351, "dong_avg_age": 40.788, "dong_pop_density": 3428.424, "nearest_shelter_distance_m": 1542.2508, "shelter_count_within_500m": 0.0, "est_population": 0.0, "est_elderly": 0.0, "shelter_capacity_within_500m": 0.0, "building_form_group": "no_building", "dong_name": "대학동", "top1_feature": "built_surface_ratio", "top1_shap": -1.3989, "top2_feature": "impervious_ratio", "top2_shap": -1.2123, "top3_feature": "elevation_m", "top3_shap": -0.8476, "priority_score": 30.5102, "priority_rank": 450 }, "geometry": { "type": "Polygon", "coordinates": [ [ [ 126.965770952759101, 37.453486766928201 ], [ 126.965754924829724, 37.455740102743732 ], [ 126.968581506802181, 37.45575284703466 ], [ 126.968597449940816, 37.453499510187434 ], [ 126.965770952759101, 37.453486766928201 ] ] ] } },
{ "type": "Feature", "properties": { "display_grid_id": "11620_00117", "gu_code": 11620, "gu_name": "관악구", "source_cell_count": 16, "area_m2": 62500.0, "mean_actual_lst": 29.8334, "mean_actual_anomaly": -5.7738, "seoul_anomaly": -6.8865, "pred_anomaly": -6.1103, "pred_anomaly_std": 0.5113, "green_delta_c": -0.5155, "building_ratio": 0.0, "green_ratio": 0.7006, "ndvi": 0.4363, "impervious_ratio": 0.0481, "built_surface_ratio": 0.0481, "avg_ground_floor_count": 0.0, "elevation_m": 366.355, "albedo": 0.0848, "nearest_park_distance_m": 1631.9696, "park_area_within_500m": 0.0, "nearest_stream_distance_m": 1255.2912, "est_population_density": 0.0, "dong_elderly_ratio": 0.1763, "dong_avg_age": 42.7, "dong_pop_density": 5341.4, "nearest_shelter_distance_m": 1605.1836, "shelter_count_within_500m": 0.0, "est_population": 0.0, "est_elderly": 0.0, "shelter_capacity_within_500m": 0.0, "building_form_group": "no_building", "dong_name": "남현동", "top1_feature": "built_surface_ratio", "top1_shap": -1.438, "top2_feature": "impervious_ratio", "top2_shap": -1.2443, "top3_feature": "elevation_m", "top3_shap": -0.7659, "priority_score": 30.0974, "priority_rank": 455 }, "geometry": { "type": "Polygon", "coordinates": [ [ [ 126.968597449940816, 37.453499510187434 ], [ 126.968581506802181, 37.45575284703466 ], [ 126.971408090549843, 37.455765523724828 ], [ 126.97142394889751, 37.453512185851395 ], [ 126.968597449940816, 37.453499510187434 ] ] ] } },
{ "type": "Feature", "properties": { "display_grid_id": "11620_00118", "gu_code": 11620, "gu_name": "관악구", "source_cell_count": 14, "area_m2": 60898.42, "mean_actual_lst": 30.7781, "mean_actual_anomaly": -5.0945, "seoul_anomaly": -6.2071, "pred_anomaly": -5.9014, "pred_anomaly_std": 0.4617, "green_delta_c": -0.6757, "building_ratio": 0.0, "green_ratio": 0.7555, "ndvi": 0.4747, "impervious_ratio": 0.0442, "built_surface_ratio": 0.0442, "avg_ground_floor_count": 0.0, "elevation_m": 325.6577, "albedo": 0.1024, "nearest_park_distance_m": 1705.6277, "park_area_within_500m": 0.0, "nearest_stream_distance_m": 1436.1018, "est_population_density": 0.0, "dong_elderly_ratio": 0.1763, "dong_avg_age": 42.7, "dong_pop_density": 5341.4, "nearest_shelter_distance_m": 1674.9908, "shelter_count_within_500m": 0.0, "est_population": 0.0, "est_elderly": 0.0, "shelter_capacity_within_500m": 0.0, "building_form_group": "no_building", "dong_name": "남현동", "top1_feature": "built_surface_ratio", "top1_shap": -1.4189, "top2_feature": "impervious_ratio", "top2_shap": -1.2321, "top3_feature": "green_ratio", "top3_shap": -0.6577, "priority_score": 37.2124, "priority_rank": 401 }, "geometry": { "type": "Polygon", "coordinates": [ [ [ 126.97142394889751, 37.453512185851395 ], [ 126.971408090549843, 37.455765523724828 ], [ 126.974234676063276, 37.45577813281411 ], [ 126.974246518609604, 37.4540863837911 ], [ 126.974061520000021, 37.453904850000015 ], [ 126.97401226, 37.45385556 ], [ 126.973666446080514, 37.453522194417658 ], [ 126.97142394889751, 37.453512185851395 ] ] ] } },
{ "type": "Feature", "properties": { "display_grid_id": "11620_00119", "gu_code": 11620, "gu_name": "관악구", "source_cell_count": 9, "area_m2": 31102.73, "mean_actual_lst": 31.6218, "mean_actual_anomaly": -4.8381, "seoul_anomaly": -5.9507, "pred_anomaly": -6.0091, "pred_anomaly_std": 0.5001, "green_delta_c": -0.5828, "building_ratio": 0.0, "green_ratio": 0.7798, "ndvi": 0.5035, "impervious_ratio": 0.0412, "built_surface_ratio": 0.0412, "avg_ground_floor_count": 0.0, "elevation_m": 288.1301, "albedo": 0.0797, "nearest_park_distance_m": 1589.946, "park_area_within_500m": 0.0, "nearest_stream_distance_m": 1609.232, "est_population_density": 0.0, "dong_elderly_ratio": 0.1763, "dong_avg_age": 42.7, "dong_pop_density": 5341.4, "nearest_shelter_distance_m": 1685.1961, "shelter_count_within_500m": 0.0, "est_population": 0.0, "est_elderly": 0.0, "shelter_capacity_within_500m": 0.0, "building_form_group": "no_building", "dong_name": "남현동", "top1_feature": "built_surface_ratio", "top1_shap": -1.4512, "top2_feature": "impervious_ratio", "top2_shap": -1.265, "top3_feature": "green_ratio", "top3_shap": -0.8093, "priority_score": 33.9935, "priority_rank": 432 }, "geometry": { "type": "Polygon", "coordinates": [ [ [ 126.974234676063276, 37.45577813281411 ], [ 126.977061263332999, 37.455790674302371 ], [ 126.977066585366472, 37.455026311542831 ], [ 126.97655273, 37.45489764 ], [ 126.974579280000015, 37.45441291 ], [ 126.974246518609604, 37.4540863837911 ], [ 126.974234676063276, 37.45577813281411 ] ] ] } },
{ "type": "Feature", "properties": { "display_grid_id": "11620_00120", "gu_code": 11620, "gu_name": "관악구", "source_cell_count": 6, "area_m2": 8490.29, "mean_actual_lst": 32.2369, "mean_actual_anomaly": -4.3224, "seoul_anomaly": -5.435, "pred_anomaly": -5.8932, "pred_anomaly_std": 0.5676, "green_delta_c": -0.5981, "building_ratio": 0.0, "green_ratio": 0.8113, "ndvi": 0.5676, "impervious_ratio": 0.0486, "built_surface_ratio": 0.0486, "avg_ground_floor_count": 0.0, "elevation_m": 249.2333, "albedo": 0.0987, "nearest_park_distance_m": 1403.5388, "park_area_within_500m": 0.0, "nearest_stream_distance_m": 1749.0131, "est_population_density": 0.0, "dong_elderly_ratio": 0.1763, "dong_avg_age": 42.7, "dong_pop_density": 5341.4, "nearest_shelter_distance_m": 1548.1819, "shelter_count_within_500m": 0.0, "est_population": 0.0, "est_elderly": 0.0, "shelter_capacity_within_500m": 0.0, "building_form_group": "no_building", "dong_name": "남현동", "top1_feature": "built_surface_ratio", "top1_shap": -1.4048, "top2_feature": "impervious_ratio", "top2_shap": -1.2121, "top3_feature": "green_ratio", "top3_shap": -0.8332, "priority_score": 35.7653, "priority_rank": 410 }, "geometry": { "type": "Polygon", "coordinates": [ [ [ 126.977061263332999, 37.455790674302371 ], [ 126.979887852349592, 37.455803148189489 ], [ 126.979888868919218, 37.455656354918048 ], [ 126.9797902, 37.45564724 ], [ 126.97847719, 37.45573484 ], [ 126.977756840000012, 37.45519915 ], [ 126.977066585366472, 37.455026311542831 ], [ 126.977061263332999, 37.455790674302371 ] ] ] } },
{ "type": "Feature", "properties": { "display_grid_id": "11620_00121", "gu_code": 11620, "gu_name": "관악구", "source_cell_count": 2, "area_m2": 1200.9, "mean_actual_lst": 31.1896, "mean_actual_anomaly": -5.2668, "seoul_anomaly": -6.3794, "pred_anomaly": -6.308, "pred_anomaly_std": 0.7548, "green_delta_c": -0.2527, "building_ratio": 0.0, "green_ratio": 0.7724, "ndvi": 0.5243, "impervious_ratio": 0.0479, "built_surface_ratio": 0.0479, "avg_ground_floor_count": 0.0, "elevation_m": 247.8755, "albedo": 0.0791, "nearest_park_distance_m": 1209.1388, "park_area_within_500m": 0.0, "nearest_stream_distance_m": 1740.3677, "est_population_density": 0.0, "dong_elderly_ratio": null, "dong_avg_age": null, "dong_pop_density": null, "nearest_shelter_distance_m": 1378.4265, "shelter_count_within_500m": 0.0, "est_population": 0.0, "est_elderly": 0.0, "shelter_capacity_within_500m": 0.0, "building_form_group": "no_building", "dong_name": null, "top1_feature": "built_surface_ratio", "top1_shap": -1.4398, "top2_feature": "impervious_ratio", "top2_shap": -1.248, "top3_feature": "green_ratio", "top3_shap": -0.8997, "priority_score": 25.3572, "priority_rank": 496 }, "geometry": { "type": "Polygon", "coordinates": [ [ [ 126.979887852349592, 37.455803148189489 ], [ 126.981547122826228, 37.455810439145232 ], [ 126.981201, 37.45577756 ], [ 126.979888868919218, 37.455656354918048 ], [ 126.979887852349592, 37.455803148189489 ] ] ] } },
{ "type": "Feature", "properties": { "display_grid_id": "11620_00122", "gu_code": 11620, "gu_name": "관악구", "source_cell_count": 4, "area_m2": 1571.51, "mean_actual_lst": 30.6383, "mean_actual_anomaly": -5.4864, "seoul_anomaly": -6.5991, "pred_anomaly": -6.0113, "pred_anomaly_std": 0.6349, "green_delta_c": -0.2951, "building_ratio": 0.0, "green_ratio": 0.803, "ndvi": 0.4255, "impervious_ratio": 0.0401, "built_surface_ratio": 0.0401, "avg_ground_floor_count": 0.0, "elevation_m": 155.9158, "albedo": 0.1426, "nearest_park_distance_m": 254.1348, "park_area_within_500m": 26554.4271, "nearest_stream_distance_m": 767.9475, "est_population_density": 0.0, "dong_elderly_ratio": 0.2238, "dong_avg_age": 44.9807, "dong_pop_density": 17715.033, "nearest_shelter_distance_m": 302.8544, "shelter_count_within_500m": 4.0, "est_population": 0.0, "est_elderly": 0.0, "shelter_capacity_within_500m": 122.5, "building_form_group": "no_building", "dong_name": "난향동", "top1_feature": "built_surface_ratio", "top1_shap": -1.6182, "top2_feature": "impervious_ratio", "top2_shap": -1.4448, "top3_feature": "green_ratio", "top3_shap": -0.8464, "priority_score": 18.9379, "priority_rank": 539 }, "geometry": { "type": "Polygon", "coordinates": [ [ [ 126.914859207564874, 37.457752461372756 ], [ 126.914862378859084, 37.457345445748942 ], [ 126.91474799, 37.45738673 ], [ 126.91456654, 37.4574522 ], [ 126.91425757, 37.45769469 ], [ 126.914193007622529, 37.457749160819056 ], [ 126.914859207564874, 37.457752461372756 ] ] ] } },
{ "type": "Feature", "properties": { "display_grid_id": "11620_00123", "gu_code": 11620, "gu_name": "관악구", "source_cell_count": 8, "area_m2": 10942.4, "mean_actual_lst": 30.8489, "mean_actual_anomaly": -5.2799, "seoul_anomaly": -6.3926, "pred_anomaly": -5.7995, "pred_anomaly_std": 0.6365, "green_delta_c": -0.3915, "building_ratio": 0.0, "green_ratio": 0.7883, "ndvi": 0.4292, "impervious_ratio": 0.039, "built_surface_ratio": 0.039, "avg_ground_floor_count": 0.0, "elevation_m": 166.8148, "albedo": 0.1369, "nearest_park_distance_m": 282.9681, "park_area_within_500m": 21526.0229, "nearest_stream_distance_m": 808.4514, "est_population_density": 0.0, "dong_elderly_ratio": 0.223, "dong_avg_age": 44.9, "dong_pop_density": 17826.7, "nearest_shelter_distance_m": 216.4191, "shelter_count_within_500m": 4.797, "est_population": 0.0, "est_elderly": 0.0, "shelter_capacity_within_500m": 292.5, "building_form_group": "no_building", "dong_name": "난향동", "top1_feature": "built_surface_ratio", "top1_shap": -1.5647, "top2_feature": "impervious_ratio", "top2_shap": -1.3947, "top3_feature": "green_ratio", "top3_shap": -0.7925, "priority_score": 20.0325, "priority_rank": 538 }, "geometry": { "type": "Polygon", "coordinates": [ [ [ 126.914859207564874, 37.457752461372756 ], [ 126.917685840765813, 37.457766423584303 ], [ 126.917691141690355, 37.457082776293078 ], [ 126.91763398, 37.45709092 ], [ 126.91748049, 37.45711277 ], [ 126.917456990000019, 37.45712261 ], [ 126.91737511, 37.45722025 ], [ 126.91728261999998, 37.45733901 ], [ 126.91727272, 37.45734491 ], [ 126.91721088, 37.45737387 ], [ 126.91701941, 37.45746456 ], [ 126.91689866, 37.45752175 ], [ 126.916415630000017, 37.45738597 ], [ 126.916261149999983, 37.4573425 ], [ 126.91579698, 37.4574058 ], [ 126.91559986, 37.4574324 ], [ 126.91496741, 37.45731762 ], [ 126.914948870000018, 37.45731423 ], [ 126.914862378859084, 37.457345445748942 ], [ 126.914859207564874, 37.457752461372756 ] ] ] } },
{ "type": "Feature", "properties": { "display_grid_id": "11620_00124", "gu_code": 11620, "gu_name": "관악구", "source_cell_count": 8, "area_m2": 24766.54, "mean_actual_lst": 31.6658, "mean_actual_anomaly": -4.6712, "seoul_anomaly": -5.7838, "pred_anomaly": -5.2419, "pred_anomaly_std": 0.6881, "green_delta_c": -0.4103, "building_ratio": 0.0022, "green_ratio": 0.722, "ndvi": 0.4683, "impervious_ratio": 0.0529, "built_surface_ratio": 0.0529, "avg_ground_floor_count": 0.2019, "elevation_m": 179.926, "albedo": 0.1171, "nearest_park_distance_m": 454.2545, "park_area_within_500m": 3156.7483, "nearest_stream_distance_m": 880.3409, "est_population_density": 8.0754, "dong_elderly_ratio": 0.2234, "dong_avg_age": 44.9297, "dong_pop_density": 17726.7198, "nearest_shelter_distance_m": 131.7662, "shelter_count_within_500m": 4.3132, "est_population": 0.2, "est_elderly": 0.1, "shelter_capacity_within_500m": 386.1, "building_form_group": "no_building", "dong_name": "난향동", "top1_feature": "built_surface_ratio", "top1_shap": -1.3463, "top2_feature": "impervious_ratio", "top2_shap": -1.1607, "top3_feature": "green_ratio", "top3_shap": -0.7154, "priority_score": 27.449, "priority_rank": 474 }, "geometry": { "type": "Polygon", "coordinates": [ [ [ 126.917685840765813, 37.457766423584303 ], [ 126.920512475912133, 37.457780318192107 ], [ 126.920519980692674, 37.456807717058155 ], [ 126.920276240000021, 37.45679346 ], [ 126.91967619, 37.4567587 ], [ 126.919659579999987, 37.45676037 ], [ 126.91963486, 37.45676289 ], [ 126.919422350000019, 37.45681878 ], [ 126.91913848, 37.45689375 ], [ 126.9188831, 37.45690146 ], [ 126.918315829999983, 37.45692725 ], [ 126.91804305, 37.45703264 ], [ 126.917691141690355, 37.457082776293078 ], [ 126.917685840765813, 37.457766423584303 ] ] ] } },
{ "type": "Feature", "properties": { "display_grid_id": "11620_00125", "gu_code": 11620, "gu_name": "관악구", "source_cell_count": 12, "area_m2": 38753.3, "mean_actual_lst": 31.003, "mean_actual_anomaly": -5.4051, "seoul_anomaly": -6.5177, "pred_anomaly": -5.4898, "pred_anomaly_std": 0.6621, "green_delta_c": -0.448, "building_ratio": 0.0014, "green_ratio": 0.7709, "ndvi": 0.4895, "impervious_ratio": 0.0604, "built_surface_ratio": 0.0604, "avg_ground_floor_count": 0.129, "elevation_m": 197.9567, "albedo": 0.1122, "nearest_park_distance_m": 570.4744, "park_area_within_500m": 0.0, "nearest_stream_distance_m": 993.2334, "est_population_density": 5.1609, "dong_elderly_ratio": 0.2584, "dong_avg_age": 47.7315, "dong_pop_density": 12142.3405, "nearest_shelter_distance_m": 322.6926, "shelter_count_within_500m": 2.9714, "est_population": 0.2, "est_elderly": 0.1, "shelter_capacity_within_500m": 303.7, "building_form_group": "no_building", "dong_name": "삼성동", "top1_feature": "built_surface_ratio", "top1_shap": -1.3265, "top2_feature": "impervious_ratio", "top2_shap": -1.1301, "top3_feature": "green_ratio", "top3_shap": -0.8161, "priority_score": 30.0696, "priority_rank": 456 }, "geometry": { "type": "Polygon", "coordinates": [ [ [ 126.920512475912133, 37.457780318192107 ], [ 126.923339112994313, 37.457794145196026 ], [ 126.923356414685585, 37.455540826380542 ], [ 126.922719923888778, 37.455537718927886 ], [ 126.92267381, 37.45572148 ], [ 126.92258656, 37.4560807 ], [ 126.9225296, 37.45632928 ], [ 126.92225031, 37.45657518 ], [ 126.92218668000001, 37.45662751 ], [ 126.92205068, 37.45664769 ], [ 126.921318380000017, 37.45676292 ], [ 126.920885649999988, 37.4568288 ], [ 126.92088246, 37.45682879 ], [ 126.920875579999986, 37.45682935 ], [ 126.920746490000013, 37.45682138 ], [ 126.92065042, 37.45681568 ], [ 126.920566539999982, 37.45681055 ], [ 126.92053935, 37.45680885 ], [ 126.920519980692674, 37.456807717058155 ], [ 126.920512475912133, 37.457780318192107 ] ] ] } },
{ "type": "Feature", "properties": { "display_grid_id": "11620_00126", "gu_code": 11620, "gu_name": "관악구", "source_cell_count": 12, "area_m2": 62500.0, "mean_actual_lst": 31.0477, "mean_actual_anomaly": -5.3527, "seoul_anomaly": -6.4653, "pred_anomaly": -5.3585, "pred_anomaly_std": 0.5775, "green_delta_c": -0.441, "building_ratio": 0.0, "green_ratio": 0.7956, "ndvi": 0.512, "impervious_ratio": 0.0526, "built_surface_ratio": 0.0526, "avg_ground_floor_count": 0.0, "elevation_m": 170.7499, "albedo": 0.123, "nearest_park_distance_m": 423.552, "park_area_within_500m": 3399.0408, "nearest_stream_distance_m": 1134.9288, "est_population_density": 0.0, "dong_elderly_ratio": 0.2867, "dong_avg_age": 50.0, "dong_pop_density": 7603.9, "nearest_shelter_distance_m": 482.7584, "shelter_count_within_500m": 1.04, "est_population": 0.0, "est_elderly": 0.0, "shelter_capacity_within_500m": 111.0, "building_form_group": "no_building", "dong_name": "삼성동", "top1_feature": "built_surface_ratio", "top1_shap": -1.3816, "top2_feature": "impervious_ratio", "top2_shap": -1.2016, "top3_feature": "green_ratio", "top3_shap": -0.8174, "priority_score": 24.4388, "priority_rank": 506 }, "geometry": { "type": "Polygon", "coordinates": [ [ [ 126.923356414685585, 37.455540826380542 ], [ 126.923339112994313, 37.457794145196026 ], [ 126.926165752002959, 37.457807904595896 ], [ 126.926182968897294, 37.455554584666586 ], [ 126.923356414685585, 37.455540826380542 ] ] ] } },
{ "type": "Feature", "properties": { "display_grid_id": "11620_00127", "gu_code": 11620, "gu_name": "관악구", "source_cell_count": 13, "area_m2": 62500.0, "mean_actual_lst": 31.0044, "mean_actual_anomaly": -5.3553, "seoul_anomaly": -6.4679, "pred_anomaly": -5.546, "pred_anomaly_std": 0.6224, "green_delta_c": -0.5832, "building_ratio": 0.0019, "green_ratio": 0.7794, "ndvi": 0.4919, "impervious_ratio": 0.046, "built_surface_ratio": 0.046, "avg_ground_floor_count": 0.32, "elevation_m": 163.6956, "albedo": 0.1081, "nearest_park_distance_m": 306.7936, "park_area_within_500m": 13226.8264, "nearest_stream_distance_m": 1330.9936, "est_population_density": 54.4, "dong_elderly_ratio": 0.2867, "dong_avg_age": 50.0, "dong_pop_density": 7603.9, "nearest_shelter_distance_m": 471.2056, "shelter_count_within_500m": 0.72, "est_population": 3.4, "est_elderly": 1.0, "shelter_capacity_within_500m": 63.0, "building_form_group": "no_building", "dong_name": "삼성동", "top1_feature": "built_surface_ratio", "top1_shap": -1.4931, "top2_feature": "impervious_ratio", "top2_shap": -1.2888, "top3_feature": "green_ratio", "top3_shap": -0.8697, "priority_score": 34.4202, "priority_rank": 426 }, "geometry": { "type": "Polygon", "coordinates": [ [ [ 126.926182968897294, 37.455554584666586 ], [ 126.926165752002959, 37.457807904595896 ], [ 126.928992392928649, 37.457821596391604 ], [ 126.929009525025805, 37.455568275353926 ], [ 126.926182968897294, 37.455554584666586 ] ] ] } },
{ "type": "Feature", "properties": { "display_grid_id": "11620_00128", "gu_code": 11620, "gu_name": "관악구", "source_cell_count": 14, "area_m2": 62500.0, "mean_actual_lst": 31.5443, "mean_actual_anomaly": -4.8289, "seoul_anomaly": -5.9416, "pred_anomaly": -5.301, "pred_anomaly_std": 0.6376, "green_delta_c": -0.502, "building_ratio": 0.0191, "green_ratio": 0.7768, "ndvi": 0.5277, "impervious_ratio": 0.0694, "built_surface_ratio": 0.0694, "avg_ground_floor_count": 0.32, "elevation_m": 166.1442, "albedo": 0.1012, "nearest_park_distance_m": 286.3728, "park_area_within_500m": 31371.6344, "nearest_stream_distance_m": 1485.9428, "est_population_density": 534.4, "dong_elderly_ratio": 0.2867, "dong_avg_age": 50.0, "dong_pop_density": 7603.9, "nearest_shelter_distance_m": 465.7604, "shelter_count_within_500m": 0.96, "est_population": 33.4, "est_elderly": 9.5, "shelter_capacity_within_500m": 108.0, "building_form_group": "no_building", "dong_name": "삼성동", "top1_feature": "built_surface_ratio", "top1_shap": -1.2565, "top2_feature": "impervious_ratio", "top2_shap": -1.0901, "top3_feature": "green_ratio", "top3_shap": -0.9935, "priority_score": 35.3803, "priority_rank": 417 }, "geometry": { "type": "Polygon", "coordinates": [ [ [ 126.929009525025805, 37.455568275353926 ], [ 126.928992392928649, 37.457821596391604 ], [ 126.931819035761919, 37.457835220582972 ], [ 126.931836083061683, 37.455581898442425 ], [ 126.929009525025805, 37.455568275353926 ] ] ] } },
{ "type": "Feature", "properties": { "display_grid_id": "11620_00129", "gu_code": 11620, "gu_name": "관악구", "source_cell_count": 13, "area_m2": 62500.0, "mean_actual_lst": 31.7494, "mean_actual_anomaly": -4.6682, "seoul_anomaly": -5.7808, "pred_anomaly": -5.3373, "pred_anomaly_std": 0.5835, "green_delta_c": -0.5712, "building_ratio": 0.0034, "green_ratio": 0.8005, "ndvi": 0.5436, "impervious_ratio": 0.058, "built_surface_ratio": 0.058, "avg_ground_floor_count": 0.16, "elevation_m": 178.636, "albedo": 0.1052, "nearest_park_distance_m": 265.4192, "park_area_within_500m": 28512.1008, "nearest_stream_distance_m": 1304.6956, "est_population_density": 25.6, "dong_elderly_ratio": 0.2867, "dong_avg_age": 50.0, "dong_pop_density": 7603.9, "nearest_shelter_distance_m": 420.4236, "shelter_count_within_500m": 0.8, "est_population": 1.6, "est_elderly": 0.5, "shelter_capacity_within_500m": 100.0, "building_form_group": "no_building", "dong_name": "삼성동", "top1_feature": "built_surface_ratio", "top1_shap": -1.3575, "top2_feature": "impervious_ratio", "top2_shap": -1.1658, "top3_feature": "green_ratio", "top3_shap": -0.8649, "priority_score": 36.0158, "priority_rank": 407 }, "geometry": { "type": "Polygon", "coordinates": [ [ [ 126.931836083061683, 37.455581898442425 ], [ 126.931819035761919, 37.457835220582972 ], [ 126.934645680493304, 37.457848777169907 ], [ 126.934662642995463, 37.455595453931927 ], [ 126.931836083061683, 37.455581898442425 ] ] ] } },
{ "type": "Feature", "properties": { "display_grid_id": "11620_00130", "gu_code": 11620, "gu_name": "관악구", "source_cell_count": 14, "area_m2": 62500.0, "mean_actual_lst": 31.3771, "mean_actual_anomaly": -5.2873, "seoul_anomaly": -6.4, "pred_anomaly": -5.6958, "pred_anomaly_std": 0.5596, "green_delta_c": -0.3724, "building_ratio": 0.0, "green_ratio": 0.8201, "ndvi": 0.5811, "impervious_ratio": 0.0442, "built_surface_ratio": 0.0442, "avg_ground_floor_count": 0.0, "elevation_m": 216.2252, "albedo": 0.0926, "nearest_park_distance_m": 388.6404, "park_area_within_500m": 12164.0128, "nearest_stream_distance_m": 1050.5068, "est_population_density": 0.0, "dong_elderly_ratio": 0.2867, "dong_avg_age": 50.0, "dong_pop_density": 7603.9, "nearest_shelter_distance_m": 496.2356, "shelter_count_within_500m": 0.48, "est_population": 0.0, "est_elderly": 0.0, "shelter_capacity_within_500m": 60.0, "building_form_group": "no_building", "dong_name": "삼성동", "top1_feature": "built_surface_ratio", "top1_shap": -1.4532, "top2_feature": "impervious_ratio", "top2_shap": -1.2655, "top3_feature": "green_ratio", "top3_shap": -0.8023, "priority_score": 21.7208, "priority_rank": 532 }, "geometry": { "type": "Polygon", "coordinates": [ [ [ 126.934662642995463, 37.455595453931927 ], [ 126.934645680493304, 37.457848777169907 ], [ 126.937472327113397, 37.457862266152219 ], [ 126.937489204817737, 37.455608941822312 ], [ 126.934662642995463, 37.455595453931927 ] ] ] } },
{ "type": "Feature", "properties": { "display_grid_id": "11620_00131", "gu_code": 11620, "gu_name": "관악구", "source_cell_count": 12, "area_m2": 62500.0, "mean_actual_lst": 32.1692, "mean_actual_anomaly": -4.2986, "seoul_anomaly": -5.4112, "pred_anomaly": -5.4968, "pred_anomaly_std": 0.5659, "green_delta_c": -0.5504, "building_ratio": 0.0, "green_ratio": 0.8319, "ndvi": 0.6061, "impervious_ratio": 0.0372, "built_surface_ratio": 0.0372, "avg_ground_floor_count": 0.0, "elevation_m": 219.6636, "albedo": 0.1099, "nearest_park_distance_m": 585.3972, "park_area_within_500m": 619.8464, "nearest_stream_distance_m": 819.0924, "est_population_density": 0.0, "dong_elderly_ratio": 0.1641, "dong_avg_age": 42.72, "dong_pop_density": 3873.58, "nearest_shelter_distance_m": 656.3676, "shelter_count_within_500m": 0.0, "est_population": 0.0, "est_elderly": 0.0, "shelter_capacity_within_500m": 0.0, "building_form_group": "no_building", "dong_name": "대학동", "top1_feature": "built_surface_ratio", "top1_shap": -1.4531, "top2_feature": "impervious_ratio", "top2_shap": -1.2661, "top3_feature": "green_ratio", "top3_shap": -0.8053, "priority_score": 30.0417, "priority_rank": 457 }, "geometry": { "type": "Polygon", "coordinates": [ [ [ 126.937489204817737, 37.455608941822312 ], [ 126.937472327113397, 37.457862266152219 ], [ 126.940298975612762, 37.457875687529793 ], [ 126.940315768519028, 37.455622362113424 ], [ 126.937489204817737, 37.455608941822312 ] ] ] } },
{ "type": "Feature", "properties": { "display_grid_id": "11620_00132", "gu_code": 11620, "gu_name": "관악구", "source_cell_count": 16, "area_m2": 62500.0, "mean_actual_lst": 31.8942, "mean_actual_anomaly": -4.302, "seoul_anomaly": -5.4146, "pred_anomaly": -5.0124, "pred_anomaly_std": 0.5189, "green_delta_c": -0.8321, "building_ratio": 0.0018, "green_ratio": 0.8311, "ndvi": 0.6153, "impervious_ratio": 0.0464, "built_surface_ratio": 0.0464, "avg_ground_floor_count": 0.08, "elevation_m": 153.5098, "albedo": 0.1169, "nearest_park_distance_m": 820.9552, "park_area_within_500m": 0.0, "nearest_stream_distance_m": 576.4172, "est_population_density": 0.0, "dong_elderly_ratio": 0.1334, "dong_avg_age": 40.9, "dong_pop_density": 2941.0, "nearest_shelter_distance_m": 872.084, "shelter_count_within_500m": 0.0, "est_population": 0.0, "est_elderly": 0.0, "shelter_capacity_within_500m": 0.0, "building_form_group": "no_building", "dong_name": "대학동", "top1_feature": "built_surface_ratio", "top1_shap": -1.4434, "top2_feature": "impervious_ratio", "top2_shap": -1.2055, "top3_feature": "green_ratio", "top3_shap": -0.8012, "priority_score": 39.8469, "priority_rank": 378 }, "geometry": { "type": "Polygon", "coordinates": [ [ [ 126.940315768519028, 37.455622362113424 ], [ 126.940298975612762, 37.457875687529793 ], [ 126.943125625981921, 37.457889041302515 ], [ 126.943142334089913, 37.455635714805126 ], [ 126.940315768519028, 37.455622362113424 ] ] ] } },
{ "type": "Feature", "properties": { "display_grid_id": "11620_00133", "gu_code": 11620, "gu_name": "관악구", "source_cell_count": 14, "area_m2": 62500.0, "mean_actual_lst": 31.1898, "mean_actual_anomaly": -4.8494, "seoul_anomaly": -5.9621, "pred_anomaly": -4.5144, "pred_anomaly_std": 0.744, "green_delta_c": -1.0448, "building_ratio": 0.0048, "green_ratio": 0.7957, "ndvi": 0.5175, "impervious_ratio": 0.0533, "built_surface_ratio": 0.0533, "avg_ground_floor_count": 0.32, "elevation_m": 114.5004, "albedo": 0.1174, "nearest_park_distance_m": 1044.2344, "park_area_within_500m": 0.0, "nearest_stream_distance_m": 373.3676, "est_population_density": 0.0, "dong_elderly_ratio": 0.1334, "dong_avg_age": 40.9, "dong_pop_density": 2941.0, "nearest_shelter_distance_m": 1081.6984, "shelter_count_within_500m": 0.0, "est_population": 0.0, "est_elderly": 0.0, "shelter_capacity_within_500m": 0.0, "building_form_group": "no_building", "dong_name": "대학동", "top1_feature": "built_surface_ratio", "top1_shap": -1.4554, "top2_feature": "impervious_ratio", "top2_shap": -1.212, "top3_feature": "green_ratio", "top3_shap": -0.8487, "priority_score": 43.0844, "priority_rank": 350 }, "geometry": { "type": "Polygon", "coordinates": [ [ [ 126.943142334089913, 37.455635714805126 ], [ 126.943125625981921, 37.457889041302515 ], [ 126.94595227821145, 37.457902327470194 ], [ 126.945968901520956, 37.455648999897292 ], [ 126.943142334089913, 37.455635714805126 ] ] ] } },
{ "type": "Feature", "properties": { "display_grid_id": "11620_00134", "gu_code": 11620, "gu_name": "관악구", "source_cell_count": 12, "area_m2": 62500.0, "mean_actual_lst": 33.0492, "mean_actual_anomaly": -3.0407, "seoul_anomaly": -4.1533, "pred_anomaly": -2.4821, "pred_anomaly_std": 1.2839, "green_delta_c": -1.0258, "building_ratio": 0.0869, "green_ratio": 0.6699, "ndvi": 0.4262, "impervious_ratio": 0.1392, "built_surface_ratio": 0.1392, "avg_ground_floor_count": 0.52, "elevation_m": 100.9034, "albedo": 0.113, "nearest_park_distance_m": 1273.8488, "park_area_within_500m": 0.0, "nearest_stream_distance_m": 247.5852, "est_population_density": 0.0, "dong_elderly_ratio": 0.1334, "dong_avg_age": 40.9, "dong_pop_density": 2941.0, "nearest_shelter_distance_m": 1214.9448, "shelter_count_within_500m": 0.0, "est_population": 0.0, "est_elderly": 0.0, "shelter_capacity_within_500m": 0.0, "building_form_group": "no_building", "dong_name": "대학동", "top1_feature": "built_surface_ratio", "top1_shap": -0.7201, "top2_feature": "green_ratio", "top2_shap": -0.8686, "top3_feature": "impervious_ratio", "top3_shap": -0.4999, "priority_score": 50.8766, "priority_rank": 273 }, "geometry": { "type": "Polygon", "coordinates": [ [ [ 126.945968901520956, 37.455648999897292 ], [ 126.94595227821145, 37.457902327470194 ], [ 126.948778932291944, 37.457915546032723 ], [ 126.948795470802736, 37.455662217389772 ], [ 126.945968901520956, 37.455648999897292 ] ] ] } },
{ "type": "Feature", "properties": { "display_grid_id": "11620_00135", "gu_code": 11620, "gu_name": "관악구", "source_cell_count": 16, "area_m2": 62500.0, "mean_actual_lst": 37.5314, "mean_actual_anomaly": 1.0673, "seoul_anomaly": -0.0454, "pred_anomaly": 1.9322, "pred_anomaly_std": 1.3542, "green_delta_c": -0.5114, "building_ratio": 0.3094, "green_ratio": 0.3218, "ndvi": 0.1802, "impervious_ratio": 0.3411, "built_surface_ratio": 0.3411, "avg_ground_floor_count": 0.92, "elevation_m": 107.6295, "albedo": 0.122, "nearest_park_distance_m": 1399.2216, "park_area_within_500m": 0.0, "nearest_stream_distance_m": 327.8932, "est_population_density": 0.0, "dong_elderly_ratio": 0.1334, "dong_avg_age": 40.9, "dong_pop_density": 2941.0, "nearest_shelter_distance_m": 1286.4584, "shelter_count_within_500m": 0.0, "est_population": 0.0, "est_elderly": 0.0, "shelter_capacity_within_500m": 0.0, "building_form_group": "low_floor_high_density", "dong_name": "대학동", "top1_feature": "built_surface_ratio", "top1_shap": 0.5119, "top2_feature": "building_ratio", "top2_shap": 0.3075, "top3_feature": "impervious_ratio", "top3_shap": 0.3932, "priority_score": 46.6929, "priority_rank": 313 }, "geometry": { "type": "Polygon", "coordinates": [ [ [ 126.948795470802736, 37.455662217389772 ], [ 126.948778932291944, 37.457915546032723 ], [ 126.951605588213894, 37.457928696989967 ], [ 126.951622041925759, 37.455675367282431 ], [ 126.948795470802736, 37.455662217389772 ] ] ] } },
{ "type": "Feature", "properties": { "display_grid_id": "11620_00136", "gu_code": 11620, "gu_name": "관악구", "source_cell_count": 13, "area_m2": 62500.0, "mean_actual_lst": 35.3794, "mean_actual_anomaly": -1.0857, "seoul_anomaly": -2.1983, "pred_anomaly": 0.2836, "pred_anomaly_std": 1.1103, "green_delta_c": -0.5416, "building_ratio": 0.2047, "green_ratio": 0.3289, "ndvi": 0.2659, "impervious_ratio": 0.4083, "built_surface_ratio": 0.4083, "avg_ground_floor_count": 1.0, "elevation_m": 144.7474, "albedo": 0.1217, "nearest_park_distance_m": 1510.3816, "park_area_within_500m": 0.0, "nearest_stream_distance_m": 535.5812, "est_population_density": 0.0, "dong_elderly_ratio": 0.1334, "dong_avg_age": 40.9, "dong_pop_density": 2941.0, "nearest_shelter_distance_m": 1397.2496, "shelter_count_within_500m": 0.0, "est_population": 0.0, "est_elderly": 0.0, "shelter_capacity_within_500m": 0.0, "building_form_group": "low_floor_low_density", "dong_name": "대학동", "top1_feature": "built_surface_ratio", "top1_shap": 0.5714, "top2_feature": "impervious_ratio", "top2_shap": 0.4726, "top3_feature": "ndvi", "top3_shap": -0.2614, "priority_score": 45.3757, "priority_rank": 336 }, "geometry": { "type": "Polygon", "coordinates": [ [ [ 126.951622041925759, 37.455675367282431 ], [ 126.951605588213894, 37.457928696989967 ], [ 126.954432245967922, 37.457941780341784 ], [ 126.954448614880647, 37.455688449575135 ], [ 126.951622041925759, 37.455675367282431 ] ] ] } },
{ "type": "Feature", "properties": { "display_grid_id": "11620_00137", "gu_code": 11620, "gu_name": "관악구", "source_cell_count": 14, "area_m2": 62500.0, "mean_actual_lst": 32.8616, "mean_actual_anomaly": -3.345, "seoul_anomaly": -4.4577, "pred_anomaly": -3.1739, "pred_anomaly_std": 0.9831, "green_delta_c": -0.5939, "building_ratio": 0.0336, "green_ratio": 0.6111, "ndvi": 0.4535, "impervious_ratio": 0.2128, "built_surface_ratio": 0.2128, "avg_ground_floor_count": 0.36, "elevation_m": 167.6221, "albedo": 0.1102, "nearest_park_distance_m": 1561.2728, "park_area_within_500m": 0.0, "nearest_stream_distance_m": 677.0468, "est_population_density": 0.0, "dong_elderly_ratio": 0.1334, "dong_avg_age": 40.9, "dong_pop_density": 2941.0, "nearest_shelter_distance_m": 1389.5976, "shelter_count_within_500m": 0.0, "est_population": 0.0, "est_elderly": 0.0, "shelter_capacity_within_500m": 0.0, "building_form_group": "no_building", "dong_name": "대학동", "top1_feature": "green_ratio", "top1_shap": -0.8165, "top2_feature": "built_surface_ratio", "top2_shap": -0.3402, "top3_feature": "impervious_ratio", "top3_shap": -0.2776, "priority_score": 41.4147, "priority_rank": 368 }, "geometry": { "type": "Polygon", "coordinates": [ [ [ 126.954448614880647, 37.455688449575135 ], [ 126.954432245967922, 37.457941780341784 ], [ 126.957258905544563, 37.457954796088039 ], [ 126.957275189657935, 37.455701464267761 ], [ 126.954448614880647, 37.455688449575135 ] ] ] } },
{ "type": "Feature", "properties": { "display_grid_id": "11620_00138", "gu_code": 11620, "gu_name": "관악구", "source_cell_count": 14, "area_m2": 62500.0, "mean_actual_lst": 30.9164, "mean_actual_anomaly": -5.3683, "seoul_anomaly": -6.4809, "pred_anomaly": -5.7509, "pred_anomaly_std": 0.5499, "green_delta_c": -0.5115, "building_ratio": 0.0, "green_ratio": 0.8261, "ndvi": 0.5878, "impervious_ratio": 0.0396, "built_surface_ratio": 0.0396, "avg_ground_floor_count": 0.0, "elevation_m": 233.2048, "albedo": 0.0821, "nearest_park_distance_m": 1458.3816, "park_area_within_500m": 0.0, "nearest_stream_distance_m": 622.8428, "est_population_density": 0.0, "dong_elderly_ratio": 0.1299, "dong_avg_age": 40.388, "dong_pop_density": 3531.784, "nearest_shelter_distance_m": 1297.756, "shelter_count_within_500m": 0.0, "est_population": 0.0, "est_elderly": 0.0, "shelter_capacity_within_500m": 0.0, "building_form_group": "no_building", "dong_name": "대학동", "top1_feature": "built_surface_ratio", "top1_shap": -1.4671, "top2_feature": "impervious_ratio", "top2_shap": -1.2708, "top3_feature": "green_ratio", "top3_shap": -0.8108, "priority_score": 27.333, "priority_rank": 475 }, "geometry": { "type": "Polygon", "coordinates": [ [ [ 126.957275189657935, 37.455701464267761 ], [ 126.957258905544563, 37.457954796088039 ], [ 126.960085566934353, 37.45796774422859 ], [ 126.960101766248144, 37.455714411360155 ], [ 126.957275189657935, 37.455701464267761 ] ] ] } },
{ "type": "Feature", "properties": { "display_grid_id": "11620_00139", "gu_code": 11620, "gu_name": "관악구", "source_cell_count": 14, "area_m2": 62500.0, "mean_actual_lst": 30.9132, "mean_actual_anomaly": -5.0749, "seoul_anomaly": -6.1875, "pred_anomaly": -5.7554, "pred_anomaly_std": 0.5182, "green_delta_c": -0.6213, "building_ratio": 0.0, "green_ratio": 0.7842, "ndvi": 0.5193, "impervious_ratio": 0.0411, "built_surface_ratio": 0.0411, "avg_ground_floor_count": 0.0, "elevation_m": 277.9113, "albedo": 0.0878, "nearest_park_distance_m": 1380.4016, "park_area_within_500m": 0.0, "nearest_stream_distance_m": 637.478, "est_population_density": 0.0, "dong_elderly_ratio": 0.1022, "dong_avg_age": 36.292, "dong_pop_density": 8258.056, "nearest_shelter_distance_m": 1255.484, "shelter_count_within_500m": 0.0, "est_population": 0.0, "est_elderly": 0.0, "shelter_capacity_within_500m": 0.0, "building_form_group": "no_building", "dong_name": "낙성대동", "top1_feature": "built_surface_ratio", "top1_shap": -1.4436, "top2_feature": "impervious_ratio", "top2_shap": -1.2507, "top3_feature": "green_ratio", "top3_shap": -0.7838, "priority_score": 33.4183, "priority_rank": 437 }, "geometry": { "type": "Polygon", "coordinates": [ [ [ 126.960101766248144, 37.455714411360155 ], [ 126.960085566934353, 37.45796774422859 ], [ 126.962912230127898, 37.457980624763323 ], [ 126.962928344641895, 37.455727290852195 ], [ 126.960101766248144, 37.455714411360155 ] ] ] } },
{ "type": "Feature", "properties": { "display_grid_id": "11620_00140", "gu_code": 11620, "gu_name": "관악구", "source_cell_count": 15, "area_m2": 62500.0, "mean_actual_lst": 30.0899, "mean_actual_anomaly": -5.5632, "seoul_anomaly": -6.6758, "pred_anomaly": -6.1314, "pred_anomaly_std": 0.5214, "green_delta_c": -0.4831, "building_ratio": 0.0, "green_ratio": 0.7947, "ndvi": 0.5136, "impervious_ratio": 0.04, "built_surface_ratio": 0.04, "avg_ground_floor_count": 0.0, "elevation_m": 328.2538, "albedo": 0.0798, "nearest_park_distance_m": 1340.07, "park_area_within_500m": 0.0, "nearest_stream_distance_m": 745.5804, "est_population_density": 0.0, "dong_elderly_ratio": 0.0901, "dong_avg_age": 34.5, "dong_pop_density": 10325.8, "nearest_shelter_distance_m": 1260.6924, "shelter_count_within_500m": 0.0, "est_population": 0.0, "est_elderly": 0.0, "shelter_capacity_within_500m": 0.0, "building_form_group": "no_building", "dong_name": "낙성대동", "top1_feature": "built_surface_ratio", "top1_shap": -1.4834, "top2_feature": "impervious_ratio", "top2_shap": -1.2907, "top3_feature": "green_ratio", "top3_shap": -0.8018, "priority_score": 26.6651, "priority_rank": 483 }, "geometry": { "type": "Polygon", "coordinates": [ [ [ 126.962928344641895, 37.455727290852195 ], [ 126.962912230127898, 37.457980624763323 ], [ 126.965738895115706, 37.457993437692082 ], [ 126.965754924829724, 37.455740102743732 ], [ 126.962928344641895, 37.455727290852195 ] ] ] } },
{ "type": "Feature", "properties": { "display_grid_id": "11620_00141", "gu_code": 11620, "gu_name": "관악구", "source_cell_count": 14, "area_m2": 62500.0, "mean_actual_lst": 30.7619, "mean_actual_anomaly": -4.7296, "seoul_anomaly": -5.8422, "pred_anomaly": -5.9652, "pred_anomaly_std": 0.5838, "green_delta_c": -0.6254, "building_ratio": 0.0, "green_ratio": 0.7855, "ndvi": 0.5113, "impervious_ratio": 0.0466, "built_surface_ratio": 0.0466, "avg_ground_floor_count": 0.0, "elevation_m": 347.4806, "albedo": 0.1097, "nearest_park_distance_m": 1347.0228, "park_area_within_500m": 0.0, "nearest_stream_distance_m": 902.3324, "est_population_density": 0.0, "dong_elderly_ratio": 0.1556, "dong_avg_age": 40.916, "dong_pop_density": 6146.248, "nearest_shelter_distance_m": 1310.3236, "shelter_count_within_500m": 0.0, "est_population": 0.0, "est_elderly": 0.0, "shelter_capacity_within_500m": 0.0, "building_form_group": "no_building", "dong_name": "남현동", "top1_feature": "built_surface_ratio", "top1_shap": -1.4096, "top2_feature": "impervious_ratio", "top2_shap": -1.222, "top3_feature": "green_ratio", "top3_shap": -0.5987, "priority_score": 35.6076, "priority_rank": 413 }, "geometry": { "type": "Polygon", "coordinates": [ [ [ 126.965754924829724, 37.455740102743732 ], [ 126.965738895115706, 37.457993437692082 ], [ 126.968565561888354, 37.458006183014767 ], [ 126.968581506802181, 37.45575284703466 ], [ 126.965754924829724, 37.455740102743732 ] ] ] } },
{ "type": "Feature", "properties": { "display_grid_id": "11620_00142", "gu_code": 11620, "gu_name": "관악구", "source_cell_count": 11, "area_m2": 62500.0, "mean_actual_lst": 30.6456, "mean_actual_anomaly": -5.046, "seoul_anomaly": -6.1587, "pred_anomaly": -5.7234, "pred_anomaly_std": 0.543, "green_delta_c": -0.5909, "building_ratio": 0.0, "green_ratio": 0.7612, "ndvi": 0.4952, "impervious_ratio": 0.0414, "built_surface_ratio": 0.0414, "avg_ground_floor_count": 0.0, "elevation_m": 291.3813, "albedo": 0.1118, "nearest_park_distance_m": 1401.6608, "park_area_within_500m": 0.0, "nearest_stream_distance_m": 1106.2728, "est_population_density": 0.0, "dong_elderly_ratio": 0.1763, "dong_avg_age": 42.7, "dong_pop_density": 5341.4, "nearest_shelter_distance_m": 1373.626, "shelter_count_within_500m": 0.0, "est_population": 0.0, "est_elderly": 0.0, "shelter_capacity_within_500m": 0.0, "building_form_group": "no_building", "dong_name": "남현동", "top1_feature": "built_surface_ratio", "top1_shap": -1.414, "top2_feature": "impervious_ratio", "top2_shap": -1.2291, "top3_feature": "green_ratio", "top3_shap": -0.7143, "priority_score": 33.576, "priority_rank": 436 }, "geometry": { "type": "Polygon", "coordinates": [ [ [ 126.968581506802181, 37.45575284703466 ], [ 126.968565561888354, 37.458006183014767 ], [ 126.971392230436422, 37.458018860731201 ], [ 126.971408090549843, 37.455765523724828 ], [ 126.968581506802181, 37.45575284703466 ] ] ] } },
{ "type": "Feature", "properties": { "display_grid_id": "11620_00143", "gu_code": 11620, "gu_name": "관악구", "source_cell_count": 15, "area_m2": 62500.0, "mean_actual_lst": 31.0302, "mean_actual_anomaly": -4.8117, "seoul_anomaly": -5.9243, "pred_anomaly": -5.6914, "pred_anomaly_std": 0.4695, "green_delta_c": -0.6123, "building_ratio": 0.0, "green_ratio": 0.7428, "ndvi": 0.4836, "impervious_ratio": 0.0375, "built_surface_ratio": 0.0375, "avg_ground_floor_count": 0.0, "elevation_m": 273.2148, "albedo": 0.0902, "nearest_park_distance_m": 1491.1032, "park_area_within_500m": 0.0, "nearest_stream_distance_m": 1312.2888, "est_population_density": 0.0, "dong_elderly_ratio": 0.1763, "dong_avg_age": 42.7, "dong_pop_density": 5341.4, "nearest_shelter_distance_m": 1458.91, "shelter_count_within_500m": 0.0, "est_population": 0.0, "est_elderly": 0.0, "shelter_capacity_within_500m": 0.0, "building_form_group": "no_building", "dong_name": "남현동", "top1_feature": "built_surface_ratio", "top1_shap": -1.4351, "top2_feature": "impervious_ratio", "top2_shap": -1.2475, "top3_feature": "green_ratio", "top3_shap": -0.7105, "priority_score": 35.7467, "priority_rank": 411 }, "geometry": { "type": "Polygon", "coordinates": [ [ [ 126.971408090549843, 37.455765523724828 ], [ 126.971392230436422, 37.458018860731201 ], [ 126.974218900750472, 37.45803147084127 ], [ 126.974234676063276, 37.45577813281411 ], [ 126.971408090549843, 37.455765523724828 ] ] ] } },
{ "type": "Feature", "properties": { "display_grid_id": "11620_00144", "gu_code": 11620, "gu_name": "관악구", "source_cell_count": 16, "area_m2": 62500.0, "mean_actual_lst": 31.7348, "mean_actual_anomaly": -4.449, "seoul_anomaly": -5.5616, "pred_anomaly": -5.7551, "pred_anomaly_std": 0.5408, "green_delta_c": -0.612, "building_ratio": 0.0, "green_ratio": 0.7898, "ndvi": 0.5509, "impervious_ratio": 0.0417, "built_surface_ratio": 0.0417, "avg_ground_floor_count": 0.0, "elevation_m": 248.7118, "albedo": 0.0879, "nearest_park_distance_m": 1478.4248, "park_area_within_500m": 0.0, "nearest_stream_distance_m": 1546.5424, "est_population_density": 0.0, "dong_elderly_ratio": 0.1763, "dong_avg_age": 42.7, "dong_pop_density": 5341.4, "nearest_shelter_distance_m": 1546.8892, "shelter_count_within_500m": 0.0, "est_population": 0.0, "est_elderly": 0.0, "shelter_capacity_within_500m": 0.0, "building_form_group": "no_building", "dong_name": "남현동", "top1_feature": "built_surface_ratio", "top1_shap": -1.4249, "top2_feature": "impervious_ratio", "top2_shap": -1.2428, "top3_feature": "green_ratio", "top3_shap": -0.8205, "priority_score": 36.0992, "priority_rank": 405 }, "geometry": { "type": "Polygon", "coordinates": [ [ [ 126.974234676063276, 37.45577813281411 ], [ 126.974218900750472, 37.45803147084127 ], [ 126.977045572821012, 37.458044013344868 ], [ 126.977061263332999, 37.455790674302371 ], [ 126.974234676063276, 37.45577813281411 ] ] ] } },
{ "type": "Feature", "properties": { "display_grid_id": "11620_00145", "gu_code": 11620, "gu_name": "관악구", "source_cell_count": 14, "area_m2": 62500.0, "mean_actual_lst": 32.3844, "mean_actual_anomaly": -4.1419, "seoul_anomaly": -5.2546, "pred_anomaly": -5.7901, "pred_anomaly_std": 0.6598, "green_delta_c": -0.6114, "building_ratio": 0.0, "green_ratio": 0.8116, "ndvi": 0.5751, "impervious_ratio": 0.0488, "built_surface_ratio": 0.0488, "avg_ground_floor_count": 0.0, "elevation_m": 217.5933, "albedo": 0.0925, "nearest_park_distance_m": 1281.1456, "park_area_within_500m": 0.0, "nearest_stream_distance_m": 1674.612, "est_population_density": 0.0, "dong_elderly_ratio": 0.1763, "dong_avg_age": 42.7, "dong_pop_density": 5341.4, "nearest_shelter_distance_m": 1416.6604, "shelter_count_within_500m": 0.0, "est_population": 0.0, "est_elderly": 0.0, "shelter_capacity_within_500m": 0.0, "building_form_group": "no_building", "dong_name": "남현동", "top1_feature": "built_surface_ratio", "top1_shap": -1.3942, "top2_feature": "impervious_ratio", "top2_shap": -1.2036, "top3_feature": "green_ratio", "top3_shap": -0.8043, "priority_score": 36.4054, "priority_rank": 403 }, "geometry": { "type": "Polygon", "coordinates": [ [ [ 126.977061263332999, 37.455790674302371 ], [ 126.977045572821012, 37.458044013344868 ], [ 126.979872246638649, 37.458056488241851 ], [ 126.979887852349592, 37.455803148189489 ], [ 126.977061263332999, 37.455790674302371 ] ] ] } },
{ "type": "Feature", "properties": { "display_grid_id": "11620_00146", "gu_code": 11620, "gu_name": "관악구", "source_cell_count": 14, "area_m2": 56567.88, "mean_actual_lst": 31.6441, "mean_actual_anomaly": -4.7469, "seoul_anomaly": -5.8595, "pred_anomaly": -5.8453, "pred_anomaly_std": 0.6787, "green_delta_c": -0.7505, "building_ratio": 0.0, "green_ratio": 0.7809, "ndvi": 0.5504, "impervious_ratio": 0.0586, "built_surface_ratio": 0.0586, "avg_ground_floor_count": 0.0, "elevation_m": 249.6114, "albedo": 0.0817, "nearest_park_distance_m": 1089.9585, "park_area_within_500m": 0.0, "nearest_stream_distance_m": 1621.8334, "est_population_density": 0.0, "dong_elderly_ratio": 0.1763, "dong_avg_age": 42.7, "dong_pop_density": 5341.4, "nearest_shelter_distance_m": 1255.186, "shelter_count_within_500m": 0.0, "est_population": 0.0, "est_elderly": 0.0, "shelter_capacity_within_500m": 0.0, "building_form_group": "no_building", "dong_name": "남현동", "top1_feature": "built_surface_ratio", "top1_shap": -1.3127, "top2_feature": "impervious_ratio", "top2_shap": -1.1261, "top3_feature": "green_ratio", "top3_shap": -0.8624, "priority_score": 40.0139, "priority_rank": 375 }, "geometry": { "type": "Polygon", "coordinates": [ [ [ 126.979887852349592, 37.455803148189489 ], [ 126.979872246638649, 37.458056488241851 ], [ 126.982698922193919, 37.45806889553208 ], [ 126.982707336306461, 37.456847357579591 ], [ 126.982437419999982, 37.45687784 ], [ 126.981903369999984, 37.45693575 ], [ 126.9820336, 37.45666294 ], [ 126.982388930000013, 37.45591714 ], [ 126.98239777, 37.45589124 ], [ 126.981547122826228, 37.455810439145232 ], [ 126.979887852349592, 37.455803148189489 ] ] ] } },
{ "type": "Feature", "properties": { "display_grid_id": "11620_00147", "gu_code": 11620, "gu_name": "관악구", "source_cell_count": 11, "area_m2": 29343.21, "mean_actual_lst": 32.5632, "mean_actual_anomaly": -3.502, "seoul_anomaly": -4.6147, "pred_anomaly": -5.3508, "pred_anomaly_std": 0.6075, "green_delta_c": -0.9784, "building_ratio": 0.0, "green_ratio": 0.788, "ndvi": 0.5243, "impervious_ratio": 0.0594, "built_surface_ratio": 0.0594, "avg_ground_floor_count": 0.0, "elevation_m": 208.3108, "albedo": 0.0989, "nearest_park_distance_m": 886.2355, "park_area_within_500m": 0.0, "nearest_stream_distance_m": 1537.7119, "est_population_density": 0.0, "dong_elderly_ratio": 0.1763, "dong_avg_age": 42.7, "dong_pop_density": 5341.4, "nearest_shelter_distance_m": 1081.1543, "shelter_count_within_500m": 0.0, "est_population": 0.0, "est_elderly": 0.0, "shelter_capacity_within_500m": 0.0, "building_form_group": "no_building", "dong_name": "남현동", "top1_feature": "built_surface_ratio", "top1_shap": -1.2881, "top2_feature": "impervious_ratio", "top2_shap": -1.0871, "top3_feature": "green_ratio", "top3_shap": -0.8368, "priority_score": 46.962, "priority_rank": 311 }, "geometry": { "type": "Polygon", "coordinates": [ [ [ 126.982698922193919, 37.45806889553208 ], [ 126.985525599477384, 37.458081235215424 ], [ 126.985531712814208, 37.457188848743662 ], [ 126.985263659999987, 37.45718179 ], [ 126.98490308, 37.45704265 ], [ 126.984387560000016, 37.45710565000001 ], [ 126.98288795, 37.45682696 ], [ 126.982707336306461, 37.456847357579591 ], [ 126.982698922193919, 37.45806889553208 ] ] ] } },
{ "type": "Feature", "properties": { "display_grid_id": "11620_00148", "gu_code": 11620, "gu_name": "관악구", "source_cell_count": 6, "area_m2": 16263.27, "mean_actual_lst": 34.1811, "mean_actual_anomaly": -2.0173, "seoul_anomaly": -3.1299, "pred_anomaly": -3.1477, "pred_anomaly_std": 0.8742, "green_delta_c": -1.0348, "building_ratio": 0.0, "green_ratio": 0.6296, "ndvi": 0.4421, "impervious_ratio": 0.1907, "built_surface_ratio": 0.1907, "avg_ground_floor_count": 0.0, "elevation_m": 148.0023, "albedo": 0.1219, "nearest_park_distance_m": 757.5311, "park_area_within_500m": 0.0, "nearest_stream_distance_m": 1529.0665, "est_population_density": 0.0, "dong_elderly_ratio": 0.1763, "dong_avg_age": 42.7, "dong_pop_density": 5341.4, "nearest_shelter_distance_m": 985.5299, "shelter_count_within_500m": 0.0, "est_population": 0.0, "est_elderly": 0.0, "shelter_capacity_within_500m": 0.0, "building_form_group": "no_building", "dong_name": "남현동", "top1_feature": "green_ratio", "top1_shap": -0.7843, "top2_feature": "ndvi", "top2_shap": -0.6951, "top3_feature": "built_surface_ratio", "top3_shap": -0.3415, "priority_score": 51.9341, "priority_rank": 256 }, "geometry": { "type": "Polygon", "coordinates": [ [ [ 126.985525599477384, 37.458081235215424 ], [ 126.98835227847961, 37.458093507291771 ], [ 126.988352564739913, 37.45805149085006 ], [ 126.98816489, 37.45797307 ], [ 126.987907240000013, 37.4578669 ], [ 126.98726094, 37.45760073 ], [ 126.98678079, 37.45740330000001 ], [ 126.986612349999987, 37.45721238 ], [ 126.98620971, 37.4572067 ], [ 126.985531712814208, 37.457188848743662 ], [ 126.985525599477384, 37.458081235215424 ] ] ] } },
{ "type": "Feature", "properties": { "display_grid_id": "11620_00149", "gu_code": 11620, "gu_name": "관악구", "source_cell_count": 1, "area_m2": 21.73, "mean_actual_lst": 36.657, "mean_actual_anomaly": 0.4536, "seoul_anomaly": -0.6591, "pred_anomaly": -0.7286, "pred_anomaly_std": 1.0903, "green_delta_c": -0.7645, "building_ratio": 0.0, "green_ratio": 0.4029, "ndvi": 0.3505, "impervious_ratio": 0.4086, "built_surface_ratio": 0.4086, "avg_ground_floor_count": 0.0, "elevation_m": 120.813, "albedo": 0.1079, "nearest_park_distance_m": 687.75, "park_area_within_500m": 0.0, "nearest_stream_distance_m": 1519.78, "est_population_density": 0.0, "dong_elderly_ratio": 0.1763, "dong_avg_age": 42.7, "dong_pop_density": 5341.4, "nearest_shelter_distance_m": 931.79, "shelter_count_within_500m": 0.0, "est_population": 0.0, "est_elderly": 0.0, "shelter_capacity_within_500m": 0.0, "building_form_group": "no_building", "dong_name": "남현동", "top1_feature": "impervious_ratio", "top1_shap": 0.9251, "top2_feature": "built_surface_ratio", "top2_shap": 0.8315, "top3_feature": "ndvi", "top3_shap": -0.4949, "priority_score": 53.0473, "priority_rank": 243 }, "geometry": { "type": "Polygon", "coordinates": [ [ [ 126.98835227847961, 37.458093507291771 ], [ 126.988457661382043, 37.458093963506109 ], [ 126.988411580000019, 37.4580753 ], [ 126.98835631999998, 37.45805306 ], [ 126.988352564739913, 37.45805149085006 ], [ 126.98835227847961, 37.458093507291771 ] ] ] } },
{ "type": "Feature", "properties": { "display_grid_id": "11620_00150", "gu_code": 11620, "gu_name": "관악구", "source_cell_count": 7, "area_m2": 16671.88, "mean_actual_lst": 31.537, "mean_actual_anomaly": -4.7606, "seoul_anomaly": -5.8733, "pred_anomaly": -4.8952, "pred_anomaly_std": 0.8575, "green_delta_c": -0.7165, "building_ratio": 0.029, "green_ratio": 0.7541, "ndvi": 0.3856, "impervious_ratio": 0.0569, "built_surface_ratio": 0.0569, "avg_ground_floor_count": 2.1724, "elevation_m": 140.4711, "albedo": 0.1231, "nearest_park_distance_m": 115.946, "park_area_within_500m": 47437.836, "nearest_stream_distance_m": 904.345, "est_population_density": 1614.9945, "dong_elderly_ratio": 0.223, "dong_avg_age": 44.9, "dong_pop_density": 17826.7, "nearest_shelter_distance_m": 162.1512, "shelter_count_within_500m": 4.835, "est_population": 26.9, "est_elderly": 6.0, "shelter_capacity_within_500m": 553.4, "building_form_group": "no_building", "dong_name": "난향동", "top1_feature": "built_surface_ratio", "top1_shap": -1.4293, "top2_feature": "impervious_ratio", "top2_shap": -1.2278, "top3_feature": "green_ratio", "top3_shap": -0.8705, "priority_score": 38.4787, "priority_rank": 388 }, "geometry": { "type": "Polygon", "coordinates": [ [ [ 126.914841649529365, 37.46000577594554 ], [ 126.914859207564874, 37.457752461372756 ], [ 126.914193007622529, 37.457749160819056 ], [ 126.91402617, 37.45788992 ], [ 126.91402051, 37.45819851000001 ], [ 126.91401632, 37.4584536 ], [ 126.91405978, 37.45860596 ], [ 126.91423669, 37.45894031000001 ], [ 126.91411292, 37.45921811 ], [ 126.91399925, 37.45947003 ], [ 126.91414604, 37.45975396 ], [ 126.91424559, 37.459947470000017 ], [ 126.914239363237527, 37.460002792050084 ], [ 126.914841649529365, 37.46000577594554 ] ] ] } },
{ "type": "Feature", "properties": { "display_grid_id": "11620_00151", "gu_code": 11620, "gu_name": "관악구", "source_cell_count": 11, "area_m2": 62500.0, "mean_actual_lst": 31.4134, "mean_actual_anomaly": -4.8042, "seoul_anomaly": -5.9169, "pred_anomaly": -4.7286, "pred_anomaly_std": 0.7697, "green_delta_c": -0.9586, "building_ratio": 0.0178, "green_ratio": 0.7542, "ndvi": 0.4526, "impervious_ratio": 0.0634, "built_surface_ratio": 0.0634, "avg_ground_floor_count": 0.8995, "elevation_m": 143.3922, "albedo": 0.1118, "nearest_park_distance_m": 156.2448, "park_area_within_500m": 51767.8104, "nearest_stream_distance_m": 949.0716, "est_population_density": 491.6, "dong_elderly_ratio": 0.223, "dong_avg_age": 44.9, "dong_pop_density": 17826.7, "nearest_shelter_distance_m": 165.6388, "shelter_count_within_500m": 6.24, "est_population": 30.7, "est_elderly": 6.8, "shelter_capacity_within_500m": 993.7, "building_form_group": "no_building", "dong_name": "난향동", "top1_feature": "built_surface_ratio", "top1_shap": -1.2867, "top2_feature": "impervious_ratio", "top2_shap": -0.9668, "top3_feature": "green_ratio", "top3_shap": -0.8561, "priority_score": 43.5158, "priority_rank": 345 }, "geometry": { "type": "Polygon", "coordinates": [ [ [ 126.914859207564874, 37.457752461372756 ], [ 126.914841649529365, 37.46000577594554 ], [ 126.917668367536024, 37.460019739287418 ], [ 126.917685840765813, 37.457766423584303 ], [ 126.914859207564874, 37.457752461372756 ] ] ] } },
{ "type": "Feature", "properties": { "display_grid_id": "11620_00152", "gu_code": 11620, "gu_name": "관악구", "source_cell_count": 11, "area_m2": 62500.0, "mean_actual_lst": 34.2789, "mean_actual_anomaly": -1.959, "seoul_anomaly": -3.0717, "pred_anomaly": -0.9243, "pred_anomaly_std": 1.0846, "green_delta_c": -0.4757, "building_ratio": 0.1351, "green_ratio": 0.3922, "ndvi": 0.2547, "impervious_ratio": 0.2726, "built_surface_ratio": 0.2726, "avg_ground_floor_count": 1.0432, "elevation_m": 130.1103, "albedo": 0.0801, "nearest_park_distance_m": 356.45, "park_area_within_500m": 34586.7056, "nearest_stream_distance_m": 1041.3852, "est_population_density": 3716.8, "dong_elderly_ratio": 0.223, "dong_avg_age": 44.9, "dong_pop_density": 17826.7, "nearest_shelter_distance_m": 70.5868, "shelter_count_within_500m": 6.12, "est_population": 232.3, "est_elderly": 51.7, "shelter_capacity_within_500m": 901.5, "building_form_group": "low_floor_low_density", "dong_name": "난향동", "top1_feature": "green_ratio", "top1_shap": -0.4486, "top2_feature": "elevation_m", "top2_shap": -0.2751, "top3_feature": "impervious_ratio", "top3_shap": 0.2474, "priority_score": 37.3005, "priority_rank": 400 }, "geometry": { "type": "Polygon", "coordinates": [ [ [ 126.917685840765813, 37.457766423584303 ], [ 126.917668367536024, 37.460019739287418 ], [ 126.920495087488248, 37.460033635020054 ], [ 126.920512475912133, 37.457780318192107 ], [ 126.917685840765813, 37.457766423584303 ] ] ] } },
{ "type": "Feature", "properties": { "display_grid_id": "11620_00153", "gu_code": 11620, "gu_name": "관악구", "source_cell_count": 16, "area_m2": 62500.0, "mean_actual_lst": 33.2183, "mean_actual_anomaly": -3.0167, "seoul_anomaly": -4.1294, "pred_anomaly": -2.1187, "pred_anomaly_std": 0.9438, "green_delta_c": -0.6668, "building_ratio": 0.0762, "green_ratio": 0.4757, "ndvi": 0.3235, "impervious_ratio": 0.2579, "built_surface_ratio": 0.2579, "avg_ground_floor_count": 0.8032, "elevation_m": 151.911, "albedo": 0.0886, "nearest_park_distance_m": 486.9628, "park_area_within_500m": 4033.5688, "nearest_stream_distance_m": 1152.3772, "est_population_density": 2040.0, "dong_elderly_ratio": 0.223, "dong_avg_age": 44.9, "dong_pop_density": 17826.7, "nearest_shelter_distance_m": 156.2236, "shelter_count_within_500m": 5.16, "est_population": 127.5, "est_elderly": 28.4, "shelter_capacity_within_500m": 736.0, "building_form_group": "low_floor_low_density", "dong_name": "난향동", "top1_feature": "green_ratio", "top1_shap": -0.5973, "top2_feature": "impervious_ratio", "top2_shap": 0.1006, "top3_feature": "built_surface_ratio", "top3_shap": 0.0346, "priority_score": 44.9351, "priority_rank": 340 }, "geometry": { "type": "Polygon", "coordinates": [ [ [ 126.920512475912133, 37.457780318192107 ], [ 126.920495087488248, 37.460033635020054 ], [ 126.923321809376588, 37.46004746314334 ], [ 126.923339112994313, 37.457794145196026 ], [ 126.920512475912133, 37.457780318192107 ] ] ] } },
{ "type": "Feature", "properties": { "display_grid_id": "11620_00154", "gu_code": 11620, "gu_name": "관악구", "source_cell_count": 12, "area_m2": 62500.0, "mean_actual_lst": 31.2985, "mean_actual_anomaly": -4.9794, "seoul_anomaly": -6.092, "pred_anomaly": -5.0688, "pred_anomaly_std": 0.5334, "green_delta_c": -0.5184, "building_ratio": 0.0, "green_ratio": 0.7732, "ndvi": 0.5164, "impervious_ratio": 0.0671, "built_surface_ratio": 0.0671, "avg_ground_floor_count": 0.0, "elevation_m": 175.1829, "albedo": 0.1336, "nearest_park_distance_m": 307.5328, "park_area_within_500m": 12263.1076, "nearest_stream_distance_m": 1311.2692, "est_population_density": 0.0, "dong_elderly_ratio": 0.2867, "dong_avg_age": 50.0, "dong_pop_density": 7603.9, "nearest_shelter_distance_m": 310.1484, "shelter_count_within_500m": 3.84, "est_population": 0.0, "est_elderly": 0.0, "shelter_capacity_within_500m": 447.2, "building_form_group": "no_building", "dong_name": "삼성동", "top1_feature": "built_surface_ratio", "top1_shap": -1.2396, "top2_feature": "impervious_ratio", "top2_shap": -1.0106, "top3_feature": "green_ratio", "top3_shap": -0.8262, "priority_score": 27.7412, "priority_rank": 471 }, "geometry": { "type": "Polygon", "coordinates": [ [ [ 126.923339112994313, 37.457794145196026 ], [ 126.923321809376588, 37.46004746314334 ], [ 126.926148533191622, 37.460061223657114 ], [ 126.926165752002959, 37.457807904595896 ], [ 126.923339112994313, 37.457794145196026 ] ] ] } },
{ "type": "Feature", "properties": { "display_grid_id": "11620_00155", "gu_code": 11620, "gu_name": "관악구", "source_cell_count": 14, "area_m2": 62500.0, "mean_actual_lst": 33.3717, "mean_actual_anomaly": -2.819, "seoul_anomaly": -3.9316, "pred_anomaly": -3.1323, "pred_anomaly_std": 0.8208, "green_delta_c": -0.7092, "building_ratio": 0.0234, "green_ratio": 0.619, "ndvi": 0.4168, "impervious_ratio": 0.1733, "built_surface_ratio": 0.1733, "avg_ground_floor_count": 1.4186, "elevation_m": 130.6338, "albedo": 0.129, "nearest_park_distance_m": 100.8304, "park_area_within_500m": 47573.4372, "nearest_stream_distance_m": 1436.1284, "est_population_density": 1666.4, "dong_elderly_ratio": 0.2867, "dong_avg_age": 50.0, "dong_pop_density": 7603.9, "nearest_shelter_distance_m": 222.1492, "shelter_count_within_500m": 2.64, "est_population": 104.1, "est_elderly": 29.9, "shelter_capacity_within_500m": 298.7, "building_form_group": "no_building", "dong_name": "삼성동", "top1_feature": "green_ratio", "top1_shap": -1.0244, "top2_feature": "ndvi", "top2_shap": -0.5785, "top3_feature": "built_surface_ratio", "top3_shap": -0.2711, "priority_score": 48.0195, "priority_rank": 301 }, "geometry": { "type": "Polygon", "coordinates": [ [ [ 126.926165752002959, 37.457807904595896 ], [ 126.926148533191622, 37.460061223657114 ], [ 126.928975258923927, 37.46007491656124 ], [ 126.928992392928649, 37.457821596391604 ], [ 126.926165752002959, 37.457807904595896 ] ] ] } },
{ "type": "Feature", "properties": { "display_grid_id": "11620_00156", "gu_code": 11620, "gu_name": "관악구", "source_cell_count": 12, "area_m2": 62500.0, "mean_actual_lst": 33.317, "mean_actual_anomaly": -3.2419, "seoul_anomaly": -4.3546, "pred_anomaly": -3.3999, "pred_anomaly_std": 0.8296, "green_delta_c": -0.5887, "building_ratio": 0.0165, "green_ratio": 0.632, "ndvi": 0.3948, "impervious_ratio": 0.1618, "built_surface_ratio": 0.1618, "avg_ground_floor_count": 0.75, "elevation_m": 123.4887, "albedo": 0.1125, "nearest_park_distance_m": 72.228, "park_area_within_500m": 76654.9708, "nearest_stream_distance_m": 1409.5288, "est_population_density": 786.8, "dong_elderly_ratio": 0.2867, "dong_avg_age": 50.0, "dong_pop_density": 7603.9, "nearest_shelter_distance_m": 247.3228, "shelter_count_within_500m": 2.6, "est_population": 49.2, "est_elderly": 14.2, "shelter_capacity_within_500m": 278.7, "building_form_group": "no_building", "dong_name": "삼성동", "top1_feature": "green_ratio", "top1_shap": -0.901, "top2_feature": "built_surface_ratio", "top2_shap": -0.5461, "top3_feature": "impervious_ratio", "top3_shap": -0.273, "priority_score": 43.052, "priority_rank": 351 }, "geometry": { "type": "Polygon", "coordinates": [ [ [ 126.928992392928649, 37.457821596391604 ], [ 126.928975258923927, 37.46007491656124 ], [ 126.931801986564011, 37.460088541855562 ], [ 126.931819035761919, 37.457835220582972 ], [ 126.928992392928649, 37.457821596391604 ] ] ] } },
{ "type": "Feature", "properties": { "display_grid_id": "11620_00157", "gu_code": 11620, "gu_name": "관악구", "source_cell_count": 12, "area_m2": 62500.0, "mean_actual_lst": 33.9745, "mean_actual_anomaly": -2.6875, "seoul_anomaly": -3.8002, "pred_anomaly": -2.8146, "pred_anomaly_std": 0.7856, "green_delta_c": -0.5976, "building_ratio": 0.03, "green_ratio": 0.5761, "ndvi": 0.3835, "impervious_ratio": 0.2263, "built_surface_ratio": 0.2263, "avg_ground_floor_count": 1.4483, "elevation_m": 139.4388, "albedo": 0.1131, "nearest_park_distance_m": 64.8168, "park_area_within_500m": 68643.85, "nearest_stream_distance_m": 1268.7728, "est_population_density": 2938.0, "dong_elderly_ratio": 0.2867, "dong_avg_age": 50.0, "dong_pop_density": 7603.9, "nearest_shelter_distance_m": 173.9684, "shelter_count_within_500m": 1.56, "est_population": 183.6, "est_elderly": 52.5, "shelter_capacity_within_500m": 170.2, "building_form_group": "no_building", "dong_name": "삼성동", "top1_feature": "green_ratio", "top1_shap": -0.8183, "top2_feature": "built_surface_ratio", "top2_shap": -0.2375, "top3_feature": "ndvi", "top3_shap": -0.3881, "priority_score": 43.9147, "priority_rank": 344 }, "geometry": { "type": "Polygon", "coordinates": [ [ [ 126.931819035761919, 37.457835220582972 ], [ 126.931801986564011, 37.460088541855562 ], [ 126.934628716102438, 37.460102099539967 ], [ 126.934645680493304, 37.457848777169907 ], [ 126.931819035761919, 37.457835220582972 ] ] ] } },
{ "type": "Feature", "properties": { "display_grid_id": "11620_00158", "gu_code": 11620, "gu_name": "관악구", "source_cell_count": 13, "area_m2": 62500.0, "mean_actual_lst": 31.7708, "mean_actual_anomaly": -4.5315, "seoul_anomaly": -5.6442, "pred_anomaly": -5.0633, "pred_anomaly_std": 0.6052, "green_delta_c": -0.5679, "building_ratio": 0.0001, "green_ratio": 0.7762, "ndvi": 0.4983, "impervious_ratio": 0.0627, "built_surface_ratio": 0.0627, "avg_ground_floor_count": 0.16, "elevation_m": 182.9276, "albedo": 0.1044, "nearest_park_distance_m": 262.4096, "park_area_within_500m": 36248.612, "nearest_stream_distance_m": 1023.6588, "est_population_density": 0.0, "dong_elderly_ratio": 0.2867, "dong_avg_age": 50.0, "dong_pop_density": 7603.9, "nearest_shelter_distance_m": 314.8936, "shelter_count_within_500m": 1.0, "est_population": 0.0, "est_elderly": 0.0, "shelter_capacity_within_500m": 125.0, "building_form_group": "no_building", "dong_name": "삼성동", "top1_feature": "built_surface_ratio", "top1_shap": -1.293, "top2_feature": "impervious_ratio", "top2_shap": -1.0172, "top3_feature": "green_ratio", "top3_shap": -0.7874, "priority_score": 31.1085, "priority_rank": 446 }, "geometry": { "type": "Polygon", "coordinates": [ [ [ 126.934645680493304, 37.457848777169907 ], [ 126.934628716102438, 37.460102099539967 ], [ 126.937455447529828, 37.46011558961429 ], [ 126.937472327113397, 37.457862266152219 ], [ 126.934645680493304, 37.457848777169907 ] ] ] } },
{ "type": "Feature", "properties": { "display_grid_id": "11620_00159", "gu_code": 11620, "gu_name": "관악구", "source_cell_count": 15, "area_m2": 62500.0, "mean_actual_lst": 31.8761, "mean_actual_anomaly": -4.8768, "seoul_anomaly": -5.9894, "pred_anomaly": -5.4841, "pred_anomaly_std": 0.6296, "green_delta_c": -0.3828, "building_ratio": 0.0023, "green_ratio": 0.823, "ndvi": 0.5798, "impervious_ratio": 0.0447, "built_surface_ratio": 0.0447, "avg_ground_floor_count": 0.16, "elevation_m": 206.6889, "albedo": 0.0981, "nearest_park_distance_m": 485.9264, "park_area_within_500m": 6337.1168, "nearest_stream_distance_m": 784.3164, "est_population_density": 0.0, "dong_elderly_ratio": 0.2131, "dong_avg_age": 45.632, "dong_pop_density": 5365.708, "nearest_shelter_distance_m": 532.5024, "shelter_count_within_500m": 0.28, "est_population": 0.0, "est_elderly": 0.0, "shelter_capacity_within_500m": 35.0, "building_form_group": "no_building", "dong_name": "삼성동", "top1_feature": "built_surface_ratio", "top1_shap": -1.4631, "top2_feature": "impervious_ratio", "top2_shap": -1.2625, "top3_feature": "green_ratio", "top3_shap": -0.8339, "priority_score": 23.7152, "priority_rank": 517 }, "geometry": { "type": "Polygon", "coordinates": [ [ [ 126.937472327113397, 37.457862266152219 ], [ 126.937455447529828, 37.46011558961429 ], [ 126.940282180836661, 37.460129012078411 ], [ 126.940298975612762, 37.457875687529793 ], [ 126.937472327113397, 37.457862266152219 ] ] ] } },
{ "type": "Feature", "properties": { "display_grid_id": "11620_00160", "gu_code": 11620, "gu_name": "관악구", "source_cell_count": 11, "area_m2": 62500.0, "mean_actual_lst": 31.9396, "mean_actual_anomaly": -4.5844, "seoul_anomaly": -5.697, "pred_anomaly": -5.3287, "pred_anomaly_std": 0.5373, "green_delta_c": -0.6632, "building_ratio": 0.0, "green_ratio": 0.8379, "ndvi": 0.6204, "impervious_ratio": 0.0431, "built_surface_ratio": 0.0431, "avg_ground_floor_count": 0.0, "elevation_m": 195.1794, "albedo": 0.1146, "nearest_park_distance_m": 731.1616, "park_area_within_500m": 0.0, "nearest_stream_distance_m": 525.5944, "est_population_density": 0.0, "dong_elderly_ratio": 0.1334, "dong_avg_age": 40.9, "dong_pop_density": 2941.0, "nearest_shelter_distance_m": 774.3624, "shelter_count_within_500m": 0.0, "est_population": 0.0, "est_elderly": 0.0, "shelter_capacity_within_500m": 0.0, "building_form_group": "no_building", "dong_name": "대학동", "top1_feature": "built_surface_ratio", "top1_shap": -1.4492, "top2_feature": "impervious_ratio", "top2_shap": -1.2727, "top3_feature": "green_ratio", "top3_shap": -0.7972, "priority_score": 34.1698, "priority_rank": 430 }, "geometry": { "type": "Polygon", "coordinates": [ [ [ 126.940298975612762, 37.457875687529793 ], [ 126.940282180836661, 37.460129012078411 ], [ 126.943108916013557, 37.460142366932168 ], [ 126.943125625981921, 37.457889041302515 ], [ 126.940298975612762, 37.457875687529793 ] ] ] } },
{ "type": "Feature", "properties": { "display_grid_id": "11620_00161", "gu_code": 11620, "gu_name": "관악구", "source_cell_count": 15, "area_m2": 62500.0, "mean_actual_lst": 31.8733, "mean_actual_anomaly": -4.1889, "seoul_anomaly": -5.3016, "pred_anomaly": -4.7008, "pred_anomaly_std": 0.5488, "green_delta_c": -0.9929, "building_ratio": 0.0, "green_ratio": 0.8298, "ndvi": 0.596, "impervious_ratio": 0.0474, "built_surface_ratio": 0.0474, "avg_ground_floor_count": 0.0, "elevation_m": 140.3629, "albedo": 0.1249, "nearest_park_distance_m": 943.7912, "park_area_within_500m": 0.0, "nearest_stream_distance_m": 288.6984, "est_population_density": 0.0, "dong_elderly_ratio": 0.1334, "dong_avg_age": 40.9, "dong_pop_density": 2941.0, "nearest_shelter_distance_m": 897.8736, "shelter_count_within_500m": 0.0, "est_population": 0.0, "est_elderly": 0.0, "shelter_capacity_within_500m": 0.0, "building_form_group": "no_building", "dong_name": "대학동", "top1_feature": "built_surface_ratio", "top1_shap": -1.4176, "top2_feature": "impervious_ratio", "top2_shap": -1.2387, "top3_feature": "green_ratio", "top3_shap": -0.8, "priority_score": 42.7087, "priority_rank": 357 }, "geometry": { "type": "Polygon", "coordinates": [ [ [ 126.943125625981921, 37.457889041302515 ], [ 126.943108916013557, 37.460142366932168 ], [ 126.945935653051023, 37.460155654175452 ], [ 126.94595227821145, 37.457902327470194 ], [ 126.943125625981921, 37.457889041302515 ] ] ] } },
{ "type": "Feature", "properties": { "display_grid_id": "11620_00162", "gu_code": 11620, "gu_name": "관악구", "source_cell_count": 12, "area_m2": 62500.0, "mean_actual_lst": 33.9281, "mean_actual_anomaly": -2.2984, "seoul_anomaly": -3.4111, "pred_anomaly": -1.579, "pred_anomaly_std": 0.8893, "green_delta_c": -0.7554, "building_ratio": 0.1247, "green_ratio": 0.5765, "ndvi": 0.3675, "impervious_ratio": 0.2047, "built_surface_ratio": 0.2047, "avg_ground_floor_count": 0.92, "elevation_m": 89.5346, "albedo": 0.1167, "nearest_park_distance_m": 1074.6112, "park_area_within_500m": 0.0, "nearest_stream_distance_m": 76.5012, "est_population_density": 0.0, "dong_elderly_ratio": 0.1334, "dong_avg_age": 40.9, "dong_pop_density": 2941.0, "nearest_shelter_distance_m": 965.9944, "shelter_count_within_500m": 0.0, "est_population": 0.0, "est_elderly": 0.0, "shelter_capacity_within_500m": 0.0, "building_form_group": "low_floor_low_density", "dong_name": "대학동", "top1_feature": "green_ratio", "top1_shap": -0.7502, "top2_feature": "built_surface_ratio", "top2_shap": -0.2809, "top3_feature": "impervious_ratio", "top3_shap": -0.3228, "priority_score": 47.2959, "priority_rank": 308 }, "geometry": { "type": "Polygon", "coordinates": [ [ [ 126.94595227821145, 37.457902327470194 ], [ 126.945935653051023, 37.460155654175452 ], [ 126.948762391939653, 37.460168873808094 ], [ 126.948778932291944, 37.457915546032723 ], [ 126.94595227821145, 37.457902327470194 ] ] ] } },
{ "type": "Feature", "properties": { "display_grid_id": "11620_00163", "gu_code": 11620, "gu_name": "관악구", "source_cell_count": 10, "area_m2": 62500.0, "mean_actual_lst": 38.0977, "mean_actual_anomaly": 2.0005, "seoul_anomaly": 0.8878, "pred_anomaly": 2.2873, "pred_anomaly_std": 1.2517, "green_delta_c": -0.6475, "building_ratio": 0.2726, "green_ratio": 0.286, "ndvi": 0.1732, "impervious_ratio": 0.3885, "built_surface_ratio": 0.3885, "avg_ground_floor_count": 1.0, "elevation_m": 96.5026, "albedo": 0.1235, "nearest_park_distance_m": 1160.7472, "park_area_within_500m": 0.0, "nearest_stream_distance_m": 188.898, "est_population_density": 0.0, "dong_elderly_ratio": 0.1334, "dong_avg_age": 40.9, "dong_pop_density": 2941.0, "nearest_shelter_distance_m": 1048.8816, "shelter_count_within_500m": 0.0, "est_population": 0.0, "est_elderly": 0.0, "shelter_capacity_within_500m": 0.0, "building_form_group": "low_floor_high_density", "dong_name": "대학동", "top1_feature": "built_surface_ratio", "top1_shap": 0.585, "top2_feature": "impervious_ratio", "top2_shap": 0.4726, "top3_feature": "ndvi", "top3_shap": 0.2318, "priority_score": 52.7087, "priority_rank": 247 }, "geometry": { "type": "Polygon", "coordinates": [ [ [ 126.948778932291944, 37.457915546032723 ], [ 126.948762391939653, 37.460168873808094 ], [ 126.95158913266998, 37.460182025829987 ], [ 126.951605588213894, 37.457928696989967 ], [ 126.948778932291944, 37.457915546032723 ] ] ] } },
{ "type": "Feature", "properties": { "display_grid_id": "11620_00164", "gu_code": 11620, "gu_name": "관악구", "source_cell_count": 14, "area_m2": 62500.0, "mean_actual_lst": 35.8966, "mean_actual_anomaly": -0.2329, "seoul_anomaly": -1.3455, "pred_anomaly": 1.199, "pred_anomaly_std": 1.3546, "green_delta_c": -0.5488, "building_ratio": 0.2628, "green_ratio": 0.2914, "ndvi": 0.2022, "impervious_ratio": 0.3859, "built_surface_ratio": 0.3859, "avg_ground_floor_count": 1.0, "elevation_m": 122.6332, "albedo": 0.1093, "nearest_park_distance_m": 1290.9056, "park_area_within_500m": 0.0, "nearest_stream_distance_m": 425.6672, "est_population_density": 0.0, "dong_elderly_ratio": 0.1334, "dong_avg_age": 40.9, "dong_pop_density": 2941.0, "nearest_shelter_distance_m": 1180.0344, "shelter_count_within_500m": 0.0, "est_population": 0.0, "est_elderly": 0.0, "shelter_capacity_within_500m": 0.0, "building_form_group": "low_floor_low_density", "dong_name": "대학동", "top1_feature": "built_surface_ratio", "top1_shap": 0.547, "top2_feature": "impervious_ratio", "top2_shap": 0.4657, "top3_feature": "ndvi", "top3_shap": 0.1337, "priority_score": 46.4518, "priority_rank": 318 }, "geometry": { "type": "Polygon", "coordinates": [ [ [ 126.951605588213894, 37.457928696989967 ], [ 126.95158913266998, 37.460182025829987 ], [ 126.954415875232584, 37.46019511024096 ], [ 126.954432245967922, 37.457941780341784 ], [ 126.951605588213894, 37.457928696989967 ] ] ] } },
{ "type": "Feature", "properties": { "display_grid_id": "11620_00165", "gu_code": 11620, "gu_name": "관악구", "source_cell_count": 11, "area_m2": 62500.0, "mean_actual_lst": 34.4155, "mean_actual_anomaly": -1.7696, "seoul_anomaly": -2.8823, "pred_anomaly": -1.0619, "pred_anomaly_std": 1.1209, "green_delta_c": -0.6265, "building_ratio": 0.0825, "green_ratio": 0.468, "ndvi": 0.3479, "impervious_ratio": 0.3204, "built_surface_ratio": 0.3204, "avg_ground_floor_count": 0.68, "elevation_m": 137.7712, "albedo": 0.1254, "nearest_park_distance_m": 1340.3328, "park_area_within_500m": 0.0, "nearest_stream_distance_m": 486.4768, "est_population_density": 0.0, "dong_elderly_ratio": 0.1334, "dong_avg_age": 40.9, "dong_pop_density": 2941.0, "nearest_shelter_distance_m": 1161.552, "shelter_count_within_500m": 0.0, "est_population": 0.0, "est_elderly": 0.0, "shelter_capacity_within_500m": 0.0, "building_form_group": "no_building", "dong_name": "대학동", "top1_feature": "built_surface_ratio", "top1_shap": 0.2328, "top2_feature": "green_ratio", "top2_shap": -0.4862, "top3_feature": "impervious_ratio", "top3_shap": 0.251, "priority_score": 45.5519, "priority_rank": 331 }, "geometry": { "type": "Polygon", "coordinates": [ [ [ 126.954432245967922, 37.457941780341784 ], [ 126.954415875232584, 37.46019511024096 ], [ 126.957242619618029, 37.460208127040922 ], [ 126.957258905544563, 37.457954796088039 ], [ 126.954432245967922, 37.457941780341784 ] ] ] } },
{ "type": "Feature", "properties": { "display_grid_id": "11620_00166", "gu_code": 11620, "gu_name": "관악구", "source_cell_count": 14, "area_m2": 62500.0, "mean_actual_lst": 31.5108, "mean_actual_anomaly": -4.6857, "seoul_anomaly": -5.7984, "pred_anomaly": -4.8715, "pred_anomaly_std": 0.5903, "green_delta_c": -0.5889, "building_ratio": 0.017, "green_ratio": 0.7835, "ndvi": 0.5492, "impervious_ratio": 0.066, "built_surface_ratio": 0.066, "avg_ground_floor_count": 0.16, "elevation_m": 183.3921, "albedo": 0.0865, "nearest_park_distance_m": 1222.6808, "park_area_within_500m": 0.0, "nearest_stream_distance_m": 370.0324, "est_population_density": 0.0, "dong_elderly_ratio": 0.1109, "dong_avg_age": 37.572, "dong_pop_density": 6781.096, "nearest_shelter_distance_m": 1049.95, "shelter_count_within_500m": 0.0, "est_population": 0.0, "est_elderly": 0.0, "shelter_capacity_within_500m": 0.0, "building_form_group": "no_building", "dong_name": "낙성대동", "top1_feature": "built_surface_ratio", "top1_shap": -1.2401, "top2_feature": "impervious_ratio", "top2_shap": -1.0344, "top3_feature": "green_ratio", "top3_shap": -0.8501, "priority_score": 34.2625, "priority_rank": 429 }, "geometry": { "type": "Polygon", "coordinates": [ [ [ 126.957258905544563, 37.457954796088039 ], [ 126.957242619618029, 37.460208127040922 ], [ 126.960069365816821, 37.460221076229701 ], [ 126.960085566934353, 37.45796774422859 ], [ 126.957258905544563, 37.457954796088039 ] ] ] } },
{ "type": "Feature", "properties": { "display_grid_id": "11620_00167", "gu_code": 11620, "gu_name": "관악구", "source_cell_count": 10, "area_m2": 62500.0, "mean_actual_lst": 31.4359, "mean_actual_anomaly": -4.6297, "seoul_anomaly": -5.7424, "pred_anomaly": -5.3833, "pred_anomaly_std": 0.5359, "green_delta_c": -0.6678, "building_ratio": 0.0, "green_ratio": 0.8217, "ndvi": 0.6046, "impervious_ratio": 0.0371, "built_surface_ratio": 0.0371, "avg_ground_floor_count": 0.0, "elevation_m": 214.7763, "albedo": 0.0842, "nearest_park_distance_m": 1130.7768, "park_area_within_500m": 0.0, "nearest_stream_distance_m": 394.2252, "est_population_density": 0.0, "dong_elderly_ratio": 0.0901, "dong_avg_age": 34.5, "dong_pop_density": 10325.8, "nearest_shelter_distance_m": 997.2172, "shelter_count_within_500m": 0.0, "est_population": 0.0, "est_elderly": 0.0, "shelter_capacity_within_500m": 0.0, "building_form_group": "no_building", "dong_name": "낙성대동", "top1_feature": "built_surface_ratio", "top1_shap": -1.4714, "top2_feature": "impervious_ratio", "top2_shap": -1.2791, "top3_feature": "green_ratio", "top3_shap": -0.7801, "priority_score": 35.0788, "priority_rank": 420 }, "geometry": { "type": "Polygon", "coordinates": [ [ [ 126.960085566934353, 37.45796774422859 ], [ 126.960069365816821, 37.460221076229701 ], [ 126.962896113819582, 37.460233957807183 ], [ 126.962912230127898, 37.457980624763323 ], [ 126.960085566934353, 37.45796774422859 ] ] ] } },
{ "type": "Feature", "properties": { "display_grid_id": "11620_00168", "gu_code": 11620, "gu_name": "관악구", "source_cell_count": 13, "area_m2": 62500.0, "mean_actual_lst": 30.8781, "mean_actual_anomaly": -5.0893, "seoul_anomaly": -6.2019, "pred_anomaly": -5.6679, "pred_anomaly_std": 0.5469, "green_delta_c": -0.6084, "building_ratio": 0.0, "green_ratio": 0.8029, "ndvi": 0.5515, "impervious_ratio": 0.0418, "built_surface_ratio": 0.0418, "avg_ground_floor_count": 0.0, "elevation_m": 254.9732, "albedo": 0.0859, "nearest_park_distance_m": 1081.1736, "park_area_within_500m": 0.0, "nearest_stream_distance_m": 552.16, "est_population_density": 0.0, "dong_elderly_ratio": 0.0901, "dong_avg_age": 34.5, "dong_pop_density": 10325.8, "nearest_shelter_distance_m": 1003.766, "shelter_count_within_500m": 0.0, "est_population": 0.0, "est_elderly": 0.0, "shelter_capacity_within_500m": 0.0, "building_form_group": "no_building", "dong_name": "낙성대동", "top1_feature": "built_surface_ratio", "top1_shap": -1.4478, "top2_feature": "impervious_ratio", "top2_shap": -1.2588, "top3_feature": "green_ratio", "top3_shap": -0.8282, "priority_score": 31.3497, "priority_rank": 445 }, "geometry": { "type": "Polygon", "coordinates": [ [ [ 126.962912230127898, 37.457980624763323 ], [ 126.962896113819582, 37.460233957807183 ], [ 126.965722863616818, 37.460246771773235 ], [ 126.965738895115706, 37.457993437692082 ], [ 126.962912230127898, 37.457980624763323 ] ] ] } },
{ "type": "Feature", "properties": { "display_grid_id": "11620_00169", "gu_code": 11620, "gu_name": "관악구", "source_cell_count": 14, "area_m2": 62500.0, "mean_actual_lst": 30.482, "mean_actual_anomaly": -5.0563, "seoul_anomaly": -6.169, "pred_anomaly": -5.8065, "pred_anomaly_std": 0.5321, "green_delta_c": -0.7676, "building_ratio": 0.0, "green_ratio": 0.7824, "ndvi": 0.514, "impervious_ratio": 0.045, "built_surface_ratio": 0.045, "avg_ground_floor_count": 0.0, "elevation_m": 318.7751, "albedo": 0.0865, "nearest_park_distance_m": 1089.7808, "park_area_within_500m": 0.0, "nearest_stream_distance_m": 750.4512, "est_population_density": 0.0, "dong_elderly_ratio": 0.1039, "dong_avg_age": 35.812, "dong_pop_density": 9528.296, "nearest_shelter_distance_m": 1058.8004, "shelter_count_within_500m": 0.0, "est_population": 0.0, "est_elderly": 0.0, "shelter_capacity_within_500m": 0.0, "building_form_group": "no_building", "dong_name": "낙성대동", "top1_feature": "built_surface_ratio", "top1_shap": -1.423, "top2_feature": "impervious_ratio", "top2_shap": -1.2335, "top3_feature": "green_ratio", "top3_shap": -0.6786, "priority_score": 37.987, "priority_rank": 394 }, "geometry": { "type": "Polygon", "coordinates": [ [ [ 126.965738895115706, 37.457993437692082 ], [ 126.965722863616818, 37.460246771773235 ], [ 126.968549615199123, 37.460259518127707 ], [ 126.968565561888354, 37.458006183014767 ], [ 126.965738895115706, 37.457993437692082 ] ] ] } },
{ "type": "Feature", "properties": { "display_grid_id": "11620_00170", "gu_code": 11620, "gu_name": "관악구", "source_cell_count": 15, "area_m2": 62500.0, "mean_actual_lst": 31.7394, "mean_actual_anomaly": -4.0413, "seoul_anomaly": -5.1539, "pred_anomaly": -5.7479, "pred_anomaly_std": 0.5839, "green_delta_c": -0.7353, "building_ratio": 0.0, "green_ratio": 0.7964, "ndvi": 0.5239, "impervious_ratio": 0.0493, "built_surface_ratio": 0.0493, "avg_ground_floor_count": 0.0, "elevation_m": 321.8716, "albedo": 0.1223, "nearest_park_distance_m": 1156.6356, "park_area_within_500m": 0.0, "nearest_stream_distance_m": 986.3088, "est_population_density": 0.0, "dong_elderly_ratio": 0.1694, "dong_avg_age": 42.044, "dong_pop_density": 5740.152, "nearest_shelter_distance_m": 1126.776, "shelter_count_within_500m": 0.0, "est_population": 0.0, "est_elderly": 0.0, "shelter_capacity_within_500m": 0.0, "building_form_group": "no_building", "dong_name": "남현동", "top1_feature": "built_surface_ratio", "top1_shap": -1.3741, "top2_feature": "impervious_ratio", "top2_shap": -1.1881, "top3_feature": "green_ratio", "top3_shap": -0.7328, "priority_score": 40.5983, "priority_rank": 371 }, "geometry": { "type": "Polygon", "coordinates": [ [ [ 126.968565561888354, 37.458006183014767 ], [ 126.968549615199123, 37.460259518127707 ], [ 126.97137636855706, 37.460272196870484 ], [ 126.971392230436422, 37.458018860731201 ], [ 126.968565561888354, 37.458006183014767 ] ] ] } },
{ "type": "Feature", "properties": { "display_grid_id": "11620_00171", "gu_code": 11620, "gu_name": "관악구", "source_cell_count": 11, "area_m2": 62500.0, "mean_actual_lst": 32.4073, "mean_actual_anomaly": -3.7286, "seoul_anomaly": -4.8412, "pred_anomaly": -5.4754, "pred_anomaly_std": 0.5761, "green_delta_c": -0.7082, "building_ratio": 0.0, "green_ratio": 0.8133, "ndvi": 0.5553, "impervious_ratio": 0.0438, "built_surface_ratio": 0.0438, "avg_ground_floor_count": 0.0, "elevation_m": 245.7323, "albedo": 0.1211, "nearest_park_distance_m": 1263.5548, "park_area_within_500m": 0.0, "nearest_stream_distance_m": 1212.8552, "est_population_density": 0.0, "dong_elderly_ratio": 0.1763, "dong_avg_age": 42.7, "dong_pop_density": 5341.4, "nearest_shelter_distance_m": 1229.3232, "shelter_count_within_500m": 0.0, "est_population": 0.0, "est_elderly": 0.0, "shelter_capacity_within_500m": 0.0, "building_form_group": "no_building", "dong_name": "남현동", "top1_feature": "built_surface_ratio", "top1_shap": -1.375, "top2_feature": "impervious_ratio", "top2_shap": -1.1968, "top3_feature": "green_ratio", "top3_shap": -0.848, "priority_score": 39.6985, "priority_rank": 381 }, "geometry": { "type": "Polygon", "coordinates": [ [ [ 126.971392230436422, 37.458018860731201 ], [ 126.97137636855706, 37.460272196870484 ], [ 126.974203123681136, 37.460284808001425 ], [ 126.974218900750472, 37.45803147084127 ], [ 126.971392230436422, 37.458018860731201 ] ] ] } },
{ "type": "Feature", "properties": { "display_grid_id": "11620_00172", "gu_code": 11620, "gu_name": "관악구", "source_cell_count": 13, "area_m2": 62500.0, "mean_actual_lst": 32.3543, "mean_actual_anomaly": -3.6778, "seoul_anomaly": -4.7905, "pred_anomaly": -5.4281, "pred_anomaly_std": 0.5946, "green_delta_c": -0.5616, "building_ratio": 0.0, "green_ratio": 0.8012, "ndvi": 0.5668, "impervious_ratio": 0.0415, "built_surface_ratio": 0.0415, "avg_ground_floor_count": 0.0, "elevation_m": 194.2719, "albedo": 0.1029, "nearest_park_distance_m": 1328.7352, "park_area_within_500m": 0.0, "nearest_stream_distance_m": 1444.9124, "est_population_density": 0.0, "dong_elderly_ratio": 0.1763, "dong_avg_age": 42.7, "dong_pop_density": 5341.4, "nearest_shelter_distance_m": 1354.3544, "shelter_count_within_500m": 0.0, "est_population": 0.0, "est_elderly": 0.0, "shelter_capacity_within_500m": 0.0, "building_form_group": "no_building", "dong_name": "남현동", "top1_feature": "built_surface_ratio", "top1_shap": -1.4095, "top2_feature": "impervious_ratio", "top2_shap": -1.2254, "top3_feature": "green_ratio", "top3_shap": -0.807, "priority_score": 35.2829, "priority_rank": 418 }, "geometry": { "type": "Polygon", "coordinates": [ [ [ 126.974218900750472, 37.45803147084127 ], [ 126.974203123681136, 37.460284808001425 ], [ 126.977029880561957, 37.460297351520403 ], [ 126.977045572821012, 37.458044013344868 ], [ 126.974218900750472, 37.45803147084127 ] ] ] } },
{ "type": "Feature", "properties": { "display_grid_id": "11620_00173", "gu_code": 11620, "gu_name": "관악구", "source_cell_count": 11, "area_m2": 62500.0, "mean_actual_lst": 32.7579, "mean_actual_anomaly": -3.4308, "seoul_anomaly": -4.5434, "pred_anomaly": -4.8695, "pred_anomaly_std": 0.6742, "green_delta_c": -0.923, "building_ratio": 0.0, "green_ratio": 0.7622, "ndvi": 0.5389, "impervious_ratio": 0.0754, "built_surface_ratio": 0.0754, "avg_ground_floor_count": 0.0, "elevation_m": 168.4033, "albedo": 0.0913, "nearest_park_distance_m": 1140.632, "park_area_within_500m": 0.0, "nearest_stream_distance_m": 1449.2516, "est_population_density": 0.0, "dong_elderly_ratio": 0.1763, "dong_avg_age": 42.7, "dong_pop_density": 5341.4, "nearest_shelter_distance_m": 1238.8792, "shelter_count_within_500m": 0.0, "est_population": 0.0, "est_elderly": 0.0, "shelter_capacity_within_500m": 0.0, "building_form_group": "no_building", "dong_name": "남현동", "top1_feature": "built_surface_ratio", "top1_shap": -1.0488, "top2_feature": "impervious_ratio", "top2_shap": -0.8815, "top3_feature": "green_ratio", "top3_shap": -0.8628, "priority_score": 47.7783, "priority_rank": 305 }, "geometry": { "type": "Polygon", "coordinates": [ [ [ 126.977045572821012, 37.458044013344868 ], [ 126.977029880561957, 37.460297351520403 ], [ 126.979856639190047, 37.460309827427288 ], [ 126.979872246638649, 37.458056488241851 ], [ 126.977045572821012, 37.458044013344868 ] ] ] } },
{ "type": "Feature", "properties": { "display_grid_id": "11620_00174", "gu_code": 11620, "gu_name": "관악구", "source_cell_count": 14, "area_m2": 62500.0, "mean_actual_lst": 32.5259, "mean_actual_anomaly": -3.7742, "seoul_anomaly": -4.8868, "pred_anomaly": -5.3968, "pred_anomaly_std": 0.5562, "green_delta_c": -0.6505, "building_ratio": 0.0, "green_ratio": 0.8097, "ndvi": 0.5654, "impervious_ratio": 0.044, "built_surface_ratio": 0.044, "avg_ground_floor_count": 0.0, "elevation_m": 196.0912, "albedo": 0.0825, "nearest_park_distance_m": 919.3212, "park_area_within_500m": 0.0, "nearest_stream_distance_m": 1375.2868, "est_population_density": 0.0, "dong_elderly_ratio": 0.1763, "dong_avg_age": 42.7, "dong_pop_density": 5341.4, "nearest_shelter_distance_m": 1051.646, "shelter_count_within_500m": 0.0, "est_population": 0.0, "est_elderly": 0.0, "shelter_capacity_within_500m": 0.0, "building_form_group": "no_building", "dong_name": "남현동", "top1_feature": "built_surface_ratio", "top1_shap": -1.414, "top2_feature": "impervious_ratio", "top2_shap": -1.2292, "top3_feature": "green_ratio", "top3_shap": -0.7909, "priority_score": 37.5556, "priority_rank": 398 }, "geometry": { "type": "Polygon", "coordinates": [ [ [ 126.979872246638649, 37.458056488241851 ], [ 126.979856639190047, 37.460309827427288 ], [ 126.982683399555995, 37.460322235721961 ], [ 126.982698922193919, 37.45806889553208 ], [ 126.979872246638649, 37.458056488241851 ] ] ] } },
{ "type": "Feature", "properties": { "display_grid_id": "11620_00175", "gu_code": 11620, "gu_name": "관악구", "source_cell_count": 12, "area_m2": 62500.0, "mean_actual_lst": 33.0782, "mean_actual_anomaly": -3.1687, "seoul_anomaly": -4.2814, "pred_anomaly": -4.1528, "pred_anomaly_std": 0.6894, "green_delta_c": -0.661, "building_ratio": 0.0, "green_ratio": 0.712, "ndvi": 0.5188, "impervious_ratio": 0.1391, "built_surface_ratio": 0.1391, "avg_ground_floor_count": 0.0, "elevation_m": 163.7344, "albedo": 0.1089, "nearest_park_distance_m": 737.3228, "park_area_within_500m": 0.0, "nearest_stream_distance_m": 1348.5156, "est_population_density": 0.0, "dong_elderly_ratio": 0.1763, "dong_avg_age": 42.7, "dong_pop_density": 5341.4, "nearest_shelter_distance_m": 910.9836, "shelter_count_within_500m": 0.0, "est_population": 0.0, "est_elderly": 0.0, "shelter_capacity_within_500m": 0.0, "building_form_group": "no_building", "dong_name": "남현동", "top1_feature": "built_surface_ratio", "top1_shap": -0.7422, "top2_feature": "green_ratio", "top2_shap": -0.883, "top3_feature": "impervious_ratio", "top3_shap": -0.4439, "priority_score": 42.0826, "priority_rank": 363 }, "geometry": { "type": "Polygon", "coordinates": [ [ [ 126.982698922193919, 37.45806889553208 ], [ 126.982683399555995, 37.460322235721961 ], [ 126.985510161650367, 37.460334576404279 ], [ 126.985525599477384, 37.458081235215424 ], [ 126.982698922193919, 37.45806889553208 ] ] ] } },
{ "type": "Feature", "properties": { "display_grid_id": "11620_00176", "gu_code": 11620, "gu_name": "관악구", "source_cell_count": 11, "area_m2": 53874.59, "mean_actual_lst": 37.1673, "mean_actual_anomaly": 0.8494, "seoul_anomaly": -0.2633, "pred_anomaly": 0.8925, "pred_anomaly_std": 1.0755, "green_delta_c": -0.663, "building_ratio": 0.0, "green_ratio": 0.2997, "ndvi": 0.2749, "impervious_ratio": 0.5127, "built_surface_ratio": 0.5127, "avg_ground_floor_count": 0.0, "elevation_m": 117.2178, "albedo": 0.1269, "nearest_park_distance_m": 606.3146, "park_area_within_500m": 60.588, "nearest_stream_distance_m": 1373.2261, "est_population_density": 0.0, "dong_elderly_ratio": 0.1763, "dong_avg_age": 42.7, "dong_pop_density": 5341.4, "nearest_shelter_distance_m": 826.9435, "shelter_count_within_500m": 0.0, "est_population": 0.0, "est_elderly": 0.0, "shelter_capacity_within_500m": 0.0, "building_form_group": "no_building", "dong_name": "남현동", "top1_feature": "impervious_ratio", "top1_shap": 1.0763, "top2_feature": "built_surface_ratio", "top2_shap": 0.9846, "top3_feature": "green_ratio", "top3_shap": 0.1652, "priority_score": 51.5074, "priority_rank": 266 }, "geometry": { "type": "Polygon", "coordinates": [ [ [ 126.98835227847961, 37.458093507291771 ], [ 126.985525599477384, 37.458081235215424 ], [ 126.985510161650367, 37.460334576404279 ], [ 126.987531952519021, 37.4603433613782 ], [ 126.98753345, 37.4603204 ], [ 126.98754195, 37.46022382 ], [ 126.98755009, 37.46014865 ], [ 126.987566180000016, 37.46006897 ], [ 126.9875743, 37.46002955 ], [ 126.98759163, 37.45995522 ], [ 126.98761266, 37.45986568 ], [ 126.987640930000012, 37.45977502 ], [ 126.98764853, 37.45975221 ], [ 126.98765736, 37.459727439999988 ], [ 126.98766691, 37.45970125 ], [ 126.987690760000021, 37.45963678 ], [ 126.98769448, 37.45962692 ], [ 126.98770489, 37.45960355 ], [ 126.98773369, 37.4595402 ], [ 126.987796589999988, 37.4594214 ], [ 126.987851530000015, 37.45931553 ], [ 126.98786407, 37.4592916 ], [ 126.98787574, 37.45927246 ], [ 126.987961060000018, 37.45914746 ], [ 126.98797325000001, 37.45913197 ], [ 126.98810414, 37.45897403 ], [ 126.9881612, 37.45890504 ], [ 126.988227080000016, 37.45882171 ], [ 126.9882889, 37.45874316 ], [ 126.98831964, 37.45870516 ], [ 126.988348340672843, 37.458671478075317 ], [ 126.98835227847961, 37.458093507291771 ] ] ] } },
{ "type": "Feature", "properties": { "display_grid_id": "11620_00177", "gu_code": 11620, "gu_name": "관악구", "source_cell_count": 2, "area_m2": 932.37, "mean_actual_lst": 37.3561, "mean_actual_anomaly": 0.9516, "seoul_anomaly": -0.161, "pred_anomaly": 0.7041, "pred_anomaly_std": 1.2408, "green_delta_c": -0.6032, "building_ratio": 0.0, "green_ratio": 0.3187, "ndvi": 0.2287, "impervious_ratio": 0.4527, "built_surface_ratio": 0.4527, "avg_ground_floor_count": 0.0, "elevation_m": 113.184, "albedo": 0.112, "nearest_park_distance_m": 633.93, "park_area_within_500m": 0.0, "nearest_stream_distance_m": 1470.09, "est_population_density": 0.0, "dong_elderly_ratio": 0.1763, "dong_avg_age": 42.7, "dong_pop_density": 5341.4, "nearest_shelter_distance_m": 878.01, "shelter_count_within_500m": 0.0, "est_population": 0.0, "est_elderly": 0.0, "shelter_capacity_within_500m": 0.0, "building_form_group": "no_building", "dong_name": "남현동", "top1_feature": "impervious_ratio", "top1_shap": 1.0069, "top2_feature": "built_surface_ratio", "top2_shap": 0.9071, "top3_feature": "building_ratio", "top3_shap": -0.4321, "priority_score": 49.4156, "priority_rank": 286 }, "geometry": { "type": "Polygon", "coordinates": [ [ [ 126.98835227847961, 37.458093507291771 ], [ 126.988348340672843, 37.458671478075317 ], [ 126.988445589999984, 37.45855735 ], [ 126.98845884, 37.45854159 ], [ 126.98849382, 37.45846725 ], [ 126.98857225, 37.45830029 ], [ 126.9886355, 37.45816599 ], [ 126.988457661382043, 37.458093963506109 ], [ 126.98835227847961, 37.458093507291771 ] ] ] } },
{ "type": "Feature", "properties": { "display_grid_id": "11620_00178", "gu_code": 11620, "gu_name": "관악구", "source_cell_count": 7, "area_m2": 14409.23, "mean_actual_lst": 35.1213, "mean_actual_anomaly": -1.1255, "seoul_anomaly": -2.2382, "pred_anomaly": -1.484, "pred_anomaly_std": 1.0879, "green_delta_c": -0.6125, "building_ratio": 0.1799, "green_ratio": 0.5783, "ndvi": 0.3516, "impervious_ratio": 0.2314, "built_surface_ratio": 0.2314, "avg_ground_floor_count": 1.1828, "elevation_m": 107.4585, "albedo": 0.1334, "nearest_park_distance_m": 16.1697, "park_area_within_500m": 77711.4659, "nearest_stream_distance_m": 1149.7784, "est_population_density": 6645.4232, "dong_elderly_ratio": 0.223, "dong_avg_age": 44.9, "dong_pop_density": 17826.7, "nearest_shelter_distance_m": 102.9488, "shelter_count_within_500m": 6.8993, "est_population": 95.8, "est_elderly": 21.3, "shelter_capacity_within_500m": 638.0, "building_form_group": "low_floor_low_density", "dong_name": "난향동", "top1_feature": "green_ratio", "top1_shap": -1.0647, "top2_feature": "ndvi", "top2_shap": -0.5652, "top3_feature": "impervious_ratio", "top3_shap": 0.1339, "priority_score": 42.3933, "priority_rank": 360 }, "geometry": { "type": "Polygon", "coordinates": [ [ [ 126.914824089538854, 37.462259089649947 ], [ 126.914841649529365, 37.46000577594554 ], [ 126.914239363237527, 37.460002792050084 ], [ 126.91420186000002, 37.46033599 ], [ 126.91416664, 37.460715240000013 ], [ 126.914184550000016, 37.46095626000001 ], [ 126.91419388, 37.46097739 ], [ 126.914300449999985, 37.46121877 ], [ 126.91437937000002, 37.46139283 ], [ 126.91438145, 37.46143113 ], [ 126.914388869999982, 37.46157924 ], [ 126.914289510000017, 37.46166025 ], [ 126.91415199, 37.4617663 ], [ 126.91394533, 37.46193593 ], [ 126.91387367999998, 37.46220026 ], [ 126.913859174070041, 37.462254307463617 ], [ 126.914824089538854, 37.462259089649947 ] ] ] } },
{ "type": "Feature", "properties": { "display_grid_id": "11620_00179", "gu_code": 11620, "gu_name": "관악구", "source_cell_count": 15, "area_m2": 62500.0, "mean_actual_lst": 35.2411, "mean_actual_anomaly": -0.9958, "seoul_anomaly": -2.1084, "pred_anomaly": -1.6226, "pred_anomaly_std": 0.8662, "green_delta_c": -0.7408, "building_ratio": 0.146, "green_ratio": 0.5754, "ndvi": 0.3737, "impervious_ratio": 0.2229, "built_surface_ratio": 0.2229, "avg_ground_floor_count": 1.2772, "elevation_m": 102.6674, "albedo": 0.1144, "nearest_park_distance_m": 51.5376, "park_area_within_500m": 77868.444, "nearest_stream_distance_m": 1176.7244, "est_population_density": 8649.52, "dong_elderly_ratio": 0.223, "dong_avg_age": 44.9, "dong_pop_density": 17826.7, "nearest_shelter_distance_m": 143.222, "shelter_count_within_500m": 8.32, "est_population": 540.6, "est_elderly": 120.5, "shelter_capacity_within_500m": 1298.8, "building_form_group": "no_building", "dong_name": "난향동", "top1_feature": "green_ratio", "top1_shap": -0.8125, "top2_feature": "built_surface_ratio", "top2_shap": -0.2472, "top3_feature": "impervious_ratio", "top3_shap": -0.1858, "priority_score": 51.3497, "priority_rank": 267 }, "geometry": { "type": "Polygon", "coordinates": [ [ [ 126.914841649529365, 37.46000577594554 ], [ 126.914824089538854, 37.462259089649947 ], [ 126.917650892360626, 37.4622730541222 ], [ 126.917668367536024, 37.460019739287418 ], [ 126.914841649529365, 37.46000577594554 ] ] ] } },
{ "type": "Feature", "properties": { "display_grid_id": "11620_00180", "gu_code": 11620, "gu_name": "관악구", "source_cell_count": 13, "area_m2": 62500.0, "mean_actual_lst": 36.4128, "mean_actual_anomaly": 0.1282, "seoul_anomaly": -0.9845, "pred_anomaly": 0.4536, "pred_anomaly_std": 0.9876, "green_delta_c": -0.5539, "building_ratio": 0.1536, "green_ratio": 0.3202, "ndvi": 0.2542, "impervious_ratio": 0.3691, "built_surface_ratio": 0.3691, "avg_ground_floor_count": 1.491, "elevation_m": 93.3538, "albedo": 0.0909, "nearest_park_distance_m": 199.7228, "park_area_within_500m": 72169.1312, "nearest_stream_distance_m": 1264.3732, "est_population_density": 6876.8, "dong_elderly_ratio": 0.223, "dong_avg_age": 44.9, "dong_pop_density": 17826.7, "nearest_shelter_distance_m": 83.95, "shelter_count_within_500m": 8.2, "est_population": 429.8, "est_elderly": 95.9, "shelter_capacity_within_500m": 1286.0, "building_form_group": "low_floor_low_density", "dong_name": "난향동", "top1_feature": "built_surface_ratio", "top1_shap": 0.5197, "top2_feature": "impervious_ratio", "top2_shap": 0.4727, "top3_feature": "ndvi", "top3_shap": -0.2777, "priority_score": 45.1484, "priority_rank": 338 }, "geometry": { "type": "Polygon", "coordinates": [ [ [ 126.917668367536024, 37.460019739287418 ], [ 126.917650892360626, 37.4622730541222 ], [ 126.920477697128248, 37.462286950979738 ], [ 126.920495087488248, 37.460033635020054 ], [ 126.917668367536024, 37.460019739287418 ] ] ] } },
{ "type": "Feature", "properties": { "display_grid_id": "11620_00181", "gu_code": 11620, "gu_name": "관악구", "source_cell_count": 14, "area_m2": 62500.0, "mean_actual_lst": 34.0998, "mean_actual_anomaly": -2.1914, "seoul_anomaly": -3.304, "pred_anomaly": -1.3783, "pred_anomaly_std": 0.8991, "green_delta_c": -0.6684, "building_ratio": 0.0969, "green_ratio": 0.4443, "ndvi": 0.3272, "impervious_ratio": 0.2911, "built_surface_ratio": 0.2911, "avg_ground_floor_count": 0.8394, "elevation_m": 122.9612, "albedo": 0.0895, "nearest_park_distance_m": 343.6276, "park_area_within_500m": 24825.0936, "nearest_stream_distance_m": 1359.514, "est_population_density": 2923.2, "dong_elderly_ratio": 0.223, "dong_avg_age": 44.9, "dong_pop_density": 17826.7, "nearest_shelter_distance_m": 171.5468, "shelter_count_within_500m": 7.88, "est_population": 182.7, "est_elderly": 40.7, "shelter_capacity_within_500m": 1187.5, "building_form_group": "low_floor_low_density", "dong_name": "난향동", "top1_feature": "green_ratio", "top1_shap": -0.5094, "top2_feature": "ndvi", "top2_shap": -0.4568, "top3_feature": "built_surface_ratio", "top3_shap": 0.1093, "priority_score": 47.2635, "priority_rank": 309 }, "geometry": { "type": "Polygon", "coordinates": [ [ [ 126.920495087488248, 37.460033635020054 ], [ 126.920477697128248, 37.462286950979738 ], [ 126.923304503832185, 37.462300780222463 ], [ 126.923321809376588, 37.46004746314334 ], [ 126.920495087488248, 37.460033635020054 ] ] ] } },
{ "type": "Feature", "properties": { "display_grid_id": "11620_00182", "gu_code": 11620, "gu_name": "관악구", "source_cell_count": 14, "area_m2": 62500.0, "mean_actual_lst": 32.9496, "mean_actual_anomaly": -3.2993, "seoul_anomaly": -4.4119, "pred_anomaly": -3.3757, "pred_anomaly_std": 0.7066, "green_delta_c": -0.7701, "building_ratio": 0.0357, "green_ratio": 0.5973, "ndvi": 0.4028, "impervious_ratio": 0.1738, "built_surface_ratio": 0.1738, "avg_ground_floor_count": 10.1717, "elevation_m": 165.9927, "albedo": 0.1006, "nearest_park_distance_m": 339.8368, "park_area_within_500m": 26142.6348, "nearest_stream_distance_m": 1393.442, "est_population_density": 13024.0, "dong_elderly_ratio": 0.2867, "dong_avg_age": 50.0, "dong_pop_density": 7603.9, "nearest_shelter_distance_m": 192.7836, "shelter_count_within_500m": 5.52, "est_population": 814.0, "est_elderly": 233.3, "shelter_capacity_within_500m": 706.8, "building_form_group": "no_building", "dong_name": "삼성동", "top1_feature": "green_ratio", "top1_shap": -0.7825, "top2_feature": "built_surface_ratio", "top2_shap": -0.3768, "top3_feature": "ndvi", "top3_shap": -0.4356, "priority_score": 52.3562, "priority_rank": 251 }, "geometry": { "type": "Polygon", "coordinates": [ [ [ 126.923321809376588, 37.46004746314334 ], [ 126.923304503832185, 37.462300780222463 ], [ 126.926131312463042, 37.462314541850191 ], [ 126.926148533191622, 37.460061223657114 ], [ 126.923321809376588, 37.46004746314334 ] ] ] } },
{ "type": "Feature", "properties": { "display_grid_id": "11620_00183", "gu_code": 11620, "gu_name": "관악구", "source_cell_count": 12, "area_m2": 62500.0, "mean_actual_lst": 35.2804, "mean_actual_anomaly": -0.973, "seoul_anomaly": -2.0856, "pred_anomaly": -1.8551, "pred_anomaly_std": 0.8476, "green_delta_c": -0.6581, "building_ratio": 0.1198, "green_ratio": 0.4638, "ndvi": 0.3418, "impervious_ratio": 0.238, "built_surface_ratio": 0.238, "avg_ground_floor_count": 11.8761, "elevation_m": 139.5625, "albedo": 0.1144, "nearest_park_distance_m": 140.456, "park_area_within_500m": 91990.1868, "nearest_stream_distance_m": 1296.594, "est_population_density": 43056.8, "dong_elderly_ratio": 0.2867, "dong_avg_age": 50.0, "dong_pop_density": 7603.9, "nearest_shelter_distance_m": 98.8772, "shelter_count_within_500m": 4.64, "est_population": 2691.0, "est_elderly": 771.5, "shelter_capacity_within_500m": 480.3, "building_form_group": "high_floor_low_density", "dong_name": "삼성동", "top1_feature": "green_ratio", "top1_shap": -0.5149, "top2_feature": "built_surface_ratio", "top2_shap": 0.0705, "top3_feature": "ndvi", "top3_shap": -0.3331, "priority_score": 56.4657, "priority_rank": 206 }, "geometry": { "type": "Polygon", "coordinates": [ [ [ 126.926148533191622, 37.460061223657114 ], [ 126.926131312463042, 37.462314541850191 ], [ 126.928958123011384, 37.462328235862806 ], [ 126.928975258923927, 37.46007491656124 ], [ 126.926148533191622, 37.460061223657114 ] ] ] } },
{ "type": "Feature", "properties": { "display_grid_id": "11620_00184", "gu_code": 11620, "gu_name": "관악구", "source_cell_count": 15, "area_m2": 62500.0, "mean_actual_lst": 36.0012, "mean_actual_anomaly": -0.5273, "seoul_anomaly": -1.64, "pred_anomaly": -0.7368, "pred_anomaly_std": 0.866, "green_delta_c": -0.5747, "building_ratio": 0.0442, "green_ratio": 0.4598, "ndvi": 0.3124, "impervious_ratio": 0.3238, "built_surface_ratio": 0.3238, "avg_ground_floor_count": 2.9283, "elevation_m": 93.3394, "albedo": 0.1402, "nearest_park_distance_m": 23.2728, "park_area_within_500m": 112228.922, "nearest_stream_distance_m": 1187.2016, "est_population_density": 4842.8, "dong_elderly_ratio": 0.2867, "dong_avg_age": 50.0, "dong_pop_density": 7603.9, "nearest_shelter_distance_m": 185.1236, "shelter_count_within_500m": 5.56, "est_population": 302.7, "est_elderly": 86.7, "shelter_capacity_within_500m": 546.8, "building_form_group": "low_floor_low_density", "dong_name": "삼성동", "top1_feature": "green_ratio", "top1_shap": -0.6027, "top2_feature": "ndvi", "top2_shap": -0.3102, "top3_feature": "impervious_ratio", "top3_shap": 0.3452, "priority_score": 48.256, "priority_rank": 298 }, "geometry": { "type": "Polygon", "coordinates": [ [ [ 126.928975258923927, 37.46007491656124 ], [ 126.928958123011384, 37.462328235862806 ], [ 126.931784935467746, 37.462341862260153 ], [ 126.931801986564011, 37.460088541855562 ], [ 126.928975258923927, 37.46007491656124 ] ] ] } },
{ "type": "Feature", "properties": { "display_grid_id": "11620_00185", "gu_code": 11620, "gu_name": "관악구", "source_cell_count": 11, "area_m2": 62500.0, "mean_actual_lst": 35.3539, "mean_actual_anomaly": -1.2176, "seoul_anomaly": -2.3302, "pred_anomaly": -0.4596, "pred_anomaly_std": 0.881, "green_delta_c": -0.5554, "building_ratio": 0.0664, "green_ratio": 0.3945, "ndvi": 0.2599, "impervious_ratio": 0.4199, "built_surface_ratio": 0.4199, "avg_ground_floor_count": 4.6552, "elevation_m": 105.6259, "albedo": 0.1222, "nearest_park_distance_m": 19.8728, "park_area_within_500m": 97865.4764, "nearest_stream_distance_m": 1119.5272, "est_population_density": 14637.2, "dong_elderly_ratio": 0.2867, "dong_avg_age": 50.0, "dong_pop_density": 7603.9, "nearest_shelter_distance_m": 126.6444, "shelter_count_within_500m": 3.56, "est_population": 914.8, "est_elderly": 262.3, "shelter_capacity_within_500m": 328.2, "building_form_group": "no_building", "dong_name": "삼성동", "top1_feature": "built_surface_ratio", "top1_shap": 0.3906, "top2_feature": "impervious_ratio", "top2_shap": 0.3311, "top3_feature": "green_ratio", "top3_shap": -0.3815, "priority_score": 47.9313, "priority_rank": 302 }, "geometry": { "type": "Polygon", "coordinates": [ [ [ 126.931801986564011, 37.460088541855562 ], [ 126.931784935467746, 37.462341862260153 ], [ 126.934611749822693, 37.462355421042098 ], [ 126.934628716102438, 37.460102099539967 ], [ 126.931801986564011, 37.460088541855562 ] ] ] } },
{ "type": "Feature", "properties": { "display_grid_id": "11620_00186", "gu_code": 11620, "gu_name": "관악구", "source_cell_count": 16, "area_m2": 62500.0, "mean_actual_lst": 31.3633, "mean_actual_anomaly": -4.6449, "seoul_anomaly": -5.7576, "pred_anomaly": -4.9713, "pred_anomaly_std": 0.572, "green_delta_c": -0.8418, "building_ratio": 0.0, "green_ratio": 0.7865, "ndvi": 0.4804, "impervious_ratio": 0.0508, "built_surface_ratio": 0.0508, "avg_ground_floor_count": 0.0, "elevation_m": 154.1772, "albedo": 0.1116, "nearest_park_distance_m": 196.1184, "park_area_within_500m": 51696.256, "nearest_stream_distance_m": 1017.0212, "est_population_density": 0.0, "dong_elderly_ratio": 0.2744, "dong_avg_age": 49.272, "dong_pop_density": 7230.868, "nearest_shelter_distance_m": 288.4448, "shelter_count_within_500m": 1.64, "est_population": 0.0, "est_elderly": 0.0, "shelter_capacity_within_500m": 179.0, "building_form_group": "no_building", "dong_name": "삼성동", "top1_feature": "built_surface_ratio", "top1_shap": -1.3742, "top2_feature": "impervious_ratio", "top2_shap": -1.2001, "top3_feature": "green_ratio", "top3_shap": -0.7663, "priority_score": 37.8711, "priority_rank": 396 }, "geometry": { "type": "Polygon", "coordinates": [ [ [ 126.934628716102438, 37.460102099539967 ], [ 126.934611749822693, 37.462355421042098 ], [ 126.93743856606676, 37.462368912208497 ], [ 126.937455447529828, 37.46011558961429 ], [ 126.934628716102438, 37.460102099539967 ] ] ] } },
{ "type": "Feature", "properties": { "display_grid_id": "11620_00187", "gu_code": 11620, "gu_name": "관악구", "source_cell_count": 16, "area_m2": 62500.0, "mean_actual_lst": 31.582, "mean_actual_anomaly": -4.6493, "seoul_anomaly": -5.7619, "pred_anomaly": -5.0039, "pred_anomaly_std": 0.67, "green_delta_c": -0.6188, "building_ratio": 0.0, "green_ratio": 0.774, "ndvi": 0.5205, "impervious_ratio": 0.0671, "built_surface_ratio": 0.0671, "avg_ground_floor_count": 0.0, "elevation_m": 173.112, "albedo": 0.1068, "nearest_park_distance_m": 428.232, "park_area_within_500m": 9171.1432, "nearest_stream_distance_m": 819.8564, "est_population_density": 0.0, "dong_elderly_ratio": 0.1518, "dong_avg_age": 41.992, "dong_pop_density": 3500.548, "nearest_shelter_distance_m": 511.9576, "shelter_count_within_500m": 0.44, "est_population": 0.0, "est_elderly": 0.0, "shelter_capacity_within_500m": 55.0, "building_form_group": "no_building", "dong_name": "대학동", "top1_feature": "built_surface_ratio", "top1_shap": -1.2388, "top2_feature": "impervious_ratio", "top2_shap": -1.0647, "top3_feature": "green_ratio", "top3_shap": -0.7696, "priority_score": 34.0677, "priority_rank": 431 }, "geometry": { "type": "Polygon", "coordinates": [ [ [ 126.937455447529828, 37.46011558961429 ], [ 126.93743856606676, 37.462368912208497 ], [ 126.940265384190539, 37.462382335759209 ], [ 126.940282180836661, 37.460129012078411 ], [ 126.937455447529828, 37.46011558961429 ] ] ] } },
{ "type": "Feature", "properties": { "display_grid_id": "11620_00188", "gu_code": 11620, "gu_name": "관악구", "source_cell_count": 14, "area_m2": 62500.0, "mean_actual_lst": 31.7182, "mean_actual_anomaly": -4.7944, "seoul_anomaly": -5.907, "pred_anomaly": -5.445, "pred_anomaly_std": 0.6075, "green_delta_c": -0.477, "building_ratio": 0.0, "green_ratio": 0.8137, "ndvi": 0.5689, "impervious_ratio": 0.0443, "built_surface_ratio": 0.0443, "avg_ground_floor_count": 0.0, "elevation_m": 194.7396, "albedo": 0.1018, "nearest_park_distance_m": 665.8232, "park_area_within_500m": 0.0, "nearest_stream_distance_m": 575.3512, "est_population_density": 0.0, "dong_elderly_ratio": 0.1334, "dong_avg_age": 40.9, "dong_pop_density": 2941.0, "nearest_shelter_distance_m": 644.6264, "shelter_count_within_500m": 0.0, "est_population": 0.0, "est_elderly": 0.0, "shelter_capacity_within_500m": 0.0, "building_form_group": "no_building", "dong_name": "대학동", "top1_feature": "built_surface_ratio", "top1_shap": -1.4526, "top2_feature": "impervious_ratio", "top2_shap": -1.2663, "top3_feature": "green_ratio", "top3_shap": -0.7862, "priority_score": 26.8414, "priority_rank": 480 }, "geometry": { "type": "Polygon", "coordinates": [ [ [ 126.940282180836661, 37.460129012078411 ], [ 126.940265384190539, 37.462382335759209 ], [ 126.943092204184595, 37.462395691694098 ], [ 126.943108916013557, 37.460142366932168 ], [ 126.940282180836661, 37.460129012078411 ] ] ] } },
{ "type": "Feature", "properties": { "display_grid_id": "11620_00189", "gu_code": 11620, "gu_name": "관악구", "source_cell_count": 14, "area_m2": 62500.0, "mean_actual_lst": 32.2035, "mean_actual_anomaly": -3.9518, "seoul_anomaly": -5.0644, "pred_anomaly": -4.9551, "pred_anomaly_std": 0.5583, "green_delta_c": -0.9223, "building_ratio": 0.0, "green_ratio": 0.8292, "ndvi": 0.6129, "impervious_ratio": 0.0436, "built_surface_ratio": 0.0436, "avg_ground_floor_count": 0.0, "elevation_m": 151.5886, "albedo": 0.1103, "nearest_park_distance_m": 766.36, "park_area_within_500m": 0.0, "nearest_stream_distance_m": 357.7656, "est_population_density": 0.0, "dong_elderly_ratio": 0.1334, "dong_avg_age": 40.9, "dong_pop_density": 2941.0, "nearest_shelter_distance_m": 668.536, "shelter_count_within_500m": 0.0, "est_population": 0.0, "est_elderly": 0.0, "shelter_capacity_within_500m": 0.0, "building_form_group": "no_building", "dong_name": "대학동", "top1_feature": "built_surface_ratio", "top1_shap": -1.4694, "top2_feature": "impervious_ratio", "top2_shap": -1.2878, "top3_feature": "green_ratio", "top3_shap": -0.7697, "priority_score": 41.4239, "priority_rank": 367 }, "geometry": { "type": "Polygon", "coordinates": [ [ [ 126.943108916013557, 37.460142366932168 ], [ 126.943092204184595, 37.462395691694098 ], [ 126.945919026039448, 37.462408980013031 ], [ 126.945935653051023, 37.460155654175452 ], [ 126.943108916013557, 37.460142366932168 ] ] ] } },
{ "type": "Feature", "properties": { "display_grid_id": "11620_00190", "gu_code": 11620, "gu_name": "관악구", "source_cell_count": 16, "area_m2": 62500.0, "mean_actual_lst": 33.1299, "mean_actual_anomaly": -3.0798, "seoul_anomaly": -4.1924, "pred_anomaly": -3.0701, "pred_anomaly_std": 0.6988, "green_delta_c": -1.0403, "building_ratio": 0.0107, "green_ratio": 0.7172, "ndvi": 0.4801, "impervious_ratio": 0.1192, "built_surface_ratio": 0.1192, "avg_ground_floor_count": 0.12, "elevation_m": 91.5961, "albedo": 0.1265, "nearest_park_distance_m": 849.556, "park_area_within_500m": 0.0, "nearest_stream_distance_m": 122.0604, "est_population_density": 0.0, "dong_elderly_ratio": 0.1334, "dong_avg_age": 40.9, "dong_pop_density": 2941.0, "nearest_shelter_distance_m": 736.312, "shelter_count_within_500m": 0.0, "est_population": 0.0, "est_elderly": 0.0, "shelter_capacity_within_500m": 0.0, "building_form_group": "no_building", "dong_name": "대학동", "top1_feature": "built_surface_ratio", "top1_shap": -0.8373, "top2_feature": "green_ratio", "top2_shap": -0.7686, "top3_feature": "impervious_ratio", "top3_shap": -0.5782, "priority_score": 49.1512, "priority_rank": 289 }, "geometry": { "type": "Polygon", "coordinates": [ [ [ 126.945935653051023, 37.460155654175452 ], [ 126.945919026039448, 37.462408980013031 ], [ 126.948745849745649, 37.462422200715856 ], [ 126.948762391939653, 37.460168873808094 ], [ 126.945935653051023, 37.460155654175452 ] ] ] } },
{ "type": "Feature", "properties": { "display_grid_id": "11620_00191", "gu_code": 11620, "gu_name": "관악구", "source_cell_count": 14, "area_m2": 62500.0, "mean_actual_lst": 37.0114, "mean_actual_anomaly": 1.0546, "seoul_anomaly": -0.058, "pred_anomaly": 1.3443, "pred_anomaly_std": 0.9222, "green_delta_c": -0.5982, "building_ratio": 0.1295, "green_ratio": 0.3464, "ndvi": 0.2808, "impervious_ratio": 0.4473, "built_surface_ratio": 0.4473, "avg_ground_floor_count": 0.84, "elevation_m": 84.1491, "albedo": 0.1321, "nearest_park_distance_m": 948.5448, "park_area_within_500m": 0.0, "nearest_stream_distance_m": 110.8876, "est_population_density": 0.0, "dong_elderly_ratio": 0.1334, "dong_avg_age": 40.9, "dong_pop_density": 2941.0, "nearest_shelter_distance_m": 841.3768, "shelter_count_within_500m": 0.0, "est_population": 0.0, "est_elderly": 0.0, "shelter_capacity_within_500m": 0.0, "building_form_group": "low_floor_low_density", "dong_name": "대학동", "top1_feature": "impervious_ratio", "top1_shap": 0.617, "top2_feature": "built_surface_ratio", "top2_shap": 0.569, "top3_feature": "ndvi", "top3_shap": -0.3139, "priority_score": 49.0213, "priority_rank": 290 }, "geometry": { "type": "Polygon", "coordinates": [ [ [ 126.948762391939653, 37.460168873808094 ], [ 126.948745849745649, 37.462422200715856 ], [ 126.951572675293818, 37.462435353802455 ], [ 126.95158913266998, 37.460182025829987 ], [ 126.948762391939653, 37.460168873808094 ] ] ] } },
{ "type": "Feature", "properties": { "display_grid_id": "11620_00192", "gu_code": 11620, "gu_name": "관악구", "source_cell_count": 10, "area_m2": 62500.0, "mean_actual_lst": 36.2983, "mean_actual_anomaly": 0.3704, "seoul_anomaly": -0.7423, "pred_anomaly": 0.7066, "pred_anomaly_std": 0.9811, "green_delta_c": -0.521, "building_ratio": 0.2103, "green_ratio": 0.3401, "ndvi": 0.2795, "impervious_ratio": 0.397, "built_surface_ratio": 0.397, "avg_ground_floor_count": 1.0, "elevation_m": 107.7122, "albedo": 0.1249, "nearest_park_distance_m": 1103.9936, "park_area_within_500m": 0.0, "nearest_stream_distance_m": 357.1416, "est_population_density": 0.0, "dong_elderly_ratio": 0.1334, "dong_avg_age": 40.9, "dong_pop_density": 2941.0, "nearest_shelter_distance_m": 997.8832, "shelter_count_within_500m": 0.0, "est_population": 0.0, "est_elderly": 0.0, "shelter_capacity_within_500m": 0.0, "building_form_group": "low_floor_low_density", "dong_name": "대학동", "top1_feature": "built_surface_ratio", "top1_shap": 0.5643, "top2_feature": "green_ratio", "top2_shap": -0.2125, "top3_feature": "impervious_ratio", "top3_shap": 0.3949, "priority_score": 45.4499, "priority_rank": 334 }, "geometry": { "type": "Polygon", "coordinates": [ [ [ 126.95158913266998, 37.460182025829987 ], [ 126.951572675293818, 37.462435353802455 ], [ 126.954399502674434, 37.46244843927267 ], [ 126.954415875232584, 37.46019511024096 ], [ 126.95158913266998, 37.460182025829987 ] ] ] } },
{ "type": "Feature", "properties": { "display_grid_id": "11620_00193", "gu_code": 11620, "gu_name": "관악구", "source_cell_count": 14, "area_m2": 62500.0, "mean_actual_lst": 35.4533, "mean_actual_anomaly": -0.6079, "seoul_anomaly": -1.7206, "pred_anomaly": -1.2846, "pred_anomaly_std": 0.9033, "green_delta_c": -0.6895, "building_ratio": 0.0999, "green_ratio": 0.5121, "ndvi": 0.4209, "impervious_ratio": 0.2988, "built_surface_ratio": 0.2988, "avg_ground_floor_count": 0.84, "elevation_m": 133.0881, "albedo": 0.1185, "nearest_park_distance_m": 1150.8256, "park_area_within_500m": 0.0, "nearest_stream_distance_m": 364.644, "est_population_density": 0.0, "dong_elderly_ratio": 0.1195, "dong_avg_age": 38.852, "dong_pop_density": 5304.136, "nearest_shelter_distance_m": 965.436, "shelter_count_within_500m": 0.0, "est_population": 0.0, "est_elderly": 0.0, "shelter_capacity_within_500m": 0.0, "building_form_group": "no_building", "dong_name": "대학동", "top1_feature": "green_ratio", "top1_shap": -0.6949, "top2_feature": "ndvi", "top2_shap": -0.6313, "top3_feature": "built_surface_ratio", "top3_shap": 0.2496, "priority_score": 48.205, "priority_rank": 299 }, "geometry": { "type": "Polygon", "coordinates": [ [ [ 126.954415875232584, 37.46019511024096 ], [ 126.954399502674434, 37.46244843927267 ], [ 126.95722633187809, 37.462461457126373 ], [ 126.957242619618029, 37.460208127040922 ], [ 126.954415875232584, 37.46019511024096 ] ] ] } },
{ "type": "Feature", "properties": { "display_grid_id": "11620_00194", "gu_code": 11620, "gu_name": "관악구", "source_cell_count": 15, "area_m2": 62500.0, "mean_actual_lst": 36.2737, "mean_actual_anomaly": -0.151, "seoul_anomaly": -1.2636, "pred_anomaly": -0.877, "pred_anomaly_std": 0.9353, "green_delta_c": -0.649, "building_ratio": 0.1026, "green_ratio": 0.4848, "ndvi": 0.3651, "impervious_ratio": 0.2885, "built_surface_ratio": 0.2885, "avg_ground_floor_count": 0.8, "elevation_m": 139.8744, "albedo": 0.1156, "nearest_park_distance_m": 1011.1504, "park_area_within_500m": 0.0, "nearest_stream_distance_m": 160.2188, "est_population_density": 0.0, "dong_elderly_ratio": 0.0901, "dong_avg_age": 34.5, "dong_pop_density": 10325.8, "nearest_shelter_distance_m": 827.8428, "shelter_count_within_500m": 0.0, "est_population": 0.0, "est_elderly": 0.0, "shelter_capacity_within_500m": 0.0, "building_form_group": "low_floor_low_density", "dong_name": "낙성대동", "top1_feature": "green_ratio", "top1_shap": -0.4349, "top2_feature": "built_surface_ratio", "top2_shap": -0.0206, "top3_feature": "impervious_ratio", "top3_shap": 0.0443, "priority_score": 47.2496, "priority_rank": 310 }, "geometry": { "type": "Polygon", "coordinates": [ [ [ 126.957242619618029, 37.460208127040922 ], [ 126.95722633187809, 37.462461457126373 ], [ 126.960053162895363, 37.462474407363452 ], [ 126.960069365816821, 37.460221076229701 ], [ 126.957242619618029, 37.460208127040922 ] ] ] } },
{ "type": "Feature", "properties": { "display_grid_id": "11620_00195", "gu_code": 11620, "gu_name": "관악구", "source_cell_count": 14, "area_m2": 62500.0, "mean_actual_lst": 32.4416, "mean_actual_anomaly": -3.6571, "seoul_anomaly": -4.7697, "pred_anomaly": -4.9499, "pred_anomaly_std": 0.521, "green_delta_c": -0.9222, "building_ratio": 0.0, "green_ratio": 0.8277, "ndvi": 0.615, "impervious_ratio": 0.0384, "built_surface_ratio": 0.0384, "avg_ground_floor_count": 0.0, "elevation_m": 172.9067, "albedo": 0.0822, "nearest_park_distance_m": 905.2832, "park_area_within_500m": 0.0, "nearest_stream_distance_m": 208.2084, "est_population_density": 0.0, "dong_elderly_ratio": 0.0901, "dong_avg_age": 34.5, "dong_pop_density": 10325.8, "nearest_shelter_distance_m": 759.8572, "shelter_count_within_500m": 0.0, "est_population": 0.0, "est_elderly": 0.0, "shelter_capacity_within_500m": 0.0, "building_form_group": "no_building", "dong_name": "낙성대동", "top1_feature": "built_surface_ratio", "top1_shap": -1.4521, "top2_feature": "impervious_ratio", "top2_shap": -1.2614, "top3_feature": "green_ratio", "top3_shap": -0.7378, "priority_score": 42.4629, "priority_rank": 359 }, "geometry": { "type": "Polygon", "coordinates": [ [ [ 126.960069365816821, 37.460221076229701 ], [ 126.960053162895363, 37.462474407363452 ], [ 126.96287999571679, 37.462487289983741 ], [ 126.962896113819582, 37.460233957807183 ], [ 126.960069365816821, 37.460221076229701 ] ] ] } },
{ "type": "Feature", "properties": { "display_grid_id": "11620_00196", "gu_code": 11620, "gu_name": "관악구", "source_cell_count": 14, "area_m2": 62500.0, "mean_actual_lst": 31.1458, "mean_actual_anomaly": -4.9171, "seoul_anomaly": -6.0298, "pred_anomaly": -5.4217, "pred_anomaly_std": 0.5174, "green_delta_c": -0.6499, "building_ratio": 0.0, "green_ratio": 0.8242, "ndvi": 0.6055, "impervious_ratio": 0.037, "built_surface_ratio": 0.037, "avg_ground_floor_count": 0.0, "elevation_m": 217.8393, "albedo": 0.0873, "nearest_park_distance_m": 842.7952, "park_area_within_500m": 0.0, "nearest_stream_distance_m": 439.3248, "est_population_density": 0.0, "dong_elderly_ratio": 0.0901, "dong_avg_age": 34.5, "dong_pop_density": 10325.8, "nearest_shelter_distance_m": 768.4228, "shelter_count_within_500m": 0.0, "est_population": 0.0, "est_elderly": 0.0, "shelter_capacity_within_500m": 0.0, "building_form_group": "no_building", "dong_name": "낙성대동", "top1_feature": "built_surface_ratio", "top1_shap": -1.4871, "top2_feature": "impervious_ratio", "top2_shap": -1.294, "top3_feature": "green_ratio", "top3_shap": -0.7885, "priority_score": 32.3237, "priority_rank": 441 }, "geometry": { "type": "Polygon", "coordinates": [ [ [ 126.962896113819582, 37.460233957807183 ], [ 126.96287999571679, 37.462487289983741 ], [ 126.965706830332891, 37.462500104987136 ], [ 126.965722863616818, 37.460246771773235 ], [ 126.962896113819582, 37.460233957807183 ] ] ] } },
{ "type": "Feature", "properties": { "display_grid_id": "11620_00197", "gu_code": 11620, "gu_name": "관악구", "source_cell_count": 11, "area_m2": 62500.0, "mean_actual_lst": 30.6271, "mean_actual_anomaly": -5.0232, "seoul_anomaly": -6.1358, "pred_anomaly": -5.6764, "pred_anomaly_std": 0.5303, "green_delta_c": -0.6613, "building_ratio": 0.0, "green_ratio": 0.7893, "ndvi": 0.5396, "impervious_ratio": 0.0414, "built_surface_ratio": 0.0414, "avg_ground_floor_count": 0.0, "elevation_m": 259.0713, "albedo": 0.0869, "nearest_park_distance_m": 853.8104, "park_area_within_500m": 0.0, "nearest_stream_distance_m": 671.728, "est_population_density": 0.0, "dong_elderly_ratio": 0.0901, "dong_avg_age": 34.5, "dong_pop_density": 10325.8, "nearest_shelter_distance_m": 825.8828, "shelter_count_within_500m": 0.0, "est_population": 0.0, "est_elderly": 0.0, "shelter_capacity_within_500m": 0.0, "building_form_group": "no_building", "dong_name": "낙성대동", "top1_feature": "built_surface_ratio", "top1_shap": -1.4535, "top2_feature": "impervious_ratio", "top2_shap": -1.2657, "top3_feature": "green_ratio", "top3_shap": -0.7785, "priority_score": 33.3859, "priority_rank": 438 }, "geometry": { "type": "Polygon", "coordinates": [ [ [ 126.965722863616818, 37.460246771773235 ], [ 126.965706830332891, 37.462500104987136 ], [ 126.968533666734302, 37.462512852373472 ], [ 126.968549615199123, 37.460259518127707 ], [ 126.965722863616818, 37.460246771773235 ] ] ] } },
{ "type": "Feature", "properties": { "display_grid_id": "11620_00198", "gu_code": 11620, "gu_name": "관악구", "source_cell_count": 16, "area_m2": 62500.0, "mean_actual_lst": 30.6828, "mean_actual_anomaly": -5.1458, "seoul_anomaly": -6.2584, "pred_anomaly": -5.9425, "pred_anomaly_std": 0.5784, "green_delta_c": -0.5414, "building_ratio": 0.0, "green_ratio": 0.8083, "ndvi": 0.5727, "impervious_ratio": 0.0424, "built_surface_ratio": 0.0424, "avg_ground_floor_count": 0.0, "elevation_m": 303.3068, "albedo": 0.0975, "nearest_park_distance_m": 937.6068, "park_area_within_500m": 0.0, "nearest_stream_distance_m": 927.7688, "est_population_density": 0.0, "dong_elderly_ratio": 0.1525, "dong_avg_age": 40.476, "dong_pop_density": 12311.288, "nearest_shelter_distance_m": 905.4384, "shelter_count_within_500m": 0.0, "est_population": 0.0, "est_elderly": 0.0, "shelter_capacity_within_500m": 0.0, "building_form_group": "no_building", "dong_name": "남현동", "top1_feature": "built_surface_ratio", "top1_shap": -1.4497, "top2_feature": "impervious_ratio", "top2_shap": -1.262, "top3_feature": "green_ratio", "top3_shap": -0.8415, "priority_score": 28.1122, "priority_rank": 468 }, "geometry": { "type": "Polygon", "coordinates": [ [ [ 126.968549615199123, 37.460259518127707 ], [ 126.968533666734302, 37.462512852373472 ], [ 126.971360504911502, 37.462525532142635 ], [ 126.97137636855706, 37.460272196870484 ], [ 126.968549615199123, 37.460259518127707 ] ] ] } },
{ "type": "Feature", "properties": { "display_grid_id": "11620_00199", "gu_code": 11620, "gu_name": "관악구", "source_cell_count": 13, "area_m2": 62500.0, "mean_actual_lst": 31.7319, "mean_actual_anomaly": -4.3084, "seoul_anomaly": -5.4211, "pred_anomaly": -5.7326, "pred_anomaly_std": 0.6177, "green_delta_c": -0.5349, "building_ratio": 0.0, "green_ratio": 0.833, "ndvi": 0.609, "impervious_ratio": 0.0406, "built_surface_ratio": 0.0406, "avg_ground_floor_count": 0.0, "elevation_m": 281.33, "albedo": 0.1264, "nearest_park_distance_m": 1065.0364, "park_area_within_500m": 0.0, "nearest_stream_distance_m": 1165.6096, "est_population_density": 0.0, "dong_elderly_ratio": 0.1763, "dong_avg_age": 42.7, "dong_pop_density": 5341.4, "nearest_shelter_distance_m": 1030.2528, "shelter_count_within_500m": 0.0, "est_population": 0.0, "est_elderly": 0.0, "shelter_capacity_within_500m": 0.0, "building_form_group": "no_building", "dong_name": "남현동", "top1_feature": "built_surface_ratio", "top1_shap": -1.4176, "top2_feature": "impervious_ratio", "top2_shap": -1.2414, "top3_feature": "green_ratio", "top3_shap": -0.8667, "priority_score": 30.9879, "priority_rank": 448 }, "geometry": { "type": "Polygon", "coordinates": [ [ [ 126.97137636855706, 37.460272196870484 ], [ 126.971360504911502, 37.462525532142635 ], [ 126.974187344855082, 37.462538144294513 ], [ 126.974203123681136, 37.460284808001425 ], [ 126.97137636855706, 37.460272196870484 ] ] ] } },
{ "type": "Feature", "properties": { "display_grid_id": "11620_00200", "gu_code": 11620, "gu_name": "관악구", "source_cell_count": 11, "area_m2": 62500.0, "mean_actual_lst": 33.3666, "mean_actual_anomaly": -2.6436, "seoul_anomaly": -3.7562, "pred_anomaly": -5.2372, "pred_anomaly_std": 0.5739, "green_delta_c": -0.8779, "building_ratio": 0.0, "green_ratio": 0.8136, "ndvi": 0.5598, "impervious_ratio": 0.0534, "built_surface_ratio": 0.0534, "avg_ground_floor_count": 0.0, "elevation_m": 237.3486, "albedo": 0.1243, "nearest_park_distance_m": 1151.4624, "park_area_within_500m": 0.0, "nearest_stream_distance_m": 1329.2452, "est_population_density": 0.0, "dong_elderly_ratio": 0.1763, "dong_avg_age": 42.7, "dong_pop_density": 5341.4, "nearest_shelter_distance_m": 1187.848, "shelter_count_within_500m": 0.0, "est_population": 0.0, "est_elderly": 0.0, "shelter_capacity_within_500m": 0.0, "building_form_group": "no_building", "dong_name": "남현동", "top1_feature": "built_surface_ratio", "top1_shap": -1.3052, "top2_feature": "impervious_ratio", "top2_shap": -1.1212, "top3_feature": "green_ratio", "top3_shap": -0.8454, "priority_score": 46.3451, "priority_rank": 320 }, "geometry": { "type": "Polygon", "coordinates": [ [ [ 126.974203123681136, 37.460284808001425 ], [ 126.974187344855082, 37.462538144294513 ], [ 126.977014186555607, 37.462550688828941 ], [ 126.977029880561957, 37.460297351520403 ], [ 126.974203123681136, 37.460284808001425 ] ] ] } },
{ "type": "Feature", "properties": { "display_grid_id": "11620_00201", "gu_code": 11620, "gu_name": "관악구", "source_cell_count": 14, "area_m2": 62500.0, "mean_actual_lst": 33.6071, "mean_actual_anomaly": -2.5154, "seoul_anomaly": -3.628, "pred_anomaly": -4.4697, "pred_anomaly_std": 0.6384, "green_delta_c": -0.9272, "building_ratio": 0.0, "green_ratio": 0.7805, "ndvi": 0.5488, "impervious_ratio": 0.0794, "built_surface_ratio": 0.0794, "avg_ground_floor_count": 0.0, "elevation_m": 155.5698, "albedo": 0.1117, "nearest_park_distance_m": 1035.3928, "park_area_within_500m": 0.0, "nearest_stream_distance_m": 1229.5476, "est_population_density": 0.0, "dong_elderly_ratio": 0.1763, "dong_avg_age": 42.7, "dong_pop_density": 5341.4, "nearest_shelter_distance_m": 1102.3552, "shelter_count_within_500m": 0.0, "est_population": 0.0, "est_elderly": 0.0, "shelter_capacity_within_500m": 0.0, "building_form_group": "no_building", "dong_name": "남현동", "top1_feature": "built_surface_ratio", "top1_shap": -1.043, "top2_feature": "green_ratio", "top2_shap": -0.8562, "top3_feature": "impervious_ratio", "top3_shap": -0.8023, "priority_score": 48.6781, "priority_rank": 294 }, "geometry": { "type": "Polygon", "coordinates": [ [ [ 126.977029880561957, 37.460297351520403 ], [ 126.977014186555607, 37.462550688828941 ], [ 126.979841030003612, 37.462563165745806 ], [ 126.979856639190047, 37.460309827427288 ], [ 126.977029880561957, 37.460297351520403 ] ] ] } },
{ "type": "Feature", "properties": { "display_grid_id": "11620_00202", "gu_code": 11620, "gu_name": "관악구", "source_cell_count": 13, "area_m2": 62500.0, "mean_actual_lst": 33.6141, "mean_actual_anomaly": -2.9209, "seoul_anomaly": -4.0336, "pred_anomaly": -3.334, "pred_anomaly_std": 0.7808, "green_delta_c": -0.766, "building_ratio": 0.0, "green_ratio": 0.6773, "ndvi": 0.4579, "impervious_ratio": 0.1451, "built_surface_ratio": 0.1451, "avg_ground_floor_count": 0.0, "elevation_m": 129.0156, "albedo": 0.0951, "nearest_park_distance_m": 801.2668, "park_area_within_500m": 0.0, "nearest_stream_distance_m": 1141.45, "est_population_density": 0.0, "dong_elderly_ratio": 0.1763, "dong_avg_age": 42.7, "dong_pop_density": 5341.4, "nearest_shelter_distance_m": 886.7364, "shelter_count_within_500m": 0.0, "est_population": 0.0, "est_elderly": 0.0, "shelter_capacity_within_500m": 0.0, "building_form_group": "no_building", "dong_name": "남현동", "top1_feature": "built_surface_ratio", "top1_shap": -0.627, "top2_feature": "green_ratio", "top2_shap": -0.7692, "top3_feature": "impervious_ratio", "top3_shap": -0.2932, "priority_score": 45.9137, "priority_rank": 324 }, "geometry": { "type": "Polygon", "coordinates": [ [ [ 126.979856639190047, 37.460309827427288 ], [ 126.979841030003612, 37.462563165745806 ], [ 126.982667875189691, 37.462575575044973 ], [ 126.982683399555995, 37.460322235721961 ], [ 126.979856639190047, 37.460309827427288 ] ] ] } },
{ "type": "Feature", "properties": { "display_grid_id": "11620_00203", "gu_code": 11620, "gu_name": "관악구", "source_cell_count": 14, "area_m2": 62500.0, "mean_actual_lst": 34.3416, "mean_actual_anomaly": -1.9588, "seoul_anomaly": -3.0715, "pred_anomaly": -2.0227, "pred_anomaly_std": 0.8819, "green_delta_c": -0.6248, "building_ratio": 0.0, "green_ratio": 0.5583, "ndvi": 0.4528, "impervious_ratio": 0.2874, "built_surface_ratio": 0.2874, "avg_ground_floor_count": 0.0, "elevation_m": 125.3489, "albedo": 0.1089, "nearest_park_distance_m": 588.7788, "park_area_within_500m": 332.8752, "nearest_stream_distance_m": 1109.0516, "est_population_density": 0.0, "dong_elderly_ratio": 0.1763, "dong_avg_age": 42.7, "dong_pop_density": 5341.4, "nearest_shelter_distance_m": 714.3012, "shelter_count_within_500m": 0.0, "est_population": 0.0, "est_elderly": 0.0, "shelter_capacity_within_500m": 0.0, "building_form_group": "no_building", "dong_name": "남현동", "top1_feature": "green_ratio", "top1_shap": -0.7896, "top2_feature": "ndvi", "top2_shap": -0.6844, "top3_feature": "impervious_ratio", "top3_shap": 0.3455, "priority_score": 43.1029, "priority_rank": 348 }, "geometry": { "type": "Polygon", "coordinates": [ [ [ 126.982683399555995, 37.460322235721961 ], [ 126.982667875189691, 37.462575575044973 ], [ 126.985494722104363, 37.462587916726328 ], [ 126.985510161650367, 37.460334576404279 ], [ 126.982683399555995, 37.460322235721961 ] ] ] } },
{ "type": "Feature", "properties": { "display_grid_id": "11620_00204", "gu_code": 11620, "gu_name": "관악구", "source_cell_count": 14, "area_m2": 49356.7, "mean_actual_lst": 37.1256, "mean_actual_anomaly": 0.6695, "seoul_anomaly": -0.4431, "pred_anomaly": 0.4712, "pred_anomaly_std": 0.8878, "green_delta_c": -0.551, "building_ratio": 0.0, "green_ratio": 0.3725, "ndvi": 0.3432, "impervious_ratio": 0.4661, "built_surface_ratio": 0.4661, "avg_ground_floor_count": 0.0, "elevation_m": 98.4636, "albedo": 0.1254, "nearest_park_distance_m": 401.7246, "park_area_within_500m": 15542.9982, "nearest_stream_distance_m": 1119.2242, "est_population_density": 0.0, "dong_elderly_ratio": 0.1763, "dong_avg_age": 42.7, "dong_pop_density": 5341.4, "nearest_shelter_distance_m": 587.5467, "shelter_count_within_500m": 0.2291, "est_population": 0.0, "est_elderly": 0.0, "shelter_capacity_within_500m": 14.0, "building_form_group": "no_building", "dong_name": "남현동", "top1_feature": "impervious_ratio", "top1_shap": 1.0053, "top2_feature": "built_surface_ratio", "top2_shap": 0.7559, "top3_feature": "ndvi", "top3_shap": -0.3596, "priority_score": 45.4684, "priority_rank": 333 }, "geometry": { "type": "Polygon", "coordinates": [ [ [ 126.985510161650367, 37.460334576404279 ], [ 126.985494722104363, 37.462587916726328 ], [ 126.988020459337946, 37.462598886594137 ], [ 126.98790453, 37.46213765 ], [ 126.98779599, 37.46170544 ], [ 126.98774816000001, 37.46154776 ], [ 126.98769979, 37.46139317 ], [ 126.98763007, 37.46116707 ], [ 126.987582260000011, 37.46094097000001 ], [ 126.98757644, 37.46090774 ], [ 126.98756445, 37.46077259 ], [ 126.98755227, 37.46074162 ], [ 126.98752385, 37.46066953 ], [ 126.98752864, 37.46057325000001 ], [ 126.98753132, 37.46035306 ], [ 126.987531952519021, 37.4603433613782 ], [ 126.985510161650367, 37.460334576404279 ] ] ] } },
{ "type": "Feature", "properties": { "display_grid_id": "11620_00205", "gu_code": 11620, "gu_name": "관악구", "source_cell_count": 10, "area_m2": 34439.11, "mean_actual_lst": 34.7278, "mean_actual_anomaly": -1.5519, "seoul_anomaly": -2.6646, "pred_anomaly": -2.7469, "pred_anomaly_std": 0.9123, "green_delta_c": -0.8421, "building_ratio": 0.0893, "green_ratio": 0.6368, "ndvi": 0.4288, "impervious_ratio": 0.2044, "built_surface_ratio": 0.2044, "avg_ground_floor_count": 0.613, "elevation_m": 115.6092, "albedo": 0.1491, "nearest_park_distance_m": 40.6912, "park_area_within_500m": 77618.7567, "nearest_stream_distance_m": 1395.6144, "est_population_density": 2833.9894, "dong_elderly_ratio": 0.223, "dong_avg_age": 44.9, "dong_pop_density": 17826.7, "nearest_shelter_distance_m": 281.206, "shelter_count_within_500m": 5.0614, "est_population": 97.6, "est_elderly": 21.7, "shelter_capacity_within_500m": 808.5, "building_form_group": "no_building", "dong_name": "난향동", "top1_feature": "green_ratio", "top1_shap": -0.8791, "top2_feature": "built_surface_ratio", "top2_shap": -0.5489, "top3_feature": "ndvi", "top3_shap": -0.5733, "priority_score": 53.8497, "priority_rank": 235 }, "geometry": { "type": "Polygon", "coordinates": [ [ [ 126.9148065275931, 37.464512402485937 ], [ 126.914824089538854, 37.462259089649947 ], [ 126.913859174070041, 37.462254307463617 ], [ 126.91380787, 37.46244546 ], [ 126.913753070000013, 37.46263941 ], [ 126.913711920000011, 37.46278974 ], [ 126.913548070000019, 37.46289324 ], [ 126.913348180000014, 37.46301979 ], [ 126.91330152, 37.46304735 ], [ 126.91328703, 37.46306057 ], [ 126.91312885, 37.46330203 ], [ 126.912958279999984, 37.46355841 ], [ 126.91291724, 37.46376504 ], [ 126.9128934, 37.463916510000011 ], [ 126.912892130000017, 37.46394157 ], [ 126.91290318, 37.46400267 ], [ 126.91290318, 37.46400972 ], [ 126.91290651, 37.46402999 ], [ 126.91292178, 37.46411053 ], [ 126.91293336, 37.46416966000001 ], [ 126.912936, 37.46418262 ], [ 126.91295326, 37.46422486 ], [ 126.91309555, 37.46442319 ], [ 126.913154801303477, 37.464504211201636 ], [ 126.9148065275931, 37.464512402485937 ] ] ] } },
{ "type": "Feature", "properties": { "display_grid_id": "11620_00206", "gu_code": 11620, "gu_name": "관악구", "source_cell_count": 14, "area_m2": 62500.0, "mean_actual_lst": 38.4466, "mean_actual_anomaly": 2.1692, "seoul_anomaly": 1.0565, "pred_anomaly": 1.6623, "pred_anomaly_std": 0.9534, "green_delta_c": -0.6933, "building_ratio": 0.3564, "green_ratio": 0.3447, "ndvi": 0.2497, "impervious_ratio": 0.4622, "built_surface_ratio": 0.4622, "avg_ground_floor_count": 1.6681, "elevation_m": 91.7649, "albedo": 0.1351, "nearest_park_distance_m": 10.6528, "park_area_within_500m": 77611.724, "nearest_stream_distance_m": 1426.84, "est_population_density": 16975.2, "dong_elderly_ratio": 0.223, "dong_avg_age": 44.9, "dong_pop_density": 17826.7, "nearest_shelter_distance_m": 194.6664, "shelter_count_within_500m": 6.4, "est_population": 1061.0, "est_elderly": 236.6, "shelter_capacity_within_500m": 1157.7, "building_form_group": "low_floor_high_density", "dong_name": "난향동", "top1_feature": "built_surface_ratio", "top1_shap": 0.4423, "top2_feature": "impervious_ratio", "top2_shap": 0.4815, "top3_feature": "building_ratio", "top3_shap": 0.5135, "priority_score": 60.2319, "priority_rank": 161 }, "geometry": { "type": "Polygon", "coordinates": [ [ [ 126.914824089538854, 37.462259089649947 ], [ 126.9148065275931, 37.464512402485937 ], [ 126.917633415239479, 37.464526368088642 ], [ 126.917650892360626, 37.4622730541222 ], [ 126.914824089538854, 37.462259089649947 ] ] ] } },
{ "type": "Feature", "properties": { "display_grid_id": "11620_00207", "gu_code": 11620, "gu_name": "관악구", "source_cell_count": 12, "area_m2": 62500.0, "mean_actual_lst": 37.2947, "mean_actual_anomaly": 1.1402, "seoul_anomaly": 0.0276, "pred_anomaly": 1.1268, "pred_anomaly_std": 0.7595, "green_delta_c": -0.7154, "building_ratio": 0.2404, "green_ratio": 0.3476, "ndvi": 0.2312, "impervious_ratio": 0.3649, "built_surface_ratio": 0.3649, "avg_ground_floor_count": 3.6511, "elevation_m": 66.4644, "albedo": 0.1106, "nearest_park_distance_m": 67.638, "park_area_within_500m": 72689.414, "nearest_stream_distance_m": 1481.2048, "est_population_density": 24148.0, "dong_elderly_ratio": 0.223, "dong_avg_age": 44.9, "dong_pop_density": 17826.7, "nearest_shelter_distance_m": 86.2268, "shelter_count_within_500m": 6.08, "est_population": 1509.2, "est_elderly": 336.5, "shelter_capacity_within_500m": 1055.0, "building_form_group": "low_floor_high_density", "dong_name": "난향동", "top1_feature": "built_surface_ratio", "top1_shap": 0.3527, "top2_feature": "impervious_ratio", "top2_shap": 0.3941, "top3_feature": "ndvi", "top3_shap": 0.0491, "priority_score": 56.5863, "priority_rank": 204 }, "geometry": { "type": "Polygon", "coordinates": [ [ [ 126.917650892360626, 37.4622730541222 ], [ 126.917633415239479, 37.464526368088642 ], [ 126.920460304831877, 37.464540266071168 ], [ 126.920477697128248, 37.462286950979738 ], [ 126.917650892360626, 37.4622730541222 ] ] ] } },
{ "type": "Feature", "properties": { "display_grid_id": "11620_00208", "gu_code": 11620, "gu_name": "관악구", "source_cell_count": 14, "area_m2": 62500.0, "mean_actual_lst": 31.364, "mean_actual_anomaly": -4.5146, "seoul_anomaly": -5.6273, "pred_anomaly": -4.901, "pred_anomaly_std": 0.666, "green_delta_c": -0.7718, "building_ratio": 0.0051, "green_ratio": 0.7627, "ndvi": 0.4943, "impervious_ratio": 0.0655, "built_surface_ratio": 0.0655, "avg_ground_floor_count": 0.8678, "elevation_m": 111.9163, "albedo": 0.1123, "nearest_park_distance_m": 270.9348, "park_area_within_500m": 34883.65, "nearest_stream_distance_m": 1400.132, "est_population_density": 827.2, "dong_elderly_ratio": 0.2232, "dong_avg_age": 45.02, "dong_pop_density": 18541.9, "nearest_shelter_distance_m": 197.482, "shelter_count_within_500m": 6.8, "est_population": 51.7, "est_elderly": 11.5, "shelter_capacity_within_500m": 1127.5, "building_form_group": "no_building", "dong_name": "난향동", "top1_feature": "built_surface_ratio", "top1_shap": -1.2729, "top2_feature": "impervious_ratio", "top2_shap": -1.0821, "top3_feature": "green_ratio", "top3_shap": -0.8598, "priority_score": 42.8571, "priority_rank": 353 }, "geometry": { "type": "Polygon", "coordinates": [ [ [ 126.920477697128248, 37.462286950979738 ], [ 126.920460304831877, 37.464540266071168 ], [ 126.923287196360874, 37.464554096433382 ], [ 126.923304503832185, 37.462300780222463 ], [ 126.920477697128248, 37.462286950979738 ] ] ] } },
{ "type": "Feature", "properties": { "display_grid_id": "11620_00209", "gu_code": 11620, "gu_name": "관악구", "source_cell_count": 13, "area_m2": 62500.0, "mean_actual_lst": 33.6704, "mean_actual_anomaly": -2.4066, "seoul_anomaly": -3.5193, "pred_anomaly": -3.0423, "pred_anomaly_std": 0.8713, "green_delta_c": -0.9481, "building_ratio": 0.0547, "green_ratio": 0.5918, "ndvi": 0.3945, "impervious_ratio": 0.1165, "built_surface_ratio": 0.1165, "avg_ground_floor_count": 7.8472, "elevation_m": 129.8139, "albedo": 0.1034, "nearest_park_distance_m": 246.1648, "park_area_within_500m": 51266.1592, "nearest_stream_distance_m": 1223.31, "est_population_density": 9697.2, "dong_elderly_ratio": 0.2867, "dong_avg_age": 50.0, "dong_pop_density": 7603.9, "nearest_shelter_distance_m": 153.6432, "shelter_count_within_500m": 5.68, "est_population": 606.1, "est_elderly": 173.8, "shelter_capacity_within_500m": 727.7, "building_form_group": "high_floor_low_density", "dong_name": "삼성동", "top1_feature": "built_surface_ratio", "top1_shap": -0.7131, "top2_feature": "impervious_ratio", "top2_shap": -0.5728, "top3_feature": "green_ratio", "top3_shap": -0.4703, "priority_score": 53.8311, "priority_rank": 236 }, "geometry": { "type": "Polygon", "coordinates": [ [ [ 126.923304503832185, 37.462300780222463 ], [ 126.923287196360874, 37.464554096433382 ], [ 126.926114089816977, 37.464567859175148 ], [ 126.926131312463042, 37.462314541850191 ], [ 126.923304503832185, 37.462300780222463 ] ] ] } },
{ "type": "Feature", "properties": { "display_grid_id": "11620_00210", "gu_code": 11620, "gu_name": "관악구", "source_cell_count": 10, "area_m2": 62500.0, "mean_actual_lst": 34.9605, "mean_actual_anomaly": -1.3404, "seoul_anomaly": -2.453, "pred_anomaly": -1.6861, "pred_anomaly_std": 0.9072, "green_delta_c": -0.8381, "building_ratio": 0.0765, "green_ratio": 0.5013, "ndvi": 0.3166, "impervious_ratio": 0.185, "built_surface_ratio": 0.185, "avg_ground_floor_count": 5.3586, "elevation_m": 115.9356, "albedo": 0.1093, "nearest_park_distance_m": 134.3616, "park_area_within_500m": 136250.216, "nearest_stream_distance_m": 1077.758, "est_population_density": 12167.6, "dong_elderly_ratio": 0.2867, "dong_avg_age": 50.0, "dong_pop_density": 7603.9, "nearest_shelter_distance_m": 113.1008, "shelter_count_within_500m": 6.88, "est_population": 760.5, "est_elderly": 217.9, "shelter_capacity_within_500m": 685.7, "building_form_group": "no_building", "dong_name": "삼성동", "top1_feature": "green_ratio", "top1_shap": -0.5186, "top2_feature": "built_surface_ratio", "top2_shap": -0.179, "top3_feature": "ndvi", "top3_shap": -0.1519, "priority_score": 53.2838, "priority_rank": 242 }, "geometry": { "type": "Polygon", "coordinates": [ [ [ 126.926131312463042, 37.462314541850191 ], [ 126.926114089816977, 37.464567859175148 ], [ 126.928940985190806, 37.464581554296316 ], [ 126.928958123011384, 37.462328235862806 ], [ 126.926131312463042, 37.462314541850191 ] ] ] } },
{ "type": "Feature", "properties": { "display_grid_id": "11620_00211", "gu_code": 11620, "gu_name": "관악구", "source_cell_count": 14, "area_m2": 62500.0, "mean_actual_lst": 37.4742, "mean_actual_anomaly": 1.4066, "seoul_anomaly": 0.294, "pred_anomaly": 0.9, "pred_anomaly_std": 0.8873, "green_delta_c": -0.5301, "building_ratio": 0.0945, "green_ratio": 0.3784, "ndvi": 0.23, "impervious_ratio": 0.3939, "built_surface_ratio": 0.3939, "avg_ground_floor_count": 2.7096, "elevation_m": 76.6112, "albedo": 0.1517, "nearest_park_distance_m": 12.0692, "park_area_within_500m": 172762.3276, "nearest_stream_distance_m": 946.984, "est_population_density": 8636.4, "dong_elderly_ratio": 0.2867, "dong_avg_age": 50.0, "dong_pop_density": 7603.9, "nearest_shelter_distance_m": 125.4764, "shelter_count_within_500m": 8.6, "est_population": 539.8, "est_elderly": 154.8, "shelter_capacity_within_500m": 929.0, "building_form_group": "low_floor_low_density", "dong_name": "삼성동", "top1_feature": "ndvi", "top1_shap": 0.0481, "top2_feature": "impervious_ratio", "top2_shap": 0.5252, "top3_feature": "built_surface_ratio", "top3_shap": 0.3934, "priority_score": 48.6271, "priority_rank": 295 }, "geometry": { "type": "Polygon", "coordinates": [ [ [ 126.928958123011384, 37.462328235862806 ], [ 126.928940985190806, 37.464581554296316 ], [ 126.931767882472897, 37.464595181796746 ], [ 126.931784935467746, 37.462341862260153 ], [ 126.928958123011384, 37.462328235862806 ] ] ] } },
{ "type": "Feature", "properties": { "display_grid_id": "11620_00212", "gu_code": 11620, "gu_name": "관악구", "source_cell_count": 15, "area_m2": 62500.0, "mean_actual_lst": 35.4592, "mean_actual_anomaly": -0.5189, "seoul_anomaly": -1.6315, "pred_anomaly": -0.7864, "pred_anomaly_std": 0.9002, "green_delta_c": -0.7148, "building_ratio": 0.1578, "green_ratio": 0.4947, "ndvi": 0.2874, "impervious_ratio": 0.2329, "built_surface_ratio": 0.2329, "avg_ground_floor_count": 3.0354, "elevation_m": 96.8334, "albedo": 0.1193, "nearest_park_distance_m": 118.5212, "park_area_within_500m": 141066.3556, "nearest_stream_distance_m": 867.9912, "est_population_density": 16988.4, "dong_elderly_ratio": 0.2867, "dong_avg_age": 50.0, "dong_pop_density": 7603.9, "nearest_shelter_distance_m": 170.9652, "shelter_count_within_500m": 6.28, "est_population": 1061.8, "est_elderly": 304.3, "shelter_capacity_within_500m": 641.5, "building_form_group": "low_floor_low_density", "dong_name": "삼성동", "top1_feature": "built_surface_ratio", "top1_shap": -0.1195, "top2_feature": "impervious_ratio", "top2_shap": -0.071, "top3_feature": "green_ratio", "top3_shap": -0.5924, "priority_score": 55.9555, "priority_rank": 213 }, "geometry": { "type": "Polygon", "coordinates": [ [ [ 126.931784935467746, 37.462341862260153 ], [ 126.931767882472897, 37.464595181796746 ], [ 126.934594781653772, 37.464608741676301 ], [ 126.934611749822693, 37.462355421042098 ], [ 126.931784935467746, 37.462341862260153 ] ] ] } },
{ "type": "Feature", "properties": { "display_grid_id": "11620_00213", "gu_code": 11620, "gu_name": "관악구", "source_cell_count": 13, "area_m2": 62500.0, "mean_actual_lst": 33.6616, "mean_actual_anomaly": -2.327, "seoul_anomaly": -3.4396, "pred_anomaly": -2.7311, "pred_anomaly_std": 0.91, "green_delta_c": -0.7124, "building_ratio": 0.1179, "green_ratio": 0.6086, "ndvi": 0.3616, "impervious_ratio": 0.1204, "built_surface_ratio": 0.1204, "avg_ground_floor_count": 3.5629, "elevation_m": 132.359, "albedo": 0.1124, "nearest_park_distance_m": 297.7456, "park_area_within_500m": 58284.6824, "nearest_stream_distance_m": 816.9664, "est_population_density": 13571.2, "dong_elderly_ratio": 0.1825, "dong_avg_age": 43.812, "dong_pop_density": 4433.128, "nearest_shelter_distance_m": 314.9068, "shelter_count_within_500m": 4.08, "est_population": 848.2, "est_elderly": 113.2, "shelter_capacity_within_500m": 388.5, "building_form_group": "no_building", "dong_name": "대학동", "top1_feature": "built_surface_ratio", "top1_shap": -0.7054, "top2_feature": "green_ratio", "top2_shap": -0.7063, "top3_feature": "impervious_ratio", "top3_shap": -0.6252, "priority_score": 52.5696, "priority_rank": 250 }, "geometry": { "type": "Polygon", "coordinates": [ [ [ 126.934611749822693, 37.462355421042098 ], [ 126.934594781653772, 37.464608741676301 ], [ 126.937421682724022, 37.464622233934833 ], [ 126.93743856606676, 37.462368912208497 ], [ 126.934611749822693, 37.462355421042098 ] ] ] } },
{ "type": "Feature", "properties": { "display_grid_id": "11620_00214", "gu_code": 11620, "gu_name": "관악구", "source_cell_count": 11, "area_m2": 62500.0, "mean_actual_lst": 32.4292, "mean_actual_anomaly": -3.5724, "seoul_anomaly": -4.6851, "pred_anomaly": -3.7934, "pred_anomaly_std": 0.9044, "green_delta_c": -0.9264, "building_ratio": 0.0511, "green_ratio": 0.6758, "ndvi": 0.3917, "impervious_ratio": 0.084, "built_surface_ratio": 0.084, "avg_ground_floor_count": 3.5454, "elevation_m": 122.9029, "albedo": 0.1075, "nearest_park_distance_m": 444.0864, "park_area_within_500m": 8453.5408, "nearest_stream_distance_m": 776.3568, "est_population_density": 9696.0, "dong_elderly_ratio": 0.1334, "dong_avg_age": 40.9, "dong_pop_density": 2941.0, "nearest_shelter_distance_m": 385.7324, "shelter_count_within_500m": 1.6, "est_population": 606.0, "est_elderly": 80.8, "shelter_capacity_within_500m": 163.5, "building_form_group": "no_building", "dong_name": "대학동", "top1_feature": "built_surface_ratio", "top1_shap": -1.0912, "top2_feature": "impervious_ratio", "top2_shap": -0.9353, "top3_feature": "green_ratio", "top3_shap": -0.7749, "priority_score": 54.2579, "priority_rank": 229 }, "geometry": { "type": "Polygon", "coordinates": [ [ [ 126.93743856606676, 37.462368912208497 ], [ 126.937421682724022, 37.464622233934833 ], [ 126.940248585674183, 37.464635658572206 ], [ 126.940265384190539, 37.462382335759209 ], [ 126.93743856606676, 37.462368912208497 ] ] ] } },
{ "type": "Feature", "properties": { "display_grid_id": "11620_00215", "gu_code": 11620, "gu_name": "관악구", "source_cell_count": 13, "area_m2": 62500.0, "mean_actual_lst": 32.1732, "mean_actual_anomaly": -4.0254, "seoul_anomaly": -5.1381, "pred_anomaly": -4.6341, "pred_anomaly_std": 0.637, "green_delta_c": -0.7297, "building_ratio": 0.0128, "green_ratio": 0.7806, "ndvi": 0.5561, "impervious_ratio": 0.0606, "built_surface_ratio": 0.0606, "avg_ground_floor_count": 1.6008, "elevation_m": 149.8125, "albedo": 0.0938, "nearest_park_distance_m": 492.1408, "park_area_within_500m": 5817.516, "nearest_stream_distance_m": 598.574, "est_population_density": 3580.8, "dong_elderly_ratio": 0.1334, "dong_avg_age": 40.9, "dong_pop_density": 2941.0, "nearest_shelter_distance_m": 398.0832, "shelter_count_within_500m": 1.76, "est_population": 223.8, "est_elderly": 29.9, "shelter_capacity_within_500m": 13401.7, "building_form_group": "no_building", "dong_name": "대학동", "top1_feature": "built_surface_ratio", "top1_shap": -1.2562, "top2_feature": "impervious_ratio", "top2_shap": -1.1054, "top3_feature": "green_ratio", "top3_shap": -0.8373, "priority_score": 46.461, "priority_rank": 317 }, "geometry": { "type": "Polygon", "coordinates": [ [ [ 126.940265384190539, 37.462382335759209 ], [ 126.940248585674183, 37.464635658572206 ], [ 126.94307549049482, 37.464649015588286 ], [ 126.943092204184595, 37.462395691694098 ], [ 126.940265384190539, 37.462382335759209 ] ] ] } },
{ "type": "Feature", "properties": { "display_grid_id": "11620_00216", "gu_code": 11620, "gu_name": "관악구", "source_cell_count": 11, "area_m2": 62500.0, "mean_actual_lst": 32.7104, "mean_actual_anomaly": -3.4283, "seoul_anomaly": -4.5409, "pred_anomaly": -4.6553, "pred_anomaly_std": 0.6014, "green_delta_c": -0.9692, "building_ratio": 0.0, "green_ratio": 0.8298, "ndvi": 0.591, "impervious_ratio": 0.0424, "built_surface_ratio": 0.0424, "avg_ground_floor_count": 0.0, "elevation_m": 136.4674, "albedo": 0.1021, "nearest_park_distance_m": 519.8552, "park_area_within_500m": 2247.3288, "nearest_stream_distance_m": 365.3732, "est_population_density": 0.0, "dong_elderly_ratio": 0.1334, "dong_avg_age": 40.9, "dong_pop_density": 2941.0, "nearest_shelter_distance_m": 417.3912, "shelter_count_within_500m": 1.44, "est_population": 0.0, "est_elderly": 0.0, "shelter_capacity_within_500m": 18150.7, "building_form_group": "no_building", "dong_name": "대학동", "top1_feature": "built_surface_ratio", "top1_shap": -1.4598, "top2_feature": "impervious_ratio", "top2_shap": -1.2847, "top3_feature": "green_ratio", "top3_shap": -0.7477, "priority_score": 42.7829, "priority_rank": 356 }, "geometry": { "type": "Polygon", "coordinates": [ [ [ 126.943092204184595, 37.462395691694098 ], [ 126.94307549049482, 37.464649015588286 ], [ 126.945902397176496, 37.46466230498293 ], [ 126.945919026039448, 37.462408980013031 ], [ 126.943092204184595, 37.462395691694098 ] ] ] } },
{ "type": "Feature", "properties": { "display_grid_id": "11620_00217", "gu_code": 11620, "gu_name": "관악구", "source_cell_count": 12, "area_m2": 62500.0, "mean_actual_lst": 33.5965, "mean_actual_anomaly": -2.712, "seoul_anomaly": -3.8246, "pred_anomaly": -3.0125, "pred_anomaly_std": 0.6949, "green_delta_c": -0.9546, "building_ratio": 0.0043, "green_ratio": 0.7216, "ndvi": 0.4915, "impervious_ratio": 0.135, "built_surface_ratio": 0.135, "avg_ground_floor_count": 0.24, "elevation_m": 89.7443, "albedo": 0.1227, "nearest_park_distance_m": 608.4412, "park_area_within_500m": 132.5096, "nearest_stream_distance_m": 114.6328, "est_population_density": 0.0, "dong_elderly_ratio": 0.1334, "dong_avg_age": 40.9, "dong_pop_density": 2941.0, "nearest_shelter_distance_m": 497.3056, "shelter_count_within_500m": 0.6, "est_population": 0.0, "est_elderly": 0.0, "shelter_capacity_within_500m": 15617.3, "building_form_group": "no_building", "dong_name": "대학동", "top1_feature": "built_surface_ratio", "top1_shap": -0.7282, "top2_feature": "impervious_ratio", "top2_shap": -0.5513, "top3_feature": "green_ratio", "top3_shap": -0.8225, "priority_score": 47.5464, "priority_rank": 306 }, "geometry": { "type": "Polygon", "coordinates": [ [ [ 126.945919026039448, 37.462408980013031 ], [ 126.945902397176496, 37.46466230498293 ], [ 126.948729305709747, 37.464675526755997 ], [ 126.948745849745649, 37.462422200715856 ], [ 126.945919026039448, 37.462408980013031 ] ] ] } },
{ "type": "Feature", "properties": { "display_grid_id": "11620_00218", "gu_code": 11620, "gu_name": "관악구", "source_cell_count": 13, "area_m2": 62500.0, "mean_actual_lst": 38.8094, "mean_actual_anomaly": 2.6806, "seoul_anomaly": 1.568, "pred_anomaly": 2.0585, "pred_anomaly_std": 0.954, "green_delta_c": -0.6272, "building_ratio": 0.1278, "green_ratio": 0.3041, "ndvi": 0.2378, "impervious_ratio": 0.474, "built_surface_ratio": 0.474, "avg_ground_floor_count": 0.8, "elevation_m": 79.068, "albedo": 0.1301, "nearest_park_distance_m": 738.2316, "park_area_within_500m": 0.0, "nearest_stream_distance_m": 124.6656, "est_population_density": 0.0, "dong_elderly_ratio": 0.1334, "dong_avg_age": 40.9, "dong_pop_density": 2941.0, "nearest_shelter_distance_m": 642.7888, "shelter_count_within_500m": 0.04, "est_population": 0.0, "est_elderly": 0.0, "shelter_capacity_within_500m": 1200.2, "building_form_group": "low_floor_low_density", "dong_name": "대학동", "top1_feature": "impervious_ratio", "top1_shap": 0.746, "top2_feature": "built_surface_ratio", "top2_shap": 0.7005, "top3_feature": "ndvi", "top3_shap": -0.1816, "priority_score": 51.8506, "priority_rank": 257 }, "geometry": { "type": "Polygon", "coordinates": [ [ [ 126.948745849745649, 37.462422200715856 ], [ 126.948729305709747, 37.464675526755997 ], [ 126.951556216085137, 37.464688680907365 ], [ 126.951572675293818, 37.462435353802455 ], [ 126.948745849745649, 37.462422200715856 ] ] ] } },
{ "type": "Feature", "properties": { "display_grid_id": "11620_00219", "gu_code": 11620, "gu_name": "관악구", "source_cell_count": 14, "area_m2": 62500.0, "mean_actual_lst": 37.9946, "mean_actual_anomaly": 1.9092, "seoul_anomaly": 0.7965, "pred_anomaly": 1.6853, "pred_anomaly_std": 1.0285, "green_delta_c": -0.6766, "building_ratio": 0.2756, "green_ratio": 0.3002, "ndvi": 0.2291, "impervious_ratio": 0.439, "built_surface_ratio": 0.439, "avg_ground_floor_count": 1.0, "elevation_m": 102.6573, "albedo": 0.1183, "nearest_park_distance_m": 929.5468, "park_area_within_500m": 0.0, "nearest_stream_distance_m": 369.222, "est_population_density": 0.0, "dong_elderly_ratio": 0.1334, "dong_avg_age": 40.9, "dong_pop_density": 2941.0, "nearest_shelter_distance_m": 834.554, "shelter_count_within_500m": 0.0, "est_population": 0.0, "est_elderly": 0.0, "shelter_capacity_within_500m": 0.0, "building_form_group": "low_floor_low_density", "dong_name": "대학동", "top1_feature": "built_surface_ratio", "top1_shap": 0.6263, "top2_feature": "impervious_ratio", "top2_shap": 0.5749, "top3_feature": "green_ratio", "top3_shap": -0.0668, "priority_score": 52.9824, "priority_rank": 244 }, "geometry": { "type": "Polygon", "coordinates": [ [ [ 126.951572675293818, 37.462435353802455 ], [ 126.951556216085137, 37.464688680907365 ], [ 126.954383128293244, 37.464701767436871 ], [ 126.954399502674434, 37.46244843927267 ], [ 126.951572675293818, 37.462435353802455 ] ] ] } },
{ "type": "Feature", "properties": { "display_grid_id": "11620_00220", "gu_code": 11620, "gu_name": "관악구", "source_cell_count": 15, "area_m2": 62500.0, "mean_actual_lst": 34.7184, "mean_actual_anomaly": -1.5697, "seoul_anomaly": -2.6823, "pred_anomaly": -2.994, "pred_anomaly_std": 0.771, "green_delta_c": -1.0098, "building_ratio": 0.0574, "green_ratio": 0.6809, "ndvi": 0.4609, "impervious_ratio": 0.1385, "built_surface_ratio": 0.1385, "avg_ground_floor_count": 0.28, "elevation_m": 130.394, "albedo": 0.1041, "nearest_park_distance_m": 971.1244, "park_area_within_500m": 0.0, "nearest_stream_distance_m": 329.3236, "est_population_density": 0.0, "dong_elderly_ratio": 0.1161, "dong_avg_age": 38.34, "dong_pop_density": 5894.92, "nearest_shelter_distance_m": 781.2668, "shelter_count_within_500m": 0.0, "est_population": 0.0, "est_elderly": 0.0, "shelter_capacity_within_500m": 0.0, "building_form_group": "no_building", "dong_name": "대학동", "top1_feature": "built_surface_ratio", "top1_shap": -0.6881, "top2_feature": "green_ratio", "top2_shap": -0.7702, "top3_feature": "impervious_ratio", "top3_shap": -0.5063, "priority_score": 51.2013, "priority_rank": 269 }, "geometry": { "type": "Polygon", "coordinates": [ [ [ 126.954399502674434, 37.46244843927267 ], [ 126.954383128293244, 37.464701767436871 ], [ 126.95721004232459, 37.464714786344409 ], [ 126.95722633187809, 37.462461457126373 ], [ 126.954399502674434, 37.46244843927267 ] ] ] } },
{ "type": "Feature", "properties": { "display_grid_id": "11620_00221", "gu_code": 11620, "gu_name": "관악구", "source_cell_count": 9, "area_m2": 62500.0, "mean_actual_lst": 36.2845, "mean_actual_anomaly": 0.158, "seoul_anomaly": -0.9546, "pred_anomaly": -0.5381, "pred_anomaly_std": 0.8846, "green_delta_c": -0.5902, "building_ratio": 0.1155, "green_ratio": 0.4486, "ndvi": 0.3431, "impervious_ratio": 0.3069, "built_surface_ratio": 0.3069, "avg_ground_floor_count": 1.351, "elevation_m": 113.6249, "albedo": 0.105, "nearest_park_distance_m": 796.836, "park_area_within_500m": 0.0, "nearest_stream_distance_m": 90.1376, "est_population_density": 0.0, "dong_elderly_ratio": 0.0901, "dong_avg_age": 34.5, "dong_pop_density": 10325.8, "nearest_shelter_distance_m": 603.0232, "shelter_count_within_500m": 0.12, "est_population": 0.0, "est_elderly": 0.0, "shelter_capacity_within_500m": 3.0, "building_form_group": "low_floor_low_density", "dong_name": "낙성대동", "top1_feature": "green_ratio", "top1_shap": -0.512, "top2_feature": "ndvi", "top2_shap": -0.4551, "top3_feature": "built_surface_ratio", "top3_shap": 0.2594, "priority_score": 44.9675, "priority_rank": 339 }, "geometry": { "type": "Polygon", "coordinates": [ [ [ 126.95722633187809, 37.462461457126373 ], [ 126.95721004232459, 37.464714786344409 ], [ 126.960036958169738, 37.464727737629822 ], [ 126.960053162895363, 37.462474407363452 ], [ 126.95722633187809, 37.462461457126373 ] ] ] } },
{ "type": "Feature", "properties": { "display_grid_id": "11620_00222", "gu_code": 11620, "gu_name": "관악구", "source_cell_count": 13, "area_m2": 62500.0, "mean_actual_lst": 32.916, "mean_actual_anomaly": -3.3284, "seoul_anomaly": -4.441, "pred_anomaly": -4.2346, "pred_anomaly_std": 0.6491, "green_delta_c": -0.9169, "building_ratio": 0.0269, "green_ratio": 0.7786, "ndvi": 0.5603, "impervious_ratio": 0.0659, "built_surface_ratio": 0.0659, "avg_ground_floor_count": 0.68, "elevation_m": 133.2394, "albedo": 0.0923, "nearest_park_distance_m": 668.7824, "park_area_within_500m": 0.0, "nearest_stream_distance_m": 164.8584, "est_population_density": 0.0, "dong_elderly_ratio": 0.0901, "dong_avg_age": 34.5, "dong_pop_density": 10325.8, "nearest_shelter_distance_m": 505.5744, "shelter_count_within_500m": 0.52, "est_population": 0.0, "est_elderly": 0.0, "shelter_capacity_within_500m": 13.0, "building_form_group": "no_building", "dong_name": "낙성대동", "top1_feature": "built_surface_ratio", "top1_shap": -1.2495, "top2_feature": "impervious_ratio", "top2_shap": -1.0626, "top3_feature": "green_ratio", "top3_shap": -0.7849, "priority_score": 44.6985, "priority_rank": 341 }, "geometry": { "type": "Polygon", "coordinates": [ [ [ 126.960053162895363, 37.462474407363452 ], [ 126.960036958169738, 37.464727737629822 ], [ 126.962863875819281, 37.464740621292997 ], [ 126.96287999571679, 37.462487289983741 ], [ 126.960053162895363, 37.462474407363452 ] ] ] } },
{ "type": "Feature", "properties": { "display_grid_id": "11620_00223", "gu_code": 11620, "gu_name": "관악구", "source_cell_count": 14, "area_m2": 62500.0, "mean_actual_lst": 31.715, "mean_actual_anomaly": -4.2922, "seoul_anomaly": -5.4048, "pred_anomaly": -5.0397, "pred_anomaly_std": 0.5657, "green_delta_c": -0.7026, "building_ratio": 0.0, "green_ratio": 0.8164, "ndvi": 0.6093, "impervious_ratio": 0.0431, "built_surface_ratio": 0.0431, "avg_ground_floor_count": 0.0, "elevation_m": 170.6216, "albedo": 0.0873, "nearest_park_distance_m": 586.0892, "park_area_within_500m": 158.2724, "nearest_stream_distance_m": 423.5904, "est_population_density": 0.0, "dong_elderly_ratio": 0.0932, "dong_avg_age": 34.796, "dong_pop_density": 10848.128, "nearest_shelter_distance_m": 516.8888, "shelter_count_within_500m": 0.56, "est_population": 0.0, "est_elderly": 0.0, "shelter_capacity_within_500m": 15.2, "building_form_group": "no_building", "dong_name": "낙성대동", "top1_feature": "built_surface_ratio", "top1_shap": -1.4388, "top2_feature": "impervious_ratio", "top2_shap": -1.2501, "top3_feature": "green_ratio", "top3_shap": -0.7684, "priority_score": 35.589, "priority_rank": 414 }, "geometry": { "type": "Polygon", "coordinates": [ [ [ 126.96287999571679, 37.462487289983741 ], [ 126.962863875819281, 37.464740621292997 ], [ 126.965690795263697, 37.464753437333783 ], [ 126.965706830332891, 37.462500104987136 ], [ 126.96287999571679, 37.462487289983741 ] ] ] } },
{ "type": "Feature", "properties": { "display_grid_id": "11620_00224", "gu_code": 11620, "gu_name": "관악구", "source_cell_count": 11, "area_m2": 62500.0, "mean_actual_lst": 30.9725, "mean_actual_anomaly": -4.2814, "seoul_anomaly": -5.3941, "pred_anomaly": -5.3599, "pred_anomaly_std": 0.5445, "green_delta_c": -0.5862, "building_ratio": 0.0, "green_ratio": 0.8203, "ndvi": 0.5964, "impervious_ratio": 0.0411, "built_surface_ratio": 0.0411, "avg_ground_floor_count": 0.0, "elevation_m": 212.3676, "albedo": 0.0896, "nearest_park_distance_m": 601.8332, "park_area_within_500m": 50.9396, "nearest_stream_distance_m": 662.468, "est_population_density": 0.0, "dong_elderly_ratio": 0.1422, "dong_avg_age": 39.532, "dong_pop_density": 19205.376, "nearest_shelter_distance_m": 575.0424, "shelter_count_within_500m": 0.24, "est_population": 0.0, "est_elderly": 0.0, "shelter_capacity_within_500m": 7.2, "building_form_group": "no_building", "dong_name": "인헌동", "top1_feature": "built_surface_ratio", "top1_shap": -1.4328, "top2_feature": "impervious_ratio", "top2_shap": -1.2501, "top3_feature": "green_ratio", "top3_shap": -0.7876, "priority_score": 31.6883, "priority_rank": 444 }, "geometry": { "type": "Polygon", "coordinates": [ [ [ 126.965706830332891, 37.462500104987136 ], [ 126.965690795263697, 37.464753437333783 ], [ 126.968517716493636, 37.464766185752062 ], [ 126.968533666734302, 37.462512852373472 ], [ 126.965706830332891, 37.462500104987136 ] ] ] } },
{ "type": "Feature", "properties": { "display_grid_id": "11620_00225", "gu_code": 11620, "gu_name": "관악구", "source_cell_count": 12, "area_m2": 62500.0, "mean_actual_lst": 30.6351, "mean_actual_anomaly": -4.9889, "seoul_anomaly": -6.1015, "pred_anomaly": -5.6318, "pred_anomaly_std": 0.518, "green_delta_c": -0.5779, "building_ratio": 0.0, "green_ratio": 0.7954, "ndvi": 0.539, "impervious_ratio": 0.0414, "built_surface_ratio": 0.0414, "avg_ground_floor_count": 0.0, "elevation_m": 252.4721, "albedo": 0.0849, "nearest_park_distance_m": 715.748, "park_area_within_500m": 0.0, "nearest_stream_distance_m": 921.34, "est_population_density": 0.0, "dong_elderly_ratio": 0.1667, "dong_avg_age": 41.9, "dong_pop_density": 23384.0, "nearest_shelter_distance_m": 680.1724, "shelter_count_within_500m": 0.0, "est_population": 0.0, "est_elderly": 0.0, "shelter_capacity_within_500m": 0.0, "building_form_group": "no_building", "dong_name": "인헌동", "top1_feature": "built_surface_ratio", "top1_shap": -1.4335, "top2_feature": "impervious_ratio", "top2_shap": -1.2477, "top3_feature": "green_ratio", "top3_shap": -0.7799, "priority_score": 29.8006, "priority_rank": 458 }, "geometry": { "type": "Polygon", "coordinates": [ [ [ 126.968533666734302, 37.462512852373472 ], [ 126.968517716493636, 37.464766185752062 ], [ 126.971344639499563, 37.46477886654769 ], [ 126.971360504911502, 37.462525532142635 ], [ 126.968533666734302, 37.462512852373472 ] ] ] } },
{ "type": "Feature", "properties": { "display_grid_id": "11620_00226", "gu_code": 11620, "gu_name": "관악구", "source_cell_count": 13, "area_m2": 62500.0, "mean_actual_lst": 31.3246, "mean_actual_anomaly": -4.6728, "seoul_anomaly": -5.7855, "pred_anomaly": -5.5468, "pred_anomaly_std": 0.5269, "green_delta_c": -0.7086, "building_ratio": 0.0, "green_ratio": 0.7528, "ndvi": 0.4825, "impervious_ratio": 0.0553, "built_surface_ratio": 0.0553, "avg_ground_floor_count": 0.0, "elevation_m": 281.42, "albedo": 0.0985, "nearest_park_distance_m": 845.0728, "park_area_within_500m": 0.0, "nearest_stream_distance_m": 1156.3848, "est_population_density": 0.0, "dong_elderly_ratio": 0.1713, "dong_avg_age": 42.284, "dong_pop_density": 14723.552, "nearest_shelter_distance_m": 839.2228, "shelter_count_within_500m": 0.0, "est_population": 0.0, "est_elderly": 0.0, "shelter_capacity_within_500m": 0.0, "building_form_group": "no_building", "dong_name": "인헌동", "top1_feature": "built_surface_ratio", "top1_shap": -1.3213, "top2_feature": "impervious_ratio", "top2_shap": -1.1402, "top3_feature": "green_ratio", "top3_shap": -0.6074, "priority_score": 38.2328, "priority_rank": 392 }, "geometry": { "type": "Polygon", "coordinates": [ [ [ 126.971360504911502, 37.462525532142635 ], [ 126.971344639499563, 37.46477886654769 ], [ 126.974171564272098, 37.464791479720539 ], [ 126.974187344855082, 37.462538144294513 ], [ 126.971360504911502, 37.462525532142635 ] ] ] } },
{ "type": "Feature", "properties": { "display_grid_id": "11620_00227", "gu_code": 11620, "gu_name": "관악구", "source_cell_count": 15, "area_m2": 62500.0, "mean_actual_lst": 32.2177, "mean_actual_anomaly": -3.677, "seoul_anomaly": -4.7896, "pred_anomaly": -5.3268, "pred_anomaly_std": 0.5869, "green_delta_c": -0.7425, "building_ratio": 0.0, "green_ratio": 0.7877, "ndvi": 0.5091, "impervious_ratio": 0.0534, "built_surface_ratio": 0.0534, "avg_ground_floor_count": 0.0, "elevation_m": 246.9519, "albedo": 0.1292, "nearest_park_distance_m": 914.9504, "park_area_within_500m": 0.0, "nearest_stream_distance_m": 1147.7252, "est_population_density": 0.0, "dong_elderly_ratio": 0.1763, "dong_avg_age": 42.7, "dong_pop_density": 5341.4, "nearest_shelter_distance_m": 1027.9816, "shelter_count_within_500m": 0.0, "est_population": 0.0, "est_elderly": 0.0, "shelter_capacity_within_500m": 0.0, "building_form_group": "no_building", "dong_name": "남현동", "top1_feature": "built_surface_ratio", "top1_shap": -1.3217, "top2_feature": "impervious_ratio", "top2_shap": -1.1392, "top3_feature": "green_ratio", "top3_shap": -0.7624, "priority_score": 41.897, "priority_rank": 365 }, "geometry": { "type": "Polygon", "coordinates": [ [ [ 126.974187344855082, 37.462538144294513 ], [ 126.974171564272098, 37.464791479720539 ], [ 126.976998490801776, 37.464804025270475 ], [ 126.977014186555607, 37.462550688828941 ], [ 126.974187344855082, 37.462538144294513 ] ] ] } },
{ "type": "Feature", "properties": { "display_grid_id": "11620_00228", "gu_code": 11620, "gu_name": "관악구", "source_cell_count": 14, "area_m2": 62500.0, "mean_actual_lst": 32.797, "mean_actual_anomaly": -3.1447, "seoul_anomaly": -4.2573, "pred_anomaly": -5.0709, "pred_anomaly_std": 0.5594, "green_delta_c": -0.7762, "building_ratio": 0.0, "green_ratio": 0.8175, "ndvi": 0.5941, "impervious_ratio": 0.048, "built_surface_ratio": 0.048, "avg_ground_floor_count": 0.0, "elevation_m": 196.2244, "albedo": 0.1203, "nearest_park_distance_m": 913.464, "park_area_within_500m": 0.0, "nearest_stream_distance_m": 1002.1356, "est_population_density": 0.0, "dong_elderly_ratio": 0.1763, "dong_avg_age": 42.7, "dong_pop_density": 5341.4, "nearest_shelter_distance_m": 983.3104, "shelter_count_within_500m": 0.0, "est_population": 0.0, "est_elderly": 0.0, "shelter_capacity_within_500m": 0.0, "building_form_group": "no_building", "dong_name": "남현동", "top1_feature": "built_surface_ratio", "top1_shap": -1.3473, "top2_feature": "impervious_ratio", "top2_shap": -1.1686, "top3_feature": "green_ratio", "top3_shap": -0.8009, "priority_score": 42.7968, "priority_rank": 355 }, "geometry": { "type": "Polygon", "coordinates": [ [ [ 126.977014186555607, 37.462550688828941 ], [ 126.976998490801776, 37.464804025270475 ], [ 126.979825419079162, 37.464816503197369 ], [ 126.979841030003612, 37.462563165745806 ], [ 126.977014186555607, 37.462550688828941 ] ] ] } },
{ "type": "Feature", "properties": { "display_grid_id": "11620_00229", "gu_code": 11620, "gu_name": "관악구", "source_cell_count": 13, "area_m2": 62500.0, "mean_actual_lst": 35.1236, "mean_actual_anomaly": -1.4287, "seoul_anomaly": -2.5414, "pred_anomaly": -2.0453, "pred_anomaly_std": 0.8763, "green_delta_c": -0.6488, "building_ratio": 0.0, "green_ratio": 0.5921, "ndvi": 0.485, "impervious_ratio": 0.2632, "built_surface_ratio": 0.2632, "avg_ground_floor_count": 0.0, "elevation_m": 123.1849, "albedo": 0.1324, "nearest_park_distance_m": 689.8244, "park_area_within_500m": 0.0, "nearest_stream_distance_m": 891.854, "est_population_density": 0.0, "dong_elderly_ratio": 0.1763, "dong_avg_age": 42.7, "dong_pop_density": 5341.4, "nearest_shelter_distance_m": 755.1436, "shelter_count_within_500m": 0.0, "est_population": 0.0, "est_elderly": 0.0, "shelter_capacity_within_500m": 0.0, "building_form_group": "no_building", "dong_name": "남현동", "top1_feature": "green_ratio", "top1_shap": -0.8896, "top2_feature": "ndvi", "top2_shap": -0.6175, "top3_feature": "impervious_ratio", "top3_shap": 0.3158, "priority_score": 44.3553, "priority_rank": 342 }, "geometry": { "type": "Polygon", "coordinates": [ [ [ 126.979841030003612, 37.462563165745806 ], [ 126.979825419079162, 37.464816503197369 ], [ 126.982652349094778, 37.464828913501101 ], [ 126.982667875189691, 37.462575575044973 ], [ 126.979841030003612, 37.462563165745806 ] ] ] } },
{ "type": "Feature", "properties": { "display_grid_id": "11620_00230", "gu_code": 11620, "gu_name": "관악구", "source_cell_count": 14, "area_m2": 62500.0, "mean_actual_lst": 37.2646, "mean_actual_anomaly": 0.898, "seoul_anomaly": -0.2146, "pred_anomaly": -0.0207, "pred_anomaly_std": 0.8974, "green_delta_c": -0.7649, "building_ratio": 0.0, "green_ratio": 0.4498, "ndvi": 0.3472, "impervious_ratio": 0.3628, "built_surface_ratio": 0.3628, "avg_ground_floor_count": 0.0, "elevation_m": 90.9946, "albedo": 0.122, "nearest_park_distance_m": 472.8404, "park_area_within_500m": 13970.5488, "nearest_stream_distance_m": 849.9756, "est_population_density": 0.0, "dong_elderly_ratio": 0.1763, "dong_avg_age": 42.7, "dong_pop_density": 5341.4, "nearest_shelter_distance_m": 542.4412, "shelter_count_within_500m": 0.24, "est_population": 0.0, "est_elderly": 0.0, "shelter_capacity_within_500m": 10.5, "building_form_group": "no_building", "dong_name": "남현동", "top1_feature": "impervious_ratio", "top1_shap": 0.7461, "top2_feature": "built_surface_ratio", "top2_shap": 0.5335, "top3_feature": "green_ratio", "top3_shap": -0.3784, "priority_score": 51.6837, "priority_rank": 261 }, "geometry": { "type": "Polygon", "coordinates": [ [ [ 126.982667875189691, 37.462575575044973 ], [ 126.982652349094778, 37.464828913501101 ], [ 126.985479280839186, 37.464841256181536 ], [ 126.985494722104363, 37.462587916726328 ], [ 126.982667875189691, 37.462575575044973 ] ] ] } },
{ "type": "Feature", "properties": { "display_grid_id": "11620_00231", "gu_code": 11620, "gu_name": "관악구", "source_cell_count": 11, "area_m2": 60081.34, "mean_actual_lst": 38.5367, "mean_actual_anomaly": 2.2343, "seoul_anomaly": 1.1216, "pred_anomaly": 2.2014, "pred_anomaly_std": 0.8846, "green_delta_c": -0.6999, "building_ratio": 0.0, "green_ratio": 0.2748, "ndvi": 0.2712, "impervious_ratio": 0.5624, "built_surface_ratio": 0.5624, "avg_ground_floor_count": 0.0, "elevation_m": 72.2243, "albedo": 0.1387, "nearest_park_distance_m": 246.3314, "park_area_within_500m": 64842.5573, "nearest_stream_distance_m": 875.1674, "est_population_density": 0.0, "dong_elderly_ratio": 0.1763, "dong_avg_age": 42.7, "dong_pop_density": 5341.4, "nearest_shelter_distance_m": 357.1629, "shelter_count_within_500m": 1.0, "est_population": 0.0, "est_elderly": 0.0, "shelter_capacity_within_500m": 52.7, "building_form_group": "no_building", "dong_name": "남현동", "top1_feature": "impervious_ratio", "top1_shap": 1.1755, "top2_feature": "built_surface_ratio", "top2_shap": 1.0639, "top3_feature": "green_ratio", "top3_shap": 0.3172, "priority_score": 52.8989, "priority_rank": 245 }, "geometry": { "type": "Polygon", "coordinates": [ [ [ 126.988313384361419, 37.463801457542111 ], [ 126.98830145, 37.46370995 ], [ 126.98826476, 37.46349258 ], [ 126.988249760000016, 37.46343458 ], [ 126.98816114, 37.46314907 ], [ 126.98813202, 37.46304291 ], [ 126.98804749, 37.46270643 ], [ 126.988020459337946, 37.462598886594137 ], [ 126.985494722104363, 37.462587916726328 ], [ 126.985479280839186, 37.464841256181536 ], [ 126.988165484899341, 37.464852921765591 ], [ 126.988168259999981, 37.46482099 ], [ 126.98817817, 37.46473934 ], [ 126.98817994, 37.46472245 ], [ 126.98818507, 37.46466612 ], [ 126.98819835, 37.46453239 ], [ 126.98820135, 37.46448706 ], [ 126.9882148, 37.46434093 ], [ 126.988224529999982, 37.46422661 ], [ 126.988274, 37.46412892 ], [ 126.988311662572769, 37.46405410324364 ], [ 126.988313384361419, 37.463801457542111 ] ] ] } },
{ "type": "Feature", "properties": { "display_grid_id": "11620_00232", "gu_code": 11620, "gu_name": "관악구", "source_cell_count": 1, "area_m2": 33.67, "mean_actual_lst": 40.1536, "mean_actual_anomaly": 3.8768, "seoul_anomaly": 2.7642, "pred_anomaly": 2.9524, "pred_anomaly_std": 1.012, "green_delta_c": -1.0528, "building_ratio": 0.0, "green_ratio": 0.2034, "ndvi": 0.2682, "impervious_ratio": 0.6699, "built_surface_ratio": 0.6699, "avg_ground_floor_count": 0.0, "elevation_m": 67.666, "albedo": 0.1123, "nearest_park_distance_m": 144.7, "park_area_within_500m": 78072.34, "nearest_stream_distance_m": 887.66, "est_population_density": 0.0, "dong_elderly_ratio": 0.1763, "dong_avg_age": 42.7, "dong_pop_density": 5341.4, "nearest_shelter_distance_m": 285.41, "shelter_count_within_500m": 1.0, "est_population": 0.0, "est_elderly": 0.0, "shelter_capacity_within_500m": 0.0, "building_form_group": "no_building", "dong_name": "남현동", "top1_feature": "impervious_ratio", "top1_shap": 1.3967, "top2_feature": "built_surface_ratio", "top2_shap": 1.2879, "top3_feature": "green_ratio", "top3_shap": 0.875, "priority_score": 62.8247, "priority_rank": 127 }, "geometry": { "type": "Polygon", "coordinates": [ [ [ 126.988311662572769, 37.46405410324364 ], [ 126.988339200000013, 37.4639994 ], [ 126.988313384361419, 37.463801457542111 ], [ 126.988311662572769, 37.46405410324364 ] ] ] } },
{ "type": "Feature", "properties": { "display_grid_id": "11620_00233", "gu_code": 11620, "gu_name": "관악구", "source_cell_count": 3, "area_m2": 238.73, "mean_actual_lst": 31.1915, "mean_actual_anomaly": -5.0853, "seoul_anomaly": -6.1979, "pred_anomaly": -5.9799, "pred_anomaly_std": 0.7141, "green_delta_c": -0.1323, "building_ratio": 0.0, "green_ratio": 0.7783, "ndvi": 0.5483, "impervious_ratio": 0.0509, "built_surface_ratio": 0.0509, "avg_ground_floor_count": 0.0, "elevation_m": 131.77, "albedo": 0.1114, "nearest_park_distance_m": 396.49, "park_area_within_500m": 14717.97, "nearest_stream_distance_m": 1601.28, "est_population_density": 0.0, "dong_elderly_ratio": 0.2188, "dong_avg_age": 45.1, "dong_pop_density": 22039.4, "nearest_shelter_distance_m": 347.96, "shelter_count_within_500m": 2.0, "est_population": 0.0, "est_elderly": 0.0, "shelter_capacity_within_500m": 30.0, "building_form_group": "no_building", "dong_name": "미성동", "top1_feature": "built_surface_ratio", "top1_shap": -1.5239, "top2_feature": "impervious_ratio", "top2_shap": -1.3394, "top3_feature": "green_ratio", "top3_shap": -0.8946, "priority_score": 21.7022, "priority_rank": 533 }, "geometry": { "type": "Polygon", "coordinates": [ [ [ 126.911961993167168, 37.466751680094823 ], [ 126.911963493704491, 37.466560108051155 ], [ 126.911707970952733, 37.466750415702016 ], [ 126.911961993167168, 37.466751680094823 ] ] ] } },
{ "type": "Feature", "properties": { "display_grid_id": "11620_00234", "gu_code": 11620, "gu_name": "관악구", "source_cell_count": 9, "area_m2": 42626.66, "mean_actual_lst": 31.9134, "mean_actual_anomaly": -4.4316, "seoul_anomaly": -5.5442, "pred_anomaly": -5.6293, "pred_anomaly_std": 0.7034, "green_delta_c": -0.6323, "building_ratio": 0.0, "green_ratio": 0.7764, "ndvi": 0.5012, "impervious_ratio": 0.0549, "built_surface_ratio": 0.0549, "avg_ground_floor_count": 0.0, "elevation_m": 142.4388, "albedo": 0.1321, "nearest_park_distance_m": 240.2782, "park_area_within_500m": 58049.8971, "nearest_stream_distance_m": 1608.2913, "est_population_density": 0.0, "dong_elderly_ratio": 0.2207, "dong_avg_age": 45.011, "dong_pop_density": 20164.1478, "nearest_shelter_distance_m": 406.4647, "shelter_count_within_500m": 2.3663, "est_population": 0.0, "est_elderly": 0.0, "shelter_capacity_within_500m": 350.0, "building_form_group": "no_building", "dong_name": "미성동", "top1_feature": "built_surface_ratio", "top1_shap": -1.4254, "top2_feature": "impervious_ratio", "top2_shap": -1.235, "top3_feature": "green_ratio", "top3_shap": -0.8589, "priority_score": 34.3785, "priority_rank": 427 }, "geometry": { "type": "Polygon", "coordinates": [ [ [ 126.911961993167168, 37.466751680094823 ], [ 126.914788963691862, 37.466765714453523 ], [ 126.9148065275931, 37.464512402485937 ], [ 126.913154801303477, 37.464504211201636 ], [ 126.913238739999983, 37.46461899 ], [ 126.91329038, 37.46470434 ], [ 126.913533110000017, 37.46511588 ], [ 126.913686819999981, 37.46537588 ], [ 126.91368716, 37.46537926 ], [ 126.91369188, 37.46542629 ], [ 126.9135451, 37.46542702 ], [ 126.91306653, 37.46566825 ], [ 126.912551420000014, 37.46574304 ], [ 126.912378710000013, 37.46587637 ], [ 126.91237949, 37.46625028 ], [ 126.911963493704491, 37.466560108051155 ], [ 126.911961993167168, 37.466751680094823 ] ] ] } },
{ "type": "Feature", "properties": { "display_grid_id": "11620_00235", "gu_code": 11620, "gu_name": "관악구", "source_cell_count": 13, "area_m2": 62500.0, "mean_actual_lst": 33.203, "mean_actual_anomaly": -2.9672, "seoul_anomaly": -4.0799, "pred_anomaly": -4.3843, "pred_anomaly_std": 0.7693, "green_delta_c": -0.6563, "building_ratio": 0.0171, "green_ratio": 0.7329, "ndvi": 0.5022, "impervious_ratio": 0.1028, "built_surface_ratio": 0.1028, "avg_ground_floor_count": 1.2696, "elevation_m": 113.0836, "albedo": 0.1486, "nearest_park_distance_m": 168.7856, "park_area_within_500m": 69565.0344, "nearest_stream_distance_m": 1618.4608, "est_population_density": 1391.2, "dong_elderly_ratio": 0.2227, "dong_avg_age": 44.916, "dong_pop_density": 18163.716, "nearest_shelter_distance_m": 257.1824, "shelter_count_within_500m": 4.08, "est_population": 87.0, "est_elderly": 19.4, "shelter_capacity_within_500m": 679.8, "building_form_group": "no_building", "dong_name": "난향동", "top1_feature": "green_ratio", "top1_shap": -1.0929, "top2_feature": "built_surface_ratio", "top2_shap": -0.9022, "top3_feature": "impervious_ratio", "top3_shap": -0.6583, "priority_score": 45.7978, "priority_rank": 327 }, "geometry": { "type": "Polygon", "coordinates": [ [ [ 126.9148065275931, 37.464512402485937 ], [ 126.914788963691862, 37.466765714453523 ], [ 126.917615936172254, 37.466779681186736 ], [ 126.917633415239479, 37.464526368088642 ], [ 126.9148065275931, 37.464512402485937 ] ] ] } },
{ "type": "Feature", "properties": { "display_grid_id": "11620_00236", "gu_code": 11620, "gu_name": "관악구", "source_cell_count": 14, "area_m2": 62500.0, "mean_actual_lst": 38.153, "mean_actual_anomaly": 2.336, "seoul_anomaly": 1.2233, "pred_anomaly": 1.1644, "pred_anomaly_std": 0.9439, "green_delta_c": -0.7241, "building_ratio": 0.2673, "green_ratio": 0.3651, "ndvi": 0.2387, "impervious_ratio": 0.3709, "built_surface_ratio": 0.3709, "avg_ground_floor_count": 2.8777, "elevation_m": 62.2848, "albedo": 0.1264, "nearest_park_distance_m": 232.3388, "park_area_within_500m": 58423.3212, "nearest_stream_distance_m": 1463.1408, "est_population_density": 22336.8, "dong_elderly_ratio": 0.224, "dong_avg_age": 45.38, "dong_pop_density": 20687.5, "nearest_shelter_distance_m": 133.3572, "shelter_count_within_500m": 5.04, "est_population": 1396.1, "est_elderly": 312.2, "shelter_capacity_within_500m": 833.5, "building_form_group": "low_floor_high_density", "dong_name": "난향동", "top1_feature": "built_surface_ratio", "top1_shap": 0.434, "top2_feature": "impervious_ratio", "top2_shap": 0.4571, "top3_feature": "green_ratio", "top3_shap": -0.3783, "priority_score": 60.0557, "priority_rank": 166 }, "geometry": { "type": "Polygon", "coordinates": [ [ [ 126.917633415239479, 37.464526368088642 ], [ 126.917615936172254, 37.466779681186736 ], [ 126.920442910598922, 37.466793580294301 ], [ 126.920460304831877, 37.464540266071168 ], [ 126.917633415239479, 37.464526368088642 ] ] ] } },
{ "type": "Feature", "properties": { "display_grid_id": "11620_00237", "gu_code": 11620, "gu_name": "관악구", "source_cell_count": 15, "area_m2": 62500.0, "mean_actual_lst": 34.7759, "mean_actual_anomaly": -0.94, "seoul_anomaly": -2.0527, "pred_anomaly": -1.7237, "pred_anomaly_std": 0.8692, "green_delta_c": -0.7435, "building_ratio": 0.136, "green_ratio": 0.5584, "ndvi": 0.3037, "impervious_ratio": 0.1827, "built_surface_ratio": 0.1827, "avg_ground_floor_count": 2.1928, "elevation_m": 81.3229, "albedo": 0.1022, "nearest_park_distance_m": 342.3124, "park_area_within_500m": 26611.2596, "nearest_stream_distance_m": 1259.3288, "est_population_density": 11654.4, "dong_elderly_ratio": 0.2256, "dong_avg_age": 46.22, "dong_pop_density": 25693.9, "nearest_shelter_distance_m": 209.3628, "shelter_count_within_500m": 6.08, "est_population": 728.4, "est_elderly": 164.6, "shelter_capacity_within_500m": 958.0, "building_form_group": "no_building", "dong_name": "난곡동", "top1_feature": "built_surface_ratio", "top1_shap": -0.4056, "top2_feature": "green_ratio", "top2_shap": -0.7146, "top3_feature": "impervious_ratio", "top3_shap": -0.3229, "priority_score": 54.833, "priority_rank": 225 }, "geometry": { "type": "Polygon", "coordinates": [ [ [ 126.920460304831877, 37.464540266071168 ], [ 126.920442910598922, 37.466793580294301 ], [ 126.923269886962402, 37.466807411776095 ], [ 126.923287196360874, 37.464554096433382 ], [ 126.920460304831877, 37.464540266071168 ] ] ] } },
{ "type": "Feature", "properties": { "display_grid_id": "11620_00238", "gu_code": 11620, "gu_name": "관악구", "source_cell_count": 12, "area_m2": 62500.0, "mean_actual_lst": 35.271, "mean_actual_anomaly": -1.1698, "seoul_anomaly": -2.2825, "pred_anomaly": -2.0056, "pred_anomaly_std": 0.8908, "green_delta_c": -0.738, "building_ratio": 0.0551, "green_ratio": 0.5954, "ndvi": 0.4017, "impervious_ratio": 0.1976, "built_surface_ratio": 0.1976, "avg_ground_floor_count": 0.6888, "elevation_m": 103.8132, "albedo": 0.131, "nearest_park_distance_m": 196.132, "park_area_within_500m": 68400.4168, "nearest_stream_distance_m": 1052.942, "est_population_density": 1248.4, "dong_elderly_ratio": 0.277, "dong_avg_age": 49.424, "dong_pop_density": 10669.948, "nearest_shelter_distance_m": 250.5944, "shelter_count_within_500m": 5.44, "est_population": 78.0, "est_elderly": 22.3, "shelter_capacity_within_500m": 819.2, "building_form_group": "low_floor_low_density", "dong_name": "삼성동", "top1_feature": "green_ratio", "top1_shap": -0.8387, "top2_feature": "ndvi", "top2_shap": -0.5053, "top3_feature": "built_surface_ratio", "top3_shap": -0.1648, "priority_score": 51.846, "priority_rank": 258 }, "geometry": { "type": "Polygon", "coordinates": [ [ [ 126.923287196360874, 37.464554096433382 ], [ 126.923269886962402, 37.466807411776095 ], [ 126.926096865253243, 37.466821175631949 ], [ 126.926114089816977, 37.464567859175148 ], [ 126.923287196360874, 37.464554096433382 ] ] ] } },
{ "type": "Feature", "properties": { "display_grid_id": "11620_00239", "gu_code": 11620, "gu_name": "관악구", "source_cell_count": 11, "area_m2": 62500.0, "mean_actual_lst": 36.0647, "mean_actual_anomaly": -0.0075, "seoul_anomaly": -1.1202, "pred_anomaly": -0.8281, "pred_anomaly_std": 0.8644, "green_delta_c": -0.4862, "building_ratio": 0.0929, "green_ratio": 0.413, "ndvi": 0.3136, "impervious_ratio": 0.3581, "built_surface_ratio": 0.3581, "avg_ground_floor_count": 11.6754, "elevation_m": 83.3885, "albedo": 0.1207, "nearest_park_distance_m": 33.1848, "park_area_within_500m": 174124.7088, "nearest_stream_distance_m": 885.8172, "est_population_density": 19912.4, "dong_elderly_ratio": 0.2867, "dong_avg_age": 50.0, "dong_pop_density": 7603.9, "nearest_shelter_distance_m": 95.3176, "shelter_count_within_500m": 7.28, "est_population": 1244.5, "est_elderly": 356.8, "shelter_capacity_within_500m": 837.3, "building_form_group": "high_floor_low_density", "dong_name": "삼성동", "top1_feature": "built_surface_ratio", "top1_shap": 0.2318, "top2_feature": "avg_ground_floor_count", "top2_shap": -0.373, "top3_feature": "impervious_ratio", "top3_shap": 0.2702, "priority_score": 47.8108, "priority_rank": 304 }, "geometry": { "type": "Polygon", "coordinates": [ [ [ 126.926114089816977, 37.464567859175148 ], [ 126.926096865253243, 37.466821175631949 ], [ 126.928923845461995, 37.466834871861735 ], [ 126.928940985190806, 37.464581554296316 ], [ 126.926114089816977, 37.464567859175148 ] ] ] } },
{ "type": "Feature", "properties": { "display_grid_id": "11620_00240", "gu_code": 11620, "gu_name": "관악구", "source_cell_count": 12, "area_m2": 62500.0, "mean_actual_lst": 39.5266, "mean_actual_anomaly": 3.5445, "seoul_anomaly": 2.4319, "pred_anomaly": 2.3656, "pred_anomaly_std": 0.914, "green_delta_c": -0.6387, "building_ratio": 0.0936, "green_ratio": 0.2801, "ndvi": 0.1476, "impervious_ratio": 0.4707, "built_surface_ratio": 0.4707, "avg_ground_floor_count": 2.4753, "elevation_m": 65.8859, "albedo": 0.1472, "nearest_park_distance_m": 9.754, "park_area_within_500m": 227710.9116, "nearest_stream_distance_m": 735.4096, "est_population_density": 8008.4, "dong_elderly_ratio": 0.2744, "dong_avg_age": 49.272, "dong_pop_density": 7230.868, "nearest_shelter_distance_m": 100.686, "shelter_count_within_500m": 7.0, "est_population": 500.5, "est_elderly": 136.4, "shelter_capacity_within_500m": 763.5, "building_form_group": "low_floor_low_density", "dong_name": "삼성동", "top1_feature": "built_surface_ratio", "top1_shap": 0.6758, "top2_feature": "impervious_ratio", "top2_shap": 0.6722, "top3_feature": "ndvi", "top3_shap": 0.4659, "priority_score": 55.9972, "priority_rank": 212 }, "geometry": { "type": "Polygon", "coordinates": [ [ [ 126.928940985190806, 37.464581554296316 ], [ 126.928923845461995, 37.466834871861735 ], [ 126.931750827579222, 37.466848500465311 ], [ 126.931767882472897, 37.464595181796746 ], [ 126.928940985190806, 37.464581554296316 ] ] ] } },
{ "type": "Feature", "properties": { "display_grid_id": "11620_00241", "gu_code": 11620, "gu_name": "관악구", "source_cell_count": 9, "area_m2": 62500.0, "mean_actual_lst": 38.8626, "mean_actual_anomaly": 2.8914, "seoul_anomaly": 1.7787, "pred_anomaly": 2.0285, "pred_anomaly_std": 1.003, "green_delta_c": -0.7193, "building_ratio": 0.3168, "green_ratio": 0.3315, "ndvi": 0.2122, "impervious_ratio": 0.2875, "built_surface_ratio": 0.2875, "avg_ground_floor_count": 2.8686, "elevation_m": 88.7152, "albedo": 0.1048, "nearest_park_distance_m": 157.2956, "park_area_within_500m": 229907.3044, "nearest_stream_distance_m": 637.2904, "est_population_density": 25840.4, "dong_elderly_ratio": 0.1763, "dong_avg_age": 43.448, "dong_pop_density": 4246.612, "nearest_shelter_distance_m": 97.8708, "shelter_count_within_500m": 6.6, "est_population": 1615.0, "est_elderly": 292.8, "shelter_capacity_within_500m": 2163.0, "building_form_group": "low_floor_high_density", "dong_name": "대학동", "top1_feature": "ndvi", "top1_shap": 0.1276, "top2_feature": "building_ratio", "top2_shap": 0.4149, "top3_feature": "built_surface_ratio", "top3_shap": 0.4018, "priority_score": 58.256, "priority_rank": 184 }, "geometry": { "type": "Polygon", "coordinates": [ [ [ 126.931767882472897, 37.464595181796746 ], [ 126.931750827579222, 37.466848500465311 ], [ 126.934577811595489, 37.466862061442548 ], [ 126.934594781653772, 37.464608741676301 ], [ 126.931767882472897, 37.464595181796746 ] ] ] } },
{ "type": "Feature", "properties": { "display_grid_id": "11620_00242", "gu_code": 11620, "gu_name": "관악구", "source_cell_count": 12, "area_m2": 62500.0, "mean_actual_lst": 40.5995, "mean_actual_anomaly": 4.4861, "seoul_anomaly": 3.3734, "pred_anomaly": 3.5973, "pred_anomaly_std": 1.0325, "green_delta_c": -0.9971, "building_ratio": 0.4322, "green_ratio": 0.2756, "ndvi": 0.1132, "impervious_ratio": 0.1928, "built_surface_ratio": 0.1928, "avg_ground_floor_count": 3.904, "elevation_m": 91.209, "albedo": 0.1013, "nearest_park_distance_m": 305.452, "park_area_within_500m": 137753.2448, "nearest_stream_distance_m": 580.8504, "est_population_density": 43618.4, "dong_elderly_ratio": 0.1334, "dong_avg_age": 40.9, "dong_pop_density": 2941.0, "nearest_shelter_distance_m": 150.662, "shelter_count_within_500m": 5.28, "est_population": 2726.2, "est_elderly": 363.6, "shelter_capacity_within_500m": 2435.0, "building_form_group": "low_floor_high_density", "dong_name": "대학동", "top1_feature": "building_ratio", "top1_shap": 0.9613, "top2_feature": "ndvi", "top2_shap": 0.7221, "top3_feature": "built_surface_ratio", "top3_shap": 0.3102, "priority_score": 70.5102, "priority_rank": 70 }, "geometry": { "type": "Polygon", "coordinates": [ [ [ 126.934594781653772, 37.464608741676301 ], [ 126.934577811595489, 37.466862061442548 ], [ 126.937404797501344, 37.466875554793269 ], [ 126.937421682724022, 37.464622233934833 ], [ 126.934594781653772, 37.464608741676301 ] ] ] } },
{ "type": "Feature", "properties": { "display_grid_id": "11620_00243", "gu_code": 11620, "gu_name": "관악구", "source_cell_count": 12, "area_m2": 62500.0, "mean_actual_lst": 38.5088, "mean_actual_anomaly": 2.3812, "seoul_anomaly": 1.2686, "pred_anomaly": 2.9662, "pred_anomaly_std": 0.9467, "green_delta_c": -0.6329, "building_ratio": 0.3766, "green_ratio": 0.3037, "ndvi": 0.1345, "impervious_ratio": 0.2706, "built_surface_ratio": 0.2706, "avg_ground_floor_count": 3.7171, "elevation_m": 89.3609, "albedo": 0.1023, "nearest_park_distance_m": 279.4696, "park_area_within_500m": 101827.492, "nearest_stream_distance_m": 548.2808, "est_population_density": 36692.0, "dong_elderly_ratio": 0.1334, "dong_avg_age": 40.9, "dong_pop_density": 2941.0, "nearest_shelter_distance_m": 202.7452, "shelter_count_within_500m": 2.64, "est_population": 2293.2, "est_elderly": 305.8, "shelter_capacity_within_500m": 5494.0, "building_form_group": "low_floor_high_density", "dong_name": "대학동", "top1_feature": "building_ratio", "top1_shap": 0.6334, "top2_feature": "ndvi", "top2_shap": 0.4475, "top3_feature": "built_surface_ratio", "top3_shap": 0.373, "priority_score": 59.6428, "priority_rank": 168 }, "geometry": { "type": "Polygon", "coordinates": [ [ [ 126.937421682724022, 37.464622233934833 ], [ 126.937404797501344, 37.466875554793269 ], [ 126.940231785287338, 37.466888980517375 ], [ 126.940248585674183, 37.464635658572206 ], [ 126.937421682724022, 37.464622233934833 ] ] ] } },
{ "type": "Feature", "properties": { "display_grid_id": "11620_00244", "gu_code": 11620, "gu_name": "관악구", "source_cell_count": 11, "area_m2": 62500.0, "mean_actual_lst": 33.1847, "mean_actual_anomaly": -3.0254, "seoul_anomaly": -4.138, "pred_anomaly": -3.4165, "pred_anomaly_std": 0.7651, "green_delta_c": -0.8963, "building_ratio": 0.036, "green_ratio": 0.6993, "ndvi": 0.4466, "impervious_ratio": 0.0928, "built_surface_ratio": 0.0928, "avg_ground_floor_count": 4.6196, "elevation_m": 112.5134, "albedo": 0.1043, "nearest_park_distance_m": 253.4904, "park_area_within_500m": 76558.244, "nearest_stream_distance_m": 480.7348, "est_population_density": 11158.4, "dong_elderly_ratio": 0.1334, "dong_avg_age": 40.9, "dong_pop_density": 2941.0, "nearest_shelter_distance_m": 180.2752, "shelter_count_within_500m": 2.8, "est_population": 697.4, "est_elderly": 93.1, "shelter_capacity_within_500m": 30241.3, "building_form_group": "no_building", "dong_name": "대학동", "top1_feature": "built_surface_ratio", "top1_shap": -0.9373, "top2_feature": "green_ratio", "top2_shap": -0.7846, "top3_feature": "impervious_ratio", "top3_shap": -0.6289, "priority_score": 51.5492, "priority_rank": 264 }, "geometry": { "type": "Polygon", "coordinates": [ [ [ 126.940248585674183, 37.464635658572206 ], [ 126.940231785287338, 37.466888980517375 ], [ 126.943058774944006, 37.466902338614702 ], [ 126.94307549049482, 37.464649015588286 ], [ 126.940248585674183, 37.464635658572206 ] ] ] } },
{ "type": "Feature", "properties": { "display_grid_id": "11620_00245", "gu_code": 11620, "gu_name": "관악구", "source_cell_count": 9, "area_m2": 62500.0, "mean_actual_lst": 32.8261, "mean_actual_anomaly": -3.4313, "seoul_anomaly": -4.544, "pred_anomaly": -3.9143, "pred_anomaly_std": 0.6406, "green_delta_c": -1.142, "building_ratio": 0.0204, "green_ratio": 0.776, "ndvi": 0.5281, "impervious_ratio": 0.057, "built_surface_ratio": 0.057, "avg_ground_floor_count": 3.5975, "elevation_m": 104.4267, "albedo": 0.0984, "nearest_park_distance_m": 293.832, "park_area_within_500m": 36181.324, "nearest_stream_distance_m": 292.5452, "est_population_density": 4968.0, "dong_elderly_ratio": 0.1334, "dong_avg_age": 40.9, "dong_pop_density": 2941.0, "nearest_shelter_distance_m": 191.3576, "shelter_count_within_500m": 2.0, "est_population": 310.5, "est_elderly": 41.4, "shelter_capacity_within_500m": 30181.2, "building_form_group": "no_building", "dong_name": "대학동", "top1_feature": "built_surface_ratio", "top1_shap": -1.2855, "top2_feature": "impervious_ratio", "top2_shap": -1.0149, "top3_feature": "green_ratio", "top3_shap": -0.7209, "priority_score": 51.1503, "priority_rank": 271 }, "geometry": { "type": "Polygon", "coordinates": [ [ [ 126.94307549049482, 37.464649015588286 ], [ 126.943058774944006, 37.466902338614702 ], [ 126.945885766461956, 37.466915629085136 ], [ 126.945902397176496, 37.46466230498293 ], [ 126.94307549049482, 37.464649015588286 ] ] ] } },
{ "type": "Feature", "properties": { "display_grid_id": "11620_00246", "gu_code": 11620, "gu_name": "관악구", "source_cell_count": 12, "area_m2": 62500.0, "mean_actual_lst": 35.1868, "mean_actual_anomaly": -1.2213, "seoul_anomaly": -2.3339, "pred_anomaly": -2.3071, "pred_anomaly_std": 0.6969, "green_delta_c": -1.1493, "building_ratio": 0.0111, "green_ratio": 0.6718, "ndvi": 0.469, "impervious_ratio": 0.175, "built_surface_ratio": 0.175, "avg_ground_floor_count": 0.24, "elevation_m": 82.8189, "albedo": 0.1193, "nearest_park_distance_m": 403.0284, "park_area_within_500m": 6131.668, "nearest_stream_distance_m": 77.7608, "est_population_density": 71.2, "dong_elderly_ratio": 0.1334, "dong_avg_age": 40.9, "dong_pop_density": 2941.0, "nearest_shelter_distance_m": 307.9736, "shelter_count_within_500m": 1.72, "est_population": 4.5, "est_elderly": 0.6, "shelter_capacity_within_500m": 30132.3, "building_form_group": "no_building", "dong_name": "대학동", "top1_feature": "built_surface_ratio", "top1_shap": -0.6027, "top2_feature": "impervious_ratio", "top2_shap": -0.4284, "top3_feature": "green_ratio", "top3_shap": -0.645, "priority_score": 56.3822, "priority_rank": 208 }, "geometry": { "type": "Polygon", "coordinates": [ [ [ 126.945902397176496, 37.46466230498293 ], [ 126.945885766461956, 37.466915629085136 ], [ 126.948712759831679, 37.4669288519285 ], [ 126.948729305709747, 37.464675526755997 ], [ 126.945902397176496, 37.46466230498293 ] ] ] } },
{ "type": "Feature", "properties": { "display_grid_id": "11620_00247", "gu_code": 11620, "gu_name": "관악구", "source_cell_count": 12, "area_m2": 62500.0, "mean_actual_lst": 39.919, "mean_actual_anomaly": 3.5944, "seoul_anomaly": 2.4818, "pred_anomaly": 2.0778, "pred_anomaly_std": 0.936, "green_delta_c": -0.7708, "building_ratio": 0.0472, "green_ratio": 0.3064, "ndvi": 0.2623, "impervious_ratio": 0.4932, "built_surface_ratio": 0.4932, "avg_ground_floor_count": 0.64, "elevation_m": 76.5025, "albedo": 0.145, "nearest_park_distance_m": 580.7468, "park_area_within_500m": 145.5744, "nearest_stream_distance_m": 170.4144, "est_population_density": 304.8, "dong_elderly_ratio": 0.1334, "dong_avg_age": 40.9, "dong_pop_density": 2941.0, "nearest_shelter_distance_m": 510.7048, "shelter_count_within_500m": 0.52, "est_population": 19.0, "est_elderly": 2.5, "shelter_capacity_within_500m": 15603.2, "building_form_group": "no_building", "dong_name": "대학동", "top1_feature": "impervious_ratio", "top1_shap": 0.8621, "top2_feature": "built_surface_ratio", "top2_shap": 0.8396, "top3_feature": "ndvi", "top3_shap": -0.1923, "priority_score": 63.91, "priority_rank": 117 }, "geometry": { "type": "Polygon", "coordinates": [ [ [ 126.948729305709747, 37.464675526755997 ], [ 126.948712759831679, 37.4669288519285 ], [ 126.951539755043783, 37.466942007144688 ], [ 126.951556216085137, 37.464688680907365 ], [ 126.948729305709747, 37.464675526755997 ] ] ] } },
{ "type": "Feature", "properties": { "display_grid_id": "11620_00248", "gu_code": 11620, "gu_name": "관악구", "source_cell_count": 11, "area_m2": 62500.0, "mean_actual_lst": 39.5881, "mean_actual_anomaly": 2.9592, "seoul_anomaly": 1.8466, "pred_anomaly": 3.1027, "pred_anomaly_std": 1.1511, "green_delta_c": -0.6974, "building_ratio": 0.2588, "green_ratio": 0.2429, "ndvi": 0.1591, "impervious_ratio": 0.511, "built_surface_ratio": 0.511, "avg_ground_floor_count": 1.0, "elevation_m": 94.4882, "albedo": 0.1319, "nearest_park_distance_m": 810.1908, "park_area_within_500m": 0.0, "nearest_stream_distance_m": 399.3116, "est_population_density": 923.2, "dong_elderly_ratio": 0.1334, "dong_avg_age": 40.9, "dong_pop_density": 2941.0, "nearest_shelter_distance_m": 734.9092, "shelter_count_within_500m": 0.0, "est_population": 57.7, "est_elderly": 7.6, "shelter_capacity_within_500m": 0.0, "building_form_group": "low_floor_low_density", "dong_name": "대학동", "top1_feature": "built_surface_ratio", "top1_shap": 0.7284, "top2_feature": "impervious_ratio", "top2_shap": 0.697, "top3_feature": "ndvi", "top3_shap": 0.313, "priority_score": 62.8896, "priority_rank": 125 }, "geometry": { "type": "Polygon", "coordinates": [ [ [ 126.951556216085137, 37.464688680907365 ], [ 126.951539755043783, 37.466942007144688 ], [ 126.954366752088802, 37.466955094733571 ], [ 126.954383128293244, 37.464701767436871 ], [ 126.951556216085137, 37.464688680907365 ] ] ] } },
{ "type": "Feature", "properties": { "display_grid_id": "11620_00249", "gu_code": 11620, "gu_name": "관악구", "source_cell_count": 14, "area_m2": 62500.0, "mean_actual_lst": 36.1386, "mean_actual_anomaly": -0.4926, "seoul_anomaly": -1.6052, "pred_anomaly": -1.2178, "pred_anomaly_std": 0.865, "green_delta_c": -0.579, "building_ratio": 0.0753, "green_ratio": 0.5618, "ndvi": 0.4016, "impervious_ratio": 0.2315, "built_surface_ratio": 0.2315, "avg_ground_floor_count": 0.76, "elevation_m": 108.2406, "albedo": 0.116, "nearest_park_distance_m": 841.0756, "park_area_within_500m": 0.0, "nearest_stream_distance_m": 307.746, "est_population_density": 41.6, "dong_elderly_ratio": 0.1092, "dong_avg_age": 37.316, "dong_pop_density": 7076.488, "nearest_shelter_distance_m": 658.2028, "shelter_count_within_500m": 0.0, "est_population": 2.6, "est_elderly": 0.3, "shelter_capacity_within_500m": 0.0, "building_form_group": "low_floor_low_density", "dong_name": "낙성대동", "top1_feature": "green_ratio", "top1_shap": -1.0282, "top2_feature": "ndvi", "top2_shap": -0.6071, "top3_feature": "built_surface_ratio", "top3_shap": 0.111, "priority_score": 48.5065, "priority_rank": 296 }, "geometry": { "type": "Polygon", "coordinates": [ [ [ 126.954383128293244, 37.464701767436871 ], [ 126.954366752088802, 37.466955094733571 ], [ 126.957193750957259, 37.466968114694986 ], [ 126.95721004232459, 37.464714786344409 ], [ 126.954383128293244, 37.464701767436871 ] ] ] } },
{ "type": "Feature", "properties": { "display_grid_id": "11620_00250", "gu_code": 11620, "gu_name": "관악구", "source_cell_count": 9, "area_m2": 62500.0, "mean_actual_lst": 36.7128, "mean_actual_anomaly": 0.491, "seoul_anomaly": -0.6217, "pred_anomaly": 1.6426, "pred_anomaly_std": 0.9623, "green_delta_c": -0.6632, "building_ratio": 0.163, "green_ratio": 0.2681, "ndvi": 0.2708, "impervious_ratio": 0.5427, "built_surface_ratio": 0.5427, "avg_ground_floor_count": 2.0378, "elevation_m": 93.9258, "albedo": 0.1089, "nearest_park_distance_m": 629.4264, "park_area_within_500m": 74.8088, "nearest_stream_distance_m": 76.4528, "est_population_density": 0.0, "dong_elderly_ratio": 0.0901, "dong_avg_age": 34.5, "dong_pop_density": 10325.8, "nearest_shelter_distance_m": 431.7376, "shelter_count_within_500m": 0.76, "est_population": 0.0, "est_elderly": 0.0, "shelter_capacity_within_500m": 19.0, "building_form_group": "low_floor_low_density", "dong_name": "낙성대동", "top1_feature": "built_surface_ratio", "top1_shap": 0.7452, "top2_feature": "impervious_ratio", "top2_shap": 0.7025, "top3_feature": "green_ratio", "top3_shap": 0.1661, "priority_score": 50.1623, "priority_rank": 280 }, "geometry": { "type": "Polygon", "coordinates": [ [ [ 126.95721004232459, 37.464714786344409 ], [ 126.957193750957259, 37.466968114694986 ], [ 126.960020751639775, 37.466981067028819 ], [ 126.960036958169738, 37.464727737629822 ], [ 126.95721004232459, 37.464714786344409 ] ] ] } },
{ "type": "Feature", "properties": { "display_grid_id": "11620_00251", "gu_code": 11620, "gu_name": "관악구", "source_cell_count": 12, "area_m2": 62500.0, "mean_actual_lst": 33.5034, "mean_actual_anomaly": -2.2744, "seoul_anomaly": -3.3871, "pred_anomaly": -2.4535, "pred_anomaly_std": 0.864, "green_delta_c": -0.5611, "building_ratio": 0.1205, "green_ratio": 0.6374, "ndvi": 0.4601, "impervious_ratio": 0.178, "built_surface_ratio": 0.178, "avg_ground_floor_count": 1.5693, "elevation_m": 119.2425, "albedo": 0.1019, "nearest_park_distance_m": 462.7472, "park_area_within_500m": 4823.4408, "nearest_stream_distance_m": 188.8328, "est_population_density": 0.0, "dong_elderly_ratio": 0.0901, "dong_avg_age": 34.5, "dong_pop_density": 10325.8, "nearest_shelter_distance_m": 280.0616, "shelter_count_within_500m": 1.64, "est_population": 0.0, "est_elderly": 0.0, "shelter_capacity_within_500m": 53.0, "building_form_group": "no_building", "dong_name": "낙성대동", "top1_feature": "green_ratio", "top1_shap": -0.8108, "top2_feature": "built_surface_ratio", "top2_shap": -0.5456, "top3_feature": "impervious_ratio", "top3_shap": -0.4625, "priority_score": 36.8321, "priority_rank": 402 }, "geometry": { "type": "Polygon", "coordinates": [ [ [ 126.960036958169738, 37.464727737629822 ], [ 126.960020751639775, 37.466981067028819 ], [ 126.962847754126841, 37.466993951734928 ], [ 126.962863875819281, 37.464740621292997 ], [ 126.960036958169738, 37.464727737629822 ] ] ] } },
{ "type": "Feature", "properties": { "display_grid_id": "11620_00252", "gu_code": 11620, "gu_name": "관악구", "source_cell_count": 12, "area_m2": 62500.0, "mean_actual_lst": 31.843, "mean_actual_anomaly": -4.335, "seoul_anomaly": -5.4476, "pred_anomaly": -4.8154, "pred_anomaly_std": 0.5409, "green_delta_c": -0.7942, "building_ratio": 0.0, "green_ratio": 0.828, "ndvi": 0.6118, "impervious_ratio": 0.0392, "built_surface_ratio": 0.0392, "avg_ground_floor_count": 0.0, "elevation_m": 150.7257, "albedo": 0.0903, "nearest_park_distance_m": 353.5196, "park_area_within_500m": 10296.9644, "nearest_stream_distance_m": 447.9272, "est_population_density": 0.0, "dong_elderly_ratio": 0.1177, "dong_avg_age": 37.164, "dong_pop_density": 15026.752, "nearest_shelter_distance_m": 290.7104, "shelter_count_within_500m": 2.4, "est_population": 0.0, "est_elderly": 0.0, "shelter_capacity_within_500m": 88.8, "building_form_group": "no_building", "dong_name": "낙성대동", "top1_feature": "built_surface_ratio", "top1_shap": -1.4694, "top2_feature": "impervious_ratio", "top2_shap": -1.2915, "top3_feature": "green_ratio", "top3_shap": -0.7255, "priority_score": 36.0714, "priority_rank": 406 }, "geometry": { "type": "Polygon", "coordinates": [ [ [ 126.962863875819281, 37.464740621292997 ], [ 126.962847754126841, 37.466993951734928 ], [ 126.965674758409051, 37.467006768813164 ], [ 126.965690795263697, 37.464753437333783 ], [ 126.962863875819281, 37.464740621292997 ] ] ] } },
{ "type": "Feature", "properties": { "display_grid_id": "11620_00253", "gu_code": 11620, "gu_name": "관악구", "source_cell_count": 10, "area_m2": 62500.0, "mean_actual_lst": 31.4123, "mean_actual_anomaly": -4.5333, "seoul_anomaly": -5.6459, "pred_anomaly": -4.8859, "pred_anomaly_std": 0.5189, "green_delta_c": -0.7378, "building_ratio": 0.0, "green_ratio": 0.8255, "ndvi": 0.5993, "impervious_ratio": 0.0394, "built_surface_ratio": 0.0394, "avg_ground_floor_count": 0.0, "elevation_m": 158.7447, "albedo": 0.0885, "nearest_park_distance_m": 378.9308, "park_area_within_500m": 7313.158, "nearest_stream_distance_m": 686.9168, "est_population_density": 0.0, "dong_elderly_ratio": 0.1667, "dong_avg_age": 41.9, "dong_pop_density": 23384.0, "nearest_shelter_distance_m": 348.52, "shelter_count_within_500m": 1.76, "est_population": 0.0, "est_elderly": 0.0, "shelter_capacity_within_500m": 63.7, "building_form_group": "no_building", "dong_name": "인헌동", "top1_feature": "built_surface_ratio", "top1_shap": -1.4434, "top2_feature": "impervious_ratio", "top2_shap": -1.2652, "top3_feature": "green_ratio", "top3_shap": -0.7353, "priority_score": 34.9119, "priority_rank": 421 }, "geometry": { "type": "Polygon", "coordinates": [ [ [ 126.965690795263697, 37.464753437333783 ], [ 126.965674758409051, 37.467006768813164 ], [ 126.968501764476912, 37.467019518263442 ], [ 126.968517716493636, 37.464766185752062 ], [ 126.965690795263697, 37.464753437333783 ] ] ] } },
{ "type": "Feature", "properties": { "display_grid_id": "11620_00254", "gu_code": 11620, "gu_name": "관악구", "source_cell_count": 14, "area_m2": 62500.0, "mean_actual_lst": 31.102, "mean_actual_anomaly": -4.6174, "seoul_anomaly": -5.73, "pred_anomaly": -5.0177, "pred_anomaly_std": 0.5223, "green_delta_c": -0.7106, "building_ratio": 0.0, "green_ratio": 0.8203, "ndvi": 0.599, "impervious_ratio": 0.0404, "built_surface_ratio": 0.0404, "avg_ground_floor_count": 0.0, "elevation_m": 187.7461, "albedo": 0.087, "nearest_park_distance_m": 537.28, "park_area_within_500m": 442.3584, "nearest_stream_distance_m": 945.1872, "est_population_density": 0.0, "dong_elderly_ratio": 0.1667, "dong_avg_age": 41.9, "dong_pop_density": 23384.0, "nearest_shelter_distance_m": 502.7036, "shelter_count_within_500m": 0.48, "est_population": 0.0, "est_elderly": 0.0, "shelter_capacity_within_500m": 15.0, "building_form_group": "no_building", "dong_name": "인헌동", "top1_feature": "built_surface_ratio", "top1_shap": -1.39, "top2_feature": "impervious_ratio", "top2_shap": -1.2069, "top3_feature": "green_ratio", "top3_shap": -0.7518, "priority_score": 34.7866, "priority_rank": 423 }, "geometry": { "type": "Polygon", "coordinates": [ [ [ 126.968517716493636, 37.464766185752062 ], [ 126.968501764476912, 37.467019518263442 ], [ 126.971328772321058, 37.467032200085583 ], [ 126.971344639499563, 37.46477886654769 ], [ 126.968517716493636, 37.464766185752062 ] ] ] } },
{ "type": "Feature", "properties": { "display_grid_id": "11620_00255", "gu_code": 11620, "gu_name": "관악구", "source_cell_count": 12, "area_m2": 62500.0, "mean_actual_lst": 31.041, "mean_actual_anomaly": -4.8446, "seoul_anomaly": -5.9573, "pred_anomaly": -5.2888, "pred_anomaly_std": 0.5166, "green_delta_c": -0.7108, "building_ratio": 0.0, "green_ratio": 0.8045, "ndvi": 0.5818, "impervious_ratio": 0.04, "built_surface_ratio": 0.04, "avg_ground_floor_count": 0.0, "elevation_m": 216.0456, "albedo": 0.0902, "nearest_park_distance_m": 623.4768, "park_area_within_500m": 0.0, "nearest_stream_distance_m": 1130.488, "est_population_density": 0.0, "dong_elderly_ratio": 0.1698, "dong_avg_age": 42.156, "dong_pop_density": 17610.368, "nearest_shelter_distance_m": 703.1348, "shelter_count_within_500m": 0.0, "est_population": 0.0, "est_elderly": 0.0, "shelter_capacity_within_500m": 0.0, "building_form_group": "no_building", "dong_name": "인헌동", "top1_feature": "built_surface_ratio", "top1_shap": -1.4079, "top2_feature": "impervious_ratio", "top2_shap": -1.2253, "top3_feature": "green_ratio", "top3_shap": -0.7567, "priority_score": 34.6985, "priority_rank": 424 }, "geometry": { "type": "Polygon", "coordinates": [ [ [ 126.971344639499563, 37.46477886654769 ], [ 126.971328772321058, 37.467032200085583 ], [ 126.974155781931969, 37.467044814279468 ], [ 126.974171564272098, 37.464791479720539 ], [ 126.971344639499563, 37.46477886654769 ] ] ] } },
{ "type": "Feature", "properties": { "display_grid_id": "11620_00256", "gu_code": 11620, "gu_name": "관악구", "source_cell_count": 13, "area_m2": 62500.0, "mean_actual_lst": 32.1131, "mean_actual_anomaly": -3.8153, "seoul_anomaly": -4.9279, "pred_anomaly": -5.0878, "pred_anomaly_std": 0.5722, "green_delta_c": -0.7789, "building_ratio": 0.0014, "green_ratio": 0.7681, "ndvi": 0.5558, "impervious_ratio": 0.051, "built_surface_ratio": 0.051, "avg_ground_floor_count": 0.08, "elevation_m": 215.0723, "albedo": 0.103, "nearest_park_distance_m": 694.648, "park_area_within_500m": 0.0, "nearest_stream_distance_m": 984.2084, "est_population_density": 0.0, "dong_elderly_ratio": 0.1763, "dong_avg_age": 42.7, "dong_pop_density": 5341.4, "nearest_shelter_distance_m": 866.2504, "shelter_count_within_500m": 0.0, "est_population": 0.0, "est_elderly": 0.0, "shelter_capacity_within_500m": 0.0, "building_form_group": "no_building", "dong_name": "남현동", "top1_feature": "built_surface_ratio", "top1_shap": -1.3314, "top2_feature": "impervious_ratio", "top2_shap": -1.1426, "top3_feature": "green_ratio", "top3_shap": -0.7177, "priority_score": 42.4814, "priority_rank": 358 }, "geometry": { "type": "Polygon", "coordinates": [ [ [ 126.974171564272098, 37.464791479720539 ], [ 126.974155781931969, 37.467044814279468 ], [ 126.976982793300252, 37.467057360844969 ], [ 126.976998490801776, 37.464804025270475 ], [ 126.974171564272098, 37.464791479720539 ] ] ] } },
{ "type": "Feature", "properties": { "display_grid_id": "11620_00257", "gu_code": 11620, "gu_name": "관악구", "source_cell_count": 11, "area_m2": 62500.0, "mean_actual_lst": 32.7424, "mean_actual_anomaly": -3.2577, "seoul_anomaly": -4.3704, "pred_anomaly": -4.8967, "pred_anomaly_std": 0.666, "green_delta_c": -0.9094, "building_ratio": 0.0021, "green_ratio": 0.7841, "ndvi": 0.5869, "impervious_ratio": 0.059, "built_surface_ratio": 0.059, "avg_ground_floor_count": 0.24, "elevation_m": 173.884, "albedo": 0.1046, "nearest_park_distance_m": 786.8144, "park_area_within_500m": 0.0, "nearest_stream_distance_m": 809.7276, "est_population_density": 0.0, "dong_elderly_ratio": 0.1763, "dong_avg_age": 42.7, "dong_pop_density": 5341.4, "nearest_shelter_distance_m": 800.9648, "shelter_count_within_500m": 0.0, "est_population": 0.0, "est_elderly": 0.0, "shelter_capacity_within_500m": 0.0, "building_form_group": "no_building", "dong_name": "남현동", "top1_feature": "built_surface_ratio", "top1_shap": -1.2958, "top2_feature": "impervious_ratio", "top2_shap": -1.1069, "top3_feature": "green_ratio", "top3_shap": -0.8298, "priority_score": 45.6262, "priority_rank": 330 }, "geometry": { "type": "Polygon", "coordinates": [ [ [ 126.976998490801776, 37.464804025270475 ], [ 126.976982793300252, 37.467057360844969 ], [ 126.979809806416426, 37.467069839781963 ], [ 126.979825419079162, 37.464816503197369 ], [ 126.976998490801776, 37.464804025270475 ] ] ] } },
{ "type": "Feature", "properties": { "display_grid_id": "11620_00258", "gu_code": 11620, "gu_name": "관악구", "source_cell_count": 14, "area_m2": 62500.0, "mean_actual_lst": 34.0752, "mean_actual_anomaly": -2.0826, "seoul_anomaly": -3.1952, "pred_anomaly": -3.9094, "pred_anomaly_std": 0.8103, "green_delta_c": -1.3163, "building_ratio": 0.0, "green_ratio": 0.774, "ndvi": 0.5781, "impervious_ratio": 0.0946, "built_surface_ratio": 0.0946, "avg_ground_floor_count": 0.0, "elevation_m": 147.5574, "albedo": 0.1177, "nearest_park_distance_m": 623.2196, "park_area_within_500m": 11.0752, "nearest_stream_distance_m": 668.4924, "est_population_density": 0.0, "dong_elderly_ratio": 0.1763, "dong_avg_age": 42.7, "dong_pop_density": 5341.4, "nearest_shelter_distance_m": 671.846, "shelter_count_within_500m": 0.0, "est_population": 0.0, "est_elderly": 0.0, "shelter_capacity_within_500m": 0.0, "building_form_group": "no_building", "dong_name": "남현동", "top1_feature": "built_surface_ratio", "top1_shap": -0.9299, "top2_feature": "green_ratio", "top2_shap": -0.9033, "top3_feature": "impervious_ratio", "top3_shap": -0.6479, "priority_score": 50.8303, "priority_rank": 274 }, "geometry": { "type": "Polygon", "coordinates": [ [ [ 126.979825419079162, 37.464816503197369 ], [ 126.979809806416426, 37.467069839781963 ], [ 126.982636821271058, 37.467082251090325 ], [ 126.982652349094778, 37.464828913501101 ], [ 126.979825419079162, 37.464816503197369 ] ] ] } },
{ "type": "Feature", "properties": { "display_grid_id": "11620_00259", "gu_code": 11620, "gu_name": "관악구", "source_cell_count": 11, "area_m2": 62500.0, "mean_actual_lst": 35.9809, "mean_actual_anomaly": -0.2807, "seoul_anomaly": -1.3934, "pred_anomaly": -1.5439, "pred_anomaly_std": 0.7116, "green_delta_c": -0.8138, "building_ratio": 0.0113, "green_ratio": 0.5717, "ndvi": 0.4808, "impervious_ratio": 0.2961, "built_surface_ratio": 0.2961, "avg_ground_floor_count": 0.32, "elevation_m": 102.4191, "albedo": 0.1228, "nearest_park_distance_m": 389.346, "park_area_within_500m": 32746.8448, "nearest_stream_distance_m": 611.5324, "est_population_density": 112.0, "dong_elderly_ratio": 0.1763, "dong_avg_age": 42.7, "dong_pop_density": 5341.4, "nearest_shelter_distance_m": 463.3516, "shelter_count_within_500m": 0.72, "est_population": 7.0, "est_elderly": 1.2, "shelter_capacity_within_500m": 31.5, "building_form_group": "no_building", "dong_name": "남현동", "top1_feature": "green_ratio", "top1_shap": -0.6458, "top2_feature": "impervious_ratio", "top2_shap": 0.097, "top3_feature": "built_surface_ratio", "top3_shap": -0.1014, "priority_score": 55.538, "priority_rank": 219 }, "geometry": { "type": "Polygon", "coordinates": [ [ [ 126.982652349094778, 37.464828913501101 ], [ 126.982636821271058, 37.467082251090325 ], [ 126.985463837854681, 37.467094594769911 ], [ 126.985479280839186, 37.464841256181536 ], [ 126.982652349094778, 37.464828913501101 ] ] ] } },
{ "type": "Feature", "properties": { "display_grid_id": "11620_00260", "gu_code": 11620, "gu_name": "관악구", "source_cell_count": 11, "area_m2": 52567.18, "mean_actual_lst": 39.6461, "mean_actual_anomaly": 3.3694, "seoul_anomaly": 2.2567, "pred_anomaly": 2.7898, "pred_anomaly_std": 0.863, "green_delta_c": -0.7151, "building_ratio": 0.1345, "green_ratio": 0.2309, "ndvi": 0.246, "impervious_ratio": 0.6387, "built_surface_ratio": 0.6387, "avg_ground_floor_count": 0.7349, "elevation_m": 63.6454, "albedo": 0.1212, "nearest_park_distance_m": 166.6201, "park_area_within_500m": 82660.7212, "nearest_stream_distance_m": 649.2402, "est_population_density": 3074.1591, "dong_elderly_ratio": 0.1763, "dong_avg_age": 42.7, "dong_pop_density": 5341.4, "nearest_shelter_distance_m": 237.7904, "shelter_count_within_500m": 1.0, "est_population": 161.6, "est_elderly": 28.5, "shelter_capacity_within_500m": 52.3, "building_form_group": "low_floor_low_density", "dong_name": "남현동", "top1_feature": "impervious_ratio", "top1_shap": 0.9504, "top2_feature": "built_surface_ratio", "top2_shap": 0.9408, "top3_feature": "green_ratio", "top3_shap": 0.3535, "priority_score": 62.3934, "priority_rank": 139 }, "geometry": { "type": "Polygon", "coordinates": [ [ [ 126.985479280839186, 37.464841256181536 ], [ 126.985463837854681, 37.467094594769911 ], [ 126.987323254858623, 37.467102676719705 ], [ 126.98737518, 37.46701765 ], [ 126.987416359999983, 37.46694474000001 ], [ 126.987464229999986, 37.46686168 ], [ 126.98750063, 37.46680115 ], [ 126.98750753, 37.46678933 ], [ 126.98751794, 37.46677159 ], [ 126.98753261, 37.46674653 ], [ 126.9875471, 37.46672259 ], [ 126.98757484, 37.46667501 ], [ 126.987585080000017, 37.46665756 ], [ 126.98760258, 37.46662744 ], [ 126.987620770000021, 37.466596180000018 ], [ 126.9876229, 37.4665928 ], [ 126.987628020000017, 37.46658436 ], [ 126.98763509, 37.46657197 ], [ 126.98763826, 37.46656577000001 ], [ 126.9876508, 37.46654354 ], [ 126.98767678, 37.46649737 ], [ 126.98768509, 37.46648273 ], [ 126.98769339, 37.46646808 ], [ 126.98770205000001, 37.46645428 ], [ 126.98770964, 37.4664419 ], [ 126.987719, 37.46642642 ], [ 126.987726080000016, 37.46641515 ], [ 126.98772784, 37.46641149 ], [ 126.98774534, 37.46637404 ], [ 126.987761950000021, 37.46633829 ], [ 126.98776865, 37.46632337 ], [ 126.98779463, 37.46626761 ], [ 126.98781671, 37.46622004000001 ], [ 126.98784199, 37.46616457 ], [ 126.98784816, 37.46615021 ], [ 126.98786725, 37.46610404 ], [ 126.987892159999987, 37.46604238 ], [ 126.98793033, 37.46594694 ], [ 126.98793422, 37.46593736 ], [ 126.98793599, 37.4659323 ], [ 126.98795119, 37.46587091 ], [ 126.98796373, 37.46582165 ], [ 126.98800209, 37.46567382 ], [ 126.9880256, 37.46558204 ], [ 126.98804133, 37.46551925 ], [ 126.988049279999984, 37.46548264 ], [ 126.98805458, 37.46545843 ], [ 126.98806113000002, 37.46542831 ], [ 126.98806395, 37.46541902 ], [ 126.98808093, 37.46533512 ], [ 126.98809065, 37.4652864 ], [ 126.988098600000015, 37.46524417 ], [ 126.988108150000016, 37.46519292 ], [ 126.98812035, 37.4651262 ], [ 126.98813378, 37.46505469 ], [ 126.9881398, 37.46502315 ], [ 126.98814545, 37.46499443 ], [ 126.98815447, 37.46494685 ], [ 126.9881573, 37.46493164 ], [ 126.98816065, 37.46490939 ], [ 126.988163660000012, 37.46487392 ], [ 126.988165484899341, 37.464852921765591 ], [ 126.985479280839186, 37.464841256181536 ] ] ] } },
{ "type": "Feature", "properties": { "display_grid_id": "11620_00261", "gu_code": 11620, "gu_name": "관악구", "source_cell_count": 8, "area_m2": 22186.63, "mean_actual_lst": 32.2758, "mean_actual_anomaly": -3.8807, "seoul_anomaly": -4.9934, "pred_anomaly": -4.6016, "pred_anomaly_std": 0.8074, "green_delta_c": -0.4263, "building_ratio": 0.0178, "green_ratio": 0.7476, "ndvi": 0.5217, "impervious_ratio": 0.1006, "built_surface_ratio": 0.1006, "avg_ground_floor_count": 0.4958, "elevation_m": 97.1518, "albedo": 0.1169, "nearest_park_distance_m": 580.9705, "park_area_within_500m": 513.4114, "nearest_stream_distance_m": 1734.7461, "est_population_density": 333.5342, "dong_elderly_ratio": 0.2182, "dong_avg_age": 45.1783, "dong_pop_density": 22342.1954, "nearest_shelter_distance_m": 304.8755, "shelter_count_within_500m": 5.8281, "est_population": 7.4, "est_elderly": 1.6, "shelter_capacity_within_500m": 400.0, "building_form_group": "no_building", "dong_name": "미성동", "top1_feature": "green_ratio", "top1_shap": -1.0525, "top2_feature": "built_surface_ratio", "top2_shap": -0.914, "top3_feature": "impervious_ratio", "top3_shap": -0.7055, "priority_score": 35.9555, "priority_rank": 408 }, "geometry": { "type": "Polygon", "coordinates": [ [ [ 126.911944342466981, 37.469004990057911 ], [ 126.911961993167168, 37.466751680094823 ], [ 126.911707970952733, 37.466750415702016 ], [ 126.91163738, 37.46680299 ], [ 126.91161503, 37.46702597 ], [ 126.91161209, 37.46711889 ], [ 126.91126225, 37.46752127 ], [ 126.91109068, 37.46772724 ], [ 126.91108421, 37.46781283 ], [ 126.91107954, 37.46787871 ], [ 126.911071370000016, 37.46791812 ], [ 126.91105431, 37.46800117 ], [ 126.911051650000019, 37.46801412 ], [ 126.911050410000016, 37.46802059 ], [ 126.911043829999983, 37.46805072 ], [ 126.91104294, 37.46805663 ], [ 126.911039740000021, 37.46808028 ], [ 126.91099892, 37.46810052 ], [ 126.91066678, 37.46830242 ], [ 126.91046476, 37.46842222 ], [ 126.909956009999988, 37.46876336 ], [ 126.90996852, 37.46878702 ], [ 126.90996851, 37.46879012 ], [ 126.910044670000019, 37.46891519 ], [ 126.910093678124213, 37.468995765423273 ], [ 126.911944342466981, 37.469004990057911 ] ] ] } },
{ "type": "Feature", "properties": { "display_grid_id": "11620_00262", "gu_code": 11620, "gu_name": "관악구", "source_cell_count": 15, "area_m2": 62500.0, "mean_actual_lst": 32.8218, "mean_actual_anomaly": -3.4383, "seoul_anomaly": -4.551, "pred_anomaly": -3.8436, "pred_anomaly_std": 0.8266, "green_delta_c": -0.6648, "building_ratio": 0.0498, "green_ratio": 0.7009, "ndvi": 0.4866, "impervious_ratio": 0.1469, "built_surface_ratio": 0.1469, "avg_ground_floor_count": 0.56, "elevation_m": 107.5851, "albedo": 0.1241, "nearest_park_distance_m": 466.5488, "park_area_within_500m": 9306.8952, "nearest_stream_distance_m": 1747.9816, "est_population_density": 1348.8, "dong_elderly_ratio": 0.2197, "dong_avg_age": 45.256, "dong_pop_density": 22606.676, "nearest_shelter_distance_m": 393.01, "shelter_count_within_500m": 3.28, "est_population": 84.3, "est_elderly": 18.5, "shelter_capacity_within_500m": 368.5, "building_form_group": "no_building", "dong_name": "미성동", "top1_feature": "green_ratio", "top1_shap": -1.2185, "top2_feature": "ndvi", "top2_shap": -0.6748, "top3_feature": "built_surface_ratio", "top3_shap": -0.548, "priority_score": 46.5585, "priority_rank": 316 }, "geometry": { "type": "Polygon", "coordinates": [ [ [ 126.911961993167168, 37.466751680094823 ], [ 126.911944342466981, 37.469004990057911 ], [ 126.914771397834926, 37.469019025552662 ], [ 126.914788963691862, 37.466765714453523 ], [ 126.911961993167168, 37.466751680094823 ] ] ] } },
{ "type": "Feature", "properties": { "display_grid_id": "11620_00263", "gu_code": 11620, "gu_name": "관악구", "source_cell_count": 15, "area_m2": 62500.0, "mean_actual_lst": 32.2602, "mean_actual_anomaly": -3.6145, "seoul_anomaly": -4.7271, "pred_anomaly": -4.9695, "pred_anomaly_std": 0.724, "green_delta_c": -0.5393, "building_ratio": 0.0255, "green_ratio": 0.7614, "ndvi": 0.4709, "impervious_ratio": 0.0644, "built_surface_ratio": 0.0644, "avg_ground_floor_count": 0.6724, "elevation_m": 106.6758, "albedo": 0.1289, "nearest_park_distance_m": 354.4352, "park_area_within_500m": 33175.7352, "nearest_stream_distance_m": 1596.0152, "est_population_density": 1278.4, "dong_elderly_ratio": 0.2254, "dong_avg_age": 46.296, "dong_pop_density": 26388.516, "nearest_shelter_distance_m": 309.2172, "shelter_count_within_500m": 4.96, "est_population": 79.9, "est_elderly": 18.1, "shelter_capacity_within_500m": 715.0, "building_form_group": "no_building", "dong_name": "난곡동", "top1_feature": "built_surface_ratio", "top1_shap": -1.3317, "top2_feature": "impervious_ratio", "top2_shap": -1.144, "top3_feature": "green_ratio", "top3_shap": -0.9036, "priority_score": 39.9768, "priority_rank": 376 }, "geometry": { "type": "Polygon", "coordinates": [ [ [ 126.914788963691862, 37.466765714453523 ], [ 126.914771397834926, 37.469019025552662 ], [ 126.91759845515881, 37.469032993416455 ], [ 126.917615936172254, 37.466779681186736 ], [ 126.914788963691862, 37.466765714453523 ] ] ] } },
{ "type": "Feature", "properties": { "display_grid_id": "11620_00264", "gu_code": 11620, "gu_name": "관악구", "source_cell_count": 10, "area_m2": 62500.0, "mean_actual_lst": 36.4065, "mean_actual_anomaly": 0.5075, "seoul_anomaly": -0.6052, "pred_anomaly": -1.2434, "pred_anomaly_std": 0.8663, "green_delta_c": -0.9201, "building_ratio": 0.1271, "green_ratio": 0.5312, "ndvi": 0.3231, "impervious_ratio": 0.2295, "built_surface_ratio": 0.2295, "avg_ground_floor_count": 3.7268, "elevation_m": 69.2387, "albedo": 0.128, "nearest_park_distance_m": 240.168, "park_area_within_500m": 36550.6672, "nearest_stream_distance_m": 1351.2636, "est_population_density": 12575.2, "dong_elderly_ratio": 0.226, "dong_avg_age": 46.4, "dong_pop_density": 26766.7, "nearest_shelter_distance_m": 205.6424, "shelter_count_within_500m": 7.0, "est_population": 785.9, "est_elderly": 177.6, "shelter_capacity_within_500m": 1194.2, "building_form_group": "no_building", "dong_name": "난곡동", "top1_feature": "green_ratio", "top1_shap": -0.7042, "top2_feature": "built_surface_ratio", "top2_shap": -0.2497, "top3_feature": "impervious_ratio", "top3_shap": -0.0311, "priority_score": 60.1299, "priority_rank": 163 }, "geometry": { "type": "Polygon", "coordinates": [ [ [ 126.917615936172254, 37.466779681186736 ], [ 126.91759845515881, 37.469032993416455 ], [ 126.920425514429169, 37.469046893649129 ], [ 126.920442910598922, 37.466793580294301 ], [ 126.917615936172254, 37.466779681186736 ] ] ] } },
{ "type": "Feature", "properties": { "display_grid_id": "11620_00265", "gu_code": 11620, "gu_name": "관악구", "source_cell_count": 10, "area_m2": 62500.0, "mean_actual_lst": 40.3927, "mean_actual_anomaly": 4.5105, "seoul_anomaly": 3.3978, "pred_anomaly": 3.4234, "pred_anomaly_std": 0.7361, "green_delta_c": -0.7494, "building_ratio": 0.444, "green_ratio": 0.2554, "ndvi": 0.1198, "impervious_ratio": 0.3513, "built_surface_ratio": 0.3513, "avg_ground_floor_count": 2.7564, "elevation_m": 52.5476, "albedo": 0.1033, "nearest_park_distance_m": 226.6704, "park_area_within_500m": 26573.7992, "nearest_stream_distance_m": 1130.7844, "est_population_density": 34364.0, "dong_elderly_ratio": 0.226, "dong_avg_age": 46.4, "dong_pop_density": 26766.7, "nearest_shelter_distance_m": 225.0496, "shelter_count_within_500m": 6.6, "est_population": 2147.7, "est_elderly": 485.3, "shelter_capacity_within_500m": 1209.2, "building_form_group": "low_floor_high_density", "dong_name": "난곡동", "top1_feature": "building_ratio", "top1_shap": 0.7431, "top2_feature": "built_surface_ratio", "top2_shap": 0.5574, "top3_feature": "ndvi", "top3_shap": 0.4685, "priority_score": 74.0074, "priority_rank": 46 }, "geometry": { "type": "Polygon", "coordinates": [ [ [ 126.920442910598922, 37.466793580294301 ], [ 126.920425514429169, 37.469046893649129 ], [ 126.923252575636553, 37.469060726250547 ], [ 126.923269886962402, 37.466807411776095 ], [ 126.920442910598922, 37.466793580294301 ] ] ] } },
{ "type": "Feature", "properties": { "display_grid_id": "11620_00266", "gu_code": 11620, "gu_name": "관악구", "source_cell_count": 16, "area_m2": 62500.0, "mean_actual_lst": 36.1878, "mean_actual_anomaly": 0.3095, "seoul_anomaly": -0.8031, "pred_anomaly": 0.4636, "pred_anomaly_std": 0.8819, "green_delta_c": -0.4965, "building_ratio": 0.2338, "green_ratio": 0.4086, "ndvi": 0.2594, "impervious_ratio": 0.3046, "built_surface_ratio": 0.3046, "avg_ground_floor_count": 1.9866, "elevation_m": 90.9446, "albedo": 0.1031, "nearest_park_distance_m": 257.2732, "park_area_within_500m": 97170.6712, "nearest_stream_distance_m": 901.0276, "est_population_density": 15762.4, "dong_elderly_ratio": 0.2454, "dong_avg_age": 47.552, "dong_pop_density": 20634.604, "nearest_shelter_distance_m": 227.9484, "shelter_count_within_500m": 5.96, "est_population": 985.2, "est_elderly": 222.6, "shelter_capacity_within_500m": 934.3, "building_form_group": "low_floor_high_density", "dong_name": "난곡동", "top1_feature": "green_ratio", "top1_shap": -0.5105, "top2_feature": "ndvi", "top2_shap": -0.1709, "top3_feature": "building_ratio", "top3_shap": 0.3013, "priority_score": 50.77, "priority_rank": 275 }, "geometry": { "type": "Polygon", "coordinates": [ [ [ 126.923269886962402, 37.466807411776095 ], [ 126.923252575636553, 37.469060726250547 ], [ 126.926079638771569, 37.469074491220567 ], [ 126.926096865253243, 37.466821175631949 ], [ 126.923269886962402, 37.466807411776095 ] ] ] } },
{ "type": "Feature", "properties": { "display_grid_id": "11620_00267", "gu_code": 11620, "gu_name": "관악구", "source_cell_count": 10, "area_m2": 62500.0, "mean_actual_lst": 34.946, "mean_actual_anomaly": -1.4418, "seoul_anomaly": -2.5544, "pred_anomaly": -1.1289, "pred_anomaly_std": 0.8051, "green_delta_c": -0.5617, "building_ratio": 0.0734, "green_ratio": 0.5337, "ndvi": 0.404, "impervious_ratio": 0.3132, "built_surface_ratio": 0.3132, "avg_ground_floor_count": 1.109, "elevation_m": 85.6384, "albedo": 0.1362, "nearest_park_distance_m": 75.9732, "park_area_within_500m": 218426.0216, "nearest_stream_distance_m": 703.1356, "est_population_density": 3588.8, "dong_elderly_ratio": 0.2843, "dong_avg_age": 49.856, "dong_pop_density": 8370.412, "nearest_shelter_distance_m": 201.7396, "shelter_count_within_500m": 6.6, "est_population": 224.3, "est_elderly": 64.3, "shelter_capacity_within_500m": 923.2, "building_form_group": "low_floor_low_density", "dong_name": "삼성동", "top1_feature": "green_ratio", "top1_shap": -0.8318, "top2_feature": "ndvi", "top2_shap": -0.7657, "top3_feature": "impervious_ratio", "top3_shap": 0.2574, "priority_score": 45.8071, "priority_rank": 326 }, "geometry": { "type": "Polygon", "coordinates": [ [ [ 126.926096865253243, 37.466821175631949 ], [ 126.926079638771569, 37.469074491220567 ], [ 126.928906703824708, 37.469088188559041 ], [ 126.928923845461995, 37.466834871861735 ], [ 126.926096865253243, 37.466821175631949 ] ] ] } },
{ "type": "Feature", "properties": { "display_grid_id": "11620_00268", "gu_code": 11620, "gu_name": "관악구", "source_cell_count": 13, "area_m2": 62500.0, "mean_actual_lst": 42.9771, "mean_actual_anomaly": 6.8492, "seoul_anomaly": 5.7365, "pred_anomaly": 4.5517, "pred_anomaly_std": 1.0101, "green_delta_c": -0.7614, "building_ratio": 0.4235, "green_ratio": 0.2221, "ndvi": 0.145, "impervious_ratio": 0.572, "built_surface_ratio": 0.572, "avg_ground_floor_count": 1.1711, "elevation_m": 56.246, "albedo": 0.1264, "nearest_park_distance_m": 1.4416, "park_area_within_500m": 311443.912, "nearest_stream_distance_m": 521.4032, "est_population_density": 12762.0, "dong_elderly_ratio": 0.2744, "dong_avg_age": 49.272, "dong_pop_density": 7230.868, "nearest_shelter_distance_m": 161.1472, "shelter_count_within_500m": 7.76, "est_population": 797.6, "est_elderly": 222.9, "shelter_capacity_within_500m": 2990.0, "building_form_group": "low_floor_high_density", "dong_name": "삼성동", "top1_feature": "building_ratio", "top1_shap": 0.7792, "top2_feature": "built_surface_ratio", "top2_shap": 0.7319, "top3_feature": "impervious_ratio", "top3_shap": 0.6616, "priority_score": 74.4016, "priority_rank": 43 }, "geometry": { "type": "Polygon", "coordinates": [ [ [ 126.928923845461995, 37.466834871861735 ], [ 126.928906703824708, 37.469088188559041 ], [ 126.931733770786536, 37.469101818265834 ], [ 126.931750827579222, 37.466848500465311 ], [ 126.928923845461995, 37.466834871861735 ] ] ] } },
{ "type": "Feature", "properties": { "display_grid_id": "11620_00269", "gu_code": 11620, "gu_name": "관악구", "source_cell_count": 12, "area_m2": 62500.0, "mean_actual_lst": 40.9497, "mean_actual_anomaly": 4.8856, "seoul_anomaly": 3.7729, "pred_anomaly": 4.21, "pred_anomaly_std": 0.8341, "green_delta_c": -0.6291, "building_ratio": 0.3856, "green_ratio": 0.2577, "ndvi": 0.1147, "impervious_ratio": 0.2864, "built_surface_ratio": 0.2864, "avg_ground_floor_count": 3.3694, "elevation_m": 65.7643, "albedo": 0.1107, "nearest_park_distance_m": 68.7552, "park_area_within_500m": 351695.432, "nearest_stream_distance_m": 394.9032, "est_population_density": 38217.2, "dong_elderly_ratio": 0.1518, "dong_avg_age": 41.992, "dong_pop_density": 3500.548, "nearest_shelter_distance_m": 178.8152, "shelter_count_within_500m": 8.08, "est_population": 2388.6, "est_elderly": 337.3, "shelter_capacity_within_500m": 5604.0, "building_form_group": "high_floor_high_density", "dong_name": "대학동", "top1_feature": "building_ratio", "top1_shap": 0.6634, "top2_feature": "ndvi", "top2_shap": 0.5514, "top3_feature": "built_surface_ratio", "top3_shap": 0.5463, "priority_score": 65.0232, "priority_rank": 110 }, "geometry": { "type": "Polygon", "coordinates": [ [ [ 126.931750827579222, 37.466848500465311 ], [ 126.931733770786536, 37.469101818265834 ], [ 126.934560839647617, 37.469115380340796 ], [ 126.934577811595489, 37.466862061442548 ], [ 126.931750827579222, 37.466848500465311 ] ] ] } },
{ "type": "Feature", "properties": { "display_grid_id": "11620_00270", "gu_code": 11620, "gu_name": "관악구", "source_cell_count": 16, "area_m2": 62500.0, "mean_actual_lst": 41.7485, "mean_actual_anomaly": 5.593, "seoul_anomaly": 4.4804, "pred_anomaly": 4.8256, "pred_anomaly_std": 0.8353, "green_delta_c": -1.7548, "building_ratio": 0.4473, "green_ratio": 0.2666, "ndvi": 0.0748, "impervious_ratio": 0.1409, "built_surface_ratio": 0.1409, "avg_ground_floor_count": 3.8853, "elevation_m": 65.4796, "albedo": 0.1018, "nearest_park_distance_m": 73.836, "park_area_within_500m": 265707.2928, "nearest_stream_distance_m": 324.7672, "est_population_density": 49248.4, "dong_elderly_ratio": 0.1334, "dong_avg_age": 40.9, "dong_pop_density": 2941.0, "nearest_shelter_distance_m": 160.2592, "shelter_count_within_500m": 6.28, "est_population": 3078.0, "est_elderly": 410.5, "shelter_capacity_within_500m": 5465.3, "building_form_group": "low_floor_high_density", "dong_name": "대학동", "top1_feature": "building_ratio", "top1_shap": 1.3946, "top2_feature": "ndvi", "top2_shap": 0.8889, "top3_feature": "floor_area_ratio_proxy", "top3_shap": 0.4311, "priority_score": 78.0334, "priority_rank": 13 }, "geometry": { "type": "Polygon", "coordinates": [ [ [ 126.934577811595489, 37.466862061442548 ], [ 126.934560839647617, 37.469115380340796 ], [ 126.937387910398527, 37.469128874783792 ], [ 126.937404797501344, 37.466875554793269 ], [ 126.934577811595489, 37.466862061442548 ] ] ] } },
{ "type": "Feature", "properties": { "display_grid_id": "11620_00271", "gu_code": 11620, "gu_name": "관악구", "source_cell_count": 14, "area_m2": 62500.0, "mean_actual_lst": 41.0496, "mean_actual_anomaly": 4.6939, "seoul_anomaly": 3.5812, "pred_anomaly": 4.4251, "pred_anomaly_std": 0.7622, "green_delta_c": -1.0831, "building_ratio": 0.4195, "green_ratio": 0.2752, "ndvi": 0.1234, "impervious_ratio": 0.2707, "built_surface_ratio": 0.2707, "avg_ground_floor_count": 3.6315, "elevation_m": 65.938, "albedo": 0.1024, "nearest_park_distance_m": 47.86, "park_area_within_500m": 191295.5024, "nearest_stream_distance_m": 289.4656, "est_population_density": 43171.6, "dong_elderly_ratio": 0.1334, "dong_avg_age": 40.9, "dong_pop_density": 2941.0, "nearest_shelter_distance_m": 214.8288, "shelter_count_within_500m": 5.0, "est_population": 2698.2, "est_elderly": 360.0, "shelter_capacity_within_500m": 16469.7, "building_form_group": "low_floor_high_density", "dong_name": "대학동", "top1_feature": "building_ratio", "top1_shap": 0.8722, "top2_feature": "ndvi", "top2_shap": 0.4679, "top3_feature": "built_surface_ratio", "top3_shap": 0.4695, "priority_score": 74.6661, "priority_rank": 42 }, "geometry": { "type": "Polygon", "coordinates": [ [ [ 126.937404797501344, 37.466875554793269 ], [ 126.937387910398527, 37.469128874783792 ], [ 126.94021498302979, 37.469142301594687 ], [ 126.940231785287338, 37.466888980517375 ], [ 126.937404797501344, 37.466875554793269 ] ] ] } },
{ "type": "Feature", "properties": { "display_grid_id": "11620_00272", "gu_code": 11620, "gu_name": "관악구", "source_cell_count": 15, "area_m2": 62500.0, "mean_actual_lst": 39.0264, "mean_actual_anomaly": 2.6703, "seoul_anomaly": 1.5577, "pred_anomaly": 2.4218, "pred_anomaly_std": 0.8222, "green_delta_c": -0.5574, "building_ratio": 0.2627, "green_ratio": 0.2817, "ndvi": 0.2063, "impervious_ratio": 0.4006, "built_surface_ratio": 0.4006, "avg_ground_floor_count": 5.6968, "elevation_m": 74.8381, "albedo": 0.1112, "nearest_park_distance_m": 40.7456, "park_area_within_500m": 129805.828, "nearest_stream_distance_m": 280.6748, "est_population_density": 41246.4, "dong_elderly_ratio": 0.1334, "dong_avg_age": 40.9, "dong_pop_density": 2941.0, "nearest_shelter_distance_m": 160.4008, "shelter_count_within_500m": 3.8, "est_population": 2577.9, "est_elderly": 343.9, "shelter_capacity_within_500m": 30366.5, "building_form_group": "high_floor_high_density", "dong_name": "대학동", "top1_feature": "built_surface_ratio", "top1_shap": 0.5663, "top2_feature": "impervious_ratio", "top2_shap": 0.4376, "top3_feature": "building_ratio", "top3_shap": 0.2698, "priority_score": 57.6438, "priority_rank": 194 }, "geometry": { "type": "Polygon", "coordinates": [ [ [ 126.940231785287338, 37.466888980517375 ], [ 126.94021498302979, 37.469142301594687 ], [ 126.943042057531969, 37.469155660773332 ], [ 126.943058774944006, 37.466902338614702 ], [ 126.940231785287338, 37.466888980517375 ] ] ] } },
{ "type": "Feature", "properties": { "display_grid_id": "11620_00273", "gu_code": 11620, "gu_name": "관악구", "source_cell_count": 15, "area_m2": 62500.0, "mean_actual_lst": 38.1594, "mean_actual_anomaly": 1.7136, "seoul_anomaly": 0.6009, "pred_anomaly": 1.8278, "pred_anomaly_std": 0.8477, "green_delta_c": -0.6375, "building_ratio": 0.2005, "green_ratio": 0.3025, "ndvi": 0.2255, "impervious_ratio": 0.4488, "built_surface_ratio": 0.4488, "avg_ground_floor_count": 6.0575, "elevation_m": 69.6565, "albedo": 0.1162, "nearest_park_distance_m": 76.7896, "park_area_within_500m": 75660.0808, "nearest_stream_distance_m": 143.202, "est_population_density": 36663.2, "dong_elderly_ratio": 0.1334, "dong_avg_age": 40.9, "dong_pop_density": 2941.0, "nearest_shelter_distance_m": 104.0208, "shelter_count_within_500m": 2.2, "est_population": 2291.4, "est_elderly": 305.8, "shelter_capacity_within_500m": 30190.0, "building_form_group": "low_floor_low_density", "dong_name": "대학동", "top1_feature": "built_surface_ratio", "top1_shap": 0.5401, "top2_feature": "impervious_ratio", "top2_shap": 0.5256, "top3_feature": "green_ratio", "top3_shap": -0.082, "priority_score": 56.3033, "priority_rank": 209 }, "geometry": { "type": "Polygon", "coordinates": [ [ [ 126.943058774944006, 37.466902338614702 ], [ 126.943042057531969, 37.469155660773332 ], [ 126.945869133895599, 37.469168952319592 ], [ 126.945885766461956, 37.466915629085136 ], [ 126.943058774944006, 37.466902338614702 ] ] ] } },
{ "type": "Feature", "properties": { "display_grid_id": "11620_00274", "gu_code": 11620, "gu_name": "관악구", "source_cell_count": 11, "area_m2": 62500.0, "mean_actual_lst": 38.6903, "mean_actual_anomaly": 1.7569, "seoul_anomaly": 0.6443, "pred_anomaly": 1.0888, "pred_anomaly_std": 0.896, "green_delta_c": -0.6056, "building_ratio": 0.0213, "green_ratio": 0.3684, "ndvi": 0.255, "impervious_ratio": 0.4113, "built_surface_ratio": 0.4113, "avg_ground_floor_count": 0.64, "elevation_m": 64.5123, "albedo": 0.1262, "nearest_park_distance_m": 258.8348, "park_area_within_500m": 21209.9764, "nearest_stream_distance_m": 76.2912, "est_population_density": 216.8, "dong_elderly_ratio": 0.1459, "dong_avg_age": 41.34, "dong_pop_density": 12648.896, "nearest_shelter_distance_m": 245.7088, "shelter_count_within_500m": 1.72, "est_population": 13.6, "est_elderly": 2.1, "shelter_capacity_within_500m": 30132.2, "building_form_group": "no_building", "dong_name": "대학동", "top1_feature": "impervious_ratio", "top1_shap": 0.7185, "top2_feature": "built_surface_ratio", "top2_shap": 0.6714, "top3_feature": "green_ratio", "top3_shap": -0.2953, "priority_score": 52.3145, "priority_rank": 253 }, "geometry": { "type": "Polygon", "coordinates": [ [ [ 126.945885766461956, 37.466915629085136 ], [ 126.945869133895599, 37.469168952319592 ], [ 126.948696212111273, 37.469182176233339 ], [ 126.948712759831679, 37.4669288519285 ], [ 126.945885766461956, 37.466915629085136 ] ] ] } },
{ "type": "Feature", "properties": { "display_grid_id": "11620_00275", "gu_code": 11620, "gu_name": "관악구", "source_cell_count": 15, "area_m2": 62500.0, "mean_actual_lst": 36.5719, "mean_actual_anomaly": -0.2598, "seoul_anomaly": -1.3724, "pred_anomaly": -0.3662, "pred_anomaly_std": 0.8131, "green_delta_c": -0.7391, "building_ratio": 0.021, "green_ratio": 0.4871, "ndvi": 0.3373, "impervious_ratio": 0.3225, "built_surface_ratio": 0.3225, "avg_ground_floor_count": 0.48, "elevation_m": 81.8804, "albedo": 0.1369, "nearest_park_distance_m": 490.0932, "park_area_within_500m": 921.5164, "nearest_stream_distance_m": 263.792, "est_population_density": 417.6, "dong_elderly_ratio": 0.1459, "dong_avg_age": 41.34, "dong_pop_density": 12648.896, "nearest_shelter_distance_m": 475.424, "shelter_count_within_500m": 0.6, "est_population": 26.1, "est_elderly": 3.4, "shelter_capacity_within_500m": 18003.8, "building_form_group": "no_building", "dong_name": "대학동", "top1_feature": "built_surface_ratio", "top1_shap": 0.2041, "top2_feature": "impervious_ratio", "top2_shap": 0.3322, "top3_feature": "green_ratio", "top3_shap": -0.5269, "priority_score": 55.1299, "priority_rank": 220 }, "geometry": { "type": "Polygon", "coordinates": [ [ [ 126.948712759831679, 37.4669288519285 ], [ 126.948696212111273, 37.469182176233339 ], [ 126.951523292169497, 37.469195332514424 ], [ 126.951539755043783, 37.466942007144688 ], [ 126.948712759831679, 37.4669288519285 ] ] ] } },
{ "type": "Feature", "properties": { "display_grid_id": "11620_00276", "gu_code": 11620, "gu_name": "관악구", "source_cell_count": 11, "area_m2": 62500.0, "mean_actual_lst": 35.8803, "mean_actual_anomaly": -0.9486, "seoul_anomaly": -2.0613, "pred_anomaly": 0.6965, "pred_anomaly_std": 0.9645, "green_delta_c": -0.5362, "building_ratio": 0.2192, "green_ratio": 0.3908, "ndvi": 0.2521, "impervious_ratio": 0.4248, "built_surface_ratio": 0.4248, "avg_ground_floor_count": 0.72, "elevation_m": 103.1905, "albedo": 0.1542, "nearest_park_distance_m": 739.3016, "park_area_within_500m": 0.0, "nearest_stream_distance_m": 458.4672, "est_population_density": 5437.6, "dong_elderly_ratio": 0.1317, "dong_avg_age": 40.644, "dong_pop_density": 3236.392, "nearest_shelter_distance_m": 689.7408, "shelter_count_within_500m": 0.0, "est_population": 339.8, "est_elderly": 45.2, "shelter_capacity_within_500m": 0.0, "building_form_group": "low_floor_low_density", "dong_name": "대학동", "top1_feature": "impervious_ratio", "top1_shap": 0.4484, "top2_feature": "built_surface_ratio", "top2_shap": 0.3778, "top3_feature": "green_ratio", "top3_shap": -0.4529, "priority_score": 51.2523, "priority_rank": 268 }, "geometry": { "type": "Polygon", "coordinates": [ [ [ 126.951539755043783, 37.466942007144688 ], [ 126.951523292169497, 37.469195332514424 ], [ 126.95435037406088, 37.469208421162726 ], [ 126.954366752088802, 37.466955094733571 ], [ 126.951539755043783, 37.466942007144688 ] ] ] } },
{ "type": "Feature", "properties": { "display_grid_id": "11620_00277", "gu_code": 11620, "gu_name": "관악구", "source_cell_count": 9, "area_m2": 62500.0, "mean_actual_lst": 35.0113, "mean_actual_anomaly": -1.3536, "seoul_anomaly": -2.4662, "pred_anomaly": -2.3272, "pred_anomaly_std": 0.6703, "green_delta_c": -1.1883, "building_ratio": 0.0596, "green_ratio": 0.646, "ndvi": 0.4411, "impervious_ratio": 0.1898, "built_surface_ratio": 0.1898, "avg_ground_floor_count": 0.48, "elevation_m": 102.086, "albedo": 0.1282, "nearest_park_distance_m": 741.8232, "park_area_within_500m": 0.0, "nearest_stream_distance_m": 302.008, "est_population_density": 143.2, "dong_elderly_ratio": 0.097, "dong_avg_age": 35.524, "dong_pop_density": 9144.232, "nearest_shelter_distance_m": 598.9304, "shelter_count_within_500m": 0.0, "est_population": 8.9, "est_elderly": 0.8, "shelter_capacity_within_500m": 0.0, "building_form_group": "no_building", "dong_name": "낙성대동", "top1_feature": "green_ratio", "top1_shap": -0.8675, "top2_feature": "built_surface_ratio", "top2_shap": -0.4206, "top3_feature": "impervious_ratio", "top3_shap": -0.4904, "priority_score": 58.1911, "priority_rank": 185 }, "geometry": { "type": "Polygon", "coordinates": [ [ [ 126.954366752088802, 37.466955094733571 ], [ 126.95435037406088, 37.469208421162726 ], [ 126.957177457775913, 37.469221442178082 ], [ 126.957193750957259, 37.466968114694986 ], [ 126.954366752088802, 37.466955094733571 ] ] ] } },
{ "type": "Feature", "properties": { "display_grid_id": "11620_00278", "gu_code": 11620, "gu_name": "관악구", "source_cell_count": 15, "area_m2": 62500.0, "mean_actual_lst": 38.9864, "mean_actual_anomaly": 2.843, "seoul_anomaly": 1.7304, "pred_anomaly": 2.4164, "pred_anomaly_std": 0.9252, "green_delta_c": -0.884, "building_ratio": 0.1929, "green_ratio": 0.2392, "ndvi": 0.2349, "impervious_ratio": 0.5708, "built_surface_ratio": 0.5708, "avg_ground_floor_count": 1.4303, "elevation_m": 74.246, "albedo": 0.1131, "nearest_park_distance_m": 506.2352, "park_area_within_500m": 3257.0144, "nearest_stream_distance_m": 72.88, "est_population_density": 366.4, "dong_elderly_ratio": 0.0901, "dong_avg_age": 34.5, "dong_pop_density": 10325.8, "nearest_shelter_distance_m": 353.2872, "shelter_count_within_500m": 1.4, "est_population": 22.9, "est_elderly": 2.1, "shelter_capacity_within_500m": 187.2, "building_form_group": "low_floor_low_density", "dong_name": "낙성대동", "top1_feature": "built_surface_ratio", "top1_shap": 0.8106, "top2_feature": "impervious_ratio", "top2_shap": 0.7666, "top3_feature": "green_ratio", "top3_shap": 0.5193, "priority_score": 65.0974, "priority_rank": 109 }, "geometry": { "type": "Polygon", "coordinates": [ [ [ 126.957193750957259, 37.466968114694986 ], [ 126.957177457775913, 37.469221442178082 ], [ 126.960004543305203, 37.469234395560399 ], [ 126.960020751639775, 37.466981067028819 ], [ 126.957193750957259, 37.466968114694986 ] ] ] } },
{ "type": "Feature", "properties": { "display_grid_id": "11620_00279", "gu_code": 11620, "gu_name": "관악구", "source_cell_count": 14, "area_m2": 62500.0, "mean_actual_lst": 35.0198, "mean_actual_anomaly": -0.999, "seoul_anomaly": -2.1116, "pred_anomaly": -0.9493, "pred_anomaly_std": 0.7779, "green_delta_c": -0.5089, "building_ratio": 0.0706, "green_ratio": 0.4932, "ndvi": 0.3755, "impervious_ratio": 0.3122, "built_surface_ratio": 0.3122, "avg_ground_floor_count": 1.6852, "elevation_m": 96.9477, "albedo": 0.1074, "nearest_park_distance_m": 288.2864, "park_area_within_500m": 19801.9072, "nearest_stream_distance_m": 194.2968, "est_population_density": 449.6, "dong_elderly_ratio": 0.0901, "dong_avg_age": 34.5, "dong_pop_density": 10325.8, "nearest_shelter_distance_m": 133.9936, "shelter_count_within_500m": 3.08, "est_population": 28.1, "est_elderly": 2.5, "shelter_capacity_within_500m": 286.3, "building_form_group": "no_building", "dong_name": "낙성대동", "top1_feature": "green_ratio", "top1_shap": -0.6155, "top2_feature": "ndvi", "top2_shap": -0.5398, "top3_feature": "built_surface_ratio", "top3_shap": 0.2709, "priority_score": 39.8469, "priority_rank": 377 }, "geometry": { "type": "Polygon", "coordinates": [ [ [ 126.960020751639775, 37.466981067028819 ], [ 126.960004543305203, 37.469234395560399 ], [ 126.962831630639272, 37.469247281309507 ], [ 126.962847754126841, 37.466993951734928 ], [ 126.960020751639775, 37.466981067028819 ] ] ] } },
{ "type": "Feature", "properties": { "display_grid_id": "11620_00280", "gu_code": 11620, "gu_name": "관악구", "source_cell_count": 14, "area_m2": 62500.0, "mean_actual_lst": 32.9459, "mean_actual_anomaly": -2.7174, "seoul_anomaly": -3.83, "pred_anomaly": -3.3474, "pred_anomaly_std": 0.712, "green_delta_c": -0.9635, "building_ratio": 0.0482, "green_ratio": 0.7173, "ndvi": 0.4959, "impervious_ratio": 0.0884, "built_surface_ratio": 0.0884, "avg_ground_floor_count": 3.4463, "elevation_m": 115.0469, "albedo": 0.1071, "nearest_park_distance_m": 118.404, "park_area_within_500m": 24427.5728, "nearest_stream_distance_m": 445.91, "est_population_density": 3989.6, "dong_elderly_ratio": 0.1422, "dong_avg_age": 39.532, "dong_pop_density": 19205.376, "nearest_shelter_distance_m": 110.558, "shelter_count_within_500m": 3.6, "est_population": 249.4, "est_elderly": 40.0, "shelter_capacity_within_500m": 205.0, "building_form_group": "no_building", "dong_name": "인헌동", "top1_feature": "built_surface_ratio", "top1_shap": -0.9547, "top2_feature": "green_ratio", "top2_shap": -0.8412, "top3_feature": "impervious_ratio", "top3_shap": -0.5609, "priority_score": 48.5065, "priority_rank": 297 }, "geometry": { "type": "Polygon", "coordinates": [ [ [ 126.962847754126841, 37.466993951734928 ], [ 126.962831630639272, 37.469247281309507 ], [ 126.965658719768683, 37.469260099425277 ], [ 126.965674758409051, 37.467006768813164 ], [ 126.962847754126841, 37.466993951734928 ] ] ] } },
{ "type": "Feature", "properties": { "display_grid_id": "11620_00281", "gu_code": 11620, "gu_name": "관악구", "source_cell_count": 14, "area_m2": 62500.0, "mean_actual_lst": 34.1876, "mean_actual_anomaly": -1.6608, "seoul_anomaly": -2.7734, "pred_anomaly": -2.3124, "pred_anomaly_std": 0.9965, "green_delta_c": -0.7967, "building_ratio": 0.1432, "green_ratio": 0.6196, "ndvi": 0.4126, "impervious_ratio": 0.1214, "built_surface_ratio": 0.1214, "avg_ground_floor_count": 3.4415, "elevation_m": 119.5251, "albedo": 0.1042, "nearest_park_distance_m": 191.1664, "park_area_within_500m": 23502.2848, "nearest_stream_distance_m": 668.6796, "est_population_density": 11056.8, "dong_elderly_ratio": 0.1667, "dong_avg_age": 41.9, "dong_pop_density": 23384.0, "nearest_shelter_distance_m": 160.3604, "shelter_count_within_500m": 3.6, "est_population": 691.0, "est_elderly": 115.2, "shelter_capacity_within_500m": 205.0, "building_form_group": "low_floor_low_density", "dong_name": "인헌동", "top1_feature": "green_ratio", "top1_shap": -0.8783, "top2_feature": "built_surface_ratio", "top2_shap": -0.6275, "top3_feature": "impervious_ratio", "top3_shap": -0.4179, "priority_score": 51.8043, "priority_rank": 260 }, "geometry": { "type": "Polygon", "coordinates": [ [ [ 126.965674758409051, 37.467006768813164 ], [ 126.965658719768683, 37.469260099425277 ], [ 126.968485810684001, 37.46927284990759 ], [ 126.968501764476912, 37.467019518263442 ], [ 126.965674758409051, 37.467006768813164 ] ] ] } },
{ "type": "Feature", "properties": { "display_grid_id": "11620_00282", "gu_code": 11620, "gu_name": "관악구", "source_cell_count": 14, "area_m2": 62500.0, "mean_actual_lst": 33.1516, "mean_actual_anomaly": -2.6873, "seoul_anomaly": -3.8, "pred_anomaly": -2.8145, "pred_anomaly_std": 0.7465, "green_delta_c": -0.7057, "building_ratio": 0.106, "green_ratio": 0.641, "ndvi": 0.4448, "impervious_ratio": 0.1351, "built_surface_ratio": 0.1351, "avg_ground_floor_count": 1.7847, "elevation_m": 134.0788, "albedo": 0.101, "nearest_park_distance_m": 373.4492, "park_area_within_500m": 10057.1, "nearest_stream_distance_m": 908.5932, "est_population_density": 8302.4, "dong_elderly_ratio": 0.1671, "dong_avg_age": 41.932, "dong_pop_density": 22662.296, "nearest_shelter_distance_m": 394.7796, "shelter_count_within_500m": 1.36, "est_population": 518.9, "est_elderly": 86.5, "shelter_capacity_within_500m": 73.0, "building_form_group": "no_building", "dong_name": "인헌동", "top1_feature": "built_surface_ratio", "top1_shap": -0.5645, "top2_feature": "green_ratio", "top2_shap": -0.8326, "top3_feature": "impervious_ratio", "top3_shap": -0.6088, "priority_score": 51.8089, "priority_rank": 259 }, "geometry": { "type": "Polygon", "coordinates": [ [ [ 126.968501764476912, 37.467019518263442 ], [ 126.968485810684001, 37.46927284990759 ], [ 126.971312903375761, 37.469285532756309 ], [ 126.971328772321058, 37.467032200085583 ], [ 126.968501764476912, 37.467019518263442 ] ] ] } },
{ "type": "Feature", "properties": { "display_grid_id": "11620_00283", "gu_code": 11620, "gu_name": "관악구", "source_cell_count": 14, "area_m2": 62500.0, "mean_actual_lst": 31.797, "mean_actual_anomaly": -4.1064, "seoul_anomaly": -5.219, "pred_anomaly": -4.8352, "pred_anomaly_std": 0.5673, "green_delta_c": -0.8014, "building_ratio": 0.0, "green_ratio": 0.7994, "ndvi": 0.5714, "impervious_ratio": 0.0417, "built_surface_ratio": 0.0417, "avg_ground_floor_count": 0.0, "elevation_m": 147.2311, "albedo": 0.0982, "nearest_park_distance_m": 369.6796, "park_area_within_500m": 2978.492, "nearest_stream_distance_m": 1035.7548, "est_population_density": 0.0, "dong_elderly_ratio": 0.1748, "dong_avg_age": 42.572, "dong_pop_density": 8228.216, "nearest_shelter_distance_m": 625.9092, "shelter_count_within_500m": 0.0, "est_population": 0.0, "est_elderly": 0.0, "shelter_capacity_within_500m": 0.0, "building_form_group": "no_building", "dong_name": "남현동", "top1_feature": "built_surface_ratio", "top1_shap": -1.4224, "top2_feature": "impervious_ratio", "top2_shap": -1.2436, "top3_feature": "green_ratio", "top3_shap": -0.729, "priority_score": 39.6429, "priority_rank": 382 }, "geometry": { "type": "Polygon", "coordinates": [ [ [ 126.971328772321058, 37.467032200085583 ], [ 126.971312903375761, 37.469285532756309 ], [ 126.974139997834499, 37.469298147971301 ], [ 126.974155781931969, 37.467044814279468 ], [ 126.971328772321058, 37.467032200085583 ] ] ] } },
{ "type": "Feature", "properties": { "display_grid_id": "11620_00284", "gu_code": 11620, "gu_name": "관악구", "source_cell_count": 11, "area_m2": 62500.0, "mean_actual_lst": 32.5594, "mean_actual_anomaly": -3.5211, "seoul_anomaly": -4.6337, "pred_anomaly": -4.5426, "pred_anomaly_std": 0.6731, "green_delta_c": -0.7877, "building_ratio": 0.0062, "green_ratio": 0.7609, "ndvi": 0.5415, "impervious_ratio": 0.0681, "built_surface_ratio": 0.0681, "avg_ground_floor_count": 0.24, "elevation_m": 152.4835, "albedo": 0.1037, "nearest_park_distance_m": 467.9432, "park_area_within_500m": 2006.59, "nearest_stream_distance_m": 841.8572, "est_population_density": 0.0, "dong_elderly_ratio": 0.1763, "dong_avg_age": 42.7, "dong_pop_density": 5341.4, "nearest_shelter_distance_m": 675.3628, "shelter_count_within_500m": 0.0, "est_population": 0.0, "est_elderly": 0.0, "shelter_capacity_within_500m": 0.0, "building_form_group": "no_building", "dong_name": "남현동", "top1_feature": "built_surface_ratio", "top1_shap": -1.2148, "top2_feature": "impervious_ratio", "top2_shap": -1.0387, "top3_feature": "green_ratio", "top3_shap": -0.8212, "priority_score": 43.3812, "priority_rank": 346 }, "geometry": { "type": "Polygon", "coordinates": [ [ [ 126.974155781931969, 37.467044814279468 ], [ 126.974139997834499, 37.469298147971301 ], [ 126.976967094050821, 37.46931069555243 ], [ 126.976982793300252, 37.467057360844969 ], [ 126.974155781931969, 37.467044814279468 ] ] ] } },
{ "type": "Feature", "properties": { "display_grid_id": "11620_00285", "gu_code": 11620, "gu_name": "관악구", "source_cell_count": 14, "area_m2": 62500.0, "mean_actual_lst": 32.9919, "mean_actual_anomaly": -3.2848, "seoul_anomaly": -4.3975, "pred_anomaly": -4.1667, "pred_anomaly_std": 0.7265, "green_delta_c": -0.9582, "building_ratio": 0.0077, "green_ratio": 0.7614, "ndvi": 0.5619, "impervious_ratio": 0.0865, "built_surface_ratio": 0.0865, "avg_ground_floor_count": 0.32, "elevation_m": 124.4631, "albedo": 0.107, "nearest_park_distance_m": 566.7552, "park_area_within_500m": 313.5796, "nearest_stream_distance_m": 638.1572, "est_population_density": 0.0, "dong_elderly_ratio": 0.1763, "dong_avg_age": 42.7, "dong_pop_density": 5341.4, "nearest_shelter_distance_m": 556.1428, "shelter_count_within_500m": 0.24, "est_population": 0.0, "est_elderly": 0.0, "shelter_capacity_within_500m": 11.5, "building_form_group": "no_building", "dong_name": "남현동", "top1_feature": "built_surface_ratio", "top1_shap": -1.0744, "top2_feature": "green_ratio", "top2_shap": -0.8694, "top3_feature": "impervious_ratio", "top3_shap": -0.7894, "priority_score": 46.5955, "priority_rank": 315 }, "geometry": { "type": "Polygon", "coordinates": [ [ [ 126.976982793300252, 37.467057360844969 ], [ 126.976967094050821, 37.46931069555243 ], [ 126.979794192015234, 37.469323175499582 ], [ 126.979809806416426, 37.467069839781963 ], [ 126.976982793300252, 37.467057360844969 ] ] ] } },
{ "type": "Feature", "properties": { "display_grid_id": "11620_00286", "gu_code": 11620, "gu_name": "관악구", "source_cell_count": 10, "area_m2": 62500.0, "mean_actual_lst": 34.3515, "mean_actual_anomaly": -1.9106, "seoul_anomaly": -3.0232, "pred_anomaly": -4.2369, "pred_anomaly_std": 0.6456, "green_delta_c": -1.4496, "building_ratio": 0.0, "green_ratio": 0.8009, "ndvi": 0.58, "impervious_ratio": 0.0601, "built_surface_ratio": 0.0601, "avg_ground_floor_count": 0.0, "elevation_m": 142.766, "albedo": 0.1027, "nearest_park_distance_m": 553.5348, "park_area_within_500m": 316.9584, "nearest_stream_distance_m": 446.6588, "est_population_density": 0.0, "dong_elderly_ratio": 0.1763, "dong_avg_age": 42.7, "dong_pop_density": 5341.4, "nearest_shelter_distance_m": 472.5692, "shelter_count_within_500m": 1.24, "est_population": 0.0, "est_elderly": 0.0, "shelter_capacity_within_500m": 53.0, "building_form_group": "no_building", "dong_name": "남현동", "top1_feature": "built_surface_ratio", "top1_shap": -1.2355, "top2_feature": "impervious_ratio", "top2_shap": -1.0695, "top3_feature": "green_ratio", "top3_shap": -0.7701, "priority_score": 49.3182, "priority_rank": 288 }, "geometry": { "type": "Polygon", "coordinates": [ [ [ 126.979809806416426, 37.467069839781963 ], [ 126.979794192015234, 37.469323175499582 ], [ 126.982621291718303, 37.469335587812616 ], [ 126.982636821271058, 37.467082251090325 ], [ 126.979809806416426, 37.467069839781963 ] ] ] } },
{ "type": "Feature", "properties": { "display_grid_id": "11620_00287", "gu_code": 11620, "gu_name": "관악구", "source_cell_count": 13, "area_m2": 62270.9, "mean_actual_lst": 35.9422, "mean_actual_anomaly": -0.2821, "seoul_anomaly": -1.3948, "pred_anomaly": -2.4398, "pred_anomaly_std": 0.7401, "green_delta_c": -0.9286, "building_ratio": 0.0119, "green_ratio": 0.6538, "ndvi": 0.4538, "impervious_ratio": 0.1577, "built_surface_ratio": 0.1577, "avg_ground_floor_count": 0.3175, "elevation_m": 101.9423, "albedo": 0.1077, "nearest_park_distance_m": 378.2922, "park_area_within_500m": 24638.821, "nearest_stream_distance_m": 356.6222, "est_population_density": 0.0, "dong_elderly_ratio": 0.1763, "dong_avg_age": 42.7, "dong_pop_density": 5341.4, "nearest_shelter_distance_m": 411.1681, "shelter_count_within_500m": 1.7993, "est_population": 0.0, "est_elderly": 0.0, "shelter_capacity_within_500m": 73.4, "building_form_group": "no_building", "dong_name": "남현동", "top1_feature": "built_surface_ratio", "top1_shap": -0.5209, "top2_feature": "impervious_ratio", "top2_shap": -0.4676, "top3_feature": "green_ratio", "top3_shap": -0.6914, "priority_score": 50.6076, "priority_rank": 277 }, "geometry": { "type": "Polygon", "coordinates": [ [ [ 126.985463837854681, 37.467094594769911 ], [ 126.982636821271058, 37.467082251090325 ], [ 126.982621291718303, 37.469335587812616 ], [ 126.985222744508548, 37.469346949669408 ], [ 126.98532482, 37.46924991 ], [ 126.985449756169714, 37.469149082068313 ], [ 126.985463837854681, 37.467094594769911 ] ] ] } },
{ "type": "Feature", "properties": { "display_grid_id": "11620_00288", "gu_code": 11620, "gu_name": "관악구", "source_cell_count": 9, "area_m2": 23103.52, "mean_actual_lst": 39.0058, "mean_actual_anomaly": 2.7816, "seoul_anomaly": 1.6689, "pred_anomaly": 2.657, "pred_anomaly_std": 0.9003, "green_delta_c": -0.914, "building_ratio": 0.0428, "green_ratio": 0.2377, "ndvi": 0.1749, "impervious_ratio": 0.5575, "built_surface_ratio": 0.5575, "avg_ground_floor_count": 0.9669, "elevation_m": 53.6455, "albedo": 0.1219, "nearest_park_distance_m": 176.984, "park_area_within_500m": 76140.037, "nearest_stream_distance_m": 426.8814, "est_population_density": 311.6436, "dong_elderly_ratio": 0.1763, "dong_avg_age": 42.7, "dong_pop_density": 5341.4, "nearest_shelter_distance_m": 310.5246, "shelter_count_within_500m": 1.3526, "est_population": 7.2, "est_elderly": 1.3, "shelter_capacity_within_500m": 54.0, "building_form_group": "no_building", "dong_name": "남현동", "top1_feature": "built_surface_ratio", "top1_shap": 0.8536, "top2_feature": "impervious_ratio", "top2_shap": 0.8223, "top3_feature": "green_ratio", "top3_shap": 0.4945, "priority_score": 64.7588, "priority_rank": 112 }, "geometry": { "type": "Polygon", "coordinates": [ [ [ 126.985463837854681, 37.467094594769911 ], [ 126.985449756169714, 37.469149082068313 ], [ 126.9856269, 37.46900612000001 ], [ 126.98610193, 37.4686286 ], [ 126.98640119, 37.46840254 ], [ 126.9864533, 37.46836088 ], [ 126.986595330000014, 37.46823898 ], [ 126.986606460000019, 37.46823476 ], [ 126.986628, 37.46823476 ], [ 126.98671404, 37.4681503 ], [ 126.98682392000002, 37.46805768 ], [ 126.98692761, 37.46797126 ], [ 126.986964540000017, 37.46792903 ], [ 126.986967549999989, 37.46792115 ], [ 126.987029550000017, 37.46786146 ], [ 126.987093150000021, 37.467802339999984 ], [ 126.9871495, 37.46774998 ], [ 126.98727352, 37.46761907 ], [ 126.98717022000001, 37.46742139 ], [ 126.98712873, 37.4673417 ], [ 126.987108800000016, 37.46725667 ], [ 126.98710614, 37.46724625 ], [ 126.987104380000019, 37.46722824 ], [ 126.9872365, 37.46722713 ], [ 126.98724691, 37.46722769 ], [ 126.987323254858623, 37.467102676719705 ], [ 126.985463837854681, 37.467094594769911 ] ] ] } },
{ "type": "Feature", "properties": { "display_grid_id": "11620_00289", "gu_code": 11620, "gu_name": "관악구", "source_cell_count": 11, "area_m2": 47899.19, "mean_actual_lst": 33.882, "mean_actual_anomaly": -1.9201, "seoul_anomaly": -3.0327, "pred_anomaly": -2.6692, "pred_anomaly_std": 0.9117, "green_delta_c": -0.5918, "building_ratio": 0.0738, "green_ratio": 0.6397, "ndvi": 0.4853, "impervious_ratio": 0.2005, "built_surface_ratio": 0.2005, "avg_ground_floor_count": 1.8084, "elevation_m": 72.8208, "albedo": 0.1252, "nearest_park_distance_m": 583.686, "park_area_within_500m": 0.0, "nearest_stream_distance_m": 1677.3563, "est_population_density": 6630.5919, "dong_elderly_ratio": 0.2188, "dong_avg_age": 45.1, "dong_pop_density": 22039.4, "nearest_shelter_distance_m": 224.5169, "shelter_count_within_500m": 7.5598, "est_population": 317.6, "est_elderly": 69.5, "shelter_capacity_within_500m": 992.0, "building_form_group": "no_building", "dong_name": "미성동", "top1_feature": "green_ratio", "top1_shap": -1.1515, "top2_feature": "ndvi", "top2_shap": -0.8658, "top3_feature": "built_surface_ratio", "top3_shap": -0.1821, "priority_score": 46.6883, "priority_rank": 314 }, "geometry": { "type": "Polygon", "coordinates": [ [ [ 126.911926689801419, 37.471258299152453 ], [ 126.911944342466981, 37.469004990057911 ], [ 126.910093678124213, 37.468995765423273 ], [ 126.910173, 37.46912618 ], [ 126.91024192, 37.46923915 ], [ 126.91003764, 37.46961206000001 ], [ 126.90994046, 37.46979078 ], [ 126.90980942, 37.46990499 ], [ 126.9098064, 37.46993004 ], [ 126.909805100000014, 37.46998326 ], [ 126.909804720000011, 37.46999987 ], [ 126.909803130000014, 37.47000522 ], [ 126.90978592, 37.4700618 ], [ 126.90971406, 37.47018056000001 ], [ 126.90955406, 37.47044679 ], [ 126.90955493, 37.47045468000001 ], [ 126.90955421, 37.47046961 ], [ 126.9095713, 37.47050425 ], [ 126.90960290000001, 37.47066251 ], [ 126.90959138, 37.47069404 ], [ 126.90958855, 37.47069939 ], [ 126.90957476, 37.47071824 ], [ 126.909460109999984, 37.47087527 ], [ 126.90924689, 37.47117102 ], [ 126.909195606055675, 37.471244675200282 ], [ 126.911926689801419, 37.471258299152453 ] ] ] } },
{ "type": "Feature", "properties": { "display_grid_id": "11620_00290", "gu_code": 11620, "gu_name": "관악구", "source_cell_count": 9, "area_m2": 62500.0, "mean_actual_lst": 32.1738, "mean_actual_anomaly": -3.7227, "seoul_anomaly": -4.8354, "pred_anomaly": -4.8611, "pred_anomaly_std": 0.6438, "green_delta_c": -0.5824, "building_ratio": 0.0067, "green_ratio": 0.7793, "ndvi": 0.5173, "impervious_ratio": 0.0742, "built_surface_ratio": 0.0742, "avg_ground_floor_count": 0.24, "elevation_m": 86.9986, "albedo": 0.1216, "nearest_park_distance_m": 490.3928, "park_area_within_500m": 10893.2832, "nearest_stream_distance_m": 1709.8912, "est_population_density": 67.2, "dong_elderly_ratio": 0.2197, "dong_avg_age": 45.256, "dong_pop_density": 22606.676, "nearest_shelter_distance_m": 213.3724, "shelter_count_within_500m": 5.84, "est_population": 4.2, "est_elderly": 0.9, "shelter_capacity_within_500m": 744.5, "building_form_group": "no_building", "dong_name": "미성동", "top1_feature": "built_surface_ratio", "top1_shap": -1.1438, "top2_feature": "impervious_ratio", "top2_shap": -0.9925, "top3_feature": "green_ratio", "top3_shap": -0.9712, "priority_score": 37.4675, "priority_rank": 399 }, "geometry": { "type": "Polygon", "coordinates": [ [ [ 126.911944342466981, 37.469004990057911 ], [ 126.911926689801419, 37.471258299152453 ], [ 126.914753830022065, 37.471272335783333 ], [ 126.914771397834926, 37.469019025552662 ], [ 126.911944342466981, 37.469004990057911 ] ] ] } },
{ "type": "Feature", "properties": { "display_grid_id": "11620_00291", "gu_code": 11620, "gu_name": "관악구", "source_cell_count": 15, "area_m2": 62500.0, "mean_actual_lst": 34.9259, "mean_actual_anomaly": -0.9719, "seoul_anomaly": -2.0846, "pred_anomaly": -2.2587, "pred_anomaly_std": 0.8837, "green_delta_c": -0.9107, "building_ratio": 0.1247, "green_ratio": 0.5846, "ndvi": 0.3517, "impervious_ratio": 0.1621, "built_surface_ratio": 0.1621, "avg_ground_floor_count": 5.8398, "elevation_m": 75.7342, "albedo": 0.1318, "nearest_park_distance_m": 288.1512, "park_area_within_500m": 58324.0928, "nearest_stream_distance_m": 1539.408, "est_population_density": 15236.8, "dong_elderly_ratio": 0.2254, "dong_avg_age": 46.296, "dong_pop_density": 26388.516, "nearest_shelter_distance_m": 123.7844, "shelter_count_within_500m": 6.56, "est_population": 952.3, "est_elderly": 215.2, "shelter_capacity_within_500m": 945.0, "building_form_group": "no_building", "dong_name": "난곡동", "top1_feature": "built_surface_ratio", "top1_shap": -0.5739, "top2_feature": "impervious_ratio", "top2_shap": -0.4564, "top3_feature": "green_ratio", "top3_shap": -0.6569, "priority_score": 55.0557, "priority_rank": 222 }, "geometry": { "type": "Polygon", "coordinates": [ [ [ 126.914771397834926, 37.469019025552662 ], [ 126.914753830022065, 37.471272335783333 ], [ 126.917580972198863, 37.471286304777777 ], [ 126.91759845515881, 37.469032993416455 ], [ 126.914771397834926, 37.469019025552662 ] ] ] } },
{ "type": "Feature", "properties": { "display_grid_id": "11620_00292", "gu_code": 11620, "gu_name": "관악구", "source_cell_count": 12, "area_m2": 62500.0, "mean_actual_lst": 39.3658, "mean_actual_anomaly": 3.4668, "seoul_anomaly": 2.3542, "pred_anomaly": 2.3835, "pred_anomaly_std": 0.7288, "green_delta_c": -0.7414, "building_ratio": 0.3589, "green_ratio": 0.3058, "ndvi": 0.1429, "impervious_ratio": 0.3088, "built_surface_ratio": 0.3088, "avg_ground_floor_count": 6.4452, "elevation_m": 47.5254, "albedo": 0.1041, "nearest_park_distance_m": 73.4616, "park_area_within_500m": 64391.02, "nearest_stream_distance_m": 1283.9204, "est_population_density": 44062.4, "dong_elderly_ratio": 0.226, "dong_avg_age": 46.4, "dong_pop_density": 26766.7, "nearest_shelter_distance_m": 74.8576, "shelter_count_within_500m": 7.08, "est_population": 2753.9, "est_elderly": 622.4, "shelter_capacity_within_500m": 1116.2, "building_form_group": "low_floor_high_density", "dong_name": "난곡동", "top1_feature": "ndvi", "top1_shap": 0.4173, "top2_feature": "building_ratio", "top2_shap": 0.5436, "top3_feature": "built_surface_ratio", "top3_shap": 0.4421, "priority_score": 65.2597, "priority_rank": 107 }, "geometry": { "type": "Polygon", "coordinates": [ [ [ 126.91759845515881, 37.469032993416455 ], [ 126.917580972198863, 37.471286304777777 ], [ 126.920408116322378, 37.471300206135631 ], [ 126.920425514429169, 37.469046893649129 ], [ 126.91759845515881, 37.469032993416455 ] ] ] } },
{ "type": "Feature", "properties": { "display_grid_id": "11620_00293", "gu_code": 11620, "gu_name": "관악구", "source_cell_count": 11, "area_m2": 62500.0, "mean_actual_lst": 41.3308, "mean_actual_anomaly": 5.5571, "seoul_anomaly": 4.4445, "pred_anomaly": 3.8506, "pred_anomaly_std": 0.7297, "green_delta_c": -1.0869, "building_ratio": 0.4484, "green_ratio": 0.2716, "ndvi": 0.1151, "impervious_ratio": 0.3269, "built_surface_ratio": 0.3269, "avg_ground_floor_count": 2.7152, "elevation_m": 45.228, "albedo": 0.1037, "nearest_park_distance_m": 109.7368, "park_area_within_500m": 50200.9648, "nearest_stream_distance_m": 1050.038, "est_population_density": 34483.2, "dong_elderly_ratio": 0.226, "dong_avg_age": 46.4, "dong_pop_density": 26766.7, "nearest_shelter_distance_m": 75.252, "shelter_count_within_500m": 7.0, "est_population": 2155.2, "est_elderly": 487.0, "shelter_capacity_within_500m": 1106.2, "building_form_group": "low_floor_high_density", "dong_name": "난곡동", "top1_feature": "building_ratio", "top1_shap": 0.7316, "top2_feature": "built_surface_ratio", "top2_shap": 0.5524, "top3_feature": "ndvi", "top3_shap": 0.5521, "priority_score": 75.5473, "priority_rank": 36 }, "geometry": { "type": "Polygon", "coordinates": [ [ [ 126.920425514429169, 37.469046893649129 ], [ 126.920408116322378, 37.471300206135631 ], [ 126.923235262383159, 37.47131403985675 ], [ 126.923252575636553, 37.469060726250547 ], [ 126.920425514429169, 37.469046893649129 ] ] ] } },
{ "type": "Feature", "properties": { "display_grid_id": "11620_00294", "gu_code": 11620, "gu_name": "관악구", "source_cell_count": 12, "area_m2": 62500.0, "mean_actual_lst": 37.3031, "mean_actual_anomaly": 1.3912, "seoul_anomaly": 0.2786, "pred_anomaly": 0.3557, "pred_anomaly_std": 0.8602, "green_delta_c": -0.83, "building_ratio": 0.2374, "green_ratio": 0.4508, "ndvi": 0.2758, "impervious_ratio": 0.2758, "built_surface_ratio": 0.2758, "avg_ground_floor_count": 2.2992, "elevation_m": 76.6471, "albedo": 0.1101, "nearest_park_distance_m": 235.35, "park_area_within_500m": 91039.4448, "nearest_stream_distance_m": 800.71, "est_population_density": 15156.8, "dong_elderly_ratio": 0.226, "dong_avg_age": 46.4, "dong_pop_density": 26766.7, "nearest_shelter_distance_m": 100.6756, "shelter_count_within_500m": 5.72, "est_population": 947.3, "est_elderly": 214.1, "shelter_capacity_within_500m": 924.8, "building_form_group": "low_floor_high_density", "dong_name": "난곡동", "top1_feature": "built_surface_ratio", "top1_shap": 0.0408, "top2_feature": "green_ratio", "top2_shap": -0.4691, "top3_feature": "ndvi", "top3_shap": -0.0809, "priority_score": 56.2987, "priority_rank": 210 }, "geometry": { "type": "Polygon", "coordinates": [ [ [ 126.923252575636553, 37.469060726250547 ], [ 126.923235262383159, 37.47131403985675 ], [ 126.926062410371742, 37.471327805940994 ], [ 126.926079638771569, 37.469074491220567 ], [ 126.923252575636553, 37.469060726250547 ] ] ] } },
{ "type": "Feature", "properties": { "display_grid_id": "11620_00295", "gu_code": 11620, "gu_name": "관악구", "source_cell_count": 10, "area_m2": 62500.0, "mean_actual_lst": 35.1486, "mean_actual_anomaly": -1.0697, "seoul_anomaly": -2.1824, "pred_anomaly": -1.7727, "pred_anomaly_std": 0.7404, "green_delta_c": -0.7036, "building_ratio": 0.0911, "green_ratio": 0.6137, "ndvi": 0.413, "impervious_ratio": 0.2081, "built_surface_ratio": 0.2081, "avg_ground_floor_count": 1.9534, "elevation_m": 82.3601, "albedo": 0.1299, "nearest_park_distance_m": 48.8692, "park_area_within_500m": 207688.8272, "nearest_stream_distance_m": 577.6724, "est_population_density": 6495.2, "dong_elderly_ratio": 0.2746, "dong_avg_age": 49.28, "dong_pop_density": 11436.46, "nearest_shelter_distance_m": 103.2492, "shelter_count_within_500m": 4.92, "est_population": 405.9, "est_elderly": 116.4, "shelter_capacity_within_500m": 782.7, "building_form_group": "no_building", "dong_name": "삼성동", "top1_feature": "green_ratio", "top1_shap": -0.8326, "top2_feature": "ndvi", "top2_shap": -0.6323, "top3_feature": "built_surface_ratio", "top3_shap": -0.2101, "priority_score": 47.9221, "priority_rank": 303 }, "geometry": { "type": "Polygon", "coordinates": [ [ [ 126.926079638771569, 37.469074491220567 ], [ 126.926062410371742, 37.471327805940994 ], [ 126.928889560278705, 37.471341504388207 ], [ 126.928906703824708, 37.469088188559041 ], [ 126.926079638771569, 37.469074491220567 ] ] ] } },
{ "type": "Feature", "properties": { "display_grid_id": "11620_00296", "gu_code": 11620, "gu_name": "관악구", "source_cell_count": 14, "area_m2": 62500.0, "mean_actual_lst": 43.0051, "mean_actual_anomaly": 6.7668, "seoul_anomaly": 5.6541, "pred_anomaly": 5.2344, "pred_anomaly_std": 0.952, "green_delta_c": -0.567, "building_ratio": 0.487, "green_ratio": 0.2029, "ndvi": 0.1461, "impervious_ratio": 0.6129, "built_surface_ratio": 0.6129, "avg_ground_floor_count": 1.122, "elevation_m": 55.0964, "albedo": 0.1232, "nearest_park_distance_m": 0.0, "park_area_within_500m": 317109.5232, "nearest_stream_distance_m": 353.316, "est_population_density": 15298.8, "dong_elderly_ratio": 0.2867, "dong_avg_age": 50.0, "dong_pop_density": 7603.9, "nearest_shelter_distance_m": 176.1696, "shelter_count_within_500m": 5.52, "est_population": 956.2, "est_elderly": 274.1, "shelter_capacity_within_500m": 3629.5, "building_form_group": "low_floor_high_density", "dong_name": "삼성동", "top1_feature": "building_ratio", "top1_shap": 0.9351, "top2_feature": "built_surface_ratio", "top2_shap": 0.8237, "top3_feature": "impervious_ratio", "top3_shap": 0.7765, "priority_score": 69.3043, "priority_rank": 74 }, "geometry": { "type": "Polygon", "coordinates": [ [ [ 126.928906703824708, 37.469088188559041 ], [ 126.928889560278705, 37.471341504388207 ], [ 126.931716712094598, 37.47135513519828 ], [ 126.931733770786536, 37.469101818265834 ], [ 126.928906703824708, 37.469088188559041 ] ] ] } },
{ "type": "Feature", "properties": { "display_grid_id": "11620_00297", "gu_code": 11620, "gu_name": "관악구", "source_cell_count": 12, "area_m2": 62500.0, "mean_actual_lst": 43.1221, "mean_actual_anomaly": 7.0012, "seoul_anomaly": 5.8885, "pred_anomaly": 4.9635, "pred_anomaly_std": 0.8576, "green_delta_c": -0.3129, "building_ratio": 0.438, "green_ratio": 0.2127, "ndvi": 0.0906, "impervious_ratio": 0.4398, "built_surface_ratio": 0.4398, "avg_ground_floor_count": 3.5808, "elevation_m": 50.941, "albedo": 0.1149, "nearest_park_distance_m": 0.0384, "park_area_within_500m": 352840.664, "nearest_stream_distance_m": 187.5104, "est_population_density": 40914.0, "dong_elderly_ratio": 0.2131, "dong_avg_age": 45.632, "dong_pop_density": 5365.708, "nearest_shelter_distance_m": 98.2376, "shelter_count_within_500m": 6.16, "est_population": 2557.1, "est_elderly": 432.2, "shelter_capacity_within_500m": 5582.5, "building_form_group": "low_floor_high_density", "dong_name": "삼성동", "top1_feature": "building_ratio", "top1_shap": 0.8303, "top2_feature": "built_surface_ratio", "top2_shap": 0.6725, "top3_feature": "ndvi", "top3_shap": 0.5381, "priority_score": 63.9981, "priority_rank": 116 }, "geometry": { "type": "Polygon", "coordinates": [ [ [ 126.931733770786536, 37.469101818265834 ], [ 126.931716712094598, 37.47135513519828 ], [ 126.934543865809957, 37.471368698371045 ], [ 126.934560839647617, 37.469115380340796 ], [ 126.931733770786536, 37.469101818265834 ] ] ] } },
{ "type": "Feature", "properties": { "display_grid_id": "11620_00298", "gu_code": 11620, "gu_name": "관악구", "source_cell_count": 11, "area_m2": 62500.0, "mean_actual_lst": 41.8052, "mean_actual_anomaly": 5.5048, "seoul_anomaly": 4.3922, "pred_anomaly": 4.6837, "pred_anomaly_std": 0.7044, "green_delta_c": -0.6135, "building_ratio": 0.3347, "green_ratio": 0.2267, "ndvi": 0.0729, "impervious_ratio": 0.2963, "built_surface_ratio": 0.2963, "avg_ground_floor_count": 4.4775, "elevation_m": 51.644, "albedo": 0.1079, "nearest_park_distance_m": 5.4744, "park_area_within_500m": 292774.46, "nearest_stream_distance_m": 91.2088, "est_population_density": 43078.8, "dong_elderly_ratio": 0.1334, "dong_avg_age": 40.9, "dong_pop_density": 2941.0, "nearest_shelter_distance_m": 81.3424, "shelter_count_within_500m": 5.16, "est_population": 2692.4, "est_elderly": 359.1, "shelter_capacity_within_500m": 5296.7, "building_form_group": "high_floor_high_density", "dong_name": "대학동", "top1_feature": "ndvi", "top1_shap": 0.7949, "top2_feature": "building_ratio", "top2_shap": 0.6346, "top3_feature": "built_surface_ratio", "top3_shap": 0.4929, "priority_score": 63.6456, "priority_rank": 119 }, "geometry": { "type": "Polygon", "coordinates": [ [ [ 126.934560839647617, 37.469115380340796 ], [ 126.934543865809957, 37.471368698371045 ], [ 126.937371021415359, 37.471382193906372 ], [ 126.937387910398527, 37.469128874783792 ], [ 126.934560839647617, 37.469115380340796 ] ] ] } },
{ "type": "Feature", "properties": { "display_grid_id": "11620_00299", "gu_code": 11620, "gu_name": "관악구", "source_cell_count": 13, "area_m2": 62500.0, "mean_actual_lst": 41.6879, "mean_actual_anomaly": 5.296, "seoul_anomaly": 4.1833, "pred_anomaly": 4.2245, "pred_anomaly_std": 0.8485, "green_delta_c": -1.1524, "building_ratio": 0.3187, "green_ratio": 0.2508, "ndvi": 0.08, "impervious_ratio": 0.2523, "built_surface_ratio": 0.2523, "avg_ground_floor_count": 4.8537, "elevation_m": 52.2003, "albedo": 0.1066, "nearest_park_distance_m": 20.4376, "park_area_within_500m": 216684.5096, "nearest_stream_distance_m": 72.84, "est_population_density": 51818.0, "dong_elderly_ratio": 0.1425, "dong_avg_age": 41.22, "dong_pop_density": 10001.288, "nearest_shelter_distance_m": 170.8528, "shelter_count_within_500m": 5.0, "est_population": 3238.6, "est_elderly": 442.8, "shelter_capacity_within_500m": 7603.3, "building_form_group": "low_floor_high_density", "dong_name": "대학동", "top1_feature": "ndvi", "top1_shap": 0.7648, "top2_feature": "building_ratio", "top2_shap": 0.486, "top3_feature": "built_surface_ratio", "top3_shap": 0.4232, "priority_score": 78.154, "priority_rank": 12 }, "geometry": { "type": "Polygon", "coordinates": [ [ [ 126.937387910398527, 37.469128874783792 ], [ 126.937371021415359, 37.471382193906372 ], [ 126.940198178901326, 37.47139562180412 ], [ 126.94021498302979, 37.469142301594687 ], [ 126.937387910398527, 37.469128874783792 ] ] ] } },
{ "type": "Feature", "properties": { "display_grid_id": "11620_00300", "gu_code": 11620, "gu_name": "관악구", "source_cell_count": 14, "area_m2": 62500.0, "mean_actual_lst": 41.0635, "mean_actual_anomaly": 4.651, "seoul_anomaly": 3.5384, "pred_anomaly": 3.9856, "pred_anomaly_std": 0.8401, "green_delta_c": -0.5306, "building_ratio": 0.2862, "green_ratio": 0.2565, "ndvi": 0.1329, "impervious_ratio": 0.3773, "built_surface_ratio": 0.3773, "avg_ground_floor_count": 3.9239, "elevation_m": 58.6624, "albedo": 0.1087, "nearest_park_distance_m": 27.4792, "park_area_within_500m": 137360.924, "nearest_stream_distance_m": 72.6716, "est_population_density": 32816.8, "dong_elderly_ratio": 0.1379, "dong_avg_age": 41.06, "dong_pop_density": 6471.144, "nearest_shelter_distance_m": 237.7888, "shelter_count_within_500m": 4.04, "est_population": 2051.1, "est_elderly": 282.3, "shelter_capacity_within_500m": 27105.0, "building_form_group": "low_floor_high_density", "dong_name": "대학동", "top1_feature": "built_surface_ratio", "top1_shap": 0.6177, "top2_feature": "ndvi", "top2_shap": 0.4864, "top3_feature": "impervious_ratio", "top3_shap": 0.47, "priority_score": 61.962, "priority_rank": 146 }, "geometry": { "type": "Polygon", "coordinates": [ [ [ 126.94021498302979, 37.469142301594687 ], [ 126.940198178901326, 37.47139562180412 ], [ 126.943025338258451, 37.471408982064141 ], [ 126.943042057531969, 37.469155660773332 ], [ 126.94021498302979, 37.469142301594687 ] ] ] } },
{ "type": "Feature", "properties": { "display_grid_id": "11620_00301", "gu_code": 11620, "gu_name": "관악구", "source_cell_count": 15, "area_m2": 62500.0, "mean_actual_lst": 39.7301, "mean_actual_anomaly": 3.2967, "seoul_anomaly": 2.184, "pred_anomaly": 1.9977, "pred_anomaly_std": 0.8135, "green_delta_c": -0.7334, "building_ratio": 0.1007, "green_ratio": 0.3171, "ndvi": 0.2508, "impervious_ratio": 0.4941, "built_surface_ratio": 0.4941, "avg_ground_floor_count": 2.8564, "elevation_m": 60.2011, "albedo": 0.1414, "nearest_park_distance_m": 123.1568, "park_area_within_500m": 78973.3768, "nearest_stream_distance_m": 61.6596, "est_population_density": 8499.2, "dong_elderly_ratio": 0.147, "dong_avg_age": 41.38, "dong_pop_density": 13531.432, "nearest_shelter_distance_m": 295.8392, "shelter_count_within_500m": 2.76, "est_population": 531.2, "est_elderly": 76.0, "shelter_capacity_within_500m": 30193.5, "building_form_group": "low_floor_low_density", "dong_name": "대학동", "top1_feature": "built_surface_ratio", "top1_shap": 0.6969, "top2_feature": "green_ratio", "top2_shap": -0.1093, "top3_feature": "impervious_ratio", "top3_shap": 0.5003, "priority_score": 63.2189, "priority_rank": 123 }, "geometry": { "type": "Polygon", "coordinates": [ [ [ 126.943042057531969, 37.469155660773332 ], [ 126.943025338258451, 37.471408982064141 ], [ 126.94585249947724, 37.471422274686319 ], [ 126.945869133895599, 37.469168952319592 ], [ 126.943042057531969, 37.469155660773332 ] ] ] } },
{ "type": "Feature", "properties": { "display_grid_id": "11620_00302", "gu_code": 11620, "gu_name": "관악구", "source_cell_count": 11, "area_m2": 62500.0, "mean_actual_lst": 35.6079, "mean_actual_anomaly": -1.0101, "seoul_anomaly": -2.1227, "pred_anomaly": -1.2279, "pred_anomaly_std": 0.7821, "green_delta_c": -0.8437, "building_ratio": 0.0215, "green_ratio": 0.5712, "ndvi": 0.3676, "impervious_ratio": 0.2685, "built_surface_ratio": 0.2685, "avg_ground_floor_count": 0.348, "elevation_m": 81.0622, "albedo": 0.1485, "nearest_park_distance_m": 298.7404, "park_area_within_500m": 22524.286, "nearest_stream_distance_m": 194.988, "est_population_density": 196.0, "dong_elderly_ratio": 0.1618, "dong_avg_age": 41.9, "dong_pop_density": 25004.4, "nearest_shelter_distance_m": 384.7968, "shelter_count_within_500m": 1.16, "est_population": 12.3, "est_elderly": 2.0, "shelter_capacity_within_500m": 27647.7, "building_form_group": "no_building", "dong_name": "서림동", "top1_feature": "built_surface_ratio", "top1_shap": -0.1984, "top2_feature": "impervious_ratio", "top2_shap": -0.0606, "top3_feature": "green_ratio", "top3_shap": -0.5713, "priority_score": 54.8887, "priority_rank": 223 }, "geometry": { "type": "Polygon", "coordinates": [ [ [ 126.945869133895599, 37.469168952319592 ], [ 126.94585249947724, 37.471422274686319 ], [ 126.948679662548273, 37.471435499670491 ], [ 126.948696212111273, 37.469182176233339 ], [ 126.945869133895599, 37.469168952319592 ] ] ] } },
{ "type": "Feature", "properties": { "display_grid_id": "11620_00303", "gu_code": 11620, "gu_name": "관악구", "source_cell_count": 14, "area_m2": 62500.0, "mean_actual_lst": 32.3651, "mean_actual_anomaly": -3.956, "seoul_anomaly": -5.0687, "pred_anomaly": -4.183, "pred_anomaly_std": 0.6486, "green_delta_c": -1.0098, "building_ratio": 0.0, "green_ratio": 0.7882, "ndvi": 0.5268, "impervious_ratio": 0.0706, "built_surface_ratio": 0.0706, "avg_ground_floor_count": 0.0, "elevation_m": 109.0316, "albedo": 0.1247, "nearest_park_distance_m": 511.5124, "park_area_within_500m": 620.3076, "nearest_stream_distance_m": 389.6984, "est_population_density": 0.0, "dong_elderly_ratio": 0.1618, "dong_avg_age": 41.9, "dong_pop_density": 25004.4, "nearest_shelter_distance_m": 499.1328, "shelter_count_within_500m": 0.52, "est_population": 0.0, "est_elderly": 0.0, "shelter_capacity_within_500m": 6019.3, "building_form_group": "no_building", "dong_name": "서림동", "top1_feature": "built_surface_ratio", "top1_shap": -1.2525, "top2_feature": "impervious_ratio", "top2_shap": -1.0271, "top3_feature": "green_ratio", "top3_shap": -0.7911, "priority_score": 44.2718, "priority_rank": 343 }, "geometry": { "type": "Polygon", "coordinates": [ [ [ 126.948696212111273, 37.469182176233339 ], [ 126.948679662548273, 37.471435499670491 ], [ 126.951506827462111, 37.471448657016545 ], [ 126.951523292169497, 37.469195332514424 ], [ 126.948696212111273, 37.469182176233339 ] ] ] } },
{ "type": "Feature", "properties": { "display_grid_id": "11620_00304", "gu_code": 11620, "gu_name": "관악구", "source_cell_count": 10, "area_m2": 62500.0, "mean_actual_lst": 32.9494, "mean_actual_anomaly": -3.4482, "seoul_anomaly": -4.5609, "pred_anomaly": -3.5816, "pred_anomaly_std": 0.7267, "green_delta_c": -1.4211, "building_ratio": 0.0, "green_ratio": 0.7166, "ndvi": 0.458, "impervious_ratio": 0.0976, "built_surface_ratio": 0.0976, "avg_ground_floor_count": 0.0, "elevation_m": 119.5348, "albedo": 0.1179, "nearest_park_distance_m": 678.8752, "park_area_within_500m": 0.0, "nearest_stream_distance_m": 519.9296, "est_population_density": 0.0, "dong_elderly_ratio": 0.1269, "dong_avg_age": 38.916, "dong_pop_density": 12659.816, "nearest_shelter_distance_m": 526.1256, "shelter_count_within_500m": 0.4, "est_population": 0.0, "est_elderly": 0.0, "shelter_capacity_within_500m": 22.5, "building_form_group": "no_building", "dong_name": "낙성대동", "top1_feature": "built_surface_ratio", "top1_shap": -0.9573, "top2_feature": "impervious_ratio", "top2_shap": -0.7566, "top3_feature": "green_ratio", "top3_shap": -0.6197, "priority_score": 48.9564, "priority_rank": 291 }, "geometry": { "type": "Polygon", "coordinates": [ [ [ 126.951523292169497, 37.469195332514424 ], [ 126.951506827462111, 37.471448657016545 ], [ 126.954333994209279, 37.471461746724316 ], [ 126.95435037406088, 37.469208421162726 ], [ 126.951523292169497, 37.469195332514424 ] ] ] } },
{ "type": "Feature", "properties": { "display_grid_id": "11620_00305", "gu_code": 11620, "gu_name": "관악구", "source_cell_count": 10, "area_m2": 62500.0, "mean_actual_lst": 34.2575, "mean_actual_anomaly": -2.1841, "seoul_anomaly": -3.2968, "pred_anomaly": -2.9613, "pred_anomaly_std": 0.7099, "green_delta_c": -1.1129, "building_ratio": 0.0064, "green_ratio": 0.7125, "ndvi": 0.4686, "impervious_ratio": 0.114, "built_surface_ratio": 0.114, "avg_ground_floor_count": 0.24, "elevation_m": 97.6175, "albedo": 0.1387, "nearest_park_distance_m": 581.1328, "park_area_within_500m": 217.1792, "nearest_stream_distance_m": 326.5456, "est_population_density": 0.0, "dong_elderly_ratio": 0.0901, "dong_avg_age": 34.5, "dong_pop_density": 10325.8, "nearest_shelter_distance_m": 482.8112, "shelter_count_within_500m": 0.56, "est_population": 0.0, "est_elderly": 0.0, "shelter_capacity_within_500m": 364.5, "building_form_group": "no_building", "dong_name": "낙성대동", "top1_feature": "green_ratio", "top1_shap": -0.9276, "top2_feature": "built_surface_ratio", "top2_shap": -0.7824, "top3_feature": "impervious_ratio", "top3_shap": -0.6072, "priority_score": 49.9397, "priority_rank": 284 }, "geometry": { "type": "Polygon", "coordinates": [ [ [ 126.95435037406088, 37.469208421162726 ], [ 126.954333994209279, 37.471461746724316 ], [ 126.957161162780338, 37.471474768793698 ], [ 126.957177457775913, 37.469221442178082 ], [ 126.95435037406088, 37.469208421162726 ] ] ] } },
{ "type": "Feature", "properties": { "display_grid_id": "11620_00306", "gu_code": 11620, "gu_name": "관악구", "source_cell_count": 12, "area_m2": 62500.0, "mean_actual_lst": 37.831, "mean_actual_anomaly": 1.5437, "seoul_anomaly": 0.431, "pred_anomaly": 1.2343, "pred_anomaly_std": 0.8633, "green_delta_c": -0.6226, "building_ratio": 0.0801, "green_ratio": 0.3532, "ndvi": 0.3062, "impervious_ratio": 0.4724, "built_surface_ratio": 0.4724, "avg_ground_floor_count": 1.1102, "elevation_m": 65.8057, "albedo": 0.1379, "nearest_park_distance_m": 452.7184, "park_area_within_500m": 7899.9496, "nearest_stream_distance_m": 94.7864, "est_population_density": 0.0, "dong_elderly_ratio": 0.0901, "dong_avg_age": 34.5, "dong_pop_density": 10325.8, "nearest_shelter_distance_m": 313.0248, "shelter_count_within_500m": 2.04, "est_population": 0.0, "est_elderly": 0.0, "shelter_capacity_within_500m": 787.2, "building_form_group": "low_floor_low_density", "dong_name": "낙성대동", "top1_feature": "built_surface_ratio", "top1_shap": 0.6592, "top2_feature": "impervious_ratio", "top2_shap": 0.6406, "top3_feature": "green_ratio", "top3_shap": -0.1218, "priority_score": 48.0844, "priority_rank": 300 }, "geometry": { "type": "Polygon", "coordinates": [ [ [ 126.957177457775913, 37.469221442178082 ], [ 126.957161162780338, 37.471474768793698 ], [ 126.959988333165867, 37.471487723224534 ], [ 126.960004543305203, 37.469234395560399 ], [ 126.957177457775913, 37.469221442178082 ] ] ] } },
{ "type": "Feature", "properties": { "display_grid_id": "11620_00307", "gu_code": 11620, "gu_name": "관악구", "source_cell_count": 11, "area_m2": 62500.0, "mean_actual_lst": 32.9804, "mean_actual_anomaly": -3.3005, "seoul_anomaly": -4.4131, "pred_anomaly": -3.1727, "pred_anomaly_std": 0.6247, "green_delta_c": -1.1539, "building_ratio": 0.0141, "green_ratio": 0.7449, "ndvi": 0.5644, "impervious_ratio": 0.1164, "built_surface_ratio": 0.1164, "avg_ground_floor_count": 0.36, "elevation_m": 93.0781, "albedo": 0.1105, "nearest_park_distance_m": 249.4464, "park_area_within_500m": 25059.0584, "nearest_stream_distance_m": 129.1888, "est_population_density": 0.0, "dong_elderly_ratio": 0.0901, "dong_avg_age": 34.5, "dong_pop_density": 10325.8, "nearest_shelter_distance_m": 228.8272, "shelter_count_within_500m": 4.52, "est_population": 0.0, "est_elderly": 0.0, "shelter_capacity_within_500m": 962.2, "building_form_group": "no_building", "dong_name": "낙성대동", "top1_feature": "built_surface_ratio", "top1_shap": -0.8757, "top2_feature": "green_ratio", "top2_shap": -0.823, "top3_feature": "impervious_ratio", "top3_shap": -0.7468, "priority_score": 45.9694, "priority_rank": 323 }, "geometry": { "type": "Polygon", "coordinates": [ [ [ 126.960004543305203, 37.469234395560399 ], [ 126.959988333165867, 37.471487723224534 ], [ 126.962815505356375, 37.471500610016705 ], [ 126.962831630639272, 37.469247281309507 ], [ 126.960004543305203, 37.469234395560399 ] ] ] } },
{ "type": "Feature", "properties": { "display_grid_id": "11620_00308", "gu_code": 11620, "gu_name": "관악구", "source_cell_count": 14, "area_m2": 62500.0, "mean_actual_lst": 34.9375, "mean_actual_anomaly": -1.1082, "seoul_anomaly": -2.2209, "pred_anomaly": -1.4781, "pred_anomaly_std": 0.8586, "green_delta_c": -0.9588, "building_ratio": 0.1672, "green_ratio": 0.5844, "ndvi": 0.4198, "impervious_ratio": 0.1376, "built_surface_ratio": 0.1376, "avg_ground_floor_count": 4.5406, "elevation_m": 101.2194, "albedo": 0.1123, "nearest_park_distance_m": 37.74, "park_area_within_500m": 24830.84, "nearest_stream_distance_m": 355.9172, "est_population_density": 25340.8, "dong_elderly_ratio": 0.1667, "dong_avg_age": 41.9, "dong_pop_density": 23384.0, "nearest_shelter_distance_m": 100.0156, "shelter_count_within_500m": 6.08, "est_population": 1583.8, "est_elderly": 264.0, "shelter_capacity_within_500m": 977.0, "building_form_group": "no_building", "dong_name": "인헌동", "top1_feature": "built_surface_ratio", "top1_shap": -0.4512, "top2_feature": "green_ratio", "top2_shap": -0.6429, "top3_feature": "impervious_ratio", "top3_shap": -0.4139, "priority_score": 55.1021, "priority_rank": 221 }, "geometry": { "type": "Polygon", "coordinates": [ [ [ 126.962831630639272, 37.469247281309507 ], [ 126.962815505356375, 37.471500610016705 ], [ 126.965642679342452, 37.471513429170066 ], [ 126.965658719768683, 37.469260099425277 ], [ 126.962831630639272, 37.469247281309507 ] ] ] } },
{ "type": "Feature", "properties": { "display_grid_id": "11620_00309", "gu_code": 11620, "gu_name": "관악구", "source_cell_count": 11, "area_m2": 62500.0, "mean_actual_lst": 39.1051, "mean_actual_anomaly": 3.3325, "seoul_anomaly": 2.2199, "pred_anomaly": 3.2918, "pred_anomaly_std": 1.0346, "green_delta_c": -0.5692, "building_ratio": 0.4435, "green_ratio": 0.2969, "ndvi": 0.1239, "impervious_ratio": 0.2308, "built_surface_ratio": 0.2308, "avg_ground_floor_count": 3.627, "elevation_m": 95.3926, "albedo": 0.0969, "nearest_park_distance_m": 155.3712, "park_area_within_500m": 26385.6432, "nearest_stream_distance_m": 579.37, "est_population_density": 43161.6, "dong_elderly_ratio": 0.1667, "dong_avg_age": 41.9, "dong_pop_density": 23384.0, "nearest_shelter_distance_m": 179.034, "shelter_count_within_500m": 4.96, "est_population": 2697.6, "est_elderly": 449.6, "shelter_capacity_within_500m": 470.0, "building_form_group": "low_floor_high_density", "dong_name": "인헌동", "top1_feature": "building_ratio", "top1_shap": 0.9129, "top2_feature": "ndvi", "top2_shap": 0.5644, "top3_feature": "built_surface_ratio", "top3_shap": 0.3914, "priority_score": 61.0668, "priority_rank": 154 }, "geometry": { "type": "Polygon", "coordinates": [ [ [ 126.965658719768683, 37.469260099425277 ], [ 126.965642679342452, 37.471513429170066 ], [ 126.968469855114606, 37.471526180684485 ], [ 126.968485810684001, 37.46927284990759 ], [ 126.965658719768683, 37.469260099425277 ] ] ] } },
{ "type": "Feature", "properties": { "display_grid_id": "11620_00310", "gu_code": 11620, "gu_name": "관악구", "source_cell_count": 13, "area_m2": 62500.0, "mean_actual_lst": 37.0645, "mean_actual_anomaly": 1.1261, "seoul_anomaly": 0.0134, "pred_anomaly": 0.6842, "pred_anomaly_std": 0.903, "green_delta_c": -0.7144, "building_ratio": 0.3002, "green_ratio": 0.4445, "ndvi": 0.2757, "impervious_ratio": 0.1915, "built_surface_ratio": 0.1915, "avg_ground_floor_count": 2.8295, "elevation_m": 100.626, "albedo": 0.1051, "nearest_park_distance_m": 231.1084, "park_area_within_500m": 18886.1904, "nearest_stream_distance_m": 829.4828, "est_population_density": 27172.8, "dong_elderly_ratio": 0.1686, "dong_avg_age": 42.06, "dong_pop_density": 19775.48, "nearest_shelter_distance_m": 396.9524, "shelter_count_within_500m": 3.2, "est_population": 1698.3, "est_elderly": 283.1, "shelter_capacity_within_500m": 279.5, "building_form_group": "low_floor_high_density", "dong_name": "인헌동", "top1_feature": "building_ratio", "top1_shap": 0.5548, "top2_feature": "ndvi", "top2_shap": 0.0342, "top3_feature": "green_ratio", "top3_shap": -0.4845, "priority_score": 61.8182, "priority_rank": 147 }, "geometry": { "type": "Polygon", "coordinates": [ [ [ 126.968485810684001, 37.46927284990759 ], [ 126.968469855114606, 37.471526180684485 ], [ 126.971297032663429, 37.47153886455984 ], [ 126.971312903375761, 37.469285532756309 ], [ 126.968485810684001, 37.46927284990759 ] ] ] } },
{ "type": "Feature", "properties": { "display_grid_id": "11620_00311", "gu_code": 11620, "gu_name": "관악구", "source_cell_count": 11, "area_m2": 62500.0, "mean_actual_lst": 33.7879, "mean_actual_anomaly": -2.3421, "seoul_anomaly": -3.4547, "pred_anomaly": -2.8255, "pred_anomaly_std": 0.7552, "green_delta_c": -0.9388, "building_ratio": 0.0553, "green_ratio": 0.6365, "ndvi": 0.4801, "impervious_ratio": 0.1703, "built_surface_ratio": 0.1703, "avg_ground_floor_count": 2.6739, "elevation_m": 89.2044, "albedo": 0.1121, "nearest_park_distance_m": 149.918, "park_area_within_500m": 5346.5712, "nearest_stream_distance_m": 935.038, "est_population_density": 7012.8, "dong_elderly_ratio": 0.1763, "dong_avg_age": 42.7, "dong_pop_density": 5341.4, "nearest_shelter_distance_m": 552.8484, "shelter_count_within_500m": 0.24, "est_population": 438.3, "est_elderly": 77.3, "shelter_capacity_within_500m": 31.5, "building_form_group": "no_building", "dong_name": "남현동", "top1_feature": "built_surface_ratio", "top1_shap": -0.6144, "top2_feature": "green_ratio", "top2_shap": -0.7138, "top3_feature": "impervious_ratio", "top3_shap": -0.4725, "priority_score": 57.6438, "priority_rank": 193 }, "geometry": { "type": "Polygon", "coordinates": [ [ [ 126.971312903375761, 37.469285532756309 ], [ 126.971297032663429, 37.47153886455984 ], [ 126.974124211979472, 37.471551480795995 ], [ 126.974139997834499, 37.469298147971301 ], [ 126.971312903375761, 37.469285532756309 ] ] ] } },
{ "type": "Feature", "properties": { "display_grid_id": "11620_00312", "gu_code": 11620, "gu_name": "관악구", "source_cell_count": 12, "area_m2": 62500.0, "mean_actual_lst": 33.1902, "mean_actual_anomaly": -3.1184, "seoul_anomaly": -4.2311, "pred_anomaly": -3.8722, "pred_anomaly_std": 0.6591, "green_delta_c": -1.1087, "building_ratio": 0.0034, "green_ratio": 0.7417, "ndvi": 0.5076, "impervious_ratio": 0.071, "built_surface_ratio": 0.071, "avg_ground_floor_count": 0.6171, "elevation_m": 83.9598, "albedo": 0.1118, "nearest_park_distance_m": 262.6464, "park_area_within_500m": 6435.7444, "nearest_stream_distance_m": 723.8596, "est_population_density": 12.8, "dong_elderly_ratio": 0.1763, "dong_avg_age": 42.7, "dong_pop_density": 5341.4, "nearest_shelter_distance_m": 472.09, "shelter_count_within_500m": 1.36, "est_population": 0.8, "est_elderly": 0.1, "shelter_capacity_within_500m": 166.0, "building_form_group": "no_building", "dong_name": "남현동", "top1_feature": "built_surface_ratio", "top1_shap": -1.1997, "top2_feature": "impervious_ratio", "top2_shap": -0.8822, "top3_feature": "green_ratio", "top3_shap": -0.7197, "priority_score": 53.7477, "priority_rank": 237 }, "geometry": { "type": "Polygon", "coordinates": [ [ [ 126.974139997834499, 37.469298147971301 ], [ 126.974124211979472, 37.471551480795995 ], [ 126.97695139305327, 37.471564029392823 ], [ 126.976967094050821, 37.46931069555243 ], [ 126.974139997834499, 37.469298147971301 ] ] ] } },
{ "type": "Feature", "properties": { "display_grid_id": "11620_00313", "gu_code": 11620, "gu_name": "관악구", "source_cell_count": 11, "area_m2": 62500.0, "mean_actual_lst": 34.371, "mean_actual_anomaly": -1.8973, "seoul_anomaly": -3.01, "pred_anomaly": -3.2136, "pred_anomaly_std": 0.7466, "green_delta_c": -1.1848, "building_ratio": 0.0516, "green_ratio": 0.7145, "ndvi": 0.5034, "impervious_ratio": 0.085, "built_surface_ratio": 0.085, "avg_ground_floor_count": 1.3515, "elevation_m": 88.9856, "albedo": 0.0983, "nearest_park_distance_m": 357.1656, "park_area_within_500m": 17156.814, "nearest_stream_distance_m": 513.3756, "est_population_density": 2206.4, "dong_elderly_ratio": 0.1763, "dong_avg_age": 42.7, "dong_pop_density": 5341.4, "nearest_shelter_distance_m": 346.1612, "shelter_count_within_500m": 3.2, "est_population": 137.9, "est_elderly": 24.3, "shelter_capacity_within_500m": 257.5, "building_form_group": "no_building", "dong_name": "남현동", "top1_feature": "built_surface_ratio", "top1_shap": -0.9736, "top2_feature": "green_ratio", "top2_shap": -0.7687, "top3_feature": "impervious_ratio", "top3_shap": -0.7644, "priority_score": 57.7273, "priority_rank": 191 }, "geometry": { "type": "Polygon", "coordinates": [ [ [ 126.976967094050821, 37.46931069555243 ], [ 126.97695139305327, 37.471564029392823 ], [ 126.979778575875386, 37.471576510350182 ], [ 126.979794192015234, 37.469323175499582 ], [ 126.976967094050821, 37.46931069555243 ] ] ] } },
{ "type": "Feature", "properties": { "display_grid_id": "11620_00314", "gu_code": 11620, "gu_name": "관악구", "source_cell_count": 11, "area_m2": 62500.0, "mean_actual_lst": 35.0333, "mean_actual_anomaly": -1.2231, "seoul_anomaly": -2.3358, "pred_anomaly": -3.3155, "pred_anomaly_std": 0.7157, "green_delta_c": -1.3687, "building_ratio": 0.0335, "green_ratio": 0.7244, "ndvi": 0.4976, "impervious_ratio": 0.0891, "built_surface_ratio": 0.0891, "avg_ground_floor_count": 0.7934, "elevation_m": 89.0124, "albedo": 0.1077, "nearest_park_distance_m": 357.8012, "park_area_within_500m": 23767.5704, "nearest_stream_distance_m": 291.0676, "est_population_density": 0.0, "dong_elderly_ratio": 0.1763, "dong_avg_age": 42.7, "dong_pop_density": 5341.4, "nearest_shelter_distance_m": 255.346, "shelter_count_within_500m": 4.2, "est_population": 0.0, "est_elderly": 0.0, "shelter_capacity_within_500m": 199.0, "building_form_group": "no_building", "dong_name": "남현동", "top1_feature": "built_surface_ratio", "top1_shap": -1.032, "top2_feature": "impervious_ratio", "top2_shap": -0.8756, "top3_feature": "green_ratio", "top3_shap": -0.7615, "priority_score": 49.949, "priority_rank": 283 }, "geometry": { "type": "Polygon", "coordinates": [ [ [ 126.979794192015234, 37.469323175499582 ], [ 126.979778575875386, 37.471576510350182 ], [ 126.982605760436357, 37.471588923667966 ], [ 126.982621291718303, 37.469335587812616 ], [ 126.979794192015234, 37.469323175499582 ] ] ] } },
{ "type": "Feature", "properties": { "display_grid_id": "11620_00315", "gu_code": 11620, "gu_name": "관악구", "source_cell_count": 8, "area_m2": 33865.21, "mean_actual_lst": 38.2555, "mean_actual_anomaly": 1.9505, "seoul_anomaly": 0.8379, "pred_anomaly": 0.7208, "pred_anomaly_std": 1.0114, "green_delta_c": -0.8605, "building_ratio": 0.0916, "green_ratio": 0.3953, "ndvi": 0.2437, "impervious_ratio": 0.3521, "built_surface_ratio": 0.3521, "avg_ground_floor_count": 1.1788, "elevation_m": 52.025, "albedo": 0.1248, "nearest_park_distance_m": 401.7345, "park_area_within_500m": 17536.7106, "nearest_stream_distance_m": 177.389, "est_population_density": 0.0, "dong_elderly_ratio": 0.1763, "dong_avg_age": 42.7, "dong_pop_density": 5341.4, "nearest_shelter_distance_m": 222.6285, "shelter_count_within_500m": 4.1148, "est_population": 0.0, "est_elderly": 0.0, "shelter_capacity_within_500m": 134.6, "building_form_group": "low_floor_low_density", "dong_name": "남현동", "top1_feature": "ndvi", "top1_shap": 0.0297, "top2_feature": "green_ratio", "top2_shap": -0.5013, "top3_feature": "built_surface_ratio", "top3_shap": 0.3612, "priority_score": 52.0455, "priority_rank": 254 }, "geometry": { "type": "Polygon", "coordinates": [ [ [ 126.982621291718303, 37.469335587812616 ], [ 126.982605760436357, 37.471588923667966 ], [ 126.983209158276551, 37.471591564246964 ], [ 126.98357805000002, 37.47108236 ], [ 126.984027, 37.4705421 ], [ 126.98436903, 37.47019358 ], [ 126.984699059999983, 37.46987208 ], [ 126.98492149, 37.46963334 ], [ 126.985222744508548, 37.469346949669408 ], [ 126.982621291718303, 37.469335587812616 ] ] ] } },
{ "type": "Feature", "properties": { "display_grid_id": "11620_00316", "gu_code": 11620, "gu_name": "관악구", "source_cell_count": 4, "area_m2": 8255.14, "mean_actual_lst": 35.1266, "mean_actual_anomaly": -0.797, "seoul_anomaly": -1.9096, "pred_anomaly": -2.2175, "pred_anomaly_std": 0.7903, "green_delta_c": -0.863, "building_ratio": 0.061, "green_ratio": 0.6201, "ndvi": 0.4714, "impervious_ratio": 0.2355, "built_surface_ratio": 0.2355, "avg_ground_floor_count": 0.2462, "elevation_m": 75.9693, "albedo": 0.1444, "nearest_park_distance_m": 412.3811, "park_area_within_500m": 6546.4525, "nearest_stream_distance_m": 1409.6394, "est_population_density": 1710.4308, "dong_elderly_ratio": 0.2186, "dong_avg_age": 45.119, "dong_pop_density": 22140.4287, "nearest_shelter_distance_m": 261.1695, "shelter_count_within_500m": 7.0944, "est_population": 14.1, "est_elderly": 3.1, "shelter_capacity_within_500m": 247.4, "building_form_group": "no_building", "dong_name": "미성동", "top1_feature": "green_ratio", "top1_shap": -0.8259, "top2_feature": "ndvi", "top2_shap": -0.7304, "top3_feature": "built_surface_ratio", "top3_shap": -0.0138, "priority_score": 54.4434, "priority_rank": 227 }, "geometry": { "type": "Polygon", "coordinates": [ [ [ 126.909098449286446, 37.471384213559666 ], [ 126.90907897000001, 37.471412190000017 ], [ 126.90896558, 37.47155063000001 ], [ 126.908777540000017, 37.47178333 ], [ 126.908768330000015, 37.47179881 ], [ 126.908752740000011, 37.47183287 ], [ 126.908699250000012, 37.47195305 ], [ 126.908614229999984, 37.47214389 ], [ 126.90860662, 37.47215515 ], [ 126.90858451, 37.47217821000001 ], [ 126.90855975, 37.47220607 ], [ 126.9084535, 37.47227807 ], [ 126.90840451, 37.47232899 ], [ 126.908365780000011, 37.4723681 ], [ 126.908294070000011, 37.47250263 ], [ 126.908233699999982, 37.4726152 ], [ 126.90820519, 37.47266868 ], [ 126.908199700000011, 37.47268247 ], [ 126.908199700000011, 37.47268642 ], [ 126.908193990000015, 37.47272893 ], [ 126.908560940000015, 37.47295588 ], [ 126.90892025, 37.47306963 ], [ 126.909084783432604, 37.473120088784306 ], [ 126.909098449286446, 37.471384213559666 ] ] ] } },
{ "type": "Feature", "properties": { "display_grid_id": "11620_00317", "gu_code": 11620, "gu_name": "관악구", "source_cell_count": 12, "area_m2": 59821.53, "mean_actual_lst": 35.8291, "mean_actual_anomaly": -0.0234, "seoul_anomaly": -1.1361, "pred_anomaly": -1.3542, "pred_anomaly_std": 0.8228, "green_delta_c": -0.6144, "building_ratio": 0.1062, "green_ratio": 0.5129, "ndvi": 0.4191, "impervious_ratio": 0.3164, "built_surface_ratio": 0.3164, "avg_ground_floor_count": 2.6994, "elevation_m": 64.7421, "albedo": 0.1326, "nearest_park_distance_m": 364.4592, "park_area_within_500m": 12522.8351, "nearest_stream_distance_m": 1437.7337, "est_population_density": 11455.5019, "dong_elderly_ratio": 0.2185, "dong_avg_age": 45.1228, "dong_pop_density": 22160.6231, "nearest_shelter_distance_m": 175.044, "shelter_count_within_500m": 7.1933, "est_population": 685.3, "est_elderly": 149.9, "shelter_capacity_within_500m": 1066.2, "building_form_group": "low_floor_low_density", "dong_name": "미성동", "top1_feature": "ndvi", "top1_shap": -0.6522, "top2_feature": "green_ratio", "top2_shap": -0.629, "top3_feature": "built_surface_ratio", "top3_shap": 0.1247, "priority_score": 50.9091, "priority_rank": 272 }, "geometry": { "type": "Polygon", "coordinates": [ [ [ 126.911909035170282, 37.473511607378477 ], [ 126.911926689801419, 37.471258299152453 ], [ 126.909195606055675, 37.471244675200282 ], [ 126.909098449286446, 37.471384213559666 ], [ 126.909084783432604, 37.473120088784306 ], [ 126.9093179, 37.47319158 ], [ 126.90959484, 37.47321318 ], [ 126.909943750000011, 37.47330412 ], [ 126.90994923, 37.47330835 ], [ 126.909963510000011, 37.47332947000001 ], [ 126.91002117, 37.47341737 ], [ 126.91002945, 37.473429479999986 ], [ 126.91019737000002, 37.47349043 ], [ 126.910235583819116, 37.473503266467951 ], [ 126.911909035170282, 37.473511607378477 ] ] ] } },
{ "type": "Feature", "properties": { "display_grid_id": "11620_00318", "gu_code": 11620, "gu_name": "관악구", "source_cell_count": 15, "area_m2": 62500.0, "mean_actual_lst": 33.6981, "mean_actual_anomaly": -2.104, "seoul_anomaly": -3.2167, "pred_anomaly": -2.7102, "pred_anomaly_std": 0.7993, "green_delta_c": -0.7637, "building_ratio": 0.0696, "green_ratio": 0.6236, "ndvi": 0.4069, "impervious_ratio": 0.1728, "built_surface_ratio": 0.1728, "avg_ground_floor_count": 2.4134, "elevation_m": 60.3533, "albedo": 0.115, "nearest_park_distance_m": 311.9376, "park_area_within_500m": 48404.3356, "nearest_stream_distance_m": 1493.3568, "est_population_density": 3144.0, "dong_elderly_ratio": 0.2188, "dong_avg_age": 45.1, "dong_pop_density": 22039.4, "nearest_shelter_distance_m": 96.6012, "shelter_count_within_500m": 5.52, "est_population": 196.5, "est_elderly": 43.0, "shelter_capacity_within_500m": 735.0, "building_form_group": "low_floor_low_density", "dong_name": "미성동", "top1_feature": "green_ratio", "top1_shap": -0.9596, "top2_feature": "built_surface_ratio", "top2_shap": -0.447, "top3_feature": "impervious_ratio", "top3_shap": -0.2862, "priority_score": 45.4916, "priority_rank": 332 }, "geometry": { "type": "Polygon", "coordinates": [ [ [ 126.911926689801419, 37.471258299152453 ], [ 126.911909035170282, 37.473511607378477 ], [ 126.914736260253051, 37.473525645145536 ], [ 126.914753830022065, 37.471272335783333 ], [ 126.911926689801419, 37.471258299152453 ] ] ] } },
{ "type": "Feature", "properties": { "display_grid_id": "11620_00319", "gu_code": 11620, "gu_name": "관악구", "source_cell_count": 10, "area_m2": 62500.0, "mean_actual_lst": 35.3937, "mean_actual_anomaly": -0.428, "seoul_anomaly": -1.5406, "pred_anomaly": -1.5052, "pred_anomaly_std": 0.8116, "green_delta_c": -0.6956, "building_ratio": 0.1242, "green_ratio": 0.521, "ndvi": 0.3283, "impervious_ratio": 0.2044, "built_surface_ratio": 0.2044, "avg_ground_floor_count": 7.2942, "elevation_m": 52.0772, "albedo": 0.121, "nearest_park_distance_m": 146.6976, "park_area_within_500m": 77388.5212, "nearest_stream_distance_m": 1481.9408, "est_population_density": 18505.6, "dong_elderly_ratio": 0.2223, "dong_avg_age": 45.724, "dong_pop_density": 24308.504, "nearest_shelter_distance_m": 101.886, "shelter_count_within_500m": 6.64, "est_population": 1156.6, "est_elderly": 256.5, "shelter_capacity_within_500m": 949.0, "building_form_group": "high_floor_low_density", "dong_name": "미성동", "top1_feature": "green_ratio", "top1_shap": -0.59, "top2_feature": "built_surface_ratio", "top2_shap": -0.2078, "top3_feature": "impervious_ratio", "top3_shap": -0.1059, "priority_score": 51.1596, "priority_rank": 270 }, "geometry": { "type": "Polygon", "coordinates": [ [ [ 126.914753830022065, 37.471272335783333 ], [ 126.914736260253051, 37.473525645145536 ], [ 126.917563487292199, 37.473539615270688 ], [ 126.917580972198863, 37.471286304777777 ], [ 126.914753830022065, 37.471272335783333 ] ] ] } },
{ "type": "Feature", "properties": { "display_grid_id": "11620_00320", "gu_code": 11620, "gu_name": "관악구", "source_cell_count": 15, "area_m2": 62500.0, "mean_actual_lst": 40.5995, "mean_actual_anomaly": 4.6428, "seoul_anomaly": 3.5302, "pred_anomaly": 3.7831, "pred_anomaly_std": 0.5121, "green_delta_c": -0.7992, "building_ratio": 0.4078, "green_ratio": 0.2586, "ndvi": 0.0895, "impervious_ratio": 0.2898, "built_surface_ratio": 0.2898, "avg_ground_floor_count": 3.926, "elevation_m": 35.3535, "albedo": 0.1174, "nearest_park_distance_m": 22.0804, "park_area_within_500m": 74610.99, "nearest_stream_distance_m": 1252.6936, "est_population_density": 44423.2, "dong_elderly_ratio": 0.226, "dong_avg_age": 46.4, "dong_pop_density": 26766.7, "nearest_shelter_distance_m": 190.0884, "shelter_count_within_500m": 8.92, "est_population": 2776.5, "est_elderly": 627.5, "shelter_capacity_within_500m": 1280.0, "building_form_group": "low_floor_high_density", "dong_name": "난곡동", "top1_feature": "ndvi", "top1_shap": 0.697, "top2_feature": "building_ratio", "top2_shap": 0.6761, "top3_feature": "built_surface_ratio", "top3_shap": 0.5233, "priority_score": 74.7124, "priority_rank": 41 }, "geometry": { "type": "Polygon", "coordinates": [ [ [ 126.917580972198863, 37.471286304777777 ], [ 126.917563487292199, 37.473539615270688 ], [ 126.920390716278305, 37.473553517753786 ], [ 126.920408116322378, 37.471300206135631 ], [ 126.917580972198863, 37.471286304777777 ] ] ] } },
{ "type": "Feature", "properties": { "display_grid_id": "11620_00321", "gu_code": 11620, "gu_name": "관악구", "source_cell_count": 11, "area_m2": 62500.0, "mean_actual_lst": 40.5181, "mean_actual_anomaly": 4.5187, "seoul_anomaly": 3.4061, "pred_anomaly": 3.6852, "pred_anomaly_std": 0.6523, "green_delta_c": -0.7837, "building_ratio": 0.4589, "green_ratio": 0.2801, "ndvi": 0.0937, "impervious_ratio": 0.1913, "built_surface_ratio": 0.1913, "avg_ground_floor_count": 3.439, "elevation_m": 46.7841, "albedo": 0.1064, "nearest_park_distance_m": 143.8412, "park_area_within_500m": 70232.1876, "nearest_stream_distance_m": 1018.5392, "est_population_density": 44732.0, "dong_elderly_ratio": 0.226, "dong_avg_age": 46.4, "dong_pop_density": 26766.7, "nearest_shelter_distance_m": 137.3852, "shelter_count_within_500m": 8.44, "est_population": 2795.7, "est_elderly": 631.8, "shelter_capacity_within_500m": 1260.0, "building_form_group": "low_floor_high_density", "dong_name": "난곡동", "top1_feature": "building_ratio", "top1_shap": 0.9179, "top2_feature": "ndvi", "top2_shap": 0.7517, "top3_feature": "built_surface_ratio", "top3_shap": 0.3551, "priority_score": 70.7143, "priority_rank": 67 }, "geometry": { "type": "Polygon", "coordinates": [ [ [ 126.920408116322378, 37.471300206135631 ], [ 126.920390716278305, 37.473553517753786 ], [ 126.923217947201891, 37.473567352594671 ], [ 126.923235262383159, 37.47131403985675 ], [ 126.920408116322378, 37.471300206135631 ] ] ] } },
{ "type": "Feature", "properties": { "display_grid_id": "11620_00322", "gu_code": 11620, "gu_name": "관악구", "source_cell_count": 15, "area_m2": 62500.0, "mean_actual_lst": 38.5521, "mean_actual_anomaly": 2.4248, "seoul_anomaly": 1.3122, "pred_anomaly": 0.2116, "pred_anomaly_std": 0.9655, "green_delta_c": -0.737, "building_ratio": 0.1196, "green_ratio": 0.4412, "ndvi": 0.2753, "impervious_ratio": 0.2693, "built_surface_ratio": 0.2693, "avg_ground_floor_count": 2.8095, "elevation_m": 84.0327, "albedo": 0.1275, "nearest_park_distance_m": 288.2524, "park_area_within_500m": 61635.0928, "nearest_stream_distance_m": 759.2576, "est_population_density": 9576.8, "dong_elderly_ratio": 0.226, "dong_avg_age": 46.4, "dong_pop_density": 26766.7, "nearest_shelter_distance_m": 184.7348, "shelter_count_within_500m": 6.04, "est_population": 598.6, "est_elderly": 135.2, "shelter_capacity_within_500m": 959.0, "building_form_group": "low_floor_low_density", "dong_name": "난곡동", "top1_feature": "built_surface_ratio", "top1_shap": 0.236, "top2_feature": "green_ratio", "top2_shap": -0.4136, "top3_feature": "impervious_ratio", "top3_shap": 0.3203, "priority_score": 58.2746, "priority_rank": 183 }, "geometry": { "type": "Polygon", "coordinates": [ [ [ 126.923235262383159, 37.47131403985675 ], [ 126.923217947201891, 37.473567352594671 ], [ 126.926045180053549, 37.473581119793195 ], [ 126.926062410371742, 37.471327805940994 ], [ 126.923235262383159, 37.47131403985675 ] ] ] } },
{ "type": "Feature", "properties": { "display_grid_id": "11620_00323", "gu_code": 11620, "gu_name": "관악구", "source_cell_count": 14, "area_m2": 62500.0, "mean_actual_lst": 32.6382, "mean_actual_anomaly": -3.2135, "seoul_anomaly": -4.3261, "pred_anomaly": -3.9731, "pred_anomaly_std": 0.6745, "green_delta_c": -1.1082, "building_ratio": 0.0152, "green_ratio": 0.7723, "ndvi": 0.4561, "impervious_ratio": 0.072, "built_surface_ratio": 0.072, "avg_ground_floor_count": 0.7947, "elevation_m": 108.0796, "albedo": 0.136, "nearest_park_distance_m": 162.4284, "park_area_within_500m": 140346.8096, "nearest_stream_distance_m": 520.2864, "est_population_density": 1603.2, "dong_elderly_ratio": 0.2746, "dong_avg_age": 49.28, "dong_pop_density": 11436.46, "nearest_shelter_distance_m": 238.6756, "shelter_count_within_500m": 3.96, "est_population": 100.2, "est_elderly": 22.7, "shelter_capacity_within_500m": 634.0, "building_form_group": "no_building", "dong_name": "삼성동", "top1_feature": "built_surface_ratio", "top1_shap": -1.1923, "top2_feature": "impervious_ratio", "top2_shap": -0.9453, "top3_feature": "green_ratio", "top3_shap": -0.9003, "priority_score": 52.8664, "priority_rank": 246 }, "geometry": { "type": "Polygon", "coordinates": [ [ [ 126.926062410371742, 37.471327805940994 ], [ 126.926045180053549, 37.473581119793195 ], [ 126.928872414823772, 37.473594819349238 ], [ 126.928889560278705, 37.471341504388207 ], [ 126.926062410371742, 37.471327805940994 ] ] ] } },
{ "type": "Feature", "properties": { "display_grid_id": "11620_00324", "gu_code": 11620, "gu_name": "관악구", "source_cell_count": 13, "area_m2": 62500.0, "mean_actual_lst": 36.9142, "mean_actual_anomaly": 0.5935, "seoul_anomaly": -0.5192, "pred_anomaly": -0.311, "pred_anomaly_std": 0.8436, "green_delta_c": -0.6442, "building_ratio": 0.1501, "green_ratio": 0.5275, "ndvi": 0.3527, "impervious_ratio": 0.3061, "built_surface_ratio": 0.3061, "avg_ground_floor_count": 1.7267, "elevation_m": 67.8922, "albedo": 0.1248, "nearest_park_distance_m": 31.076, "park_area_within_500m": 237770.5996, "nearest_stream_distance_m": 263.4952, "est_population_density": 9421.2, "dong_elderly_ratio": 0.2867, "dong_avg_age": 50.0, "dong_pop_density": 7603.9, "nearest_shelter_distance_m": 261.8512, "shelter_count_within_500m": 4.48, "est_population": 588.8, "est_elderly": 168.8, "shelter_capacity_within_500m": 3183.0, "building_form_group": "low_floor_low_density", "dong_name": "삼성동", "top1_feature": "green_ratio", "top1_shap": -0.9329, "top2_feature": "ndvi", "top2_shap": -0.6058, "top3_feature": "built_surface_ratio", "top3_shap": 0.2278, "priority_score": 55.6401, "priority_rank": 216 }, "geometry": { "type": "Polygon", "coordinates": [ [ [ 126.928889560278705, 37.471341504388207 ], [ 126.928872414823772, 37.473594819349238 ], [ 126.931699651503166, 37.473608451262649 ], [ 126.931716712094598, 37.47135513519828 ], [ 126.928889560278705, 37.471341504388207 ] ] ] } },
{ "type": "Feature", "properties": { "display_grid_id": "11620_00325", "gu_code": 11620, "gu_name": "관악구", "source_cell_count": 15, "area_m2": 62500.0, "mean_actual_lst": 41.0409, "mean_actual_anomaly": 4.7365, "seoul_anomaly": 3.6239, "pred_anomaly": 3.4514, "pred_anomaly_std": 1.0258, "green_delta_c": -1.0385, "building_ratio": 0.2748, "green_ratio": 0.3187, "ndvi": 0.1618, "impervious_ratio": 0.3325, "built_surface_ratio": 0.3325, "avg_ground_floor_count": 1.9544, "elevation_m": 45.9459, "albedo": 0.1228, "nearest_park_distance_m": 12.9032, "park_area_within_500m": 263893.0748, "nearest_stream_distance_m": 62.2744, "est_population_density": 14003.6, "dong_elderly_ratio": 0.2467, "dong_avg_age": 47.408, "dong_pop_density": 13172.06, "nearest_shelter_distance_m": 224.4376, "shelter_count_within_500m": 6.24, "est_population": 875.2, "est_elderly": 194.3, "shelter_capacity_within_500m": 5675.5, "building_form_group": "low_floor_high_density", "dong_name": "삼성동", "top1_feature": "ndvi", "top1_shap": 0.308, "top2_feature": "built_surface_ratio", "top2_shap": 0.5468, "top3_feature": "impervious_ratio", "top3_shap": 0.3892, "priority_score": 71.2941, "priority_rank": 61 }, "geometry": { "type": "Polygon", "coordinates": [ [ [ 126.931716712094598, 37.47135513519828 ], [ 126.931699651503166, 37.473608451262649 ], [ 126.934526890082253, 37.473622015533287 ], [ 126.934543865809957, 37.471368698371045 ], [ 126.931716712094598, 37.47135513519828 ] ] ] } },
{ "type": "Feature", "properties": { "display_grid_id": "11620_00326", "gu_code": 11620, "gu_name": "관악구", "source_cell_count": 12, "area_m2": 62500.0, "mean_actual_lst": 41.9408, "mean_actual_anomaly": 5.5562, "seoul_anomaly": 4.4436, "pred_anomaly": 5.1092, "pred_anomaly_std": 0.7228, "green_delta_c": -0.3575, "building_ratio": 0.4123, "green_ratio": 0.2466, "ndvi": 0.077, "impervious_ratio": 0.2809, "built_surface_ratio": 0.2809, "avg_ground_floor_count": 3.5597, "elevation_m": 46.3736, "albedo": 0.1199, "nearest_park_distance_m": 98.0308, "park_area_within_500m": 234292.4008, "nearest_stream_distance_m": 122.0884, "est_population_density": 41980.8, "dong_elderly_ratio": 0.1618, "dong_avg_age": 41.9, "dong_pop_density": 25004.4, "nearest_shelter_distance_m": 198.3352, "shelter_count_within_500m": 7.08, "est_population": 2623.8, "est_elderly": 424.6, "shelter_capacity_within_500m": 5687.3, "building_form_group": "low_floor_high_density", "dong_name": "서림동", "top1_feature": "ndvi", "top1_shap": 0.7485, "top2_feature": "building_ratio", "top2_shap": 0.6991, "top3_feature": "built_surface_ratio", "top3_shap": 0.5577, "priority_score": 62.7133, "priority_rank": 130 }, "geometry": { "type": "Polygon", "coordinates": [ [ [ 126.934543865809957, 37.471368698371045 ], [ 126.934526890082253, 37.473622015533287 ], [ 126.937354130551611, 37.473635512161003 ], [ 126.937371021415359, 37.471382193906372 ], [ 126.934543865809957, 37.471368698371045 ] ] ] } },
{ "type": "Feature", "properties": { "display_grid_id": "11620_00327", "gu_code": 11620, "gu_name": "관악구", "source_cell_count": 15, "area_m2": 62500.0, "mean_actual_lst": 41.3867, "mean_actual_anomaly": 4.9742, "seoul_anomaly": 3.8615, "pred_anomaly": 4.7736, "pred_anomaly_std": 0.7035, "green_delta_c": -0.956, "building_ratio": 0.4337, "green_ratio": 0.2719, "ndvi": 0.0904, "impervious_ratio": 0.2299, "built_surface_ratio": 0.2299, "avg_ground_floor_count": 3.8578, "elevation_m": 57.392, "albedo": 0.1062, "nearest_park_distance_m": 221.5084, "park_area_within_500m": 173592.552, "nearest_stream_distance_m": 190.8124, "est_population_density": 47251.2, "dong_elderly_ratio": 0.1618, "dong_avg_age": 41.9, "dong_pop_density": 25004.4, "nearest_shelter_distance_m": 165.58, "shelter_count_within_500m": 5.56, "est_population": 2953.2, "est_elderly": 477.9, "shelter_capacity_within_500m": 4999.3, "building_form_group": "low_floor_high_density", "dong_name": "서림동", "top1_feature": "building_ratio", "top1_shap": 0.9711, "top2_feature": "ndvi", "top2_shap": 0.7666, "top3_feature": "built_surface_ratio", "top3_shap": 0.3958, "priority_score": 75.5566, "priority_rank": 35 }, "geometry": { "type": "Polygon", "coordinates": [ [ [ 126.937371021415359, 37.471382193906372 ], [ 126.937354130551611, 37.473635512161003 ], [ 126.940181372901733, 37.473648941145676 ], [ 126.940198178901326, 37.47139562180412 ], [ 126.937371021415359, 37.471382193906372 ] ] ] } },
{ "type": "Feature", "properties": { "display_grid_id": "11620_00328", "gu_code": 11620, "gu_name": "관악구", "source_cell_count": 13, "area_m2": 62500.0, "mean_actual_lst": 38.572, "mean_actual_anomaly": 2.2051, "seoul_anomaly": 1.0925, "pred_anomaly": 2.2263, "pred_anomaly_std": 0.8877, "green_delta_c": -0.5866, "building_ratio": 0.3305, "green_ratio": 0.3572, "ndvi": 0.1903, "impervious_ratio": 0.241, "built_surface_ratio": 0.241, "avg_ground_floor_count": 4.3122, "elevation_m": 87.5834, "albedo": 0.1108, "nearest_park_distance_m": 235.3628, "park_area_within_500m": 97059.984, "nearest_stream_distance_m": 195.674, "est_population_density": 40005.2, "dong_elderly_ratio": 0.1618, "dong_avg_age": 41.9, "dong_pop_density": 25004.4, "nearest_shelter_distance_m": 127.4324, "shelter_count_within_500m": 4.28, "est_population": 2500.3, "est_elderly": 404.6, "shelter_capacity_within_500m": 692.0, "building_form_group": "high_floor_high_density", "dong_name": "서림동", "top1_feature": "built_surface_ratio", "top1_shap": 0.2551, "top2_feature": "building_ratio", "top2_shap": 0.5579, "top3_feature": "ndvi", "top3_shap": 0.2998, "priority_score": 56.4749, "priority_rank": 205 }, "geometry": { "type": "Polygon", "coordinates": [ [ [ 126.940198178901326, 37.47139562180412 ], [ 126.940181372901733, 37.473648941145676 ], [ 126.943008617123226, 37.473662302487142 ], [ 126.943025338258451, 37.471408982064141 ], [ 126.940198178901326, 37.47139562180412 ] ] ] } },
{ "type": "Feature", "properties": { "display_grid_id": "11620_00329", "gu_code": 11620, "gu_name": "관악구", "source_cell_count": 12, "area_m2": 62500.0, "mean_actual_lst": 32.3961, "mean_actual_anomaly": -3.8831, "seoul_anomaly": -4.9957, "pred_anomaly": -4.2366, "pred_anomaly_std": 0.6925, "green_delta_c": -0.8799, "building_ratio": 0.0104, "green_ratio": 0.7643, "ndvi": 0.4933, "impervious_ratio": 0.0627, "built_surface_ratio": 0.0627, "avg_ground_floor_count": 0.8736, "elevation_m": 124.6053, "albedo": 0.1422, "nearest_park_distance_m": 318.1572, "park_area_within_500m": 44525.8536, "nearest_stream_distance_m": 230.5924, "est_population_density": 1057.2, "dong_elderly_ratio": 0.1598, "dong_avg_age": 41.692, "dong_pop_density": 25461.128, "nearest_shelter_distance_m": 331.4044, "shelter_count_within_500m": 2.84, "est_population": 66.1, "est_elderly": 10.7, "shelter_capacity_within_500m": 9966.0, "building_form_group": "no_building", "dong_name": "서림동", "top1_feature": "built_surface_ratio", "top1_shap": -1.2917, "top2_feature": "impervious_ratio", "top2_shap": -1.06, "top3_feature": "green_ratio", "top3_shap": -0.8362, "priority_score": 48.9054, "priority_rank": 292 }, "geometry": { "type": "Polygon", "coordinates": [ [ [ 126.943025338258451, 37.471408982064141 ], [ 126.943008617123226, 37.473662302487142 ], [ 126.945835863206625, 37.473675596185288 ], [ 126.94585249947724, 37.471422274686319 ], [ 126.943025338258451, 37.471408982064141 ] ] ] } },
{ "type": "Feature", "properties": { "display_grid_id": "11620_00330", "gu_code": 11620, "gu_name": "관악구", "source_cell_count": 14, "area_m2": 62500.0, "mean_actual_lst": 31.643, "mean_actual_anomaly": -4.6464, "seoul_anomaly": -5.759, "pred_anomaly": -4.8899, "pred_anomaly_std": 0.6179, "green_delta_c": -0.7961, "building_ratio": 0.0, "green_ratio": 0.7961, "ndvi": 0.5142, "impervious_ratio": 0.0474, "built_surface_ratio": 0.0474, "avg_ground_floor_count": 0.0, "elevation_m": 128.9156, "albedo": 0.1325, "nearest_park_distance_m": 476.4248, "park_area_within_500m": 5155.764, "nearest_stream_distance_m": 373.1016, "est_population_density": 0.0, "dong_elderly_ratio": 0.151, "dong_avg_age": 40.756, "dong_pop_density": 27516.404, "nearest_shelter_distance_m": 469.2884, "shelter_count_within_500m": 1.24, "est_population": 0.0, "est_elderly": 0.0, "shelter_capacity_within_500m": 157.0, "building_form_group": "no_building", "dong_name": "서림동", "top1_feature": "built_surface_ratio", "top1_shap": -1.4831, "top2_feature": "impervious_ratio", "top2_shap": -1.302, "top3_feature": "green_ratio", "top3_shap": -0.8029, "priority_score": 37.6762, "priority_rank": 397 }, "geometry": { "type": "Polygon", "coordinates": [ [ [ 126.94585249947724, 37.471422274686319 ], [ 126.945835863206625, 37.473675596185288 ], [ 126.948663111142494, 37.473688822239964 ], [ 126.948679662548273, 37.471435499670491 ], [ 126.94585249947724, 37.471422274686319 ] ] ] } },
{ "type": "Feature", "properties": { "display_grid_id": "11620_00331", "gu_code": 11620, "gu_name": "관악구", "source_cell_count": 12, "area_m2": 62500.0, "mean_actual_lst": 34.6211, "mean_actual_anomaly": -1.9187, "seoul_anomaly": -3.0313, "pred_anomaly": -2.7116, "pred_anomaly_std": 0.8582, "green_delta_c": -0.9936, "building_ratio": 0.062, "green_ratio": 0.6632, "ndvi": 0.4425, "impervious_ratio": 0.1598, "built_surface_ratio": 0.1598, "avg_ground_floor_count": 0.64, "elevation_m": 115.8231, "albedo": 0.1234, "nearest_park_distance_m": 608.5592, "park_area_within_500m": 0.9448, "nearest_stream_distance_m": 542.1272, "est_population_density": 1491.2, "dong_elderly_ratio": 0.1431, "dong_avg_age": 39.924, "dong_pop_density": 29343.316, "nearest_shelter_distance_m": 329.6092, "shelter_count_within_500m": 2.68, "est_population": 93.2, "est_elderly": 12.7, "shelter_capacity_within_500m": 211.0, "building_form_group": "no_building", "dong_name": "청룡동", "top1_feature": "built_surface_ratio", "top1_shap": -0.6573, "top2_feature": "green_ratio", "top2_shap": -0.7897, "top3_feature": "impervious_ratio", "top3_shap": -0.4272, "priority_score": 55.5937, "priority_rank": 218 }, "geometry": { "type": "Polygon", "coordinates": [ [ [ 126.948679662548273, 37.471435499670491 ], [ 126.948663111142494, 37.473688822239964 ], [ 126.951490360921355, 37.473701980651022 ], [ 126.951506827462111, 37.471448657016545 ], [ 126.948679662548273, 37.471435499670491 ] ] ] } },
{ "type": "Feature", "properties": { "display_grid_id": "11620_00332", "gu_code": 11620, "gu_name": "관악구", "source_cell_count": 16, "area_m2": 62500.0, "mean_actual_lst": 35.5968, "mean_actual_anomaly": -0.8928, "seoul_anomaly": -2.0055, "pred_anomaly": -1.6179, "pred_anomaly_std": 0.851, "green_delta_c": -1.1674, "building_ratio": 0.0538, "green_ratio": 0.5515, "ndvi": 0.3646, "impervious_ratio": 0.2129, "built_surface_ratio": 0.2129, "avg_ground_floor_count": 0.8438, "elevation_m": 103.4743, "albedo": 0.113, "nearest_park_distance_m": 555.2764, "park_area_within_500m": 636.5768, "nearest_stream_distance_m": 616.1188, "est_population_density": 2314.4, "dong_elderly_ratio": 0.1089, "dong_avg_age": 36.42, "dong_pop_density": 18480.88, "nearest_shelter_distance_m": 276.134, "shelter_count_within_500m": 3.4, "est_population": 144.6, "est_elderly": 17.8, "shelter_capacity_within_500m": 260.0, "building_form_group": "no_building", "dong_name": "낙성대동", "top1_feature": "built_surface_ratio", "top1_shap": -0.3897, "top2_feature": "impervious_ratio", "top2_shap": -0.2291, "top3_feature": "green_ratio", "top3_shap": -0.4482, "priority_score": 58.9332, "priority_rank": 175 }, "geometry": { "type": "Polygon", "coordinates": [ [ [ 126.951506827462111, 37.471448657016545 ], [ 126.951490360921355, 37.473701980651022 ], [ 126.954317612533771, 37.473715071418354 ], [ 126.954333994209279, 37.471461746724316 ], [ 126.951506827462111, 37.471448657016545 ] ] ] } },
{ "type": "Feature", "properties": { "display_grid_id": "11620_00333", "gu_code": 11620, "gu_name": "관악구", "source_cell_count": 13, "area_m2": 62500.0, "mean_actual_lst": 33.0487, "mean_actual_anomaly": -3.4505, "seoul_anomaly": -4.5632, "pred_anomaly": -4.0176, "pred_anomaly_std": 0.6043, "green_delta_c": -1.0915, "building_ratio": 0.002, "green_ratio": 0.7731, "ndvi": 0.5187, "impervious_ratio": 0.0657, "built_surface_ratio": 0.0657, "avg_ground_floor_count": 0.16, "elevation_m": 102.0359, "albedo": 0.1315, "nearest_park_distance_m": 367.0444, "park_area_within_500m": 9245.788, "nearest_stream_distance_m": 404.538, "est_population_density": 0.0, "dong_elderly_ratio": 0.0901, "dong_avg_age": 34.5, "dong_pop_density": 10325.8, "nearest_shelter_distance_m": 345.31, "shelter_count_within_500m": 3.32, "est_population": 0.0, "est_elderly": 0.0, "shelter_capacity_within_500m": 888.5, "building_form_group": "no_building", "dong_name": "낙성대동", "top1_feature": "built_surface_ratio", "top1_shap": -1.2675, "top2_feature": "impervious_ratio", "top2_shap": -0.999, "top3_feature": "green_ratio", "top3_shap": -0.7746, "priority_score": 45.8302, "priority_rank": 325 }, "geometry": { "type": "Polygon", "coordinates": [ [ [ 126.954333994209279, 37.471461746724316 ], [ 126.954317612533771, 37.473715071418354 ], [ 126.957144865970307, 37.473728094541805 ], [ 126.957161162780338, 37.471474768793698 ], [ 126.954333994209279, 37.471461746724316 ] ] ] } },
{ "type": "Feature", "properties": { "display_grid_id": "11620_00334", "gu_code": 11620, "gu_name": "관악구", "source_cell_count": 12, "area_m2": 62500.0, "mean_actual_lst": 37.5868, "mean_actual_anomaly": 1.4852, "seoul_anomaly": 0.3725, "pred_anomaly": 0.7083, "pred_anomaly_std": 0.7884, "green_delta_c": -0.5588, "building_ratio": 0.0694, "green_ratio": 0.3748, "ndvi": 0.345, "impervious_ratio": 0.4474, "built_surface_ratio": 0.4474, "avg_ground_floor_count": 1.2474, "elevation_m": 63.5292, "albedo": 0.1389, "nearest_park_distance_m": 257.3852, "park_area_within_500m": 23128.2908, "nearest_stream_distance_m": 169.8536, "est_population_density": 201.2, "dong_elderly_ratio": 0.0901, "dong_avg_age": 34.5, "dong_pop_density": 10325.8, "nearest_shelter_distance_m": 157.2944, "shelter_count_within_500m": 3.16, "est_population": 12.6, "est_elderly": 1.1, "shelter_capacity_within_500m": 1187.5, "building_form_group": "low_floor_low_density", "dong_name": "낙성대동", "top1_feature": "built_surface_ratio", "top1_shap": 0.58, "top2_feature": "ndvi", "top2_shap": -0.547, "top3_feature": "impervious_ratio", "top3_shap": 0.5248, "priority_score": 46.8924, "priority_rank": 312 }, "geometry": { "type": "Polygon", "coordinates": [ [ [ 126.957161162780338, 37.471474768793698 ], [ 126.957144865970307, 37.473728094541805 ], [ 126.959972121221512, 37.473741050021232 ], [ 126.959988333165867, 37.471487723224534 ], [ 126.957161162780338, 37.471474768793698 ] ] ] } },
{ "type": "Feature", "properties": { "display_grid_id": "11620_00335", "gu_code": 11620, "gu_name": "관악구", "source_cell_count": 11, "area_m2": 62500.0, "mean_actual_lst": 36.3617, "mean_actual_anomaly": 0.2152, "seoul_anomaly": -0.8975, "pred_anomaly": -0.8082, "pred_anomaly_std": 0.7895, "green_delta_c": -0.8331, "building_ratio": 0.167, "green_ratio": 0.5404, "ndvi": 0.4244, "impervious_ratio": 0.2507, "built_surface_ratio": 0.2507, "avg_ground_floor_count": 2.1908, "elevation_m": 77.3806, "albedo": 0.1031, "nearest_park_distance_m": 243.5724, "park_area_within_500m": 52099.2324, "nearest_stream_distance_m": 76.5672, "est_population_density": 12199.6, "dong_elderly_ratio": 0.0901, "dong_avg_age": 34.5, "dong_pop_density": 10325.8, "nearest_shelter_distance_m": 143.0712, "shelter_count_within_500m": 6.44, "est_population": 762.5, "est_elderly": 68.7, "shelter_capacity_within_500m": 1567.5, "building_form_group": "low_floor_low_density", "dong_name": "낙성대동", "top1_feature": "green_ratio", "top1_shap": -0.6273, "top2_feature": "built_surface_ratio", "top2_shap": -0.2292, "top3_feature": "impervious_ratio", "top3_shap": -0.2241, "priority_score": 54.0724, "priority_rank": 233 }, "geometry": { "type": "Polygon", "coordinates": [ [ [ 126.959988333165867, 37.471487723224534 ], [ 126.959972121221512, 37.473741050021232 ], [ 126.962799378277907, 37.473753937856522 ], [ 126.962815505356375, 37.471500610016705 ], [ 126.959988333165867, 37.471487723224534 ] ] ] } },
{ "type": "Feature", "properties": { "display_grid_id": "11620_00336", "gu_code": 11620, "gu_name": "관악구", "source_cell_count": 16, "area_m2": 62500.0, "mean_actual_lst": 39.2523, "mean_actual_anomaly": 3.1356, "seoul_anomaly": 2.023, "pred_anomaly": 1.8699, "pred_anomaly_std": 0.9505, "green_delta_c": -0.9506, "building_ratio": 0.312, "green_ratio": 0.3789, "ndvi": 0.2289, "impervious_ratio": 0.2523, "built_surface_ratio": 0.2523, "avg_ground_floor_count": 4.5263, "elevation_m": 86.7298, "albedo": 0.1013, "nearest_park_distance_m": 96.7392, "park_area_within_500m": 47162.4616, "nearest_stream_distance_m": 306.0336, "est_population_density": 36984.4, "dong_elderly_ratio": 0.1667, "dong_avg_age": 41.9, "dong_pop_density": 23384.0, "nearest_shelter_distance_m": 155.8344, "shelter_count_within_500m": 7.96, "est_population": 2311.5, "est_elderly": 385.3, "shelter_capacity_within_500m": 1631.3, "building_form_group": "low_floor_high_density", "dong_name": "인헌동", "top1_feature": "built_surface_ratio", "top1_shap": 0.1932, "top2_feature": "building_ratio", "top2_shap": 0.5438, "top3_feature": "ndvi", "top3_shap": 0.2514, "priority_score": 67.8386, "priority_rank": 88 }, "geometry": { "type": "Polygon", "coordinates": [ [ [ 126.962815505356375, 37.471500610016705 ], [ 126.962799378277907, 37.473753937856522 ], [ 126.965626637130086, 37.473766758047532 ], [ 126.965642679342452, 37.471513429170066 ], [ 126.962815505356375, 37.471500610016705 ] ] ] } },
{ "type": "Feature", "properties": { "display_grid_id": "11620_00337", "gu_code": 11620, "gu_name": "관악구", "source_cell_count": 14, "area_m2": 62500.0, "mean_actual_lst": 41.4796, "mean_actual_anomaly": 5.4322, "seoul_anomaly": 4.3195, "pred_anomaly": 4.3539, "pred_anomaly_std": 0.8, "green_delta_c": -0.5057, "building_ratio": 0.4144, "green_ratio": 0.259, "ndvi": 0.109, "impervious_ratio": 0.3264, "built_surface_ratio": 0.3264, "avg_ground_floor_count": 3.9227, "elevation_m": 72.966, "albedo": 0.1006, "nearest_park_distance_m": 167.1888, "park_area_within_500m": 34758.7672, "nearest_stream_distance_m": 543.6448, "est_population_density": 42409.2, "dong_elderly_ratio": 0.1667, "dong_avg_age": 41.9, "dong_pop_density": 23384.0, "nearest_shelter_distance_m": 102.6272, "shelter_count_within_500m": 6.12, "est_population": 2650.6, "est_elderly": 441.8, "shelter_capacity_within_500m": 943.8, "building_form_group": "low_floor_high_density", "dong_name": "인헌동", "top1_feature": "building_ratio", "top1_shap": 0.7887, "top2_feature": "ndvi", "top2_shap": 0.5644, "top3_feature": "built_surface_ratio", "top3_shap": 0.5695, "priority_score": 62.115, "priority_rank": 145 }, "geometry": { "type": "Polygon", "coordinates": [ [ [ 126.965642679342452, 37.471513429170066 ], [ 126.965626637130086, 37.473766758047532 ], [ 126.968453897768583, 37.473779510594127 ], [ 126.968469855114606, 37.471526180684485 ], [ 126.965642679342452, 37.471513429170066 ] ] ] } },
{ "type": "Feature", "properties": { "display_grid_id": "11620_00338", "gu_code": 11620, "gu_name": "관악구", "source_cell_count": 12, "area_m2": 62500.0, "mean_actual_lst": 40.6268, "mean_actual_anomaly": 4.308, "seoul_anomaly": 3.1954, "pred_anomaly": 2.6231, "pred_anomaly_std": 0.894, "green_delta_c": -0.9453, "building_ratio": 0.2923, "green_ratio": 0.3261, "ndvi": 0.1999, "impervious_ratio": 0.3392, "built_surface_ratio": 0.3392, "avg_ground_floor_count": 3.1934, "elevation_m": 80.6582, "albedo": 0.1115, "nearest_park_distance_m": 204.062, "park_area_within_500m": 18262.9356, "nearest_stream_distance_m": 802.5328, "est_population_density": 26141.2, "dong_elderly_ratio": 0.1679, "dong_avg_age": 41.996, "dong_pop_density": 21218.888, "nearest_shelter_distance_m": 274.412, "shelter_count_within_500m": 4.44, "est_population": 1633.8, "est_elderly": 272.7, "shelter_capacity_within_500m": 724.7, "building_form_group": "low_floor_low_density", "dong_name": "인헌동", "top1_feature": "ndvi", "top1_shap": 0.2194, "top2_feature": "built_surface_ratio", "top2_shap": 0.5543, "top3_feature": "building_ratio", "top3_shap": 0.3681, "priority_score": 71.2152, "priority_rank": 62 }, "geometry": { "type": "Polygon", "coordinates": [ [ [ 126.968469855114606, 37.471526180684485 ], [ 126.968453897768583, 37.473779510594127 ], [ 126.971281160183921, 37.473792195496188 ], [ 126.971297032663429, 37.47153886455984 ], [ 126.968469855114606, 37.471526180684485 ] ] ] } },
{ "type": "Feature", "properties": { "display_grid_id": "11620_00339", "gu_code": 11620, "gu_name": "관악구", "source_cell_count": 11, "area_m2": 62500.0, "mean_actual_lst": 39.3256, "mean_actual_anomaly": 3.0461, "seoul_anomaly": 1.9334, "pred_anomaly": 2.0684, "pred_anomaly_std": 0.8149, "green_delta_c": -0.6704, "building_ratio": 0.3292, "green_ratio": 0.3152, "ndvi": 0.233, "impervious_ratio": 0.3948, "built_surface_ratio": 0.3948, "avg_ground_floor_count": 3.8527, "elevation_m": 70.3529, "albedo": 0.1112, "nearest_park_distance_m": 83.2156, "park_area_within_500m": 7858.2748, "nearest_stream_distance_m": 867.4176, "est_population_density": 32858.0, "dong_elderly_ratio": 0.1755, "dong_avg_age": 42.636, "dong_pop_density": 6784.808, "nearest_shelter_distance_m": 400.6312, "shelter_count_within_500m": 2.2, "est_population": 2053.6, "est_elderly": 361.9, "shelter_capacity_within_500m": 294.2, "building_form_group": "low_floor_high_density", "dong_name": "남현동", "top1_feature": "built_surface_ratio", "top1_shap": 0.5465, "top2_feature": "building_ratio", "top2_shap": 0.4573, "top3_feature": "impervious_ratio", "top3_shap": 0.4144, "priority_score": 67.1521, "priority_rank": 94 }, "geometry": { "type": "Polygon", "coordinates": [ [ [ 126.971297032663429, 37.47153886455984 ], [ 126.971281160183921, 37.473792195496188 ], [ 126.974108424366705, 37.473804812753563 ], [ 126.974124211979472, 37.471551480795995 ], [ 126.971297032663429, 37.47153886455984 ] ] ] } },
{ "type": "Feature", "properties": { "display_grid_id": "11620_00340", "gu_code": 11620, "gu_name": "관악구", "source_cell_count": 14, "area_m2": 62500.0, "mean_actual_lst": 38.4573, "mean_actual_anomaly": 2.0729, "seoul_anomaly": 0.9602, "pred_anomaly": 1.7066, "pred_anomaly_std": 0.7865, "green_delta_c": -0.6132, "building_ratio": 0.2343, "green_ratio": 0.352, "ndvi": 0.2383, "impervious_ratio": 0.3814, "built_surface_ratio": 0.3814, "avg_ground_floor_count": 3.2084, "elevation_m": 47.5006, "albedo": 0.1099, "nearest_park_distance_m": 88.3572, "park_area_within_500m": 35316.042, "nearest_stream_distance_m": 630.4124, "est_population_density": 23075.6, "dong_elderly_ratio": 0.1763, "dong_avg_age": 42.7, "dong_pop_density": 5341.4, "nearest_shelter_distance_m": 244.2796, "shelter_count_within_500m": 2.68, "est_population": 1442.2, "est_elderly": 254.3, "shelter_capacity_within_500m": 328.8, "building_form_group": "low_floor_low_density", "dong_name": "남현동", "top1_feature": "green_ratio", "top1_shap": -0.2904, "top2_feature": "built_surface_ratio", "top2_shap": 0.4569, "top3_feature": "ndvi", "top3_shap": -0.241, "priority_score": 58.8868, "priority_rank": 176 }, "geometry": { "type": "Polygon", "coordinates": [ [ [ 126.974124211979472, 37.471551480795995 ], [ 126.974108424366705, 37.473804812753563 ], [ 126.976935690307414, 37.473817362366134 ], [ 126.97695139305327, 37.471564029392823 ], [ 126.974124211979472, 37.471551480795995 ] ] ] } },
{ "type": "Feature", "properties": { "display_grid_id": "11620_00341", "gu_code": 11620, "gu_name": "관악구", "source_cell_count": 14, "area_m2": 62500.0, "mean_actual_lst": 39.7968, "mean_actual_anomaly": 3.4805, "seoul_anomaly": 2.3679, "pred_anomaly": 2.8842, "pred_anomaly_std": 0.8488, "green_delta_c": -0.9995, "building_ratio": 0.3448, "green_ratio": 0.3189, "ndvi": 0.2079, "impervious_ratio": 0.3139, "built_surface_ratio": 0.3139, "avg_ground_floor_count": 4.067, "elevation_m": 52.9367, "albedo": 0.0932, "nearest_park_distance_m": 176.2116, "park_area_within_500m": 97724.0428, "nearest_stream_distance_m": 401.5524, "est_population_density": 40246.8, "dong_elderly_ratio": 0.1763, "dong_avg_age": 42.7, "dong_pop_density": 5341.4, "nearest_shelter_distance_m": 172.4556, "shelter_count_within_500m": 6.04, "est_population": 2515.4, "est_elderly": 443.4, "shelter_capacity_within_500m": 631.8, "building_form_group": "high_floor_high_density", "dong_name": "남현동", "top1_feature": "building_ratio", "top1_shap": 0.6465, "top2_feature": "built_surface_ratio", "top2_shap": 0.4948, "top3_feature": "impervious_ratio", "top3_shap": 0.3495, "priority_score": 72.0223, "priority_rank": 58 }, "geometry": { "type": "Polygon", "coordinates": [ [ [ 126.97695139305327, 37.471564029392823 ], [ 126.976935690307414, 37.473817362366134 ], [ 126.97976295799667, 37.473829844333778 ], [ 126.979778575875386, 37.471576510350182 ], [ 126.97695139305327, 37.471564029392823 ] ] ] } },
{ "type": "Feature", "properties": { "display_grid_id": "11620_00342", "gu_code": 11620, "gu_name": "관악구", "source_cell_count": 11, "area_m2": 60082.8, "mean_actual_lst": 39.6287, "mean_actual_anomaly": 3.4207, "seoul_anomaly": 2.3081, "pred_anomaly": 2.56, "pred_anomaly_std": 0.9304, "green_delta_c": -0.8352, "building_ratio": 0.3281, "green_ratio": 0.3038, "ndvi": 0.1875, "impervious_ratio": 0.3114, "built_surface_ratio": 0.3114, "avg_ground_floor_count": 4.3054, "elevation_m": 49.7177, "albedo": 0.1006, "nearest_park_distance_m": 111.1867, "park_area_within_500m": 132186.2143, "nearest_stream_distance_m": 171.1467, "est_population_density": 35944.1516, "dong_elderly_ratio": 0.1763, "dong_avg_age": 42.7, "dong_pop_density": 5341.4, "nearest_shelter_distance_m": 92.6431, "shelter_count_within_500m": 7.8602, "est_population": 2159.6, "est_elderly": 380.8, "shelter_capacity_within_500m": 792.7, "building_form_group": "high_floor_high_density", "dong_name": "남현동", "top1_feature": "built_surface_ratio", "top1_shap": 0.4478, "top2_feature": "building_ratio", "top2_shap": 0.4468, "top3_feature": "impervious_ratio", "top3_shap": 0.4109, "priority_score": 64.2579, "priority_rank": 114 }, "geometry": { "type": "Polygon", "coordinates": [ [ [ 126.982605760436357, 37.471588923667966 ], [ 126.979778575875386, 37.471576510350182 ], [ 126.97976295799667, 37.473829844333778 ], [ 126.982126604371288, 37.473840227560508 ], [ 126.98215742, 37.4737232 ], [ 126.982276709999979, 37.47349093 ], [ 126.98229032, 37.4734639 ], [ 126.98230251, 37.47343997 ], [ 126.982328670000015, 37.47338394 ], [ 126.982363310000011, 37.47330962 ], [ 126.982406250000011, 37.4732167 ], [ 126.98242517, 37.47317729 ], [ 126.98244584, 37.47313421 ], [ 126.98247836, 37.47306664 ], [ 126.9825236, 37.472972040000016 ], [ 126.982556819999985, 37.47290222 ], [ 126.98256885, 37.47287717 ], [ 126.982597281278387, 37.47281900504727 ], [ 126.982605760436357, 37.471588923667966 ] ] ] } },
{ "type": "Feature", "properties": { "display_grid_id": "11620_00343", "gu_code": 11620, "gu_name": "관악구", "source_cell_count": 3, "area_m2": 3590.98, "mean_actual_lst": 39.3634, "mean_actual_anomaly": 3.1511, "seoul_anomaly": 2.0385, "pred_anomaly": 1.3721, "pred_anomaly_std": 0.9887, "green_delta_c": -0.6117, "building_ratio": 0.2413, "green_ratio": 0.3052, "ndvi": 0.2667, "impervious_ratio": 0.4009, "built_surface_ratio": 0.4009, "avg_ground_floor_count": 2.878, "elevation_m": 36.5318, "albedo": 0.1262, "nearest_park_distance_m": 211.2316, "park_area_within_500m": 92676.7539, "nearest_stream_distance_m": 100.7232, "est_population_density": 4609.0846, "dong_elderly_ratio": 0.1763, "dong_avg_age": 42.7, "dong_pop_density": 5341.4, "nearest_shelter_distance_m": 92.6268, "shelter_count_within_500m": 5.142, "est_population": 16.6, "est_elderly": 2.9, "shelter_capacity_within_500m": 47.4, "building_form_group": "low_floor_low_density", "dong_name": "남현동", "top1_feature": "built_surface_ratio", "top1_shap": 0.6043, "top2_feature": "impervious_ratio", "top2_shap": 0.5741, "top3_feature": "ndvi", "top3_shap": -0.3074, "priority_score": 48.9054, "priority_rank": 293 }, "geometry": { "type": "Polygon", "coordinates": [ [ [ 126.982605760436357, 37.471588923667966 ], [ 126.982597281278387, 37.47281900504727 ], [ 126.98290533, 37.47218879 ], [ 126.98294404, 37.47211081 ], [ 126.98299069, 37.47201649 ], [ 126.982994049999988, 37.47201255 ], [ 126.98299547, 37.47201058 ], [ 126.98304053, 37.47191965 ], [ 126.98319339, 37.47161333 ], [ 126.983209158276551, 37.471591564246964 ], [ 126.982605760436357, 37.471588923667966 ] ] ] } },
{ "type": "Feature", "properties": { "display_grid_id": "11620_00344", "gu_code": 11620, "gu_name": "관악구", "source_cell_count": 7, "area_m2": 16337.18, "mean_actual_lst": 34.7964, "mean_actual_anomaly": -1.0085, "seoul_anomaly": -2.1212, "pred_anomaly": -3.2555, "pred_anomaly_std": 0.8151, "green_delta_c": -0.9087, "building_ratio": 0.0231, "green_ratio": 0.7096, "ndvi": 0.5271, "impervious_ratio": 0.1259, "built_surface_ratio": 0.1259, "avg_ground_floor_count": 1.702, "elevation_m": 67.4504, "albedo": 0.1374, "nearest_park_distance_m": 117.6022, "park_area_within_500m": 26396.7988, "nearest_stream_distance_m": 1232.9935, "est_population_density": 1872.7396, "dong_elderly_ratio": 0.2188, "dong_avg_age": 45.1, "dong_pop_density": 22039.4, "nearest_shelter_distance_m": 186.4416, "shelter_count_within_500m": 4.99, "est_population": 30.6, "est_elderly": 6.7, "shelter_capacity_within_500m": 275.4, "building_form_group": "no_building", "dong_name": "미성동", "top1_feature": "green_ratio", "top1_shap": -1.1235, "top2_feature": "built_surface_ratio", "top2_shap": -0.6228, "top3_feature": "impervious_ratio", "top3_shap": -0.5936, "priority_score": 51.6651, "priority_rank": 262 }, "geometry": { "type": "Polygon", "coordinates": [ [ [ 126.911891378573273, 37.475764914735912 ], [ 126.911909035170282, 37.473511607378477 ], [ 126.910235583819116, 37.473503266467951 ], [ 126.91053761, 37.47360472 ], [ 126.91054985000001, 37.47360446 ], [ 126.91060067, 37.47360337 ], [ 126.91074976, 37.47360095 ], [ 126.91103115, 37.47389089 ], [ 126.91107777, 37.47419136 ], [ 126.9113611, 37.47447849 ], [ 126.911360370000011, 37.47450636 ], [ 126.91135345, 37.474536199999989 ], [ 126.91133054, 37.47463473 ], [ 126.91132148, 37.47467358 ], [ 126.91131438, 37.47470258 ], [ 126.91130125, 37.47475522 ], [ 126.91130124, 37.47475972 ], [ 126.91130103, 37.47478478 ], [ 126.911301730000019, 37.47479548 ], [ 126.91132527, 37.47490982 ], [ 126.911316040000017, 37.4749388 ], [ 126.9111896, 37.47520507 ], [ 126.911185, 37.47521155 ], [ 126.91118287, 37.47521802 ], [ 126.911185339999989, 37.47522309 ], [ 126.911282410000013, 37.47543264 ], [ 126.911357110000012, 37.47574946 ], [ 126.911359311090692, 37.475762265210264 ], [ 126.911891378573273, 37.475764914735912 ] ] ] } },
{ "type": "Feature", "properties": { "display_grid_id": "11620_00345", "gu_code": 11620, "gu_name": "관악구", "source_cell_count": 9, "area_m2": 62500.0, "mean_actual_lst": 38.406, "mean_actual_anomaly": 2.6039, "seoul_anomaly": 1.4913, "pred_anomaly": 1.2234, "pred_anomaly_std": 0.8742, "green_delta_c": -0.7685, "building_ratio": 0.256, "green_ratio": 0.3726, "ndvi": 0.2143, "impervious_ratio": 0.2638, "built_surface_ratio": 0.2638, "avg_ground_floor_count": 3.1553, "elevation_m": 41.737, "albedo": 0.1192, "nearest_park_distance_m": 134.1504, "park_area_within_500m": 52707.4572, "nearest_stream_distance_m": 1266.4544, "est_population_density": 24292.0, "dong_elderly_ratio": 0.2188, "dong_avg_age": 45.1, "dong_pop_density": 22039.4, "nearest_shelter_distance_m": 136.0564, "shelter_count_within_500m": 5.84, "est_population": 1518.2, "est_elderly": 332.2, "shelter_capacity_within_500m": 718.0, "building_form_group": "low_floor_low_density", "dong_name": "미성동", "top1_feature": "green_ratio", "top1_shap": -0.3925, "top2_feature": "ndvi", "top2_shap": -0.004, "top3_feature": "built_surface_ratio", "top3_shap": 0.3349, "priority_score": 61.308, "priority_rank": 151 }, "geometry": { "type": "Polygon", "coordinates": [ [ [ 126.911909035170282, 37.473511607378477 ], [ 126.911891378573273, 37.475764914735912 ], [ 126.914718688527614, 37.475778953639242 ], [ 126.914736260253051, 37.473525645145536 ], [ 126.911909035170282, 37.473511607378477 ] ] ] } },
{ "type": "Feature", "properties": { "display_grid_id": "11620_00346", "gu_code": 11620, "gu_name": "관악구", "source_cell_count": 12, "area_m2": 62500.0, "mean_actual_lst": 41.1244, "mean_actual_anomaly": 5.3223, "seoul_anomaly": 4.2097, "pred_anomaly": 3.6666, "pred_anomaly_std": 0.6295, "green_delta_c": -0.8703, "building_ratio": 0.3875, "green_ratio": 0.2609, "ndvi": 0.1103, "impervious_ratio": 0.3285, "built_surface_ratio": 0.3285, "avg_ground_floor_count": 3.0682, "elevation_m": 33.1634, "albedo": 0.1158, "nearest_park_distance_m": 66.2128, "park_area_within_500m": 79147.3724, "nearest_stream_distance_m": 1314.3456, "est_population_density": 33304.8, "dong_elderly_ratio": 0.2188, "dong_avg_age": 45.1, "dong_pop_density": 22039.4, "nearest_shelter_distance_m": 168.4372, "shelter_count_within_500m": 7.12, "est_population": 2081.6, "est_elderly": 455.4, "shelter_capacity_within_500m": 924.0, "building_form_group": "low_floor_high_density", "dong_name": "미성동", "top1_feature": "ndvi", "top1_shap": 0.5767, "top2_feature": "built_surface_ratio", "top2_shap": 0.5527, "top3_feature": "building_ratio", "top3_shap": 0.5254, "priority_score": 75.8024, "priority_rank": 32 }, "geometry": { "type": "Polygon", "coordinates": [ [ [ 126.914736260253051, 37.473525645145536 ], [ 126.914718688527614, 37.475778953639242 ], [ 126.917546000438591, 37.475792924895174 ], [ 126.917563487292199, 37.473539615270688 ], [ 126.914736260253051, 37.473525645145536 ] ] ] } },
{ "type": "Feature", "properties": { "display_grid_id": "11620_00347", "gu_code": 11620, "gu_name": "관악구", "source_cell_count": 10, "area_m2": 62500.0, "mean_actual_lst": 41.7556, "mean_actual_anomaly": 5.6184, "seoul_anomaly": 4.5058, "pred_anomaly": 3.9119, "pred_anomaly_std": 0.5603, "green_delta_c": -0.5883, "building_ratio": 0.4528, "green_ratio": 0.246, "ndvi": 0.0837, "impervious_ratio": 0.3479, "built_surface_ratio": 0.3479, "avg_ground_floor_count": 3.3849, "elevation_m": 36.3977, "albedo": 0.1146, "nearest_park_distance_m": 56.694, "park_area_within_500m": 70984.4668, "nearest_stream_distance_m": 1159.1104, "est_population_density": 42772.0, "dong_elderly_ratio": 0.222, "dong_avg_age": 45.672, "dong_pop_density": 24119.412, "nearest_shelter_distance_m": 218.5724, "shelter_count_within_500m": 7.64, "est_population": 2673.2, "est_elderly": 594.0, "shelter_capacity_within_500m": 1019.5, "building_form_group": "low_floor_high_density", "dong_name": "미성동", "top1_feature": "building_ratio", "top1_shap": 0.7414, "top2_feature": "ndvi", "top2_shap": 0.6874, "top3_feature": "built_surface_ratio", "top3_shap": 0.5571, "priority_score": 73.0566, "priority_rank": 51 }, "geometry": { "type": "Polygon", "coordinates": [ [ [ 126.917563487292199, 37.473539615270688 ], [ 126.917546000438591, 37.475792924895174 ], [ 126.920373314296754, 37.475806828503565 ], [ 126.920390716278305, 37.473553517753786 ], [ 126.917563487292199, 37.473539615270688 ] ] ] } },
{ "type": "Feature", "properties": { "display_grid_id": "11620_00348", "gu_code": 11620, "gu_name": "관악구", "source_cell_count": 11, "area_m2": 62500.0, "mean_actual_lst": 40.821, "mean_actual_anomaly": 4.7157, "seoul_anomaly": 3.6031, "pred_anomaly": 3.5122, "pred_anomaly_std": 0.754, "green_delta_c": -1.5269, "building_ratio": 0.472, "green_ratio": 0.2927, "ndvi": 0.1005, "impervious_ratio": 0.1668, "built_surface_ratio": 0.1668, "avg_ground_floor_count": 3.4512, "elevation_m": 55.6045, "albedo": 0.1123, "nearest_park_distance_m": 218.5764, "park_area_within_500m": 65506.9892, "nearest_stream_distance_m": 965.164, "est_population_density": 46184.8, "dong_elderly_ratio": 0.2254, "dong_avg_age": 46.296, "dong_pop_density": 26388.516, "nearest_shelter_distance_m": 130.8964, "shelter_count_within_500m": 5.24, "est_population": 2886.5, "est_elderly": 650.7, "shelter_capacity_within_500m": 716.5, "building_form_group": "low_floor_high_density", "dong_name": "난곡동", "top1_feature": "building_ratio", "top1_shap": 1.0536, "top2_feature": "ndvi", "top2_shap": 0.7828, "top3_feature": "built_surface_ratio", "top3_shap": 0.065, "priority_score": 76.5492, "priority_rank": 22 }, "geometry": { "type": "Polygon", "coordinates": [ [ [ 126.920390716278305, 37.473553517753786 ], [ 126.920373314296754, 37.475806828503565 ], [ 126.923200630092609, 37.475820664464294 ], [ 126.923217947201891, 37.473567352594671 ], [ 126.920390716278305, 37.473553517753786 ] ] ] } },
{ "type": "Feature", "properties": { "display_grid_id": "11620_00349", "gu_code": 11620, "gu_name": "관악구", "source_cell_count": 12, "area_m2": 62500.0, "mean_actual_lst": 37.5288, "mean_actual_anomaly": 1.5611, "seoul_anomaly": 0.4485, "pred_anomaly": 1.2846, "pred_anomaly_std": 1.0263, "green_delta_c": -1.0804, "building_ratio": 0.3161, "green_ratio": 0.4153, "ndvi": 0.2011, "impervious_ratio": 0.1565, "built_surface_ratio": 0.1565, "avg_ground_floor_count": 2.9984, "elevation_m": 91.4254, "albedo": 0.1075, "nearest_park_distance_m": 409.6372, "park_area_within_500m": 20794.3848, "nearest_stream_distance_m": 748.6448, "est_population_density": 28406.4, "dong_elderly_ratio": 0.2231, "dong_avg_age": 46.184, "dong_pop_density": 27381.716, "nearest_shelter_distance_m": 156.8332, "shelter_count_within_500m": 4.2, "est_population": 1775.4, "est_elderly": 400.6, "shelter_capacity_within_500m": 617.5, "building_form_group": "low_floor_high_density", "dong_name": "난곡동", "top1_feature": "building_ratio", "top1_shap": 0.656, "top2_feature": "ndvi", "top2_shap": 0.3899, "top3_feature": "built_surface_ratio", "top3_shap": -0.1223, "priority_score": 66.7254, "priority_rank": 97 }, "geometry": { "type": "Polygon", "coordinates": [ [ [ 126.923217947201891, 37.473567352594671 ], [ 126.923200630092609, 37.475820664464294 ], [ 126.926027947816749, 37.475834432777184 ], [ 126.926045180053549, 37.473581119793195 ], [ 126.923217947201891, 37.473567352594671 ] ] ] } },
{ "type": "Feature", "properties": { "display_grid_id": "11620_00350", "gu_code": 11620, "gu_name": "관악구", "source_cell_count": 12, "area_m2": 62500.0, "mean_actual_lst": 32.7864, "mean_actual_anomaly": -3.3032, "seoul_anomaly": -4.4159, "pred_anomaly": -4.1448, "pred_anomaly_std": 0.7951, "green_delta_c": -1.2081, "building_ratio": 0.0249, "green_ratio": 0.7581, "ndvi": 0.4277, "impervious_ratio": 0.0624, "built_surface_ratio": 0.0624, "avg_ground_floor_count": 0.8292, "elevation_m": 119.8165, "albedo": 0.1198, "nearest_park_distance_m": 285.074, "park_area_within_500m": 55090.324, "nearest_stream_distance_m": 536.5904, "est_population_density": 1938.4, "dong_elderly_ratio": 0.2254, "dong_avg_age": 46.04, "dong_pop_density": 24939.716, "nearest_shelter_distance_m": 342.358, "shelter_count_within_500m": 4.36, "est_population": 121.2, "est_elderly": 23.5, "shelter_capacity_within_500m": 754.5, "building_form_group": "no_building", "dong_name": "신원동", "top1_feature": "built_surface_ratio", "top1_shap": -1.3007, "top2_feature": "impervious_ratio", "top2_shap": -1.0957, "top3_feature": "green_ratio", "top3_shap": -0.8477, "priority_score": 54.8701, "priority_rank": 224 }, "geometry": { "type": "Polygon", "coordinates": [ [ [ 126.926045180053549, 37.473581119793195 ], [ 126.926027947816749, 37.475834432777184 ], [ 126.92885526745971, 37.475848133442106 ], [ 126.928872414823772, 37.473594819349238 ], [ 126.926045180053549, 37.473581119793195 ] ] ] } },
{ "type": "Feature", "properties": { "display_grid_id": "11620_00351", "gu_code": 11620, "gu_name": "관악구", "source_cell_count": 11, "area_m2": 62500.0, "mean_actual_lst": 37.3018, "mean_actual_anomaly": 0.8997, "seoul_anomaly": -0.213, "pred_anomaly": -0.0774, "pred_anomaly_std": 0.9498, "green_delta_c": -0.9432, "building_ratio": 0.1988, "green_ratio": 0.4774, "ndvi": 0.3132, "impervious_ratio": 0.2215, "built_surface_ratio": 0.2215, "avg_ground_floor_count": 6.2983, "elevation_m": 82.0007, "albedo": 0.1201, "nearest_park_distance_m": 73.0912, "park_area_within_500m": 108440.158, "nearest_stream_distance_m": 317.9088, "est_population_density": 32290.0, "dong_elderly_ratio": 0.2113, "dong_avg_age": 45.104, "dong_pop_density": 20252.22, "nearest_shelter_distance_m": 208.9312, "shelter_count_within_500m": 4.56, "est_population": 2018.1, "est_elderly": 370.1, "shelter_capacity_within_500m": 1090.0, "building_form_group": "high_floor_low_density", "dong_name": "서림동", "top1_feature": "built_surface_ratio", "top1_shap": 0.0345, "top2_feature": "green_ratio", "top2_shap": -0.4588, "top3_feature": "ndvi", "top3_shap": -0.4014, "priority_score": 65.6586, "priority_rank": 103 }, "geometry": { "type": "Polygon", "coordinates": [ [ [ 126.928872414823772, 37.473594819349238 ], [ 126.92885526745971, 37.475848133442106 ], [ 126.931682589012041, 37.475861766458927 ], [ 126.931699651503166, 37.473608451262649 ], [ 126.928872414823772, 37.473594819349238 ] ] ] } },
{ "type": "Feature", "properties": { "display_grid_id": "11620_00352", "gu_code": 11620, "gu_name": "관악구", "source_cell_count": 12, "area_m2": 62500.0, "mean_actual_lst": 40.3045, "mean_actual_anomaly": 3.9838, "seoul_anomaly": 2.8711, "pred_anomaly": 2.2054, "pred_anomaly_std": 0.9437, "green_delta_c": -0.7681, "building_ratio": 0.2698, "green_ratio": 0.2692, "ndvi": 0.1682, "impervious_ratio": 0.3333, "built_surface_ratio": 0.3333, "avg_ground_floor_count": 8.8496, "elevation_m": 59.6345, "albedo": 0.1112, "nearest_park_distance_m": 81.3584, "park_area_within_500m": 120257.022, "nearest_stream_distance_m": 140.6176, "est_population_density": 64586.0, "dong_elderly_ratio": 0.1668, "dong_avg_age": 42.224, "dong_pop_density": 24308.38, "nearest_shelter_distance_m": 101.4504, "shelter_count_within_500m": 5.52, "est_population": 4036.6, "est_elderly": 657.2, "shelter_capacity_within_500m": 2704.5, "building_form_group": "high_floor_high_density", "dong_name": "서림동", "top1_feature": "built_surface_ratio", "top1_shap": 0.5297, "top2_feature": "impervious_ratio", "top2_shap": 0.4453, "top3_feature": "ndvi", "top3_shap": 0.2189, "priority_score": 69.2857, "priority_rank": 75 }, "geometry": { "type": "Polygon", "coordinates": [ [ [ 126.931699651503166, 37.473608451262649 ], [ 126.931682589012041, 37.475861766458927 ], [ 126.934509912464307, 37.475875331827488 ], [ 126.934526890082253, 37.473622015533287 ], [ 126.931699651503166, 37.473608451262649 ] ] ] } },
{ "type": "Feature", "properties": { "display_grid_id": "11620_00353", "gu_code": 11620, "gu_name": "관악구", "source_cell_count": 11, "area_m2": 62500.0, "mean_actual_lst": 41.1865, "mean_actual_anomaly": 4.9231, "seoul_anomaly": 3.8104, "pred_anomaly": 3.8826, "pred_anomaly_std": 0.9018, "green_delta_c": -0.9658, "building_ratio": 0.2942, "green_ratio": 0.2713, "ndvi": 0.1158, "impervious_ratio": 0.2827, "built_surface_ratio": 0.2827, "avg_ground_floor_count": 4.5952, "elevation_m": 43.8117, "albedo": 0.1109, "nearest_park_distance_m": 250.4244, "park_area_within_500m": 89361.712, "nearest_stream_distance_m": 62.562, "est_population_density": 35040.0, "dong_elderly_ratio": 0.1618, "dong_avg_age": 41.9, "dong_pop_density": 25004.4, "nearest_shelter_distance_m": 105.4384, "shelter_count_within_500m": 6.2, "est_population": 2190.0, "est_elderly": 354.4, "shelter_capacity_within_500m": 3440.7, "building_form_group": "low_floor_high_density", "dong_name": "서림동", "top1_feature": "ndvi", "top1_shap": 0.6578, "top2_feature": "built_surface_ratio", "top2_shap": 0.5634, "top3_feature": "impervious_ratio", "top3_shap": 0.3927, "priority_score": 70.1762, "priority_rank": 73 }, "geometry": { "type": "Polygon", "coordinates": [ [ [ 126.934526890082253, 37.473622015533287 ], [ 126.934509912464307, 37.475875331827488 ], [ 126.937337237807043, 37.475888829547671 ], [ 126.937354130551611, 37.473635512161003 ], [ 126.934526890082253, 37.473622015533287 ] ] ] } },
{ "type": "Feature", "properties": { "display_grid_id": "11620_00354", "gu_code": 11620, "gu_name": "관악구", "source_cell_count": 12, "area_m2": 62500.0, "mean_actual_lst": 41.5764, "mean_actual_anomaly": 5.1733, "seoul_anomaly": 4.0606, "pred_anomaly": 4.9994, "pred_anomaly_std": 0.7394, "green_delta_c": -1.3698, "building_ratio": 0.4486, "green_ratio": 0.2731, "ndvi": 0.1005, "impervious_ratio": 0.192, "built_surface_ratio": 0.192, "avg_ground_floor_count": 3.144, "elevation_m": 49.4543, "albedo": 0.097, "nearest_park_distance_m": 418.446, "park_area_within_500m": 35750.8664, "nearest_stream_distance_m": 192.542, "est_population_density": 39660.8, "dong_elderly_ratio": 0.1618, "dong_avg_age": 41.9, "dong_pop_density": 25004.4, "nearest_shelter_distance_m": 139.0112, "shelter_count_within_500m": 6.76, "est_population": 2478.8, "est_elderly": 401.2, "shelter_capacity_within_500m": 1680.7, "building_form_group": "low_floor_high_density", "dong_name": "서림동", "top1_feature": "building_ratio", "top1_shap": 1.0129, "top2_feature": "ndvi", "top2_shap": 0.7814, "top3_feature": "built_surface_ratio", "top3_shap": 0.3962, "priority_score": 75.2226, "priority_rank": 39 }, "geometry": { "type": "Polygon", "coordinates": [ [ [ 126.937354130551611, 37.473635512161003 ], [ 126.937337237807043, 37.475888829547671 ], [ 126.940164565030784, 37.475902259619325 ], [ 126.940181372901733, 37.473648941145676 ], [ 126.937354130551611, 37.473635512161003 ] ] ] } },
{ "type": "Feature", "properties": { "display_grid_id": "11620_00355", "gu_code": 11620, "gu_name": "관악구", "source_cell_count": 11, "area_m2": 62500.0, "mean_actual_lst": 39.6001, "mean_actual_anomaly": 3.4282, "seoul_anomaly": 2.3156, "pred_anomaly": 3.7279, "pred_anomaly_std": 0.9097, "green_delta_c": -0.5668, "building_ratio": 0.4115, "green_ratio": 0.2777, "ndvi": 0.1353, "impervious_ratio": 0.3109, "built_surface_ratio": 0.3109, "avg_ground_floor_count": 3.3826, "elevation_m": 79.6788, "albedo": 0.1012, "nearest_park_distance_m": 443.5252, "park_area_within_500m": 12298.004, "nearest_stream_distance_m": 378.5988, "est_population_density": 36929.2, "dong_elderly_ratio": 0.1598, "dong_avg_age": 41.692, "dong_pop_density": 25461.128, "nearest_shelter_distance_m": 149.0284, "shelter_count_within_500m": 5.8, "est_population": 2308.1, "est_elderly": 369.4, "shelter_capacity_within_500m": 993.5, "building_form_group": "low_floor_high_density", "dong_name": "서림동", "top1_feature": "building_ratio", "top1_shap": 0.8243, "top2_feature": "built_surface_ratio", "top2_shap": 0.526, "top3_feature": "ndvi", "top3_shap": 0.469, "priority_score": 59.0028, "priority_rank": 174 }, "geometry": { "type": "Polygon", "coordinates": [ [ [ 126.940181372901733, 37.473648941145676 ], [ 126.940164565030784, 37.475902259619325 ], [ 126.942991894126123, 37.475915622042301 ], [ 126.943008617123226, 37.473662302487142 ], [ 126.940181372901733, 37.473648941145676 ] ] ] } },
{ "type": "Feature", "properties": { "display_grid_id": "11620_00356", "gu_code": 11620, "gu_name": "관악구", "source_cell_count": 10, "area_m2": 62500.0, "mean_actual_lst": 33.5267, "mean_actual_anomaly": -2.3408, "seoul_anomaly": -3.4535, "pred_anomaly": -3.1313, "pred_anomaly_std": 0.8428, "green_delta_c": -0.82, "building_ratio": 0.0482, "green_ratio": 0.6377, "ndvi": 0.4002, "impervious_ratio": 0.1411, "built_surface_ratio": 0.1411, "avg_ground_floor_count": 1.261, "elevation_m": 121.6267, "albedo": 0.1023, "nearest_park_distance_m": 469.1372, "park_area_within_500m": 8191.9088, "nearest_stream_distance_m": 456.882, "est_population_density": 5459.6, "dong_elderly_ratio": 0.1421, "dong_avg_age": 39.82, "dong_pop_density": 29571.68, "nearest_shelter_distance_m": 216.6884, "shelter_count_within_500m": 5.16, "est_population": 341.2, "est_elderly": 51.1, "shelter_capacity_within_500m": 852.5, "building_form_group": "no_building", "dong_name": "청룡동", "top1_feature": "built_surface_ratio", "top1_shap": -0.7789, "top2_feature": "impervious_ratio", "top2_shap": -0.6799, "top3_feature": "green_ratio", "top3_shap": -0.5258, "priority_score": 51.6141, "priority_rank": 263 }, "geometry": { "type": "Polygon", "coordinates": [ [ [ 126.943008617123226, 37.473662302487142 ], [ 126.942991894126123, 37.475915622042301 ], [ 126.945819225083582, 37.475928916816486 ], [ 126.945835863206625, 37.473675596185288 ], [ 126.943008617123226, 37.473662302487142 ] ] ] } },
{ "type": "Feature", "properties": { "display_grid_id": "11620_00357", "gu_code": 11620, "gu_name": "관악구", "source_cell_count": 12, "area_m2": 62500.0, "mean_actual_lst": 32.1745, "mean_actual_anomaly": -4.0604, "seoul_anomaly": -5.173, "pred_anomaly": -4.7688, "pred_anomaly_std": 0.6767, "green_delta_c": -0.9945, "building_ratio": 0.0, "green_ratio": 0.7818, "ndvi": 0.5153, "impervious_ratio": 0.0446, "built_surface_ratio": 0.0446, "avg_ground_floor_count": 0.0, "elevation_m": 120.6936, "albedo": 0.1218, "nearest_park_distance_m": 484.7056, "park_area_within_500m": 12254.6176, "nearest_stream_distance_m": 561.8728, "est_population_density": 0.0, "dong_elderly_ratio": 0.1372, "dong_avg_age": 39.3, "dong_pop_density": 30713.5, "nearest_shelter_distance_m": 345.4932, "shelter_count_within_500m": 6.2, "est_population": 0.0, "est_elderly": 0.0, "shelter_capacity_within_500m": 824.0, "building_form_group": "no_building", "dong_name": "청룡동", "top1_feature": "built_surface_ratio", "top1_shap": -1.4734, "top2_feature": "impervious_ratio", "top2_shap": -1.2994, "top3_feature": "green_ratio", "top3_shap": -0.7483, "priority_score": 42.3794, "priority_rank": 361 }, "geometry": { "type": "Polygon", "coordinates": [ [ [ 126.945835863206625, 37.473675596185288 ], [ 126.945819225083582, 37.475928916816486 ], [ 126.948646557893696, 37.475942143941708 ], [ 126.948663111142494, 37.473688822239964 ], [ 126.945835863206625, 37.473675596185288 ] ] ] } },
{ "type": "Feature", "properties": { "display_grid_id": "11620_00358", "gu_code": 11620, "gu_name": "관악구", "source_cell_count": 12, "area_m2": 62500.0, "mean_actual_lst": 34.3036, "mean_actual_anomaly": -1.9727, "seoul_anomaly": -3.0853, "pred_anomaly": -2.0878, "pred_anomaly_std": 0.7857, "green_delta_c": -0.8163, "building_ratio": 0.0992, "green_ratio": 0.6084, "ndvi": 0.4549, "impervious_ratio": 0.2163, "built_surface_ratio": 0.2163, "avg_ground_floor_count": 0.96, "elevation_m": 90.6395, "albedo": 0.1185, "nearest_park_distance_m": 465.9664, "park_area_within_500m": 18862.0352, "nearest_stream_distance_m": 675.0232, "est_population_density": 4619.2, "dong_elderly_ratio": 0.1372, "dong_avg_age": 39.3, "dong_pop_density": 30713.5, "nearest_shelter_distance_m": 201.966, "shelter_count_within_500m": 7.16, "est_population": 288.7, "est_elderly": 39.6, "shelter_capacity_within_500m": 718.0, "building_form_group": "low_floor_low_density", "dong_name": "청룡동", "top1_feature": "green_ratio", "top1_shap": -0.8107, "top2_feature": "built_surface_ratio", "top2_shap": -0.3762, "top3_feature": "impervious_ratio", "top3_shap": -0.1524, "priority_score": 51.5214, "priority_rank": 265 }, "geometry": { "type": "Polygon", "coordinates": [ [ [ 126.948663111142494, 37.473688822239964 ], [ 126.948646557893696, 37.475942143941708 ], [ 126.951473892547071, 37.475955303417848 ], [ 126.951490360921355, 37.473701980651022 ], [ 126.948663111142494, 37.473688822239964 ] ] ] } },
{ "type": "Feature", "properties": { "display_grid_id": "11620_00359", "gu_code": 11620, "gu_name": "관악구", "source_cell_count": 14, "area_m2": 62500.0, "mean_actual_lst": 38.5727, "mean_actual_anomaly": 2.4284, "seoul_anomaly": 1.3158, "pred_anomaly": 2.1445, "pred_anomaly_std": 0.8384, "green_delta_c": -0.7466, "building_ratio": 0.255, "green_ratio": 0.2912, "ndvi": 0.2082, "impervious_ratio": 0.4315, "built_surface_ratio": 0.4315, "avg_ground_floor_count": 5.889, "elevation_m": 78.0849, "albedo": 0.0993, "nearest_park_distance_m": 423.7356, "park_area_within_500m": 27979.5008, "nearest_stream_distance_m": 569.422, "est_population_density": 42956.0, "dong_elderly_ratio": 0.1089, "dong_avg_age": 36.42, "dong_pop_density": 18480.88, "nearest_shelter_distance_m": 102.674, "shelter_count_within_500m": 7.72, "est_population": 2684.7, "est_elderly": 300.2, "shelter_capacity_within_500m": 876.0, "building_form_group": "high_floor_high_density", "dong_name": "낙성대동", "top1_feature": "built_surface_ratio", "top1_shap": 0.5377, "top2_feature": "impervious_ratio", "top2_shap": 0.4606, "top3_feature": "green_ratio", "top3_shap": 0.0948, "priority_score": 60.5844, "priority_rank": 157 }, "geometry": { "type": "Polygon", "coordinates": [ [ [ 126.951490360921355, 37.473701980651022 ], [ 126.951473892547071, 37.475955303417848 ], [ 126.954301229034186, 37.475968395244784 ], [ 126.954317612533771, 37.473715071418354 ], [ 126.951490360921355, 37.473701980651022 ] ] ] } },
{ "type": "Feature", "properties": { "display_grid_id": "11620_00360", "gu_code": 11620, "gu_name": "관악구", "source_cell_count": 13, "area_m2": 62500.0, "mean_actual_lst": 36.4179, "mean_actual_anomaly": 0.1575, "seoul_anomaly": -0.9552, "pred_anomaly": -1.3822, "pred_anomaly_std": 0.758, "green_delta_c": -1.2312, "building_ratio": 0.0936, "green_ratio": 0.5934, "ndvi": 0.376, "impervious_ratio": 0.172, "built_surface_ratio": 0.172, "avg_ground_floor_count": 1.695, "elevation_m": 86.2852, "albedo": 0.113, "nearest_park_distance_m": 253.7836, "park_area_within_500m": 67479.5472, "nearest_stream_distance_m": 370.7404, "est_population_density": 11204.8, "dong_elderly_ratio": 0.0901, "dong_avg_age": 34.5, "dong_pop_density": 10325.8, "nearest_shelter_distance_m": 223.626, "shelter_count_within_500m": 7.64, "est_population": 700.3, "est_elderly": 63.1, "shelter_capacity_within_500m": 1364.5, "building_form_group": "no_building", "dong_name": "낙성대동", "top1_feature": "built_surface_ratio", "top1_shap": -0.3905, "top2_feature": "green_ratio", "top2_shap": -0.6757, "top3_feature": "impervious_ratio", "top3_shap": -0.313, "priority_score": 60.7607, "priority_rank": 155 }, "geometry": { "type": "Polygon", "coordinates": [ [ [ 126.954317612533771, 37.473715071418354 ], [ 126.954301229034186, 37.475968395244784 ], [ 126.95712856734562, 37.475981419422368 ], [ 126.957144865970307, 37.473728094541805 ], [ 126.954317612533771, 37.473715071418354 ] ] ] } },
{ "type": "Feature", "properties": { "display_grid_id": "11620_00361", "gu_code": 11620, "gu_name": "관악구", "source_cell_count": 11, "area_m2": 62500.0, "mean_actual_lst": 38.4556, "mean_actual_anomaly": 2.2563, "seoul_anomaly": 1.1436, "pred_anomaly": 1.133, "pred_anomaly_std": 0.8169, "green_delta_c": -0.6356, "building_ratio": 0.0953, "green_ratio": 0.3448, "ndvi": 0.3287, "impervious_ratio": 0.4834, "built_surface_ratio": 0.4834, "avg_ground_floor_count": 3.7776, "elevation_m": 64.6414, "albedo": 0.1258, "nearest_park_distance_m": 67.9164, "park_area_within_500m": 115850.3148, "nearest_stream_distance_m": 123.8896, "est_population_density": 9776.4, "dong_elderly_ratio": 0.0901, "dong_avg_age": 34.5, "dong_pop_density": 10325.8, "nearest_shelter_distance_m": 154.8856, "shelter_count_within_500m": 6.28, "est_population": 611.0, "est_elderly": 55.1, "shelter_capacity_within_500m": 1518.0, "building_form_group": "no_building", "dong_name": "낙성대동", "top1_feature": "impervious_ratio", "top1_shap": 0.614, "top2_feature": "built_surface_ratio", "top2_shap": 0.5878, "top3_feature": "ndvi", "top3_shap": -0.4739, "priority_score": 54.0167, "priority_rank": 234 }, "geometry": { "type": "Polygon", "coordinates": [ [ [ 126.957144865970307, 37.473728094541805 ], [ 126.95712856734562, 37.475981419422368 ], [ 126.959955907471965, 37.475994375950471 ], [ 126.959972121221512, 37.473741050021232 ], [ 126.957144865970307, 37.473728094541805 ] ] ] } },
{ "type": "Feature", "properties": { "display_grid_id": "11620_00362", "gu_code": 11620, "gu_name": "관악구", "source_cell_count": 9, "area_m2": 62500.0, "mean_actual_lst": 41.0108, "mean_actual_anomaly": 4.7549, "seoul_anomaly": 3.6423, "pred_anomaly": 4.2703, "pred_anomaly_std": 0.7675, "green_delta_c": -0.4342, "building_ratio": 0.3813, "green_ratio": 0.225, "ndvi": 0.1303, "impervious_ratio": 0.4374, "built_surface_ratio": 0.4374, "avg_ground_floor_count": 3.709, "elevation_m": 59.9805, "albedo": 0.1035, "nearest_park_distance_m": 159.4428, "park_area_within_500m": 127087.042, "nearest_stream_distance_m": 112.6496, "est_population_density": 40253.2, "dong_elderly_ratio": 0.1146, "dong_avg_age": 36.868, "dong_pop_density": 14504.424, "nearest_shelter_distance_m": 124.1168, "shelter_count_within_500m": 8.28, "est_population": 2515.8, "est_elderly": 308.8, "shelter_capacity_within_500m": 2095.0, "building_form_group": "low_floor_high_density", "dong_name": "낙성대동", "top1_feature": "building_ratio", "top1_shap": 0.6683, "top2_feature": "built_surface_ratio", "top2_shap": 0.6404, "top3_feature": "impervious_ratio", "top3_shap": 0.4457, "priority_score": 57.7922, "priority_rank": 190 }, "geometry": { "type": "Polygon", "coordinates": [ [ [ 126.959972121221512, 37.473741050021232 ], [ 126.959955907471965, 37.475994375950471 ], [ 126.962783249403714, 37.476007264828937 ], [ 126.962799378277907, 37.473753937856522 ], [ 126.959972121221512, 37.473741050021232 ] ] ] } },
{ "type": "Feature", "properties": { "display_grid_id": "11620_00363", "gu_code": 11620, "gu_name": "관악구", "source_cell_count": 14, "area_m2": 62500.0, "mean_actual_lst": 42.2769, "mean_actual_anomaly": 6.0364, "seoul_anomaly": 4.9238, "pred_anomaly": 4.9276, "pred_anomaly_std": 0.7737, "green_delta_c": -0.6313, "building_ratio": 0.4421, "green_ratio": 0.2526, "ndvi": 0.1045, "impervious_ratio": 0.2662, "built_surface_ratio": 0.2662, "avg_ground_floor_count": 3.788, "elevation_m": 62.7414, "albedo": 0.0991, "nearest_park_distance_m": 128.0912, "park_area_within_500m": 91532.6984, "nearest_stream_distance_m": 359.5392, "est_population_density": 47036.4, "dong_elderly_ratio": 0.1667, "dong_avg_age": 41.9, "dong_pop_density": 23384.0, "nearest_shelter_distance_m": 123.7152, "shelter_count_within_500m": 9.64, "est_population": 2939.8, "est_elderly": 490.2, "shelter_capacity_within_500m": 2158.3, "building_form_group": "low_floor_high_density", "dong_name": "인헌동", "top1_feature": "building_ratio", "top1_shap": 0.9527, "top2_feature": "ndvi", "top2_shap": 0.705, "top3_feature": "built_surface_ratio", "top3_shap": 0.5417, "priority_score": 70.9276, "priority_rank": 66 }, "geometry": { "type": "Polygon", "coordinates": [ [ [ 126.962799378277907, 37.473753937856522 ], [ 126.962783249403714, 37.476007264828937 ], [ 126.96561059313143, 37.476020086057666 ], [ 126.965626637130086, 37.473766758047532 ], [ 126.962799378277907, 37.473753937856522 ] ] ] } },
{ "type": "Feature", "properties": { "display_grid_id": "11620_00364", "gu_code": 11620, "gu_name": "관악구", "source_cell_count": 11, "area_m2": 62500.0, "mean_actual_lst": 41.8054, "mean_actual_anomaly": 5.5937, "seoul_anomaly": 4.4811, "pred_anomaly": 4.6626, "pred_anomaly_std": 0.7754, "green_delta_c": -0.4611, "building_ratio": 0.4064, "green_ratio": 0.2466, "ndvi": 0.0987, "impervious_ratio": 0.3244, "built_surface_ratio": 0.3244, "avg_ground_floor_count": 3.556, "elevation_m": 64.7812, "albedo": 0.1013, "nearest_park_distance_m": 236.3584, "park_area_within_500m": 67705.1848, "nearest_stream_distance_m": 588.6176, "est_population_density": 39992.4, "dong_elderly_ratio": 0.1655, "dong_avg_age": 41.772, "dong_pop_density": 26144.224, "nearest_shelter_distance_m": 96.5064, "shelter_count_within_500m": 7.64, "est_population": 2499.5, "est_elderly": 413.5, "shelter_capacity_within_500m": 1401.7, "building_form_group": "low_floor_high_density", "dong_name": "인헌동", "top1_feature": "ndvi", "top1_shap": 0.6858, "top2_feature": "building_ratio", "top2_shap": 0.6282, "top3_feature": "built_surface_ratio", "top3_shap": 0.5713, "priority_score": 61.1085, "priority_rank": 153 }, "geometry": { "type": "Polygon", "coordinates": [ [ [ 126.965626637130086, 37.473766758047532 ], [ 126.96561059313143, 37.476020086057666 ], [ 126.968437938645678, 37.476032839636488 ], [ 126.968453897768583, 37.473779510594127 ], [ 126.965626637130086, 37.473766758047532 ] ] ] } },
{ "type": "Feature", "properties": { "display_grid_id": "11620_00365", "gu_code": 11620, "gu_name": "관악구", "source_cell_count": 11, "area_m2": 57309.58, "mean_actual_lst": 40.1368, "mean_actual_anomaly": 3.7025, "seoul_anomaly": 2.5898, "pred_anomaly": 2.4867, "pred_anomaly_std": 0.8633, "green_delta_c": -0.8173, "building_ratio": 0.3193, "green_ratio": 0.3151, "ndvi": 0.1795, "impervious_ratio": 0.3628, "built_surface_ratio": 0.3628, "avg_ground_floor_count": 4.2685, "elevation_m": 77.7631, "albedo": 0.1024, "nearest_park_distance_m": 248.4047, "park_area_within_500m": 43356.4014, "nearest_stream_distance_m": 827.0622, "est_population_density": 35350.3648, "dong_elderly_ratio": 0.1659, "dong_avg_age": 41.7814, "dong_pop_density": 25812.2999, "nearest_shelter_distance_m": 224.3589, "shelter_count_within_500m": 5.9531, "est_population": 2025.9, "est_elderly": 334.0, "shelter_capacity_within_500m": 1036.1, "building_form_group": "high_floor_high_density", "dong_name": "인헌동", "top1_feature": "built_surface_ratio", "top1_shap": 0.5554, "top2_feature": "ndvi", "top2_shap": 0.1922, "top3_feature": "building_ratio", "top3_shap": 0.442, "priority_score": 68.9935, "priority_rank": 79 }, "geometry": { "type": "Polygon", "coordinates": [ [ [ 126.971281160183921, 37.473792195496188 ], [ 126.968453897768583, 37.473779510594127 ], [ 126.968437938645678, 37.476032839636488 ], [ 126.970291924768276, 37.476041165860842 ], [ 126.970298549999981, 37.47587321000001 ], [ 126.97030333, 37.47584871 ], [ 126.97043046, 37.47555226 ], [ 126.97052257, 37.47537659 ], [ 126.971268753693622, 37.475553303217993 ], [ 126.971281160183921, 37.473792195496188 ] ] ] } },
{ "type": "Feature", "properties": { "display_grid_id": "11620_00366", "gu_code": 11620, "gu_name": "관악구", "source_cell_count": 12, "area_m2": 57138.14, "mean_actual_lst": 41.1956, "mean_actual_anomaly": 4.8244, "seoul_anomaly": 3.7117, "pred_anomaly": 3.1655, "pred_anomaly_std": 0.7917, "green_delta_c": -0.704, "building_ratio": 0.3455, "green_ratio": 0.29, "ndvi": 0.162, "impervious_ratio": 0.318, "built_surface_ratio": 0.318, "avg_ground_floor_count": 2.8903, "elevation_m": 59.4389, "albedo": 0.103, "nearest_park_distance_m": 220.1658, "park_area_within_500m": 36560.0498, "nearest_stream_distance_m": 844.7257, "est_population_density": 25305.9554, "dong_elderly_ratio": 0.1763, "dong_avg_age": 42.7, "dong_pop_density": 5341.4, "nearest_shelter_distance_m": 337.8284, "shelter_count_within_500m": 5.4313, "est_population": 1445.9, "est_elderly": 255.0, "shelter_capacity_within_500m": 840.9, "building_form_group": "low_floor_high_density", "dong_name": "남현동", "top1_feature": "building_ratio", "top1_shap": 0.6066, "top2_feature": "ndvi", "top2_shap": 0.3373, "top3_feature": "built_surface_ratio", "top3_shap": 0.5377, "priority_score": 68.4972, "priority_rank": 81 }, "geometry": { "type": "Polygon", "coordinates": [ [ [ 126.974092634995955, 37.476058143843957 ], [ 126.974108424366705, 37.473804812753563 ], [ 126.971281160183921, 37.473792195496188 ], [ 126.971268753693622, 37.475553303217993 ], [ 126.972261460000013, 37.47578839 ], [ 126.973573141128483, 37.476055830449582 ], [ 126.974092634995955, 37.476058143843957 ] ] ] } },
{ "type": "Feature", "properties": { "display_grid_id": "11620_00367", "gu_code": 11620, "gu_name": "관악구", "source_cell_count": 14, "area_m2": 62500.0, "mean_actual_lst": 41.8268, "mean_actual_anomaly": 5.5521, "seoul_anomaly": 4.4395, "pred_anomaly": 4.4043, "pred_anomaly_std": 0.7664, "green_delta_c": -0.6306, "building_ratio": 0.3849, "green_ratio": 0.2629, "ndvi": 0.0968, "impervious_ratio": 0.2835, "built_surface_ratio": 0.2835, "avg_ground_floor_count": 2.9706, "elevation_m": 38.2824, "albedo": 0.1158, "nearest_park_distance_m": 178.9636, "park_area_within_500m": 91368.4196, "nearest_stream_distance_m": 595.9732, "est_population_density": 33228.4, "dong_elderly_ratio": 0.1763, "dong_avg_age": 42.7, "dong_pop_density": 5341.4, "nearest_shelter_distance_m": 150.3012, "shelter_count_within_500m": 4.68, "est_population": 2076.8, "est_elderly": 366.1, "shelter_capacity_within_500m": 696.3, "building_form_group": "low_floor_high_density", "dong_name": "남현동", "top1_feature": "ndvi", "top1_shap": 0.7177, "top2_feature": "building_ratio", "top2_shap": 0.6529, "top3_feature": "built_surface_ratio", "top3_shap": 0.5372, "priority_score": 66.7161, "priority_rank": 98 }, "geometry": { "type": "Polygon", "coordinates": [ [ [ 126.974108424366705, 37.473804812753563 ], [ 126.974092634995955, 37.476058143843957 ], [ 126.976919985813041, 37.476070694472341 ], [ 126.976935690307414, 37.473817362366134 ], [ 126.974108424366705, 37.473804812753563 ] ] ] } },
{ "type": "Feature", "properties": { "display_grid_id": "11620_00368", "gu_code": 11620, "gu_name": "관악구", "source_cell_count": 12, "area_m2": 62500.0, "mean_actual_lst": 40.8268, "mean_actual_anomaly": 4.6602, "seoul_anomaly": 3.5475, "pred_anomaly": 4.1409, "pred_anomaly_std": 0.7723, "green_delta_c": -0.5956, "building_ratio": 0.3457, "green_ratio": 0.2561, "ndvi": 0.1605, "impervious_ratio": 0.4232, "built_surface_ratio": 0.4232, "avg_ground_floor_count": 3.5558, "elevation_m": 36.4314, "albedo": 0.1055, "nearest_park_distance_m": 73.17, "park_area_within_500m": 185954.0844, "nearest_stream_distance_m": 356.9308, "est_population_density": 32967.6, "dong_elderly_ratio": 0.1763, "dong_avg_age": 42.7, "dong_pop_density": 5341.4, "nearest_shelter_distance_m": 97.4404, "shelter_count_within_500m": 7.4, "est_population": 2060.5, "est_elderly": 363.3, "shelter_capacity_within_500m": 989.2, "building_form_group": "low_floor_high_density", "dong_name": "남현동", "top1_feature": "building_ratio", "top1_shap": 0.6422, "top2_feature": "built_surface_ratio", "top2_shap": 0.6239, "top3_feature": "ndvi", "top3_shap": 0.284, "priority_score": 61.141, "priority_rank": 152 }, "geometry": { "type": "Polygon", "coordinates": [ [ [ 126.976935690307414, 37.473817362366134 ], [ 126.976919985813041, 37.476070694472341 ], [ 126.979747338378886, 37.47608317745032 ], [ 126.97976295799667, 37.473829844333778 ], [ 126.976935690307414, 37.473817362366134 ] ] ] } },
{ "type": "Feature", "properties": { "display_grid_id": "11620_00369", "gu_code": 11620, "gu_name": "관악구", "source_cell_count": 10, "area_m2": 46759.56, "mean_actual_lst": 40.4332, "mean_actual_anomaly": 4.3783, "seoul_anomaly": 3.2656, "pred_anomaly": 3.4466, "pred_anomaly_std": 0.8576, "green_delta_c": -0.364, "building_ratio": 0.3318, "green_ratio": 0.2265, "ndvi": 0.1036, "impervious_ratio": 0.4302, "built_surface_ratio": 0.4302, "avg_ground_floor_count": 7.0484, "elevation_m": 35.836, "albedo": 0.1001, "nearest_park_distance_m": 0.1486, "park_area_within_500m": 235728.7852, "nearest_stream_distance_m": 134.7622, "est_population_density": 38198.0445, "dong_elderly_ratio": 0.1763, "dong_avg_age": 42.7, "dong_pop_density": 5341.4, "nearest_shelter_distance_m": 149.8047, "shelter_count_within_500m": 9.2139, "est_population": 1786.1, "est_elderly": 314.8, "shelter_capacity_within_500m": 814.9, "building_form_group": "high_floor_high_density", "dong_name": "남현동", "top1_feature": "built_surface_ratio", "top1_shap": 0.6066, "top2_feature": "impervious_ratio", "top2_shap": 0.6009, "top3_feature": "building_ratio", "top3_shap": 0.3354, "priority_score": 56.0575, "priority_rank": 211 }, "geometry": { "type": "Polygon", "coordinates": [ [ [ 126.97976295799667, 37.473829844333778 ], [ 126.979747338378886, 37.47608317745032 ], [ 126.981704751292895, 37.476091779943644 ], [ 126.9817176, 37.47568027 ], [ 126.981796859999989, 37.4752174 ], [ 126.98186884, 37.47486995 ], [ 126.98211798, 37.47387298 ], [ 126.982126604371288, 37.473840227560508 ], [ 126.97976295799667, 37.473829844333778 ] ] ] } },
{ "type": "Feature", "properties": { "display_grid_id": "11620_00370", "gu_code": 11620, "gu_name": "관악구", "source_cell_count": 7, "area_m2": 5660.46, "mean_actual_lst": 39.4147, "mean_actual_anomaly": 3.3978, "seoul_anomaly": 2.2852, "pred_anomaly": 1.0637, "pred_anomaly_std": 0.9607, "green_delta_c": -0.8986, "building_ratio": 0.0995, "green_ratio": 0.2938, "ndvi": 0.2853, "impervious_ratio": 0.444, "built_surface_ratio": 0.444, "avg_ground_floor_count": 9.0303, "elevation_m": 43.264, "albedo": 0.1261, "nearest_park_distance_m": 38.3362, "park_area_within_500m": 59658.5336, "nearest_stream_distance_m": 972.7223, "est_population_density": 25695.5742, "dong_elderly_ratio": 0.2123, "dong_avg_age": 45.6497, "dong_pop_density": 24961.2711, "nearest_shelter_distance_m": 86.4617, "shelter_count_within_500m": 6.9654, "est_population": 145.4, "est_elderly": 30.3, "shelter_capacity_within_500m": 327.4, "building_form_group": "high_floor_low_density", "dong_name": "미성동", "top1_feature": "impervious_ratio", "top1_shap": 0.6583, "top2_feature": "built_surface_ratio", "top2_shap": 0.6428, "top3_feature": "ndvi", "top3_shap": -0.3263, "priority_score": 58.3303, "priority_rank": 182 }, "geometry": { "type": "Polygon", "coordinates": [ [ [ 126.911873720010192, 37.478018221224779 ], [ 126.911891378573273, 37.475764914735912 ], [ 126.911359311090692, 37.475762265210264 ], [ 126.91136413, 37.4757903 ], [ 126.91137166, 37.4759857 ], [ 126.911375190000015, 37.47599106 ], [ 126.91161824000001, 37.47629646 ], [ 126.911661529999989, 37.47643248 ], [ 126.91179634, 37.47686057 ], [ 126.91179327, 37.47706216000001 ], [ 126.91180251, 37.47716043 ], [ 126.91180472, 37.47737893 ], [ 126.91182311, 37.47780635 ], [ 126.91172505, 37.47782204 ], [ 126.91066165, 37.47795019 ], [ 126.910623268947788, 37.478011990260406 ], [ 126.911873720010192, 37.478018221224779 ] ] ] } },
{ "type": "Feature", "properties": { "display_grid_id": "11620_00371", "gu_code": 11620, "gu_name": "관악구", "source_cell_count": 15, "area_m2": 62500.0, "mean_actual_lst": 41.0304, "mean_actual_anomaly": 4.8745, "seoul_anomaly": 3.7619, "pred_anomaly": 2.8188, "pred_anomaly_std": 0.6873, "green_delta_c": -0.5271, "building_ratio": 0.3023, "green_ratio": 0.2305, "ndvi": 0.1409, "impervious_ratio": 0.4611, "built_surface_ratio": 0.4611, "avg_ground_floor_count": 6.4762, "elevation_m": 34.6792, "albedo": 0.1251, "nearest_park_distance_m": 57.466, "park_area_within_500m": 79195.5208, "nearest_stream_distance_m": 1022.0492, "est_population_density": 51414.0, "dong_elderly_ratio": 0.2188, "dong_avg_age": 45.1, "dong_pop_density": 22039.4, "nearest_shelter_distance_m": 117.874, "shelter_count_within_500m": 7.32, "est_population": 3213.4, "est_elderly": 703.2, "shelter_capacity_within_500m": 972.5, "building_form_group": "high_floor_high_density", "dong_name": "미성동", "top1_feature": "built_surface_ratio", "top1_shap": 0.5908, "top2_feature": "impervious_ratio", "top2_shap": 0.4921, "top3_feature": "ndvi", "top3_shap": 0.3198, "priority_score": 65.7421, "priority_rank": 102 }, "geometry": { "type": "Polygon", "coordinates": [ [ [ 126.911891378573273, 37.475764914735912 ], [ 126.911873720010192, 37.478018221224779 ], [ 126.914701114845585, 37.478032261264431 ], [ 126.914718688527614, 37.475778953639242 ], [ 126.911891378573273, 37.475764914735912 ] ] ] } },
{ "type": "Feature", "properties": { "display_grid_id": "11620_00372", "gu_code": 11620, "gu_name": "관악구", "source_cell_count": 14, "area_m2": 62500.0, "mean_actual_lst": 42.1196, "mean_actual_anomaly": 5.8621, "seoul_anomaly": 4.7495, "pred_anomaly": 3.7097, "pred_anomaly_std": 0.6161, "green_delta_c": -0.6305, "building_ratio": 0.3472, "green_ratio": 0.2314, "ndvi": 0.1146, "impervious_ratio": 0.4719, "built_surface_ratio": 0.4719, "avg_ground_floor_count": 3.3374, "elevation_m": 29.6697, "albedo": 0.1192, "nearest_park_distance_m": 190.8564, "park_area_within_500m": 88898.0752, "nearest_stream_distance_m": 1097.7828, "est_population_density": 33631.6, "dong_elderly_ratio": 0.2188, "dong_avg_age": 45.1, "dong_pop_density": 22039.4, "nearest_shelter_distance_m": 158.414, "shelter_count_within_500m": 7.88, "est_population": 2102.0, "est_elderly": 460.0, "shelter_capacity_within_500m": 984.5, "building_form_group": "low_floor_high_density", "dong_name": "미성동", "top1_feature": "built_surface_ratio", "top1_shap": 0.6273, "top2_feature": "ndvi", "top2_shap": 0.4402, "top3_feature": "impervious_ratio", "top3_shap": 0.4265, "priority_score": 73.3302, "priority_rank": 50 }, "geometry": { "type": "Polygon", "coordinates": [ [ [ 126.914718688527614, 37.475778953639242 ], [ 126.914701114845585, 37.478032261264431 ], [ 126.917528511637826, 37.478046233651213 ], [ 126.917546000438591, 37.475792924895174 ], [ 126.914718688527614, 37.475778953639242 ] ] ] } },
{ "type": "Feature", "properties": { "display_grid_id": "11620_00373", "gu_code": 11620, "gu_name": "관악구", "source_cell_count": 15, "area_m2": 62500.0, "mean_actual_lst": 41.4979, "mean_actual_anomaly": 5.2088, "seoul_anomaly": 4.0962, "pred_anomaly": 3.3612, "pred_anomaly_std": 0.7216, "green_delta_c": -0.8509, "building_ratio": 0.3442, "green_ratio": 0.2501, "ndvi": 0.1453, "impervious_ratio": 0.458, "built_surface_ratio": 0.458, "avg_ground_floor_count": 2.8774, "elevation_m": 41.1126, "albedo": 0.119, "nearest_park_distance_m": 259.9568, "park_area_within_500m": 56514.7584, "nearest_stream_distance_m": 982.1188, "est_population_density": 27576.0, "dong_elderly_ratio": 0.2188, "dong_avg_age": 45.1, "dong_pop_density": 22039.4, "nearest_shelter_distance_m": 121.3432, "shelter_count_within_500m": 6.28, "est_population": 1723.5, "est_elderly": 377.1, "shelter_capacity_within_500m": 780.0, "building_form_group": "low_floor_high_density", "dong_name": "미성동", "top1_feature": "built_surface_ratio", "top1_shap": 0.6328, "top2_feature": "impervious_ratio", "top2_shap": 0.5171, "top3_feature": "building_ratio", "top3_shap": 0.3748, "priority_score": 72.3748, "priority_rank": 57 }, "geometry": { "type": "Polygon", "coordinates": [ [ [ 126.917546000438591, 37.475792924895174 ], [ 126.917528511637826, 37.478046233651213 ], [ 126.920355910377467, 37.478060138384976 ], [ 126.920373314296754, 37.475806828503565 ], [ 126.917546000438591, 37.475792924895174 ] ] ] } },
{ "type": "Feature", "properties": { "display_grid_id": "11620_00374", "gu_code": 11620, "gu_name": "관악구", "source_cell_count": 12, "area_m2": 62500.0, "mean_actual_lst": 39.5232, "mean_actual_anomaly": 3.2166, "seoul_anomaly": 2.1039, "pred_anomaly": 1.9479, "pred_anomaly_std": 0.8104, "green_delta_c": -0.6895, "building_ratio": 0.3291, "green_ratio": 0.3607, "ndvi": 0.2004, "impervious_ratio": 0.3168, "built_surface_ratio": 0.3168, "avg_ground_floor_count": 3.1335, "elevation_m": 68.837, "albedo": 0.1195, "nearest_park_distance_m": 381.2856, "park_area_within_500m": 26604.1752, "nearest_stream_distance_m": 809.4236, "est_population_density": 29943.2, "dong_elderly_ratio": 0.22, "dong_avg_age": 45.308, "dong_pop_density": 22795.768, "nearest_shelter_distance_m": 129.9712, "shelter_count_within_500m": 3.72, "est_population": 1871.4, "est_elderly": 412.3, "shelter_capacity_within_500m": 416.5, "building_form_group": "low_floor_high_density", "dong_name": "미성동", "top1_feature": "built_surface_ratio", "top1_shap": 0.4255, "top2_feature": "building_ratio", "top2_shap": 0.5039, "top3_feature": "ndvi", "top3_shap": 0.1347, "priority_score": 62.2449, "priority_rank": 141 }, "geometry": { "type": "Polygon", "coordinates": [ [ [ 126.920373314296754, 37.475806828503565 ], [ 126.920355910377467, 37.478060138384976 ], [ 126.923183311055055, 37.478073975465591 ], [ 126.923200630092609, 37.475820664464294 ], [ 126.920373314296754, 37.475806828503565 ] ] ] } },
{ "type": "Feature", "properties": { "display_grid_id": "11620_00375", "gu_code": 11620, "gu_name": "관악구", "source_cell_count": 15, "area_m2": 62500.0, "mean_actual_lst": 36.2478, "mean_actual_anomaly": 0.1772, "seoul_anomaly": -0.9354, "pred_anomaly": -0.8017, "pred_anomaly_std": 0.8984, "green_delta_c": -1.2131, "building_ratio": 0.1641, "green_ratio": 0.5689, "ndvi": 0.2982, "impervious_ratio": 0.1549, "built_surface_ratio": 0.1549, "avg_ground_floor_count": 2.5745, "elevation_m": 82.0158, "albedo": 0.1216, "nearest_park_distance_m": 499.0228, "park_area_within_500m": 2083.922, "nearest_stream_distance_m": 605.9052, "est_population_density": 13661.2, "dong_elderly_ratio": 0.2086, "dong_avg_age": 44.9, "dong_pop_density": 29014.736, "nearest_shelter_distance_m": 209.28, "shelter_count_within_500m": 3.84, "est_population": 853.8, "est_elderly": 188.4, "shelter_capacity_within_500m": 577.5, "building_form_group": "low_floor_high_density", "dong_name": "신원동", "top1_feature": "green_ratio", "top1_shap": -0.7277, "top2_feature": "built_surface_ratio", "top2_shap": -0.3735, "top3_feature": "impervious_ratio", "top3_shap": -0.3604, "priority_score": 62.7087, "priority_rank": 131 }, "geometry": { "type": "Polygon", "coordinates": [ [ [ 126.923200630092609, 37.475820664464294 ], [ 126.923183311055055, 37.478073975465591 ], [ 126.926010713661142, 37.478087744892903 ], [ 126.926027947816749, 37.475834432777184 ], [ 126.923200630092609, 37.475820664464294 ] ] ] } },
{ "type": "Feature", "properties": { "display_grid_id": "11620_00376", "gu_code": 11620, "gu_name": "관악구", "source_cell_count": 15, "area_m2": 62500.0, "mean_actual_lst": 37.894, "mean_actual_anomaly": 1.662, "seoul_anomaly": 0.5493, "pred_anomaly": 1.1409, "pred_anomaly_std": 0.9177, "green_delta_c": -0.9658, "building_ratio": 0.2542, "green_ratio": 0.4264, "ndvi": 0.2338, "impervious_ratio": 0.2487, "built_surface_ratio": 0.2487, "avg_ground_floor_count": 2.5797, "elevation_m": 63.608, "albedo": 0.118, "nearest_park_distance_m": 373.7564, "park_area_within_500m": 16422.8068, "nearest_stream_distance_m": 417.9692, "est_population_density": 21063.6, "dong_elderly_ratio": 0.1903, "dong_avg_age": 43.7, "dong_pop_density": 34454.4, "nearest_shelter_distance_m": 211.1664, "shelter_count_within_500m": 5.04, "est_population": 1316.5, "est_elderly": 250.5, "shelter_capacity_within_500m": 838.0, "building_form_group": "low_floor_high_density", "dong_name": "신원동", "top1_feature": "built_surface_ratio", "top1_shap": 0.0092, "top2_feature": "building_ratio", "top2_shap": 0.3853, "top3_feature": "green_ratio", "top3_shap": -0.3501, "priority_score": 64.4156, "priority_rank": 113 }, "geometry": { "type": "Polygon", "coordinates": [ [ [ 126.926027947816749, 37.475834432777184 ], [ 126.926010713661142, 37.478087744892903 ], [ 126.928838118186292, 37.478101446666784 ], [ 126.92885526745971, 37.475848133442106 ], [ 126.926027947816749, 37.475834432777184 ] ] ] } },
{ "type": "Feature", "properties": { "display_grid_id": "11620_00377", "gu_code": 11620, "gu_name": "관악구", "source_cell_count": 15, "area_m2": 62500.0, "mean_actual_lst": 41.4837, "mean_actual_anomaly": 5.106, "seoul_anomaly": 3.9934, "pred_anomaly": 4.4523, "pred_anomaly_std": 1.1153, "green_delta_c": -1.9491, "building_ratio": 0.491, "green_ratio": 0.2825, "ndvi": 0.1032, "impervious_ratio": 0.1541, "built_surface_ratio": 0.1541, "avg_ground_floor_count": 2.8622, "elevation_m": 60.9833, "albedo": 0.0968, "nearest_park_distance_m": 254.0024, "park_area_within_500m": 31572.0176, "nearest_stream_distance_m": 222.4656, "est_population_density": 39776.8, "dong_elderly_ratio": 0.1826, "dong_avg_age": 43.24, "dong_pop_density": 34715.02, "nearest_shelter_distance_m": 184.9752, "shelter_count_within_500m": 6.6, "est_population": 2486.1, "est_elderly": 454.6, "shelter_capacity_within_500m": 1273.5, "building_form_group": "low_floor_high_density", "dong_name": "신원동", "top1_feature": "building_ratio", "top1_shap": 1.3522, "top2_feature": "ndvi", "top2_shap": 0.8242, "top3_feature": "built_surface_ratio", "top3_shap": 0.008, "priority_score": 78.4323, "priority_rank": 10 }, "geometry": { "type": "Polygon", "coordinates": [ [ [ 126.92885526745971, 37.475848133442106 ], [ 126.928838118186292, 37.478101446666784 ], [ 126.93166552462101, 37.47811508078707 ], [ 126.931682589012041, 37.475861766458927 ], [ 126.92885526745971, 37.475848133442106 ] ] ] } },
{ "type": "Feature", "properties": { "display_grid_id": "11620_00378", "gu_code": 11620, "gu_name": "관악구", "source_cell_count": 14, "area_m2": 62500.0, "mean_actual_lst": 41.5621, "mean_actual_anomaly": 5.3079, "seoul_anomaly": 4.1952, "pred_anomaly": 4.3914, "pred_anomaly_std": 0.9627, "green_delta_c": -1.4218, "building_ratio": 0.4049, "green_ratio": 0.2795, "ndvi": 0.1207, "impervious_ratio": 0.1969, "built_surface_ratio": 0.1969, "avg_ground_floor_count": 3.1064, "elevation_m": 56.0569, "albedo": 0.101, "nearest_park_distance_m": 296.096, "park_area_within_500m": 29770.5264, "nearest_stream_distance_m": 99.6504, "est_population_density": 35929.6, "dong_elderly_ratio": 0.1518, "dong_avg_age": 41.4, "dong_pop_density": 35757.5, "nearest_shelter_distance_m": 100.3096, "shelter_count_within_500m": 7.0, "est_population": 2245.6, "est_elderly": 340.9, "shelter_capacity_within_500m": 1357.5, "building_form_group": "low_floor_high_density", "dong_name": "서원동", "top1_feature": "building_ratio", "top1_shap": 0.889, "top2_feature": "ndvi", "top2_shap": 0.6294, "top3_feature": "built_surface_ratio", "top3_shap": 0.4302, "priority_score": 71.9573, "priority_rank": 59 }, "geometry": { "type": "Polygon", "coordinates": [ [ [ 126.931682589012041, 37.475861766458927 ], [ 126.93166552462101, 37.47811508078707 ], [ 126.934492932955891, 37.478128647253641 ], [ 126.934509912464307, 37.475875331827488 ], [ 126.931682589012041, 37.475861766458927 ] ] ] } },
{ "type": "Feature", "properties": { "display_grid_id": "11620_00379", "gu_code": 11620, "gu_name": "관악구", "source_cell_count": 14, "area_m2": 62500.0, "mean_actual_lst": 42.1407, "mean_actual_anomaly": 5.8445, "seoul_anomaly": 4.7318, "pred_anomaly": 3.9152, "pred_anomaly_std": 1.1687, "green_delta_c": -1.5403, "building_ratio": 0.3154, "green_ratio": 0.2945, "ndvi": 0.1236, "impervious_ratio": 0.2242, "built_surface_ratio": 0.2242, "avg_ground_floor_count": 3.1418, "elevation_m": 47.2416, "albedo": 0.1091, "nearest_park_distance_m": 426.05, "park_area_within_500m": 13311.682, "nearest_stream_distance_m": 55.0924, "est_population_density": 28946.4, "dong_elderly_ratio": 0.1542, "dong_avg_age": 41.52, "dong_pop_density": 33176.756, "nearest_shelter_distance_m": 188.3884, "shelter_count_within_500m": 6.24, "est_population": 1809.2, "est_elderly": 279.3, "shelter_capacity_within_500m": 1260.5, "building_form_group": "low_floor_high_density", "dong_name": "서원동", "top1_feature": "ndvi", "top1_shap": 0.7433, "top2_feature": "built_surface_ratio", "top2_shap": 0.5187, "top3_feature": "building_ratio", "top3_shap": 0.4906, "priority_score": 76.7254, "priority_rank": 21 }, "geometry": { "type": "Polygon", "coordinates": [ [ [ 126.934509912464307, 37.475875331827488 ], [ 126.934492932955891, 37.478128647253641 ], [ 126.937320343181455, 37.47814214606634 ], [ 126.937337237807043, 37.475888829547671 ], [ 126.934509912464307, 37.475875331827488 ] ] ] } },
{ "type": "Feature", "properties": { "display_grid_id": "11620_00380", "gu_code": 11620, "gu_name": "관악구", "source_cell_count": 14, "area_m2": 62500.0, "mean_actual_lst": 41.4411, "mean_actual_anomaly": 5.1908, "seoul_anomaly": 4.0782, "pred_anomaly": 4.2491, "pred_anomaly_std": 0.9214, "green_delta_c": -1.1445, "building_ratio": 0.3734, "green_ratio": 0.2793, "ndvi": 0.1122, "impervious_ratio": 0.2502, "built_surface_ratio": 0.2502, "avg_ground_floor_count": 3.5651, "elevation_m": 50.852, "albedo": 0.1062, "nearest_park_distance_m": 441.2788, "park_area_within_500m": 8170.7924, "nearest_stream_distance_m": 148.9268, "est_population_density": 37989.6, "dong_elderly_ratio": 0.1578, "dong_avg_age": 41.592, "dong_pop_density": 27611.748, "nearest_shelter_distance_m": 181.7436, "shelter_count_within_500m": 7.2, "est_population": 2374.4, "est_elderly": 377.9, "shelter_capacity_within_500m": 1403.0, "building_form_group": "low_floor_high_density", "dong_name": "서림동", "top1_feature": "ndvi", "top1_shap": 0.7067, "top2_feature": "building_ratio", "top2_shap": 0.6961, "top3_feature": "built_surface_ratio", "top3_shap": 0.4972, "priority_score": 76.1271, "priority_rank": 26 }, "geometry": { "type": "Polygon", "coordinates": [ [ [ 126.937337237807043, 37.475888829547671 ], [ 126.937320343181455, 37.47814214606634 ], [ 126.940147755288265, 37.478155577225039 ], [ 126.940164565030784, 37.475902259619325 ], [ 126.937337237807043, 37.475888829547671 ] ] ] } },
{ "type": "Feature", "properties": { "display_grid_id": "11620_00381", "gu_code": 11620, "gu_name": "관악구", "source_cell_count": 14, "area_m2": 62500.0, "mean_actual_lst": 38.6387, "mean_actual_anomaly": 2.793, "seoul_anomaly": 1.6803, "pred_anomaly": 1.9892, "pred_anomaly_std": 0.7805, "green_delta_c": -0.4052, "building_ratio": 0.2303, "green_ratio": 0.2301, "ndvi": 0.1463, "impervious_ratio": 0.441, "built_surface_ratio": 0.441, "avg_ground_floor_count": 11.8299, "elevation_m": 64.5995, "albedo": 0.1004, "nearest_park_distance_m": 311.2416, "park_area_within_500m": 54295.396, "nearest_stream_distance_m": 395.4384, "est_population_density": 69812.4, "dong_elderly_ratio": 0.1411, "dong_avg_age": 39.716, "dong_pop_density": 29800.044, "nearest_shelter_distance_m": 85.058, "shelter_count_within_500m": 6.56, "est_population": 4363.3, "est_elderly": 608.9, "shelter_capacity_within_500m": 1204.8, "building_form_group": "high_floor_low_density", "dong_name": "청룡동", "top1_feature": "built_surface_ratio", "top1_shap": 0.5893, "top2_feature": "impervious_ratio", "top2_shap": 0.4907, "top3_feature": "avg_ground_floor_count", "top3_shap": -0.4131, "priority_score": 56.7069, "priority_rank": 201 }, "geometry": { "type": "Polygon", "coordinates": [ [ [ 126.940164565030784, 37.475902259619325 ], [ 126.940147755288265, 37.478155577225039 ], [ 126.942975169266887, 37.478168940729596 ], [ 126.942991894126123, 37.475915622042301 ], [ 126.940164565030784, 37.475902259619325 ] ] ] } },
{ "type": "Feature", "properties": { "display_grid_id": "11620_00382", "gu_code": 11620, "gu_name": "관악구", "source_cell_count": 14, "area_m2": 62500.0, "mean_actual_lst": 39.5518, "mean_actual_anomaly": 3.6355, "seoul_anomaly": 2.5229, "pred_anomaly": 2.1493, "pred_anomaly_std": 0.885, "green_delta_c": -0.6815, "building_ratio": 0.2486, "green_ratio": 0.2645, "ndvi": 0.1891, "impervious_ratio": 0.4023, "built_surface_ratio": 0.4023, "avg_ground_floor_count": 6.2014, "elevation_m": 68.5236, "albedo": 0.1031, "nearest_park_distance_m": 272.5272, "park_area_within_500m": 113040.4976, "nearest_stream_distance_m": 553.1592, "est_population_density": 41700.4, "dong_elderly_ratio": 0.1372, "dong_avg_age": 39.3, "dong_pop_density": 30713.5, "nearest_shelter_distance_m": 102.4828, "shelter_count_within_500m": 6.08, "est_population": 2606.3, "est_elderly": 357.6, "shelter_capacity_within_500m": 1128.8, "building_form_group": "low_floor_low_density", "dong_name": "청룡동", "top1_feature": "built_surface_ratio", "top1_shap": 0.5679, "top2_feature": "impervious_ratio", "top2_shap": 0.4696, "top3_feature": "building_ratio", "top3_shap": 0.2377, "priority_score": 62.1799, "priority_rank": 144 }, "geometry": { "type": "Polygon", "coordinates": [ [ [ 126.942991894126123, 37.475915622042301 ], [ 126.942975169266887, 37.478168940729596 ], [ 126.945802585107856, 37.478182236579869 ], [ 126.945819225083582, 37.475928916816486 ], [ 126.942991894126123, 37.475915622042301 ] ] ] } },
{ "type": "Feature", "properties": { "display_grid_id": "11620_00383", "gu_code": 11620, "gu_name": "관악구", "source_cell_count": 15, "area_m2": 62500.0, "mean_actual_lst": 38.0316, "mean_actual_anomaly": 2.1404, "seoul_anomaly": 1.0278, "pred_anomaly": 1.7354, "pred_anomaly_std": 0.8633, "green_delta_c": -0.8122, "building_ratio": 0.32, "green_ratio": 0.4055, "ndvi": 0.2368, "impervious_ratio": 0.2461, "built_surface_ratio": 0.2461, "avg_ground_floor_count": 2.4635, "elevation_m": 67.0938, "albedo": 0.1, "nearest_park_distance_m": 239.0408, "park_area_within_500m": 162112.0836, "nearest_stream_distance_m": 546.9528, "est_population_density": 22792.8, "dong_elderly_ratio": 0.1372, "dong_avg_age": 39.3, "dong_pop_density": 30713.5, "nearest_shelter_distance_m": 171.6876, "shelter_count_within_500m": 9.04, "est_population": 1424.5, "est_elderly": 195.4, "shelter_capacity_within_500m": 1276.5, "building_form_group": "low_floor_high_density", "dong_name": "청룡동", "top1_feature": "building_ratio", "top1_shap": 0.5009, "top2_feature": "built_surface_ratio", "top2_shap": 0.2443, "top3_feature": "green_ratio", "top3_shap": -0.4276, "priority_score": 60.0742, "priority_rank": 165 }, "geometry": { "type": "Polygon", "coordinates": [ [ [ 126.945819225083582, 37.475928916816486 ], [ 126.945802585107856, 37.478182236579869 ], [ 126.948630002801679, 37.478195464775716 ], [ 126.948646557893696, 37.475942143941708 ], [ 126.945819225083582, 37.475928916816486 ] ] ] } },
{ "type": "Feature", "properties": { "display_grid_id": "11620_00384", "gu_code": 11620, "gu_name": "관악구", "source_cell_count": 12, "area_m2": 62500.0, "mean_actual_lst": 36.448, "mean_actual_anomaly": 0.5568, "seoul_anomaly": -0.5558, "pred_anomaly": -0.0002, "pred_anomaly_std": 0.907, "green_delta_c": -0.8954, "building_ratio": 0.1944, "green_ratio": 0.5157, "ndvi": 0.3363, "impervious_ratio": 0.1912, "built_surface_ratio": 0.1912, "avg_ground_floor_count": 2.1212, "elevation_m": 69.7945, "albedo": 0.1181, "nearest_park_distance_m": 208.1344, "park_area_within_500m": 175004.2748, "nearest_stream_distance_m": 537.4216, "est_population_density": 18528.0, "dong_elderly_ratio": 0.1372, "dong_avg_age": 39.3, "dong_pop_density": 30713.5, "nearest_shelter_distance_m": 87.8276, "shelter_count_within_500m": 8.0, "est_population": 1158.0, "est_elderly": 158.9, "shelter_capacity_within_500m": 825.0, "building_form_group": "no_building", "dong_name": "청룡동", "top1_feature": "green_ratio", "top1_shap": -0.592, "top2_feature": "built_surface_ratio", "top2_shap": -0.3042, "top3_feature": "ndvi", "top3_shap": -0.1343, "priority_score": 54.2208, "priority_rank": 231 }, "geometry": { "type": "Polygon", "coordinates": [ [ [ 126.948646557893696, 37.475942143941708 ], [ 126.948630002801679, 37.478195464775716 ], [ 126.951457422338962, 37.478208625317016 ], [ 126.951473892547071, 37.475955303417848 ], [ 126.948646557893696, 37.475942143941708 ] ] ] } },
{ "type": "Feature", "properties": { "display_grid_id": "11620_00385", "gu_code": 11620, "gu_name": "관악구", "source_cell_count": 15, "area_m2": 62500.0, "mean_actual_lst": 40.7381, "mean_actual_anomaly": 4.3946, "seoul_anomaly": 3.2819, "pred_anomaly": 3.564, "pred_anomaly_std": 0.8519, "green_delta_c": -0.3729, "building_ratio": 0.3365, "green_ratio": 0.2438, "ndvi": 0.1176, "impervious_ratio": 0.3755, "built_surface_ratio": 0.3755, "avg_ground_floor_count": 6.0802, "elevation_m": 60.9207, "albedo": 0.094, "nearest_park_distance_m": 188.9244, "park_area_within_500m": 195923.4272, "nearest_stream_distance_m": 412.4, "est_population_density": 49263.6, "dong_elderly_ratio": 0.1089, "dong_avg_age": 36.42, "dong_pop_density": 18480.88, "nearest_shelter_distance_m": 75.768, "shelter_count_within_500m": 8.84, "est_population": 3079.0, "est_elderly": 325.3, "shelter_capacity_within_500m": 1025.3, "building_form_group": "high_floor_high_density", "dong_name": "낙성대동", "top1_feature": "built_surface_ratio", "top1_shap": 0.5856, "top2_feature": "building_ratio", "top2_shap": 0.5285, "top3_feature": "ndvi", "top3_shap": 0.449, "priority_score": 52.347, "priority_rank": 252 }, "geometry": { "type": "Polygon", "coordinates": [ [ [ 126.951473892547071, 37.475955303417848 ], [ 126.951457422338962, 37.478208625317016 ], [ 126.954284843710255, 37.478221718203613 ], [ 126.954301229034186, 37.475968395244784 ], [ 126.951473892547071, 37.475955303417848 ] ] ] } },
{ "type": "Feature", "properties": { "display_grid_id": "11620_00386", "gu_code": 11620, "gu_name": "관악구", "source_cell_count": 14, "area_m2": 62500.0, "mean_actual_lst": 41.8207, "mean_actual_anomaly": 5.3995, "seoul_anomaly": 4.2868, "pred_anomaly": 4.7682, "pred_anomaly_std": 0.7095, "green_delta_c": -0.275, "building_ratio": 0.4403, "green_ratio": 0.2299, "ndvi": 0.0887, "impervious_ratio": 0.3786, "built_surface_ratio": 0.3786, "avg_ground_floor_count": 3.43, "elevation_m": 55.4464, "albedo": 0.1023, "nearest_park_distance_m": 142.7252, "park_area_within_500m": 206279.8784, "nearest_stream_distance_m": 224.9008, "est_population_density": 42740.4, "dong_elderly_ratio": 0.0901, "dong_avg_age": 34.5, "dong_pop_density": 10325.8, "nearest_shelter_distance_m": 121.052, "shelter_count_within_500m": 10.68, "est_population": 2671.3, "est_elderly": 240.6, "shelter_capacity_within_500m": 1530.3, "building_form_group": "low_floor_high_density", "dong_name": "낙성대동", "top1_feature": "building_ratio", "top1_shap": 0.7804, "top2_feature": "built_surface_ratio", "top2_shap": 0.6136, "top3_feature": "ndvi", "top3_shap": 0.5093, "priority_score": 54.7124, "priority_rank": 226 }, "geometry": { "type": "Polygon", "coordinates": [ [ [ 126.954301229034186, 37.475968395244784 ], [ 126.954284843710255, 37.478221718203613 ], [ 126.957112266906066, 37.478234743435394 ], [ 126.95712856734562, 37.475981419422368 ], [ 126.954301229034186, 37.475968395244784 ] ] ] } },
{ "type": "Feature", "properties": { "display_grid_id": "11620_00387", "gu_code": 11620, "gu_name": "관악구", "source_cell_count": 15, "area_m2": 62500.0, "mean_actual_lst": 40.9275, "mean_actual_anomaly": 4.6677, "seoul_anomaly": 3.5551, "pred_anomaly": 4.2143, "pred_anomaly_std": 0.7593, "green_delta_c": -0.4054, "building_ratio": 0.3095, "green_ratio": 0.2354, "ndvi": 0.1288, "impervious_ratio": 0.4751, "built_surface_ratio": 0.4751, "avg_ground_floor_count": 3.5527, "elevation_m": 49.6144, "albedo": 0.114, "nearest_park_distance_m": 25.3104, "park_area_within_500m": 192472.5124, "nearest_stream_distance_m": 72.91, "est_population_density": 30802.8, "dong_elderly_ratio": 0.0901, "dong_avg_age": 34.5, "dong_pop_density": 10325.8, "nearest_shelter_distance_m": 104.5212, "shelter_count_within_500m": 8.08, "est_population": 1925.2, "est_elderly": 173.5, "shelter_capacity_within_500m": 1621.8, "building_form_group": "low_floor_high_density", "dong_name": "낙성대동", "top1_feature": "impervious_ratio", "top1_shap": 0.6457, "top2_feature": "built_surface_ratio", "top2_shap": 0.554, "top3_feature": "ndvi", "top3_shap": 0.386, "priority_score": 53.2931, "priority_rank": 241 }, "geometry": { "type": "Polygon", "coordinates": [ [ [ 126.95712856734562, 37.475981419422368 ], [ 126.957112266906066, 37.478234743435394 ], [ 126.959939691916972, 37.478247701012208 ], [ 126.959955907471965, 37.475994375950471 ], [ 126.95712856734562, 37.475981419422368 ] ] ] } },
{ "type": "Feature", "properties": { "display_grid_id": "11620_00388", "gu_code": 11620, "gu_name": "관악구", "source_cell_count": 15, "area_m2": 62500.0, "mean_actual_lst": 40.9131, "mean_actual_anomaly": 4.8064, "seoul_anomaly": 3.6937, "pred_anomaly": 3.943, "pred_anomaly_std": 0.7962, "green_delta_c": -0.5596, "building_ratio": 0.2961, "green_ratio": 0.2318, "ndvi": 0.1129, "impervious_ratio": 0.4228, "built_surface_ratio": 0.4228, "avg_ground_floor_count": 5.3646, "elevation_m": 52.5136, "albedo": 0.114, "nearest_park_distance_m": 25.1472, "park_area_within_500m": 169765.7812, "nearest_stream_distance_m": 154.4652, "est_population_density": 44909.2, "dong_elderly_ratio": 0.1134, "dong_avg_age": 36.74, "dong_pop_density": 17264.648, "nearest_shelter_distance_m": 92.0212, "shelter_count_within_500m": 8.96, "est_population": 2806.8, "est_elderly": 318.5, "shelter_capacity_within_500m": 2126.8, "building_form_group": "high_floor_high_density", "dong_name": "낙성대동", "top1_feature": "built_surface_ratio", "top1_shap": 0.6104, "top2_feature": "ndvi", "top2_shap": 0.4717, "top3_feature": "impervious_ratio", "top3_shap": 0.4673, "priority_score": 59.4248, "priority_rank": 170 }, "geometry": { "type": "Polygon", "coordinates": [ [ [ 126.959955907471965, 37.475994375950471 ], [ 126.959939691916972, 37.478247701012208 ], [ 126.96276711873351, 37.478260590933928 ], [ 126.962783249403714, 37.476007264828937 ], [ 126.959955907471965, 37.475994375950471 ] ] ] } },
{ "type": "Feature", "properties": { "display_grid_id": "11620_00389", "gu_code": 11620, "gu_name": "관악구", "source_cell_count": 14, "area_m2": 62500.0, "mean_actual_lst": 41.1014, "mean_actual_anomaly": 5.0458, "seoul_anomaly": 3.9331, "pred_anomaly": 4.1966, "pred_anomaly_std": 0.7956, "green_delta_c": -0.4142, "building_ratio": 0.3753, "green_ratio": 0.2475, "ndvi": 0.0922, "impervious_ratio": 0.3015, "built_surface_ratio": 0.3015, "avg_ground_floor_count": 4.8489, "elevation_m": 60.7559, "albedo": 0.1022, "nearest_park_distance_m": 20.9504, "park_area_within_500m": 118225.6884, "nearest_stream_distance_m": 404.7092, "est_population_density": 50923.6, "dong_elderly_ratio": 0.1615, "dong_avg_age": 41.356, "dong_pop_density": 35114.952, "nearest_shelter_distance_m": 138.7812, "shelter_count_within_500m": 8.52, "est_population": 3182.7, "est_elderly": 513.3, "shelter_capacity_within_500m": 1752.5, "building_form_group": "high_floor_high_density", "dong_name": "행운동", "top1_feature": "ndvi", "top1_shap": 0.7146, "top2_feature": "built_surface_ratio", "top2_shap": 0.5534, "top3_feature": "building_ratio", "top3_shap": 0.5248, "priority_score": 62.2217, "priority_rank": 142 }, "geometry": { "type": "Polygon", "coordinates": [ [ [ 126.962783249403714, 37.476007264828937 ], [ 126.96276711873351, 37.478260590933928 ], [ 126.965594547346228, 37.478273413200419 ], [ 126.96561059313143, 37.476020086057666 ], [ 126.962783249403714, 37.476007264828937 ] ] ] } },
{ "type": "Feature", "properties": { "display_grid_id": "11620_00390", "gu_code": 11620, "gu_name": "관악구", "source_cell_count": 13, "area_m2": 54994.13, "mean_actual_lst": 38.7819, "mean_actual_anomaly": 2.9776, "seoul_anomaly": 1.8649, "pred_anomaly": 1.5932, "pred_anomaly_std": 0.849, "green_delta_c": -0.765, "building_ratio": 0.2983, "green_ratio": 0.3988, "ndvi": 0.2225, "impervious_ratio": 0.2323, "built_surface_ratio": 0.2323, "avg_ground_floor_count": 3.9474, "elevation_m": 80.6292, "albedo": 0.1125, "nearest_park_distance_m": 129.8605, "park_area_within_500m": 95898.8867, "nearest_stream_distance_m": 625.4999, "est_population_density": 32357.9318, "dong_elderly_ratio": 0.159, "dong_avg_age": 41.1, "dong_pop_density": 40635.4, "nearest_shelter_distance_m": 183.0415, "shelter_count_within_500m": 9.6771, "est_population": 1779.5, "est_elderly": 283.0, "shelter_capacity_within_500m": 1913.8, "building_form_group": "low_floor_high_density", "dong_name": "행운동", "top1_feature": "built_surface_ratio", "top1_shap": 0.1889, "top2_feature": "building_ratio", "top2_shap": 0.5128, "top3_feature": "ndvi", "top3_shap": 0.0992, "priority_score": 62.4768, "priority_rank": 138 }, "geometry": { "type": "Polygon", "coordinates": [ [ [ 126.968437938645678, 37.476032839636488 ], [ 126.96561059313143, 37.476020086057666 ], [ 126.965594547346228, 37.478273413200419 ], [ 126.967034464306835, 37.478279917157835 ], [ 126.96727855, 37.47801535 ], [ 126.96778138, 37.47783557 ], [ 126.96804456, 37.47749468 ], [ 126.96822042, 37.47727229 ], [ 126.968430795975038, 37.477041258820172 ], [ 126.968437938645678, 37.476032839636488 ] ] ] } },
{ "type": "Feature", "properties": { "display_grid_id": "11620_00391", "gu_code": 11620, "gu_name": "관악구", "source_cell_count": 5, "area_m2": 10265.19, "mean_actual_lst": 38.6691, "mean_actual_anomaly": 2.3329, "seoul_anomaly": 1.2203, "pred_anomaly": -0.2216, "pred_anomaly_std": 0.8634, "green_delta_c": -0.6189, "building_ratio": 0.1153, "green_ratio": 0.4171, "ndvi": 0.3909, "impervious_ratio": 0.3729, "built_surface_ratio": 0.3729, "avg_ground_floor_count": 4.7451, "elevation_m": 88.5623, "albedo": 0.129, "nearest_park_distance_m": 122.9716, "park_area_within_500m": 59040.784, "nearest_stream_distance_m": 829.6597, "est_population_density": 15635.3617, "dong_elderly_ratio": 0.159, "dong_avg_age": 41.1, "dong_pop_density": 40635.4, "nearest_shelter_distance_m": 112.5599, "shelter_count_within_500m": 8.6732, "est_population": 160.5, "est_elderly": 25.6, "shelter_capacity_within_500m": 730.0, "building_form_group": "high_floor_low_density", "dong_name": "행운동", "top1_feature": "ndvi", "top1_shap": -0.9082, "top2_feature": "green_ratio", "top2_shap": -0.593, "top3_feature": "built_surface_ratio", "top3_shap": 0.5664, "priority_score": 49.3785, "priority_rank": 287 }, "geometry": { "type": "Polygon", "coordinates": [ [ [ 126.968437938645678, 37.476032839636488 ], [ 126.968430795975038, 37.477041258820172 ], [ 126.96882944, 37.47660347 ], [ 126.96887749, 37.47658969 ], [ 126.96890205, 37.47657703 ], [ 126.97010486, 37.47651456 ], [ 126.970240349999983, 37.47651798 ], [ 126.97025395, 37.47650024 ], [ 126.970274459999985, 37.47648391 ], [ 126.970291924768276, 37.476041165860842 ], [ 126.968437938645678, 37.476032839636488 ] ] ] } },
{ "type": "Feature", "properties": { "display_grid_id": "11620_00392", "gu_code": 11620, "gu_name": "관악구", "source_cell_count": 2, "area_m2": 263.62, "mean_actual_lst": 41.9239, "mean_actual_anomaly": 5.5037, "seoul_anomaly": 4.391, "pred_anomaly": 1.6665, "pred_anomaly_std": 1.2109, "green_delta_c": -0.5447, "building_ratio": 0.0, "green_ratio": 0.269, "ndvi": 0.1435, "impervious_ratio": 0.3005, "built_surface_ratio": 0.3005, "avg_ground_floor_count": 0.0, "elevation_m": 43.692, "albedo": 0.0896, "nearest_park_distance_m": 285.03, "park_area_within_500m": 72708.28, "nearest_stream_distance_m": 739.5, "est_population_density": 0.0, "dong_elderly_ratio": 0.1763, "dong_avg_age": 42.7, "dong_pop_density": 5341.4, "nearest_shelter_distance_m": 263.1, "shelter_count_within_500m": 6.0, "est_population": 0.0, "est_elderly": 0.0, "shelter_capacity_within_500m": 140.0, "building_form_group": "no_building", "dong_name": "남현동", "top1_feature": "impervious_ratio", "top1_shap": 0.839, "top2_feature": "building_ratio", "top2_shap": -0.7531, "top3_feature": "built_surface_ratio", "top3_shap": 0.7001, "priority_score": 51.9991, "priority_rank": 255 }, "geometry": { "type": "Polygon", "coordinates": [ [ [ 126.974092634995955, 37.476058143843957 ], [ 126.973573141128483, 37.476055830449582 ], [ 126.974091910034588, 37.476161598410229 ], [ 126.974092634995955, 37.476058143843957 ] ] ] } },
{ "type": "Feature", "properties": { "display_grid_id": "11620_00393", "gu_code": 11620, "gu_name": "관악구", "source_cell_count": 7, "area_m2": 7266.46, "mean_actual_lst": 42.2926, "mean_actual_anomaly": 6.024, "seoul_anomaly": 4.9113, "pred_anomaly": 4.014, "pred_anomaly_std": 0.7941, "green_delta_c": -0.7253, "building_ratio": 0.3437, "green_ratio": 0.2592, "ndvi": 0.1021, "impervious_ratio": 0.2417, "built_surface_ratio": 0.2417, "avg_ground_floor_count": 4.9741, "elevation_m": 36.4471, "albedo": 0.103, "nearest_park_distance_m": 175.1418, "park_area_within_500m": 128154.9283, "nearest_stream_distance_m": 569.6137, "est_population_density": 48060.9266, "dong_elderly_ratio": 0.1763, "dong_avg_age": 42.7, "dong_pop_density": 5341.4, "nearest_shelter_distance_m": 218.6179, "shelter_count_within_500m": 7.0154, "est_population": 349.2, "est_elderly": 61.6, "shelter_capacity_within_500m": 475.5, "building_form_group": "high_floor_high_density", "dong_name": "남현동", "top1_feature": "ndvi", "top1_shap": 0.7152, "top2_feature": "building_ratio", "top2_shap": 0.5776, "top3_feature": "built_surface_ratio", "top3_shap": 0.5257, "priority_score": 67.7737, "priority_rank": 89 }, "geometry": { "type": "Polygon", "coordinates": [ [ [ 126.976919985813041, 37.476070694472341 ], [ 126.974092634995955, 37.476058143843957 ], [ 126.974091910034588, 37.476161598410229 ], [ 126.974285660000021, 37.4762011 ], [ 126.976917181260177, 37.476473074378426 ], [ 126.976919985813041, 37.476070694472341 ] ] ] } },
{ "type": "Feature", "properties": { "display_grid_id": "11620_00394", "gu_code": 11620, "gu_name": "관악구", "source_cell_count": 8, "area_m2": 14202.53, "mean_actual_lst": 42.0055, "mean_actual_anomaly": 5.794, "seoul_anomaly": 4.6814, "pred_anomaly": 3.6127, "pred_anomaly_std": 0.7903, "green_delta_c": -0.5721, "building_ratio": 0.3308, "green_ratio": 0.2185, "ndvi": 0.1211, "impervious_ratio": 0.4659, "built_surface_ratio": 0.4659, "avg_ground_floor_count": 6.6413, "elevation_m": 27.8359, "albedo": 0.1085, "nearest_park_distance_m": 23.1467, "park_area_within_500m": 224473.4986, "nearest_stream_distance_m": 349.274, "est_population_density": 39723.0164, "dong_elderly_ratio": 0.1763, "dong_avg_age": 42.7, "dong_pop_density": 5341.4, "nearest_shelter_distance_m": 146.703, "shelter_count_within_500m": 7.5892, "est_population": 564.2, "est_elderly": 99.5, "shelter_capacity_within_500m": 488.5, "building_form_group": "high_floor_high_density", "dong_name": "남현동", "top1_feature": "built_surface_ratio", "top1_shap": 0.615, "top2_feature": "impervious_ratio", "top2_shap": 0.5257, "top3_feature": "ndvi", "top3_shap": 0.3716, "priority_score": 62.4768, "priority_rank": 137 }, "geometry": { "type": "Polygon", "coordinates": [ [ [ 126.979747338378886, 37.47608317745032 ], [ 126.976919985813041, 37.476070694472341 ], [ 126.976917181260177, 37.476473074378426 ], [ 126.9773106, 37.47651373 ], [ 126.97842289, 37.47665023 ], [ 126.97969387000002, 37.47659859 ], [ 126.979743779466901, 37.476596561603053 ], [ 126.979747338378886, 37.47608317745032 ] ] ] } },
{ "type": "Feature", "properties": { "display_grid_id": "11620_00395", "gu_code": 11620, "gu_name": "관악구", "source_cell_count": 5, "area_m2": 8991.59, "mean_actual_lst": 41.8513, "mean_actual_anomaly": 5.7593, "seoul_anomaly": 4.6466, "pred_anomaly": 3.7818, "pred_anomaly_std": 0.9186, "green_delta_c": -0.587, "building_ratio": 0.2594, "green_ratio": 0.2008, "ndvi": 0.1234, "impervious_ratio": 0.5683, "built_surface_ratio": 0.5683, "avg_ground_floor_count": 3.2975, "elevation_m": 29.7763, "albedo": 0.0983, "nearest_park_distance_m": 0.0, "park_area_within_500m": 275328.3541, "nearest_stream_distance_m": 141.5701, "est_population_density": 16526.5523, "dong_elderly_ratio": 0.1763, "dong_avg_age": 42.7, "dong_pop_density": 5341.4, "nearest_shelter_distance_m": 65.6345, "shelter_count_within_500m": 8.4002, "est_population": 148.6, "est_elderly": 26.2, "shelter_capacity_within_500m": 385.0, "building_form_group": "high_floor_high_density", "dong_name": "남현동", "top1_feature": "built_surface_ratio", "top1_shap": 0.7024, "top2_feature": "impervious_ratio", "top2_shap": 0.6981, "top3_feature": "green_ratio", "top3_shap": 0.2978, "priority_score": 57.7922, "priority_rank": 189 }, "geometry": { "type": "Polygon", "coordinates": [ [ [ 126.979747338378886, 37.47608317745032 ], [ 126.979743779466901, 37.476596561603053 ], [ 126.9799131, 37.47658968 ], [ 126.98103834, 37.47653892 ], [ 126.981416540000012, 37.47653589 ], [ 126.9815826, 37.47653085 ], [ 126.98169105, 37.47653059 ], [ 126.981704751292895, 37.476091779943644 ], [ 126.979747338378886, 37.47608317745032 ] ] ] } },
{ "type": "Feature", "properties": { "display_grid_id": "11620_00396", "gu_code": 11620, "gu_name": "관악구", "source_cell_count": 4, "area_m2": 15174.02, "mean_actual_lst": 41.381, "mean_actual_anomaly": 5.3453, "seoul_anomaly": 4.2326, "pred_anomaly": 3.1606, "pred_anomaly_std": 0.7614, "green_delta_c": -0.6091, "building_ratio": 0.0719, "green_ratio": 0.2339, "ndvi": 0.1209, "impervious_ratio": 0.4356, "built_surface_ratio": 0.4356, "avg_ground_floor_count": 2.8542, "elevation_m": 30.1923, "albedo": 0.1136, "nearest_park_distance_m": 37.9097, "park_area_within_500m": 245238.8571, "nearest_stream_distance_m": 646.6545, "est_population_density": 8830.8811, "dong_elderly_ratio": 0.166, "dong_avg_age": 43.1, "dong_pop_density": 30626.7, "nearest_shelter_distance_m": 207.6288, "shelter_count_within_500m": 3.341, "est_population": 134.0, "est_elderly": 22.2, "shelter_capacity_within_500m": 372.0, "building_form_group": "high_floor_low_density", "dong_name": "조원동", "top1_feature": "impervious_ratio", "top1_shap": 0.8149, "top2_feature": "built_surface_ratio", "top2_shap": 0.7645, "top3_feature": "ndvi", "top3_shap": 0.5689, "priority_score": 61.7718, "priority_rank": 148 }, "geometry": { "type": "Polygon", "coordinates": [ [ [ 126.9005461603372, 37.480214685560362 ], [ 126.900553869157122, 37.479249704942227 ], [ 126.89903747000001, 37.47895825 ], [ 126.898943520000017, 37.47894014 ], [ 126.898952640000019, 37.47898436 ], [ 126.89895632, 37.4790021 ], [ 126.89895895, 37.47901421000001 ], [ 126.89896212, 37.47902885 ], [ 126.898965460000014, 37.47904407 ], [ 126.898968430000011, 37.47905899 ], [ 126.898971590000016, 37.47907391 ], [ 126.898987230000017, 37.47913587 ], [ 126.89899022, 37.47914883 ], [ 126.8990099, 37.47922431 ], [ 126.89901377000001, 37.47923866 ], [ 126.89902396, 37.47927668 ], [ 126.89903925, 37.47933048 ], [ 126.89904664, 37.47935526 ], [ 126.8990542, 37.47937779 ], [ 126.899070559999984, 37.47942624 ], [ 126.89908429, 37.47946932 ], [ 126.899087099999988, 37.479477780000011 ], [ 126.89909818, 37.47951157 ], [ 126.89910154, 37.47952087 ], [ 126.89910768, 37.47953917 ], [ 126.89911754, 37.47956762 ], [ 126.8991237, 37.47958424 ], [ 126.89913109, 37.47960452 ], [ 126.89913743, 37.47962169 ], [ 126.89914553, 37.4796431 ], [ 126.89916102, 37.47968423 ], [ 126.899184070000018, 37.47974309 ], [ 126.89921489, 37.4798166 ], [ 126.899225810000019, 37.47984196 ], [ 126.899248, 37.47989294 ], [ 126.899271949999985, 37.47994477 ], [ 126.89927707, 37.47995547 ], [ 126.89928393, 37.47997012 ], [ 126.89929661, 37.47999632 ], [ 126.89931088, 37.48002589 ], [ 126.89931863, 37.48004223 ], [ 126.89932639, 37.48005801 ], [ 126.89933907, 37.48008391 ], [ 126.899352460000017, 37.48011096 ], [ 126.899364080000012, 37.48013406 ], [ 126.899387870000012, 37.48017997 ], [ 126.89940328528364, 37.480208881468549 ], [ 126.9005461603372, 37.480214685560362 ] ] ] } },
{ "type": "Feature", "properties": { "display_grid_id": "11620_00397", "gu_code": 11620, "gu_name": "관악구", "source_cell_count": 6, "area_m2": 19698.59, "mean_actual_lst": 42.1406, "mean_actual_anomaly": 6.2171, "seoul_anomaly": 5.1044, "pred_anomaly": 4.008, "pred_anomaly_std": 0.734, "green_delta_c": -0.7443, "building_ratio": 0.3091, "green_ratio": 0.2322, "ndvi": 0.1034, "impervious_ratio": 0.4055, "built_surface_ratio": 0.4055, "avg_ground_floor_count": 4.6923, "elevation_m": 30.1203, "albedo": 0.1133, "nearest_park_distance_m": 0.1314, "park_area_within_500m": 203852.7522, "nearest_stream_distance_m": 574.3767, "est_population_density": 41721.7429, "dong_elderly_ratio": 0.166, "dong_avg_age": 43.1, "dong_pop_density": 30626.7, "nearest_shelter_distance_m": 107.0449, "shelter_count_within_500m": 5.0347, "est_population": 821.9, "est_elderly": 136.4, "shelter_capacity_within_500m": 418.1, "building_form_group": "high_floor_high_density", "dong_name": "조원동", "top1_feature": "ndvi", "top1_shap": 0.6551, "top2_feature": "built_surface_ratio", "top2_shap": 0.5981, "top3_feature": "impervious_ratio", "top3_shap": 0.3282, "priority_score": 68.0009, "priority_rank": 86 }, "geometry": { "type": "Polygon", "coordinates": [ [ [ 126.9005461603372, 37.480214685560362 ], [ 126.90337363214023, 37.480228997368322 ], [ 126.903377273713133, 37.479770995270194 ], [ 126.90297229, 37.47969676 ], [ 126.900884240000011, 37.4793132 ], [ 126.900553869157122, 37.479249704942227 ], [ 126.9005461603372, 37.480214685560362 ] ] ] } },
{ "type": "Feature", "properties": { "display_grid_id": "11620_00398", "gu_code": 11620, "gu_name": "관악구", "source_cell_count": 7, "area_m2": 7304.49, "mean_actual_lst": 42.4866, "mean_actual_anomaly": 6.5996, "seoul_anomaly": 5.487, "pred_anomaly": 3.3522, "pred_anomaly_std": 1.1049, "green_delta_c": -0.5788, "building_ratio": 0.1205, "green_ratio": 0.2475, "ndvi": 0.0674, "impervious_ratio": 0.2845, "built_surface_ratio": 0.2845, "avg_ground_floor_count": 2.6031, "elevation_m": 31.4584, "albedo": 0.1233, "nearest_park_distance_m": 8.2964, "park_area_within_500m": 167137.0062, "nearest_stream_distance_m": 523.3778, "est_population_density": 15434.4934, "dong_elderly_ratio": 0.166, "dong_avg_age": 43.1, "dong_pop_density": 30626.7, "nearest_shelter_distance_m": 206.1009, "shelter_count_within_500m": 6.3012, "est_population": 112.7, "est_elderly": 18.7, "shelter_capacity_within_500m": 391.9, "building_form_group": "low_floor_low_density", "dong_name": "조원동", "top1_feature": "ndvi", "top1_shap": 0.8553, "top2_feature": "impervious_ratio", "top2_shap": 0.6249, "top3_feature": "built_surface_ratio", "top3_shap": 0.3992, "priority_score": 62.871, "priority_rank": 126 }, "geometry": { "type": "Polygon", "coordinates": [ [ [ 126.90337363214023, 37.480228997368322 ], [ 126.906201105938123, 37.480243241518501 ], [ 126.906202168185885, 37.4801090071335 ], [ 126.906175910000016, 37.48010428 ], [ 126.90606641, 37.48008391 ], [ 126.905906040000019, 37.4800545 ], [ 126.905516260000013, 37.47998294 ], [ 126.90528855, 37.47998698 ], [ 126.90525484, 37.4801024 ], [ 126.90523857, 37.48011281 ], [ 126.90383397, 37.47985487 ], [ 126.903558640000014, 37.47980424 ], [ 126.903377273713133, 37.479770995270194 ], [ 126.90337363214023, 37.480228997368322 ] ] ] } },
{ "type": "Feature", "properties": { "display_grid_id": "11620_00399", "gu_code": 11620, "gu_name": "관악구", "source_cell_count": 4, "area_m2": 3169.1, "mean_actual_lst": 40.6736, "mean_actual_anomaly": 4.4718, "seoul_anomaly": 3.3591, "pred_anomaly": 1.1063, "pred_anomaly_std": 1.0502, "green_delta_c": -0.506, "building_ratio": 0.2007, "green_ratio": 0.2772, "ndvi": 0.1451, "impervious_ratio": 0.2792, "built_surface_ratio": 0.2792, "avg_ground_floor_count": 16.6518, "elevation_m": 31.8398, "albedo": 0.0757, "nearest_park_distance_m": 122.9197, "park_area_within_500m": 130081.2422, "nearest_stream_distance_m": 651.0633, "est_population_density": 113729.4557, "dong_elderly_ratio": 0.2105, "dong_avg_age": 44.7845, "dong_pop_density": 23394.1591, "nearest_shelter_distance_m": 148.756, "shelter_count_within_500m": 5.9059, "est_population": 360.4, "est_elderly": 78.9, "shelter_capacity_within_500m": 249.8, "building_form_group": "high_floor_low_density", "dong_name": "미성동", "top1_feature": "avg_ground_floor_count", "top1_shap": -0.5092, "top2_feature": "impervious_ratio", "top2_shap": 0.4876, "top3_feature": "built_surface_ratio", "top3_shap": 0.3695, "priority_score": 52.6902, "priority_rank": 248 }, "geometry": { "type": "MultiPolygon", "coordinates": [ [ [ [ 126.90870028, 37.47898144 ], [ 126.908622249999979, 37.47907683 ], [ 126.908636890000011, 37.47909767 ], [ 126.90868804, 37.47915768 ], [ 126.908700740000015, 37.47917713 ], [ 126.90873774, 37.47925008 ], [ 126.90873596, 37.47926246 ], [ 126.908728520000011, 37.4792833 ], [ 126.908719260000012, 37.47933678 ], [ 126.908697660000016, 37.47937872 ], [ 126.90869624, 37.47938181 ], [ 126.90869659, 37.47938379 ], [ 126.90869711, 37.4793959 ], [ 126.90876783, 37.47949675 ], [ 126.90881138, 37.47955647 ], [ 126.908823920000017, 37.47955338 ], [ 126.909033663319903, 37.479612184919638 ], [ 126.909042015623541, 37.478551611023605 ], [ 126.90870028, 37.47898144 ] ] ], [ [ [ 126.90898317, 37.48006342 ], [ 126.9089766, 37.48008848 ], [ 126.909029837875295, 37.480097920512939 ], [ 126.909031504687519, 37.479886278571726 ], [ 126.90899648, 37.480015 ], [ 126.90898317, 37.48006342 ] ] ], [ [ [ 126.90692793, 37.48024227 ], [ 126.9068126, 37.48022079 ], [ 126.90661515, 37.48018347 ], [ 126.906468030000013, 37.48015716 ], [ 126.90638166, 37.48014132 ], [ 126.906202168185885, 37.4801090071335 ], [ 126.906201105938123, 37.480243241518501 ], [ 126.906953713635644, 37.48024702157673 ], [ 126.90692793, 37.48024227 ] ] ] ] } },
{ "type": "Feature", "properties": { "display_grid_id": "11620_00400", "gu_code": 11620, "gu_name": "관악구", "source_cell_count": 10, "area_m2": 58297.21, "mean_actual_lst": 40.8496, "mean_actual_anomaly": 4.5836, "seoul_anomaly": 3.471, "pred_anomaly": 1.2591, "pred_anomaly_std": 0.9582, "green_delta_c": -0.5924, "building_ratio": 0.2389, "green_ratio": 0.2799, "ndvi": 0.1562, "impervious_ratio": 0.3532, "built_surface_ratio": 0.3532, "avg_ground_floor_count": 17.633, "elevation_m": 34.3123, "albedo": 0.0932, "nearest_park_distance_m": 121.0686, "park_area_within_500m": 129530.9142, "nearest_stream_distance_m": 704.4548, "est_population_density": 119440.1849, "dong_elderly_ratio": 0.217, "dong_avg_age": 45.2544, "dong_pop_density": 22860.0396, "nearest_shelter_distance_m": 89.1882, "shelter_count_within_500m": 6.4664, "est_population": 6963.0, "est_elderly": 1519.1, "shelter_capacity_within_500m": 1036.8, "building_form_group": "high_floor_low_density", "dong_name": "미성동", "top1_feature": "avg_ground_floor_count", "top1_shap": -0.5669, "top2_feature": "built_surface_ratio", "top2_shap": 0.4996, "top3_feature": "impervious_ratio", "top3_shap": 0.4976, "priority_score": 64.0352, "priority_rank": 115 }, "geometry": { "type": "Polygon", "coordinates": [ [ [ 126.911856059480826, 37.480271526845044 ], [ 126.911873720010192, 37.478018221224779 ], [ 126.910623268947788, 37.478011990260406 ], [ 126.91060642, 37.47803912 ], [ 126.910530890000018, 37.47813114 ], [ 126.91049479, 37.47817447 ], [ 126.91045077, 37.47834844 ], [ 126.910428330000016, 37.47835518 ], [ 126.9098341, 37.47820071 ], [ 126.909476950000013, 37.47801797 ], [ 126.909462280000014, 37.47802838 ], [ 126.909460690000017, 37.47802838 ], [ 126.909167179999983, 37.47839418 ], [ 126.909042015623541, 37.478551611023605 ], [ 126.909033663319903, 37.479612184919638 ], [ 126.909091820000015, 37.47962849 ], [ 126.909094990000014, 37.47963638 ], [ 126.90909886999998, 37.47964089 ], [ 126.909031789999986, 37.47988523 ], [ 126.909031504687519, 37.479886278571726 ], [ 126.909029837875295, 37.480097920512939 ], [ 126.90935297, 37.48015522 ], [ 126.909862700000019, 37.48024065 ], [ 126.90992151, 37.48025111 ], [ 126.90993439, 37.48025337 ], [ 126.909931952923344, 37.480261933099854 ], [ 126.911856059480826, 37.480271526845044 ] ] ] } },
{ "type": "Feature", "properties": { "display_grid_id": "11620_00401", "gu_code": 11620, "gu_name": "관악구", "source_cell_count": 14, "area_m2": 62500.0, "mean_actual_lst": 42.4919, "mean_actual_anomaly": 6.3499, "seoul_anomaly": 5.2372, "pred_anomaly": 3.9997, "pred_anomaly_std": 0.6846, "green_delta_c": -0.7038, "building_ratio": 0.4274, "green_ratio": 0.2557, "ndvi": 0.1239, "impervious_ratio": 0.406, "built_surface_ratio": 0.406, "avg_ground_floor_count": 4.0032, "elevation_m": 26.5542, "albedo": 0.1237, "nearest_park_distance_m": 99.826, "park_area_within_500m": 156275.2312, "nearest_stream_distance_m": 796.8276, "est_population_density": 44420.4, "dong_elderly_ratio": 0.2188, "dong_avg_age": 45.1, "dong_pop_density": 22039.4, "nearest_shelter_distance_m": 129.5332, "shelter_count_within_500m": 6.44, "est_population": 2776.3, "est_elderly": 607.4, "shelter_capacity_within_500m": 837.5, "building_form_group": "low_floor_high_density", "dong_name": "미성동", "top1_feature": "building_ratio", "top1_shap": 0.7396, "top2_feature": "built_surface_ratio", "top2_shap": 0.5849, "top3_feature": "ndvi", "top3_shap": 0.381, "priority_score": 75.8766, "priority_rank": 31 }, "geometry": { "type": "Polygon", "coordinates": [ [ [ 126.911873720010192, 37.478018221224779 ], [ 126.911856059480826, 37.480271526845044 ], [ 126.914683539206706, 37.480285568021081 ], [ 126.914701114845585, 37.478032261264431 ], [ 126.911873720010192, 37.478018221224779 ] ] ] } },
{ "type": "Feature", "properties": { "display_grid_id": "11620_00402", "gu_code": 11620, "gu_name": "관악구", "source_cell_count": 14, "area_m2": 62500.0, "mean_actual_lst": 40.0903, "mean_actual_anomaly": 3.82, "seoul_anomaly": 2.7074, "pred_anomaly": 2.5045, "pred_anomaly_std": 0.7308, "green_delta_c": -0.7051, "building_ratio": 0.3003, "green_ratio": 0.2891, "ndvi": 0.194, "impervious_ratio": 0.4894, "built_surface_ratio": 0.4894, "avg_ground_floor_count": 3.5938, "elevation_m": 33.5301, "albedo": 0.125, "nearest_park_distance_m": 111.49, "park_area_within_500m": 135773.1952, "nearest_stream_distance_m": 892.654, "est_population_density": 28868.4, "dong_elderly_ratio": 0.2188, "dong_avg_age": 45.1, "dong_pop_density": 22039.4, "nearest_shelter_distance_m": 61.6316, "shelter_count_within_500m": 6.52, "est_population": 1804.3, "est_elderly": 394.7, "shelter_capacity_within_500m": 828.5, "building_form_group": "low_floor_high_density", "dong_name": "미성동", "top1_feature": "impervious_ratio", "top1_shap": 0.5999, "top2_feature": "built_surface_ratio", "top2_shap": 0.5286, "top3_feature": "building_ratio", "top3_shap": 0.3312, "priority_score": 62.6995, "priority_rank": 132 }, "geometry": { "type": "Polygon", "coordinates": [ [ [ 126.914701114845585, 37.478032261264431 ], [ 126.914683539206706, 37.480285568021081 ], [ 126.917511020889648, 37.480299541538777 ], [ 126.917528511637826, 37.478046233651213 ], [ 126.914701114845585, 37.478032261264431 ] ] ] } },
{ "type": "Feature", "properties": { "display_grid_id": "11620_00403", "gu_code": 11620, "gu_name": "관악구", "source_cell_count": 13, "area_m2": 62500.0, "mean_actual_lst": 37.482, "mean_actual_anomaly": 1.2534, "seoul_anomaly": 0.1407, "pred_anomaly": -0.9502, "pred_anomaly_std": 0.912, "green_delta_c": -0.9815, "building_ratio": 0.0678, "green_ratio": 0.5452, "ndvi": 0.3312, "impervious_ratio": 0.2336, "built_surface_ratio": 0.2336, "avg_ground_floor_count": 1.52, "elevation_m": 54.7916, "albedo": 0.1277, "nearest_park_distance_m": 286.9096, "park_area_within_500m": 63659.1232, "nearest_stream_distance_m": 821.322, "est_population_density": 5310.4, "dong_elderly_ratio": 0.2188, "dong_avg_age": 45.1, "dong_pop_density": 22039.4, "nearest_shelter_distance_m": 204.0384, "shelter_count_within_500m": 5.48, "est_population": 331.9, "est_elderly": 72.5, "shelter_capacity_within_500m": 685.0, "building_form_group": "no_building", "dong_name": "미성동", "top1_feature": "green_ratio", "top1_shap": -0.6937, "top2_feature": "built_surface_ratio", "top2_shap": -0.071, "top3_feature": "impervious_ratio", "top3_shap": 0.0732, "priority_score": 60.1948, "priority_rank": 162 }, "geometry": { "type": "Polygon", "coordinates": [ [ [ 126.917528511637826, 37.478046233651213 ], [ 126.917511020889648, 37.480299541538777 ], [ 126.920338504520245, 37.480313447397982 ], [ 126.920355910377467, 37.478060138384976 ], [ 126.917528511637826, 37.478046233651213 ] ] ] } },
{ "type": "Feature", "properties": { "display_grid_id": "11620_00404", "gu_code": 11620, "gu_name": "관악구", "source_cell_count": 12, "area_m2": 62500.0, "mean_actual_lst": 36.4275, "mean_actual_anomaly": 0.1508, "seoul_anomaly": -0.9619, "pred_anomaly": -1.5488, "pred_anomaly_std": 0.9215, "green_delta_c": -1.197, "building_ratio": 0.0694, "green_ratio": 0.6004, "ndvi": 0.3335, "impervious_ratio": 0.1715, "built_surface_ratio": 0.1715, "avg_ground_floor_count": 1.8146, "elevation_m": 66.0498, "albedo": 0.117, "nearest_park_distance_m": 392.3392, "park_area_within_500m": 16432.2632, "nearest_stream_distance_m": 642.9868, "est_population_density": 6533.6, "dong_elderly_ratio": 0.2188, "dong_avg_age": 45.1, "dong_pop_density": 22039.4, "nearest_shelter_distance_m": 301.5592, "shelter_count_within_500m": 4.36, "est_population": 408.4, "est_elderly": 89.3, "shelter_capacity_within_500m": 612.5, "building_form_group": "no_building", "dong_name": "미성동", "top1_feature": "green_ratio", "top1_shap": -0.7726, "top2_feature": "built_surface_ratio", "top2_shap": -0.3865, "top3_feature": "impervious_ratio", "top3_shap": -0.3424, "priority_score": 62.7366, "priority_rank": 129 }, "geometry": { "type": "Polygon", "coordinates": [ [ [ 126.920355910377467, 37.478060138384976 ], [ 126.920338504520245, 37.480313447397982 ], [ 126.923165990089004, 37.480327285598563 ], [ 126.923183311055055, 37.478073975465591 ], [ 126.920355910377467, 37.478060138384976 ] ] ] } },
{ "type": "Feature", "properties": { "display_grid_id": "11620_00405", "gu_code": 11620, "gu_name": "관악구", "source_cell_count": 13, "area_m2": 62500.0, "mean_actual_lst": 38.9039, "mean_actual_anomaly": 2.6212, "seoul_anomaly": 1.5085, "pred_anomaly": 1.248, "pred_anomaly_std": 1.0621, "green_delta_c": -1.1111, "building_ratio": 0.2771, "green_ratio": 0.4589, "ndvi": 0.2164, "impervious_ratio": 0.1426, "built_surface_ratio": 0.1426, "avg_ground_floor_count": 3.0196, "elevation_m": 44.2633, "albedo": 0.105, "nearest_park_distance_m": 363.8252, "park_area_within_500m": 45572.0564, "nearest_stream_distance_m": 458.1036, "est_population_density": 23703.6, "dong_elderly_ratio": 0.1926, "dong_avg_age": 43.812, "dong_pop_density": 33461.2, "nearest_shelter_distance_m": 304.3048, "shelter_count_within_500m": 5.28, "est_population": 1481.5, "est_elderly": 281.9, "shelter_capacity_within_500m": 870.0, "building_form_group": "low_floor_high_density", "dong_name": "신원동", "top1_feature": "building_ratio", "top1_shap": 0.6201, "top2_feature": "green_ratio", "top2_shap": -0.4492, "top3_feature": "ndvi", "top3_shap": 0.43, "priority_score": 69.0074, "priority_rank": 78 }, "geometry": { "type": "Polygon", "coordinates": [ [ [ 126.923183311055055, 37.478073975465591 ], [ 126.923165990089004, 37.480327285598563 ], [ 126.925993477586488, 37.480341056140368 ], [ 126.926010713661142, 37.478087744892903 ], [ 126.923183311055055, 37.478073975465591 ] ] ] } },
{ "type": "Feature", "properties": { "display_grid_id": "11620_00406", "gu_code": 11620, "gu_name": "관악구", "source_cell_count": 12, "area_m2": 62500.0, "mean_actual_lst": 42.027, "mean_actual_anomaly": 5.7853, "seoul_anomaly": 4.6726, "pred_anomaly": 4.9113, "pred_anomaly_std": 0.8138, "green_delta_c": -1.1173, "building_ratio": 0.4491, "green_ratio": 0.284, "ndvi": 0.0962, "impervious_ratio": 0.1975, "built_surface_ratio": 0.1975, "avg_ground_floor_count": 2.8108, "elevation_m": 32.2432, "albedo": 0.1074, "nearest_park_distance_m": 247.0836, "park_area_within_500m": 75722.6068, "nearest_stream_distance_m": 270.9372, "est_population_density": 35978.0, "dong_elderly_ratio": 0.1903, "dong_avg_age": 43.7, "dong_pop_density": 34454.4, "nearest_shelter_distance_m": 146.9, "shelter_count_within_500m": 5.36, "est_population": 2248.6, "est_elderly": 427.9, "shelter_capacity_within_500m": 906.5, "building_form_group": "low_floor_high_density", "dong_name": "신원동", "top1_feature": "building_ratio", "top1_shap": 1.0401, "top2_feature": "ndvi", "top2_shap": 0.7757, "top3_feature": "built_surface_ratio", "top3_shap": 0.3358, "priority_score": 77.5881, "priority_rank": 16 }, "geometry": { "type": "Polygon", "coordinates": [ [ [ 126.926010713661142, 37.478087744892903 ], [ 126.925993477586488, 37.480341056140368 ], [ 126.928820967003233, 37.480354759023264 ], [ 126.928838118186292, 37.478101446666784 ], [ 126.926010713661142, 37.478087744892903 ] ] ] } },
{ "type": "Feature", "properties": { "display_grid_id": "11620_00407", "gu_code": 11620, "gu_name": "관악구", "source_cell_count": 14, "area_m2": 62500.0, "mean_actual_lst": 41.9286, "mean_actual_anomaly": 5.6846, "seoul_anomaly": 4.572, "pred_anomaly": 4.1359, "pred_anomaly_std": 0.9413, "green_delta_c": -1.2936, "building_ratio": 0.3509, "green_ratio": 0.2665, "ndvi": 0.1008, "impervious_ratio": 0.1923, "built_surface_ratio": 0.1923, "avg_ground_floor_count": 4.5448, "elevation_m": 35.9182, "albedo": 0.1034, "nearest_park_distance_m": 205.0688, "park_area_within_500m": 66563.7464, "nearest_stream_distance_m": 78.7992, "est_population_density": 42190.4, "dong_elderly_ratio": 0.1857, "dong_avg_age": 43.424, "dong_pop_density": 34610.772, "nearest_shelter_distance_m": 90.516, "shelter_count_within_500m": 6.44, "est_population": 2636.9, "est_elderly": 488.4, "shelter_capacity_within_500m": 1195.5, "building_form_group": "low_floor_high_density", "dong_name": "신원동", "top1_feature": "ndvi", "top1_shap": 0.7325, "top2_feature": "building_ratio", "top2_shap": 0.5979, "top3_feature": "built_surface_ratio", "top3_shap": 0.4368, "priority_score": 76.8275, "priority_rank": 19 }, "geometry": { "type": "Polygon", "coordinates": [ [ [ 126.928838118186292, 37.478101446666784 ], [ 126.928820967003233, 37.480354759023264 ], [ 126.931648458329803, 37.480368394247087 ], [ 126.93166552462101, 37.47811508078707 ], [ 126.928838118186292, 37.478101446666784 ] ] ] } },
{ "type": "Feature", "properties": { "display_grid_id": "11620_00408", "gu_code": 11620, "gu_name": "관악구", "source_cell_count": 9, "area_m2": 62500.0, "mean_actual_lst": 41.6264, "mean_actual_anomaly": 5.3441, "seoul_anomaly": 4.2315, "pred_anomaly": 3.9561, "pred_anomaly_std": 0.9907, "green_delta_c": -1.1118, "building_ratio": 0.329, "green_ratio": 0.2644, "ndvi": 0.1069, "impervious_ratio": 0.3087, "built_surface_ratio": 0.3087, "avg_ground_floor_count": 3.614, "elevation_m": 43.4131, "albedo": 0.1206, "nearest_park_distance_m": 332.42, "park_area_within_500m": 27503.1912, "nearest_stream_distance_m": 104.752, "est_population_density": 33733.6, "dong_elderly_ratio": 0.1549, "dong_avg_age": 41.584, "dong_pop_density": 35653.252, "nearest_shelter_distance_m": 87.0488, "shelter_count_within_500m": 6.84, "est_population": 2108.3, "est_elderly": 325.2, "shelter_capacity_within_500m": 1331.5, "building_form_group": "low_floor_high_density", "dong_name": "서원동", "top1_feature": "ndvi", "top1_shap": 0.7085, "top2_feature": "built_surface_ratio", "top2_shap": 0.5245, "top3_feature": "building_ratio", "top3_shap": 0.5199, "priority_score": 71.1781, "priority_rank": 64 }, "geometry": { "type": "Polygon", "coordinates": [ [ [ 126.93166552462101, 37.47811508078707 ], [ 126.931648458329803, 37.480368394247087 ], [ 126.934475951556777, 37.480381961811716 ], [ 126.934492932955891, 37.478128647253641 ], [ 126.93166552462101, 37.47811508078707 ] ] ] } },
{ "type": "Feature", "properties": { "display_grid_id": "11620_00409", "gu_code": 11620, "gu_name": "관악구", "source_cell_count": 12, "area_m2": 62500.0, "mean_actual_lst": 38.3798, "mean_actual_anomaly": 2.25, "seoul_anomaly": 1.1374, "pred_anomaly": 0.7523, "pred_anomaly_std": 0.8368, "green_delta_c": -0.8146, "building_ratio": 0.2256, "green_ratio": 0.4775, "ndvi": 0.3076, "impervious_ratio": 0.261, "built_surface_ratio": 0.261, "avg_ground_floor_count": 1.9254, "elevation_m": 79.4033, "albedo": 0.1307, "nearest_park_distance_m": 457.7572, "park_area_within_500m": 12296.2676, "nearest_stream_distance_m": 204.2364, "est_population_density": 17632.0, "dong_elderly_ratio": 0.1506, "dong_avg_age": 41.232, "dong_pop_density": 35353.98, "nearest_shelter_distance_m": 228.426, "shelter_count_within_500m": 6.48, "est_population": 1102.0, "est_elderly": 167.2, "shelter_capacity_within_500m": 1308.5, "building_form_group": "low_floor_high_density", "dong_name": "서원동", "top1_feature": "ndvi", "top1_shap": -0.317, "top2_feature": "green_ratio", "top2_shap": -0.7703, "top3_feature": "building_ratio", "top3_shap": 0.2254, "priority_score": 61.5677, "priority_rank": 149 }, "geometry": { "type": "Polygon", "coordinates": [ [ [ 126.934492932955891, 37.478128647253641 ], [ 126.934475951556777, 37.480381961811716 ], [ 126.937303446674619, 37.480395461717002 ], [ 126.937320343181455, 37.47814214606634 ], [ 126.934492932955891, 37.478128647253641 ] ] ] } },
{ "type": "Feature", "properties": { "display_grid_id": "11620_00410", "gu_code": 11620, "gu_name": "관악구", "source_cell_count": 12, "area_m2": 62500.0, "mean_actual_lst": 39.2529, "mean_actual_anomaly": 3.4282, "seoul_anomaly": 2.3155, "pred_anomaly": 1.6285, "pred_anomaly_std": 0.8853, "green_delta_c": -0.6595, "building_ratio": 0.2056, "green_ratio": 0.3952, "ndvi": 0.2428, "impervious_ratio": 0.2598, "built_surface_ratio": 0.2598, "avg_ground_floor_count": 2.485, "elevation_m": 75.7183, "albedo": 0.1323, "nearest_park_distance_m": 329.0084, "park_area_within_500m": 76479.786, "nearest_stream_distance_m": 293.378, "est_population_density": 20345.6, "dong_elderly_ratio": 0.1401, "dong_avg_age": 39.72, "dong_pop_density": 31722.3, "nearest_shelter_distance_m": 256.53, "shelter_count_within_500m": 6.8, "est_population": 1271.6, "est_elderly": 178.4, "shelter_capacity_within_500m": 1412.0, "building_form_group": "low_floor_high_density", "dong_name": "청룡동", "top1_feature": "green_ratio", "top1_shap": -0.4738, "top2_feature": "ndvi", "top2_shap": -0.0537, "top3_feature": "building_ratio", "top3_shap": 0.2734, "priority_score": 60.5288, "priority_rank": 158 }, "geometry": { "type": "Polygon", "coordinates": [ [ [ 126.937320343181455, 37.47814214606634 ], [ 126.937303446674619, 37.480395461717002 ], [ 126.94013094367395, 37.480408893962817 ], [ 126.940147755288265, 37.478155577225039 ], [ 126.937320343181455, 37.47814214606634 ] ] ] } },
{ "type": "Feature", "properties": { "display_grid_id": "11620_00411", "gu_code": 11620, "gu_name": "관악구", "source_cell_count": 12, "area_m2": 62500.0, "mean_actual_lst": 40.8967, "mean_actual_anomaly": 4.9953, "seoul_anomaly": 3.8827, "pred_anomaly": 3.8902, "pred_anomaly_std": 0.7771, "green_delta_c": -0.4042, "building_ratio": 0.352, "green_ratio": 0.2456, "ndvi": 0.0985, "impervious_ratio": 0.3056, "built_surface_ratio": 0.3056, "avg_ground_floor_count": 6.061, "elevation_m": 56.8545, "albedo": 0.1008, "nearest_park_distance_m": 122.5624, "park_area_within_500m": 167977.8, "nearest_stream_distance_m": 384.9224, "est_population_density": 51926.0, "dong_elderly_ratio": 0.1372, "dong_avg_age": 39.3, "dong_pop_density": 30713.5, "nearest_shelter_distance_m": 89.974, "shelter_count_within_500m": 6.48, "est_population": 3245.4, "est_elderly": 445.3, "shelter_capacity_within_500m": 1252.2, "building_form_group": "low_floor_high_density", "dong_name": "청룡동", "top1_feature": "ndvi", "top1_shap": 0.6245, "top2_feature": "built_surface_ratio", "top2_shap": 0.547, "top3_feature": "building_ratio", "top3_shap": 0.524, "priority_score": 58.1818, "priority_rank": 186 }, "geometry": { "type": "Polygon", "coordinates": [ [ [ 126.940147755288265, 37.478155577225039 ], [ 126.94013094367395, 37.480408893962817 ], [ 126.942958442545319, 37.480422258548998 ], [ 126.942975169266887, 37.478168940729596 ], [ 126.940147755288265, 37.478155577225039 ] ] ] } },
{ "type": "Feature", "properties": { "display_grid_id": "11620_00412", "gu_code": 11620, "gu_name": "관악구", "source_cell_count": 14, "area_m2": 62500.0, "mean_actual_lst": 40.1291, "mean_actual_anomaly": 4.3168, "seoul_anomaly": 3.2042, "pred_anomaly": 3.5608, "pred_anomaly_std": 0.8157, "green_delta_c": -0.681, "building_ratio": 0.3255, "green_ratio": 0.2595, "ndvi": 0.1163, "impervious_ratio": 0.3182, "built_surface_ratio": 0.3182, "avg_ground_floor_count": 6.4311, "elevation_m": 47.8938, "albedo": 0.0991, "nearest_park_distance_m": 52.4464, "park_area_within_500m": 239811.3128, "nearest_stream_distance_m": 348.9904, "est_population_density": 57399.6, "dong_elderly_ratio": 0.1372, "dong_avg_age": 39.3, "dong_pop_density": 30713.5, "nearest_shelter_distance_m": 142.9268, "shelter_count_within_500m": 6.48, "est_population": 3587.5, "est_elderly": 492.2, "shelter_capacity_within_500m": 1199.2, "building_form_group": "high_floor_high_density", "dong_name": "청룡동", "top1_feature": "built_surface_ratio", "top1_shap": 0.5546, "top2_feature": "building_ratio", "top2_shap": 0.4681, "top3_feature": "ndvi", "top3_shap": 0.4314, "priority_score": 68.0612, "priority_rank": 85 }, "geometry": { "type": "Polygon", "coordinates": [ [ [ 126.942975169266887, 37.478168940729596 ], [ 126.942958442545319, 37.480422258548998 ], [ 126.945785943279205, 37.480435555475431 ], [ 126.945802585107856, 37.478182236579869 ], [ 126.942975169266887, 37.478168940729596 ] ] ] } },
{ "type": "Feature", "properties": { "display_grid_id": "11620_00413", "gu_code": 11620, "gu_name": "관악구", "source_cell_count": 14, "area_m2": 62500.0, "mean_actual_lst": 40.8738, "mean_actual_anomaly": 4.9136, "seoul_anomaly": 3.801, "pred_anomaly": 4.4755, "pred_anomaly_std": 0.8691, "green_delta_c": -0.837, "building_ratio": 0.4324, "green_ratio": 0.2744, "ndvi": 0.1002, "impervious_ratio": 0.236, "built_surface_ratio": 0.236, "avg_ground_floor_count": 5.1315, "elevation_m": 44.4864, "albedo": 0.0992, "nearest_park_distance_m": 32.3584, "park_area_within_500m": 307723.1252, "nearest_stream_distance_m": 307.7752, "est_population_density": 62821.6, "dong_elderly_ratio": 0.1372, "dong_avg_age": 39.3, "dong_pop_density": 30713.5, "nearest_shelter_distance_m": 190.1476, "shelter_count_within_500m": 7.68, "est_population": 3926.3, "est_elderly": 538.7, "shelter_capacity_within_500m": 1138.0, "building_form_group": "high_floor_high_density", "dong_name": "청룡동", "top1_feature": "building_ratio", "top1_shap": 0.879, "top2_feature": "ndvi", "top2_shap": 0.6303, "top3_feature": "built_surface_ratio", "top3_shap": 0.506, "priority_score": 75.2783, "priority_rank": 38 }, "geometry": { "type": "Polygon", "coordinates": [ [ [ 126.945802585107856, 37.478182236579869 ], [ 126.945785943279205, 37.480435555475431 ], [ 126.948613445866243, 37.480448784741981 ], [ 126.948630002801679, 37.478195464775716 ], [ 126.945802585107856, 37.478182236579869 ] ] ] } },
{ "type": "Feature", "properties": { "display_grid_id": "11620_00414", "gu_code": 11620, "gu_name": "관악구", "source_cell_count": 13, "area_m2": 62500.0, "mean_actual_lst": 40.2992, "mean_actual_anomaly": 4.168, "seoul_anomaly": 3.0554, "pred_anomaly": 3.7479, "pred_anomaly_std": 0.8372, "green_delta_c": -0.6056, "building_ratio": 0.4156, "green_ratio": 0.2485, "ndvi": 0.1037, "impervious_ratio": 0.3275, "built_surface_ratio": 0.3275, "avg_ground_floor_count": 7.2092, "elevation_m": 47.6935, "albedo": 0.0968, "nearest_park_distance_m": 18.26, "park_area_within_500m": 325544.35, "nearest_stream_distance_m": 299.9, "est_population_density": 44174.4, "dong_elderly_ratio": 0.1372, "dong_avg_age": 39.3, "dong_pop_density": 30713.5, "nearest_shelter_distance_m": 154.1276, "shelter_count_within_500m": 7.6, "est_population": 2760.9, "est_elderly": 378.8, "shelter_capacity_within_500m": 791.5, "building_form_group": "high_floor_high_density", "dong_name": "청룡동", "top1_feature": "building_ratio", "top1_shap": 0.6746, "top2_feature": "built_surface_ratio", "top2_shap": 0.546, "top3_feature": "ndvi", "top3_shap": 0.381, "priority_score": 63.0566, "priority_rank": 124 }, "geometry": { "type": "Polygon", "coordinates": [ [ [ 126.948630002801679, 37.478195464775716 ], [ 126.948613445866243, 37.480448784741981 ], [ 126.951440950296899, 37.480461946348484 ], [ 126.951457422338962, 37.478208625317016 ], [ 126.948630002801679, 37.478195464775716 ] ] ] } },
{ "type": "Feature", "properties": { "display_grid_id": "11620_00415", "gu_code": 11620, "gu_name": "관악구", "source_cell_count": 13, "area_m2": 62500.0, "mean_actual_lst": 40.8501, "mean_actual_anomaly": 4.6605, "seoul_anomaly": 3.5479, "pred_anomaly": 3.6159, "pred_anomaly_std": 0.9022, "green_delta_c": -0.208, "building_ratio": 0.3839, "green_ratio": 0.2285, "ndvi": 0.0737, "impervious_ratio": 0.3332, "built_surface_ratio": 0.3332, "avg_ground_floor_count": 7.8146, "elevation_m": 48.8785, "albedo": 0.0994, "nearest_park_distance_m": 18.8892, "park_area_within_500m": 322446.3224, "nearest_stream_distance_m": 258.9952, "est_population_density": 34410.8, "dong_elderly_ratio": 0.1089, "dong_avg_age": 36.42, "dong_pop_density": 18480.88, "nearest_shelter_distance_m": 186.5176, "shelter_count_within_500m": 9.16, "est_population": 2150.7, "est_elderly": 224.6, "shelter_capacity_within_500m": 1074.7, "building_form_group": "high_floor_high_density", "dong_name": "낙성대동", "top1_feature": "ndvi", "top1_shap": 0.5679, "top2_feature": "built_surface_ratio", "top2_shap": 0.549, "top3_feature": "building_ratio", "top3_shap": 0.4936, "priority_score": 54.4063, "priority_rank": 228 }, "geometry": { "type": "Polygon", "coordinates": [ [ [ 126.951457422338962, 37.478208625317016 ], [ 126.951440950296899, 37.480461946348484 ], [ 126.954268456561778, 37.480475040294813 ], [ 126.954284843710255, 37.478221718203613 ], [ 126.951457422338962, 37.478208625317016 ] ] ] } },
{ "type": "Feature", "properties": { "display_grid_id": "11620_00416", "gu_code": 11620, "gu_name": "관악구", "source_cell_count": 12, "area_m2": 62500.0, "mean_actual_lst": 42.6295, "mean_actual_anomaly": 6.3967, "seoul_anomaly": 5.2841, "pred_anomaly": 4.9989, "pred_anomaly_std": 0.74, "green_delta_c": -0.2252, "building_ratio": 0.3455, "green_ratio": 0.2203, "ndvi": 0.0713, "impervious_ratio": 0.377, "built_surface_ratio": 0.377, "avg_ground_floor_count": 3.5666, "elevation_m": 43.4768, "albedo": 0.1084, "nearest_park_distance_m": 11.9652, "park_area_within_500m": 295907.6664, "nearest_stream_distance_m": 90.528, "est_population_density": 34282.8, "dong_elderly_ratio": 0.1011, "dong_avg_age": 35.556, "dong_pop_density": 15175.336, "nearest_shelter_distance_m": 164.3424, "shelter_count_within_500m": 8.6, "est_population": 2142.7, "est_elderly": 214.4, "shelter_capacity_within_500m": 1249.7, "building_form_group": "low_floor_high_density", "dong_name": "낙성대동", "top1_feature": "ndvi", "top1_shap": 0.6836, "top2_feature": "built_surface_ratio", "top2_shap": 0.6477, "top3_feature": "building_ratio", "top3_shap": 0.4397, "priority_score": 59.3228, "priority_rank": 171 }, "geometry": { "type": "Polygon", "coordinates": [ [ [ 126.954284843710255, 37.478221718203613 ], [ 126.954268456561778, 37.480475040294813 ], [ 126.95709596465143, 37.480488066580854 ], [ 126.957112266906066, 37.478234743435394 ], [ 126.954284843710255, 37.478221718203613 ] ] ] } },
{ "type": "Feature", "properties": { "display_grid_id": "11620_00417", "gu_code": 11620, "gu_name": "관악구", "source_cell_count": 14, "area_m2": 62500.0, "mean_actual_lst": 41.9558, "mean_actual_anomaly": 5.6977, "seoul_anomaly": 4.5851, "pred_anomaly": 4.7309, "pred_anomaly_std": 0.7109, "green_delta_c": -0.3377, "building_ratio": 0.3449, "green_ratio": 0.221, "ndvi": 0.091, "impervious_ratio": 0.4006, "built_surface_ratio": 0.4006, "avg_ground_floor_count": 4.8866, "elevation_m": 49.2167, "albedo": 0.102, "nearest_park_distance_m": 10.0936, "park_area_within_500m": 219965.1436, "nearest_stream_distance_m": 125.598, "est_population_density": 45842.0, "dong_elderly_ratio": 0.1342, "dong_avg_age": 38.724, "dong_pop_density": 29723.944, "nearest_shelter_distance_m": 102.1548, "shelter_count_within_500m": 8.24, "est_population": 2865.1, "est_elderly": 368.6, "shelter_capacity_within_500m": 1389.7, "building_form_group": "low_floor_high_density", "dong_name": "행운동", "top1_feature": "ndvi", "top1_shap": 0.6433, "top2_feature": "built_surface_ratio", "top2_shap": 0.6174, "top3_feature": "building_ratio", "top3_shap": 0.4412, "priority_score": 59.3135, "priority_rank": 172 }, "geometry": { "type": "Polygon", "coordinates": [ [ [ 126.957112266906066, 37.478234743435394 ], [ 126.95709596465143, 37.480488066580854 ], [ 126.959923474556362, 37.480501025206458 ], [ 126.959939691916972, 37.478247701012208 ], [ 126.957112266906066, 37.478234743435394 ] ] ] } },
{ "type": "Feature", "properties": { "display_grid_id": "11620_00418", "gu_code": 11620, "gu_name": "관악구", "source_cell_count": 13, "area_m2": 62500.0, "mean_actual_lst": 41.8807, "mean_actual_anomaly": 5.7953, "seoul_anomaly": 4.6826, "pred_anomaly": 4.0747, "pred_anomaly_std": 0.8243, "green_delta_c": -0.9419, "building_ratio": 0.3213, "green_ratio": 0.2589, "ndvi": 0.1412, "impervious_ratio": 0.3624, "built_surface_ratio": 0.3624, "avg_ground_floor_count": 3.7831, "elevation_m": 61.8083, "albedo": 0.1049, "nearest_park_distance_m": 64.7256, "park_area_within_500m": 179321.862, "nearest_stream_distance_m": 283.1484, "est_population_density": 34801.2, "dong_elderly_ratio": 0.1562, "dong_avg_age": 40.836, "dong_pop_density": 39423.016, "nearest_shelter_distance_m": 176.2996, "shelter_count_within_500m": 8.96, "est_population": 2175.1, "est_elderly": 339.5, "shelter_capacity_within_500m": 1591.7, "building_form_group": "low_floor_high_density", "dong_name": "행운동", "top1_feature": "built_surface_ratio", "top1_shap": 0.5967, "top2_feature": "building_ratio", "top2_shap": 0.4642, "top3_feature": "ndvi", "top3_shap": 0.4577, "priority_score": 76.2245, "priority_rank": 25 }, "geometry": { "type": "Polygon", "coordinates": [ [ [ 126.959939691916972, 37.478247701012208 ], [ 126.959923474556362, 37.480501025206458 ], [ 126.962750986267125, 37.480513916171482 ], [ 126.96276711873351, 37.478260590933928 ], [ 126.959939691916972, 37.478247701012208 ] ] ] } },
{ "type": "Feature", "properties": { "display_grid_id": "11620_00419", "gu_code": 11620, "gu_name": "관악구", "source_cell_count": 9, "area_m2": 49186.61, "mean_actual_lst": 39.6391, "mean_actual_anomaly": 3.5602, "seoul_anomaly": 2.4475, "pred_anomaly": 3.0151, "pred_anomaly_std": 0.8182, "green_delta_c": -0.5406, "building_ratio": 0.3376, "green_ratio": 0.3004, "ndvi": 0.1725, "impervious_ratio": 0.3969, "built_surface_ratio": 0.3969, "avg_ground_floor_count": 3.1823, "elevation_m": 76.8684, "albedo": 0.1053, "nearest_park_distance_m": 142.1844, "park_area_within_500m": 130423.4196, "nearest_stream_distance_m": 458.2595, "est_population_density": 31315.9605, "dong_elderly_ratio": 0.159, "dong_avg_age": 41.1, "dong_pop_density": 40635.4, "nearest_shelter_distance_m": 102.7997, "shelter_count_within_500m": 7.7493, "est_population": 1540.3, "est_elderly": 244.8, "shelter_capacity_within_500m": 1304.4, "building_form_group": "low_floor_high_density", "dong_name": "행운동", "top1_feature": "built_surface_ratio", "top1_shap": 0.5521, "top2_feature": "building_ratio", "top2_shap": 0.4731, "top3_feature": "ndvi", "top3_shap": 0.185, "priority_score": 53.5436, "priority_rank": 239 }, "geometry": { "type": "Polygon", "coordinates": [ [ [ 126.965594547346228, 37.478273413200419 ], [ 126.96276711873351, 37.478260590933928 ], [ 126.962750986267125, 37.480513916171482 ], [ 126.964127361118528, 37.480520166742401 ], [ 126.96434362, 37.47994543 ], [ 126.96435442, 37.47991276 ], [ 126.96441471, 37.47981621000001 ], [ 126.96479395999998, 37.4794914 ], [ 126.965587759966311, 37.479226496610465 ], [ 126.965594547346228, 37.478273413200419 ] ] ] } },
{ "type": "Feature", "properties": { "display_grid_id": "11620_00420", "gu_code": 11620, "gu_name": "관악구", "source_cell_count": 4, "area_m2": 8177.78, "mean_actual_lst": 36.6282, "mean_actual_anomaly": 0.6599, "seoul_anomaly": -0.4527, "pred_anomaly": -1.1467, "pred_anomaly_std": 0.8153, "green_delta_c": -1.1184, "building_ratio": 0.1515, "green_ratio": 0.5935, "ndvi": 0.3687, "impervious_ratio": 0.1374, "built_surface_ratio": 0.1374, "avg_ground_floor_count": 3.1982, "elevation_m": 93.6958, "albedo": 0.1248, "nearest_park_distance_m": 156.8113, "park_area_within_500m": 121224.5854, "nearest_stream_distance_m": 586.9007, "est_population_density": 14154.4995, "dong_elderly_ratio": 0.159, "dong_avg_age": 41.1, "dong_pop_density": 40635.4, "nearest_shelter_distance_m": 170.9891, "shelter_count_within_500m": 9.2734, "est_population": 115.8, "est_elderly": 18.4, "shelter_capacity_within_500m": 535.3, "building_form_group": "low_floor_low_density", "dong_name": "행운동", "top1_feature": "green_ratio", "top1_shap": -0.9581, "top2_feature": "ndvi", "top2_shap": -0.5937, "top3_feature": "built_surface_ratio", "top3_shap": -0.2726, "priority_score": 57.1058, "priority_rank": 196 }, "geometry": { "type": "Polygon", "coordinates": [ [ [ 126.965594547346228, 37.478273413200419 ], [ 126.965587759966311, 37.479226496610465 ], [ 126.96564786, 37.47920644 ], [ 126.966341889999981, 37.47892368 ], [ 126.96688407, 37.47844293 ], [ 126.967034464306835, 37.478279917157835 ], [ 126.965594547346228, 37.478273413200419 ] ] ] } },
{ "type": "Feature", "properties": { "display_grid_id": "11620_00421", "gu_code": 11620, "gu_name": "관악구", "source_cell_count": 4, "area_m2": 9153.5, "mean_actual_lst": 42.2273, "mean_actual_anomaly": 6.3037, "seoul_anomaly": 5.1911, "pred_anomaly": 4.2185, "pred_anomaly_std": 0.7219, "green_delta_c": -0.0655, "building_ratio": 0.2744, "green_ratio": 0.223, "ndvi": 0.0662, "impervious_ratio": 0.2983, "built_surface_ratio": 0.2983, "avg_ground_floor_count": 4.3704, "elevation_m": 26.0295, "albedo": 0.1124, "nearest_park_distance_m": 2.1576, "park_area_within_500m": 315485.6437, "nearest_stream_distance_m": 519.9537, "est_population_density": 32391.9528, "dong_elderly_ratio": 0.166, "dong_avg_age": 43.1, "dong_pop_density": 30626.7, "nearest_shelter_distance_m": 222.3259, "shelter_count_within_500m": 4.0, "est_population": 296.5, "est_elderly": 49.2, "shelter_capacity_within_500m": 174.0, "building_form_group": "low_floor_high_density", "dong_name": "조원동", "top1_feature": "ndvi", "top1_shap": 0.7885, "top2_feature": "built_surface_ratio", "top2_shap": 0.5743, "top3_feature": "impervious_ratio", "top3_shap": 0.5623, "priority_score": 57.0779, "priority_rank": 197 }, "geometry": { "type": "Polygon", "coordinates": [ [ [ 126.9005461603372, 37.480214685560362 ], [ 126.89940328528364, 37.480208881468549 ], [ 126.899405140000013, 37.48021236 ], [ 126.899418890000021, 37.480238 ], [ 126.8994506, 37.48029321 ], [ 126.89945501, 37.48030082 ], [ 126.899461880000018, 37.48031265 ], [ 126.899475810000013, 37.48033631 ], [ 126.89948656, 37.48035463 ], [ 126.899504529999987, 37.48038533 ], [ 126.8995248, 37.48041914 ], [ 126.899548960000018, 37.4804583 ], [ 126.899577510000015, 37.48050422 ], [ 126.8996006, 37.480540560000016 ], [ 126.899609059999989, 37.4805538 ], [ 126.89961947, 37.48056986 ], [ 126.89964027, 37.48060169 ], [ 126.8996563, 37.48062648 ], [ 126.89968504, 37.48066818 ], [ 126.899709909999984, 37.48070367 ], [ 126.89973212, 37.48073494 ], [ 126.899760860000015, 37.48077496 ], [ 126.89980406, 37.48083384000001 ], [ 126.89983951, 37.48088061 ], [ 126.899867029999982, 37.48091639 ], [ 126.899888709999985, 37.48094372 ], [ 126.89992381, 37.48098852 ], [ 126.89996172, 37.48103895 ], [ 126.90006505, 37.48117672 ], [ 126.90013224, 37.48125928 ], [ 126.900262049999981, 37.48141678 ], [ 126.90031424999998, 37.48148046 ], [ 126.90036752, 37.48154583 ], [ 126.90048304, 37.481686710000012 ], [ 126.90052661, 37.48173968 ], [ 126.900533906350645, 37.481748529528801 ], [ 126.9005461603372, 37.480214685560362 ] ] ] } },
{ "type": "Feature", "properties": { "display_grid_id": "11620_00422", "gu_code": 11620, "gu_name": "관악구", "source_cell_count": 15, "area_m2": 60389.1, "mean_actual_lst": 42.2739, "mean_actual_anomaly": 6.3325, "seoul_anomaly": 5.2199, "pred_anomaly": 4.2223, "pred_anomaly_std": 0.7739, "green_delta_c": -0.5422, "building_ratio": 0.394, "green_ratio": 0.2545, "ndvi": 0.1009, "impervious_ratio": 0.3185, "built_surface_ratio": 0.3185, "avg_ground_floor_count": 4.3207, "elevation_m": 27.9403, "albedo": 0.111, "nearest_park_distance_m": 22.3986, "park_area_within_500m": 261622.6353, "nearest_stream_distance_m": 408.336, "est_population_density": 42654.9163, "dong_elderly_ratio": 0.166, "dong_avg_age": 43.1, "dong_pop_density": 30626.7, "nearest_shelter_distance_m": 210.5271, "shelter_count_within_500m": 4.9887, "est_population": 2575.9, "est_elderly": 427.6, "shelter_capacity_within_500m": 885.1, "building_form_group": "low_floor_high_density", "dong_name": "조원동", "top1_feature": "building_ratio", "top1_shap": 0.6749, "top2_feature": "ndvi", "top2_shap": 0.5414, "top3_feature": "built_surface_ratio", "top3_shap": 0.457, "priority_score": 70.4638, "priority_rank": 71 }, "geometry": { "type": "Polygon", "coordinates": [ [ [ 126.903355714945903, 37.482482298677709 ], [ 126.90337363214023, 37.480228997368322 ], [ 126.9005461603372, 37.480214685560362 ], [ 126.900533906350645, 37.481748529528801 ], [ 126.90059468, 37.48182224 ], [ 126.90062801, 37.48186281 ], [ 126.90067846, 37.48192395 ], [ 126.90071956, 37.48197383 ], [ 126.900768409999984, 37.48203384 ], [ 126.900814090000011, 37.48208991 ], [ 126.90082555, 37.48210372 ], [ 126.900847770000013, 37.48213133 ], [ 126.90085871, 37.48214457 ], [ 126.900875639999981, 37.48216542 ], [ 126.90091444, 37.48221275 ], [ 126.90093701, 37.48224065 ], [ 126.90097546, 37.48228743 ], [ 126.90103878, 37.48236519 ], [ 126.90109222, 37.48243056 ], [ 126.901125249475911, 37.48247101379706 ], [ 126.903355714945903, 37.482482298677709 ] ] ] } },
{ "type": "Feature", "properties": { "display_grid_id": "11620_00423", "gu_code": 11620, "gu_name": "관악구", "source_cell_count": 14, "area_m2": 62500.0, "mean_actual_lst": 42.4913, "mean_actual_anomaly": 6.4328, "seoul_anomaly": 5.3201, "pred_anomaly": 4.3079, "pred_anomaly_std": 0.7029, "green_delta_c": -0.7246, "building_ratio": 0.3827, "green_ratio": 0.2588, "ndvi": 0.1138, "impervious_ratio": 0.2687, "built_surface_ratio": 0.2687, "avg_ground_floor_count": 4.0394, "elevation_m": 26.675, "albedo": 0.1157, "nearest_park_distance_m": 31.9088, "park_area_within_500m": 194072.2296, "nearest_stream_distance_m": 375.8712, "est_population_density": 43230.4, "dong_elderly_ratio": 0.166, "dong_avg_age": 43.1, "dong_pop_density": 30626.7, "nearest_shelter_distance_m": 134.5056, "shelter_count_within_500m": 7.28, "est_population": 2701.9, "est_elderly": 448.6, "shelter_capacity_within_500m": 1178.5, "building_form_group": "low_floor_high_density", "dong_name": "조원동", "top1_feature": "building_ratio", "top1_shap": 0.696, "top2_feature": "built_surface_ratio", "top2_shap": 0.5515, "top3_feature": "ndvi", "top3_shap": 0.532, "priority_score": 74.1419, "priority_rank": 44 }, "geometry": { "type": "Polygon", "coordinates": [ [ [ 126.90337363214023, 37.480228997368322 ], [ 126.903355714945903, 37.482482298677709 ], [ 126.906183273643052, 37.482496543980794 ], [ 126.906201105938123, 37.480243241518501 ], [ 126.90337363214023, 37.480228997368322 ] ] ] } },
{ "type": "Feature", "properties": { "display_grid_id": "11620_00424", "gu_code": 11620, "gu_name": "관악구", "source_cell_count": 11, "area_m2": 58741.35, "mean_actual_lst": 43.0089, "mean_actual_anomaly": 6.7322, "seoul_anomaly": 5.6195, "pred_anomaly": 4.6759, "pred_anomaly_std": 0.7188, "green_delta_c": -0.4596, "building_ratio": 0.3951, "green_ratio": 0.2531, "ndvi": 0.0855, "impervious_ratio": 0.2547, "built_surface_ratio": 0.2547, "avg_ground_floor_count": 3.5731, "elevation_m": 25.2863, "albedo": 0.1114, "nearest_park_distance_m": 107.787, "park_area_within_500m": 142311.2641, "nearest_stream_distance_m": 394.5064, "est_population_density": 39370.8047, "dong_elderly_ratio": 0.166, "dong_avg_age": 43.1, "dong_pop_density": 30626.7, "nearest_shelter_distance_m": 147.7047, "shelter_count_within_500m": 7.5086, "est_population": 2312.7, "est_elderly": 383.9, "shelter_capacity_within_500m": 1300.3, "building_form_group": "low_floor_high_density", "dong_name": "조원동", "top1_feature": "ndvi", "top1_shap": 0.8153, "top2_feature": "building_ratio", "top2_shap": 0.5999, "top3_feature": "built_surface_ratio", "top3_shap": 0.5677, "priority_score": 65.5056, "priority_rank": 105 }, "geometry": { "type": "Polygon", "coordinates": [ [ [ 126.906201105938123, 37.480243241518501 ], [ 126.906183273643052, 37.482496543980794 ], [ 126.909010834325898, 37.4825107216205 ], [ 126.909025678630002, 37.480626027150088 ], [ 126.9089152, 37.48060566 ], [ 126.908659990000018, 37.48055929 ], [ 126.90842227, 37.48051573 ], [ 126.9081275, 37.48046229 ], [ 126.90790195, 37.48042129 ], [ 126.907736119999981, 37.48039102 ], [ 126.90752683, 37.48035257 ], [ 126.90731719, 37.48031383 ], [ 126.907056860000012, 37.48026603 ], [ 126.906953713635644, 37.48024702157673 ], [ 126.906201105938123, 37.480243241518501 ] ] ] } },
{ "type": "Feature", "properties": { "display_grid_id": "11620_00425", "gu_code": 11620, "gu_name": "관악구", "source_cell_count": 13, "area_m2": 58885.0, "mean_actual_lst": 42.8145, "mean_actual_anomaly": 6.5378, "seoul_anomaly": 5.4251, "pred_anomaly": 4.1871, "pred_anomaly_std": 0.7517, "green_delta_c": -0.5202, "building_ratio": 0.3026, "green_ratio": 0.246, "ndvi": 0.0867, "impervious_ratio": 0.3795, "built_surface_ratio": 0.3795, "avg_ground_floor_count": 4.0638, "elevation_m": 26.5414, "albedo": 0.1194, "nearest_park_distance_m": 21.6514, "park_area_within_500m": 147411.0936, "nearest_stream_distance_m": 460.3409, "est_population_density": 32729.1555, "dong_elderly_ratio": 0.1828, "dong_avg_age": 43.7355, "dong_pop_density": 27897.9973, "nearest_shelter_distance_m": 216.9152, "shelter_count_within_500m": 7.3396, "est_population": 1927.3, "est_elderly": 355.4, "shelter_capacity_within_500m": 1193.2, "building_form_group": "low_floor_high_density", "dong_name": "조원동", "top1_feature": "ndvi", "top1_shap": 0.723, "top2_feature": "built_surface_ratio", "top2_shap": 0.6136, "top3_feature": "impervious_ratio", "top3_shap": 0.4883, "priority_score": 69.2254, "priority_rank": 76 }, "geometry": { "type": "Polygon", "coordinates": [ [ [ 126.909010834325898, 37.4825107216205 ], [ 126.911838396984933, 37.482524831596656 ], [ 126.911856059480826, 37.480271526845044 ], [ 126.909931952923344, 37.480261933099854 ], [ 126.90992269, 37.48029448 ], [ 126.909912219999981, 37.48032909 ], [ 126.9098739, 37.48046338 ], [ 126.90983984, 37.48058076 ], [ 126.90979815, 37.48072319 ], [ 126.90979, 37.48075131 ], [ 126.90978574, 37.48076599 ], [ 126.909750590000016, 37.48075976 ], [ 126.90972304, 37.48075467 ], [ 126.90964815, 37.48074111 ], [ 126.90950598, 37.4807148 ], [ 126.9093592, 37.480687660000015 ], [ 126.90928645000001, 37.48067409 ], [ 126.909213670000014, 37.48066080000001 ], [ 126.90913332, 37.48064581 ], [ 126.90908086, 37.4806362 ], [ 126.909025678630002, 37.480626027150088 ], [ 126.909010834325898, 37.4825107216205 ] ] ] } },
{ "type": "Feature", "properties": { "display_grid_id": "11620_00426", "gu_code": 11620, "gu_name": "관악구", "source_cell_count": 13, "area_m2": 62500.0, "mean_actual_lst": 41.8588, "mean_actual_anomaly": 5.7168, "seoul_anomaly": 4.6041, "pred_anomaly": 3.8024, "pred_anomaly_std": 0.7159, "green_delta_c": -0.446, "building_ratio": 0.3516, "green_ratio": 0.2315, "ndvi": 0.0961, "impervious_ratio": 0.416, "built_surface_ratio": 0.416, "avg_ground_floor_count": 5.018, "elevation_m": 24.8193, "albedo": 0.112, "nearest_park_distance_m": 6.4896, "park_area_within_500m": 169455.9008, "nearest_stream_distance_m": 555.594, "est_population_density": 31151.6, "dong_elderly_ratio": 0.1912, "dong_avg_age": 44.052, "dong_pop_density": 26889.956, "nearest_shelter_distance_m": 236.7156, "shelter_count_within_500m": 6.72, "est_population": 1947.0, "est_elderly": 381.9, "shelter_capacity_within_500m": 954.5, "building_form_group": "high_floor_high_density", "dong_name": "미성동", "top1_feature": "ndvi", "top1_shap": 0.618, "top2_feature": "built_surface_ratio", "top2_shap": 0.5945, "top3_feature": "building_ratio", "top3_shap": 0.4168, "priority_score": 67.282, "priority_rank": 92 }, "geometry": { "type": "Polygon", "coordinates": [ [ [ 126.911856059480826, 37.480271526845044 ], [ 126.911838396984933, 37.482524831596656 ], [ 126.914665961610751, 37.482538873909164 ], [ 126.914683539206706, 37.480285568021081 ], [ 126.911856059480826, 37.480271526845044 ] ] ] } },
{ "type": "Feature", "properties": { "display_grid_id": "11620_00427", "gu_code": 11620, "gu_name": "관악구", "source_cell_count": 16, "area_m2": 62500.0, "mean_actual_lst": 39.0027, "mean_actual_anomaly": 2.7795, "seoul_anomaly": 1.6668, "pred_anomaly": 1.4596, "pred_anomaly_std": 0.8027, "green_delta_c": -0.6197, "building_ratio": 0.1519, "green_ratio": 0.3916, "ndvi": 0.2053, "impervious_ratio": 0.2808, "built_surface_ratio": 0.2808, "avg_ground_floor_count": 4.4256, "elevation_m": 33.5384, "albedo": 0.1165, "nearest_park_distance_m": 19.5776, "park_area_within_500m": 152546.1128, "nearest_stream_distance_m": 666.594, "est_population_density": 13814.8, "dong_elderly_ratio": 0.2075, "dong_avg_age": 44.66, "dong_pop_density": 25682.66, "nearest_shelter_distance_m": 145.4852, "shelter_count_within_500m": 6.0, "est_population": 863.4, "est_elderly": 168.5, "shelter_capacity_within_500m": 928.5, "building_form_group": "high_floor_low_density", "dong_name": "미성동", "top1_feature": "ndvi", "top1_shap": 0.192, "top2_feature": "built_surface_ratio", "top2_shap": 0.2541, "top3_feature": "impervious_ratio", "top3_shap": 0.3239, "priority_score": 54.1558, "priority_rank": 232 }, "geometry": { "type": "Polygon", "coordinates": [ [ [ 126.914683539206706, 37.480285568021081 ], [ 126.914665961610751, 37.482538873909164 ], [ 126.917493528193859, 37.482552848557837 ], [ 126.917511020889648, 37.480299541538777 ], [ 126.914683539206706, 37.480285568021081 ] ] ] } },
{ "type": "Feature", "properties": { "display_grid_id": "11620_00428", "gu_code": 11620, "gu_name": "관악구", "source_cell_count": 11, "area_m2": 62500.0, "mean_actual_lst": 41.3668, "mean_actual_anomaly": 5.1435, "seoul_anomaly": 4.0309, "pred_anomaly": 2.5199, "pred_anomaly_std": 0.8839, "green_delta_c": -1.0606, "building_ratio": 0.266, "green_ratio": 0.3575, "ndvi": 0.1942, "impervious_ratio": 0.297, "built_surface_ratio": 0.297, "avg_ground_floor_count": 3.265, "elevation_m": 34.3817, "albedo": 0.115, "nearest_park_distance_m": 122.7176, "park_area_within_500m": 98239.0156, "nearest_stream_distance_m": 646.2308, "est_population_density": 24950.8, "dong_elderly_ratio": 0.2143, "dong_avg_age": 44.924, "dong_pop_density": 23496.704, "nearest_shelter_distance_m": 279.1224, "shelter_count_within_500m": 6.16, "est_population": 1559.4, "est_elderly": 332.5, "shelter_capacity_within_500m": 1158.5, "building_form_group": "low_floor_low_density", "dong_name": "미성동", "top1_feature": "built_surface_ratio", "top1_shap": 0.4531, "top2_feature": "impervious_ratio", "top2_shap": 0.4096, "top3_feature": "ndvi", "top3_shap": 0.1777, "priority_score": 75.8813, "priority_rank": 30 }, "geometry": { "type": "Polygon", "coordinates": [ [ [ 126.917511020889648, 37.480299541538777 ], [ 126.917493528193859, 37.482552848557837 ], [ 126.920321096724834, 37.482566755542564 ], [ 126.920338504520245, 37.480313447397982 ], [ 126.917511020889648, 37.480299541538777 ] ] ] } },
{ "type": "Feature", "properties": { "display_grid_id": "11620_00429", "gu_code": 11620, "gu_name": "관악구", "source_cell_count": 14, "area_m2": 62500.0, "mean_actual_lst": 44.2176, "mean_actual_anomaly": 7.9476, "seoul_anomaly": 6.8349, "pred_anomaly": 4.0331, "pred_anomaly_std": 0.9325, "green_delta_c": -1.0853, "building_ratio": 0.2991, "green_ratio": 0.2648, "ndvi": 0.1454, "impervious_ratio": 0.4105, "built_surface_ratio": 0.4105, "avg_ground_floor_count": 3.5425, "elevation_m": 40.9107, "albedo": 0.1163, "nearest_park_distance_m": 191.9576, "park_area_within_500m": 62502.4164, "nearest_stream_distance_m": 470.2404, "est_population_density": 29275.6, "dong_elderly_ratio": 0.2074, "dong_avg_age": 44.54, "dong_pop_density": 27005.4, "nearest_shelter_distance_m": 278.288, "shelter_count_within_500m": 3.68, "est_population": 1829.7, "est_elderly": 373.8, "shelter_capacity_within_500m": 662.0, "building_form_group": "low_floor_high_density", "dong_name": "미성동", "top1_feature": "built_surface_ratio", "top1_shap": 0.6293, "top2_feature": "impervious_ratio", "top2_shap": 0.4369, "top3_feature": "ndvi", "top3_shap": 0.4218, "priority_score": 84.833, "priority_rank": 1 }, "geometry": { "type": "Polygon", "coordinates": [ [ [ 126.920338504520245, 37.480313447397982 ], [ 126.920321096724834, 37.482566755542564 ], [ 126.923148667194212, 37.48258059486318 ], [ 126.923165990089004, 37.480327285598563 ], [ 126.920338504520245, 37.480313447397982 ] ] ] } },
{ "type": "Feature", "properties": { "display_grid_id": "11620_00430", "gu_code": 11620, "gu_name": "관악구", "source_cell_count": 15, "area_m2": 62500.0, "mean_actual_lst": 42.7589, "mean_actual_anomaly": 6.4806, "seoul_anomaly": 5.368, "pred_anomaly": 5.5438, "pred_anomaly_std": 0.6662, "green_delta_c": -0.9256, "building_ratio": 0.4902, "green_ratio": 0.2723, "ndvi": 0.0849, "impervious_ratio": 0.2278, "built_surface_ratio": 0.2278, "avg_ground_floor_count": 2.8616, "elevation_m": 30.3596, "albedo": 0.1055, "nearest_park_distance_m": 134.3064, "park_area_within_500m": 146667.7136, "nearest_stream_distance_m": 276.1164, "est_population_density": 39563.2, "dong_elderly_ratio": 0.1903, "dong_avg_age": 43.7, "dong_pop_density": 34454.4, "nearest_shelter_distance_m": 145.5972, "shelter_count_within_500m": 4.48, "est_population": 2472.7, "est_elderly": 470.6, "shelter_capacity_within_500m": 602.5, "building_form_group": "low_floor_high_density", "dong_name": "신원동", "top1_feature": "building_ratio", "top1_shap": 1.0939, "top2_feature": "ndvi", "top2_shap": 0.8107, "top3_feature": "built_surface_ratio", "top3_shap": 0.4169, "priority_score": 78.8312, "priority_rank": 9 }, "geometry": { "type": "Polygon", "coordinates": [ [ [ 126.923165990089004, 37.480327285598563 ], [ 126.923148667194212, 37.48258059486318 ], [ 126.925976239592543, 37.482594366519535 ], [ 126.925993477586488, 37.480341056140368 ], [ 126.923165990089004, 37.480327285598563 ] ] ] } },
{ "type": "Feature", "properties": { "display_grid_id": "11620_00431", "gu_code": 11620, "gu_name": "관악구", "source_cell_count": 15, "area_m2": 62500.0, "mean_actual_lst": 42.6681, "mean_actual_anomaly": 6.5114, "seoul_anomaly": 5.3987, "pred_anomaly": 4.8697, "pred_anomaly_std": 0.7505, "green_delta_c": -0.7602, "building_ratio": 0.4114, "green_ratio": 0.2565, "ndvi": 0.0786, "impervious_ratio": 0.2407, "built_surface_ratio": 0.2407, "avg_ground_floor_count": 4.0916, "elevation_m": 29.4138, "albedo": 0.1149, "nearest_park_distance_m": 48.0408, "park_area_within_500m": 210556.232, "nearest_stream_distance_m": 112.2004, "est_population_density": 39816.8, "dong_elderly_ratio": 0.1872, "dong_avg_age": 43.516, "dong_pop_density": 34558.648, "nearest_shelter_distance_m": 93.5484, "shelter_count_within_500m": 6.0, "est_population": 2488.6, "est_elderly": 467.0, "shelter_capacity_within_500m": 871.0, "building_form_group": "low_floor_high_density", "dong_name": "신원동", "top1_feature": "ndvi", "top1_shap": 0.7792, "top2_feature": "building_ratio", "top2_shap": 0.6864, "top3_feature": "built_surface_ratio", "top3_shap": 0.4996, "priority_score": 73.8636, "priority_rank": 48 }, "geometry": { "type": "Polygon", "coordinates": [ [ [ 126.925993477586488, 37.480341056140368 ], [ 126.925976239592543, 37.482594366519535 ], [ 126.928803813910378, 37.482608070511496 ], [ 126.928820967003233, 37.480354759023264 ], [ 126.925993477586488, 37.480341056140368 ] ] ] } },
{ "type": "Feature", "properties": { "display_grid_id": "11620_00432", "gu_code": 11620, "gu_name": "관악구", "source_cell_count": 13, "area_m2": 62500.0, "mean_actual_lst": 41.4669, "mean_actual_anomaly": 5.2776, "seoul_anomaly": 4.1649, "pred_anomaly": 3.6904, "pred_anomaly_std": 0.8737, "green_delta_c": -0.5537, "building_ratio": 0.3508, "green_ratio": 0.2549, "ndvi": 0.0863, "impervious_ratio": 0.2498, "built_surface_ratio": 0.2498, "avg_ground_floor_count": 7.3544, "elevation_m": 35.0423, "albedo": 0.1079, "nearest_park_distance_m": 53.6604, "park_area_within_500m": 219084.9316, "nearest_stream_distance_m": 87.1764, "est_population_density": 54495.6, "dong_elderly_ratio": 0.158, "dong_avg_age": 41.768, "dong_pop_density": 35549.004, "nearest_shelter_distance_m": 150.012, "shelter_count_within_500m": 6.0, "est_population": 3406.0, "est_elderly": 550.1, "shelter_capacity_within_500m": 1044.0, "building_form_group": "low_floor_high_density", "dong_name": "서원동", "top1_feature": "ndvi", "top1_shap": 0.7044, "top2_feature": "building_ratio", "top2_shap": 0.5398, "top3_feature": "built_surface_ratio", "top3_shap": 0.3775, "priority_score": 66.475, "priority_rank": 100 }, "geometry": { "type": "Polygon", "coordinates": [ [ [ 126.928820967003233, 37.480354759023264 ], [ 126.928803813910378, 37.482608070511496 ], [ 126.931631390138264, 37.482621706838934 ], [ 126.931648458329803, 37.480368394247087 ], [ 126.928820967003233, 37.480354759023264 ] ] ] } },
{ "type": "Feature", "properties": { "display_grid_id": "11620_00433", "gu_code": 11620, "gu_name": "관악구", "source_cell_count": 12, "area_m2": 62500.0, "mean_actual_lst": 40.9673, "mean_actual_anomaly": 4.6151, "seoul_anomaly": 3.5025, "pred_anomaly": 4.1233, "pred_anomaly_std": 0.7939, "green_delta_c": -0.8107, "building_ratio": 0.428, "green_ratio": 0.2793, "ndvi": 0.1139, "impervious_ratio": 0.2615, "built_surface_ratio": 0.2615, "avg_ground_floor_count": 3.9427, "elevation_m": 53.9217, "albedo": 0.1043, "nearest_park_distance_m": 227.7492, "park_area_within_500m": 152240.7148, "nearest_stream_distance_m": 273.3028, "est_population_density": 46536.4, "dong_elderly_ratio": 0.1518, "dong_avg_age": 41.4, "dong_pop_density": 35757.5, "nearest_shelter_distance_m": 217.7688, "shelter_count_within_500m": 6.16, "est_population": 2908.5, "est_elderly": 441.6, "shelter_capacity_within_500m": 1057.0, "building_form_group": "low_floor_high_density", "dong_name": "서원동", "top1_feature": "building_ratio", "top1_shap": 0.8745, "top2_feature": "ndvi", "top2_shap": 0.5918, "top3_feature": "built_surface_ratio", "top3_shap": 0.4973, "priority_score": 72.5557, "priority_rank": 54 }, "geometry": { "type": "Polygon", "coordinates": [ [ [ 126.931648458329803, 37.480368394247087 ], [ 126.931631390138264, 37.482621706838934 ], [ 126.934458968266725, 37.482635275501693 ], [ 126.934475951556777, 37.480381961811716 ], [ 126.931648458329803, 37.480368394247087 ] ] ] } },
{ "type": "Feature", "properties": { "display_grid_id": "11620_00434", "gu_code": 11620, "gu_name": "관악구", "source_cell_count": 16, "area_m2": 62500.0, "mean_actual_lst": 35.5008, "mean_actual_anomaly": -0.5949, "seoul_anomaly": -1.7075, "pred_anomaly": -2.2756, "pred_anomaly_std": 0.9236, "green_delta_c": -1.1528, "building_ratio": 0.072, "green_ratio": 0.6402, "ndvi": 0.379, "impervious_ratio": 0.1127, "built_surface_ratio": 0.1127, "avg_ground_floor_count": 1.3937, "elevation_m": 83.3514, "albedo": 0.1099, "nearest_park_distance_m": 264.1736, "park_area_within_500m": 85737.2628, "nearest_stream_distance_m": 380.8444, "est_population_density": 5926.0, "dong_elderly_ratio": 0.1495, "dong_avg_age": 41.064, "dong_pop_density": 34950.46, "nearest_shelter_distance_m": 148.5352, "shelter_count_within_500m": 4.36, "est_population": 370.4, "est_elderly": 56.2, "shelter_capacity_within_500m": 828.8, "building_form_group": "no_building", "dong_name": "서원동", "top1_feature": "green_ratio", "top1_shap": -0.7718, "top2_feature": "built_surface_ratio", "top2_shap": -0.7268, "top3_feature": "impervious_ratio", "top3_shap": -0.4488, "priority_score": 55.9277, "priority_rank": 214 }, "geometry": { "type": "Polygon", "coordinates": [ [ [ 126.934475951556777, 37.480381961811716 ], [ 126.934458968266725, 37.482635275501693 ], [ 126.937286548286323, 37.48264877649963 ], [ 126.937303446674619, 37.480395461717002 ], [ 126.934475951556777, 37.480381961811716 ] ] ] } },
{ "type": "Feature", "properties": { "display_grid_id": "11620_00435", "gu_code": 11620, "gu_name": "관악구", "source_cell_count": 15, "area_m2": 62500.0, "mean_actual_lst": 40.8168, "mean_actual_anomaly": 4.7223, "seoul_anomaly": 3.6097, "pred_anomaly": 2.1991, "pred_anomaly_std": 0.8732, "green_delta_c": -0.8185, "building_ratio": 0.3099, "green_ratio": 0.3786, "ndvi": 0.2102, "impervious_ratio": 0.212, "built_surface_ratio": 0.212, "avg_ground_floor_count": 3.165, "elevation_m": 59.2164, "albedo": 0.1091, "nearest_park_distance_m": 137.352, "park_area_within_500m": 118489.93, "nearest_stream_distance_m": 301.214, "est_population_density": 29911.6, "dong_elderly_ratio": 0.1378, "dong_avg_age": 39.384, "dong_pop_density": 30915.26, "nearest_shelter_distance_m": 215.2776, "shelter_count_within_500m": 6.6, "est_population": 1869.5, "est_elderly": 257.7, "shelter_capacity_within_500m": 1206.8, "building_form_group": "low_floor_high_density", "dong_name": "청룡동", "top1_feature": "building_ratio", "top1_shap": 0.6007, "top2_feature": "ndvi", "top2_shap": 0.1584, "top3_feature": "built_surface_ratio", "top3_shap": 0.0906, "priority_score": 67.5325, "priority_rank": 90 }, "geometry": { "type": "Polygon", "coordinates": [ [ [ 126.937303446674619, 37.480395461717002 ], [ 126.937286548286323, 37.48264877649963 ], [ 126.940114130187638, 37.482662209832618 ], [ 126.94013094367395, 37.480408893962817 ], [ 126.937303446674619, 37.480395461717002 ] ] ] } },
{ "type": "Feature", "properties": { "display_grid_id": "11620_00436", "gu_code": 11620, "gu_name": "관악구", "source_cell_count": 14, "area_m2": 62500.0, "mean_actual_lst": 42.5464, "mean_actual_anomaly": 6.5004, "seoul_anomaly": 5.3877, "pred_anomaly": 4.6255, "pred_anomaly_std": 0.8693, "green_delta_c": -0.936, "building_ratio": 0.3539, "green_ratio": 0.2564, "ndvi": 0.113, "impervious_ratio": 0.2885, "built_surface_ratio": 0.2885, "avg_ground_floor_count": 3.1743, "elevation_m": 42.2974, "albedo": 0.1103, "nearest_park_distance_m": 35.0464, "park_area_within_500m": 206761.2788, "nearest_stream_distance_m": 180.2272, "est_population_density": 31800.8, "dong_elderly_ratio": 0.1456, "dong_avg_age": 39.828, "dong_pop_density": 32069.308, "nearest_shelter_distance_m": 126.1172, "shelter_count_within_500m": 8.08, "est_population": 1987.6, "est_elderly": 282.0, "shelter_capacity_within_500m": 1380.0, "building_form_group": "low_floor_high_density", "dong_name": "청룡동", "top1_feature": "ndvi", "top1_shap": 0.6375, "top2_feature": "built_surface_ratio", "top2_shap": 0.5701, "top3_feature": "building_ratio", "top3_shap": 0.4391, "priority_score": 74.128, "priority_rank": 45 }, "geometry": { "type": "Polygon", "coordinates": [ [ [ 126.94013094367395, 37.480408893962817 ], [ 126.940114130187638, 37.482662209832618 ], [ 126.942941713961162, 37.482675575500501 ], [ 126.942958442545319, 37.480422258548998 ], [ 126.94013094367395, 37.480408893962817 ] ] ] } },
{ "type": "Feature", "properties": { "display_grid_id": "11620_00437", "gu_code": 11620, "gu_name": "관악구", "source_cell_count": 15, "area_m2": 62500.0, "mean_actual_lst": 42.8296, "mean_actual_anomaly": 6.8291, "seoul_anomaly": 5.7165, "pred_anomaly": 5.0854, "pred_anomaly_std": 0.8017, "green_delta_c": -0.3297, "building_ratio": 0.4022, "green_ratio": 0.2329, "ndvi": 0.0906, "impervious_ratio": 0.3644, "built_surface_ratio": 0.3644, "avg_ground_floor_count": 2.6718, "elevation_m": 36.3734, "albedo": 0.1154, "nearest_park_distance_m": 0.0, "park_area_within_500m": 274424.9372, "nearest_stream_distance_m": 105.6536, "est_population_density": 32084.0, "dong_elderly_ratio": 0.1513, "dong_avg_age": 40.18, "dong_pop_density": 32973.18, "nearest_shelter_distance_m": 184.2404, "shelter_count_within_500m": 8.64, "est_population": 2005.3, "est_elderly": 294.1, "shelter_capacity_within_500m": 1305.5, "building_form_group": "low_floor_high_density", "dong_name": "청룡동", "top1_feature": "built_surface_ratio", "top1_shap": 0.6253, "top2_feature": "ndvi", "top2_shap": 0.5907, "top3_feature": "building_ratio", "top3_shap": 0.548, "priority_score": 63.4787, "priority_rank": 121 }, "geometry": { "type": "Polygon", "coordinates": [ [ [ 126.942958442545319, 37.480422258548998 ], [ 126.942941713961162, 37.482675575500501 ], [ 126.945769299597472, 37.482688873503164 ], [ 126.945785943279205, 37.480435555475431 ], [ 126.942958442545319, 37.480422258548998 ] ] ] } },
{ "type": "Feature", "properties": { "display_grid_id": "11620_00438", "gu_code": 11620, "gu_name": "관악구", "source_cell_count": 10, "area_m2": 62500.0, "mean_actual_lst": 41.5573, "mean_actual_anomaly": 5.5598, "seoul_anomaly": 4.4472, "pred_anomaly": 4.4774, "pred_anomaly_std": 0.7757, "green_delta_c": -0.4894, "building_ratio": 0.3518, "green_ratio": 0.2219, "ndvi": 0.0938, "impervious_ratio": 0.4089, "built_surface_ratio": 0.4089, "avg_ground_floor_count": 4.8734, "elevation_m": 36.7237, "albedo": 0.106, "nearest_park_distance_m": 3.7036, "park_area_within_500m": 344726.2008, "nearest_stream_distance_m": 76.5716, "est_population_density": 50230.0, "dong_elderly_ratio": 0.1472, "dong_avg_age": 40.032, "dong_pop_density": 33498.752, "nearest_shelter_distance_m": 296.668, "shelter_count_within_500m": 8.72, "est_population": 3139.4, "est_elderly": 452.2, "shelter_capacity_within_500m": 944.5, "building_form_group": "high_floor_high_density", "dong_name": "청룡동", "top1_feature": "built_surface_ratio", "top1_shap": 0.6368, "top2_feature": "ndvi", "top2_shap": 0.6166, "top3_feature": "impervious_ratio", "top3_shap": 0.3966, "priority_score": 70.5473, "priority_rank": 69 }, "geometry": { "type": "Polygon", "coordinates": [ [ [ 126.945785943279205, 37.480435555475431 ], [ 126.945769299597472, 37.482688873503164 ], [ 126.94859688708712, 37.482702103840452 ], [ 126.948613445866243, 37.480448784741981 ], [ 126.945785943279205, 37.480435555475431 ] ] ] } },
{ "type": "Feature", "properties": { "display_grid_id": "11620_00439", "gu_code": 11620, "gu_name": "관악구", "source_cell_count": 16, "area_m2": 62500.0, "mean_actual_lst": 40.1045, "mean_actual_anomaly": 4.2473, "seoul_anomaly": 3.1347, "pred_anomaly": 3.4668, "pred_anomaly_std": 0.8985, "green_delta_c": -0.7208, "building_ratio": 0.3642, "green_ratio": 0.2573, "ndvi": 0.1058, "impervious_ratio": 0.2612, "built_surface_ratio": 0.2612, "avg_ground_floor_count": 8.7167, "elevation_m": 40.8748, "albedo": 0.0933, "nearest_park_distance_m": 5.0988, "park_area_within_500m": 370486.2848, "nearest_stream_distance_m": 71.562, "est_population_density": 62684.4, "dong_elderly_ratio": 0.1503, "dong_avg_age": 40.44, "dong_pop_density": 36357.64, "nearest_shelter_distance_m": 274.176, "shelter_count_within_500m": 7.6, "est_population": 3917.8, "est_elderly": 578.2, "shelter_capacity_within_500m": 776.0, "building_form_group": "high_floor_high_density", "dong_name": "중앙동", "top1_feature": "building_ratio", "top1_shap": 0.4924, "top2_feature": "ndvi", "top2_shap": 0.481, "top3_feature": "built_surface_ratio", "top3_shap": 0.4259, "priority_score": 73.4508, "priority_rank": 49 }, "geometry": { "type": "Polygon", "coordinates": [ [ [ 126.948613445866243, 37.480448784741981 ], [ 126.94859688708712, 37.482702103840452 ], [ 126.951424476420627, 37.48271526651223 ], [ 126.951440950296899, 37.480461946348484 ], [ 126.948613445866243, 37.480448784741981 ] ] ] } },
{ "type": "Feature", "properties": { "display_grid_id": "11620_00440", "gu_code": 11620, "gu_name": "관악구", "source_cell_count": 14, "area_m2": 62500.0, "mean_actual_lst": 40.627, "mean_actual_anomaly": 4.7168, "seoul_anomaly": 3.6041, "pred_anomaly": 3.6352, "pred_anomaly_std": 0.8563, "green_delta_c": -0.4086, "building_ratio": 0.2786, "green_ratio": 0.2429, "ndvi": 0.0763, "impervious_ratio": 0.2819, "built_surface_ratio": 0.2819, "avg_ground_floor_count": 8.3164, "elevation_m": 41.7817, "albedo": 0.104, "nearest_park_distance_m": 0.0, "park_area_within_500m": 355249.8788, "nearest_stream_distance_m": 64.1376, "est_population_density": 35462.0, "dong_elderly_ratio": 0.1445, "dong_avg_age": 39.804, "dong_pop_density": 33951.16, "nearest_shelter_distance_m": 315.5508, "shelter_count_within_500m": 7.04, "est_population": 2216.4, "est_elderly": 330.2, "shelter_capacity_within_500m": 815.8, "building_form_group": "high_floor_high_density", "dong_name": "중앙동", "top1_feature": "ndvi", "top1_shap": 0.6965, "top2_feature": "built_surface_ratio", "top2_shap": 0.4939, "top3_feature": "building_ratio", "top3_shap": 0.2567, "priority_score": 61.4981, "priority_rank": 150 }, "geometry": { "type": "Polygon", "coordinates": [ [ [ 126.951440950296899, 37.480461946348484 ], [ 126.951424476420627, 37.48271526651223 ], [ 126.954252067588556, 37.482728361518376 ], [ 126.954268456561778, 37.480475040294813 ], [ 126.951440950296899, 37.480461946348484 ] ] ] } },
{ "type": "Feature", "properties": { "display_grid_id": "11620_00441", "gu_code": 11620, "gu_name": "관악구", "source_cell_count": 14, "area_m2": 62500.0, "mean_actual_lst": 41.6453, "mean_actual_anomaly": 5.5767, "seoul_anomaly": 4.4641, "pred_anomaly": 4.1866, "pred_anomaly_std": 0.8913, "green_delta_c": -0.5697, "building_ratio": 0.3372, "green_ratio": 0.2469, "ndvi": 0.0883, "impervious_ratio": 0.3369, "built_surface_ratio": 0.3369, "avg_ground_floor_count": 4.0281, "elevation_m": 46.637, "albedo": 0.1225, "nearest_park_distance_m": 52.6072, "park_area_within_500m": 322599.4372, "nearest_stream_distance_m": 85.0528, "est_population_density": 33607.6, "dong_elderly_ratio": 0.159, "dong_avg_age": 41.1, "dong_pop_density": 40635.4, "nearest_shelter_distance_m": 181.0132, "shelter_count_within_500m": 5.84, "est_population": 2100.5, "est_elderly": 334.0, "shelter_capacity_within_500m": 906.2, "building_form_group": "low_floor_high_density", "dong_name": "행운동", "top1_feature": "ndvi", "top1_shap": 0.705, "top2_feature": "built_surface_ratio", "top2_shap": 0.5768, "top3_feature": "building_ratio", "top3_shap": 0.4418, "priority_score": 65.5891, "priority_rank": 104 }, "geometry": { "type": "Polygon", "coordinates": [ [ [ 126.954268456561778, 37.480475040294813 ], [ 126.954252067588556, 37.482728361518376 ], [ 126.957079660581456, 37.482741388858727 ], [ 126.95709596465143, 37.480488066580854 ], [ 126.954268456561778, 37.480475040294813 ] ] ] } },
{ "type": "Feature", "properties": { "display_grid_id": "11620_00442", "gu_code": 11620, "gu_name": "관악구", "source_cell_count": 15, "area_m2": 62500.0, "mean_actual_lst": 42.6905, "mean_actual_anomaly": 6.6063, "seoul_anomaly": 5.4937, "pred_anomaly": 4.8695, "pred_anomaly_std": 0.7223, "green_delta_c": -0.7301, "building_ratio": 0.4272, "green_ratio": 0.2514, "ndvi": 0.0978, "impervious_ratio": 0.3486, "built_surface_ratio": 0.3486, "avg_ground_floor_count": 2.8238, "elevation_m": 67.1329, "albedo": 0.1089, "nearest_park_distance_m": 172.8164, "park_area_within_500m": 232095.9988, "nearest_stream_distance_m": 274.2644, "est_population_density": 34608.4, "dong_elderly_ratio": 0.159, "dong_avg_age": 41.1, "dong_pop_density": 40635.4, "nearest_shelter_distance_m": 133.244, "shelter_count_within_500m": 8.0, "est_population": 2163.0, "est_elderly": 343.8, "shelter_capacity_within_500m": 1631.3, "building_form_group": "low_floor_high_density", "dong_name": "행운동", "top1_feature": "building_ratio", "top1_shap": 0.8279, "top2_feature": "built_surface_ratio", "top2_shap": 0.6014, "top3_feature": "ndvi", "top3_shap": 0.5288, "priority_score": 72.9499, "priority_rank": 52 }, "geometry": { "type": "Polygon", "coordinates": [ [ [ 126.95709596465143, 37.480488066580854 ], [ 126.957079660581456, 37.482741388858727 ], [ 126.959907255389865, 37.48275434853317 ], [ 126.959923474556362, 37.480501025206458 ], [ 126.95709596465143, 37.480488066580854 ] ] ] } },
{ "type": "Feature", "properties": { "display_grid_id": "11620_00443", "gu_code": 11620, "gu_name": "관악구", "source_cell_count": 14, "area_m2": 58730.53, "mean_actual_lst": 40.4828, "mean_actual_anomaly": 4.3001, "seoul_anomaly": 3.1875, "pred_anomaly": 2.9633, "pred_anomaly_std": 0.8426, "green_delta_c": -0.7221, "building_ratio": 0.3611, "green_ratio": 0.2907, "ndvi": 0.1741, "impervious_ratio": 0.3329, "built_surface_ratio": 0.3329, "avg_ground_floor_count": 4.4197, "elevation_m": 85.6045, "albedo": 0.1103, "nearest_park_distance_m": 275.2769, "park_area_within_500m": 126533.6022, "nearest_stream_distance_m": 459.59, "est_population_density": 44270.3684, "dong_elderly_ratio": 0.159, "dong_avg_age": 41.1, "dong_pop_density": 40635.4, "nearest_shelter_distance_m": 153.4846, "shelter_count_within_500m": 8.5217, "est_population": 2600.0, "est_elderly": 413.4, "shelter_capacity_within_500m": 1810.9, "building_form_group": "low_floor_high_density", "dong_name": "행운동", "top1_feature": "built_surface_ratio", "top1_shap": 0.5594, "top2_feature": "building_ratio", "top2_shap": 0.557, "top3_feature": "ndvi", "top3_shap": 0.3365, "priority_score": 67.1892, "priority_rank": 93 }, "geometry": { "type": "Polygon", "coordinates": [ [ [ 126.962750986267125, 37.480513916171482 ], [ 126.959923474556362, 37.480501025206458 ], [ 126.959907255389865, 37.48275434853317 ], [ 126.961905192710617, 37.482763464847984 ], [ 126.962047580000018, 37.48244637 ], [ 126.96249536, 37.48218297 ], [ 126.962694, 37.48206084 ], [ 126.962740301034827, 37.48200625263221 ], [ 126.962750986267125, 37.480513916171482 ] ] ] } },
{ "type": "Feature", "properties": { "display_grid_id": "11620_00444", "gu_code": 11620, "gu_name": "관악구", "source_cell_count": 5, "area_m2": 10990.93, "mean_actual_lst": 37.007, "mean_actual_anomaly": 0.8244, "seoul_anomaly": -0.2883, "pred_anomaly": 0.2528, "pred_anomaly_std": 0.9215, "green_delta_c": -0.5913, "building_ratio": 0.1813, "green_ratio": 0.4274, "ndvi": 0.3312, "impervious_ratio": 0.399, "built_surface_ratio": 0.399, "avg_ground_floor_count": 1.0773, "elevation_m": 88.2371, "albedo": 0.1024, "nearest_park_distance_m": 292.4767, "park_area_within_500m": 124383.0008, "nearest_stream_distance_m": 532.5466, "est_population_density": 6305.1793, "dong_elderly_ratio": 0.159, "dong_avg_age": 41.1, "dong_pop_density": 40635.4, "nearest_shelter_distance_m": 246.9436, "shelter_count_within_500m": 8.0, "est_population": 69.3, "est_elderly": 11.0, "shelter_capacity_within_500m": 1387.0, "building_form_group": "low_floor_low_density", "dong_name": "행운동", "top1_feature": "ndvi", "top1_shap": -0.6659, "top2_feature": "impervious_ratio", "top2_shap": 0.457, "top3_feature": "built_surface_ratio", "top3_shap": 0.4568, "priority_score": 50.7236, "priority_rank": 276 }, "geometry": { "type": "Polygon", "coordinates": [ [ [ 126.962750986267125, 37.480513916171482 ], [ 126.962740301034827, 37.48200625263221 ], [ 126.96327608, 37.481374580000015 ], [ 126.963944200000014, 37.48101861 ], [ 126.96404097, 37.48074976 ], [ 126.964127361118528, 37.480520166742401 ], [ 126.962750986267125, 37.480513916171482 ] ] ] } },
{ "type": "Feature", "properties": { "display_grid_id": "11620_00445", "gu_code": 11620, "gu_name": "관악구", "source_cell_count": 8, "area_m2": 28653.85, "mean_actual_lst": 41.7266, "mean_actual_anomaly": 5.472, "seoul_anomaly": 4.3594, "pred_anomaly": 3.4014, "pred_anomaly_std": 0.8143, "green_delta_c": -0.3958, "building_ratio": 0.2894, "green_ratio": 0.241, "ndvi": 0.0853, "impervious_ratio": 0.301, "built_surface_ratio": 0.301, "avg_ground_floor_count": 7.4237, "elevation_m": 23.9279, "albedo": 0.111, "nearest_park_distance_m": 6.2652, "park_area_within_500m": 306038.2204, "nearest_stream_distance_m": 187.868, "est_population_density": 44343.075, "dong_elderly_ratio": 0.166, "dong_avg_age": 43.1, "dong_pop_density": 30626.7, "nearest_shelter_distance_m": 206.7161, "shelter_count_within_500m": 6.2746, "est_population": 1270.6, "est_elderly": 211.0, "shelter_capacity_within_500m": 946.7, "building_form_group": "high_floor_high_density", "dong_name": "조원동", "top1_feature": "ndvi", "top1_shap": 0.6216, "top2_feature": "built_surface_ratio", "top2_shap": 0.5478, "top3_feature": "impervious_ratio", "top3_shap": 0.4503, "priority_score": 58.7755, "priority_rank": 178 }, "geometry": { "type": "Polygon", "coordinates": [ [ [ 126.903337795756471, 37.484735599118281 ], [ 126.903355714945903, 37.482482298677709 ], [ 126.901125249475911, 37.48247101379706 ], [ 126.90114743, 37.48249818 ], [ 126.90119522, 37.4825565 ], [ 126.90123385, 37.48260383 ], [ 126.901401580000012, 37.482809240000016 ], [ 126.90155696, 37.48299886 ], [ 126.90168325, 37.4831558 ], [ 126.90187655, 37.48339247 ], [ 126.90207215, 37.48363225 ], [ 126.902125409999982, 37.48369537 ], [ 126.902153470000016, 37.48372805 ], [ 126.902177269999981, 37.48375679 ], [ 126.90222173, 37.48381089 ], [ 126.90227782, 37.48387964 ], [ 126.902303040000021, 37.48391006 ], [ 126.90233954, 37.48395486 ], [ 126.90236741, 37.48398867 ], [ 126.902409209999988, 37.48403996 ], [ 126.9024542, 37.48409461 ], [ 126.90249829, 37.48414843 ], [ 126.902547680000012, 37.48420872 ], [ 126.90258048, 37.48424902 ], [ 126.9026154, 37.48429156 ], [ 126.902668670000011, 37.48435665 ], [ 126.902706939999987, 37.48440314 ], [ 126.902764799999986, 37.48447386 ], [ 126.90282036, 37.48454176 ], [ 126.90284647, 37.4845736 ], [ 126.902876099999986, 37.48460966 ], [ 126.90289408, 37.484631640000011 ], [ 126.90293835, 37.48468574000001 ], [ 126.902960050000019, 37.48471194 ], [ 126.902977905684892, 37.484733781036766 ], [ 126.903337795756471, 37.484735599118281 ] ] ] } },
{ "type": "Feature", "properties": { "display_grid_id": "11620_00446", "gu_code": 11620, "gu_name": "관악구", "source_cell_count": 13, "area_m2": 62500.0, "mean_actual_lst": 40.6442, "mean_actual_anomaly": 4.2918, "seoul_anomaly": 3.1792, "pred_anomaly": 2.796, "pred_anomaly_std": 0.8854, "green_delta_c": -0.3226, "building_ratio": 0.235, "green_ratio": 0.23, "ndvi": 0.0799, "impervious_ratio": 0.3611, "built_surface_ratio": 0.3611, "avg_ground_floor_count": 7.0183, "elevation_m": 22.2885, "albedo": 0.1085, "nearest_park_distance_m": 62.504, "park_area_within_500m": 250940.3392, "nearest_stream_distance_m": 136.4456, "est_population_density": 47820.952, "dong_elderly_ratio": 0.166, "dong_avg_age": 43.1, "dong_pop_density": 30626.7, "nearest_shelter_distance_m": 90.3568, "shelter_count_within_500m": 7.04, "est_population": 2988.8, "est_elderly": 496.1, "shelter_capacity_within_500m": 1823.7, "building_form_group": "high_floor_low_density", "dong_name": "조원동", "top1_feature": "built_surface_ratio", "top1_shap": 0.5876, "top2_feature": "ndvi", "top2_shap": 0.553, "top3_feature": "impervious_ratio", "top3_shap": 0.5357, "priority_score": 56.679, "priority_rank": 202 }, "geometry": { "type": "Polygon", "coordinates": [ [ [ 126.903355714945903, 37.482482298677709 ], [ 126.903337795756471, 37.484735599118281 ], [ 126.906165439362297, 37.484749845574314 ], [ 126.906183273643052, 37.482496543980794 ], [ 126.903355714945903, 37.482482298677709 ] ] ] } },
{ "type": "Feature", "properties": { "display_grid_id": "11620_00447", "gu_code": 11620, "gu_name": "관악구", "source_cell_count": 14, "area_m2": 62500.0, "mean_actual_lst": 41.6996, "mean_actual_anomaly": 5.3986, "seoul_anomaly": 4.286, "pred_anomaly": 3.8091, "pred_anomaly_std": 0.6908, "green_delta_c": -0.3829, "building_ratio": 0.3091, "green_ratio": 0.229, "ndvi": 0.1053, "impervious_ratio": 0.4048, "built_surface_ratio": 0.4048, "avg_ground_floor_count": 4.9126, "elevation_m": 21.6722, "albedo": 0.1196, "nearest_park_distance_m": 184.5964, "park_area_within_500m": 171389.406, "nearest_stream_distance_m": 168.5196, "est_population_density": 41402.8, "dong_elderly_ratio": 0.166, "dong_avg_age": 43.1, "dong_pop_density": 30626.7, "nearest_shelter_distance_m": 62.4588, "shelter_count_within_500m": 7.64, "est_population": 2587.7, "est_elderly": 429.6, "shelter_capacity_within_500m": 2641.8, "building_form_group": "low_floor_high_density", "dong_name": "조원동", "top1_feature": "built_surface_ratio", "top1_shap": 0.6223, "top2_feature": "ndvi", "top2_shap": 0.6175, "top3_feature": "impervious_ratio", "top3_shap": 0.4527, "priority_score": 58.757, "priority_rank": 180 }, "geometry": { "type": "Polygon", "coordinates": [ [ [ 126.906183273643052, 37.482496543980794 ], [ 126.906165439362297, 37.484749845574314 ], [ 126.908993084954076, 37.484764024361489 ], [ 126.909010834325898, 37.4825107216205 ], [ 126.906183273643052, 37.482496543980794 ] ] ] } },
{ "type": "Feature", "properties": { "display_grid_id": "11620_00448", "gu_code": 11620, "gu_name": "관악구", "source_cell_count": 15, "area_m2": 62500.0, "mean_actual_lst": 42.448, "mean_actual_anomaly": 6.1713, "seoul_anomaly": 5.0586, "pred_anomaly": 3.7634, "pred_anomaly_std": 0.7485, "green_delta_c": -0.4086, "building_ratio": 0.3668, "green_ratio": 0.2367, "ndvi": 0.1127, "impervious_ratio": 0.4143, "built_surface_ratio": 0.4143, "avg_ground_floor_count": 5.5428, "elevation_m": 21.9776, "albedo": 0.1178, "nearest_park_distance_m": 84.6972, "park_area_within_500m": 153322.9852, "nearest_stream_distance_m": 237.986, "est_population_density": 55849.2, "dong_elderly_ratio": 0.166, "dong_avg_age": 43.1, "dong_pop_density": 30626.7, "nearest_shelter_distance_m": 224.0772, "shelter_count_within_500m": 7.8, "est_population": 3490.6, "est_elderly": 579.4, "shelter_capacity_within_500m": 2484.8, "building_form_group": "high_floor_high_density", "dong_name": "조원동", "top1_feature": "built_surface_ratio", "top1_shap": 0.5964, "top2_feature": "building_ratio", "top2_shap": 0.571, "top3_feature": "impervious_ratio", "top3_shap": 0.3736, "priority_score": 70.5844, "priority_rank": 68 }, "geometry": { "type": "Polygon", "coordinates": [ [ [ 126.909010834325898, 37.4825107216205 ], [ 126.908993084954076, 37.484764024361489 ], [ 126.911820732522258, 37.484778135479665 ], [ 126.911838396984933, 37.482524831596656 ], [ 126.909010834325898, 37.4825107216205 ] ] ] } },
{ "type": "Feature", "properties": { "display_grid_id": "11620_00449", "gu_code": 11620, "gu_name": "관악구", "source_cell_count": 14, "area_m2": 62500.0, "mean_actual_lst": 42.6174, "mean_actual_anomaly": 6.4497, "seoul_anomaly": 5.3371, "pred_anomaly": 4.4529, "pred_anomaly_std": 0.6608, "green_delta_c": -0.433, "building_ratio": 0.3985, "green_ratio": 0.2481, "ndvi": 0.0848, "impervious_ratio": 0.2969, "built_surface_ratio": 0.2969, "avg_ground_floor_count": 4.3435, "elevation_m": 22.7016, "albedo": 0.1111, "nearest_park_distance_m": 24.0368, "park_area_within_500m": 163597.14, "nearest_stream_distance_m": 339.406, "est_population_density": 40134.0, "dong_elderly_ratio": 0.1653, "dong_avg_age": 43.06, "dong_pop_density": 32552.5, "nearest_shelter_distance_m": 209.6548, "shelter_count_within_500m": 5.12, "est_population": 2508.4, "est_elderly": 415.0, "shelter_capacity_within_500m": 1457.5, "building_form_group": "high_floor_high_density", "dong_name": "조원동", "top1_feature": "building_ratio", "top1_shap": 0.7285, "top2_feature": "ndvi", "top2_shap": 0.7267, "top3_feature": "built_surface_ratio", "top3_shap": 0.5693, "priority_score": 67.8571, "priority_rank": 87 }, "geometry": { "type": "Polygon", "coordinates": [ [ [ 126.911838396984933, 37.482524831596656 ], [ 126.911820732522258, 37.484778135479665 ], [ 126.914648382057464, 37.484792178928679 ], [ 126.914665961610751, 37.482538873909164 ], [ 126.911838396984933, 37.482524831596656 ] ] ] } },
{ "type": "Feature", "properties": { "display_grid_id": "11620_00450", "gu_code": 11620, "gu_name": "관악구", "source_cell_count": 13, "area_m2": 62500.0, "mean_actual_lst": 42.4201, "mean_actual_anomaly": 6.4535, "seoul_anomaly": 5.3408, "pred_anomaly": 4.5145, "pred_anomaly_std": 0.7935, "green_delta_c": -0.7093, "building_ratio": 0.4017, "green_ratio": 0.2615, "ndvi": 0.0863, "impervious_ratio": 0.218, "built_surface_ratio": 0.218, "avg_ground_floor_count": 3.8888, "elevation_m": 24.417, "albedo": 0.1118, "nearest_park_distance_m": 33.9872, "park_area_within_500m": 142064.2256, "nearest_stream_distance_m": 468.0332, "est_population_density": 38710.8, "dong_elderly_ratio": 0.1625, "dong_avg_age": 42.9, "dong_pop_density": 40255.7, "nearest_shelter_distance_m": 107.25, "shelter_count_within_500m": 5.2, "est_population": 2419.4, "est_elderly": 393.1, "shelter_capacity_within_500m": 1274.5, "building_form_group": "low_floor_high_density", "dong_name": "신사동", "top1_feature": "ndvi", "top1_shap": 0.7922, "top2_feature": "building_ratio", "top2_shap": 0.7254, "top3_feature": "built_surface_ratio", "top3_shap": 0.467, "priority_score": 70.9926, "priority_rank": 65 }, "geometry": { "type": "Polygon", "coordinates": [ [ [ 126.914665961610751, 37.482538873909164 ], [ 126.914648382057464, 37.484792178928679 ], [ 126.917476033550201, 37.484806154708416 ], [ 126.917493528193859, 37.482552848557837 ], [ 126.914665961610751, 37.482538873909164 ] ] ] } },
{ "type": "Feature", "properties": { "display_grid_id": "11620_00451", "gu_code": 11620, "gu_name": "관악구", "source_cell_count": 14, "area_m2": 62500.0, "mean_actual_lst": 42.4218, "mean_actual_anomaly": 6.3538, "seoul_anomaly": 5.2411, "pred_anomaly": 4.8641, "pred_anomaly_std": 0.7061, "green_delta_c": -1.7071, "building_ratio": 0.4394, "green_ratio": 0.2694, "ndvi": 0.087, "impervious_ratio": 0.1901, "built_surface_ratio": 0.1901, "avg_ground_floor_count": 3.4769, "elevation_m": 26.7718, "albedo": 0.1071, "nearest_park_distance_m": 123.008, "park_area_within_500m": 94855.1724, "nearest_stream_distance_m": 496.134, "est_population_density": 42913.2, "dong_elderly_ratio": 0.1693, "dong_avg_age": 43.164, "dong_pop_density": 38069.744, "nearest_shelter_distance_m": 222.3144, "shelter_count_within_500m": 5.12, "est_population": 2682.1, "est_elderly": 448.6, "shelter_capacity_within_500m": 1261.5, "building_form_group": "low_floor_high_density", "dong_name": "신사동", "top1_feature": "building_ratio", "top1_shap": 1.0002, "top2_feature": "ndvi", "top2_shap": 0.8442, "top3_feature": "built_surface_ratio", "top3_shap": 0.3747, "priority_score": 83.7987, "priority_rank": 2 }, "geometry": { "type": "Polygon", "coordinates": [ [ [ 126.917493528193859, 37.482552848557837 ], [ 126.917476033550201, 37.484806154708416 ], [ 126.920303686991033, 37.484820062818706 ], [ 126.920321096724834, 37.482566755542564 ], [ 126.917493528193859, 37.482552848557837 ] ] ] } },
{ "type": "Feature", "properties": { "display_grid_id": "11620_00452", "gu_code": 11620, "gu_name": "관악구", "source_cell_count": 12, "area_m2": 62500.0, "mean_actual_lst": 42.2901, "mean_actual_anomaly": 6.0344, "seoul_anomaly": 4.9217, "pred_anomaly": 4.7831, "pred_anomaly_std": 0.7584, "green_delta_c": -0.481, "building_ratio": 0.3621, "green_ratio": 0.2471, "ndvi": 0.0854, "impervious_ratio": 0.2899, "built_surface_ratio": 0.2899, "avg_ground_floor_count": 3.5269, "elevation_m": 30.9006, "albedo": 0.116, "nearest_park_distance_m": 156.0848, "park_area_within_500m": 113466.17, "nearest_stream_distance_m": 307.9004, "est_population_density": 36308.4, "dong_elderly_ratio": 0.1715, "dong_avg_age": 43.228, "dong_pop_density": 37605.64, "nearest_shelter_distance_m": 242.3248, "shelter_count_within_500m": 4.4, "est_population": 2269.3, "est_elderly": 390.0, "shelter_capacity_within_500m": 1094.0, "building_form_group": "low_floor_high_density", "dong_name": "신사동", "top1_feature": "ndvi", "top1_shap": 0.7736, "top2_feature": "built_surface_ratio", "top2_shap": 0.5836, "top3_feature": "building_ratio", "top3_shap": 0.4948, "priority_score": 68.0798, "priority_rank": 84 }, "geometry": { "type": "Polygon", "coordinates": [ [ [ 126.920321096724834, 37.482566755542564 ], [ 126.920303686991033, 37.484820062818706 ], [ 126.923131342370482, 37.484833903259414 ], [ 126.923148667194212, 37.48258059486318 ], [ 126.920321096724834, 37.482566755542564 ] ] ] } },
{ "type": "Feature", "properties": { "display_grid_id": "11620_00453", "gu_code": 11620, "gu_name": "관악구", "source_cell_count": 16, "area_m2": 62500.0, "mean_actual_lst": 42.9007, "mean_actual_anomaly": 6.5965, "seoul_anomaly": 5.4839, "pred_anomaly": 4.9631, "pred_anomaly_std": 0.7661, "green_delta_c": -0.2821, "building_ratio": 0.3409, "green_ratio": 0.219, "ndvi": 0.0747, "impervious_ratio": 0.3941, "built_surface_ratio": 0.3941, "avg_ground_floor_count": 3.4036, "elevation_m": 28.0276, "albedo": 0.1089, "nearest_park_distance_m": 39.7856, "park_area_within_500m": 255531.1264, "nearest_stream_distance_m": 119.9884, "est_population_density": 32605.6, "dong_elderly_ratio": 0.1689, "dong_avg_age": 42.788, "dong_pop_density": 37975.024, "nearest_shelter_distance_m": 100.3884, "shelter_count_within_500m": 3.92, "est_population": 2037.9, "est_elderly": 351.6, "shelter_capacity_within_500m": 606.5, "building_form_group": "low_floor_high_density", "dong_name": "신사동", "top1_feature": "ndvi", "top1_shap": 0.7374, "top2_feature": "built_surface_ratio", "top2_shap": 0.6476, "top3_feature": "impervious_ratio", "top3_shap": 0.4201, "priority_score": 60.4546, "priority_rank": 160 }, "geometry": { "type": "Polygon", "coordinates": [ [ [ 126.923148667194212, 37.48258059486318 ], [ 126.923131342370482, 37.484833903259414 ], [ 126.925958999679111, 37.484847676030398 ], [ 126.925976239592543, 37.482594366519535 ], [ 126.923148667194212, 37.48258059486318 ] ] ] } },
{ "type": "Feature", "properties": { "display_grid_id": "11620_00454", "gu_code": 11620, "gu_name": "관악구", "source_cell_count": 14, "area_m2": 62500.0, "mean_actual_lst": 42.009, "mean_actual_anomaly": 5.8437, "seoul_anomaly": 4.731, "pred_anomaly": 4.0623, "pred_anomaly_std": 0.8485, "green_delta_c": -0.5275, "building_ratio": 0.295, "green_ratio": 0.2465, "ndvi": 0.0844, "impervious_ratio": 0.2949, "built_surface_ratio": 0.2949, "avg_ground_floor_count": 6.4824, "elevation_m": 27.5091, "albedo": 0.1128, "nearest_park_distance_m": 0.8528, "park_area_within_500m": 370916.3104, "nearest_stream_distance_m": 67.1956, "est_population_density": 22843.2, "dong_elderly_ratio": 0.1348, "dong_avg_age": 40.14, "dong_pop_density": 38655.64, "nearest_shelter_distance_m": 145.2324, "shelter_count_within_500m": 4.8, "est_population": 1427.7, "est_elderly": 196.6, "shelter_capacity_within_500m": 559.0, "building_form_group": "high_floor_high_density", "dong_name": "신림동", "top1_feature": "ndvi", "top1_shap": 0.7447, "top2_feature": "built_surface_ratio", "top2_shap": 0.5704, "top3_feature": "building_ratio", "top3_shap": 0.3847, "priority_score": 60.7004, "priority_rank": 156 }, "geometry": { "type": "Polygon", "coordinates": [ [ [ 126.925976239592543, 37.482594366519535 ], [ 126.925958999679111, 37.484847676030398 ], [ 126.92878665890747, 37.484861381131509 ], [ 126.928803813910378, 37.482608070511496 ], [ 126.925976239592543, 37.482594366519535 ] ] ] } },
{ "type": "Feature", "properties": { "display_grid_id": "11620_00455", "gu_code": 11620, "gu_name": "관악구", "source_cell_count": 15, "area_m2": 62500.0, "mean_actual_lst": 41.1147, "mean_actual_anomaly": 4.9128, "seoul_anomaly": 3.8001, "pred_anomaly": 3.8033, "pred_anomaly_std": 0.9104, "green_delta_c": -0.3364, "building_ratio": 0.3693, "green_ratio": 0.2507, "ndvi": 0.0628, "impervious_ratio": 0.2431, "built_surface_ratio": 0.2431, "avg_ground_floor_count": 6.8602, "elevation_m": 34.0874, "albedo": 0.1058, "nearest_park_distance_m": 10.2644, "park_area_within_500m": 376123.0908, "nearest_stream_distance_m": 229.7804, "est_population_density": 39837.2, "dong_elderly_ratio": 0.1321, "dong_avg_age": 40.024, "dong_pop_density": 38284.508, "nearest_shelter_distance_m": 294.0032, "shelter_count_within_500m": 5.6, "est_population": 2489.8, "est_elderly": 343.3, "shelter_capacity_within_500m": 677.5, "building_form_group": "high_floor_high_density", "dong_name": "서원동", "top1_feature": "ndvi", "top1_shap": 0.6914, "top2_feature": "building_ratio", "top2_shap": 0.6247, "top3_feature": "built_surface_ratio", "top3_shap": 0.4454, "priority_score": 60.1113, "priority_rank": 164 }, "geometry": { "type": "Polygon", "coordinates": [ [ [ 126.928803813910378, 37.482608070511496 ], [ 126.92878665890747, 37.484861381131509 ], [ 126.931614320046108, 37.484875018562619 ], [ 126.931631390138264, 37.482621706838934 ], [ 126.928803813910378, 37.482608070511496 ] ] ] } },
{ "type": "Feature", "properties": { "display_grid_id": "11620_00456", "gu_code": 11620, "gu_name": "관악구", "source_cell_count": 14, "area_m2": 62500.0, "mean_actual_lst": 41.6763, "mean_actual_anomaly": 5.287, "seoul_anomaly": 4.1744, "pred_anomaly": 4.6992, "pred_anomaly_std": 0.7291, "green_delta_c": -0.8977, "building_ratio": 0.4156, "green_ratio": 0.2585, "ndvi": 0.0893, "impervious_ratio": 0.2529, "built_surface_ratio": 0.2529, "avg_ground_floor_count": 4.0341, "elevation_m": 41.5628, "albedo": 0.1029, "nearest_park_distance_m": 55.134, "park_area_within_500m": 262730.8916, "nearest_stream_distance_m": 344.8412, "est_population_density": 43658.8, "dong_elderly_ratio": 0.1518, "dong_avg_age": 41.4, "dong_pop_density": 35757.5, "nearest_shelter_distance_m": 281.4464, "shelter_count_within_500m": 5.6, "est_population": 2728.7, "est_elderly": 414.3, "shelter_capacity_within_500m": 893.5, "building_form_group": "low_floor_high_density", "dong_name": "서원동", "top1_feature": "ndvi", "top1_shap": 0.7458, "top2_feature": "building_ratio", "top2_shap": 0.6877, "top3_feature": "built_surface_ratio", "top3_shap": 0.5172, "priority_score": 77.5881, "priority_rank": 15 }, "geometry": { "type": "Polygon", "coordinates": [ [ [ 126.931631390138264, 37.482621706838934 ], [ 126.931614320046108, 37.484875018562619 ], [ 126.934441983085549, 37.484888588323557 ], [ 126.934458968266725, 37.482635275501693 ], [ 126.931631390138264, 37.482621706838934 ] ] ] } },
{ "type": "Feature", "properties": { "display_grid_id": "11620_00457", "gu_code": 11620, "gu_name": "관악구", "source_cell_count": 15, "area_m2": 62500.0, "mean_actual_lst": 41.3998, "mean_actual_anomaly": 5.0737, "seoul_anomaly": 3.9611, "pred_anomaly": 3.4391, "pred_anomaly_std": 0.9539, "green_delta_c": -1.0592, "building_ratio": 0.3323, "green_ratio": 0.2928, "ndvi": 0.1268, "impervious_ratio": 0.2683, "built_surface_ratio": 0.2683, "avg_ground_floor_count": 4.2753, "elevation_m": 46.3808, "albedo": 0.0978, "nearest_park_distance_m": 125.5096, "park_area_within_500m": 143802.0284, "nearest_stream_distance_m": 243.658, "est_population_density": 39721.2, "dong_elderly_ratio": 0.1563, "dong_avg_age": 41.584, "dong_pop_density": 36257.852, "nearest_shelter_distance_m": 122.8224, "shelter_count_within_500m": 4.68, "est_population": 2482.6, "est_elderly": 383.9, "shelter_capacity_within_500m": 753.3, "building_form_group": "low_floor_high_density", "dong_name": "서원동", "top1_feature": "ndvi", "top1_shap": 0.5384, "top2_feature": "built_surface_ratio", "top2_shap": 0.2637, "top3_feature": "building_ratio", "top3_shap": 0.3988, "priority_score": 72.6113, "priority_rank": 53 }, "geometry": { "type": "Polygon", "coordinates": [ [ [ 126.934458968266725, 37.482635275501693 ], [ 126.934441983085549, 37.484888588323557 ], [ 126.93726964801634, 37.484902090414217 ], [ 126.937286548286323, 37.48264877649963 ], [ 126.934458968266725, 37.482635275501693 ] ] ] } },
{ "type": "Feature", "properties": { "display_grid_id": "11620_00458", "gu_code": 11620, "gu_name": "관악구", "source_cell_count": 12, "area_m2": 62500.0, "mean_actual_lst": 43.1571, "mean_actual_anomaly": 6.6933, "seoul_anomaly": 5.5807, "pred_anomaly": 4.4035, "pred_anomaly_std": 0.8592, "green_delta_c": -0.8431, "building_ratio": 0.2983, "green_ratio": 0.2337, "ndvi": 0.1051, "impervious_ratio": 0.3682, "built_surface_ratio": 0.3682, "avg_ground_floor_count": 4.0272, "elevation_m": 33.9844, "albedo": 0.1121, "nearest_park_distance_m": 22.2896, "park_area_within_500m": 110083.9564, "nearest_stream_distance_m": 105.2308, "est_population_density": 33639.6, "dong_elderly_ratio": 0.1784, "dong_avg_age": 42.016, "dong_pop_density": 37645.884, "nearest_shelter_distance_m": 139.8272, "shelter_count_within_500m": 7.08, "est_population": 2102.5, "est_elderly": 357.7, "shelter_capacity_within_500m": 1122.2, "building_form_group": "low_floor_high_density", "dong_name": "은천동", "top1_feature": "ndvi", "top1_shap": 0.727, "top2_feature": "built_surface_ratio", "top2_shap": 0.6087, "top3_feature": "impervious_ratio", "top3_shap": 0.5119, "priority_score": 76.9481, "priority_rank": 18 }, "geometry": { "type": "Polygon", "coordinates": [ [ [ 126.937286548286323, 37.48264877649963 ], [ 126.93726964801634, 37.484902090414217 ], [ 126.940097314829089, 37.484915524834442 ], [ 126.940114130187638, 37.482662209832618 ], [ 126.937286548286323, 37.48264877649963 ] ] ] } },
{ "type": "Feature", "properties": { "display_grid_id": "11620_00459", "gu_code": 11620, "gu_name": "관악구", "source_cell_count": 15, "area_m2": 62500.0, "mean_actual_lst": 42.1582, "mean_actual_anomaly": 5.7145, "seoul_anomaly": 4.6019, "pred_anomaly": 4.071, "pred_anomaly_std": 0.8638, "green_delta_c": -0.5374, "building_ratio": 0.2965, "green_ratio": 0.2439, "ndvi": 0.1058, "impervious_ratio": 0.3437, "built_surface_ratio": 0.3437, "avg_ground_floor_count": 6.7516, "elevation_m": 34.8199, "albedo": 0.1052, "nearest_park_distance_m": 60.7176, "park_area_within_500m": 170857.9828, "nearest_stream_distance_m": 68.4824, "est_population_density": 50072.0, "dong_elderly_ratio": 0.202, "dong_avg_age": 43.348, "dong_pop_density": 41108.028, "nearest_shelter_distance_m": 130.0684, "shelter_count_within_500m": 9.04, "est_population": 3129.5, "est_elderly": 642.4, "shelter_capacity_within_500m": 1331.0, "building_form_group": "low_floor_high_density", "dong_name": "은천동", "top1_feature": "ndvi", "top1_shap": 0.627, "top2_feature": "built_surface_ratio", "top2_shap": 0.5965, "top3_feature": "impervious_ratio", "top3_shap": 0.5006, "priority_score": 68.4044, "priority_rank": 82 }, "geometry": { "type": "Polygon", "coordinates": [ [ [ 126.940114130187638, 37.482662209832618 ], [ 126.940097314829089, 37.484915524834442 ], [ 126.942924983514246, 37.484928891584097 ], [ 126.942941713961162, 37.482675575500501 ], [ 126.940114130187638, 37.482662209832618 ] ] ] } },
{ "type": "Feature", "properties": { "display_grid_id": "11620_00460", "gu_code": 11620, "gu_name": "관악구", "source_cell_count": 15, "area_m2": 62500.0, "mean_actual_lst": 42.1826, "mean_actual_anomaly": 5.7518, "seoul_anomaly": 4.6391, "pred_anomaly": 4.2677, "pred_anomaly_std": 0.8268, "green_delta_c": -0.3996, "building_ratio": 0.3854, "green_ratio": 0.2577, "ndvi": 0.1035, "impervious_ratio": 0.3587, "built_surface_ratio": 0.3587, "avg_ground_floor_count": 5.9562, "elevation_m": 37.5848, "albedo": 0.1029, "nearest_park_distance_m": 107.2472, "park_area_within_500m": 253211.2844, "nearest_stream_distance_m": 131.2064, "est_population_density": 54315.2, "dong_elderly_ratio": 0.2076, "dong_avg_age": 43.7, "dong_pop_density": 42011.9, "nearest_shelter_distance_m": 130.398, "shelter_count_within_500m": 10.4, "est_population": 3394.7, "est_elderly": 704.7, "shelter_capacity_within_500m": 1283.5, "building_form_group": "low_floor_high_density", "dong_name": "은천동", "top1_feature": "ndvi", "top1_shap": 0.6048, "top2_feature": "building_ratio", "top2_shap": 0.5937, "top3_feature": "built_surface_ratio", "top3_shap": 0.587, "priority_score": 65.2644, "priority_rank": 106 }, "geometry": { "type": "Polygon", "coordinates": [ [ [ 126.942941713961162, 37.482675575500501 ], [ 126.942924983514246, 37.484928891584097 ], [ 126.945752654062403, 37.484942190663041 ], [ 126.945769299597472, 37.482688873503164 ], [ 126.942941713961162, 37.482675575500501 ] ] ] } },
{ "type": "Feature", "properties": { "display_grid_id": "11620_00461", "gu_code": 11620, "gu_name": "관악구", "source_cell_count": 14, "area_m2": 62500.0, "mean_actual_lst": 42.2338, "mean_actual_anomaly": 6.2305, "seoul_anomaly": 5.1179, "pred_anomaly": 5.0975, "pred_anomaly_std": 0.7443, "green_delta_c": -0.3127, "building_ratio": 0.401, "green_ratio": 0.2351, "ndvi": 0.0881, "impervious_ratio": 0.3573, "built_surface_ratio": 0.3573, "avg_ground_floor_count": 3.572, "elevation_m": 35.1686, "albedo": 0.1093, "nearest_park_distance_m": 119.9876, "park_area_within_500m": 306508.7504, "nearest_stream_distance_m": 186.8516, "est_population_density": 39869.2, "dong_elderly_ratio": 0.1784, "dong_avg_age": 42.2, "dong_pop_density": 40877.0, "nearest_shelter_distance_m": 120.9376, "shelter_count_within_500m": 10.64, "est_population": 2491.8, "est_elderly": 444.8, "shelter_capacity_within_500m": 1217.0, "building_form_group": "low_floor_high_density", "dong_name": "중앙동", "top1_feature": "ndvi", "top1_shap": 0.7133, "top2_feature": "building_ratio", "top2_shap": 0.6522, "top3_feature": "built_surface_ratio", "top3_shap": 0.6123, "priority_score": 62.6252, "priority_rank": 134 }, "geometry": { "type": "Polygon", "coordinates": [ [ [ 126.945769299597472, 37.482688873503164 ], [ 126.945752654062403, 37.484942190663041 ], [ 126.948580326464111, 37.484955422071145 ], [ 126.94859688708712, 37.482702103840452 ], [ 126.945769299597472, 37.482688873503164 ] ] ] } },
{ "type": "Feature", "properties": { "display_grid_id": "11620_00462", "gu_code": 11620, "gu_name": "관악구", "source_cell_count": 14, "area_m2": 62500.0, "mean_actual_lst": 42.3483, "mean_actual_anomaly": 6.5579, "seoul_anomaly": 5.4452, "pred_anomaly": 5.1152, "pred_anomaly_std": 0.7307, "green_delta_c": -0.7795, "building_ratio": 0.4118, "green_ratio": 0.257, "ndvi": 0.0975, "impervious_ratio": 0.2752, "built_surface_ratio": 0.2752, "avg_ground_floor_count": 2.9604, "elevation_m": 42.1065, "albedo": 0.1108, "nearest_park_distance_m": 117.2004, "park_area_within_500m": 331503.004, "nearest_stream_distance_m": 197.9956, "est_population_density": 34883.6, "dong_elderly_ratio": 0.159, "dong_avg_age": 41.2, "dong_pop_density": 40120.4, "nearest_shelter_distance_m": 98.0136, "shelter_count_within_500m": 7.6, "est_population": 2180.2, "est_elderly": 346.7, "shelter_capacity_within_500m": 732.5, "building_form_group": "low_floor_high_density", "dong_name": "중앙동", "top1_feature": "building_ratio", "top1_shap": 0.7185, "top2_feature": "ndvi", "top2_shap": 0.6452, "top3_feature": "built_surface_ratio", "top3_shap": 0.5666, "priority_score": 71.744, "priority_rank": 60 }, "geometry": { "type": "Polygon", "coordinates": [ [ [ 126.94859688708712, 37.482702103840452 ], [ 126.948580326464111, 37.484955422071145 ], [ 126.951408000709932, 37.484968585808261 ], [ 126.951424476420627, 37.48271526651223 ], [ 126.94859688708712, 37.482702103840452 ] ] ] } },
{ "type": "Feature", "properties": { "display_grid_id": "11620_00463", "gu_code": 11620, "gu_name": "관악구", "source_cell_count": 15, "area_m2": 62500.0, "mean_actual_lst": 42.0304, "mean_actual_anomaly": 6.1485, "seoul_anomaly": 5.0359, "pred_anomaly": 4.9004, "pred_anomaly_std": 0.7253, "green_delta_c": -0.8353, "building_ratio": 0.4169, "green_ratio": 0.2607, "ndvi": 0.0748, "impervious_ratio": 0.2517, "built_surface_ratio": 0.2517, "avg_ground_floor_count": 4.313, "elevation_m": 43.4173, "albedo": 0.1094, "nearest_park_distance_m": 50.3072, "park_area_within_500m": 287562.6748, "nearest_stream_distance_m": 209.9088, "est_population_density": 36890.0, "dong_elderly_ratio": 0.159, "dong_avg_age": 41.196, "dong_pop_density": 40141.0, "nearest_shelter_distance_m": 274.4732, "shelter_count_within_500m": 8.64, "est_population": 2305.6, "est_elderly": 366.6, "shelter_capacity_within_500m": 1166.3, "building_form_group": "low_floor_high_density", "dong_name": "중앙동", "top1_feature": "building_ratio", "top1_shap": 0.8174, "top2_feature": "ndvi", "top2_shap": 0.7422, "top3_feature": "built_surface_ratio", "top3_shap": 0.4933, "priority_score": 77.9963, "priority_rank": 14 }, "geometry": { "type": "Polygon", "coordinates": [ [ [ 126.951424476420627, 37.48271526651223 ], [ 126.951408000709932, 37.484968585808261 ], [ 126.954235676790375, 37.484981681874253 ], [ 126.954252067588556, 37.482728361518376 ], [ 126.951424476420627, 37.48271526651223 ] ] ] } },
{ "type": "Feature", "properties": { "display_grid_id": "11620_00464", "gu_code": 11620, "gu_name": "관악구", "source_cell_count": 15, "area_m2": 62500.0, "mean_actual_lst": 41.9426, "mean_actual_anomaly": 5.884, "seoul_anomaly": 4.7714, "pred_anomaly": 4.496, "pred_anomaly_std": 0.8161, "green_delta_c": -0.1122, "building_ratio": 0.3958, "green_ratio": 0.2172, "ndvi": 0.0736, "impervious_ratio": 0.4492, "built_surface_ratio": 0.4492, "avg_ground_floor_count": 4.3825, "elevation_m": 47.1271, "albedo": 0.1104, "nearest_park_distance_m": 17.8248, "park_area_within_500m": 226389.4892, "nearest_stream_distance_m": 270.9264, "est_population_density": 29330.0, "dong_elderly_ratio": 0.159, "dong_avg_age": 41.132, "dong_pop_density": 40470.6, "nearest_shelter_distance_m": 240.3292, "shelter_count_within_500m": 10.64, "est_population": 1833.1, "est_elderly": 291.5, "shelter_capacity_within_500m": 2789.8, "building_form_group": "high_floor_high_density", "dong_name": "행운동", "top1_feature": "built_surface_ratio", "top1_shap": 0.6306, "top2_feature": "building_ratio", "top2_shap": 0.598, "top3_feature": "ndvi", "top3_shap": 0.5361, "priority_score": 62.6345, "priority_rank": 133 }, "geometry": { "type": "Polygon", "coordinates": [ [ [ 126.954252067588556, 37.482728361518376 ], [ 126.954235676790375, 37.484981681874253 ], [ 126.957063354696004, 37.484994710268992 ], [ 126.957079660581456, 37.482741388858727 ], [ 126.954252067588556, 37.482728361518376 ] ] ] } },
{ "type": "Feature", "properties": { "display_grid_id": "11620_00465", "gu_code": 11620, "gu_name": "관악구", "source_cell_count": 14, "area_m2": 62500.0, "mean_actual_lst": 40.3197, "mean_actual_anomaly": 4.1616, "seoul_anomaly": 3.0489, "pred_anomaly": 3.4634, "pred_anomaly_std": 0.8699, "green_delta_c": -0.7066, "building_ratio": 0.2876, "green_ratio": 0.2441, "ndvi": 0.1603, "impervious_ratio": 0.4767, "built_surface_ratio": 0.4767, "avg_ground_floor_count": 1.7686, "elevation_m": 71.7744, "albedo": 0.137, "nearest_park_distance_m": 188.8516, "park_area_within_500m": 147429.0908, "nearest_stream_distance_m": 421.9628, "est_population_density": 14886.0, "dong_elderly_ratio": 0.159, "dong_avg_age": 41.1, "dong_pop_density": 40635.4, "nearest_shelter_distance_m": 105.9744, "shelter_count_within_500m": 10.8, "est_population": 930.4, "est_elderly": 148.0, "shelter_capacity_within_500m": 3029.8, "building_form_group": "low_floor_high_density", "dong_name": "행운동", "top1_feature": "built_surface_ratio", "top1_shap": 0.6568, "top2_feature": "impervious_ratio", "top2_shap": 0.6156, "top3_feature": "building_ratio", "top3_shap": 0.2993, "priority_score": 60.4824, "priority_rank": 159 }, "geometry": { "type": "Polygon", "coordinates": [ [ [ 126.957079660581456, 37.482741388858727 ], [ 126.957063354696004, 37.484994710268992 ], [ 126.959891034417353, 37.485007670992346 ], [ 126.959907255389865, 37.48275434853317 ], [ 126.957079660581456, 37.482741388858727 ] ] ] } },
{ "type": "Feature", "properties": { "display_grid_id": "11620_00466", "gu_code": 11620, "gu_name": "관악구", "source_cell_count": 10, "area_m2": 35827.89, "mean_actual_lst": 37.3016, "mean_actual_anomaly": 1.1575, "seoul_anomaly": 0.0449, "pred_anomaly": 1.0565, "pred_anomaly_std": 0.9554, "green_delta_c": -0.7673, "building_ratio": 0.2119, "green_ratio": 0.295, "ndvi": 0.2176, "impervious_ratio": 0.3959, "built_surface_ratio": 0.3959, "avg_ground_floor_count": 5.415, "elevation_m": 102.6139, "albedo": 0.095, "nearest_park_distance_m": 331.1754, "park_area_within_500m": 64724.8994, "nearest_stream_distance_m": 562.4197, "est_population_density": 39125.331, "dong_elderly_ratio": 0.1597, "dong_avg_age": 41.1459, "dong_pop_density": 40170.3317, "nearest_shelter_distance_m": 59.59, "shelter_count_within_500m": 10.3972, "est_population": 1401.8, "est_elderly": 222.9, "shelter_capacity_within_500m": 2234.1, "building_form_group": "low_floor_low_density", "dong_name": "행운동", "top1_feature": "built_surface_ratio", "top1_shap": 0.5804, "top2_feature": "impervious_ratio", "top2_shap": 0.5308, "top3_feature": "ndvi", "top3_shap": 0.0513, "priority_score": 55.8488, "priority_rank": 215 }, "geometry": { "type": "Polygon", "coordinates": [ [ [ 126.959907255389865, 37.48275434853317 ], [ 126.959891034417353, 37.485007670992346 ], [ 126.961865606668042, 37.485016681349933 ], [ 126.961635640000011, 37.48471028 ], [ 126.961636530000021, 37.4846931 ], [ 126.96163476, 37.48468578 ], [ 126.96168997, 37.48454811 ], [ 126.961689609999979, 37.48453854000001 ], [ 126.961694400000013, 37.48451067 ], [ 126.96162564, 37.48422796 ], [ 126.96107402, 37.48372349 ], [ 126.96106703, 37.48358158 ], [ 126.96107004, 37.48357538 ], [ 126.961074809999985, 37.48356131 ], [ 126.96141079, 37.48328634 ], [ 126.9618256, 37.4829441 ], [ 126.961879200000013, 37.48282135 ], [ 126.961905192710617, 37.482763464847984 ], [ 126.959907255389865, 37.48275434853317 ] ] ] } },
{ "type": "Feature", "properties": { "display_grid_id": "11620_00467", "gu_code": 11620, "gu_name": "관악구", "source_cell_count": 2, "area_m2": 649.21, "mean_actual_lst": 41.5191, "mean_actual_anomaly": 5.1667, "seoul_anomaly": 4.0541, "pred_anomaly": 2.7925, "pred_anomaly_std": 1.3309, "green_delta_c": -0.7502, "building_ratio": 0.0, "green_ratio": 0.2125, "ndvi": 0.0198, "impervious_ratio": 0.4065, "built_surface_ratio": 0.4065, "avg_ground_floor_count": 0.0, "elevation_m": 23.672, "albedo": 0.0945, "nearest_park_distance_m": 48.22, "park_area_within_500m": 284754.86, "nearest_stream_distance_m": 0.0, "est_population_density": 0.0, "dong_elderly_ratio": 0.166, "dong_avg_age": 43.1, "dong_pop_density": 30626.7, "nearest_shelter_distance_m": 189.24, "shelter_count_within_500m": 9.0, "est_population": 0.0, "est_elderly": 0.0, "shelter_capacity_within_500m": 143.6, "building_form_group": "no_building", "dong_name": "조원동", "top1_feature": "impervious_ratio", "top1_shap": 1.1837, "top2_feature": "built_surface_ratio", "top2_shap": 1.01, "top3_feature": "building_ratio", "top3_shap": -0.6987, "priority_score": 58.1772, "priority_rank": 187 }, "geometry": { "type": "Polygon", "coordinates": [ [ [ 126.903337795756471, 37.484735599118281 ], [ 126.902977905684892, 37.484733781036766 ], [ 126.90300221, 37.48476351 ], [ 126.90302989, 37.48479732 ], [ 126.90304154, 37.4848114 ], [ 126.9030807, 37.4848593 ], [ 126.903115450000016, 37.48490156 ], [ 126.90317701, 37.484976790000012 ], [ 126.90319729, 37.48500159 ], [ 126.903198340000017, 37.48500271 ], [ 126.903335713164509, 37.484997464354478 ], [ 126.903337795756471, 37.484735599118281 ] ] ] } },
{ "type": "Feature", "properties": { "display_grid_id": "11620_00468", "gu_code": 11620, "gu_name": "관악구", "source_cell_count": 6, "area_m2": 5759.39, "mean_actual_lst": 39.9453, "mean_actual_anomaly": 3.5929, "seoul_anomaly": 2.4803, "pred_anomaly": 2.0475, "pred_anomaly_std": 1.1395, "green_delta_c": -0.4147, "building_ratio": 0.0, "green_ratio": 0.2492, "ndvi": 0.0303, "impervious_ratio": 0.3434, "built_surface_ratio": 0.3434, "avg_ground_floor_count": 0.0, "elevation_m": 22.9458, "albedo": 0.0793, "nearest_park_distance_m": 54.821, "park_area_within_500m": 250777.2065, "nearest_stream_distance_m": 0.2825, "est_population_density": 0.0, "dong_elderly_ratio": 0.166, "dong_avg_age": 43.1, "dong_pop_density": 30626.7, "nearest_shelter_distance_m": 123.638, "shelter_count_within_500m": 8.2404, "est_population": 0.0, "est_elderly": 0.0, "shelter_capacity_within_500m": 1156.4, "building_form_group": "no_building", "dong_name": "조원동", "top1_feature": "impervious_ratio", "top1_shap": 0.9962, "top2_feature": "built_surface_ratio", "top2_shap": 0.8653, "top3_feature": "building_ratio", "top3_shap": -0.7807, "priority_score": 40.3015, "priority_rank": 374 }, "geometry": { "type": "Polygon", "coordinates": [ [ [ 126.906165439362297, 37.484749845574314 ], [ 126.903337795756471, 37.484735599118281 ], [ 126.903335713164509, 37.484997464354478 ], [ 126.903551870000015, 37.48498921 ], [ 126.90552745, 37.48491284 ], [ 126.90574561, 37.48491668 ], [ 126.905813269999982, 37.48492518 ], [ 126.906097660000015, 37.48496061 ], [ 126.906163620048588, 37.484979695614598 ], [ 126.906165439362297, 37.484749845574314 ] ] ] } },
{ "type": "Feature", "properties": { "display_grid_id": "11620_00469", "gu_code": 11620, "gu_name": "관악구", "source_cell_count": 7, "area_m2": 17473.48, "mean_actual_lst": 39.6557, "mean_actual_anomaly": 3.3602, "seoul_anomaly": 2.2476, "pred_anomaly": 2.1091, "pred_anomaly_std": 0.9356, "green_delta_c": -0.5832, "building_ratio": 0.0261, "green_ratio": 0.277, "ndvi": 0.169, "impervious_ratio": 0.4018, "built_surface_ratio": 0.4018, "avg_ground_floor_count": 1.2412, "elevation_m": 20.9579, "albedo": 0.0952, "nearest_park_distance_m": 125.3683, "park_area_within_500m": 141512.0678, "nearest_stream_distance_m": 10.6265, "est_population_density": 3228.184, "dong_elderly_ratio": 0.1664, "dong_avg_age": 43.117, "dong_pop_density": 30747.0348, "nearest_shelter_distance_m": 112.8556, "shelter_count_within_500m": 9.7367, "est_population": 56.4, "est_elderly": 9.4, "shelter_capacity_within_500m": 1688.6, "building_form_group": "no_building", "dong_name": "조원동", "top1_feature": "impervious_ratio", "top1_shap": 0.8985, "top2_feature": "built_surface_ratio", "top2_shap": 0.814, "top3_feature": "building_ratio", "top3_shap": -0.5168, "priority_score": 50.0835, "priority_rank": 282 }, "geometry": { "type": "Polygon", "coordinates": [ [ [ 126.908993084954076, 37.484764024361489 ], [ 126.906165439362297, 37.484749845574314 ], [ 126.906163620048588, 37.484979695614598 ], [ 126.9065992, 37.48510573 ], [ 126.90807384, 37.48553235 ], [ 126.90842245, 37.48563314 ], [ 126.908985027460659, 37.485786849143373 ], [ 126.908993084954076, 37.484764024361489 ] ] ] } },
{ "type": "Feature", "properties": { "display_grid_id": "11620_00470", "gu_code": 11620, "gu_name": "관악구", "source_cell_count": 8, "area_m2": 35832.87, "mean_actual_lst": 40.5133, "mean_actual_anomaly": 4.2366, "seoul_anomaly": 3.124, "pred_anomaly": 2.8385, "pred_anomaly_std": 0.8435, "green_delta_c": -0.8486, "building_ratio": 0.2384, "green_ratio": 0.3047, "ndvi": 0.1497, "impervious_ratio": 0.3092, "built_surface_ratio": 0.3092, "avg_ground_floor_count": 4.6259, "elevation_m": 20.7534, "albedo": 0.1026, "nearest_park_distance_m": 96.644, "park_area_within_500m": 129051.6146, "nearest_stream_distance_m": 52.9318, "est_population_density": 32796.4923, "dong_elderly_ratio": 0.1667, "dong_avg_age": 43.1326, "dong_pop_density": 30857.0581, "nearest_shelter_distance_m": 163.7281, "shelter_count_within_500m": 8.8605, "est_population": 1175.2, "est_elderly": 195.1, "shelter_capacity_within_500m": 3205.4, "building_form_group": "high_floor_high_density", "dong_name": "조원동", "top1_feature": "built_surface_ratio", "top1_shap": 0.5545, "top2_feature": "building_ratio", "top2_shap": 0.2804, "top3_feature": "impervious_ratio", "top3_shap": 0.4202, "priority_score": 65.1113, "priority_rank": 108 }, "geometry": { "type": "Polygon", "coordinates": [ [ [ 126.911820732522258, 37.484778135479665 ], [ 126.908993084954076, 37.484764024361489 ], [ 126.908985027460659, 37.485786849143373 ], [ 126.90939291, 37.48589829 ], [ 126.90988917, 37.48590261 ], [ 126.910083630000017, 37.48594585 ], [ 126.91016664, 37.48596365 ], [ 126.91021645, 37.48597439 ], [ 126.910330020000018, 37.485998410000015 ], [ 126.91040243, 37.48601395 ], [ 126.91048544, 37.48603147 ], [ 126.910559090000021, 37.48604729 ], [ 126.91061367, 37.48605888 ], [ 126.91075177, 37.48610235 ], [ 126.91083654, 37.48612887 ], [ 126.9108934, 37.48614666000001 ], [ 126.911047580000016, 37.48619493 ], [ 126.91124785, 37.48625787 ], [ 126.91126445, 37.48626351 ], [ 126.91127557, 37.48626746 ], [ 126.91133208, 37.48628919 ], [ 126.91141242, 37.48632022000001 ], [ 126.91155987, 37.4863772 ], [ 126.91164817, 37.48641106 ], [ 126.911743519999987, 37.48644718 ], [ 126.911807460192378, 37.48647100704995 ], [ 126.911820732522258, 37.484778135479665 ] ] ] } },
{ "type": "Feature", "properties": { "display_grid_id": "11620_00471", "gu_code": 11620, "gu_name": "관악구", "source_cell_count": 10, "area_m2": 60073.68, "mean_actual_lst": 41.5254, "mean_actual_anomaly": 5.408, "seoul_anomaly": 4.2953, "pred_anomaly": 4.2091, "pred_anomaly_std": 0.7496, "green_delta_c": -0.8987, "building_ratio": 0.3583, "green_ratio": 0.2701, "ndvi": 0.1017, "impervious_ratio": 0.2846, "built_surface_ratio": 0.2846, "avg_ground_floor_count": 3.6919, "elevation_m": 23.2044, "albedo": 0.1121, "nearest_park_distance_m": 93.4987, "park_area_within_500m": 92697.2986, "nearest_stream_distance_m": 125.264, "est_population_density": 37215.9929, "dong_elderly_ratio": 0.1644, "dong_avg_age": 43.0084, "dong_pop_density": 35034.5789, "nearest_shelter_distance_m": 238.8109, "shelter_count_within_500m": 4.9133, "est_population": 2235.7, "est_elderly": 367.9, "shelter_capacity_within_500m": 2151.4, "building_form_group": "low_floor_high_density", "dong_name": "조원동", "top1_feature": "building_ratio", "top1_shap": 0.6895, "top2_feature": "ndvi", "top2_shap": 0.6298, "top3_feature": "built_surface_ratio", "top3_shap": 0.5808, "priority_score": 76.0946, "priority_rank": 27 }, "geometry": { "type": "Polygon", "coordinates": [ [ [ 126.914630800546632, 37.487045483079626 ], [ 126.914648382057464, 37.484792178928679 ], [ 126.911820732522258, 37.484778135479665 ], [ 126.911807460192378, 37.48647100704995 ], [ 126.91192294, 37.48651404 ], [ 126.91195348, 37.48653434 ], [ 126.9120624, 37.48660734 ], [ 126.912150490000016, 37.48666626 ], [ 126.91221705000001, 37.48671051 ], [ 126.91227282, 37.48674772 ], [ 126.91231042, 37.48677309 ], [ 126.91231218, 37.48677450000001 ], [ 126.91234183, 37.48680774 ], [ 126.912364940000018, 37.48683367 ], [ 126.912376940000016, 37.48684719 ], [ 126.91241716, 37.48689227 ], [ 126.91244787, 37.48692693 ], [ 126.91244893, 37.48692805000001 ], [ 126.91245104, 37.48692974 ], [ 126.91247699, 37.48695032 ], [ 126.912500989999984, 37.4869692 ], [ 126.91252924, 37.48698978 ], [ 126.912591456856845, 37.487035361020638 ], [ 126.914630800546632, 37.487045483079626 ] ] ] } },
{ "type": "Feature", "properties": { "display_grid_id": "11620_00472", "gu_code": 11620, "gu_name": "관악구", "source_cell_count": 14, "area_m2": 62500.0, "mean_actual_lst": 41.7781, "mean_actual_anomaly": 5.7171, "seoul_anomaly": 4.6044, "pred_anomaly": 4.6941, "pred_anomaly_std": 0.7112, "green_delta_c": -1.1587, "building_ratio": 0.4548, "green_ratio": 0.2879, "ndvi": 0.0844, "impervious_ratio": 0.1826, "built_surface_ratio": 0.1826, "avg_ground_floor_count": 3.271, "elevation_m": 23.8021, "albedo": 0.1083, "nearest_park_distance_m": 139.9712, "park_area_within_500m": 78282.412, "nearest_stream_distance_m": 259.4772, "est_population_density": 42036.0, "dong_elderly_ratio": 0.1625, "dong_avg_age": 42.9, "dong_pop_density": 40255.7, "nearest_shelter_distance_m": 193.856, "shelter_count_within_500m": 4.56, "est_population": 2627.2, "est_elderly": 426.9, "shelter_capacity_within_500m": 1659.2, "building_form_group": "low_floor_high_density", "dong_name": "신사동", "top1_feature": "building_ratio", "top1_shap": 1.0848, "top2_feature": "ndvi", "top2_shap": 0.8181, "top3_feature": "built_surface_ratio", "top3_shap": 0.3196, "priority_score": 79.3878, "priority_rank": 7 }, "geometry": { "type": "Polygon", "coordinates": [ [ [ 126.914648382057464, 37.484792178928679 ], [ 126.914630800546632, 37.487045483079626 ], [ 126.917458536958463, 37.487059459990462 ], [ 126.917476033550201, 37.484806154708416 ], [ 126.914648382057464, 37.484792178928679 ] ] ] } },
{ "type": "Feature", "properties": { "display_grid_id": "11620_00473", "gu_code": 11620, "gu_name": "관악구", "source_cell_count": 14, "area_m2": 62500.0, "mean_actual_lst": 41.7873, "mean_actual_anomaly": 5.7139, "seoul_anomaly": 4.6013, "pred_anomaly": 4.7774, "pred_anomaly_std": 0.9083, "green_delta_c": -3.6679, "building_ratio": 0.4638, "green_ratio": 0.2966, "ndvi": 0.0775, "impervious_ratio": 0.1067, "built_surface_ratio": 0.1067, "avg_ground_floor_count": 3.4534, "elevation_m": 24.6468, "albedo": 0.1025, "nearest_park_distance_m": 192.4068, "park_area_within_500m": 52840.8404, "nearest_stream_distance_m": 333.3656, "est_population_density": 45422.4, "dong_elderly_ratio": 0.1625, "dong_avg_age": 42.9, "dong_pop_density": 40255.7, "nearest_shelter_distance_m": 80.6984, "shelter_count_within_500m": 4.6, "est_population": 2838.9, "est_elderly": 461.3, "shelter_capacity_within_500m": 1059.0, "building_form_group": "low_floor_high_density", "dong_name": "신사동", "top1_feature": "building_ratio", "top1_shap": 1.6691, "top2_feature": "ndvi", "top2_shap": 0.9418, "top3_feature": "floor_area_ratio_proxy", "top3_shap": 0.5828, "priority_score": 75.6865, "priority_rank": 33 }, "geometry": { "type": "Polygon", "coordinates": [ [ [ 126.917476033550201, 37.484806154708416 ], [ 126.917458536958463, 37.487059459990462 ], [ 126.920286275318588, 37.487073369226394 ], [ 126.920303686991033, 37.484820062818706 ], [ 126.917476033550201, 37.484806154708416 ] ] ] } },
{ "type": "Feature", "properties": { "display_grid_id": "11620_00474", "gu_code": 11620, "gu_name": "관악구", "source_cell_count": 15, "area_m2": 62500.0, "mean_actual_lst": 42.1671, "mean_actual_anomaly": 5.8971, "seoul_anomaly": 4.7844, "pred_anomaly": 4.7327, "pred_anomaly_std": 0.9152, "green_delta_c": -1.2809, "building_ratio": 0.4264, "green_ratio": 0.2717, "ndvi": 0.0817, "impervious_ratio": 0.2093, "built_surface_ratio": 0.2093, "avg_ground_floor_count": 3.2644, "elevation_m": 29.4079, "albedo": 0.1173, "nearest_park_distance_m": 185.2708, "park_area_within_500m": 111176.334, "nearest_stream_distance_m": 156.276, "est_population_density": 39460.0, "dong_elderly_ratio": 0.1625, "dong_avg_age": 42.9, "dong_pop_density": 40255.7, "nearest_shelter_distance_m": 229.92, "shelter_count_within_500m": 6.92, "est_population": 2466.3, "est_elderly": 400.7, "shelter_capacity_within_500m": 1236.0, "building_form_group": "low_floor_high_density", "dong_name": "신사동", "top1_feature": "building_ratio", "top1_shap": 1.0966, "top2_feature": "ndvi", "top2_shap": 0.8378, "top3_feature": "built_surface_ratio", "top3_shap": 0.2233, "priority_score": 81.6512, "priority_rank": 5 }, "geometry": { "type": "Polygon", "coordinates": [ [ [ 126.920303686991033, 37.484820062818706 ], [ 126.920286275318588, 37.487073369226394 ], [ 126.923114015617557, 37.487087210787273 ], [ 126.923131342370482, 37.484833903259414 ], [ 126.920303686991033, 37.484820062818706 ] ] ] } },
{ "type": "Feature", "properties": { "display_grid_id": "11620_00475", "gu_code": 11620, "gu_name": "관악구", "source_cell_count": 10, "area_m2": 62500.0, "mean_actual_lst": 42.0827, "mean_actual_anomaly": 5.8124, "seoul_anomaly": 4.6998, "pred_anomaly": 4.1638, "pred_anomaly_std": 0.8787, "green_delta_c": -1.0991, "building_ratio": 0.3104, "green_ratio": 0.2558, "ndvi": 0.1001, "impervious_ratio": 0.2614, "built_surface_ratio": 0.2614, "avg_ground_floor_count": 5.1895, "elevation_m": 25.6751, "albedo": 0.1095, "nearest_park_distance_m": 16.9696, "park_area_within_500m": 297399.0776, "nearest_stream_distance_m": 64.4552, "est_population_density": 43678.4, "dong_elderly_ratio": 0.1017, "dong_avg_age": 38.028, "dong_pop_density": 43110.608, "nearest_shelter_distance_m": 190.4848, "shelter_count_within_500m": 5.76, "est_population": 2729.9, "est_elderly": 270.1, "shelter_capacity_within_500m": 847.7, "building_form_group": "high_floor_high_density", "dong_name": "신림동", "top1_feature": "ndvi", "top1_shap": 0.6563, "top2_feature": "building_ratio", "top2_shap": 0.6304, "top3_feature": "built_surface_ratio", "top3_shap": 0.4739, "priority_score": 76.3265, "priority_rank": 23 }, "geometry": { "type": "Polygon", "coordinates": [ [ [ 126.923131342370482, 37.484833903259414 ], [ 126.923114015617557, 37.487087210787273 ], [ 126.925941757845948, 37.487100984672935 ], [ 126.925958999679111, 37.484847676030398 ], [ 126.923131342370482, 37.484833903259414 ] ] ] } },
{ "type": "Feature", "properties": { "display_grid_id": "11620_00476", "gu_code": 11620, "gu_name": "관악구", "source_cell_count": 11, "area_m2": 62500.0, "mean_actual_lst": 41.4302, "mean_actual_anomaly": 5.2766, "seoul_anomaly": 4.164, "pred_anomaly": 4.5282, "pred_anomaly_std": 1.0856, "green_delta_c": -1.7422, "building_ratio": 0.4803, "green_ratio": 0.2651, "ndvi": 0.0707, "impervious_ratio": 0.1484, "built_surface_ratio": 0.1484, "avg_ground_floor_count": 5.7908, "elevation_m": 28.9216, "albedo": 0.0995, "nearest_park_distance_m": 0.0, "park_area_within_500m": 444110.6208, "nearest_stream_distance_m": 215.8512, "est_population_density": 51365.6, "dong_elderly_ratio": 0.0901, "dong_avg_age": 37.1, "dong_pop_density": 43654.4, "nearest_shelter_distance_m": 215.9048, "shelter_count_within_500m": 5.12, "est_population": 3210.3, "est_elderly": 289.3, "shelter_capacity_within_500m": 589.7, "building_form_group": "high_floor_high_density", "dong_name": "신림동", "top1_feature": "building_ratio", "top1_shap": 1.2957, "top2_feature": "ndvi", "top2_shap": 0.8195, "top3_feature": "built_surface_ratio", "top3_shap": 0.0735, "priority_score": 75.6586, "priority_rank": 34 }, "geometry": { "type": "Polygon", "coordinates": [ [ [ 126.925958999679111, 37.484847676030398 ], [ 126.925941757845948, 37.487100984672935 ], [ 126.92876950199431, 37.48711469088326 ], [ 126.92878665890747, 37.484861381131509 ], [ 126.925958999679111, 37.484847676030398 ] ] ] } },
{ "type": "Feature", "properties": { "display_grid_id": "11620_00477", "gu_code": 11620, "gu_name": "관악구", "source_cell_count": 12, "area_m2": 62500.0, "mean_actual_lst": 40.9837, "mean_actual_anomaly": 4.7958, "seoul_anomaly": 3.6831, "pred_anomaly": 3.5596, "pred_anomaly_std": 0.9204, "green_delta_c": -0.446, "building_ratio": 0.4332, "green_ratio": 0.2661, "ndvi": 0.0772, "impervious_ratio": 0.2036, "built_surface_ratio": 0.2036, "avg_ground_floor_count": 8.1247, "elevation_m": 31.8184, "albedo": 0.1032, "nearest_park_distance_m": 0.0, "park_area_within_500m": 429783.8732, "nearest_stream_distance_m": 300.1336, "est_population_density": 28697.2, "dong_elderly_ratio": 0.0901, "dong_avg_age": 37.1, "dong_pop_density": 43654.4, "nearest_shelter_distance_m": 228.8076, "shelter_count_within_500m": 4.52, "est_population": 1793.6, "est_elderly": 161.6, "shelter_capacity_within_500m": 638.7, "building_form_group": "high_floor_high_density", "dong_name": "신림동", "top1_feature": "building_ratio", "top1_shap": 0.7391, "top2_feature": "ndvi", "top2_shap": 0.6701, "top3_feature": "built_surface_ratio", "top3_shap": 0.3921, "priority_score": 56.7811, "priority_rank": 200 }, "geometry": { "type": "Polygon", "coordinates": [ [ [ 126.92878665890747, 37.484861381131509 ], [ 126.92876950199431, 37.48711469088326 ], [ 126.931597248053137, 37.487128329418091 ], [ 126.931614320046108, 37.484875018562619 ], [ 126.92878665890747, 37.484861381131509 ] ] ] } },
{ "type": "Feature", "properties": { "display_grid_id": "11620_00478", "gu_code": 11620, "gu_name": "관악구", "source_cell_count": 13, "area_m2": 62500.0, "mean_actual_lst": 41.9128, "mean_actual_anomaly": 5.6243, "seoul_anomaly": 4.5116, "pred_anomaly": 4.6016, "pred_anomaly_std": 0.7838, "green_delta_c": -0.3081, "building_ratio": 0.3959, "green_ratio": 0.2348, "ndvi": 0.08, "impervious_ratio": 0.3292, "built_surface_ratio": 0.3292, "avg_ground_floor_count": 4.9358, "elevation_m": 30.4245, "albedo": 0.1112, "nearest_park_distance_m": 6.0104, "park_area_within_500m": 273588.3428, "nearest_stream_distance_m": 191.1584, "est_population_density": 47821.2, "dong_elderly_ratio": 0.0993, "dong_avg_age": 37.66, "dong_pop_density": 42709.624, "nearest_shelter_distance_m": 117.4172, "shelter_count_within_500m": 4.2, "est_population": 2988.8, "est_elderly": 286.3, "shelter_capacity_within_500m": 695.7, "building_form_group": "high_floor_high_density", "dong_name": "신림동", "top1_feature": "ndvi", "top1_shap": 0.7275, "top2_feature": "built_surface_ratio", "top2_shap": 0.5773, "top3_feature": "building_ratio", "top3_shap": 0.4705, "priority_score": 56.4286, "priority_rank": 207 }, "geometry": { "type": "Polygon", "coordinates": [ [ [ 126.931614320046108, 37.484875018562619 ], [ 126.931597248053137, 37.487128329418091 ], [ 126.934424996013021, 37.487141900277308 ], [ 126.934441983085549, 37.484888588323557 ], [ 126.931614320046108, 37.484875018562619 ] ] ] } },
{ "type": "Feature", "properties": { "display_grid_id": "11620_00479", "gu_code": 11620, "gu_name": "관악구", "source_cell_count": 13, "area_m2": 62500.0, "mean_actual_lst": 42.8601, "mean_actual_anomaly": 6.6448, "seoul_anomaly": 5.5322, "pred_anomaly": 4.7378, "pred_anomaly_std": 0.9019, "green_delta_c": -0.6327, "building_ratio": 0.3276, "green_ratio": 0.2349, "ndvi": 0.0923, "impervious_ratio": 0.3673, "built_surface_ratio": 0.3673, "avg_ground_floor_count": 3.5998, "elevation_m": 30.3949, "albedo": 0.1125, "nearest_park_distance_m": 146.2104, "park_area_within_500m": 143033.0172, "nearest_stream_distance_m": 68.0364, "est_population_density": 32829.6, "dong_elderly_ratio": 0.2072, "dong_avg_age": 43.78, "dong_pop_density": 39978.46, "nearest_shelter_distance_m": 240.8496, "shelter_count_within_500m": 5.56, "est_population": 2051.8, "est_elderly": 425.0, "shelter_capacity_within_500m": 887.2, "building_form_group": "low_floor_high_density", "dong_name": "은천동", "top1_feature": "ndvi", "top1_shap": 0.6364, "top2_feature": "built_surface_ratio", "top2_shap": 0.6299, "top3_feature": "impervious_ratio", "top3_shap": 0.464, "priority_score": 76.7625, "priority_rank": 20 }, "geometry": { "type": "Polygon", "coordinates": [ [ [ 126.934441983085549, 37.484888588323557 ], [ 126.934424996013021, 37.487141900277308 ], [ 126.93725274586447, 37.487155403460747 ], [ 126.93726964801634, 37.484902090414217 ], [ 126.934441983085549, 37.484888588323557 ] ] ] } },
{ "type": "Feature", "properties": { "display_grid_id": "11620_00480", "gu_code": 11620, "gu_name": "관악구", "source_cell_count": 12, "area_m2": 62500.0, "mean_actual_lst": 43.5307, "mean_actual_anomaly": 7.2199, "seoul_anomaly": 6.1073, "pred_anomaly": 4.7972, "pred_anomaly_std": 0.8395, "green_delta_c": -0.4209, "building_ratio": 0.3895, "green_ratio": 0.231, "ndvi": 0.0864, "impervious_ratio": 0.3566, "built_surface_ratio": 0.3566, "avg_ground_floor_count": 3.3998, "elevation_m": 32.4889, "albedo": 0.1167, "nearest_park_distance_m": 178.2408, "park_area_within_500m": 79897.9356, "nearest_stream_distance_m": 110.9684, "est_population_density": 37946.4, "dong_elderly_ratio": 0.2069, "dong_avg_age": 43.844, "dong_pop_density": 38351.708, "nearest_shelter_distance_m": 197.4576, "shelter_count_within_500m": 7.56, "est_population": 2371.6, "est_elderly": 490.3, "shelter_capacity_within_500m": 1211.7, "building_form_group": "low_floor_high_density", "dong_name": "은천동", "top1_feature": "ndvi", "top1_shap": 0.7006, "top2_feature": "building_ratio", "top2_shap": 0.6083, "top3_feature": "built_surface_ratio", "top3_shap": 0.6053, "priority_score": 71.1781, "priority_rank": 63 }, "geometry": { "type": "Polygon", "coordinates": [ [ [ 126.93726964801634, 37.484902090414217 ], [ 126.93725274586447, 37.487155403460747 ], [ 126.940080497598061, 37.487168838968273 ], [ 126.940097314829089, 37.484915524834442 ], [ 126.93726964801634, 37.484902090414217 ] ] ] } },
{ "type": "Feature", "properties": { "display_grid_id": "11620_00481", "gu_code": 11620, "gu_name": "관악구", "source_cell_count": 14, "area_m2": 62500.0, "mean_actual_lst": 42.0704, "mean_actual_anomaly": 5.6028, "seoul_anomaly": 4.4902, "pred_anomaly": 4.3427, "pred_anomaly_std": 0.8525, "green_delta_c": -0.6453, "building_ratio": 0.3902, "green_ratio": 0.2609, "ndvi": 0.1013, "impervious_ratio": 0.3059, "built_surface_ratio": 0.3059, "avg_ground_floor_count": 3.9154, "elevation_m": 38.7724, "albedo": 0.107, "nearest_park_distance_m": 265.324, "park_area_within_500m": 100122.662, "nearest_stream_distance_m": 255.9472, "est_population_density": 41545.6, "dong_elderly_ratio": 0.2076, "dong_avg_age": 43.7, "dong_pop_density": 42011.9, "nearest_shelter_distance_m": 84.6124, "shelter_count_within_500m": 10.28, "est_population": 2596.6, "est_elderly": 539.1, "shelter_capacity_within_500m": 1362.3, "building_form_group": "low_floor_high_density", "dong_name": "은천동", "top1_feature": "building_ratio", "top1_shap": 0.6845, "top2_feature": "ndvi", "top2_shap": 0.6127, "top3_feature": "built_surface_ratio", "top3_shap": 0.5616, "priority_score": 68.2978, "priority_rank": 83 }, "geometry": { "type": "Polygon", "coordinates": [ [ [ 126.940097314829089, 37.484915524834442 ], [ 126.940080497598061, 37.487168838968273 ], [ 126.942908251204315, 37.487182206799751 ], [ 126.942924983514246, 37.484928891584097 ], [ 126.940097314829089, 37.484915524834442 ] ] ] } },
{ "type": "Feature", "properties": { "display_grid_id": "11620_00482", "gu_code": 11620, "gu_name": "관악구", "source_cell_count": 10, "area_m2": 62500.0, "mean_actual_lst": 40.1623, "mean_actual_anomaly": 3.7947, "seoul_anomaly": 2.6821, "pred_anomaly": 2.9216, "pred_anomaly_std": 0.9893, "green_delta_c": -0.5762, "building_ratio": 0.2896, "green_ratio": 0.2641, "ndvi": 0.124, "impervious_ratio": 0.3889, "built_surface_ratio": 0.3889, "avg_ground_floor_count": 5.0736, "elevation_m": 52.5536, "albedo": 0.0912, "nearest_park_distance_m": 180.8128, "park_area_within_500m": 153995.9124, "nearest_stream_distance_m": 371.2896, "est_population_density": 40040.8, "dong_elderly_ratio": 0.2076, "dong_avg_age": 43.7, "dong_pop_density": 42011.9, "nearest_shelter_distance_m": 106.5604, "shelter_count_within_500m": 14.28, "est_population": 2502.5, "est_elderly": 519.5, "shelter_capacity_within_500m": 1717.2, "building_form_group": "high_floor_low_density", "dong_name": "은천동", "top1_feature": "built_surface_ratio", "top1_shap": 0.5878, "top2_feature": "impervious_ratio", "top2_shap": 0.524, "top3_feature": "ndvi", "top3_shap": 0.4829, "priority_score": 62.5788, "priority_rank": 135 }, "geometry": { "type": "Polygon", "coordinates": [ [ [ 126.942924983514246, 37.484928891584097 ], [ 126.942908251204315, 37.487182206799751 ], [ 126.945736006673798, 37.487195506955054 ], [ 126.945752654062403, 37.484942190663041 ], [ 126.942924983514246, 37.484928891584097 ] ] ] } },
{ "type": "Feature", "properties": { "display_grid_id": "11620_00483", "gu_code": 11620, "gu_name": "관악구", "source_cell_count": 14, "area_m2": 62500.0, "mean_actual_lst": 41.9392, "mean_actual_anomaly": 5.5919, "seoul_anomaly": 4.4792, "pred_anomaly": 3.8529, "pred_anomaly_std": 0.7641, "green_delta_c": -0.4588, "building_ratio": 0.3237, "green_ratio": 0.2255, "ndvi": 0.1322, "impervious_ratio": 0.4863, "built_surface_ratio": 0.4863, "avg_ground_floor_count": 4.5471, "elevation_m": 46.4413, "albedo": 0.1166, "nearest_park_distance_m": 33.3448, "park_area_within_500m": 147439.008, "nearest_stream_distance_m": 443.9128, "est_population_density": 37120.0, "dong_elderly_ratio": 0.1855, "dong_avg_age": 42.584, "dong_pop_density": 40982.816, "nearest_shelter_distance_m": 120.1732, "shelter_count_within_500m": 16.4, "est_population": 2320.0, "est_elderly": 426.3, "shelter_capacity_within_500m": 1874.7, "building_form_group": "low_floor_high_density", "dong_name": "중앙동", "top1_feature": "built_surface_ratio", "top1_shap": 0.6456, "top2_feature": "impervious_ratio", "top2_shap": 0.5319, "top3_feature": "ndvi", "top3_shap": 0.3136, "priority_score": 63.7941, "priority_rank": 118 }, "geometry": { "type": "Polygon", "coordinates": [ [ [ 126.945752654062403, 37.484942190663041 ], [ 126.945736006673798, 37.487195506955054 ], [ 126.948563763997058, 37.487208739434031 ], [ 126.948580326464111, 37.484955422071145 ], [ 126.945752654062403, 37.484942190663041 ] ] ] } },
{ "type": "Feature", "properties": { "display_grid_id": "11620_00484", "gu_code": 11620, "gu_name": "관악구", "source_cell_count": 13, "area_m2": 62500.0, "mean_actual_lst": 41.0488, "mean_actual_anomaly": 4.9322, "seoul_anomaly": 3.8195, "pred_anomaly": 3.9073, "pred_anomaly_std": 0.7633, "green_delta_c": -0.3805, "building_ratio": 0.3597, "green_ratio": 0.2079, "ndvi": 0.128, "impervious_ratio": 0.513, "built_surface_ratio": 0.513, "avg_ground_floor_count": 4.386, "elevation_m": 56.5462, "albedo": 0.1191, "nearest_park_distance_m": 125.796, "park_area_within_500m": 176775.1656, "nearest_stream_distance_m": 457.9408, "est_population_density": 40547.2, "dong_elderly_ratio": 0.1707, "dong_avg_age": 41.84, "dong_pop_density": 40296.76, "nearest_shelter_distance_m": 74.3084, "shelter_count_within_500m": 12.32, "est_population": 2534.2, "est_elderly": 450.2, "shelter_capacity_within_500m": 1641.7, "building_form_group": "low_floor_high_density", "dong_name": "중앙동", "top1_feature": "built_surface_ratio", "top1_shap": 0.6713, "top2_feature": "impervious_ratio", "top2_shap": 0.5523, "top3_feature": "building_ratio", "top3_shap": 0.4848, "priority_score": 58.7755, "priority_rank": 177 }, "geometry": { "type": "Polygon", "coordinates": [ [ [ 126.948580326464111, 37.484955422071145 ], [ 126.948563763997058, 37.487208739434031 ], [ 126.951391523164602, 37.487221904236542 ], [ 126.951408000709932, 37.484968585808261 ], [ 126.948580326464111, 37.484955422071145 ] ] ] } },
{ "type": "Feature", "properties": { "display_grid_id": "11620_00485", "gu_code": 11620, "gu_name": "관악구", "source_cell_count": 12, "area_m2": 62500.0, "mean_actual_lst": 41.963, "mean_actual_anomaly": 6.1761, "seoul_anomaly": 5.0635, "pred_anomaly": 4.2737, "pred_anomaly_std": 0.7831, "green_delta_c": -0.2935, "building_ratio": 0.4245, "green_ratio": 0.2403, "ndvi": 0.0942, "impervious_ratio": 0.3814, "built_surface_ratio": 0.3814, "avg_ground_floor_count": 4.028, "elevation_m": 67.2908, "albedo": 0.1121, "nearest_park_distance_m": 145.2004, "park_area_within_500m": 179360.7356, "nearest_stream_distance_m": 467.7148, "est_population_density": 45612.4, "dong_elderly_ratio": 0.1941, "dong_avg_age": 43.12, "dong_pop_density": 40649.48, "nearest_shelter_distance_m": 180.134, "shelter_count_within_500m": 13.2, "est_population": 2850.8, "est_elderly": 556.9, "shelter_capacity_within_500m": 2541.5, "building_form_group": "low_floor_high_density", "dong_name": "성현동", "top1_feature": "building_ratio", "top1_shap": 0.6879, "top2_feature": "ndvi", "top2_shap": 0.6283, "top3_feature": "built_surface_ratio", "top3_shap": 0.5898, "priority_score": 66.5028, "priority_rank": 99 }, "geometry": { "type": "Polygon", "coordinates": [ [ [ 126.951408000709932, 37.484968585808261 ], [ 126.951391523164602, 37.487221904236542 ], [ 126.954219284166996, 37.487235001362464 ], [ 126.954235676790375, 37.484981681874253 ], [ 126.951408000709932, 37.484968585808261 ] ] ] } },
{ "type": "Feature", "properties": { "display_grid_id": "11620_00486", "gu_code": 11620, "gu_name": "관악구", "source_cell_count": 11, "area_m2": 62500.0, "mean_actual_lst": 42.02, "mean_actual_anomaly": 6.1915, "seoul_anomaly": 5.0789, "pred_anomaly": 4.121, "pred_anomaly_std": 0.83, "green_delta_c": -0.2602, "building_ratio": 0.3356, "green_ratio": 0.2159, "ndvi": 0.0897, "impervious_ratio": 0.4346, "built_surface_ratio": 0.4346, "avg_ground_floor_count": 3.7253, "elevation_m": 57.7152, "albedo": 0.1111, "nearest_park_distance_m": 22.1004, "park_area_within_500m": 142044.886, "nearest_stream_distance_m": 512.7132, "est_population_density": 34431.6, "dong_elderly_ratio": 0.1941, "dong_avg_age": 43.104, "dong_pop_density": 40731.88, "nearest_shelter_distance_m": 156.6252, "shelter_count_within_500m": 11.52, "est_population": 2152.0, "est_elderly": 408.6, "shelter_capacity_within_500m": 3456.0, "building_form_group": "low_floor_high_density", "dong_name": "성현동", "top1_feature": "built_surface_ratio", "top1_shap": 0.6371, "top2_feature": "ndvi", "top2_shap": 0.5886, "top3_feature": "impervious_ratio", "top3_shap": 0.4127, "priority_score": 63.5158, "priority_rank": 120 }, "geometry": { "type": "Polygon", "coordinates": [ [ [ 126.954235676790375, 37.484981681874253 ], [ 126.954219284166996, 37.487235001362464 ], [ 126.957047046994802, 37.487248030811649 ], [ 126.957063354696004, 37.484994710268992 ], [ 126.954235676790375, 37.484981681874253 ] ] ] } },
{ "type": "Feature", "properties": { "display_grid_id": "11620_00487", "gu_code": 11620, "gu_name": "관악구", "source_cell_count": 11, "area_m2": 62500.0, "mean_actual_lst": 39.4931, "mean_actual_anomaly": 3.7314, "seoul_anomaly": 2.6188, "pred_anomaly": 3.2097, "pred_anomaly_std": 0.8884, "green_delta_c": -0.3907, "building_ratio": 0.2865, "green_ratio": 0.2347, "ndvi": 0.1271, "impervious_ratio": 0.422, "built_surface_ratio": 0.422, "avg_ground_floor_count": 3.9622, "elevation_m": 65.6198, "albedo": 0.0945, "nearest_park_distance_m": 81.2256, "park_area_within_500m": 125044.4012, "nearest_stream_distance_m": 622.9944, "est_population_density": 29778.0, "dong_elderly_ratio": 0.1932, "dong_avg_age": 42.872, "dong_pop_density": 44781.844, "nearest_shelter_distance_m": 58.5956, "shelter_count_within_500m": 12.4, "est_population": 1861.1, "est_elderly": 354.7, "shelter_capacity_within_500m": 3533.5, "building_form_group": "low_floor_high_density", "dong_name": "청림동", "top1_feature": "built_surface_ratio", "top1_shap": 0.6158, "top2_feature": "impervious_ratio", "top2_shap": 0.5631, "top3_feature": "ndvi", "top3_shap": 0.4881, "priority_score": 52.6623, "priority_rank": 249 }, "geometry": { "type": "Polygon", "coordinates": [ [ [ 126.957063354696004, 37.484994710268992 ], [ 126.957047046994802, 37.487248030811649 ], [ 126.959874811638556, 37.48726099258397 ], [ 126.959891034417353, 37.485007670992346 ], [ 126.957063354696004, 37.484994710268992 ] ] ] } },
{ "type": "Feature", "properties": { "display_grid_id": "11620_00488", "gu_code": 11620, "gu_name": "관악구", "source_cell_count": 11, "area_m2": 42681.89, "mean_actual_lst": 37.0581, "mean_actual_anomaly": 1.2039, "seoul_anomaly": 0.0912, "pred_anomaly": 2.1974, "pred_anomaly_std": 0.9985, "green_delta_c": -0.4192, "building_ratio": 0.185, "green_ratio": 0.2158, "ndvi": 0.2027, "impervious_ratio": 0.5592, "built_surface_ratio": 0.5592, "avg_ground_floor_count": 1.2582, "elevation_m": 83.3001, "albedo": 0.0881, "nearest_park_distance_m": 212.188, "park_area_within_500m": 77836.5198, "nearest_stream_distance_m": 744.0937, "est_population_density": 7167.5581, "dong_elderly_ratio": 0.2091, "dong_avg_age": 43.6603, "dong_pop_density": 47625.3988, "nearest_shelter_distance_m": 80.84, "shelter_count_within_500m": 12.6742, "est_population": 305.9, "est_elderly": 64.1, "shelter_capacity_within_500m": 3218.0, "building_form_group": "low_floor_low_density", "dong_name": "청림동", "top1_feature": "built_surface_ratio", "top1_shap": 0.7736, "top2_feature": "impervious_ratio", "top2_shap": 0.7437, "top3_feature": "green_ratio", "top3_shap": 0.3513, "priority_score": 45.2876, "priority_rank": 337 }, "geometry": { "type": "Polygon", "coordinates": [ [ [ 126.959891034417353, 37.485007670992346 ], [ 126.959874811638556, 37.48726099258397 ], [ 126.961701349796712, 37.487269329002245 ], [ 126.961694560000012, 37.487204940000012 ], [ 126.961841770000021, 37.48710729 ], [ 126.96181155, 37.486466730000011 ], [ 126.961802969999979, 37.48631749 ], [ 126.96167294, 37.4859869 ], [ 126.961727260000018, 37.48584614 ], [ 126.96182986, 37.48557783 ], [ 126.961894790000017, 37.4854123 ], [ 126.961985369999979, 37.48517581 ], [ 126.96197813, 37.48516595 ], [ 126.96196437, 37.48514765 ], [ 126.96194247, 37.48511893 ], [ 126.96186815, 37.48502007 ], [ 126.961865606668042, 37.485016681349933 ], [ 126.959891034417353, 37.485007670992346 ] ] ] } },
{ "type": "Feature", "properties": { "display_grid_id": "11620_00489", "gu_code": 11620, "gu_name": "관악구", "source_cell_count": 6, "area_m2": 16972.73, "mean_actual_lst": 40.9767, "mean_actual_anomaly": 4.7756, "seoul_anomaly": 3.6629, "pred_anomaly": 3.6586, "pred_anomaly_std": 0.7427, "green_delta_c": -0.5891, "building_ratio": 0.1602, "green_ratio": 0.2178, "ndvi": 0.0967, "impervious_ratio": 0.4844, "built_surface_ratio": 0.4844, "avg_ground_floor_count": 3.2888, "elevation_m": 24.1735, "albedo": 0.1344, "nearest_park_distance_m": 243.3116, "park_area_within_500m": 29065.9026, "nearest_stream_distance_m": 30.689, "est_population_density": 16257.6236, "dong_elderly_ratio": 0.163, "dong_avg_age": 42.9252, "dong_pop_density": 39988.8513, "nearest_shelter_distance_m": 306.4213, "shelter_count_within_500m": 5.9565, "est_population": 275.9, "est_elderly": 44.9, "shelter_capacity_within_500m": 951.7, "building_form_group": "low_floor_low_density", "dong_name": "신사동", "top1_feature": "built_surface_ratio", "top1_shap": 0.7356, "top2_feature": "ndvi", "top2_shap": 0.658, "top3_feature": "impervious_ratio", "top3_shap": 0.6252, "priority_score": 62.8108, "priority_rank": 128 }, "geometry": { "type": "Polygon", "coordinates": [ [ [ 126.914630800546632, 37.487045483079626 ], [ 126.912591456856845, 37.487035361020638 ], [ 126.912619260000014, 37.48705573 ], [ 126.91298924, 37.48732884 ], [ 126.91306567, 37.48738437 ], [ 126.91307836999998, 37.48739761 ], [ 126.91318988, 37.487530029999988 ], [ 126.913233800000015, 37.48758525 ], [ 126.91325992, 37.48761878 ], [ 126.91331672, 37.48769118 ], [ 126.91344531999998, 37.48785626 ], [ 126.91356633, 37.48801319 ], [ 126.913734420000011, 37.48810116 ], [ 126.91421715, 37.48835521 ], [ 126.91448836, 37.48849591 ], [ 126.914618959248202, 37.488562960891684 ], [ 126.914630800546632, 37.487045483079626 ] ] ] } },
{ "type": "Feature", "properties": { "display_grid_id": "11620_00490", "gu_code": 11620, "gu_name": "관악구", "source_cell_count": 13, "area_m2": 57017.89, "mean_actual_lst": 40.6698, "mean_actual_anomaly": 4.6378, "seoul_anomaly": 3.5252, "pred_anomaly": 3.7927, "pred_anomaly_std": 0.8351, "green_delta_c": -1.0402, "building_ratio": 0.3356, "green_ratio": 0.2803, "ndvi": 0.1102, "impervious_ratio": 0.2657, "built_surface_ratio": 0.2657, "avg_ground_floor_count": 3.2162, "elevation_m": 23.3406, "albedo": 0.107, "nearest_park_distance_m": 354.866, "park_area_within_500m": 16273.9148, "nearest_stream_distance_m": 81.5721, "est_population_density": 29896.1062, "dong_elderly_ratio": 0.1633, "dong_avg_age": 42.9387, "dong_pop_density": 40200.4055, "nearest_shelter_distance_m": 236.8998, "shelter_count_within_500m": 5.0242, "est_population": 1704.6, "est_elderly": 276.9, "shelter_capacity_within_500m": 2005.6, "building_form_group": "low_floor_high_density", "dong_name": "신사동", "top1_feature": "building_ratio", "top1_shap": 0.5505, "top2_feature": "ndvi", "top2_shap": 0.6041, "top3_feature": "built_surface_ratio", "top3_shap": 0.5168, "priority_score": 72.4583, "priority_rank": 55 }, "geometry": { "type": "Polygon", "coordinates": [ [ [ 126.917441038418403, 37.489312764403969 ], [ 126.917458536958463, 37.487059459990462 ], [ 126.914630800546632, 37.487045483079626 ], [ 126.914618959248202, 37.488562960891684 ], [ 126.91483107, 37.48867186 ], [ 126.914861449999989, 37.48868793 ], [ 126.91500042, 37.48875504 ], [ 126.91528735, 37.48889237 ], [ 126.915557509999985, 37.48902237 ], [ 126.915663100000017, 37.48907341 ], [ 126.91587536, 37.48917605 ], [ 126.91614216, 37.48930548 ], [ 126.916143966385064, 37.489306361324815 ], [ 126.917441038418403, 37.489312764403969 ] ] ] } },
{ "type": "Feature", "properties": { "display_grid_id": "11620_00491", "gu_code": 11620, "gu_name": "관악구", "source_cell_count": 15, "area_m2": 62500.0, "mean_actual_lst": 41.8448, "mean_actual_anomaly": 5.6817, "seoul_anomaly": 4.5691, "pred_anomaly": 4.2304, "pred_anomaly_std": 1.0519, "green_delta_c": -2.0285, "building_ratio": 0.4362, "green_ratio": 0.2851, "ndvi": 0.1036, "impervious_ratio": 0.1881, "built_surface_ratio": 0.1881, "avg_ground_floor_count": 4.0679, "elevation_m": 26.6037, "albedo": 0.1016, "nearest_park_distance_m": 358.214, "park_area_within_500m": 13336.8188, "nearest_stream_distance_m": 137.0856, "est_population_density": 46257.6, "dong_elderly_ratio": 0.1625, "dong_avg_age": 42.9, "dong_pop_density": 40255.7, "nearest_shelter_distance_m": 99.4552, "shelter_count_within_500m": 4.84, "est_population": 2891.1, "est_elderly": 469.8, "shelter_capacity_within_500m": 26010.5, "building_form_group": "low_floor_high_density", "dong_name": "신사동", "top1_feature": "building_ratio", "top1_shap": 1.1758, "top2_feature": "ndvi", "top2_shap": 0.699, "top3_feature": "built_surface_ratio", "top3_shap": 0.16, "priority_score": 77.0037, "priority_rank": 17 }, "geometry": { "type": "Polygon", "coordinates": [ [ [ 126.917458536958463, 37.487059459990462 ], [ 126.917441038418403, 37.489312764403969 ], [ 126.920268861707285, 37.489326674765614 ], [ 126.920286275318588, 37.487073369226394 ], [ 126.917458536958463, 37.487059459990462 ] ] ] } },
{ "type": "Feature", "properties": { "display_grid_id": "11620_00492", "gu_code": 11620, "gu_name": "관악구", "source_cell_count": 15, "area_m2": 62500.0, "mean_actual_lst": 42.4957, "mean_actual_anomaly": 6.2896, "seoul_anomaly": 5.1769, "pred_anomaly": 4.0198, "pred_anomaly_std": 0.9563, "green_delta_c": -1.1915, "building_ratio": 0.3037, "green_ratio": 0.2721, "ndvi": 0.0998, "impervious_ratio": 0.2363, "built_surface_ratio": 0.2363, "avg_ground_floor_count": 5.4738, "elevation_m": 25.3932, "albedo": 0.1094, "nearest_park_distance_m": 204.8028, "park_area_within_500m": 87698.3012, "nearest_stream_distance_m": 60.748, "est_population_density": 36333.6, "dong_elderly_ratio": 0.1277, "dong_avg_age": 40.116, "dong_pop_density": 41887.076, "nearest_shelter_distance_m": 143.52, "shelter_count_within_500m": 6.2, "est_population": 2270.9, "est_elderly": 283.4, "shelter_capacity_within_500m": 16111.5, "building_form_group": "low_floor_high_density", "dong_name": "신사동", "top1_feature": "ndvi", "top1_shap": 0.6845, "top2_feature": "building_ratio", "top2_shap": 0.5484, "top3_feature": "built_surface_ratio", "top3_shap": 0.4597, "priority_score": 75.9369, "priority_rank": 29 }, "geometry": { "type": "Polygon", "coordinates": [ [ [ 126.920286275318588, 37.487073369226394 ], [ 126.920268861707285, 37.489326674765614 ], [ 126.923096686935253, 37.489340517446706 ], [ 126.923114015617557, 37.487087210787273 ], [ 126.920286275318588, 37.487073369226394 ] ] ] } },
{ "type": "Feature", "properties": { "display_grid_id": "11620_00493", "gu_code": 11620, "gu_name": "관악구", "source_cell_count": 14, "area_m2": 62500.0, "mean_actual_lst": 42.4339, "mean_actual_anomaly": 6.3172, "seoul_anomaly": 5.2046, "pred_anomaly": 4.9836, "pred_anomaly_std": 0.7394, "green_delta_c": -1.8437, "building_ratio": 0.4798, "green_ratio": 0.2836, "ndvi": 0.0971, "impervious_ratio": 0.1808, "built_surface_ratio": 0.1808, "avg_ground_floor_count": 3.3472, "elevation_m": 25.5318, "albedo": 0.1021, "nearest_park_distance_m": 89.1936, "park_area_within_500m": 264490.808, "nearest_stream_distance_m": 152.352, "est_population_density": 44981.6, "dong_elderly_ratio": 0.0901, "dong_avg_age": 37.1, "dong_pop_density": 43654.4, "nearest_shelter_distance_m": 106.5064, "shelter_count_within_500m": 4.8, "est_population": 2811.4, "est_elderly": 253.3, "shelter_capacity_within_500m": 703.8, "building_form_group": "low_floor_high_density", "dong_name": "신림동", "top1_feature": "building_ratio", "top1_shap": 1.1962, "top2_feature": "ndvi", "top2_shap": 0.734, "top3_feature": "built_surface_ratio", "top3_shap": 0.3499, "priority_score": 73.9332, "priority_rank": 47 }, "geometry": { "type": "Polygon", "coordinates": [ [ [ 126.923114015617557, 37.487087210787273 ], [ 126.923096686935253, 37.489340517446706 ], [ 126.925924514092856, 37.489354292447139 ], [ 126.925941757845948, 37.487100984672935 ], [ 126.923114015617557, 37.487087210787273 ] ] ] } },
{ "type": "Feature", "properties": { "display_grid_id": "11620_00494", "gu_code": 11620, "gu_name": "관악구", "source_cell_count": 14, "area_m2": 62500.0, "mean_actual_lst": 42.0978, "mean_actual_anomaly": 5.9862, "seoul_anomaly": 4.8736, "pred_anomaly": 4.7265, "pred_anomaly_std": 0.7622, "green_delta_c": -1.1017, "building_ratio": 0.4085, "green_ratio": 0.242, "ndvi": 0.0835, "impervious_ratio": 0.2591, "built_surface_ratio": 0.2591, "avg_ground_floor_count": 4.2557, "elevation_m": 27.2226, "albedo": 0.1079, "nearest_park_distance_m": 10.4208, "park_area_within_500m": 377793.764, "nearest_stream_distance_m": 199.364, "est_population_density": 43040.0, "dong_elderly_ratio": 0.0901, "dong_avg_age": 37.1, "dong_pop_density": 43654.4, "nearest_shelter_distance_m": 174.7472, "shelter_count_within_500m": 5.12, "est_population": 2690.0, "est_elderly": 242.4, "shelter_capacity_within_500m": 734.7, "building_form_group": "low_floor_high_density", "dong_name": "신림동", "top1_feature": "building_ratio", "top1_shap": 0.7804, "top2_feature": "ndvi", "top2_shap": 0.77, "top3_feature": "built_surface_ratio", "top3_shap": 0.424, "priority_score": 75.974, "priority_rank": 28 }, "geometry": { "type": "Polygon", "coordinates": [ [ [ 126.925941757845948, 37.487100984672935 ], [ 126.925924514092856, 37.489354292447139 ], [ 126.928752343170629, 37.489367999766728 ], [ 126.92876950199431, 37.48711469088326 ], [ 126.925941757845948, 37.487100984672935 ] ] ] } },
{ "type": "Feature", "properties": { "display_grid_id": "11620_00495", "gu_code": 11620, "gu_name": "관악구", "source_cell_count": 15, "area_m2": 62500.0, "mean_actual_lst": 42.7996, "mean_actual_anomaly": 6.5805, "seoul_anomaly": 5.4678, "pred_anomaly": 4.4148, "pred_anomaly_std": 0.8507, "green_delta_c": -0.4479, "building_ratio": 0.3523, "green_ratio": 0.2368, "ndvi": 0.0816, "impervious_ratio": 0.3408, "built_surface_ratio": 0.3408, "avg_ground_floor_count": 4.4725, "elevation_m": 29.6667, "albedo": 0.1082, "nearest_park_distance_m": 35.2728, "park_area_within_500m": 378304.5404, "nearest_stream_distance_m": 115.3464, "est_population_density": 36025.2, "dong_elderly_ratio": 0.1456, "dong_avg_age": 40.46, "dong_pop_density": 37985.744, "nearest_shelter_distance_m": 226.5756, "shelter_count_within_500m": 5.48, "est_population": 2251.6, "est_elderly": 295.1, "shelter_capacity_within_500m": 811.8, "building_form_group": "high_floor_high_density", "dong_name": "신림동", "top1_feature": "ndvi", "top1_shap": 0.7272, "top2_feature": "built_surface_ratio", "top2_shap": 0.5853, "top3_feature": "building_ratio", "top3_shap": 0.4898, "priority_score": 66.8367, "priority_rank": 96 }, "geometry": { "type": "Polygon", "coordinates": [ [ [ 126.92876950199431, 37.48711469088326 ], [ 126.928752343170629, 37.489367999766728 ], [ 126.931580174159109, 37.489381639405373 ], [ 126.931597248053137, 37.487128329418091 ], [ 126.92876950199431, 37.48711469088326 ] ] ] } },
{ "type": "Feature", "properties": { "display_grid_id": "11620_00496", "gu_code": 11620, "gu_name": "관악구", "source_cell_count": 15, "area_m2": 62500.0, "mean_actual_lst": 42.8167, "mean_actual_anomaly": 6.4879, "seoul_anomaly": 5.3752, "pred_anomaly": 5.0244, "pred_anomaly_std": 0.7545, "green_delta_c": -0.9243, "building_ratio": 0.4161, "green_ratio": 0.2581, "ndvi": 0.0932, "impervious_ratio": 0.2382, "built_surface_ratio": 0.2382, "avg_ground_floor_count": 3.2318, "elevation_m": 38.5358, "albedo": 0.1118, "nearest_park_distance_m": 128.4656, "park_area_within_500m": 228030.7812, "nearest_stream_distance_m": 61.9696, "est_population_density": 37333.2, "dong_elderly_ratio": 0.1918, "dong_avg_age": 43.26, "dong_pop_density": 33261.864, "nearest_shelter_distance_m": 72.6204, "shelter_count_within_500m": 3.4, "est_population": 2333.3, "est_elderly": 451.6, "shelter_capacity_within_500m": 560.8, "building_form_group": "low_floor_high_density", "dong_name": "보라매동", "top1_feature": "ndvi", "top1_shap": 0.7854, "top2_feature": "building_ratio", "top2_shap": 0.7544, "top3_feature": "built_surface_ratio", "top3_shap": 0.459, "priority_score": 75.4453, "priority_rank": 37 }, "geometry": { "type": "Polygon", "coordinates": [ [ [ 126.931597248053137, 37.487128329418091 ], [ 126.931580174159109, 37.489381639405373 ], [ 126.934408007048887, 37.489395211362897 ], [ 126.934424996013021, 37.487141900277308 ], [ 126.931597248053137, 37.487128329418091 ] ] ] } },
{ "type": "Feature", "properties": { "display_grid_id": "11620_00497", "gu_code": 11620, "gu_name": "관악구", "source_cell_count": 14, "area_m2": 62500.0, "mean_actual_lst": 42.5841, "mean_actual_anomaly": 6.3533, "seoul_anomaly": 5.2407, "pred_anomaly": 4.903, "pred_anomaly_std": 0.7641, "green_delta_c": -1.028, "building_ratio": 0.4691, "green_ratio": 0.2678, "ndvi": 0.1115, "impervious_ratio": 0.2771, "built_surface_ratio": 0.2771, "avg_ground_floor_count": 3.0927, "elevation_m": 44.4951, "albedo": 0.1099, "nearest_park_distance_m": 268.6392, "park_area_within_500m": 83758.67, "nearest_stream_distance_m": 153.4652, "est_population_density": 41116.8, "dong_elderly_ratio": 0.2057, "dong_avg_age": 44.1, "dong_pop_density": 31844.7, "nearest_shelter_distance_m": 180.836, "shelter_count_within_500m": 4.36, "est_population": 2569.8, "est_elderly": 528.7, "shelter_capacity_within_500m": 710.8, "building_form_group": "low_floor_high_density", "dong_name": "보라매동", "top1_feature": "building_ratio", "top1_shap": 1.0075, "top2_feature": "ndvi", "top2_shap": 0.6677, "top3_feature": "built_surface_ratio", "top3_shap": 0.5527, "priority_score": 82.4768, "priority_rank": 3 }, "geometry": { "type": "Polygon", "coordinates": [ [ [ 126.934424996013021, 37.487141900277308 ], [ 126.934408007048887, 37.489395211362897 ], [ 126.937235841830457, 37.489408715639179 ], [ 126.93725274586447, 37.487155403460747 ], [ 126.934424996013021, 37.487141900277308 ] ] ] } },
{ "type": "Feature", "properties": { "display_grid_id": "11620_00498", "gu_code": 11620, "gu_name": "관악구", "source_cell_count": 14, "area_m2": 62500.0, "mean_actual_lst": 41.9677, "mean_actual_anomaly": 5.7198, "seoul_anomaly": 4.6071, "pred_anomaly": 3.6316, "pred_anomaly_std": 0.8596, "green_delta_c": -1.0302, "building_ratio": 0.4127, "green_ratio": 0.3139, "ndvi": 0.1557, "impervious_ratio": 0.2403, "built_surface_ratio": 0.2403, "avg_ground_floor_count": 3.1829, "elevation_m": 55.3992, "albedo": 0.1149, "nearest_park_distance_m": 395.6952, "park_area_within_500m": 22592.4748, "nearest_stream_distance_m": 297.5924, "est_population_density": 37364.8, "dong_elderly_ratio": 0.2057, "dong_avg_age": 44.1, "dong_pop_density": 31844.7, "nearest_shelter_distance_m": 280.4792, "shelter_count_within_500m": 7.32, "est_population": 2335.3, "est_elderly": 480.4, "shelter_capacity_within_500m": 1202.3, "building_form_group": "low_floor_high_density", "dong_name": "보라매동", "top1_feature": "building_ratio", "top1_shap": 0.8421, "top2_feature": "ndvi", "top2_shap": 0.373, "top3_feature": "built_surface_ratio", "top3_shap": 0.5107, "priority_score": 81.8553, "priority_rank": 4 }, "geometry": { "type": "Polygon", "coordinates": [ [ [ 126.93725274586447, 37.487155403460747 ], [ 126.937235841830457, 37.489408715639179 ], [ 126.940063678494354, 37.489422152234084 ], [ 126.940080497598061, 37.487168838968273 ], [ 126.93725274586447, 37.487155403460747 ] ] ] } },
{ "type": "Feature", "properties": { "display_grid_id": "11620_00499", "gu_code": 11620, "gu_name": "관악구", "source_cell_count": 15, "area_m2": 62500.0, "mean_actual_lst": 42.6528, "mean_actual_anomaly": 6.3036, "seoul_anomaly": 5.1909, "pred_anomaly": 4.113, "pred_anomaly_std": 1.0551, "green_delta_c": -0.8957, "building_ratio": 0.4535, "green_ratio": 0.286, "ndvi": 0.1066, "impervious_ratio": 0.2267, "built_surface_ratio": 0.2267, "avg_ground_floor_count": 3.3487, "elevation_m": 66.2793, "albedo": 0.1126, "nearest_park_distance_m": 385.6752, "park_area_within_500m": 35719.6956, "nearest_stream_distance_m": 453.7512, "est_population_density": 43246.4, "dong_elderly_ratio": 0.2076, "dong_avg_age": 43.7, "dong_pop_density": 42011.9, "nearest_shelter_distance_m": 168.31, "shelter_count_within_500m": 10.44, "est_population": 2702.9, "est_elderly": 561.1, "shelter_capacity_within_500m": 1406.3, "building_form_group": "low_floor_high_density", "dong_name": "은천동", "top1_feature": "building_ratio", "top1_shap": 1.0542, "top2_feature": "ndvi", "top2_shap": 0.7465, "top3_feature": "built_surface_ratio", "top3_shap": 0.3698, "priority_score": 79.2811, "priority_rank": 8 }, "geometry": { "type": "Polygon", "coordinates": [ [ [ 126.940080497598061, 37.487168838968273 ], [ 126.940063678494354, 37.489422152234084 ], [ 126.942891517031171, 37.489435521147463 ], [ 126.942908251204315, 37.487182206799751 ], [ 126.940080497598061, 37.487168838968273 ] ] ] } },
{ "type": "Feature", "properties": { "display_grid_id": "11620_00500", "gu_code": 11620, "gu_name": "관악구", "source_cell_count": 12, "area_m2": 62500.0, "mean_actual_lst": 40.5769, "mean_actual_anomaly": 4.2336, "seoul_anomaly": 3.121, "pred_anomaly": 2.6025, "pred_anomaly_std": 1.0575, "green_delta_c": -0.6234, "building_ratio": 0.2608, "green_ratio": 0.2608, "ndvi": 0.1622, "impervious_ratio": 0.4234, "built_surface_ratio": 0.4234, "avg_ground_floor_count": 2.4499, "elevation_m": 71.587, "albedo": 0.0994, "nearest_park_distance_m": 169.5912, "park_area_within_500m": 88301.5044, "nearest_stream_distance_m": 585.2968, "est_population_density": 20324.0, "dong_elderly_ratio": 0.2076, "dong_avg_age": 43.7, "dong_pop_density": 42011.9, "nearest_shelter_distance_m": 77.4084, "shelter_count_within_500m": 14.92, "est_population": 1270.2, "est_elderly": 263.8, "shelter_capacity_within_500m": 1973.2, "building_form_group": "low_floor_low_density", "dong_name": "은천동", "top1_feature": "built_surface_ratio", "top1_shap": 0.6385, "top2_feature": "impervious_ratio", "top2_shap": 0.533, "top3_feature": "ndvi", "top3_shap": 0.2374, "priority_score": 57.6809, "priority_rank": 192 }, "geometry": { "type": "Polygon", "coordinates": [ [ [ 126.942908251204315, 37.487182206799751 ], [ 126.942891517031171, 37.489435521147463 ], [ 126.945719357431429, 37.489448822379167 ], [ 126.945736006673798, 37.487195506955054 ], [ 126.942908251204315, 37.487182206799751 ] ] ] } },
{ "type": "Feature", "properties": { "display_grid_id": "11620_00501", "gu_code": 11620, "gu_name": "관악구", "source_cell_count": 15, "area_m2": 62500.0, "mean_actual_lst": 41.1628, "mean_actual_anomaly": 4.8862, "seoul_anomaly": 3.7736, "pred_anomaly": 3.6987, "pred_anomaly_std": 0.7968, "green_delta_c": -0.592, "building_ratio": 0.2569, "green_ratio": 0.2119, "ndvi": 0.1608, "impervious_ratio": 0.5882, "built_surface_ratio": 0.5882, "avg_ground_floor_count": 1.5444, "elevation_m": 53.6573, "albedo": 0.1298, "nearest_park_distance_m": 0.2688, "park_area_within_500m": 94329.0816, "nearest_stream_distance_m": 679.148, "est_population_density": 10740.8, "dong_elderly_ratio": 0.2151, "dong_avg_age": 44.232, "dong_pop_density": 41244.528, "nearest_shelter_distance_m": 106.6396, "shelter_count_within_500m": 16.16, "est_population": 671.3, "est_elderly": 144.4, "shelter_capacity_within_500m": 2006.8, "building_form_group": "low_floor_low_density", "dong_name": "성현동", "top1_feature": "built_surface_ratio", "top1_shap": 0.7432, "top2_feature": "impervious_ratio", "top2_shap": 0.7179, "top3_feature": "green_ratio", "top3_shap": 0.3014, "priority_score": 59.6011, "priority_rank": 169 }, "geometry": { "type": "Polygon", "coordinates": [ [ [ 126.945736006673798, 37.487195506955054 ], [ 126.945719357431429, 37.489448822379167 ], [ 126.948547199685649, 37.489462055929089 ], [ 126.948563763997058, 37.487208739434031 ], [ 126.945736006673798, 37.487195506955054 ] ] ] } },
{ "type": "Feature", "properties": { "display_grid_id": "11620_00502", "gu_code": 11620, "gu_name": "관악구", "source_cell_count": 14, "area_m2": 62500.0, "mean_actual_lst": 38.9077, "mean_actual_anomaly": 2.68, "seoul_anomaly": 1.5673, "pred_anomaly": 1.9225, "pred_anomaly_std": 0.7818, "green_delta_c": -0.4607, "building_ratio": 0.2337, "green_ratio": 0.2169, "ndvi": 0.2155, "impervious_ratio": 0.57, "built_surface_ratio": 0.57, "avg_ground_floor_count": 6.4004, "elevation_m": 79.7316, "albedo": 0.1067, "nearest_park_distance_m": 54.1504, "park_area_within_500m": 108400.4072, "nearest_stream_distance_m": 697.888, "est_population_density": 33441.6, "dong_elderly_ratio": 0.2175, "dong_avg_age": 44.4, "dong_pop_density": 41002.2, "nearest_shelter_distance_m": 86.0676, "shelter_count_within_500m": 14.64, "est_population": 2090.1, "est_elderly": 454.7, "shelter_capacity_within_500m": 2198.8, "building_form_group": "high_floor_low_density", "dong_name": "성현동", "top1_feature": "built_surface_ratio", "top1_shap": 0.6699, "top2_feature": "impervious_ratio", "top2_shap": 0.6538, "top3_feature": "green_ratio", "top3_shap": 0.3431, "priority_score": 56.6512, "priority_rank": 203 }, "geometry": { "type": "Polygon", "coordinates": [ [ [ 126.948563763997058, 37.487208739434031 ], [ 126.948547199685649, 37.489462055929089 ], [ 126.95137504378441, 37.489475221797072 ], [ 126.951391523164602, 37.487221904236542 ], [ 126.948563763997058, 37.487208739434031 ] ] ] } },
{ "type": "Feature", "properties": { "display_grid_id": "11620_00503", "gu_code": 11620, "gu_name": "관악구", "source_cell_count": 11, "area_m2": 62500.0, "mean_actual_lst": 39.9911, "mean_actual_anomaly": 4.1723, "seoul_anomaly": 3.0597, "pred_anomaly": 2.7102, "pred_anomaly_std": 0.8139, "green_delta_c": -0.6426, "building_ratio": 0.2975, "green_ratio": 0.2353, "ndvi": 0.17, "impervious_ratio": 0.4965, "built_surface_ratio": 0.4965, "avg_ground_floor_count": 4.4194, "elevation_m": 104.2792, "albedo": 0.1078, "nearest_park_distance_m": 217.8732, "park_area_within_500m": 131801.8228, "nearest_stream_distance_m": 706.4452, "est_population_density": 36159.6, "dong_elderly_ratio": 0.2175, "dong_avg_age": 44.4, "dong_pop_density": 41002.2, "nearest_shelter_distance_m": 112.506, "shelter_count_within_500m": 11.84, "est_population": 2260.0, "est_elderly": 491.5, "shelter_capacity_within_500m": 2365.5, "building_form_group": "low_floor_high_density", "dong_name": "성현동", "top1_feature": "built_surface_ratio", "top1_shap": 0.678, "top2_feature": "impervious_ratio", "top2_shap": 0.4365, "top3_feature": "green_ratio", "top3_shap": 0.37, "priority_score": 66.846, "priority_rank": 95 }, "geometry": { "type": "Polygon", "coordinates": [ [ [ 126.951391523164602, 37.487221904236542 ], [ 126.95137504378441, 37.489475221797072 ], [ 126.954202889718232, 37.489488319982961 ], [ 126.954219284166996, 37.487235001362464 ], [ 126.951391523164602, 37.487221904236542 ] ] ] } },
{ "type": "Feature", "properties": { "display_grid_id": "11620_00504", "gu_code": 11620, "gu_name": "관악구", "source_cell_count": 9, "area_m2": 62500.0, "mean_actual_lst": 40.2485, "mean_actual_anomaly": 4.5324, "seoul_anomaly": 3.4198, "pred_anomaly": 2.2665, "pred_anomaly_std": 0.8236, "green_delta_c": -0.6509, "building_ratio": 0.2527, "green_ratio": 0.2182, "ndvi": 0.186, "impervious_ratio": 0.532, "built_surface_ratio": 0.532, "avg_ground_floor_count": 7.0586, "elevation_m": 87.0515, "albedo": 0.1068, "nearest_park_distance_m": 147.458, "park_area_within_500m": 133731.73, "nearest_stream_distance_m": 743.7972, "est_population_density": 46967.6, "dong_elderly_ratio": 0.2175, "dong_avg_age": 44.4, "dong_pop_density": 41002.2, "nearest_shelter_distance_m": 75.3556, "shelter_count_within_500m": 11.76, "est_population": 2935.5, "est_elderly": 638.5, "shelter_capacity_within_500m": 3453.0, "building_form_group": "low_floor_high_density", "dong_name": "성현동", "top1_feature": "built_surface_ratio", "top1_shap": 0.6744, "top2_feature": "impervious_ratio", "top2_shap": 0.5839, "top3_feature": "green_ratio", "top3_shap": 0.2732, "priority_score": 67.5232, "priority_rank": 91 }, "geometry": { "type": "Polygon", "coordinates": [ [ [ 126.954219284166996, 37.487235001362464 ], [ 126.954202889718232, 37.489488319982961 ], [ 126.95703073747768, 37.489501350486655 ], [ 126.957047046994802, 37.487248030811649 ], [ 126.954219284166996, 37.487235001362464 ] ] ] } },
{ "type": "Feature", "properties": { "display_grid_id": "11620_00505", "gu_code": 11620, "gu_name": "관악구", "source_cell_count": 14, "area_m2": 62500.0, "mean_actual_lst": 40.7379, "mean_actual_anomaly": 5.0955, "seoul_anomaly": 3.9828, "pred_anomaly": 3.5792, "pred_anomaly_std": 0.8191, "green_delta_c": -0.5337, "building_ratio": 0.3275, "green_ratio": 0.2154, "ndvi": 0.1242, "impervious_ratio": 0.507, "built_surface_ratio": 0.507, "avg_ground_floor_count": 3.9642, "elevation_m": 74.6929, "albedo": 0.1058, "nearest_park_distance_m": 37.0624, "park_area_within_500m": 120985.3316, "nearest_stream_distance_m": 831.1656, "est_population_density": 34373.2, "dong_elderly_ratio": 0.2164, "dong_avg_age": 44.16, "dong_pop_density": 45532.62, "nearest_shelter_distance_m": 137.7844, "shelter_count_within_500m": 13.2, "est_population": 2148.3, "est_elderly": 464.5, "shelter_capacity_within_500m": 3843.5, "building_form_group": "low_floor_high_density", "dong_name": "청림동", "top1_feature": "built_surface_ratio", "top1_shap": 0.675, "top2_feature": "impervious_ratio", "top2_shap": 0.6035, "top3_feature": "ndvi", "top3_shap": 0.3394, "priority_score": 66.1132, "priority_rank": 101 }, "geometry": { "type": "Polygon", "coordinates": [ [ [ 126.957047046994802, 37.487248030811649 ], [ 126.95703073747768, 37.489501350486655 ], [ 126.959858587053262, 37.489514313308007 ], [ 126.959874811638556, 37.48726099258397 ], [ 126.957047046994802, 37.487248030811649 ] ] ] } },
{ "type": "Feature", "properties": { "display_grid_id": "11620_00506", "gu_code": 11620, "gu_name": "관악구", "source_cell_count": 10, "area_m2": 40694.83, "mean_actual_lst": 37.4043, "mean_actual_anomaly": 1.6174, "seoul_anomaly": 0.5048, "pred_anomaly": 2.1805, "pred_anomaly_std": 0.9878, "green_delta_c": -0.4751, "building_ratio": 0.1708, "green_ratio": 0.2021, "ndvi": 0.2121, "impervious_ratio": 0.6057, "built_surface_ratio": 0.6057, "avg_ground_floor_count": 2.5397, "elevation_m": 80.3199, "albedo": 0.0933, "nearest_park_distance_m": 82.7496, "park_area_within_500m": 92973.5474, "nearest_stream_distance_m": 925.4319, "est_population_density": 18322.3424, "dong_elderly_ratio": 0.2151, "dong_avg_age": 43.9801, "dong_pop_density": 47929.03, "nearest_shelter_distance_m": 120.7697, "shelter_count_within_500m": 12.7135, "est_population": 745.6, "est_elderly": 160.8, "shelter_capacity_within_500m": 3417.0, "building_form_group": "low_floor_low_density", "dong_name": "청림동", "top1_feature": "built_surface_ratio", "top1_shap": 0.823, "top2_feature": "impervious_ratio", "top2_shap": 0.7894, "top3_feature": "green_ratio", "top3_shap": 0.3924, "priority_score": 50.5473, "priority_rank": 278 }, "geometry": { "type": "Polygon", "coordinates": [ [ [ 126.959874811638556, 37.48726099258397 ], [ 126.959858587053262, 37.489514313308007 ], [ 126.961218607270681, 37.489520523514926 ], [ 126.96133535, 37.48925262 ], [ 126.961389469999986, 37.48913242 ], [ 126.96175191, 37.4889895 ], [ 126.961783450000013, 37.48881185 ], [ 126.9618217, 37.48865137 ], [ 126.96194594, 37.48859679 ], [ 126.961928660000012, 37.48850922 ], [ 126.961837030000012, 37.48806094 ], [ 126.96178082, 37.48778668 ], [ 126.96174471, 37.4875738 ], [ 126.96171478, 37.48739669 ], [ 126.961701349796712, 37.487269329002245 ], [ 126.959874811638556, 37.48726099258397 ] ] ] } },
{ "type": "Feature", "properties": { "display_grid_id": "11620_00507", "gu_code": 11620, "gu_name": "관악구", "source_cell_count": 2, "area_m2": 3446.66, "mean_actual_lst": 40.5857, "mean_actual_anomaly": 4.309, "seoul_anomaly": 3.1963, "pred_anomaly": 2.4115, "pred_anomaly_std": 1.0618, "green_delta_c": -0.3506, "building_ratio": 0.0, "green_ratio": 0.2458, "ndvi": 0.0809, "impervious_ratio": 0.4377, "built_surface_ratio": 0.4377, "avg_ground_floor_count": 0.0, "elevation_m": 23.5756, "albedo": 0.1065, "nearest_park_distance_m": 508.5785, "park_area_within_500m": 0.019, "nearest_stream_distance_m": 6.3049, "est_population_density": 0.0, "dong_elderly_ratio": 0.1627, "dong_avg_age": 42.8736, "dong_pop_density": 39922.9666, "nearest_shelter_distance_m": 185.5953, "shelter_count_within_500m": 5.9811, "est_population": 0.0, "est_elderly": 0.0, "shelter_capacity_within_500m": 20431.0, "building_form_group": "no_building", "dong_name": "신사동", "top1_feature": "impervious_ratio", "top1_shap": 1.1294, "top2_feature": "built_surface_ratio", "top2_shap": 0.9641, "top3_feature": "ndvi", "top3_shap": 0.7146, "priority_score": 43.3442, "priority_rank": 347 }, "geometry": { "type": "Polygon", "coordinates": [ [ [ 126.917441038418403, 37.489312764403969 ], [ 126.916143966385064, 37.489306361324815 ], [ 126.916484900000015, 37.4894727 ], [ 126.916652470000017, 37.48955391 ], [ 126.917140100000012, 37.48970827 ], [ 126.91727592, 37.489752 ], [ 126.91733385000002, 37.48976923 ], [ 126.91742852, 37.48979576 ], [ 126.917437267757094, 37.489798283242273 ], [ 126.917441038418403, 37.489312764403969 ] ] ] } },
{ "type": "Feature", "properties": { "display_grid_id": "11620_00508", "gu_code": 11620, "gu_name": "관악구", "source_cell_count": 8, "area_m2": 22511.98, "mean_actual_lst": 42.0816, "mean_actual_anomaly": 5.8454, "seoul_anomaly": 4.7327, "pred_anomaly": 3.5015, "pred_anomaly_std": 0.9908, "green_delta_c": -0.8876, "building_ratio": 0.0496, "green_ratio": 0.2249, "ndvi": 0.1024, "impervious_ratio": 0.5002, "built_surface_ratio": 0.5002, "avg_ground_floor_count": 1.9142, "elevation_m": 24.4309, "albedo": 0.1137, "nearest_park_distance_m": 474.5932, "park_area_within_500m": 2774.1066, "nearest_stream_distance_m": 11.7457, "est_population_density": 2616.6724, "dong_elderly_ratio": 0.1442, "dong_avg_age": 41.4337, "dong_pop_density": 41114.9468, "nearest_shelter_distance_m": 156.2823, "shelter_count_within_500m": 5.7472, "est_population": 58.9, "est_elderly": 6.7, "shelter_capacity_within_500m": 40260.3, "building_form_group": "low_floor_low_density", "dong_name": "신사동", "top1_feature": "built_surface_ratio", "top1_shap": 0.8114, "top2_feature": "impervious_ratio", "top2_shap": 0.7829, "top3_feature": "ndvi", "top3_shap": 0.7211, "priority_score": 68.6967, "priority_rank": 80 }, "geometry": { "type": "Polygon", "coordinates": [ [ [ 126.920268861707285, 37.489326674765614 ], [ 126.917441038418403, 37.489312764403969 ], [ 126.917437267757094, 37.489798283242273 ], [ 126.91766042, 37.48986265 ], [ 126.91784835, 37.48991544 ], [ 126.91800466, 37.48995975 ], [ 126.9180852, 37.489982329999989 ], [ 126.91815179, 37.48999955 ], [ 126.91816521, 37.49000294 ], [ 126.918174220000012, 37.49000521 ], [ 126.918220320000017, 37.49001706 ], [ 126.91837999, 37.49005857 ], [ 126.91870816, 37.4901427 ], [ 126.91900686000001, 37.49020232 ], [ 126.919012689999988, 37.49020345000001 ], [ 126.91913086, 37.49022324 ], [ 126.91918774, 37.49023258 ], [ 126.91925717, 37.49024417 ], [ 126.919393179999986, 37.49026679 ], [ 126.9194052, 37.49026877 ], [ 126.919456420000017, 37.49027697 ], [ 126.919501470000014, 37.49027982 ], [ 126.919941369999989, 37.49030856 ], [ 126.92010408, 37.49031909 ], [ 126.92014471, 37.490320810000014 ], [ 126.920261153701631, 37.490324003336028 ], [ 126.920268861707285, 37.489326674765614 ] ] ] } },
{ "type": "Feature", "properties": { "display_grid_id": "11620_00509", "gu_code": 11620, "gu_name": "관악구", "source_cell_count": 5, "area_m2": 24725.72, "mean_actual_lst": 42.3967, "mean_actual_anomaly": 6.2804, "seoul_anomaly": 5.1677, "pred_anomaly": 3.8879, "pred_anomaly_std": 0.9104, "green_delta_c": -0.6739, "building_ratio": 0.2079, "green_ratio": 0.2212, "ndvi": 0.0954, "impervious_ratio": 0.4436, "built_surface_ratio": 0.4436, "avg_ground_floor_count": 3.4425, "elevation_m": 21.636, "albedo": 0.1229, "nearest_park_distance_m": 331.8484, "park_area_within_500m": 61422.6858, "nearest_stream_distance_m": 22.5728, "est_population_density": 17507.8232, "dong_elderly_ratio": 0.0901, "dong_avg_age": 37.1, "dong_pop_density": 43654.4, "nearest_shelter_distance_m": 101.3311, "shelter_count_within_500m": 5.7466, "est_population": 432.9, "est_elderly": 39.0, "shelter_capacity_within_500m": 40971.7, "building_form_group": "low_floor_low_density", "dong_name": "신림동", "top1_feature": "ndvi", "top1_shap": 0.7598, "top2_feature": "built_surface_ratio", "top2_shap": 0.6965, "top3_feature": "impervious_ratio", "top3_shap": 0.6861, "priority_score": 63.3674, "priority_rank": 122 }, "geometry": { "type": "Polygon", "coordinates": [ [ [ 126.923096686935253, 37.489340517446706 ], [ 126.920268861707285, 37.489326674765614 ], [ 126.920261153701631, 37.490324003336028 ], [ 126.920492229999979, 37.49033034 ], [ 126.92054611, 37.49033178 ], [ 126.92063286, 37.49033296 ], [ 126.92066466, 37.49033326 ], [ 126.920675089999989, 37.49033327 ], [ 126.92072067, 37.4903333 ], [ 126.920803709999987, 37.49033308 ], [ 126.920909900000012, 37.49033315 ], [ 126.92098393, 37.49033292 ], [ 126.92130142, 37.49033201 ], [ 126.92130848, 37.49033089 ], [ 126.92150552, 37.49029189 ], [ 126.92152196, 37.49028852 ], [ 126.92166651, 37.49025961 ], [ 126.921743910000018, 37.49024447 ], [ 126.92186231, 37.49022089 ], [ 126.92199166, 37.49019395 ], [ 126.92201287, 37.49018946 ], [ 126.92207472, 37.49017683 ], [ 126.922115190000014, 37.49016841 ], [ 126.922119080000016, 37.49016729 ], [ 126.92216202, 37.49015436 ], [ 126.922180580000017, 37.49014903 ], [ 126.92234386, 37.490124920000014 ], [ 126.92269072000002, 37.49007532 ], [ 126.92280806, 37.49005822 ], [ 126.923091391687095, 37.490029026098988 ], [ 126.923096686935253, 37.489340517446706 ] ] ] } },
{ "type": "Feature", "properties": { "display_grid_id": "11620_00510", "gu_code": 11620, "gu_name": "관악구", "source_cell_count": 9, "area_m2": 38488.6, "mean_actual_lst": 41.1447, "mean_actual_anomaly": 5.0799, "seoul_anomaly": 3.9672, "pred_anomaly": 2.5533, "pred_anomaly_std": 1.1148, "green_delta_c": -0.3787, "building_ratio": 0.3757, "green_ratio": 0.2362, "ndvi": 0.1042, "impervious_ratio": 0.3503, "built_surface_ratio": 0.3503, "avg_ground_floor_count": 11.5008, "elevation_m": 35.717, "albedo": 0.1093, "nearest_park_distance_m": 66.3964, "park_area_within_500m": 205978.357, "nearest_stream_distance_m": 59.3584, "est_population_density": 30711.5038, "dong_elderly_ratio": 0.1387, "dong_avg_age": 40.0422, "dong_pop_density": 38690.5748, "nearest_shelter_distance_m": 132.74, "shelter_count_within_500m": 6.0923, "est_population": 1182.0, "est_elderly": 182.7, "shelter_capacity_within_500m": 21086.0, "building_form_group": "high_floor_high_density", "dong_name": "신림동", "top1_feature": "impervious_ratio", "top1_shap": 0.491, "top2_feature": "built_surface_ratio", "top2_shap": 0.4536, "top3_feature": "ndvi", "top3_shap": 0.4485, "priority_score": 54.2486, "priority_rank": 230 }, "geometry": { "type": "Polygon", "coordinates": [ [ [ 126.925907268419564, 37.491607599352967 ], [ 126.925924514092856, 37.489354292447139 ], [ 126.923096686935253, 37.489340517446706 ], [ 126.923091391687095, 37.490029026098988 ], [ 126.92325333, 37.49001234 ], [ 126.92359012, 37.48997961 ], [ 126.923854780000013, 37.48997642 ], [ 126.92415497, 37.489963660000015 ], [ 126.924159549999985, 37.49015119 ], [ 126.924161609999985, 37.49020496 ], [ 126.92416232, 37.49021003 ], [ 126.924182519999988, 37.49031817 ], [ 126.924150339999983, 37.4903401 ], [ 126.92418883, 37.49037026 ], [ 126.924216, 37.49039618 ], [ 126.92427901, 37.49045929 ], [ 126.92429101, 37.49048295 ], [ 126.924305300000015, 37.49050858 ], [ 126.92435714, 37.4906004 ], [ 126.924513750000017, 37.49070666 ], [ 126.92464392, 37.49074475 ], [ 126.92465027999998, 37.49074757 ], [ 126.92470959, 37.49079519 ], [ 126.92476485, 37.49084056 ], [ 126.92477667, 37.49085465000001 ], [ 126.92477826, 37.49085662 ], [ 126.92480559, 37.49090563 ], [ 126.92481953, 37.49092338 ], [ 126.924846300000013, 37.49100364 ], [ 126.92485563, 37.49104306 ], [ 126.92490712, 37.49113798 ], [ 126.92493686, 37.49124922 ], [ 126.92498621, 37.49136891 ], [ 126.92506138, 37.49146807 ], [ 126.925090490000017, 37.49151174 ], [ 126.9250956, 37.49152863 ], [ 126.925088820000013, 37.49158409 ], [ 126.925095592376408, 37.491603652216561 ], [ 126.925907268419564, 37.491607599352967 ] ] ] } },
{ "type": "Feature", "properties": { "display_grid_id": "11620_00511", "gu_code": 11620, "gu_name": "관악구", "source_cell_count": 10, "area_m2": 62500.0, "mean_actual_lst": 42.5442, "mean_actual_anomaly": 6.4443, "seoul_anomaly": 5.3317, "pred_anomaly": 4.3709, "pred_anomaly_std": 0.8542, "green_delta_c": -0.5519, "building_ratio": 0.3737, "green_ratio": 0.2453, "ndvi": 0.0949, "impervious_ratio": 0.3105, "built_surface_ratio": 0.3105, "avg_ground_floor_count": 4.3722, "elevation_m": 29.7828, "albedo": 0.1173, "nearest_park_distance_m": 1.4964, "park_area_within_500m": 235679.0084, "nearest_stream_distance_m": 70.4188, "est_population_density": 39824.684, "dong_elderly_ratio": 0.1965, "dong_avg_age": 43.54, "dong_pop_density": 32789.476, "nearest_shelter_distance_m": 144.9352, "shelter_count_within_500m": 6.48, "est_population": 2489.0, "est_elderly": 499.1, "shelter_capacity_within_500m": 1243.3, "building_form_group": "low_floor_high_density", "dong_name": "보라매동", "top1_feature": "ndvi", "top1_shap": 0.6077, "top2_feature": "built_surface_ratio", "top2_shap": 0.5713, "top3_feature": "building_ratio", "top3_shap": 0.5406, "priority_score": 70.4546, "priority_rank": 72 }, "geometry": { "type": "Polygon", "coordinates": [ [ [ 126.925924514092856, 37.489354292447139 ], [ 126.925907268419564, 37.491607599352967 ], [ 126.928735182436242, 37.491621307781898 ], [ 126.928752343170629, 37.489367999766728 ], [ 126.925924514092856, 37.489354292447139 ] ] ] } },
{ "type": "Feature", "properties": { "display_grid_id": "11620_00512", "gu_code": 11620, "gu_name": "관악구", "source_cell_count": 12, "area_m2": 62500.0, "mean_actual_lst": 43.0606, "mean_actual_anomaly": 6.8414, "seoul_anomaly": 5.7288, "pred_anomaly": 4.9865, "pred_anomaly_std": 0.7836, "green_delta_c": -0.6386, "building_ratio": 0.4135, "green_ratio": 0.2465, "ndvi": 0.098, "impervious_ratio": 0.3467, "built_surface_ratio": 0.3467, "avg_ground_floor_count": 2.7247, "elevation_m": 32.687, "albedo": 0.1296, "nearest_park_distance_m": 114.0032, "park_area_within_500m": 229529.3184, "nearest_stream_distance_m": 120.0248, "est_population_density": 31211.2, "dong_elderly_ratio": 0.2057, "dong_avg_age": 44.1, "dong_pop_density": 31844.7, "nearest_shelter_distance_m": 203.3152, "shelter_count_within_500m": 7.08, "est_population": 1950.7, "est_elderly": 401.3, "shelter_capacity_within_500m": 1444.2, "building_form_group": "low_floor_high_density", "dong_name": "보라매동", "top1_feature": "ndvi", "top1_shap": 0.7097, "top2_feature": "building_ratio", "top2_shap": 0.6149, "top3_feature": "built_surface_ratio", "top3_shap": 0.6149, "priority_score": 75.0789, "priority_rank": 40 }, "geometry": { "type": "Polygon", "coordinates": [ [ [ 126.928752343170629, 37.489367999766728 ], [ 126.928735182436242, 37.491621307781898 ], [ 126.931563098363853, 37.4916349485244 ], [ 126.931580174159109, 37.489381639405373 ], [ 126.928752343170629, 37.489367999766728 ] ] ] } },
{ "type": "Feature", "properties": { "display_grid_id": "11620_00513", "gu_code": 11620, "gu_name": "관악구", "source_cell_count": 14, "area_m2": 62500.0, "mean_actual_lst": 41.8428, "mean_actual_anomaly": 5.4813, "seoul_anomaly": 4.3687, "pred_anomaly": 4.6306, "pred_anomaly_std": 0.7631, "green_delta_c": -0.9622, "building_ratio": 0.4089, "green_ratio": 0.26, "ndvi": 0.1181, "impervious_ratio": 0.337, "built_surface_ratio": 0.337, "avg_ground_floor_count": 3.1616, "elevation_m": 50.7743, "albedo": 0.1115, "nearest_park_distance_m": 309.9888, "park_area_within_500m": 124335.5024, "nearest_stream_distance_m": 227.3008, "est_population_density": 37420.8, "dong_elderly_ratio": 0.2057, "dong_avg_age": 44.1, "dong_pop_density": 31844.7, "nearest_shelter_distance_m": 222.224, "shelter_count_within_500m": 5.72, "est_population": 2338.8, "est_elderly": 481.1, "shelter_capacity_within_500m": 1067.2, "building_form_group": "low_floor_high_density", "dong_name": "보라매동", "top1_feature": "building_ratio", "top1_shap": 0.8019, "top2_feature": "ndvi", "top2_shap": 0.5511, "top3_feature": "built_surface_ratio", "top3_shap": 0.5061, "priority_score": 80.3432, "priority_rank": 6 }, "geometry": { "type": "Polygon", "coordinates": [ [ [ 126.931580174159109, 37.489381639405373 ], [ 126.931563098363853, 37.4916349485244 ], [ 126.934391016192947, 37.491648521580309 ], [ 126.934408007048887, 37.489395211362897 ], [ 126.931580174159109, 37.489381639405373 ] ] ] } },
{ "type": "Feature", "properties": { "display_grid_id": "11620_00514", "gu_code": 11620, "gu_name": "관악구", "source_cell_count": 12, "area_m2": 62500.0, "mean_actual_lst": 36.0274, "mean_actual_anomaly": -0.4726, "seoul_anomaly": -1.5852, "pred_anomaly": -1.9403, "pred_anomaly_std": 0.7961, "green_delta_c": -0.876, "building_ratio": 0.1067, "green_ratio": 0.6136, "ndvi": 0.4272, "impervious_ratio": 0.1824, "built_surface_ratio": 0.1824, "avg_ground_floor_count": 1.728, "elevation_m": 87.9694, "albedo": 0.1299, "nearest_park_distance_m": 472.3068, "park_area_within_500m": 12308.0432, "nearest_stream_distance_m": 365.3396, "est_population_density": 8553.6, "dong_elderly_ratio": 0.2057, "dong_avg_age": 44.1, "dong_pop_density": 31844.7, "nearest_shelter_distance_m": 248.76, "shelter_count_within_500m": 4.92, "est_population": 534.6, "est_elderly": 109.9, "shelter_capacity_within_500m": 1119.4, "building_form_group": "low_floor_low_density", "dong_name": "보라매동", "top1_feature": "green_ratio", "top1_shap": -0.8422, "top2_feature": "built_surface_ratio", "top2_shap": -0.3935, "top3_feature": "ndvi", "top3_shap": -0.5091, "priority_score": 58.0148, "priority_rank": 188 }, "geometry": { "type": "Polygon", "coordinates": [ [ [ 126.934408007048887, 37.489395211362897 ], [ 126.934391016192947, 37.491648521580309 ], [ 126.937218935914075, 37.491662026949513 ], [ 126.937235841830457, 37.489408715639179 ], [ 126.934408007048887, 37.489395211362897 ] ] ] } },
{ "type": "Feature", "properties": { "display_grid_id": "11620_00515", "gu_code": 11620, "gu_name": "관악구", "source_cell_count": 12, "area_m2": 62500.0, "mean_actual_lst": 34.7205, "mean_actual_anomaly": -1.685, "seoul_anomaly": -2.7976, "pred_anomaly": -3.3324, "pred_anomaly_std": 0.7953, "green_delta_c": -1.0772, "building_ratio": 0.0438, "green_ratio": 0.7131, "ndvi": 0.4815, "impervious_ratio": 0.1242, "built_surface_ratio": 0.1242, "avg_ground_floor_count": 1.245, "elevation_m": 119.169, "albedo": 0.1409, "nearest_park_distance_m": 591.318, "park_area_within_500m": 146.8688, "nearest_stream_distance_m": 504.978, "est_population_density": 4759.2, "dong_elderly_ratio": 0.2062, "dong_avg_age": 44.004, "dong_pop_density": 34284.828, "nearest_shelter_distance_m": 249.16, "shelter_count_within_500m": 5.16, "est_population": 297.4, "est_elderly": 61.1, "shelter_capacity_within_500m": 1022.6, "building_form_group": "no_building", "dong_name": "보라매동", "top1_feature": "green_ratio", "top1_shap": -1.0574, "top2_feature": "built_surface_ratio", "top2_shap": -0.7491, "top3_feature": "impervious_ratio", "top3_shap": -0.5734, "priority_score": 56.9017, "priority_rank": 199 }, "geometry": { "type": "Polygon", "coordinates": [ [ [ 126.937235841830457, 37.489408715639179 ], [ 126.937218935914075, 37.491662026949513 ], [ 126.940046857517785, 37.491675464631847 ], [ 126.940063678494354, 37.489422152234084 ], [ 126.937235841830457, 37.489408715639179 ] ] ] } },
{ "type": "Feature", "properties": { "display_grid_id": "11620_00516", "gu_code": 11620, "gu_name": "관악구", "source_cell_count": 13, "area_m2": 62500.0, "mean_actual_lst": 40.1184, "mean_actual_anomaly": 3.8771, "seoul_anomaly": 2.7645, "pred_anomaly": 1.7795, "pred_anomaly_std": 1.0067, "green_delta_c": -0.8673, "building_ratio": 0.3079, "green_ratio": 0.36, "ndvi": 0.2134, "impervious_ratio": 0.3119, "built_surface_ratio": 0.3119, "avg_ground_floor_count": 3.1903, "elevation_m": 114.1338, "albedo": 0.1242, "nearest_park_distance_m": 434.014, "park_area_within_500m": 13175.9848, "nearest_stream_distance_m": 661.9712, "est_population_density": 28144.8, "dong_elderly_ratio": 0.2076, "dong_avg_age": 43.7, "dong_pop_density": 42011.9, "nearest_shelter_distance_m": 91.674, "shelter_count_within_500m": 9.0, "est_population": 1759.1, "est_elderly": 365.2, "shelter_capacity_within_500m": 1141.2, "building_form_group": "low_floor_high_density", "dong_name": "은천동", "top1_feature": "ndvi", "top1_shap": 0.018, "top2_feature": "green_ratio", "top2_shap": -0.3879, "top3_feature": "building_ratio", "top3_shap": 0.4247, "priority_score": 64.7774, "priority_rank": 111 }, "geometry": { "type": "Polygon", "coordinates": [ [ [ 126.940063678494354, 37.489422152234084 ], [ 126.940046857517785, 37.491675464631847 ], [ 126.9428747809946, 37.491688834627176 ], [ 126.942891517031171, 37.489435521147463 ], [ 126.940063678494354, 37.489422152234084 ] ] ] } },
{ "type": "Feature", "properties": { "display_grid_id": "11620_00517", "gu_code": 11620, "gu_name": "관악구", "source_cell_count": 13, "area_m2": 62500.0, "mean_actual_lst": 39.8813, "mean_actual_anomaly": 3.4098, "seoul_anomaly": 2.2972, "pred_anomaly": 2.4501, "pred_anomaly_std": 1.0156, "green_delta_c": -0.6627, "building_ratio": 0.1827, "green_ratio": 0.2467, "ndvi": 0.1657, "impervious_ratio": 0.4489, "built_surface_ratio": 0.4489, "avg_ground_floor_count": 2.3667, "elevation_m": 92.5925, "albedo": 0.11, "nearest_park_distance_m": 208.6876, "park_area_within_500m": 74080.9608, "nearest_stream_distance_m": 804.6496, "est_population_density": 14441.6, "dong_elderly_ratio": 0.2084, "dong_avg_age": 43.756, "dong_pop_density": 41931.124, "nearest_shelter_distance_m": 114.8524, "shelter_count_within_500m": 11.96, "est_population": 902.6, "est_elderly": 188.1, "shelter_capacity_within_500m": 1626.7, "building_form_group": "low_floor_low_density", "dong_name": "은천동", "top1_feature": "built_surface_ratio", "top1_shap": 0.6597, "top2_feature": "impervious_ratio", "top2_shap": 0.6075, "top3_feature": "ndvi", "top3_shap": 0.2722, "priority_score": 58.7291, "priority_rank": 181 }, "geometry": { "type": "Polygon", "coordinates": [ [ [ 126.942891517031171, 37.489435521147463 ], [ 126.9428747809946, 37.491688834627176 ], [ 126.945702706335084, 37.491702136935388 ], [ 126.945719357431429, 37.489448822379167 ], [ 126.942891517031171, 37.489435521147463 ] ] ] } },
{ "type": "Feature", "properties": { "display_grid_id": "11620_00518", "gu_code": 11620, "gu_name": "관악구", "source_cell_count": 13, "area_m2": 62500.0, "mean_actual_lst": 39.4821, "mean_actual_anomaly": 2.823, "seoul_anomaly": 1.7104, "pred_anomaly": 2.7474, "pred_anomaly_std": 0.9408, "green_delta_c": -0.2803, "building_ratio": 0.2293, "green_ratio": 0.2105, "ndvi": 0.1271, "impervious_ratio": 0.561, "built_surface_ratio": 0.561, "avg_ground_floor_count": 1.3438, "elevation_m": 79.4849, "albedo": 0.1216, "nearest_park_distance_m": 81.1904, "park_area_within_500m": 150556.2412, "nearest_stream_distance_m": 928.0564, "est_population_density": 8856.4, "dong_elderly_ratio": 0.2175, "dong_avg_age": 44.4, "dong_pop_density": 41002.2, "nearest_shelter_distance_m": 76.3812, "shelter_count_within_500m": 12.0, "est_population": 553.5, "est_elderly": 120.5, "shelter_capacity_within_500m": 1597.0, "building_form_group": "low_floor_low_density", "dong_name": "성현동", "top1_feature": "built_surface_ratio", "top1_shap": 0.7297, "top2_feature": "impervious_ratio", "top2_shap": 0.7106, "top3_feature": "ndvi", "top3_shap": 0.3398, "priority_score": 46.1178, "priority_rank": 322 }, "geometry": { "type": "Polygon", "coordinates": [ [ [ 126.945719357431429, 37.489448822379167 ], [ 126.945702706335084, 37.491702136935388 ], [ 126.948530633529757, 37.491715371556289 ], [ 126.948547199685649, 37.489462055929089 ], [ 126.945719357431429, 37.489448822379167 ] ] ] } },
{ "type": "Feature", "properties": { "display_grid_id": "11620_00519", "gu_code": 11620, "gu_name": "관악구", "source_cell_count": 14, "area_m2": 62500.0, "mean_actual_lst": 37.9779, "mean_actual_anomaly": 1.6256, "seoul_anomaly": 0.5129, "pred_anomaly": 1.0957, "pred_anomaly_std": 0.9942, "green_delta_c": -0.9571, "building_ratio": 0.1233, "green_ratio": 0.2777, "ndvi": 0.2356, "impervious_ratio": 0.4199, "built_surface_ratio": 0.4199, "avg_ground_floor_count": 1.0645, "elevation_m": 120.2061, "albedo": 0.0989, "nearest_park_distance_m": 141.0904, "park_area_within_500m": 171012.9084, "nearest_stream_distance_m": 957.8308, "est_population_density": 3885.2, "dong_elderly_ratio": 0.2175, "dong_avg_age": 44.4, "dong_pop_density": 41002.2, "nearest_shelter_distance_m": 102.8412, "shelter_count_within_500m": 10.8, "est_population": 242.8, "est_elderly": 52.9, "shelter_capacity_within_500m": 1632.0, "building_form_group": "low_floor_low_density", "dong_name": "성현동", "top1_feature": "built_surface_ratio", "top1_shap": 0.6369, "top2_feature": "impervious_ratio", "top2_shap": 0.6291, "top3_feature": "green_ratio", "top3_shap": 0.2853, "priority_score": 58.7616, "priority_rank": 179 }, "geometry": { "type": "Polygon", "coordinates": [ [ [ 126.948547199685649, 37.489462055929089 ], [ 126.948530633529757, 37.491715371556289 ], [ 126.951358562569155, 37.491728538489788 ], [ 126.95137504378441, 37.489475221797072 ], [ 126.948547199685649, 37.489462055929089 ] ] ] } },
{ "type": "Feature", "properties": { "display_grid_id": "11620_00520", "gu_code": 11620, "gu_name": "관악구", "source_cell_count": 14, "area_m2": 50451.17, "mean_actual_lst": 35.767, "mean_actual_anomaly": -0.0405, "seoul_anomaly": -1.1532, "pred_anomaly": -0.5927, "pred_anomaly_std": 0.9231, "green_delta_c": -0.8442, "building_ratio": 0.0694, "green_ratio": 0.4087, "ndvi": 0.3139, "impervious_ratio": 0.3797, "built_surface_ratio": 0.3797, "avg_ground_floor_count": 3.1295, "elevation_m": 127.247, "albedo": 0.1184, "nearest_park_distance_m": 207.121, "park_area_within_500m": 127706.1066, "nearest_stream_distance_m": 942.2585, "est_population_density": 10732.1678, "dong_elderly_ratio": 0.2175, "dong_avg_age": 44.4, "dong_pop_density": 41002.2, "nearest_shelter_distance_m": 163.6616, "shelter_count_within_500m": 10.1625, "est_population": 541.4, "est_elderly": 117.8, "shelter_capacity_within_500m": 2314.3, "building_form_group": "low_floor_low_density", "dong_name": "성현동", "top1_feature": "green_ratio", "top1_shap": -0.4513, "top2_feature": "built_surface_ratio", "top2_shap": 0.4501, "top3_feature": "impervious_ratio", "top3_shap": 0.4497, "priority_score": 57.4026, "priority_rank": 195 }, "geometry": { "type": "Polygon", "coordinates": [ [ [ 126.954202889718232, 37.489488319982961 ], [ 126.95137504378441, 37.489475221797072 ], [ 126.951358562569155, 37.491728538489788 ], [ 126.952191339292753, 37.491732403023484 ], [ 126.95224115000002, 37.49165598 ], [ 126.952802410000018, 37.49146531 ], [ 126.95281162000002, 37.49144364 ], [ 126.95283871, 37.491343130000011 ], [ 126.95284509, 37.49132821 ], [ 126.95336285, 37.49090918 ], [ 126.95371445, 37.49062606 ], [ 126.95390324, 37.49075341 ], [ 126.954177680000015, 37.49093682 ], [ 126.954192342363228, 37.49093785756429 ], [ 126.954202889718232, 37.489488319982961 ] ] ] } },
{ "type": "Feature", "properties": { "display_grid_id": "11620_00521", "gu_code": 11620, "gu_name": "관악구", "source_cell_count": 13, "area_m2": 51521.97, "mean_actual_lst": 38.551, "mean_actual_anomaly": 2.6639, "seoul_anomaly": 1.5512, "pred_anomaly": 0.68, "pred_anomaly_std": 0.8584, "green_delta_c": -0.5186, "building_ratio": 0.1604, "green_ratio": 0.2516, "ndvi": 0.1942, "impervious_ratio": 0.5059, "built_surface_ratio": 0.5059, "avg_ground_floor_count": 14.2623, "elevation_m": 113.8686, "albedo": 0.102, "nearest_park_distance_m": 114.7084, "park_area_within_500m": 100583.8332, "nearest_stream_distance_m": 974.6789, "est_population_density": 61359.252, "dong_elderly_ratio": 0.2165, "dong_avg_age": 44.3088, "dong_pop_density": 41285.0459, "nearest_shelter_distance_m": 159.4408, "shelter_count_within_500m": 11.7321, "est_population": 3161.4, "est_elderly": 687.0, "shelter_capacity_within_500m": 3161.1, "building_form_group": "high_floor_low_density", "dong_name": "성현동", "top1_feature": "built_surface_ratio", "top1_shap": 0.6293, "top2_feature": "impervious_ratio", "top2_shap": 0.6144, "top3_feature": "avg_ground_floor_count", "top3_shap": -0.442, "priority_score": 62.4861, "priority_rank": 136 }, "geometry": { "type": "Polygon", "coordinates": [ [ [ 126.95703073747768, 37.489501350486655 ], [ 126.954202889718232, 37.489488319982961 ], [ 126.954192342363228, 37.49093785756429 ], [ 126.95442979, 37.49095466 ], [ 126.954846210000014, 37.49098494 ], [ 126.95485663, 37.49099087 ], [ 126.95487271, 37.49099538 ], [ 126.95507646, 37.49121536 ], [ 126.95514761, 37.49129394 ], [ 126.95515997, 37.49131084 ], [ 126.95521366, 37.49133451 ], [ 126.955235029999983, 37.49134437 ], [ 126.95535691, 37.49141397 ], [ 126.95540583, 37.49144186 ], [ 126.95603143, 37.49148941 ], [ 126.9562293, 37.49149737 ], [ 126.9564593, 37.49156616 ], [ 126.95649197, 37.49158954 ], [ 126.95660555000002, 37.49163885 ], [ 126.95665607, 37.49166084 ], [ 126.95687794, 37.49172061 ], [ 126.95695886, 37.49172121 ], [ 126.957014509466688, 37.491743159427244 ], [ 126.95703073747768, 37.489501350486655 ] ] ] } },
{ "type": "Feature", "properties": { "display_grid_id": "11620_00522", "gu_code": 11620, "gu_name": "관악구", "source_cell_count": 15, "area_m2": 62498.33, "mean_actual_lst": 41.3743, "mean_actual_anomaly": 5.3258, "seoul_anomaly": 4.2132, "pred_anomaly": 3.0803, "pred_anomaly_std": 0.8737, "green_delta_c": -1.0064, "building_ratio": 0.3888, "green_ratio": 0.2606, "ndvi": 0.1431, "impervious_ratio": 0.3934, "built_surface_ratio": 0.3934, "avg_ground_floor_count": 3.6646, "elevation_m": 99.6064, "albedo": 0.1144, "nearest_park_distance_m": 6.0251, "park_area_within_500m": 81141.2504, "nearest_stream_distance_m": 1068.8394, "est_population_density": 33910.8191, "dong_elderly_ratio": 0.2157, "dong_avg_age": 44.0, "dong_pop_density": 48552.9, "nearest_shelter_distance_m": 119.6465, "shelter_count_within_500m": 12.2401, "est_population": 2119.4, "est_elderly": 457.2, "shelter_capacity_within_500m": 3123.6, "building_form_group": "low_floor_high_density", "dong_name": "청림동", "top1_feature": "building_ratio", "top1_shap": 0.6743, "top2_feature": "built_surface_ratio", "top2_shap": 0.5958, "top3_feature": "impervious_ratio", "top3_shap": 0.3232, "priority_score": 76.308, "priority_rank": 24 }, "geometry": { "type": "Polygon", "coordinates": [ [ [ 126.95984236066127, 37.49176763316445 ], [ 126.959858587053262, 37.489514313308007 ], [ 126.95703073747768, 37.489501350486655 ], [ 126.957014509466688, 37.491743159427244 ], [ 126.957044036073754, 37.491754805383103 ], [ 126.95984236066127, 37.49176763316445 ] ] ] } },
{ "type": "Feature", "properties": { "display_grid_id": "11620_00523", "gu_code": 11620, "gu_name": "관악구", "source_cell_count": 8, "area_m2": 26420.75, "mean_actual_lst": 39.6868, "mean_actual_anomaly": 3.6521, "seoul_anomaly": 2.5394, "pred_anomaly": 2.0998, "pred_anomaly_std": 0.9224, "green_delta_c": -0.7726, "building_ratio": 0.2384, "green_ratio": 0.2557, "ndvi": 0.2219, "impervious_ratio": 0.4389, "built_surface_ratio": 0.4389, "avg_ground_floor_count": 1.7935, "elevation_m": 102.4365, "albedo": 0.1151, "nearest_park_distance_m": 30.6413, "park_area_within_500m": 75282.3172, "nearest_stream_distance_m": 1140.9285, "est_population_density": 16504.3111, "dong_elderly_ratio": 0.2157, "dong_avg_age": 44.0, "dong_pop_density": 48552.9, "nearest_shelter_distance_m": 94.4099, "shelter_count_within_500m": 9.4339, "est_population": 436.1, "est_elderly": 94.1, "shelter_capacity_within_500m": 1418.7, "building_form_group": "low_floor_low_density", "dong_name": "청림동", "top1_feature": "built_surface_ratio", "top1_shap": 0.6607, "top2_feature": "impervious_ratio", "top2_shap": 0.5628, "top3_feature": "ndvi", "top3_shap": 0.0032, "priority_score": 59.9026, "priority_rank": 167 }, "geometry": { "type": "Polygon", "coordinates": [ [ [ 126.959858587053262, 37.489514313308007 ], [ 126.95984236066127, 37.49176763316445 ], [ 126.961388952802281, 37.491774694445809 ], [ 126.96138913, 37.49177206 ], [ 126.961389849999989, 37.49175714 ], [ 126.961393220000019, 37.49169773 ], [ 126.9613943, 37.49167605 ], [ 126.96139879, 37.49155357 ], [ 126.96140076, 37.49149501 ], [ 126.96139952, 37.49149248 ], [ 126.96139723, 37.49148431 ], [ 126.96127804000001, 37.49135757 ], [ 126.96117933, 37.49125279 ], [ 126.96102994, 37.49109423 ], [ 126.960936890000013, 37.49099452 ], [ 126.960797040000017, 37.49084665 ], [ 126.96078185, 37.49083059 ], [ 126.96078115, 37.49082525 ], [ 126.96078044, 37.49082243 ], [ 126.960791089999987, 37.490745 ], [ 126.96080776, 37.49062366 ], [ 126.96082106, 37.49052765 ], [ 126.96083525, 37.4904246 ], [ 126.96084323, 37.4903666 ], [ 126.96084554, 37.49035168 ], [ 126.96084979, 37.49032521 ], [ 126.9608583, 37.49027172000001 ], [ 126.960872309999985, 37.49018331 ], [ 126.96087232, 37.49017599 ], [ 126.96088257, 37.490158540000017 ], [ 126.96088893000001, 37.49014841 ], [ 126.9609943, 37.49002962 ], [ 126.96101393, 37.48999584 ], [ 126.961068769999983, 37.48986437 ], [ 126.961218607270681, 37.489520523514926 ], [ 126.959858587053262, 37.489514313308007 ] ] ] } },
{ "type": "Feature", "properties": { "display_grid_id": "11620_00524", "gu_code": 11620, "gu_name": "관악구", "source_cell_count": 4, "area_m2": 6643.43, "mean_actual_lst": 39.1685, "mean_actual_anomaly": 2.9885, "seoul_anomaly": 1.8758, "pred_anomaly": 1.4243, "pred_anomaly_std": 0.8947, "green_delta_c": -0.3161, "building_ratio": 0.3691, "green_ratio": 0.2472, "ndvi": 0.1429, "impervious_ratio": 0.3868, "built_surface_ratio": 0.3868, "avg_ground_floor_count": 15.3762, "elevation_m": 42.0872, "albedo": 0.102, "nearest_park_distance_m": 45.5227, "park_area_within_500m": 149301.9092, "nearest_stream_distance_m": 196.871, "est_population_density": 47880.5055, "dong_elderly_ratio": 0.2057, "dong_avg_age": 44.1, "dong_pop_density": 31844.7, "nearest_shelter_distance_m": 111.6516, "shelter_count_within_500m": 7.9272, "est_population": 318.1, "est_elderly": 65.4, "shelter_capacity_within_500m": 198.2, "building_form_group": "high_floor_high_density", "dong_name": "보라매동", "top1_feature": "avg_ground_floor_count", "top1_shap": -0.6905, "top2_feature": "built_surface_ratio", "top2_shap": 0.4798, "top3_feature": "building_ratio", "top3_shap": 0.2876, "priority_score": 46.1688, "priority_rank": 321 }, "geometry": { "type": "Polygon", "coordinates": [ [ [ 126.925907268419564, 37.491607599352967 ], [ 126.925095592376408, 37.491603652216561 ], [ 126.92511349, 37.49165535 ], [ 126.92511773, 37.49166154000001 ], [ 126.92511931, 37.4916638 ], [ 126.925162020000016, 37.49170099 ], [ 126.925242, 37.49177059 ], [ 126.92523983, 37.49181451 ], [ 126.92533635, 37.49193818 ], [ 126.92537049, 37.49206491 ], [ 126.92537384, 37.49207785 ], [ 126.92539127, 37.49213812 ], [ 126.92540614, 37.49246531 ], [ 126.92543454, 37.49251264 ], [ 126.925448090000017, 37.49256529 ], [ 126.92545352, 37.49260246 ], [ 126.92546359, 37.49261514 ], [ 126.92552008, 37.492663039999989 ], [ 126.925530990000013, 37.49269543 ], [ 126.925571530000013, 37.49279090000001 ], [ 126.9255763, 37.49279907 ], [ 126.925627119999987, 37.49285598 ], [ 126.92563613, 37.49286133 ], [ 126.925724610000017, 37.49290024 ], [ 126.92578163, 37.49294477 ], [ 126.92589633276765, 37.493036313105819 ], [ 126.925907268419564, 37.491607599352967 ] ] ] } },
{ "type": "Feature", "properties": { "display_grid_id": "11620_00525", "gu_code": 11620, "gu_name": "관악구", "source_cell_count": 14, "area_m2": 58686.3, "mean_actual_lst": 41.0411, "mean_actual_anomaly": 4.7564, "seoul_anomaly": 3.6438, "pred_anomaly": 3.1567, "pred_anomaly_std": 0.8377, "green_delta_c": -0.6972, "building_ratio": 0.346, "green_ratio": 0.2502, "ndvi": 0.1687, "impervious_ratio": 0.4027, "built_surface_ratio": 0.4027, "avg_ground_floor_count": 5.9323, "elevation_m": 39.3434, "albedo": 0.1128, "nearest_park_distance_m": 18.4765, "park_area_within_500m": 146424.3522, "nearest_stream_distance_m": 273.1444, "est_population_density": 44024.3004, "dong_elderly_ratio": 0.2057, "dong_avg_age": 44.1, "dong_pop_density": 31844.7, "nearest_shelter_distance_m": 101.8262, "shelter_count_within_500m": 6.6816, "est_population": 2583.6, "est_elderly": 531.4, "shelter_capacity_within_500m": 1438.4, "building_form_group": "high_floor_high_density", "dong_name": "보라매동", "top1_feature": "built_surface_ratio", "top1_shap": 0.5792, "top2_feature": "impervious_ratio", "top2_shap": 0.5514, "top3_feature": "building_ratio", "top3_shap": 0.2944, "priority_score": 69.0538, "priority_rank": 77 }, "geometry": { "type": "Polygon", "coordinates": [ [ [ 126.928718019790892, 37.493874614928764 ], [ 126.928735182436242, 37.491621307781898 ], [ 126.925907268419564, 37.491607599352967 ], [ 126.92589633276765, 37.493036313105819 ], [ 126.92590203, 37.49304086 ], [ 126.92591493, 37.49304594 ], [ 126.925921460000012, 37.4930482 ], [ 126.925974990000014, 37.49305808 ], [ 126.926008169999989, 37.49309217 ], [ 126.92604294, 37.49312795 ], [ 126.92608336, 37.49316965 ], [ 126.92609395, 37.49317698 ], [ 126.92610084, 37.49318177 ], [ 126.926136510000021, 37.49319868 ], [ 126.92613757, 37.49319953 ], [ 126.92614445000001, 37.49320517 ], [ 126.92617833, 37.49324939 ], [ 126.92618787, 37.4932556 ], [ 126.926221430000012, 37.49327364 ], [ 126.92622284, 37.4932742 ], [ 126.92625534, 37.49328745 ], [ 126.92630742, 37.49331874 ], [ 126.92633903, 37.49334382 ], [ 126.9264384, 37.4934489 ], [ 126.92647759, 37.49348244 ], [ 126.92649206, 37.49349427 ], [ 126.926544579999984, 37.49362917 ], [ 126.926557429999988, 37.4936748 ], [ 126.9265646, 37.49375082 ], [ 126.926564500000012, 37.49384317 ], [ 126.926565460643531, 37.49386418593307 ], [ 126.928718019790892, 37.493874614928764 ] ] ] } },
{ "type": "Feature", "properties": { "display_grid_id": "11620_00526", "gu_code": 11620, "gu_name": "관악구", "source_cell_count": 10, "area_m2": 57754.42, "mean_actual_lst": 42.2462, "mean_actual_anomaly": 5.9481, "seoul_anomaly": 4.8354, "pred_anomaly": 4.4608, "pred_anomaly_std": 0.8724, "green_delta_c": -1.1281, "building_ratio": 0.4665, "green_ratio": 0.2933, "ndvi": 0.1312, "impervious_ratio": 0.2846, "built_surface_ratio": 0.2846, "avg_ground_floor_count": 2.9634, "elevation_m": 45.6769, "albedo": 0.1141, "nearest_park_distance_m": 63.6436, "park_area_within_500m": 138644.033, "nearest_stream_distance_m": 332.8424, "est_population_density": 39216.5787, "dong_elderly_ratio": 0.2057, "dong_avg_age": 44.1, "dong_pop_density": 31844.7, "nearest_shelter_distance_m": 114.7424, "shelter_count_within_500m": 7.2901, "est_population": 2264.9, "est_elderly": 466.0, "shelter_capacity_within_500m": 1689.0, "building_form_group": "low_floor_high_density", "dong_name": "보라매동", "top1_feature": "building_ratio", "top1_shap": 0.9691, "top2_feature": "ndvi", "top2_shap": 0.5947, "top3_feature": "built_surface_ratio", "top3_shap": 0.5308, "priority_score": 78.423, "priority_rank": 11 }, "geometry": { "type": "Polygon", "coordinates": [ [ [ 126.931563098363853, 37.4916349485244 ], [ 126.928735182436242, 37.491621307781898 ], [ 126.928718019790892, 37.493874614928764 ], [ 126.930253679011429, 37.493882031115454 ], [ 126.930323160000015, 37.49384128 ], [ 126.930416849999986, 37.49378699 ], [ 126.93052469, 37.49372849 ], [ 126.930570650000021, 37.49370233 ], [ 126.93057718999998, 37.49369868 ], [ 126.93064207, 37.49366098 ], [ 126.930752379999987, 37.49359742 ], [ 126.93091608, 37.49350376 ], [ 126.93112239, 37.49338618 ], [ 126.93129369, 37.4932883 ], [ 126.93131773, 37.49327452 ], [ 126.93134054, 37.49326158 ], [ 126.931342650000019, 37.49326018 ], [ 126.93134676, 37.49322611 ], [ 126.931356290000011, 37.49322133 ], [ 126.93136125, 37.49321542 ], [ 126.931551457562065, 37.49317091567444 ], [ 126.931563098363853, 37.4916349485244 ] ] ] } },
{ "type": "Feature", "properties": { "display_grid_id": "11620_00527", "gu_code": 11620, "gu_name": "관악구", "source_cell_count": 12, "area_m2": 39094.3, "mean_actual_lst": 42.0762, "mean_actual_anomaly": 5.7799, "seoul_anomaly": 4.6673, "pred_anomaly": 3.9746, "pred_anomaly_std": 0.8357, "green_delta_c": -0.8068, "building_ratio": 0.3135, "green_ratio": 0.2485, "ndvi": 0.1616, "impervious_ratio": 0.4584, "built_surface_ratio": 0.4584, "avg_ground_floor_count": 3.1548, "elevation_m": 54.903, "albedo": 0.1299, "nearest_park_distance_m": 277.3349, "park_area_within_500m": 62899.9084, "nearest_stream_distance_m": 394.3709, "est_population_density": 27926.5801, "dong_elderly_ratio": 0.2056, "dong_avg_age": 44.1116, "dong_pop_density": 32013.1704, "nearest_shelter_distance_m": 177.8515, "shelter_count_within_500m": 6.4452, "est_population": 1091.8, "est_elderly": 224.4, "shelter_capacity_within_500m": 1192.5, "building_form_group": "low_floor_low_density", "dong_name": "보라매동", "top1_feature": "built_surface_ratio", "top1_shap": 0.6554, "top2_feature": "impervious_ratio", "top2_shap": 0.5204, "top3_feature": "building_ratio", "top3_shap": 0.3808, "priority_score": 72.3794, "priority_rank": 56 }, "geometry": { "type": "Polygon", "coordinates": [ [ [ 126.934391016192947, 37.491648521580309 ], [ 126.931563098363853, 37.4916349485244 ], [ 126.931551457562065, 37.49317091567444 ], [ 126.932053830000015, 37.49305337 ], [ 126.93239932, 37.49297305 ], [ 126.93240444, 37.49297136 ], [ 126.932442130000013, 37.49292323 ], [ 126.933461630000011, 37.4930708 ], [ 126.93382749, 37.49314703000001 ], [ 126.933881920000019, 37.49312566 ], [ 126.93398883, 37.49310799 ], [ 126.934011449999986, 37.49310433 ], [ 126.93413161, 37.49308329 ], [ 126.93420088, 37.49307122 ], [ 126.934282180000011, 37.49305663 ], [ 126.93430815, 37.49305214 ], [ 126.93435038, 37.49304568 ], [ 126.934380304279145, 37.493068995419399 ], [ 126.934391016192947, 37.491648521580309 ] ] ] } },
{ "type": "Feature", "properties": { "display_grid_id": "11620_00528", "gu_code": 11620, "gu_name": "관악구", "source_cell_count": 6, "area_m2": 22501.97, "mean_actual_lst": 36.2438, "mean_actual_anomaly": -0.1828, "seoul_anomaly": -1.2954, "pred_anomaly": -0.8257, "pred_anomaly_std": 0.8822, "green_delta_c": -0.7875, "building_ratio": 0.1388, "green_ratio": 0.5107, "ndvi": 0.3963, "impervious_ratio": 0.2925, "built_surface_ratio": 0.2925, "avg_ground_floor_count": 1.4187, "elevation_m": 81.6791, "albedo": 0.1279, "nearest_park_distance_m": 495.1986, "park_area_within_500m": 1681.6242, "nearest_stream_distance_m": 481.4639, "est_population_density": 9494.7223, "dong_elderly_ratio": 0.2042, "dong_avg_age": 44.2981, "dong_pop_density": 34719.666, "nearest_shelter_distance_m": 172.8635, "shelter_count_within_500m": 4.1949, "est_population": 213.6, "est_elderly": 43.8, "shelter_capacity_within_500m": 613.7, "building_form_group": "no_building", "dong_name": "보라매동", "top1_feature": "built_surface_ratio", "top1_shap": 0.0054, "top2_feature": "impervious_ratio", "top2_shap": 0.1196, "top3_feature": "ndvi", "top3_shap": -0.4251, "priority_score": 53.6178, "priority_rank": 238 }, "geometry": { "type": "Polygon", "coordinates": [ [ [ 126.937218935914075, 37.491662026949513 ], [ 126.934391016192947, 37.491648521580309 ], [ 126.934380304279145, 37.493068995419399 ], [ 126.9343804, 37.49306907 ], [ 126.934693560000014, 37.49298225 ], [ 126.9349804, 37.49289062 ], [ 126.935373110000015, 37.49276301 ], [ 126.935502880000016, 37.49267017 ], [ 126.93584127, 37.49242033 ], [ 126.93614508, 37.49231829 ], [ 126.93635343, 37.49206246 ], [ 126.93655138, 37.49199049 ], [ 126.937216903926313, 37.491932844242505 ], [ 126.937218935914075, 37.491662026949513 ] ] ] } },
{ "type": "Feature", "properties": { "display_grid_id": "11620_00529", "gu_code": 11620, "gu_name": "관악구", "source_cell_count": 8, "area_m2": 18317.92, "mean_actual_lst": 32.1985, "mean_actual_anomaly": -4.1708, "seoul_anomaly": -5.2834, "pred_anomaly": -4.9991, "pred_anomaly_std": 0.8585, "green_delta_c": -1.0753, "building_ratio": 0.0, "green_ratio": 0.7906, "ndvi": 0.504, "impervious_ratio": 0.0586, "built_surface_ratio": 0.0586, "avg_ground_floor_count": 0.0, "elevation_m": 145.4747, "albedo": 0.1412, "nearest_park_distance_m": 666.2547, "park_area_within_500m": 0.0, "nearest_stream_distance_m": 635.1484, "est_population_density": 0.0, "dong_elderly_ratio": 0.2066, "dong_avg_age": 43.902, "dong_pop_density": 36914.0152, "nearest_shelter_distance_m": 249.6237, "shelter_count_within_500m": 5.0178, "est_population": 0.0, "est_elderly": 0.0, "shelter_capacity_within_500m": 688.3, "building_form_group": "no_building", "dong_name": "보라매동", "top1_feature": "built_surface_ratio", "top1_shap": -1.3774, "top2_feature": "impervious_ratio", "top2_shap": -1.1981, "top3_feature": "green_ratio", "top3_shap": -0.8382, "priority_score": 41.7301, "priority_rank": 366 }, "geometry": { "type": "Polygon", "coordinates": [ [ [ 126.940046857517785, 37.491675464631847 ], [ 126.937218935914075, 37.491662026949513 ], [ 126.937216903926313, 37.491932844242505 ], [ 126.937258859999986, 37.49192921 ], [ 126.937285890000013, 37.49194359 ], [ 126.93731132, 37.49195656 ], [ 126.93737187, 37.4920053 ], [ 126.93759763, 37.49206145 ], [ 126.93784712999998, 37.49224038 ], [ 126.9381466, 37.4922473 ], [ 126.93834367, 37.49237411 ], [ 126.93883346, 37.49233664 ], [ 126.938888250000019, 37.49232569 ], [ 126.93913797, 37.49223994 ], [ 126.93923499, 37.49220733 ], [ 126.93934979, 37.49225864000001 ], [ 126.93944235, 37.49229923 ], [ 126.93946618, 37.49233359 ], [ 126.93947376, 37.49234345 ], [ 126.93948463000001, 37.49244369 ], [ 126.93948709, 37.49246622 ], [ 126.939489559999984, 37.49247129 ], [ 126.939560520000015, 37.49255439 ], [ 126.93956457, 37.49255721 ], [ 126.939606770000012, 37.49258735 ], [ 126.93970499, 37.49261753 ], [ 126.93971276, 37.49262824 ], [ 126.93972476, 37.49264176 ], [ 126.93973189, 37.49278057 ], [ 126.93973453000001, 37.49278423 ], [ 126.93973824, 37.49279071 ], [ 126.93994788, 37.49289359 ], [ 126.940037691858592, 37.492903176410088 ], [ 126.940046857517785, 37.491675464631847 ] ] ] } },
{ "type": "Feature", "properties": { "display_grid_id": "11620_00530", "gu_code": 11620, "gu_name": "관악구", "source_cell_count": 8, "area_m2": 21559.77, "mean_actual_lst": 35.5287, "mean_actual_anomaly": -0.8196, "seoul_anomaly": -1.9322, "pred_anomaly": -2.1616, "pred_anomaly_std": 0.8863, "green_delta_c": -1.0127, "building_ratio": 0.0792, "green_ratio": 0.5555, "ndvi": 0.4056, "impervious_ratio": 0.2702, "built_surface_ratio": 0.2702, "avg_ground_floor_count": 3.1106, "elevation_m": 135.0837, "albedo": 0.1538, "nearest_park_distance_m": 506.388, "park_area_within_500m": 3733.5688, "nearest_stream_distance_m": 768.9167, "est_population_density": 16311.1043, "dong_elderly_ratio": 0.2076, "dong_avg_age": 43.7, "dong_pop_density": 42011.9, "nearest_shelter_distance_m": 142.4328, "shelter_count_within_500m": 8.5932, "est_population": 351.7, "est_elderly": 73.0, "shelter_capacity_within_500m": 680.3, "building_form_group": "no_building", "dong_name": "은천동", "top1_feature": "green_ratio", "top1_shap": -0.7207, "top2_feature": "impervious_ratio", "top2_shap": -0.0531, "top3_feature": "built_surface_ratio", "top3_shap": -0.2069, "priority_score": 55.6308, "priority_rank": 217 }, "geometry": { "type": "Polygon", "coordinates": [ [ [ 126.9428747809946, 37.491688834627176 ], [ 126.940046857517785, 37.491675464631847 ], [ 126.940037691858592, 37.492903176410088 ], [ 126.94009628000002, 37.49290943 ], [ 126.940382830000019, 37.49295801 ], [ 126.94056296, 37.49284745 ], [ 126.940811870000019, 37.49288869 ], [ 126.94083183, 37.49289096 ], [ 126.940955620000011, 37.49274685000001 ], [ 126.9410681, 37.49240707 ], [ 126.94123405, 37.49235112 ], [ 126.941523530000012, 37.492261739999989 ], [ 126.94156846, 37.49219559 ], [ 126.94157871, 37.49219165 ], [ 126.94167271000002, 37.492175090000011 ], [ 126.94171865, 37.49217342 ], [ 126.941730140000018, 37.4921723 ], [ 126.941826950000021, 37.49218389 ], [ 126.94191634, 37.49219632 ], [ 126.942057140000017, 37.49221611 ], [ 126.942230810000012, 37.49224041 ], [ 126.94226791, 37.49224099 ], [ 126.94229388, 37.49224156 ], [ 126.942476760000019, 37.49222223000001 ], [ 126.94250715, 37.49221887 ], [ 126.94252659, 37.49221662 ], [ 126.94256637, 37.4921806 ], [ 126.942596080000015, 37.49215669 ], [ 126.94260685, 37.49215387000001 ], [ 126.942618339999981, 37.49214909 ], [ 126.942715860000021, 37.49215562 ], [ 126.942819930000013, 37.49216215 ], [ 126.94283741, 37.49216412 ], [ 126.942871142270207, 37.492178713403419 ], [ 126.9428747809946, 37.491688834627176 ] ] ] } },
{ "type": "Feature", "properties": { "display_grid_id": "11620_00531", "gu_code": 11620, "gu_name": "관악구", "source_cell_count": 11, "area_m2": 29629.71, "mean_actual_lst": 37.4514, "mean_actual_anomaly": 0.8207, "seoul_anomaly": -0.2919, "pred_anomaly": 0.0268, "pred_anomaly_std": 0.9044, "green_delta_c": -0.6294, "building_ratio": 0.0807, "green_ratio": 0.3714, "ndvi": 0.3083, "impervious_ratio": 0.4033, "built_surface_ratio": 0.4033, "avg_ground_floor_count": 5.6668, "elevation_m": 100.7226, "albedo": 0.1301, "nearest_park_distance_m": 258.613, "park_area_within_500m": 83808.6119, "nearest_stream_distance_m": 968.8998, "est_population_density": 18379.7371, "dong_elderly_ratio": 0.2148, "dong_avg_age": 44.2106, "dong_pop_density": 41254.5771, "nearest_shelter_distance_m": 101.4594, "shelter_count_within_500m": 11.8248, "est_population": 544.6, "est_elderly": 115.2, "shelter_capacity_within_500m": 1444.7, "building_form_group": "high_floor_low_density", "dong_name": "성현동", "top1_feature": "impervious_ratio", "top1_shap": 0.6103, "top2_feature": "green_ratio", "top2_shap": -0.3656, "top3_feature": "ndvi", "top3_shap": -0.3004, "priority_score": 50.0974, "priority_rank": 281 }, "geometry": { "type": "Polygon", "coordinates": [ [ [ 126.945702706335084, 37.491702136935388 ], [ 126.9428747809946, 37.491688834627176 ], [ 126.942871142270207, 37.492178713403419 ], [ 126.942914959999982, 37.49219767 ], [ 126.94293226, 37.49220331 ], [ 126.942961589999982, 37.49221234 ], [ 126.943039499999983, 37.49222026 ], [ 126.943371810000016, 37.49225534 ], [ 126.94341544000001, 37.49227929 ], [ 126.94350319, 37.49234832 ], [ 126.94352103, 37.49235649 ], [ 126.94353163000001, 37.49236184 ], [ 126.94356572, 37.49236806 ], [ 126.94357862, 37.49237031 ], [ 126.94358745, 37.49237172 ], [ 126.94365936, 37.49238331 ], [ 126.943826090000016, 37.49244899 ], [ 126.9439552, 37.4925017 ], [ 126.94415822, 37.49249533 ], [ 126.944244260000019, 37.49249396 ], [ 126.944367950000014, 37.49249205 ], [ 126.944405230000015, 37.49249404 ], [ 126.94443932, 37.49250053 ], [ 126.94446273, 37.4930786 ], [ 126.94446465, 37.49307911 ], [ 126.94452968, 37.49309665 ], [ 126.94453795, 37.49314254 ], [ 126.94476759, 37.49320066 ], [ 126.945486409999987, 37.49335022 ], [ 126.945689817162986, 37.493446195115943 ], [ 126.945702706335084, 37.491702136935388 ] ] ] } },
{ "type": "Feature", "properties": { "display_grid_id": "11620_00532", "gu_code": 11620, "gu_name": "관악구", "source_cell_count": 10, "area_m2": 56054.43, "mean_actual_lst": 36.9148, "mean_actual_anomaly": 0.4647, "seoul_anomaly": -0.6479, "pred_anomaly": 0.3235, "pred_anomaly_std": 0.9166, "green_delta_c": -0.5963, "building_ratio": 0.1072, "green_ratio": 0.3648, "ndvi": 0.2799, "impervious_ratio": 0.4227, "built_surface_ratio": 0.4227, "avg_ground_floor_count": 1.3556, "elevation_m": 106.4435, "albedo": 0.125, "nearest_park_distance_m": 120.4397, "park_area_within_500m": 192793.286, "nearest_stream_distance_m": 1134.8134, "est_population_density": 6362.4984, "dong_elderly_ratio": 0.2175, "dong_avg_age": 44.4, "dong_pop_density": 41002.2, "nearest_shelter_distance_m": 95.8905, "shelter_count_within_500m": 11.4278, "est_population": 356.6, "est_elderly": 77.6, "shelter_capacity_within_500m": 1849.6, "building_form_group": "low_floor_low_density", "dong_name": "성현동", "top1_feature": "impervious_ratio", "top1_shap": 0.603, "top2_feature": "green_ratio", "top2_shap": -0.2682, "top3_feature": "built_surface_ratio", "top3_shap": 0.4458, "priority_score": 47.4861, "priority_rank": 307 }, "geometry": { "type": "Polygon", "coordinates": [ [ [ 126.948530633529757, 37.491715371556289 ], [ 126.945702706335084, 37.491702136935388 ], [ 126.945689817162986, 37.493446195115943 ], [ 126.945866330000015, 37.49352948 ], [ 126.94605665, 37.49350169 ], [ 126.94609535, 37.49349777 ], [ 126.946372260000018, 37.49366881 ], [ 126.946424009999987, 37.4936984 ], [ 126.94679367, 37.49389623 ], [ 126.946860423867051, 37.493960955144281 ], [ 126.947225365724819, 37.493962663325568 ], [ 126.947534279999985, 37.49372481 ], [ 126.947931990000015, 37.49370518 ], [ 126.94833135, 37.49368548 ], [ 126.948515743930571, 37.493740428421191 ], [ 126.948530633529757, 37.491715371556289 ] ] ] } },
{ "type": "Feature", "properties": { "display_grid_id": "11620_00533", "gu_code": 11620, "gu_name": "관악구", "source_cell_count": 8, "area_m2": 28258.8, "mean_actual_lst": 37.8424, "mean_actual_anomaly": 1.4339, "seoul_anomaly": 0.3213, "pred_anomaly": 0.3982, "pred_anomaly_std": 1.0509, "green_delta_c": -0.7424, "building_ratio": 0.1566, "green_ratio": 0.3348, "ndvi": 0.2534, "impervious_ratio": 0.3616, "built_surface_ratio": 0.3616, "avg_ground_floor_count": 2.5595, "elevation_m": 118.6802, "albedo": 0.1143, "nearest_park_distance_m": 66.8607, "park_area_within_500m": 216643.255, "nearest_stream_distance_m": 1133.2227, "est_population_density": 15786.3531, "dong_elderly_ratio": 0.2175, "dong_avg_age": 44.4, "dong_pop_density": 41002.2, "nearest_shelter_distance_m": 157.5896, "shelter_count_within_500m": 9.8144, "est_population": 446.1, "est_elderly": 97.2, "shelter_capacity_within_500m": 1089.4, "building_form_group": "low_floor_low_density", "dong_name": "성현동", "top1_feature": "impervious_ratio", "top1_shap": 0.5084, "top2_feature": "built_surface_ratio", "top2_shap": 0.466, "top3_feature": "green_ratio", "top3_shap": -0.0959, "priority_score": 56.9017, "priority_rank": 198 }, "geometry": { "type": "Polygon", "coordinates": [ [ [ 126.951358562569155, 37.491728538489788 ], [ 126.948530633529757, 37.491715371556289 ], [ 126.948515743930571, 37.493740428421191 ], [ 126.94877985, 37.49381913 ], [ 126.948805300000018, 37.49330502 ], [ 126.94881355, 37.49313918 ], [ 126.949422530000021, 37.49296657 ], [ 126.94956898, 37.49273801 ], [ 126.94996115, 37.49257628 ], [ 126.95024249, 37.49248715 ], [ 126.951248140000018, 37.49227725 ], [ 126.951354719649757, 37.492253907386456 ], [ 126.951358562569155, 37.491728538489788 ] ] ] } },
{ "type": "Feature", "properties": { "display_grid_id": "11620_00534", "gu_code": 11620, "gu_name": "관악구", "source_cell_count": 4, "area_m2": 2905.78, "mean_actual_lst": 34.394, "mean_actual_anomaly": -2.0704, "seoul_anomaly": -3.1831, "pred_anomaly": -2.884, "pred_anomaly_std": 0.8573, "green_delta_c": -0.855, "building_ratio": 0.0, "green_ratio": 0.6303, "ndvi": 0.4562, "impervious_ratio": 0.1642, "built_surface_ratio": 0.1642, "avg_ground_floor_count": 0.0, "elevation_m": 135.6955, "albedo": 0.151, "nearest_park_distance_m": 59.5924, "park_area_within_500m": 164004.5175, "nearest_stream_distance_m": 1073.5348, "est_population_density": 0.0, "dong_elderly_ratio": 0.2154, "dong_avg_age": 44.2486, "dong_pop_density": 40583.5195, "nearest_shelter_distance_m": 257.4951, "shelter_count_within_500m": 9.0, "est_population": 0.0, "est_elderly": 0.0, "shelter_capacity_within_500m": 368.5, "building_form_group": "no_building", "dong_name": "성현동", "top1_feature": "green_ratio", "top1_shap": -1.3414, "top2_feature": "ndvi", "top2_shap": -1.011, "top3_feature": "building_ratio", "top3_shap": -0.4815, "priority_score": 45.6354, "priority_rank": 328 }, "geometry": { "type": "Polygon", "coordinates": [ [ [ 126.951358562569155, 37.491728538489788 ], [ 126.951354719649757, 37.492253907386456 ], [ 126.951694679999989, 37.49217945 ], [ 126.95206429000001, 37.49192733 ], [ 126.952191339292753, 37.491732403023484 ], [ 126.951358562569155, 37.491728538489788 ] ] ] } },
{ "type": "Feature", "properties": { "display_grid_id": "11620_00535", "gu_code": 11620, "gu_name": "관악구", "source_cell_count": 8, "area_m2": 30703.15, "mean_actual_lst": 38.7401, "mean_actual_anomaly": 2.3516, "seoul_anomaly": 1.2389, "pred_anomaly": 0.8458, "pred_anomaly_std": 0.9375, "green_delta_c": -0.846, "building_ratio": 0.2205, "green_ratio": 0.2885, "ndvi": 0.2168, "impervious_ratio": 0.2773, "built_surface_ratio": 0.2773, "avg_ground_floor_count": 10.4184, "elevation_m": 119.8764, "albedo": 0.1043, "nearest_park_distance_m": 77.2063, "park_area_within_500m": 72904.9344, "nearest_stream_distance_m": 1268.935, "est_population_density": 58227.888, "dong_elderly_ratio": 0.2135, "dong_avg_age": 43.8523, "dong_pop_density": 47744.5962, "nearest_shelter_distance_m": 65.2428, "shelter_count_within_500m": 6.899, "est_population": 1787.8, "est_elderly": 383.6, "shelter_capacity_within_500m": 1096.7, "building_form_group": "high_floor_low_density", "dong_name": "청림동", "top1_feature": "built_surface_ratio", "top1_shap": 0.4671, "top2_feature": "impervious_ratio", "top2_shap": 0.4444, "top3_feature": "avg_ground_floor_count", "top3_shap": -0.2032, "priority_score": 62.2078, "priority_rank": 143 }, "geometry": { "type": "Polygon", "coordinates": [ [ [ 126.95984236066127, 37.49176763316445 ], [ 126.957044036073754, 37.491754805383103 ], [ 126.95715033, 37.49179673 ], [ 126.95734956, 37.49191281 ], [ 126.95747833, 37.49197734 ], [ 126.957600200000016, 37.49235524 ], [ 126.95778832, 37.49244119 ], [ 126.95802255, 37.49253419 ], [ 126.958146200000016, 37.4925652 ], [ 126.958452890000018, 37.49262473 ], [ 126.95858018, 37.49278583 ], [ 126.95869619, 37.49291651 ], [ 126.95875654, 37.49306014 ], [ 126.95886448, 37.4933958 ], [ 126.95889307, 37.49346479 ], [ 126.95893258, 37.49358334 ], [ 126.95894617, 37.49360503 ], [ 126.95932187, 37.49379578 ], [ 126.95933813, 37.49380338 ], [ 126.959363920000015, 37.49380339 ], [ 126.95947983, 37.49379977000001 ], [ 126.95970617, 37.49379254 ], [ 126.959758640000018, 37.49378946 ], [ 126.959827842803449, 37.493783479624945 ], [ 126.95984236066127, 37.49176763316445 ] ] ] } },
{ "type": "Feature", "properties": { "display_grid_id": "11620_00536", "gu_code": 11620, "gu_name": "관악구", "source_cell_count": 6, "area_m2": 25064.24, "mean_actual_lst": 38.4094, "mean_actual_anomaly": 2.0209, "seoul_anomaly": 0.9082, "pred_anomaly": 1.0775, "pred_anomaly_std": 1.0488, "green_delta_c": -0.8161, "building_ratio": 0.2191, "green_ratio": 0.2801, "ndvi": 0.2405, "impervious_ratio": 0.3094, "built_surface_ratio": 0.3094, "avg_ground_floor_count": 4.0377, "elevation_m": 122.6052, "albedo": 0.1028, "nearest_park_distance_m": 103.6361, "park_area_within_500m": 71755.5731, "nearest_stream_distance_m": 1327.0483, "est_population_density": 20766.3647, "dong_elderly_ratio": 0.2157, "dong_avg_age": 44.0, "dong_pop_density": 48552.9, "nearest_shelter_distance_m": 148.9413, "shelter_count_within_500m": 5.7723, "est_population": 520.5, "est_elderly": 112.3, "shelter_capacity_within_500m": 656.1, "building_form_group": "low_floor_low_density", "dong_name": "청림동", "top1_feature": "built_surface_ratio", "top1_shap": 0.494, "top2_feature": "impervious_ratio", "top2_shap": 0.432, "top3_feature": "ndvi", "top3_shap": -0.2094, "priority_score": 59.128, "priority_rank": 173 }, "geometry": { "type": "Polygon", "coordinates": [ [ [ 126.95984236066127, 37.49176763316445 ], [ 126.959827842803449, 37.493783479624945 ], [ 126.96013182, 37.49375721 ], [ 126.96027654000001, 37.49374487 ], [ 126.96028908, 37.49374375 ], [ 126.96058089, 37.49356252 ], [ 126.961052269999982, 37.49325832000001 ], [ 126.960947160000018, 37.49292266 ], [ 126.961377580000018, 37.4928741 ], [ 126.96137267, 37.49281018 ], [ 126.96137127, 37.49279131 ], [ 126.961354220000018, 37.49262322 ], [ 126.96134982, 37.49257957 ], [ 126.961338930000011, 37.49247201 ], [ 126.96133769, 37.49245963 ], [ 126.961341070000017, 37.49241796 ], [ 126.9613546, 37.49224029 ], [ 126.96135922, 37.4921806 ], [ 126.9613642, 37.492115 ], [ 126.961371500000013, 37.49202574 ], [ 126.961373990000013, 37.49199055 ], [ 126.961378969999984, 37.49192017 ], [ 126.961385740000011, 37.49182246 ], [ 126.961388952802281, 37.491774694445809 ], [ 126.95984236066127, 37.49176763316445 ] ] ] } },
{ "type": "Feature", "properties": { "display_grid_id": "11620_00537", "gu_code": 11620, "gu_name": "관악구", "source_cell_count": 5, "area_m2": 18688.78, "mean_actual_lst": 40.0503, "mean_actual_anomaly": 3.5504, "seoul_anomaly": 2.4377, "pred_anomaly": 1.8531, "pred_anomaly_std": 0.8724, "green_delta_c": -0.3089, "building_ratio": 0.2303, "green_ratio": 0.2208, "ndvi": 0.1422, "impervious_ratio": 0.4566, "built_surface_ratio": 0.4566, "avg_ground_floor_count": 12.2349, "elevation_m": 53.0915, "albedo": 0.0872, "nearest_park_distance_m": 66.4477, "park_area_within_500m": 107110.5596, "nearest_stream_distance_m": 466.9524, "est_population_density": 82263.2138, "dong_elderly_ratio": 0.2057, "dong_avg_age": 44.1, "dong_pop_density": 31844.7, "nearest_shelter_distance_m": 38.6607, "shelter_count_within_500m": 6.257, "est_population": 1537.4, "est_elderly": 316.2, "shelter_capacity_within_500m": 1075.0, "building_form_group": "high_floor_high_density", "dong_name": "보라매동", "top1_feature": "impervious_ratio", "top1_shap": 0.5892, "top2_feature": "built_surface_ratio", "top2_shap": 0.5891, "top3_feature": "avg_ground_floor_count", "top3_shap": -0.2918, "priority_score": 50.4638, "priority_rank": 279 }, "geometry": { "type": "Polygon", "coordinates": [ [ [ 126.928718019790892, 37.493874614928764 ], [ 126.926565460643531, 37.49386418593307 ], [ 126.9265671, 37.49390005 ], [ 126.92656532, 37.49392201 ], [ 126.92656212, 37.49393524 ], [ 126.92659894, 37.49404479 ], [ 126.92660735, 37.494112370000011 ], [ 126.926637690000021, 37.49415885 ], [ 126.926736749999989, 37.49422565 ], [ 126.926920560000013, 37.49435471 ], [ 126.926957590000015, 37.49441922 ], [ 126.92713434, 37.49454631 ], [ 126.92720554, 37.49472374 ], [ 126.927276660000018, 37.49481219 ], [ 126.92729626, 37.4948139 ], [ 126.92745175, 37.49499222 ], [ 126.927461120000018, 37.49499448 ], [ 126.927477, 37.49500519 ], [ 126.92749663, 37.49499423 ], [ 126.927508820000014, 37.4949962 ], [ 126.92756906, 37.49500807 ], [ 126.927671340000018, 37.4950284 ], [ 126.927778749999987, 37.49505071 ], [ 126.92778086, 37.49505072 ], [ 126.927875900000018, 37.49507105 ], [ 126.92787926, 37.49507077 ], [ 126.92790931, 37.49506965 ], [ 126.92801889, 37.49502242 ], [ 126.928219159999983, 37.49494455 ], [ 126.92840406, 37.49486302 ], [ 126.928435870000015, 37.49484698 ], [ 126.92846823, 37.49483012 ], [ 126.92847742, 37.49482393 ], [ 126.92848803, 37.49481717 ], [ 126.92849068, 37.494815770000017 ], [ 126.92854372, 37.49478708 ], [ 126.92869753, 37.49469595 ], [ 126.928711829370883, 37.494687301846554 ], [ 126.928718019790892, 37.493874614928764 ] ] ] } },
{ "type": "Feature", "properties": { "display_grid_id": "11620_00538", "gu_code": 11620, "gu_name": "관악구", "source_cell_count": 3, "area_m2": 5495.4, "mean_actual_lst": 40.3691, "mean_actual_anomaly": 3.8691, "seoul_anomaly": 2.7564, "pred_anomaly": 2.1938, "pred_anomaly_std": 1.0167, "green_delta_c": -0.9377, "building_ratio": 0.2063, "green_ratio": 0.2683, "ndvi": 0.2255, "impervious_ratio": 0.3907, "built_surface_ratio": 0.3907, "avg_ground_floor_count": 13.7164, "elevation_m": 59.9098, "albedo": 0.1024, "nearest_park_distance_m": 36.1633, "park_area_within_500m": 105985.1877, "nearest_stream_distance_m": 468.3538, "est_population_density": 70586.2137, "dong_elderly_ratio": 0.2055, "dong_avg_age": 44.1245, "dong_pop_density": 32200.1509, "nearest_shelter_distance_m": 101.4495, "shelter_count_within_500m": 7.0, "est_population": 387.9, "est_elderly": 79.7, "shelter_capacity_within_500m": 498.0, "building_form_group": "high_floor_low_density", "dong_name": "보라매동", "top1_feature": "built_surface_ratio", "top1_shap": 0.6144, "top2_feature": "impervious_ratio", "top2_shap": 0.5768, "top3_feature": "green_ratio", "top3_shap": 0.4046, "priority_score": 62.3655, "priority_rank": 140 }, "geometry": { "type": "Polygon", "coordinates": [ [ [ 126.928718019790892, 37.493874614928764 ], [ 126.928711829370883, 37.494687301846554 ], [ 126.928964480000019, 37.4945345 ], [ 126.92916797, 37.494407360000011 ], [ 126.92918051, 37.49440849 ], [ 126.92936103, 37.49428809 ], [ 126.929480360000014, 37.49421665 ], [ 126.92955161, 37.49417305 ], [ 126.92955744, 37.49417644 ], [ 126.9298624, 37.49399303 ], [ 126.929863810000015, 37.4939922 ], [ 126.930072830000015, 37.49398810000001 ], [ 126.930253679011429, 37.493882031115454 ], [ 126.928718019790892, 37.493874614928764 ] ] ] } },
{ "type": "Feature", "properties": { "display_grid_id": "11620_00539", "gu_code": 11620, "gu_name": "관악구", "source_cell_count": 1, "area_m2": 230.63, "mean_actual_lst": 32.7954, "mean_actual_anomaly": -3.7045, "seoul_anomaly": -4.8171, "pred_anomaly": -4.388, "pred_anomaly_std": 0.6884, "green_delta_c": -1.0054, "building_ratio": 0.0, "green_ratio": 0.7824, "ndvi": 0.5734, "impervious_ratio": 0.0784, "built_surface_ratio": 0.0784, "avg_ground_floor_count": 0.0, "elevation_m": 130.603, "albedo": 0.1226, "nearest_park_distance_m": 9.58, "park_area_within_500m": 213739.66, "nearest_stream_distance_m": 1255.23, "est_population_density": 0.0, "dong_elderly_ratio": 0.2175, "dong_avg_age": 44.4, "dong_pop_density": 41002.2, "nearest_shelter_distance_m": 186.45, "shelter_count_within_500m": 9.0, "est_population": 0.0, "est_elderly": 0.0, "shelter_capacity_within_500m": 249.0, "building_form_group": "no_building", "dong_name": "성현동", "top1_feature": "built_surface_ratio", "top1_shap": -1.0937, "top2_feature": "impervious_ratio", "top2_shap": -0.9319, "top3_feature": "green_ratio", "top3_shap": -0.8502, "priority_score": 41.0946, "priority_rank": 370 }, "geometry": { "type": "Polygon", "coordinates": [ [ [ 126.946860423867051, 37.493960955144281 ], [ 126.94696246, 37.49405989000001 ], [ 126.946973230000012, 37.4940827 ], [ 126.947170639999982, 37.4940048 ], [ 126.947225365724819, 37.493962663325568 ], [ 126.946860423867051, 37.493960955144281 ] ] ] } }
]
}
